user_id,month,category,monthly_category_spending,total_expense,monthly_income,total_income,total_savings,savings_rate,profile_monthly_income,profile_monthly_expense,income_for_budget,percentage_of_income,percentage_of_expenses,estimated_savings,estimated_savings_rate,category_spending_ratio,age,occupation,savings_goal,financial_goal,credit_score,total_debt,debt_to_income_ratio,expense_to_income_ratio
U0001,2018-01,Bills,33728.48,84852.15,,0.0,-84852.15,0.0,97700.0,59200.0,97700.0,34.52249744114637,39.749705811815026,12847.850000000006,13.150307062436035,0.3452249744114637,60,Accountant,23600.0,Higher Education,676,1131700.0,0.9652848857045377,0.8684969293756396
U0001,2018-01,Entertainment,541.6500000000001,84852.15,,0.0,-84852.15,0.0,97700.0,59200.0,97700.0,0.5544012282497442,0.6383456400338708,12847.850000000006,13.150307062436035,0.005544012282497442,60,Accountant,23600.0,Higher Education,676,1131700.0,0.9652848857045377,0.8684969293756396
U0001,2018-01,Food,925.14,84852.15,,0.0,-84852.15,0.0,97700.0,59200.0,97700.0,0.9469191402251791,1.0902964745147883,12847.850000000006,13.150307062436035,0.009469191402251791,60,Accountant,23600.0,Higher Education,676,1131700.0,0.9652848857045377,0.8684969293756396
U0001,2018-01,Groceries,4282.15,84852.15,,0.0,-84852.15,0.0,97700.0,59200.0,97700.0,4.382958034800409,5.04660164768954,12847.850000000006,13.150307062436035,0.04382958034800409,60,Accountant,23600.0,Higher Education,676,1131700.0,0.9652848857045377,0.8684969293756396
U0001,2018-01,Insurance,40338.28,84852.15,,0.0,-84852.15,0.0,97700.0,59200.0,97700.0,41.28790174002047,47.5394907494978,12847.850000000006,13.150307062436035,0.4128790174002047,60,Accountant,23600.0,Higher Education,676,1131700.0,0.9652848857045377,0.8684969293756396
U0001,2018-01,Miscellaneous,3374.32,84852.15,,0.0,-84852.15,0.0,97700.0,59200.0,97700.0,3.453756397134084,3.976705363387964,12847.850000000006,13.150307062436035,0.03453756397134084,60,Accountant,23600.0,Higher Education,676,1131700.0,0.9652848857045377,0.8684969293756396
U0001,2018-01,Other,1348.43,84852.15,,0.0,-84852.15,0.0,97700.0,59200.0,97700.0,1.380174002047083,1.589152425719325,12847.850000000006,13.150307062436035,0.01380174002047083,60,Accountant,23600.0,Higher Education,676,1131700.0,0.9652848857045377,0.8684969293756396
U0001,2018-01,Subscription,313.7,84852.15,,0.0,-84852.15,0.0,97700.0,59200.0,97700.0,0.3210849539406346,0.36970188734168785,12847.850000000006,13.150307062436035,0.003210849539406346,60,Accountant,23600.0,Higher Education,676,1131700.0,0.9652848857045377,0.8684969293756396
U0001,2018-02,Bills,55885.58,58713.68,,0.0,-58713.68,0.0,97700.0,59200.0,97700.0,57.201207778915055,95.18323498033168,38986.32,39.90411463664279,0.5720120777891505,60,Accountant,23600.0,Higher Education,676,1131700.0,0.9652848857045377,0.6009588536335722
U0001,2018-02,Entertainment,213.7,58713.68,,0.0,-58713.68,0.0,97700.0,59200.0,97700.0,0.21873080859774818,0.3639696915608083,38986.32,39.90411463664279,0.002187308085977482,60,Accountant,23600.0,Higher Education,676,1131700.0,0.9652848857045377,0.6009588536335722
U0001,2018-02,Food,828.0,58713.68,,0.0,-58713.68,0.0,97700.0,59200.0,97700.0,0.8474923234390993,1.410233526496721,38986.32,39.90411463664279,0.008474923234390993,60,Accountant,23600.0,Higher Education,676,1131700.0,0.9652848857045377,0.6009588536335722
U0001,2018-02,Groceries,1231.81,58713.68,,0.0,-58713.68,0.0,97700.0,59200.0,97700.0,1.2608085977482089,2.0979948795578816,38986.32,39.90411463664279,0.012608085977482088,60,Accountant,23600.0,Higher Education,676,1131700.0,0.9652848857045377,0.6009588536335722
U0001,2018-02,Miscellaneous,401.39,58713.68,,0.0,-58713.68,0.0,97700.0,59200.0,97700.0,0.4108393039918117,0.683639656039274,38986.32,39.90411463664279,0.004108393039918117,60,Accountant,23600.0,Higher Education,676,1131700.0,0.9652848857045377,0.6009588536335722
U0001,2018-02,Subscription,153.2,58713.68,,0.0,-58713.68,0.0,97700.0,59200.0,97700.0,0.1568065506653019,0.26092726601364447,38986.32,39.90411463664279,0.0015680655066530192,60,Accountant,23600.0,Higher Education,676,1131700.0,0.9652848857045377,0.6009588536335722
U0001,2018-03,Bills,15484.71,47682.07,,0.0,-47682.07,0.0,97700.0,59200.0,97700.0,15.849242579324462,32.4749114289711,50017.93,51.195424769703166,0.15849242579324463,60,Accountant,23600.0,Higher Education,676,1131700.0,0.9652848857045377,0.48804575230296826
U0001,2018-03,Entertainment,321.6,47682.07,,0.0,-47682.07,0.0,97700.0,59200.0,97700.0,0.32917093142272263,0.6744673626795146,50017.93,51.195424769703166,0.0032917093142272266,60,Accountant,23600.0,Higher Education,676,1131700.0,0.9652848857045377,0.48804575230296826
U0001,2018-03,Food,2138.49,47682.07,,0.0,-47682.07,0.0,97700.0,59200.0,97700.0,2.188833162743091,4.484893378160805,50017.93,51.195424769703166,0.02188833162743091,60,Accountant,23600.0,Higher Education,676,1131700.0,0.9652848857045377,0.48804575230296826
U0001,2018-03,Fuel,3436.81,47682.07,,0.0,-47682.07,0.0,97700.0,59200.0,97700.0,3.5177175025588534,7.207761743565245,50017.93,51.195424769703166,0.035177175025588536,60,Accountant,23600.0,Higher Education,676,1131700.0,0.9652848857045377,0.48804575230296826
U0001,2018-03,Groceries,2397.96,47682.07,,0.0,-47682.07,0.0,97700.0,59200.0,97700.0,2.4544114636642784,5.029060189710724,50017.93,51.195424769703166,0.024544114636642786,60,Accountant,23600.0,Higher Education,676,1131700.0,0.9652848857045377,0.48804575230296826
U0001,2018-03,Insurance,8303.95,47682.07,,0.0,-47682.07,0.0,97700.0,59200.0,97700.0,8.499437052200614,17.41524644378904,50017.93,51.195424769703166,0.08499437052200615,60,Accountant,23600.0,Higher Education,676,1131700.0,0.9652848857045377,0.48804575230296826
U0001,2018-03,Other,2535.96,47682.07,,0.0,-47682.07,0.0,97700.0,59200.0,97700.0,2.595660184237462,5.31847715503962,50017.93,51.195424769703166,0.025956601842374617,60,Accountant,23600.0,Higher Education,676,1131700.0,0.9652848857045377,0.48804575230296826
U0001,2018-03,Rent,12266.41,47682.07,,0.0,-47682.07,0.0,97700.0,59200.0,97700.0,12.555179119754351,25.725414186087136,50017.93,51.195424769703166,0.1255517911975435,60,Accountant,23600.0,Higher Education,676,1131700.0,0.9652848857045377,0.48804575230296826
U0001,2018-03,Shopping,629.02,47682.07,,0.0,-47682.07,0.0,97700.0,59200.0,97700.0,0.6438280450358239,1.3191960835592917,50017.93,51.195424769703166,0.00643828045035824,60,Accountant,23600.0,Higher Education,676,1131700.0,0.9652848857045377,0.48804575230296826
U0001,2018-03,Subscription,167.16,47682.07,,0.0,-47682.07,0.0,97700.0,59200.0,97700.0,0.17109518935516888,0.3505720284375238,50017.93,51.195424769703166,0.0017109518935516889,60,Accountant,23600.0,Higher Education,676,1131700.0,0.9652848857045377,0.48804575230296826
U0001,2018-04,Bills,47241.92,53968.78,28930.95,28930.95,-25037.83,-86.54,97700.0,59200.0,28930.95,163.29197623997828,87.53564560844251,-25037.829999999998,-86.54340766549318,1.6329197623997829,60,Accountant,23600.0,Higher Education,676,1131700.0,0.9652848857045377,1.8654340766549318
U0001,2018-04,Entertainment,160.98,53968.78,28930.95,28930.95,-25037.83,-86.54,97700.0,59200.0,28930.95,0.5564283233008249,0.2982835632007987,-25037.829999999998,-86.54340766549318,0.005564283233008249,60,Accountant,23600.0,Higher Education,676,1131700.0,0.9652848857045377,1.8654340766549318
U0001,2018-04,Food,1310.26,53968.78,28930.95,28930.95,-25037.83,-86.54,97700.0,59200.0,28930.95,4.528921449174673,2.4278110418653154,-25037.829999999998,-86.54340766549318,0.04528921449174673,60,Accountant,23600.0,Higher Education,676,1131700.0,0.9652848857045377,1.8654340766549318
U0001,2018-04,Fuel,342.99,53968.78,28930.95,28930.95,-25037.83,-86.54,97700.0,59200.0,28930.95,1.1855469661383398,0.6355340995293947,-25037.829999999998,-86.54340766549318,0.011855469661383398,60,Accountant,23600.0,Higher Education,676,1131700.0,0.9652848857045377,1.8654340766549318
U0001,2018-04,Groceries,2687.7200000000003,53968.78,28930.95,28930.95,-25037.83,-86.54,97700.0,59200.0,28930.95,9.290120096298256,4.980138517120454,-25037.829999999998,-86.54340766549318,0.09290120096298256,60,Accountant,23600.0,Higher Education,676,1131700.0,0.9652848857045377,1.8654340766549318
U0001,2018-04,Miscellaneous,1581.35,53968.78,28930.95,28930.95,-25037.83,-86.54,97700.0,59200.0,28930.95,5.465945639531366,2.9301199693600632,-25037.829999999998,-86.54340766549318,0.054659456395313666,60,Accountant,23600.0,Higher Education,676,1131700.0,0.9652848857045377,1.8654340766549318
U0001,2018-04,Other,643.56,53968.78,28930.95,28930.95,-25037.83,-86.54,97700.0,59200.0,28930.95,2.2244689510714304,1.1924672004814634,-25037.829999999998,-86.54340766549318,0.022244689510714302,60,Accountant,23600.0,Higher Education,676,1131700.0,0.9652848857045377,1.8654340766549318
U0001,2018-05,Bills,16618.64,61198.59,,0.0,-61198.59,0.0,97700.0,59200.0,97700.0,17.009866939611054,27.155266158909868,36501.41,37.36070624360287,0.17009866939611054,60,Accountant,23600.0,Higher Education,676,1131700.0,0.9652848857045377,0.6263929375639713
U0001,2018-05,Entertainment,301.09,61198.59,,0.0,-61198.59,0.0,97700.0,59200.0,97700.0,0.3081780962128966,0.4919884592112334,36501.41,37.36070624360287,0.003081780962128966,60,Accountant,23600.0,Higher Education,676,1131700.0,0.9652848857045377,0.6263929375639713
U0001,2018-05,Food,3105.23,61198.59,,0.0,-61198.59,0.0,97700.0,59200.0,97700.0,3.178331627430911,5.0740221302484265,36501.41,37.36070624360287,0.03178331627430911,60,Accountant,23600.0,Higher Education,676,1131700.0,0.9652848857045377,0.6263929375639713
U0001,2018-05,Fuel,6314.3,61198.59,,0.0,-61198.59,0.0,97700.0,59200.0,97700.0,6.462947799385875,10.317721372338807,36501.41,37.36070624360287,0.06462947799385875,60,Accountant,23600.0,Higher Education,676,1131700.0,0.9652848857045377,0.6263929375639713
U0001,2018-05,Groceries,7105.360000000001,61198.59,,0.0,-61198.59,0.0,97700.0,59200.0,97700.0,7.272630501535312,11.610332852439903,36501.41,37.36070624360287,0.07272630501535313,60,Accountant,23600.0,Higher Education,676,1131700.0,0.9652848857045377,0.6263929375639713
U0001,2018-05,Insurance,8182.16,61198.59,,0.0,-61198.59,0.0,97700.0,59200.0,97700.0,8.374779938587512,13.36985051452983,36501.41,37.36070624360287,0.08374779938587512,60,Accountant,23600.0,Higher Education,676,1131700.0,0.9652848857045377,0.6263929375639713
U0001,2018-05,Miscellaneous,4247.35,61198.59,,0.0,-61198.59,0.0,97700.0,59200.0,97700.0,4.347338792221085,6.94027427756097,36501.41,37.36070624360287,0.04347338792221085,60,Accountant,23600.0,Higher Education,676,1131700.0,0.9652848857045377,0.6263929375639713
U0001,2018-05,Shopping,15168.63,61198.59,,0.0,-61198.59,0.0,97700.0,59200.0,97700.0,15.525721596724667,24.7859141852778,36501.41,37.36070624360287,0.15525721596724668,60,Accountant,23600.0,Higher Education,676,1131700.0,0.9652848857045377,0.6263929375639713
U0001,2018-05,Subscription,155.83,61198.59,,0.0,-61198.59,0.0,97700.0,59200.0,97700.0,0.15949846468781986,0.2546300494831662,36501.41,37.36070624360287,0.0015949846468781986,60,Accountant,23600.0,Higher Education,676,1131700.0,0.9652848857045377,0.6263929375639713
U0001,2018-06,Bills,22564.43,95349.07,,0.0,-95349.07,0.0,97700.0,59200.0,97700.0,23.09562947799386,23.665076125021457,2350.929999999993,2.406274309109512,0.2309562947799386,60,Accountant,23600.0,Higher Education,676,1131700.0,0.9652848857045377,0.9759372569089049
U0001,2018-06,Food,1120.58,95349.07,,0.0,-95349.07,0.0,97700.0,59200.0,97700.0,1.1469600818833163,1.1752395697199773,2350.929999999993,2.406274309109512,0.011469600818833163,60,Accountant,23600.0,Higher Education,676,1131700.0,0.9652848857045377,0.9759372569089049
U0001,2018-06,Fuel,14685.75,95349.07,,0.0,-95349.07,0.0,97700.0,59200.0,97700.0,15.031473899692937,15.402090445140157,2350.929999999993,2.406274309109512,0.15031473899692938,60,Accountant,23600.0,Higher Education,676,1131700.0,0.9652848857045377,0.9759372569089049
U0001,2018-06,Groceries,4043.0,95349.07,,0.0,-95349.07,0.0,97700.0,59200.0,97700.0,4.138178096212897,4.240209159879588,2350.929999999993,2.406274309109512,0.04138178096212897,60,Accountant,23600.0,Higher Education,676,1131700.0,0.9652848857045377,0.9759372569089049
U0001,2018-06,Insurance,8261.33,95349.07,,0.0,-95349.07,0.0,97700.0,59200.0,97700.0,8.455813715455477,8.664300553744257,2350.929999999993,2.406274309109512,0.08455813715455476,60,Accountant,23600.0,Higher Education,676,1131700.0,0.9652848857045377,0.9759372569089049
U0001,2018-06,Other,1008.58,95349.07,,0.0,-95349.07,0.0,97700.0,59200.0,97700.0,1.0323234390992835,1.0577764418677602,2350.929999999993,2.406274309109512,0.010323234390992836,60,Accountant,23600.0,Higher Education,676,1131700.0,0.9652848857045377,0.9759372569089049
U0001,2018-06,Rent,43665.4,95349.07,,0.0,-95349.07,0.0,97700.0,59200.0,97700.0,44.69334698055271,45.7953077046268,2350.929999999993,2.406274309109512,0.4469334698055271,60,Accountant,23600.0,Higher Education,676,1131700.0,0.9652848857045377,0.9759372569089049
U0001,2018-07,Bills,14314.02,43837.990000000005,,0.0,-43837.99,0.0,97700.0,59200.0,97700.0,14.650992835209825,32.65209011635798,53862.009999999995,55.12999999999999,0.14650992835209825,60,Accountant,23600.0,Higher Education,676,1131700.0,0.9652848857045377,0.44870000000000004
U0001,2018-07,Entertainment,316.11,43837.990000000005,,0.0,-43837.99,0.0,97700.0,59200.0,97700.0,0.3235516888433982,0.7210868928981461,53862.009999999995,55.12999999999999,0.0032355168884339817,60,Accountant,23600.0,Higher Education,676,1131700.0,0.9652848857045377,0.44870000000000004
U0001,2018-07,Food,596.63,43837.990000000005,,0.0,-43837.99,0.0,97700.0,59200.0,97700.0,0.610675537359263,1.3609884942261266,53862.009999999995,55.12999999999999,0.00610675537359263,60,Accountant,23600.0,Higher Education,676,1131700.0,0.9652848857045377,0.44870000000000004
U0001,2018-07,Fuel,9760.8,43837.990000000005,,0.0,-43837.99,0.0,97700.0,59200.0,97700.0,9.990583418628454,22.26561938629029,53862.009999999995,55.12999999999999,0.09990583418628454,60,Accountant,23600.0,Higher Education,676,1131700.0,0.9652848857045377,0.44870000000000004
U0001,2018-07,Groceries,1829.69,43837.990000000005,,0.0,-43837.99,0.0,97700.0,59200.0,97700.0,1.872763561924258,4.17375431674673,53862.009999999995,55.12999999999999,0.01872763561924258,60,Accountant,23600.0,Higher Education,676,1131700.0,0.9652848857045377,0.44870000000000004
U0001,2018-07,Shopping,16709.43,43837.990000000005,,0.0,-43837.99,0.0,97700.0,59200.0,97700.0,17.102794268167862,38.116323307706395,53862.009999999995,55.12999999999999,0.17102794268167862,60,Accountant,23600.0,Higher Education,676,1131700.0,0.9652848857045377,0.44870000000000004
U0001,2018-07,Subscription,311.31,43837.990000000005,,0.0,-43837.99,0.0,97700.0,59200.0,97700.0,0.3186386898669396,0.7101374857743249,53862.009999999995,55.12999999999999,0.003186386898669396,60,Accountant,23600.0,Higher Education,676,1131700.0,0.9652848857045377,0.44870000000000004
U0001,2018-08,Bills,48544.79,59606.98,,0.0,-59606.98,0.0,97700.0,59200.0,97700.0,49.68760491299898,81.4414519910252,38093.02,38.98978505629478,0.4968760491299898,60,Accountant,23600.0,Higher Education,676,1131700.0,0.9652848857045377,0.6101021494370522
U0001,2018-08,Food,1335.37,59606.98,,0.0,-59606.98,0.0,97700.0,59200.0,97700.0,1.3668065506653018,2.240291321586834,38093.02,38.98978505629478,0.013668065506653018,60,Accountant,23600.0,Higher Education,676,1131700.0,0.9652848857045377,0.6101021494370522
U0001,2018-08,Fuel,4008.64,59606.98,,0.0,-59606.98,0.0,97700.0,59200.0,97700.0,4.103009211873081,6.725118434116273,38093.02,38.98978505629478,0.04103009211873081,60,Accountant,23600.0,Higher Education,676,1131700.0,0.9652848857045377,0.6101021494370522
U0001,2018-08,Miscellaneous,60.0,59606.98,,0.0,-59606.98,0.0,97700.0,59200.0,97700.0,0.061412487205731836,0.10065935231075288,38093.02,38.98978505629478,0.0006141248720573184,60,Accountant,23600.0,Higher Education,676,1131700.0,0.9652848857045377,0.6101021494370522
U0001,2018-08,Other,4396.030000000001,59606.98,,0.0,-59606.98,0.0,97700.0,59200.0,97700.0,4.499518935516889,7.37502554231065,38093.02,38.98978505629478,0.04499518935516889,60,Accountant,23600.0,Higher Education,676,1131700.0,0.9652848857045377,0.6101021494370522
U0001,2018-08,Shopping,1262.15,59606.98,,0.0,-59606.98,0.0,97700.0,59200.0,97700.0,1.2918628454452405,2.117453358650279,38093.02,38.98978505629478,0.012918628454452406,60,Accountant,23600.0,Higher Education,676,1131700.0,0.9652848857045377,0.6101021494370522
U0001,2018-09,Bills,13144.06,46068.97,,0.0,-46068.97,0.0,97700.0,59200.0,97700.0,13.453490276356192,28.531265187825987,51631.03,52.84649948822927,0.13453490276356192,60,Accountant,23600.0,Higher Education,676,1131700.0,0.9652848857045377,0.4715350051177073
U0001,2018-09,Food,8275.74,46068.97,,0.0,-46068.97,0.0,97700.0,59200.0,97700.0,8.470562947799385,17.963805138252493,51631.03,52.84649948822927,0.08470562947799386,60,Accountant,23600.0,Higher Education,676,1131700.0,0.9652848857045377,0.4715350051177073
U0001,2018-09,Fuel,10742.2,46068.97,,0.0,-46068.97,0.0,97700.0,59200.0,97700.0,10.995087001023542,23.317647431666046,51631.03,52.84649948822927,0.10995087001023542,60,Accountant,23600.0,Higher Education,676,1131700.0,0.9652848857045377,0.4715350051177073
U0001,2018-09,Groceries,3443.5,46068.97,,0.0,-46068.97,0.0,97700.0,59200.0,97700.0,3.524564994882293,7.474662446327756,51631.03,52.84649948822927,0.03524564994882293,60,Accountant,23600.0,Higher Education,676,1131700.0,0.9652848857045377,0.4715350051177073
U0001,2018-09,Miscellaneous,6147.84,46068.97,,0.0,-46068.97,0.0,97700.0,59200.0,97700.0,6.292569089048107,13.34486097692221,51631.03,52.84649948822927,0.06292569089048107,60,Accountant,23600.0,Higher Education,676,1131700.0,0.9652848857045377,0.4715350051177073
U0001,2018-09,Other,607.8499999999999,46068.97,,0.0,-46068.97,0.0,97700.0,59200.0,97700.0,0.6221596724667348,1.3194347518514087,51631.03,52.84649948822927,0.006221596724667348,60,Accountant,23600.0,Higher Education,676,1131700.0,0.9652848857045377,0.4715350051177073
U0001,2018-09,Shopping,3707.78,46068.97,,0.0,-46068.97,0.0,97700.0,59200.0,97700.0,3.7950665301944726,8.048324067154097,51631.03,52.84649948822927,0.03795066530194473,60,Accountant,23600.0,Higher Education,676,1131700.0,0.9652848857045377,0.4715350051177073
U0001,2018-10,Bills,2898.24,53558.63,47321.64,47321.64,-6236.99,-13.18,97700.0,59200.0,47321.64,6.124555277458684,5.411340805394014,-6236.989999999998,-13.179995452397671,0.06124555277458685,60,Accountant,23600.0,Higher Education,676,1131700.0,0.9652848857045377,1.1317999545239767
U0001,2018-10,Food,2176.4,53558.63,47321.64,47321.64,-6236.99,-13.18,97700.0,59200.0,47321.64,4.599164356941138,4.0635841506774915,-6236.989999999998,-13.179995452397671,0.04599164356941138,60,Accountant,23600.0,Higher Education,676,1131700.0,0.9652848857045377,1.1317999545239767
U0001,2018-10,Fuel,4678.31,53558.63,47321.64,47321.64,-6236.99,-13.18,97700.0,59200.0,47321.64,9.886195829223164,8.73493216686088,-6236.989999999998,-13.179995452397671,0.09886195829223164,60,Accountant,23600.0,Higher Education,676,1131700.0,0.9652848857045377,1.1317999545239767
U0001,2018-10,Groceries,6384.87,53558.63,47321.64,47321.64,-6236.99,-13.18,97700.0,59200.0,47321.64,13.492495188247913,11.921272071372998,-6236.989999999998,-13.179995452397671,0.13492495188247913,60,Accountant,23600.0,Higher Education,676,1131700.0,0.9652848857045377,1.1317999545239767
U0001,2018-10,Miscellaneous,1089.23,53558.63,47321.64,47321.64,-6236.99,-13.18,97700.0,59200.0,47321.64,2.3017587725192956,2.033715201453062,-6236.989999999998,-13.179995452397671,0.023017587725192957,60,Accountant,23600.0,Higher Education,676,1131700.0,0.9652848857045377,1.1317999545239767
U0001,2018-10,Rent,33955.28,53558.63,47321.64,47321.64,-6236.99,-13.18,97700.0,59200.0,47321.64,71.75423336976486,63.39833561836813,-6236.989999999998,-13.179995452397671,0.7175423336976486,60,Accountant,23600.0,Higher Education,676,1131700.0,0.9652848857045377,1.1317999545239767
U0001,2018-10,Shopping,2376.3,53558.63,47321.64,47321.64,-6236.99,-13.18,97700.0,59200.0,47321.64,5.021592658242614,4.436819985873425,-6236.989999999998,-13.179995452397671,0.05021592658242614,60,Accountant,23600.0,Higher Education,676,1131700.0,0.9652848857045377,1.1317999545239767
U0001,2018-11,Bills,14502.61,46496.68,,0.0,-46496.68,0.0,97700.0,59200.0,97700.0,14.844022517911975,31.190635546451922,51203.32,52.40872057318321,0.14844022517911976,60,Accountant,23600.0,Higher Education,676,1131700.0,0.9652848857045377,0.47591279426816785
U0001,2018-11,Food,5805.719999999999,46496.68,,0.0,-46496.68,0.0,97700.0,59200.0,97700.0,5.942395087001023,12.486310850581159,51203.32,52.40872057318321,0.05942395087001023,60,Accountant,23600.0,Higher Education,676,1131700.0,0.9652848857045377,0.47591279426816785
U0001,2018-11,Fuel,5947.549999999999,46496.68,,0.0,-46496.68,0.0,97700.0,59200.0,97700.0,6.087563971340838,12.791343381936086,51203.32,52.40872057318321,0.06087563971340838,60,Accountant,23600.0,Higher Education,676,1131700.0,0.9652848857045377,0.47591279426816785
U0001,2018-11,Groceries,9081.24,46496.68,,0.0,-46496.68,0.0,97700.0,59200.0,97700.0,9.295025588536337,19.53094285441455,51203.32,52.40872057318321,0.09295025588536336,60,Accountant,23600.0,Higher Education,676,1131700.0,0.9652848857045377,0.47591279426816785
U0001,2018-11,Insurance,8736.68,46496.68,,0.0,-46496.68,0.0,97700.0,59200.0,97700.0,8.942354145342888,18.789900698286417,51203.32,52.40872057318321,0.08942354145342887,60,Accountant,23600.0,Higher Education,676,1131700.0,0.9652848857045377,0.47591279426816785
U0001,2018-11,Miscellaneous,1010.67,46496.68,,0.0,-46496.68,0.0,97700.0,59200.0,97700.0,1.03446264073695,2.1736390641224275,51203.32,52.40872057318321,0.010344626407369498,60,Accountant,23600.0,Higher Education,676,1131700.0,0.9652848857045377,0.47591279426816785
U0001,2018-11,Other,707.3299999999999,46496.68,,0.0,-46496.68,0.0,97700.0,59200.0,97700.0,0.7239815762538382,1.5212483988104095,51203.32,52.40872057318321,0.007239815762538382,60,Accountant,23600.0,Higher Education,676,1131700.0,0.9652848857045377,0.47591279426816785
U0001,2018-11,Shopping,551.56,46496.68,,0.0,-46496.68,0.0,97700.0,59200.0,97700.0,0.5645445240532241,1.1862352322789496,51203.32,52.40872057318321,0.005645445240532241,60,Accountant,23600.0,Higher Education,676,1131700.0,0.9652848857045377,0.47591279426816785
U0001,2018-11,Subscription,153.32,46496.68,,0.0,-46496.68,0.0,97700.0,59200.0,97700.0,0.1569293756397134,0.3297439731180807,51203.32,52.40872057318321,0.001569293756397134,60,Accountant,23600.0,Higher Education,676,1131700.0,0.9652848857045377,0.47591279426816785
U0001,2018-12,Bills,18054.41,95111.19,,0.0,-95111.19,0.0,97700.0,59200.0,97700.0,18.479437052200616,18.98242467579262,2588.8099999999977,2.649754350051175,0.18479437052200615,60,Accountant,23600.0,Higher Education,676,1131700.0,0.9652848857045377,0.9735024564994883
U0001,2018-12,Food,532.74,95111.19,,0.0,-95111.19,0.0,97700.0,59200.0,97700.0,0.545281473899693,0.5601233671873941,2588.8099999999977,2.649754350051175,0.00545281473899693,60,Accountant,23600.0,Higher Education,676,1131700.0,0.9652848857045377,0.9735024564994883
U0001,2018-12,Fuel,7975.07,95111.19,,0.0,-95111.19,0.0,97700.0,59200.0,97700.0,8.162814738996929,8.384996549827628,2588.8099999999977,2.649754350051175,0.08162814738996929,60,Accountant,23600.0,Higher Education,676,1131700.0,0.9652848857045377,0.9735024564994883
U0001,2018-12,Groceries,9400.45,95111.19,,0.0,-95111.19,0.0,97700.0,59200.0,97700.0,9.621750255885363,9.883642503053531,2588.8099999999977,2.649754350051175,0.09621750255885364,60,Accountant,23600.0,Higher Education,676,1131700.0,0.9652848857045377,0.9735024564994883
U0001,2018-12,Insurance,40952.18,95111.19,,0.0,-95111.19,0.0,97700.0,59200.0,97700.0,41.91625383828045,43.05716288482985,2588.8099999999977,2.649754350051175,0.4191625383828045,60,Accountant,23600.0,Higher Education,676,1131700.0,0.9652848857045377,0.9735024564994883
U0001,2018-12,Miscellaneous,2506.09,95111.19,,0.0,-95111.19,0.0,97700.0,59200.0,97700.0,2.5650870010235414,2.634905524786306,2588.8099999999977,2.649754350051175,0.025650870010235416,60,Accountant,23600.0,Higher Education,676,1131700.0,0.9652848857045377,0.9735024564994883
U0001,2018-12,Other,451.42,95111.19,,0.0,-95111.19,0.0,97700.0,59200.0,97700.0,0.46204708290685775,0.4746234381043913,2588.8099999999977,2.649754350051175,0.0046204708290685775,60,Accountant,23600.0,Higher Education,676,1131700.0,0.9652848857045377,0.9735024564994883
U0001,2018-12,Rent,8295.41,95111.19,,0.0,-95111.19,0.0,97700.0,59200.0,97700.0,8.490696008188332,8.721802345234035,2588.8099999999977,2.649754350051175,0.08490696008188331,60,Accountant,23600.0,Higher Education,676,1131700.0,0.9652848857045377,0.9735024564994883
U0001,2018-12,Shopping,6943.42,95111.19,,0.0,-95111.19,0.0,97700.0,59200.0,97700.0,7.106878198567042,7.3003187111842465,2588.8099999999977,2.649754350051175,0.07106878198567042,60,Accountant,23600.0,Higher Education,676,1131700.0,0.9652848857045377,0.9735024564994883
U0001,2019-01,Bills,54784.85,80305.23,,0.0,-80305.23,0.0,97700.0,59200.0,97700.0,56.074564994882294,68.22077466187444,17394.770000000004,17.804268167860805,0.5607456499488229,60,Accountant,23600.0,Higher Education,676,1131700.0,0.9652848857045377,0.821957318321392
U0001,2019-01,Food,116.0,80305.23,,0.0,-80305.23,0.0,97700.0,59200.0,97700.0,0.1187308085977482,0.1444488733797288,17394.770000000004,17.804268167860805,0.001187308085977482,60,Accountant,23600.0,Higher Education,676,1131700.0,0.9652848857045377,0.821957318321392
U0001,2019-01,Fuel,11847.23,80305.23,,0.0,-80305.23,0.0,97700.0,59200.0,97700.0,12.126131013306038,14.752750225607972,17394.770000000004,17.804268167860805,0.12126131013306038,60,Accountant,23600.0,Higher Education,676,1131700.0,0.9652848857045377,0.821957318321392
U0001,2019-01,Groceries,1817.9,80305.23,,0.0,-80305.23,0.0,97700.0,59200.0,97700.0,1.860696008188332,2.2637379906638713,17394.770000000004,17.804268167860805,0.01860696008188332,60,Accountant,23600.0,Higher Education,676,1131700.0,0.9652848857045377,0.821957318321392
U0001,2019-01,Rent,7683.66,80305.23,,0.0,-80305.23,0.0,97700.0,59200.0,97700.0,7.864544524053224,9.568069227869717,17394.770000000004,17.804268167860805,0.07864544524053224,60,Accountant,23600.0,Higher Education,676,1131700.0,0.9652848857045377,0.821957318321392
U0001,2019-01,Shopping,4055.59,80305.23,,0.0,-80305.23,0.0,97700.0,59200.0,97700.0,4.151064483111567,5.0502190206042625,17394.770000000004,17.804268167860805,0.04151064483111566,60,Accountant,23600.0,Higher Education,676,1131700.0,0.9652848857045377,0.821957318321392
U0001,2019-02,Bills,19737.81,40000.07,45113.26,45113.26,5113.19,11.33,97700.0,59200.0,45113.26,43.751681878011034,49.344438647232366,5113.190000000002,11.334117729465799,0.43751681878011034,60,Accountant,23600.0,Higher Education,676,1131700.0,0.9652848857045377,0.886658822705342
U0001,2019-02,Entertainment,1722.3,40000.07,45113.26,45113.26,5113.19,11.33,97700.0,59200.0,45113.26,3.8177245448455728,4.305742464950686,5113.190000000002,11.334117729465799,0.03817724544845573,60,Accountant,23600.0,Higher Education,676,1131700.0,0.9652848857045377,0.886658822705342
U0001,2019-02,Food,609.07,40000.07,45113.26,45113.26,5113.19,11.33,97700.0,59200.0,45113.26,1.3500908602038513,1.5226723353234135,5113.190000000002,11.334117729465799,0.013500908602038513,60,Accountant,23600.0,Higher Education,676,1131700.0,0.9652848857045377,0.886658822705342
U0001,2019-02,Fuel,2377.18,40000.07,45113.26,45113.26,5113.19,11.33,97700.0,59200.0,45113.26,5.269359829017011,5.942939599855699,5113.190000000002,11.334117729465799,0.05269359829017011,60,Accountant,23600.0,Higher Education,676,1131700.0,0.9652848857045377,0.886658822705342
U0001,2019-02,Groceries,3356.14,40000.07,45113.26,45113.26,5113.19,11.33,97700.0,59200.0,45113.26,7.439364834197307,8.390335316913195,5113.190000000002,11.334117729465799,0.07439364834197307,60,Accountant,23600.0,Higher Education,676,1131700.0,0.9652848857045377,0.886658822705342
U0001,2019-02,Other,2299.56,40000.07,45113.26,45113.26,5113.19,11.33,97700.0,59200.0,45113.26,5.097303985568765,5.748889939442606,5113.190000000002,11.334117729465799,0.05097303985568766,60,Accountant,23600.0,Higher Education,676,1131700.0,0.9652848857045377,0.886658822705342
U0001,2019-02,Rent,7807.94,40000.07,45113.26,45113.26,5113.19,11.33,97700.0,59200.0,45113.26,17.307416932405236,19.51981584032228,5113.190000000002,11.334117729465799,0.17307416932405237,60,Accountant,23600.0,Higher Education,676,1131700.0,0.9652848857045377,0.886658822705342
U0001,2019-02,Shopping,1765.9,40000.07,45113.26,45113.26,5113.19,11.33,97700.0,59200.0,45113.26,3.914370187390581,4.4147422742010205,5113.190000000002,11.334117729465799,0.03914370187390581,60,Accountant,23600.0,Higher Education,676,1131700.0,0.9652848857045377,0.886658822705342
U0001,2019-02,Subscription,324.17,40000.07,45113.26,45113.26,5113.19,11.33,97700.0,59200.0,45113.26,0.7185692188948438,0.8104235817587321,5113.190000000002,11.334117729465799,0.007185692188948438,60,Accountant,23600.0,Higher Education,676,1131700.0,0.9652848857045377,0.886658822705342
U0001,2019-03,Bills,18003.57,81567.36,,0.0,-81567.36,0.0,97700.0,59200.0,97700.0,18.42740020470829,22.0720273403479,16132.64,16.512425793244624,0.1842740020470829,60,Accountant,23600.0,Higher Education,676,1131700.0,0.9652848857045377,0.8348757420675538
U0001,2019-03,Food,4292.24,81567.36,,0.0,-81567.36,0.0,97700.0,59200.0,97700.0,4.393285568065506,5.26220292038384,16132.64,16.512425793244624,0.04393285568065507,60,Accountant,23600.0,Higher Education,676,1131700.0,0.9652848857045377,0.8348757420675538
U0001,2019-03,Fuel,6052.92,81567.36,,0.0,-81567.36,0.0,97700.0,59200.0,97700.0,6.195414534288639,7.420762422616105,16132.64,16.512425793244624,0.06195414534288639,60,Accountant,23600.0,Higher Education,676,1131700.0,0.9652848857045377,0.8348757420675538
U0001,2019-03,Groceries,2424.61,81567.36,,0.0,-81567.36,0.0,97700.0,59200.0,97700.0,2.4816888433981577,2.9725247942314184,16132.64,16.512425793244624,0.02481688843398158,60,Accountant,23600.0,Higher Education,676,1131700.0,0.9652848857045377,0.8348757420675538
U0001,2019-03,Rent,46257.98,81567.36,,0.0,-81567.36,0.0,97700.0,59200.0,97700.0,47.346960081883324,56.71138553460601,16132.64,16.512425793244624,0.4734696008188332,60,Accountant,23600.0,Higher Education,676,1131700.0,0.9652848857045377,0.8348757420675538
U0001,2019-03,Shopping,4224.93,81567.36,,0.0,-81567.36,0.0,97700.0,59200.0,97700.0,4.32439099283521,5.179682166984441,16132.64,16.512425793244624,0.0432439099283521,60,Accountant,23600.0,Higher Education,676,1131700.0,0.9652848857045377,0.8348757420675538
U0001,2019-03,Subscription,311.11,81567.36,,0.0,-81567.36,0.0,97700.0,59200.0,97700.0,0.31843398157625386,0.3814148208302929,16132.64,16.512425793244624,0.0031843398157625387,60,Accountant,23600.0,Higher Education,676,1131700.0,0.9652848857045377,0.8348757420675538
U0001,2019-04,Bills,10962.97,85626.19,,0.0,-85626.19,0.0,97700.0,59200.0,97700.0,11.221054247697031,12.8032906754347,12073.809999999998,12.358045035823949,0.1122105424769703,60,Accountant,23600.0,Higher Education,676,1131700.0,0.9652848857045377,0.8764195496417605
U0001,2019-04,Food,6408.64,85626.19,,0.0,-85626.19,0.0,97700.0,59200.0,97700.0,6.559508700102354,7.484439048379941,12073.809999999998,12.358045035823949,0.06559508700102354,60,Accountant,23600.0,Higher Education,676,1131700.0,0.9652848857045377,0.8764195496417605
U0001,2019-04,Fuel,5441.469999999999,85626.19,,0.0,-85626.19,0.0,97700.0,59200.0,97700.0,5.56957011258956,6.35491314047723,12073.809999999998,12.358045035823949,0.05569570112589559,60,Accountant,23600.0,Higher Education,676,1131700.0,0.9652848857045377,0.8764195496417605
U0001,2019-04,Groceries,1504.66,85626.19,,0.0,-85626.19,0.0,97700.0,59200.0,97700.0,1.5400818833162744,1.757242731458681,12073.809999999998,12.358045035823949,0.015400818833162744,60,Accountant,23600.0,Higher Education,676,1131700.0,0.9652848857045377,0.8764195496417605
U0001,2019-04,Insurance,8141.15,85626.19,,0.0,-85626.19,0.0,97700.0,59200.0,97700.0,8.332804503582395,9.507780271433306,12073.809999999998,12.358045035823949,0.08332804503582394,60,Accountant,23600.0,Higher Education,676,1131700.0,0.9652848857045377,0.8764195496417605
U0001,2019-04,Investment,38529.53,85626.19,,0.0,-85626.19,0.0,97700.0,59200.0,97700.0,39.43657113613101,44.99736587602461,12073.809999999998,12.358045035823949,0.3943657113613101,60,Accountant,23600.0,Higher Education,676,1131700.0,0.9652848857045377,0.8764195496417605
U0001,2019-04,Miscellaneous,1448.56,85626.19,,0.0,-85626.19,0.0,97700.0,59200.0,97700.0,1.482661207778915,1.6917253938310228,12073.809999999998,12.358045035823949,0.01482661207778915,60,Accountant,23600.0,Higher Education,676,1131700.0,0.9652848857045377,0.8764195496417605
U0001,2019-04,Other,147.21,85626.19,,0.0,-85626.19,0.0,97700.0,59200.0,97700.0,0.15067553735926306,0.17192169825610598,12073.809999999998,12.358045035823949,0.0015067553735926306,60,Accountant,23600.0,Higher Education,676,1131700.0,0.9652848857045377,0.8764195496417605
U0001,2019-04,Rent,8404.06,85626.19,,0.0,-85626.19,0.0,97700.0,59200.0,97700.0,8.601903787103376,9.814824179377828,12073.809999999998,12.358045035823949,0.08601903787103377,60,Accountant,23600.0,Higher Education,676,1131700.0,0.9652848857045377,0.8764195496417605
U0001,2019-04,Shopping,4474.7,85626.19,,0.0,-85626.19,0.0,97700.0,59200.0,97700.0,4.580040941658137,5.225854379366873,12073.809999999998,12.358045035823949,0.04580040941658137,60,Accountant,23600.0,Higher Education,676,1131700.0,0.9652848857045377,0.8764195496417605
U0001,2019-04,Subscription,163.24,85626.19,,0.0,-85626.19,0.0,97700.0,59200.0,97700.0,0.16708290685772775,0.19064260595969526,12073.809999999998,12.358045035823949,0.0016708290685772775,60,Accountant,23600.0,Higher Education,676,1131700.0,0.9652848857045377,0.8764195496417605
U0001,2019-05,Bills,22564.87,48475.25,43478.43,43478.43,-4996.82,-11.49,97700.0,59200.0,43478.43,51.89899911289345,46.54925967375104,-4996.82,-11.492641293625368,0.5189899911289345,60,Accountant,23600.0,Higher Education,676,1131700.0,0.9652848857045377,1.1149264129362537
U0001,2019-05,Food,794.51,48475.25,43478.43,43478.43,-4996.82,-11.49,97700.0,59200.0,43478.43,1.827365891546682,1.6390013460477253,-4996.82,-11.492641293625368,0.01827365891546682,60,Accountant,23600.0,Higher Education,676,1131700.0,0.9652848857045377,1.1149264129362537
U0001,2019-05,Groceries,409.19,48475.25,43478.43,43478.43,-4996.82,-11.49,97700.0,59200.0,43478.43,0.9411333389913114,0.8441214846751692,-4996.82,-11.492641293625368,0.009411333389913113,60,Accountant,23600.0,Higher Education,676,1131700.0,0.9652848857045377,1.1149264129362537
U0001,2019-05,Miscellaneous,489.03,48475.25,43478.43,43478.43,-4996.82,-11.49,97700.0,59200.0,43478.43,1.12476462466561,1.0088240906441945,-4996.82,-11.492641293625368,0.0112476462466561,60,Accountant,23600.0,Higher Education,676,1131700.0,0.9652848857045377,1.1149264129362537
U0001,2019-05,Other,1360.5500000000002,48475.25,43478.43,43478.43,-4996.82,-11.49,97700.0,59200.0,43478.43,3.1292528272065026,2.8066900119132963,-4996.82,-11.492641293625368,0.03129252827206502,60,Accountant,23600.0,Higher Education,676,1131700.0,0.9652848857045377,1.1149264129362537
U0001,2019-05,Shopping,21923.85,48475.25,43478.43,43478.43,-4996.82,-11.49,97700.0,59200.0,43478.43,50.42465884807707,45.22689413669862,-4996.82,-11.492641293625368,0.5042465884807708,60,Accountant,23600.0,Higher Education,676,1131700.0,0.9652848857045377,1.1149264129362537
U0001,2019-05,Subscription,933.25,48475.25,43478.43,43478.43,-4996.82,-11.49,97700.0,59200.0,43478.43,2.1464666502447307,1.925209256269952,-4996.82,-11.492641293625368,0.021464666502447306,60,Accountant,23600.0,Higher Education,676,1131700.0,0.9652848857045377,1.1149264129362537
U0001,2019-06,Bills,37527.35,72473.77,,0.0,-72473.77,0.0,97700.0,59200.0,97700.0,38.41079836233368,51.78059593146595,25226.229999999996,25.820092118730802,0.38410798362333676,60,Accountant,23600.0,Higher Education,676,1131700.0,0.9652848857045377,0.7417990788126919
U0001,2019-06,Food,2936.36,72473.77,,0.0,-72473.77,0.0,97700.0,59200.0,97700.0,3.0054861821903787,4.051617571433085,25226.229999999996,25.820092118730802,0.030054861821903787,60,Accountant,23600.0,Higher Education,676,1131700.0,0.9652848857045377,0.7417990788126919
U0001,2019-06,Fuel,4270.639999999999,72473.77,,0.0,-72473.77,0.0,97700.0,59200.0,97700.0,4.3711770726714425,5.89266985835013,25226.229999999996,25.820092118730802,0.04371177072671443,60,Accountant,23600.0,Higher Education,676,1131700.0,0.9652848857045377,0.7417990788126919
U0001,2019-06,Groceries,1264.47,72473.77,,0.0,-72473.77,0.0,97700.0,59200.0,97700.0,1.2942374616171954,1.7447277822031335,25226.229999999996,25.820092118730802,0.012942374616171955,60,Accountant,23600.0,Higher Education,676,1131700.0,0.9652848857045377,0.7417990788126919
U0001,2019-06,Miscellaneous,16727.83,72473.77,,0.0,-72473.77,0.0,97700.0,59200.0,97700.0,17.121627430910955,23.081219591584652,25226.229999999996,25.820092118730802,0.17121627430910955,60,Accountant,23600.0,Higher Education,676,1131700.0,0.9652848857045377,0.7417990788126919
U0001,2019-06,Rent,8217.82,72473.77,,0.0,-72473.77,0.0,97700.0,59200.0,97700.0,8.411279426816785,11.339026519525614,25226.229999999996,25.820092118730802,0.08411279426816785,60,Accountant,23600.0,Higher Education,676,1131700.0,0.9652848857045377,0.7417990788126919
U0001,2019-06,Shopping,549.27,72473.77,,0.0,-72473.77,0.0,97700.0,59200.0,97700.0,0.5622006141248721,0.7578879917520503,25226.229999999996,25.820092118730802,0.005622006141248721,60,Accountant,23600.0,Higher Education,676,1131700.0,0.9652848857045377,0.7417990788126919
U0001,2019-06,Subscription,980.03,72473.77,,0.0,-72473.77,0.0,97700.0,59200.0,97700.0,1.0031013306038894,1.3522547536853677,25226.229999999996,25.820092118730802,0.010031013306038894,60,Accountant,23600.0,Higher Education,676,1131700.0,0.9652848857045377,0.7417990788126919
U0001,2019-07,Bills,4214.53,35536.95,62918.91,62918.91,27381.96,43.52,97700.0,59200.0,62918.91,6.6983518945258265,11.85957151640757,27381.960000000006,43.519444313323305,0.06698351894525827,60,Accountant,23600.0,Higher Education,676,1131700.0,0.9652848857045377,0.564805556866767
U0001,2019-07,Food,4529.95,35536.95,62918.91,62918.91,27381.96,43.52,97700.0,59200.0,62918.91,7.199663821258187,12.747154722056903,27381.960000000006,43.519444313323305,0.07199663821258187,60,Accountant,23600.0,Higher Education,676,1131700.0,0.9652848857045377,0.564805556866767
U0001,2019-07,Groceries,4339.58,35536.95,62918.91,62918.91,27381.96,43.52,97700.0,59200.0,62918.91,6.897099774932528,12.21145877741337,27381.960000000006,43.519444313323305,0.06897099774932527,60,Accountant,23600.0,Higher Education,676,1131700.0,0.9652848857045377,0.564805556866767
U0001,2019-07,Insurance,17561.739999999998,35536.95,62918.91,62918.91,27381.96,43.52,97700.0,59200.0,62918.91,27.911704128377295,49.418253395409565,27381.960000000006,43.519444313323305,0.27911704128377296,60,Accountant,23600.0,Higher Education,676,1131700.0,0.9652848857045377,0.564805556866767
U0001,2019-07,Miscellaneous,2810.78,35536.95,62918.91,62918.91,27381.96,43.52,97700.0,59200.0,62918.91,4.467305616069954,7.909457620870672,27381.960000000006,43.519444313323305,0.04467305616069954,60,Accountant,23600.0,Higher Education,676,1131700.0,0.9652848857045377,0.564805556866767
U0001,2019-07,Other,562.41,35536.95,62918.91,62918.91,27381.96,43.52,97700.0,59200.0,62918.91,0.893864817429291,1.5826062731888924,27381.960000000006,43.519444313323305,0.00893864817429291,60,Accountant,23600.0,Higher Education,676,1131700.0,0.9652848857045377,0.564805556866767
U0001,2019-07,Shopping,565.9,35536.95,62918.91,62918.91,27381.96,43.52,97700.0,59200.0,62918.91,0.8994116395214092,1.5924270372105653,27381.960000000006,43.519444313323305,0.008994116395214092,60,Accountant,23600.0,Higher Education,676,1131700.0,0.9652848857045377,0.564805556866767
U0001,2019-07,Subscription,952.06,35536.95,62918.91,62918.91,27381.96,43.52,97700.0,59200.0,62918.91,1.513153994562207,2.6790706574424648,27381.960000000006,43.519444313323305,0.01513153994562207,60,Accountant,23600.0,Higher Education,676,1131700.0,0.9652848857045377,0.564805556866767
U0001,2019-08,Bills,32441.59,62564.95,131596.61,131596.61,69031.66,52.46,97700.0,59200.0,131596.61,24.652299173968085,51.85265871706123,69031.65999999999,52.45701997946603,0.24652299173968087,60,Accountant,23600.0,Higher Education,676,1131700.0,0.9652848857045377,0.47542980020533965
U0001,2019-08,Food,5427.37,62564.95,131596.61,131596.61,69031.66,52.46,97700.0,59200.0,131596.61,4.124247577502187,8.674777171563312,69031.65999999999,52.45701997946603,0.04124247577502187,60,Accountant,23600.0,Higher Education,676,1131700.0,0.9652848857045377,0.47542980020533965
U0001,2019-08,Groceries,1202.96,62564.95,131596.61,131596.61,69031.66,52.46,97700.0,59200.0,131596.61,0.9141268912626246,1.9227378907838975,69031.65999999999,52.45701997946603,0.009141268912626246,60,Accountant,23600.0,Higher Education,676,1131700.0,0.9652848857045377,0.47542980020533965
U0001,2019-08,Miscellaneous,600.06,62564.95,131596.61,131596.61,69031.66,52.46,97700.0,59200.0,131596.61,0.4559843904793596,0.9590993040032797,69031.65999999999,52.45701997946603,0.004559843904793596,60,Accountant,23600.0,Higher Education,676,1131700.0,0.9652848857045377,0.47542980020533965
U0001,2019-08,Rent,16956.31,62564.95,131596.61,131596.61,69031.66,52.46,97700.0,59200.0,131596.61,12.885065960285758,27.101931672605833,69031.65999999999,52.45701997946603,0.12885065960285758,60,Accountant,23600.0,Higher Education,676,1131700.0,0.9652848857045377,0.47542980020533965
U0001,2019-08,Shopping,5786.61,62564.95,131596.61,131596.61,69031.66,52.46,97700.0,59200.0,131596.61,4.397233332986313,9.24896447611642,69031.65999999999,52.45701997946603,0.04397233332986313,60,Accountant,23600.0,Higher Education,676,1131700.0,0.9652848857045377,0.47542980020533965
U0001,2019-08,Subscription,150.05,62564.95,131596.61,131596.61,69031.66,52.46,97700.0,59200.0,131596.61,0.11402269404964158,0.23983076786603363,69031.65999999999,52.45701997946603,0.0011402269404964158,60,Accountant,23600.0,Higher Education,676,1131700.0,0.9652848857045377,0.47542980020533965
U0001,2019-09,Bills,58328.37,76046.53,87133.87,87133.87,11087.34,12.72,97700.0,59200.0,87133.87,66.94109879430353,76.70089614871317,11087.339999999997,12.72448934036787,0.6694109879430353,60,Accountant,23600.0,Higher Education,676,1131700.0,0.9652848857045377,0.8727551065963213
U0001,2019-09,Entertainment,974.56,76046.53,87133.87,87133.87,11087.34,12.72,97700.0,59200.0,87133.87,1.1184628893448667,1.2815311888655538,11087.339999999997,12.72448934036787,0.011184628893448668,60,Accountant,23600.0,Higher Education,676,1131700.0,0.9652848857045377,0.8727551065963213
U0001,2019-09,Food,3055.92,76046.53,87133.87,87133.87,11087.34,12.72,97700.0,59200.0,87133.87,3.507155139557098,4.018487102567336,11087.339999999997,12.72448934036787,0.03507155139557098,60,Accountant,23600.0,Higher Education,676,1131700.0,0.9652848857045377,0.8727551065963213
U0001,2019-09,Fuel,6503.82,76046.53,87133.87,87133.87,11087.34,12.72,97700.0,59200.0,87133.87,7.464169788395718,8.5524217870296,11087.339999999997,12.72448934036787,0.07464169788395718,60,Accountant,23600.0,Higher Education,676,1131700.0,0.9652848857045377,0.8727551065963213
U0001,2019-09,Groceries,4906.15,76046.53,87133.87,87133.87,11087.34,12.72,97700.0,59200.0,87133.87,5.630588885814436,6.451510673794057,11087.339999999997,12.72448934036787,0.056305888858144366,60,Accountant,23600.0,Higher Education,676,1131700.0,0.9652848857045377,0.8727551065963213
U0001,2019-09,Other,80.02,76046.53,87133.87,87133.87,11087.34,12.72,97700.0,59200.0,87133.87,0.09183570062938785,0.10522505103125679,11087.339999999997,12.72448934036787,0.0009183570062938786,60,Accountant,23600.0,Higher Education,676,1131700.0,0.9652848857045377,0.8727551065963213
U0001,2019-09,Shopping,2034.48,76046.53,87133.87,87133.87,11087.34,12.72,97700.0,59200.0,87133.87,2.33488998021091,2.6753094454145376,11087.339999999997,12.72448934036787,0.0233488998021091,60,Accountant,23600.0,Higher Education,676,1131700.0,0.9652848857045377,0.8727551065963213
U0001,2019-09,Subscription,163.21,76046.53,87133.87,87133.87,11087.34,12.72,97700.0,59200.0,87133.87,0.18730948137618586,0.21461860258449664,11087.339999999997,12.72448934036787,0.0018730948137618587,60,Accountant,23600.0,Higher Education,676,1131700.0,0.9652848857045377,0.8727551065963213
U0001,2019-10,Shopping,18776.31,18776.31,,0.0,-18776.31,0.0,97700.0,59200.0,97700.0,19.218331627430913,100.0,78923.69,80.78166837256909,0.19218331627430912,60,Accountant,23600.0,Higher Education,676,1131700.0,0.9652848857045377,0.19218331627430912
U0002,2018-01,Bills,23852.89,75496.15,,0.0,-75496.15,0.0,96900.0,71200.0,96900.0,24.615985552115582,31.594842915830807,21403.850000000006,22.088596491228078,0.24615985552115582,50,Software Engineer,17900.0,Debt Repayment,688,705900.0,0.6070691434468525,0.7791140350877193
U0002,2018-01,Food,2304.42,75496.15,,0.0,-75496.15,0.0,96900.0,71200.0,96900.0,2.3781424148606813,3.0523675710615708,21403.850000000006,22.088596491228078,0.023781424148606813,50,Software Engineer,17900.0,Debt Repayment,688,705900.0,0.6070691434468525,0.7791140350877193
U0002,2018-01,Fuel,2959.23,75496.15,,0.0,-75496.15,0.0,96900.0,71200.0,96900.0,3.0539009287925696,3.9197098130169556,21403.850000000006,22.088596491228078,0.030539009287925696,50,Software Engineer,17900.0,Debt Repayment,688,705900.0,0.6070691434468525,0.7791140350877193
U0002,2018-01,Groceries,1226.03,75496.15,,0.0,-75496.15,0.0,96900.0,71200.0,96900.0,1.265252837977296,1.6239636060911715,21403.850000000006,22.088596491228078,0.012652528379772961,50,Software Engineer,17900.0,Debt Repayment,688,705900.0,0.6070691434468525,0.7791140350877193
U0002,2018-01,Miscellaneous,1277.0,75496.15,,0.0,-75496.15,0.0,96900.0,71200.0,96900.0,1.3178534571723426,1.6914769826010996,21403.850000000006,22.088596491228078,0.013178534571723426,50,Software Engineer,17900.0,Debt Repayment,688,705900.0,0.6070691434468525,0.7791140350877193
U0002,2018-01,Rent,42338.57,75496.15,,0.0,-75496.15,0.0,96900.0,71200.0,96900.0,43.69305469556243,56.08043588977717,21403.850000000006,22.088596491228078,0.43693054695562433,50,Software Engineer,17900.0,Debt Repayment,688,705900.0,0.6070691434468525,0.7791140350877193
U0002,2018-01,Shopping,1538.01,75496.15,,0.0,-75496.15,0.0,96900.0,71200.0,96900.0,1.5872136222910216,2.037203221621235,21403.850000000006,22.088596491228078,0.015872136222910217,50,Software Engineer,17900.0,Debt Repayment,688,705900.0,0.6070691434468525,0.7791140350877193
U0002,2018-02,Bills,9915.49,74593.77,,0.0,-74593.77,0.0,96900.0,71200.0,96900.0,10.232703818369453,13.292651651739815,22306.229999999996,23.019845201238386,0.10232703818369453,50,Software Engineer,17900.0,Debt Repayment,688,705900.0,0.6070691434468525,0.7698015479876161
U0002,2018-02,Food,2123.98,74593.77,,0.0,-74593.77,0.0,96900.0,71200.0,96900.0,2.1919298245614036,2.8473959688590615,22306.229999999996,23.019845201238386,0.021919298245614036,50,Software Engineer,17900.0,Debt Repayment,688,705900.0,0.6070691434468525,0.7698015479876161
U0002,2018-02,Fuel,10257.67,74593.77,,0.0,-74593.77,0.0,96900.0,71200.0,96900.0,10.585830753353974,13.751376287858891,22306.229999999996,23.019845201238386,0.10585830753353974,50,Software Engineer,17900.0,Debt Repayment,688,705900.0,0.6070691434468525,0.7698015479876161
U0002,2018-02,Groceries,7071.53,74593.77,,0.0,-74593.77,0.0,96900.0,71200.0,96900.0,7.297760577915377,9.480054433500277,22306.229999999996,23.019845201238386,0.07297760577915377,50,Software Engineer,17900.0,Debt Repayment,688,705900.0,0.6070691434468525,0.7698015479876161
U0002,2018-02,Rent,43912.33,74593.77,,0.0,-74593.77,0.0,96900.0,71200.0,96900.0,45.31716202270382,58.86862937749358,22306.229999999996,23.019845201238386,0.4531716202270382,50,Software Engineer,17900.0,Debt Repayment,688,705900.0,0.6070691434468525,0.7698015479876161
U0002,2018-02,Shopping,1312.77,74593.77,,0.0,-74593.77,0.0,96900.0,71200.0,96900.0,1.354767801857585,1.759892280548362,22306.229999999996,23.019845201238386,0.013547678018575851,50,Software Engineer,17900.0,Debt Repayment,688,705900.0,0.6070691434468525,0.7698015479876161
U0002,2018-03,Bills,9942.02,71161.41,87621.45,87621.45,16460.04,18.79,96900.0,71200.0,87621.45,11.346559546777645,13.971083484714539,16460.039999999994,18.785400150305655,0.11346559546777645,50,Software Engineer,17900.0,Debt Repayment,688,705900.0,0.6070691434468525,0.8121459984969435
U0002,2018-03,Food,3742.73,71161.41,87621.45,87621.45,16460.04,18.79,96900.0,71200.0,87621.45,4.271476904342487,5.259493874559259,16460.039999999994,18.785400150305655,0.04271476904342487,50,Software Engineer,17900.0,Debt Repayment,688,705900.0,0.6070691434468525,0.8121459984969435
U0002,2018-03,Fuel,2939.47,71161.41,87621.45,87621.45,16460.04,18.79,96900.0,71200.0,87621.45,3.354737909495905,4.130707921610884,16460.039999999994,18.785400150305655,0.03354737909495905,50,Software Engineer,17900.0,Debt Repayment,688,705900.0,0.6070691434468525,0.8121459984969435
U0002,2018-03,Groceries,6032.62,71161.41,87621.45,87621.45,16460.04,18.79,96900.0,71200.0,87621.45,6.884866662215702,8.477375588819838,16460.039999999994,18.785400150305655,0.06884866662215702,50,Software Engineer,17900.0,Debt Repayment,688,705900.0,0.6070691434468525,0.8121459984969435
U0002,2018-03,Rent,47664.75,71161.41,87621.45,87621.45,16460.04,18.79,96900.0,71200.0,87621.45,54.39849488909394,66.98117701715016,16460.039999999994,18.785400150305655,0.5439849488909394,50,Software Engineer,17900.0,Debt Repayment,688,705900.0,0.6070691434468525,0.8121459984969435
U0002,2018-03,Shopping,839.82,71161.41,87621.45,87621.45,16460.04,18.79,96900.0,71200.0,87621.45,0.9584639377686629,1.180162113145313,16460.039999999994,18.785400150305655,0.00958463937768663,50,Software Engineer,17900.0,Debt Repayment,688,705900.0,0.6070691434468525,0.8121459984969435
U0002,2018-04,Bills,39840.53,56081.490000000005,,0.0,-56081.49,0.0,96900.0,71200.0,96900.0,41.11509803921569,71.04042706425952,40818.509999999995,42.12436532507739,0.41115098039215686,50,Software Engineer,17900.0,Debt Repayment,688,705900.0,0.6070691434468525,0.578756346749226
U0002,2018-04,Entertainment,791.0300000000001,56081.490000000005,,0.0,-56081.49,0.0,96900.0,71200.0,96900.0,0.8163364293085655,1.4105010405394007,40818.509999999995,42.12436532507739,0.008163364293085656,50,Software Engineer,17900.0,Debt Repayment,688,705900.0,0.6070691434468525,0.578756346749226
U0002,2018-04,Food,5672.22,56081.490000000005,,0.0,-56081.49,0.0,96900.0,71200.0,96900.0,5.853684210526316,10.114246251303237,40818.509999999995,42.12436532507739,0.05853684210526316,50,Software Engineer,17900.0,Debt Repayment,688,705900.0,0.6070691434468525,0.578756346749226
U0002,2018-04,Fuel,3529.76,56081.490000000005,,0.0,-56081.49,0.0,96900.0,71200.0,96900.0,3.642683178534572,6.293983986516763,40818.509999999995,42.12436532507739,0.03642683178534572,50,Software Engineer,17900.0,Debt Repayment,688,705900.0,0.6070691434468525,0.578756346749226
U0002,2018-04,Groceries,2484.19,56081.490000000005,,0.0,-56081.49,0.0,96900.0,71200.0,96900.0,2.5636635706914346,4.429607701221918,40818.509999999995,42.12436532507739,0.025636635706914344,50,Software Engineer,17900.0,Debt Repayment,688,705900.0,0.6070691434468525,0.578756346749226
U0002,2018-04,Miscellaneous,1788.7,56081.490000000005,,0.0,-56081.49,0.0,96900.0,71200.0,96900.0,1.845923632610939,3.189465900424543,40818.509999999995,42.12436532507739,0.01845923632610939,50,Software Engineer,17900.0,Debt Repayment,688,705900.0,0.6070691434468525,0.578756346749226
U0002,2018-04,Shopping,1975.06,56081.490000000005,,0.0,-56081.49,0.0,96900.0,71200.0,96900.0,2.0382456140350875,3.52176805573461,40818.509999999995,42.12436532507739,0.020382456140350877,50,Software Engineer,17900.0,Debt Repayment,688,705900.0,0.6070691434468525,0.578756346749226
U0002,2018-05,Bills,22528.22,114014.72,,0.0,-114014.72,0.0,96900.0,71200.0,96900.0,23.248937048503613,19.759045147854593,-17114.72,-17.662249742002064,0.23248937048503612,50,Software Engineer,17900.0,Debt Repayment,688,705900.0,0.6070691434468525,1.1766224974200206
U0002,2018-05,Entertainment,715.97,114014.72,,0.0,-114014.72,0.0,96900.0,71200.0,96900.0,0.738875128998968,0.6279627753328693,-17114.72,-17.662249742002064,0.0073887512899896805,50,Software Engineer,17900.0,Debt Repayment,688,705900.0,0.6070691434468525,1.1766224974200206
U0002,2018-05,Food,3615.37,114014.72,,0.0,-114014.72,0.0,96900.0,71200.0,96900.0,3.731031991744066,3.1709677487257784,-17114.72,-17.662249742002064,0.03731031991744066,50,Software Engineer,17900.0,Debt Repayment,688,705900.0,0.6070691434468525,1.1766224974200206
U0002,2018-05,Fuel,8737.51,114014.72,,0.0,-114014.72,0.0,96900.0,71200.0,96900.0,9.017038183694531,7.663492924422391,-17114.72,-17.662249742002064,0.09017038183694531,50,Software Engineer,17900.0,Debt Repayment,688,705900.0,0.6070691434468525,1.1766224974200206
U0002,2018-05,Groceries,1379.6799999999998,114014.72,,0.0,-114014.72,0.0,96900.0,71200.0,96900.0,1.4238183694530442,1.2100893638996788,-17114.72,-17.662249742002064,0.014238183694530442,50,Software Engineer,17900.0,Debt Repayment,688,705900.0,0.6070691434468525,1.1766224974200206
U0002,2018-05,Miscellaneous,14393.28,114014.72,,0.0,-114014.72,0.0,96900.0,71200.0,96900.0,14.85374613003096,12.624054157217596,-17114.72,-17.662249742002064,0.1485374613003096,50,Software Engineer,17900.0,Debt Repayment,688,705900.0,0.6070691434468525,1.1766224974200206
U0002,2018-05,Rent,45677.86,114014.72,,0.0,-114014.72,0.0,96900.0,71200.0,96900.0,47.13917440660475,40.063125182432586,-17114.72,-17.662249742002064,0.4713917440660475,50,Software Engineer,17900.0,Debt Repayment,688,705900.0,0.6070691434468525,1.1766224974200206
U0002,2018-05,Shopping,16002.0,114014.72,,0.0,-114014.72,0.0,96900.0,71200.0,96900.0,16.513931888544892,14.035029862810697,-17114.72,-17.662249742002064,0.16513931888544892,50,Software Engineer,17900.0,Debt Repayment,688,705900.0,0.6070691434468525,1.1766224974200206
U0002,2018-05,Subscription,964.83,114014.72,,0.0,-114014.72,0.0,96900.0,71200.0,96900.0,0.9956965944272447,0.8462328373038149,-17114.72,-17.662249742002064,0.009956965944272447,50,Software Engineer,17900.0,Debt Repayment,688,705900.0,0.6070691434468525,1.1766224974200206
U0002,2018-06,Bills,36373.55,59825.86,44660.86,44660.86,-15165.0,-33.96,96900.0,71200.0,44660.86,81.44390860364086,60.79904242078593,-15165.0,-33.95590680519811,0.8144390860364087,50,Software Engineer,17900.0,Debt Repayment,688,705900.0,0.6070691434468525,1.339559068051981
U0002,2018-06,Entertainment,320.11,59825.86,44660.86,44660.86,-15165.0,-33.96,96900.0,71200.0,44660.86,0.7167573575609606,0.5350696170518903,-15165.0,-33.95590680519811,0.007167573575609606,50,Software Engineer,17900.0,Debt Repayment,688,705900.0,0.6070691434468525,1.339559068051981
U0002,2018-06,Food,317.23,59825.86,44660.86,44660.86,-15165.0,-33.96,96900.0,71200.0,44660.86,0.7103087580489942,0.5302556453012126,-15165.0,-33.95590680519811,0.007103087580489942,50,Software Engineer,17900.0,Debt Repayment,688,705900.0,0.6070691434468525,1.339559068051981
U0002,2018-06,Fuel,2791.73,59825.86,44660.86,44660.86,-15165.0,-33.96,96900.0,71200.0,44660.86,6.250954415118741,4.666426859555383,-15165.0,-33.95590680519811,0.06250954415118741,50,Software Engineer,17900.0,Debt Repayment,688,705900.0,0.6070691434468525,1.339559068051981
U0002,2018-06,Groceries,3263.4700000000003,59825.86,44660.86,44660.86,-15165.0,-33.96,96900.0,71200.0,44660.86,7.3072260587906275,5.454948746244518,-15165.0,-33.95590680519811,0.07307226058790628,50,Software Engineer,17900.0,Debt Repayment,688,705900.0,0.6070691434468525,1.339559068051981
U0002,2018-06,Other,1768.51,59825.86,44660.86,44660.86,-15165.0,-33.96,96900.0,71200.0,44660.86,3.9598655287873994,2.9560962433302254,-15165.0,-33.95590680519811,0.03959865528787399,50,Software Engineer,17900.0,Debt Repayment,688,705900.0,0.6070691434468525,1.339559068051981
U0002,2018-06,Shopping,14842.259999999998,59825.86,44660.86,44660.86,-15165.0,-33.96,96900.0,71200.0,44660.86,33.233260622388364,24.80910429035203,-15165.0,-33.95590680519811,0.33233260622388366,50,Software Engineer,17900.0,Debt Repayment,688,705900.0,0.6070691434468525,1.339559068051981
U0002,2018-06,Subscription,149.0,59825.86,44660.86,44660.86,-15165.0,-33.96,96900.0,71200.0,44660.86,0.3336254608621509,0.24905617737881244,-15165.0,-33.95590680519811,0.003336254608621509,50,Software Engineer,17900.0,Debt Repayment,688,705900.0,0.6070691434468525,1.339559068051981
U0002,2018-07,Bills,10512.12,18777.64,43599.35,43599.35,24821.71,56.93,96900.0,71200.0,43599.35,24.11072642138014,55.982114898357835,24821.71,56.931376270517795,0.24110726421380138,50,Software Engineer,17900.0,Debt Repayment,688,705900.0,0.6070691434468525,0.4306862372948221
U0002,2018-07,Entertainment,243.45,18777.64,43599.35,43599.35,24821.71,56.93,96900.0,71200.0,43599.35,0.5583798841037767,1.2964888026397354,24821.71,56.931376270517795,0.005583798841037767,50,Software Engineer,17900.0,Debt Repayment,688,705900.0,0.6070691434468525,0.4306862372948221
U0002,2018-07,Food,1444.79,18777.64,43599.35,43599.35,24821.71,56.93,96900.0,71200.0,43599.35,3.3137879349118737,7.694204383511454,24821.71,56.931376270517795,0.033137879349118736,50,Software Engineer,17900.0,Debt Repayment,688,705900.0,0.6070691434468525,0.4306862372948221
U0002,2018-07,Groceries,1726.69,18777.64,43599.35,43599.35,24821.71,56.93,96900.0,71200.0,43599.35,3.9603572071601985,9.195458002177057,24821.71,56.931376270517795,0.039603572071601985,50,Software Engineer,17900.0,Debt Repayment,688,705900.0,0.6070691434468525,0.4306862372948221
U0002,2018-07,Miscellaneous,4094.07,18777.64,43599.35,43599.35,24821.71,56.93,96900.0,71200.0,43599.35,9.39020879898439,21.802899618908448,24821.71,56.931376270517795,0.0939020879898439,50,Software Engineer,17900.0,Debt Repayment,688,705900.0,0.6070691434468525,0.4306862372948221
U0002,2018-07,Other,179.05,18777.64,43599.35,43599.35,24821.71,56.93,96900.0,71200.0,43599.35,0.4106712600073167,0.9535277063571355,24821.71,56.931376270517795,0.004106712600073167,50,Software Engineer,17900.0,Debt Repayment,688,705900.0,0.6070691434468525,0.4306862372948221
U0002,2018-07,Shopping,577.47,18777.64,43599.35,43599.35,24821.71,56.93,96900.0,71200.0,43599.35,1.3244922229345164,3.075306588048339,24821.71,56.931376270517795,0.013244922229345164,50,Software Engineer,17900.0,Debt Repayment,688,705900.0,0.6070691434468525,0.4306862372948221
U0002,2018-08,Bills,10329.4,80880.03,44682.35,44682.35,-36197.68,-81.01,96900.0,71200.0,44682.35,23.117405418470604,12.771261336080117,-36197.68,-81.01113750731554,0.23117405418470605,50,Software Engineer,17900.0,Debt Repayment,688,705900.0,0.6070691434468525,1.8101113750731552
U0002,2018-08,Food,1046.83,80880.03,44682.35,44682.35,-36197.68,-81.01,96900.0,71200.0,44682.35,2.342826641839563,1.294299717742439,-36197.68,-81.01113750731554,0.02342826641839563,50,Software Engineer,17900.0,Debt Repayment,688,705900.0,0.6070691434468525,1.8101113750731552
U0002,2018-08,Fuel,7907.97,80880.03,44682.35,44682.35,-36197.68,-81.01,96900.0,71200.0,44682.35,17.698196267653785,9.777407352593713,-36197.68,-81.01113750731554,0.17698196267653785,50,Software Engineer,17900.0,Debt Repayment,688,705900.0,0.6070691434468525,1.8101113750731552
U0002,2018-08,Groceries,4892.620000000001,80880.03,44682.35,44682.35,-36197.68,-81.01,96900.0,71200.0,44682.35,10.94978218468814,6.049231188465189,-36197.68,-81.01113750731554,0.1094978218468814,50,Software Engineer,17900.0,Debt Repayment,688,705900.0,0.6070691434468525,1.8101113750731552
U0002,2018-08,Insurance,8758.84,80880.03,44682.35,44682.35,-36197.68,-81.01,96900.0,71200.0,44682.35,19.60246047936154,10.829422293735549,-36197.68,-81.01113750731554,0.1960246047936154,50,Software Engineer,17900.0,Debt Repayment,688,705900.0,0.6070691434468525,1.8101113750731552
U0002,2018-08,Miscellaneous,1851.32,80880.03,44682.35,44682.35,-36197.68,-81.01,96900.0,71200.0,44682.35,4.143291478626348,2.288970466504525,-36197.68,-81.01113750731554,0.04143291478626348,50,Software Engineer,17900.0,Debt Repayment,688,705900.0,0.6070691434468525,1.8101113750731552
U0002,2018-08,Rent,42866.76,80880.03,44682.35,44682.35,-36197.68,-81.01,96900.0,71200.0,44682.35,95.93667298161355,53.00042544494605,-36197.68,-81.01113750731554,0.9593667298161356,50,Software Engineer,17900.0,Debt Repayment,688,705900.0,0.6070691434468525,1.8101113750731552
U0002,2018-08,Shopping,2773.51,80880.03,44682.35,44682.35,-36197.68,-81.01,96900.0,71200.0,44682.35,6.207171287991792,3.4291653947210463,-36197.68,-81.01113750731554,0.06207171287991792,50,Software Engineer,17900.0,Debt Repayment,688,705900.0,0.6070691434468525,1.8101113750731552
U0002,2018-08,Subscription,452.78,80880.03,44682.35,44682.35,-36197.68,-81.01,96900.0,71200.0,44682.35,1.013330767070219,0.5598168052113729,-36197.68,-81.01113750731554,0.01013330767070219,50,Software Engineer,17900.0,Debt Repayment,688,705900.0,0.6070691434468525,1.8101113750731552
U0002,2018-09,Bills,3966.45,39306.36,44737.05,44737.05,5430.69,12.14,96900.0,71200.0,44737.05,8.866141151461706,10.091115025659969,5430.690000000002,12.139133000499589,0.08866141151461707,50,Software Engineer,17900.0,Debt Repayment,688,705900.0,0.6070691434468525,0.8786086699950041
U0002,2018-09,Entertainment,327.1,39306.36,44737.05,44737.05,5430.69,12.14,96900.0,71200.0,44737.05,0.7311613081327445,0.8321808480866709,5430.690000000002,12.139133000499589,0.0073116130813274454,50,Software Engineer,17900.0,Debt Repayment,688,705900.0,0.6070691434468525,0.8786086699950041
U0002,2018-09,Food,5204.8,39306.36,44737.05,44737.05,5430.69,12.14,96900.0,71200.0,44737.05,11.634204758695532,13.241622984168465,5430.690000000002,12.139133000499589,0.11634204758695532,50,Software Engineer,17900.0,Debt Repayment,688,705900.0,0.6070691434468525,0.8786086699950041
U0002,2018-09,Fuel,9266.72,39306.36,44737.05,44737.05,5430.69,12.14,96900.0,71200.0,44737.05,20.713748447874856,23.575624911591913,5430.690000000002,12.139133000499589,0.20713748447874858,50,Software Engineer,17900.0,Debt Repayment,688,705900.0,0.6070691434468525,0.8786086699950041
U0002,2018-09,Groceries,6119.59,39306.36,44737.05,44737.05,5430.69,12.14,96900.0,71200.0,44737.05,13.679019962201352,15.568956270690034,5430.690000000002,12.139133000499589,0.13679019962201353,50,Software Engineer,17900.0,Debt Repayment,688,705900.0,0.6070691434468525,0.8786086699950041
U0002,2018-09,Insurance,8514.92,39306.36,44737.05,44737.05,5430.69,12.14,96900.0,71200.0,44737.05,19.03326213954653,21.66295734328999,5430.690000000002,12.139133000499589,0.19033262139546528,50,Software Engineer,17900.0,Debt Repayment,688,705900.0,0.6070691434468525,0.8786086699950041
U0002,2018-09,Miscellaneous,1081.35,39306.36,44737.05,44737.05,5430.69,12.14,96900.0,71200.0,44737.05,2.417124061599949,2.751081504367232,5430.690000000002,12.139133000499589,0.024171240615999488,50,Software Engineer,17900.0,Debt Repayment,688,705900.0,0.6070691434468525,0.8786086699950041
U0002,2018-09,Other,3153.13,39306.36,44737.05,44737.05,5430.69,12.14,96900.0,71200.0,44737.05,7.048140188054421,8.021933346155686,5430.690000000002,12.139133000499589,0.0704814018805442,50,Software Engineer,17900.0,Debt Repayment,688,705900.0,0.6070691434468525,0.8786086699950041
U0002,2018-09,Shopping,1511.81,39306.36,44737.05,44737.05,5430.69,12.14,96900.0,71200.0,44737.05,3.379324296081212,3.846222341626139,5430.690000000002,12.139133000499589,0.03379324296081212,50,Software Engineer,17900.0,Debt Repayment,688,705900.0,0.6070691434468525,0.8786086699950041
U0002,2018-09,Subscription,160.49,39306.36,44737.05,44737.05,5430.69,12.14,96900.0,71200.0,44737.05,0.35874068585210694,0.40830542436389433,5430.690000000002,12.139133000499589,0.0035874068585210694,50,Software Engineer,17900.0,Debt Repayment,688,705900.0,0.6070691434468525,0.8786086699950041
U0002,2018-10,Bills,16093.9,99583.8,,0.0,-99583.8,0.0,96900.0,71200.0,96900.0,16.608771929824563,16.16116275940464,-2683.800000000003,-2.7696594427244614,0.16608771929824562,50,Software Engineer,17900.0,Debt Repayment,688,705900.0,0.6070691434468525,1.0276965944272447
U0002,2018-10,Entertainment,329.26,99583.8,,0.0,-99583.8,0.0,96900.0,71200.0,96900.0,0.33979360165118677,0.3306361074793289,-2683.800000000003,-2.7696594427244614,0.0033979360165118677,50,Software Engineer,17900.0,Debt Repayment,688,705900.0,0.6070691434468525,1.0276965944272447
U0002,2018-10,Food,4576.01,99583.8,,0.0,-99583.8,0.0,96900.0,71200.0,96900.0,4.722404540763674,4.595134951668846,-2683.800000000003,-2.7696594427244614,0.04722404540763674,50,Software Engineer,17900.0,Debt Repayment,688,705900.0,0.6070691434468525,1.0276965944272447
U0002,2018-10,Fuel,8641.86,99583.8,,0.0,-99583.8,0.0,96900.0,71200.0,96900.0,8.918328173374613,8.677977743367897,-2683.800000000003,-2.7696594427244614,0.08918328173374614,50,Software Engineer,17900.0,Debt Repayment,688,705900.0,0.6070691434468525,1.0276965944272447
U0002,2018-10,Groceries,4927.95,99583.8,,0.0,-99583.8,0.0,96900.0,71200.0,96900.0,5.085603715170278,4.948545847818621,-2683.800000000003,-2.7696594427244614,0.05085603715170278,50,Software Engineer,17900.0,Debt Repayment,688,705900.0,0.6070691434468525,1.0276965944272447
U0002,2018-10,Miscellaneous,5281.46,99583.8,,0.0,-99583.8,0.0,96900.0,71200.0,96900.0,5.450423116615067,5.303533305617982,-2683.800000000003,-2.7696594427244614,0.05450423116615067,50,Software Engineer,17900.0,Debt Repayment,688,705900.0,0.6070691434468525,1.0276965944272447
U0002,2018-10,Other,1746.13,99583.8,,0.0,-99583.8,0.0,96900.0,71200.0,96900.0,1.8019917440660476,1.7534277663636053,-2683.800000000003,-2.7696594427244614,0.018019917440660477,50,Software Engineer,17900.0,Debt Repayment,688,705900.0,0.6070691434468525,1.0276965944272447
U0002,2018-10,Rent,37184.06,99583.8,,0.0,-99583.8,0.0,96900.0,71200.0,96900.0,38.37364293085655,37.33946686107579,-2683.800000000003,-2.7696594427244614,0.3837364293085655,50,Software Engineer,17900.0,Debt Repayment,688,705900.0,0.6070691434468525,1.0276965944272447
U0002,2018-10,Shopping,20647.78,99583.8,,0.0,-99583.8,0.0,96900.0,71200.0,96900.0,21.30833849329205,20.734075221070093,-2683.800000000003,-2.7696594427244614,0.21308338493292053,50,Software Engineer,17900.0,Debt Repayment,688,705900.0,0.6070691434468525,1.0276965944272447
U0002,2018-10,Subscription,155.39,99583.8,,0.0,-99583.8,0.0,96900.0,71200.0,96900.0,0.1603611971104231,0.1560394361331863,-2683.800000000003,-2.7696594427244614,0.0016036119711042311,50,Software Engineer,17900.0,Debt Repayment,688,705900.0,0.6070691434468525,1.0276965944272447
U0002,2018-11,Bills,34479.38,83505.9,,0.0,-83505.9,0.0,96900.0,71200.0,96900.0,35.58243550051599,41.28975317911669,13394.100000000006,13.822600619195052,0.3558243550051599,50,Software Engineer,17900.0,Debt Repayment,688,705900.0,0.6070691434468525,0.8617739938080494
U0002,2018-11,Entertainment,795.15,83505.9,,0.0,-83505.9,0.0,96900.0,71200.0,96900.0,0.8205882352941176,0.9522081673270991,13394.100000000006,13.822600619195052,0.008205882352941176,50,Software Engineer,17900.0,Debt Repayment,688,705900.0,0.6070691434468525,0.8617739938080494
U0002,2018-11,Food,4023.98,83505.9,,0.0,-83505.9,0.0,96900.0,71200.0,96900.0,4.1527141382868935,4.818797234686412,13394.100000000006,13.822600619195052,0.041527141382868935,50,Software Engineer,17900.0,Debt Repayment,688,705900.0,0.6070691434468525,0.8617739938080494
U0002,2018-11,Fuel,2925.49,83505.9,,0.0,-83505.9,0.0,96900.0,71200.0,96900.0,3.019081527347781,3.503333297407728,13394.100000000006,13.822600619195052,0.03019081527347781,50,Software Engineer,17900.0,Debt Repayment,688,705900.0,0.6070691434468525,0.8617739938080494
U0002,2018-11,Groceries,3287.28,83505.9,,0.0,-83505.9,0.0,96900.0,71200.0,96900.0,3.3924458204334367,3.9365841216009887,13394.100000000006,13.822600619195052,0.033924458204334366,50,Software Engineer,17900.0,Debt Repayment,688,705900.0,0.6070691434468525,0.8617739938080494
U0002,2018-11,Miscellaneous,509.82,83505.9,,0.0,-83505.9,0.0,96900.0,71200.0,96900.0,0.5261300309597523,0.6105197357312477,13394.100000000006,13.822600619195052,0.005261300309597523,50,Software Engineer,17900.0,Debt Repayment,688,705900.0,0.6070691434468525,0.8617739938080494
U0002,2018-11,Other,540.6,83505.9,,0.0,-83505.9,0.0,96900.0,71200.0,96900.0,0.5578947368421053,0.6473794067245549,13394.100000000006,13.822600619195052,0.005578947368421053,50,Software Engineer,17900.0,Debt Repayment,688,705900.0,0.6070691434468525,0.8617739938080494
U0002,2018-11,Rent,36944.2,83505.9,,0.0,-83505.9,0.0,96900.0,71200.0,96900.0,38.12610939112487,44.241424857405285,13394.100000000006,13.822600619195052,0.3812610939112487,50,Software Engineer,17900.0,Debt Repayment,688,705900.0,0.6070691434468525,0.8617739938080494
U0002,2018-12,Bills,20086.11,61675.1,43192.48,43192.48,-18482.62,-42.79,96900.0,71200.0,43192.48,46.50372009201602,32.56761642867219,-18482.619999999995,-42.79129144702966,0.46503720092016015,50,Software Engineer,17900.0,Debt Repayment,688,705900.0,0.6070691434468525,1.4279129144702964
U0002,2018-12,Food,8969.560000000001,61675.1,43192.48,43192.48,-18482.62,-42.79,96900.0,71200.0,43192.48,20.766485277066753,14.543243545612414,-18482.619999999995,-42.79129144702966,0.2076648527706675,50,Software Engineer,17900.0,Debt Repayment,688,705900.0,0.6070691434468525,1.4279129144702964
U0002,2018-12,Fuel,5283.88,61675.1,43192.48,43192.48,-18482.62,-42.79,96900.0,71200.0,43192.48,12.233333209855047,8.567282420296035,-18482.619999999995,-42.79129144702966,0.12233333209855048,50,Software Engineer,17900.0,Debt Repayment,688,705900.0,0.6070691434468525,1.4279129144702964
U0002,2018-12,Groceries,5689.42,61675.1,43192.48,43192.48,-18482.62,-42.79,96900.0,71200.0,43192.48,13.172246650342837,9.2248249293475,-18482.619999999995,-42.79129144702966,0.13172246650342836,50,Software Engineer,17900.0,Debt Repayment,688,705900.0,0.6070691434468525,1.4279129144702964
U0002,2018-12,Insurance,8464.53,61675.1,43192.48,43192.48,-18482.62,-42.79,96900.0,71200.0,43192.48,19.597230814252853,13.724387962078701,-18482.619999999995,-42.79129144702966,0.19597230814252853,50,Software Engineer,17900.0,Debt Repayment,688,705900.0,0.6070691434468525,1.4279129144702964
U0002,2018-12,Miscellaneous,9466.7,61675.1,43192.48,43192.48,-18482.62,-42.79,96900.0,71200.0,43192.48,21.917472671168685,15.349306284059534,-18482.619999999995,-42.79129144702966,0.21917472671168686,50,Software Engineer,17900.0,Debt Repayment,688,705900.0,0.6070691434468525,1.4279129144702964
U0002,2018-12,Other,1254.26,61675.1,43192.48,43192.48,-18482.62,-42.79,96900.0,71200.0,43192.48,2.90388512074324,2.0336570187968888,-18482.619999999995,-42.79129144702966,0.029038851207432402,50,Software Engineer,17900.0,Debt Repayment,688,705900.0,0.6070691434468525,1.4279129144702964
U0002,2018-12,Shopping,2460.6400000000003,61675.1,43192.48,43192.48,-18482.62,-42.79,96900.0,71200.0,43192.48,5.696917611584238,3.9896814111367482,-18482.619999999995,-42.79129144702966,0.05696917611584239,50,Software Engineer,17900.0,Debt Repayment,688,705900.0,0.6070691434468525,1.4279129144702964
U0002,2019-01,Bills,23372.48,75393.8,,0.0,-75393.8,0.0,96900.0,71200.0,96900.0,24.120206398348813,31.000533200342733,21506.199999999997,22.194220846233225,0.24120206398348812,50,Software Engineer,17900.0,Debt Repayment,688,705900.0,0.6070691434468525,0.7780577915376677
U0002,2019-01,Entertainment,1926.21,75393.8,,0.0,-75393.8,0.0,96900.0,71200.0,96900.0,1.9878328173374613,2.5548652541720935,21506.199999999997,22.194220846233225,0.019878328173374614,50,Software Engineer,17900.0,Debt Repayment,688,705900.0,0.6070691434468525,0.7780577915376677
U0002,2019-01,Food,755.45,75393.8,,0.0,-75393.8,0.0,96900.0,71200.0,96900.0,0.7796181630546956,1.0020054699458045,21506.199999999997,22.194220846233225,0.007796181630546956,50,Software Engineer,17900.0,Debt Repayment,688,705900.0,0.6070691434468525,0.7780577915376677
U0002,2019-01,Groceries,683.58,75393.8,,0.0,-75393.8,0.0,96900.0,71200.0,96900.0,0.7054489164086688,0.9066793290694991,21506.199999999997,22.194220846233225,0.0070544891640866875,50,Software Engineer,17900.0,Debt Repayment,688,705900.0,0.6070691434468525,0.7780577915376677
U0002,2019-01,Insurance,44996.42,75393.8,,0.0,-75393.8,0.0,96900.0,71200.0,96900.0,46.43593395252838,59.681857128835524,21506.199999999997,22.194220846233225,0.4643593395252838,50,Software Engineer,17900.0,Debt Repayment,688,705900.0,0.6070691434468525,0.7780577915376677
U0002,2019-01,Miscellaneous,1487.7,75393.8,,0.0,-75393.8,0.0,96900.0,71200.0,96900.0,1.535294117647059,1.9732391788184174,21506.199999999997,22.194220846233225,0.015352941176470588,50,Software Engineer,17900.0,Debt Repayment,688,705900.0,0.6070691434468525,0.7780577915376677
U0002,2019-01,Shopping,2171.96,75393.8,,0.0,-75393.8,0.0,96900.0,71200.0,96900.0,2.2414447884416924,2.880820438815924,21506.199999999997,22.194220846233225,0.022414447884416926,50,Software Engineer,17900.0,Debt Repayment,688,705900.0,0.6070691434468525,0.7780577915376677
U0002,2019-02,Bills,25906.26,43441.05,43972.5,43972.5,531.45,1.21,96900.0,71200.0,43972.5,58.914685314685315,59.63543698874682,531.4499999999971,1.2085962817670068,0.5891468531468531,50,Software Engineer,17900.0,Debt Repayment,688,705900.0,0.6070691434468525,0.98791403718233
U0002,2019-02,Food,659.46,43441.05,43972.5,43972.5,531.45,1.21,96900.0,71200.0,43972.5,1.4997100460515096,1.518057229279679,531.4499999999971,1.2085962817670068,0.014997100460515096,50,Software Engineer,17900.0,Debt Repayment,688,705900.0,0.6070691434468525,0.98791403718233
U0002,2019-02,Fuel,2210.16,43441.05,43972.5,43972.5,531.45,1.21,96900.0,71200.0,43972.5,5.026232304281084,5.087722327153694,531.4499999999971,1.2085962817670068,0.05026232304281084,50,Software Engineer,17900.0,Debt Repayment,688,705900.0,0.6070691434468525,0.98791403718233
U0002,2019-02,Groceries,2848.25,43441.05,43972.5,43972.5,531.45,1.21,96900.0,71200.0,43972.5,6.4773437944169645,6.556586454517098,531.4499999999971,1.2085962817670068,0.06477343794416965,50,Software Engineer,17900.0,Debt Repayment,688,705900.0,0.6070691434468525,0.98791403718233
U0002,2019-02,Insurance,8033.57,43441.05,43972.5,43972.5,531.45,1.21,96900.0,71200.0,43972.5,18.269532093922336,18.49303826680064,531.4499999999971,1.2085962817670068,0.18269532093922336,50,Software Engineer,17900.0,Debt Repayment,688,705900.0,0.6070691434468525,0.98791403718233
U0002,2019-02,Miscellaneous,3492.8900000000003,43441.05,43972.5,43972.5,531.45,1.21,96900.0,71200.0,43972.5,7.943350957985105,8.040528486305003,531.4499999999971,1.2085962817670068,0.07943350957985106,50,Software Engineer,17900.0,Debt Repayment,688,705900.0,0.6070691434468525,0.98791403718233
U0002,2019-02,Subscription,290.46,43441.05,43972.5,43972.5,531.45,1.21,96900.0,71200.0,43972.5,0.6605492068906702,0.6686302471970635,531.4499999999971,1.2085962817670068,0.0066054920689067025,50,Software Engineer,17900.0,Debt Repayment,688,705900.0,0.6070691434468525,0.98791403718233
U0002,2019-03,Bills,44992.84,119527.46,46079.52,46079.52,-73447.94,-159.39,96900.0,71200.0,46079.52,97.64172890689834,37.64226228851512,-73447.94,-159.39389125581172,0.9764172890689834,50,Software Engineer,17900.0,Debt Repayment,688,705900.0,0.6070691434468525,2.593938912558117
U0002,2019-03,Food,3000.09,119527.46,46079.52,46079.52,-73447.94,-159.39,96900.0,71200.0,46079.52,6.510679798747904,2.509958799425672,-73447.94,-159.39389125581172,0.06510679798747904,50,Software Engineer,17900.0,Debt Repayment,688,705900.0,0.6070691434468525,2.593938912558117
U0002,2019-03,Fuel,3450.89,119527.46,46079.52,46079.52,-73447.94,-159.39,96900.0,71200.0,46079.52,7.488988600575701,2.8871106271312046,-73447.94,-159.39389125581172,0.07488988600575701,50,Software Engineer,17900.0,Debt Repayment,688,705900.0,0.6070691434468525,2.593938912558117
U0002,2019-03,Groceries,463.89,119527.46,46079.52,46079.52,-73447.94,-159.39,96900.0,71200.0,46079.52,1.0067162157939145,0.3881032860566099,-73447.94,-159.39389125581172,0.010067162157939145,50,Software Engineer,17900.0,Debt Repayment,688,705900.0,0.6070691434468525,2.593938912558117
U0002,2019-03,Insurance,8675.42,119527.46,46079.52,46079.52,-73447.94,-159.39,96900.0,71200.0,46079.52,18.82706243467814,7.25809784630243,-73447.94,-159.39389125581172,0.1882706243467814,50,Software Engineer,17900.0,Debt Repayment,688,705900.0,0.6070691434468525,2.593938912558117
U0002,2019-03,Miscellaneous,278.22,119527.46,46079.52,46079.52,-73447.94,-159.39,96900.0,71200.0,46079.52,0.6037823310659487,0.23276659606085498,-73447.94,-159.39389125581172,0.006037823310659487,50,Software Engineer,17900.0,Debt Repayment,688,705900.0,0.6070691434468525,2.593938912558117
U0002,2019-03,Rent,7570.9,119527.46,46079.52,46079.52,-73447.94,-159.39,96900.0,71200.0,46079.52,16.43007566051035,6.3340256707538165,-73447.94,-159.39389125581172,0.16430075660510352,50,Software Engineer,17900.0,Debt Repayment,688,705900.0,0.6070691434468525,2.593938912558117
U0002,2019-03,Shopping,51095.21,119527.46,46079.52,46079.52,-73447.94,-159.39,96900.0,71200.0,46079.52,110.88485730754141,42.747674885754286,-73447.94,-159.39389125581172,1.108848573075414,50,Software Engineer,17900.0,Debt Repayment,688,705900.0,0.6070691434468525,2.593938912558117
U0002,2019-04,Bills,7982.92,49120.94,,0.0,-49120.94,0.0,96900.0,71200.0,96900.0,8.238307533539732,16.251561961151396,47779.06,49.307595459236325,0.08238307533539732,50,Software Engineer,17900.0,Debt Repayment,688,705900.0,0.6070691434468525,0.5069240454076368
U0002,2019-04,Food,5009.38,49120.94,,0.0,-49120.94,0.0,96900.0,71200.0,96900.0,5.169638802889577,10.198054027467714,47779.06,49.307595459236325,0.05169638802889577,50,Software Engineer,17900.0,Debt Repayment,688,705900.0,0.6070691434468525,0.5069240454076368
U0002,2019-04,Fuel,3896.18,49120.94,,0.0,-49120.94,0.0,96900.0,71200.0,96900.0,4.020825593395252,7.931810751178621,47779.06,49.307595459236325,0.040208255933952525,50,Software Engineer,17900.0,Debt Repayment,688,705900.0,0.6070691434468525,0.5069240454076368
U0002,2019-04,Groceries,1154.37,49120.94,,0.0,-49120.94,0.0,96900.0,71200.0,96900.0,1.1913003095975232,2.35005681894524,47779.06,49.307595459236325,0.011913003095975231,50,Software Engineer,17900.0,Debt Repayment,688,705900.0,0.6070691434468525,0.5069240454076368
U0002,2019-04,Insurance,8600.84,49120.94,,0.0,-49120.94,0.0,96900.0,71200.0,96900.0,8.875995872033023,17.509518343907914,47779.06,49.307595459236325,0.08875995872033024,50,Software Engineer,17900.0,Debt Repayment,688,705900.0,0.6070691434468525,0.5069240454076368
U0002,2019-04,Miscellaneous,2549.54,49120.94,,0.0,-49120.94,0.0,96900.0,71200.0,96900.0,2.6311042311661503,5.1903322697000505,47779.06,49.307595459236325,0.026311042311661505,50,Software Engineer,17900.0,Debt Repayment,688,705900.0,0.6070691434468525,0.5069240454076368
U0002,2019-04,Rent,8103.93,49120.94,,0.0,-49120.94,0.0,96900.0,71200.0,96900.0,8.363188854489165,16.497913109968987,47779.06,49.307595459236325,0.08363188854489165,50,Software Engineer,17900.0,Debt Repayment,688,705900.0,0.6070691434468525,0.5069240454076368
U0002,2019-04,Shopping,10960.94,49120.94,,0.0,-49120.94,0.0,96900.0,71200.0,96900.0,11.311599587203302,22.31419024147339,47779.06,49.307595459236325,0.11311599587203303,50,Software Engineer,17900.0,Debt Repayment,688,705900.0,0.6070691434468525,0.5069240454076368
U0002,2019-04,Subscription,862.84,49120.94,,0.0,-49120.94,0.0,96900.0,71200.0,96900.0,0.8904437564499484,1.756562476206685,47779.06,49.307595459236325,0.008904437564499485,50,Software Engineer,17900.0,Debt Repayment,688,705900.0,0.6070691434468525,0.5069240454076368
U0002,2019-05,Bills,35709.58,83278.0,202071.67,202071.67,118793.67,58.79,96900.0,71200.0,202071.67,17.671739932668444,42.8799682989505,118793.67000000001,58.787889465158585,0.17671739932668443,50,Software Engineer,17900.0,Debt Repayment,688,705900.0,0.6070691434468525,0.41212110534841423
U0002,2019-05,Entertainment,1761.6,83278.0,202071.67,202071.67,118793.67,58.79,96900.0,71200.0,202071.67,0.8717699022332026,2.115324575518144,118793.67000000001,58.787889465158585,0.008717699022332026,50,Software Engineer,17900.0,Debt Repayment,688,705900.0,0.6070691434468525,0.41212110534841423
U0002,2019-05,Food,975.18,83278.0,202071.67,202071.67,118793.67,58.79,96900.0,71200.0,202071.67,0.4825911519412889,1.1709935397103677,118793.67000000001,58.787889465158585,0.004825911519412889,50,Software Engineer,17900.0,Debt Repayment,688,705900.0,0.6070691434468525,0.41212110534841423
U0002,2019-05,Groceries,1261.94,83278.0,202071.67,202071.67,118793.67,58.79,96900.0,71200.0,202071.67,0.6245011980155358,1.5153341818967796,118793.67000000001,58.787889465158585,0.006245011980155358,50,Software Engineer,17900.0,Debt Repayment,688,705900.0,0.6070691434468525,0.41212110534841423
U0002,2019-05,Insurance,16629.670000000002,83278.0,202071.67,202071.67,118793.67,58.79,96900.0,71200.0,202071.67,8.229590026152604,19.96886332524797,118793.67000000001,58.787889465158585,0.08229590026152603,50,Software Engineer,17900.0,Debt Repayment,688,705900.0,0.6070691434468525,0.41212110534841423
U0002,2019-05,Miscellaneous,515.52,83278.0,202071.67,202071.67,118793.67,58.79,96900.0,71200.0,202071.67,0.2551174046317329,0.6190350392660726,118793.67000000001,58.787889465158585,0.0025511740463173287,50,Software Engineer,17900.0,Debt Repayment,688,705900.0,0.6070691434468525,0.41212110534841423
U0002,2019-05,Shopping,26271.02,83278.0,202071.67,202071.67,118793.67,58.79,96900.0,71200.0,202071.67,13.000842720802968,31.54617065731646,118793.67000000001,58.787889465158585,0.1300084272080297,50,Software Engineer,17900.0,Debt Repayment,688,705900.0,0.6070691434468525,0.41212110534841423
U0002,2019-05,Subscription,153.49,83278.0,202071.67,202071.67,118793.67,58.79,96900.0,71200.0,202071.67,0.07595819839564844,0.18431038209371023,118793.67000000001,58.787889465158585,0.0007595819839564844,50,Software Engineer,17900.0,Debt Repayment,688,705900.0,0.6070691434468525,0.41212110534841423
U0002,2019-06,Bills,32423.7,51137.39,95165.73,95165.73,44028.34,46.26,96900.0,71200.0,95165.73,34.070773165928536,63.40507405638027,44028.34,46.26491069842053,0.34070773165928536,50,Software Engineer,17900.0,Debt Repayment,688,705900.0,0.6070691434468525,0.5373508930157946
U0002,2019-06,Food,1659.58,51137.39,95165.73,95165.73,44028.34,46.26,96900.0,71200.0,95165.73,1.7438840641478819,3.24533575139443,44028.34,46.26491069842053,0.01743884064147882,50,Software Engineer,17900.0,Debt Repayment,688,705900.0,0.6070691434468525,0.5373508930157946
U0002,2019-06,Groceries,2058.99,51137.39,95165.73,95165.73,44028.34,46.26,96900.0,71200.0,95165.73,2.163583466443225,4.026388519241986,44028.34,46.26491069842053,0.02163583466443225,50,Software Engineer,17900.0,Debt Repayment,688,705900.0,0.6070691434468525,0.5373508930157946
U0002,2019-06,Insurance,8843.13,51137.39,95165.73,95165.73,44028.34,46.26,96900.0,71200.0,95165.73,9.292347150597173,17.29288491258549,44028.34,46.26491069842053,0.09292347150597173,50,Software Engineer,17900.0,Debt Repayment,688,705900.0,0.6070691434468525,0.5373508930157946
U0002,2019-06,Miscellaneous,4341.65,51137.39,95165.73,95165.73,44028.34,46.26,96900.0,71200.0,95165.73,4.562199018491215,8.490167370685128,44028.34,46.26491069842053,0.04562199018491215,50,Software Engineer,17900.0,Debt Repayment,688,705900.0,0.6070691434468525,0.5373508930157946
U0002,2019-06,Subscription,1810.34,51137.39,95165.73,95165.73,44028.34,46.26,96900.0,71200.0,95165.73,1.9023024359714362,3.5401493897126937,44028.34,46.26491069842053,0.019023024359714362,50,Software Engineer,17900.0,Debt Repayment,688,705900.0,0.6070691434468525,0.5373508930157946
U0002,2019-07,Bills,29199.77,46760.71,54192.35,54192.35,7431.64,13.71,96900.0,71200.0,54192.35,53.88171946778466,62.44509546583018,7431.639999999999,13.713448484887628,0.5388171946778466,50,Software Engineer,17900.0,Debt Repayment,688,705900.0,0.6070691434468525,0.8628655151511238
U0002,2019-07,Food,1671.69,46760.71,54192.35,54192.35,7431.64,13.71,96900.0,71200.0,54192.35,3.084734284451588,3.57498848926802,7431.639999999999,13.713448484887628,0.03084734284451588,50,Software Engineer,17900.0,Debt Repayment,688,705900.0,0.6070691434468525,0.8628655151511238
U0002,2019-07,Fuel,3726.33,46760.71,54192.35,54192.35,7431.64,13.71,96900.0,71200.0,54192.35,6.876118123683509,7.968933748011953,7431.639999999999,13.713448484887628,0.06876118123683508,50,Software Engineer,17900.0,Debt Repayment,688,705900.0,0.6070691434468525,0.8628655151511238
U0002,2019-07,Groceries,1196.41,46760.71,54192.35,54192.35,7431.64,13.71,96900.0,71200.0,54192.35,2.2077101288281464,2.558579628068094,7431.639999999999,13.713448484887628,0.022077101288281466,50,Software Engineer,17900.0,Debt Repayment,688,705900.0,0.6070691434468525,0.8628655151511238
U0002,2019-07,Rent,8314.94,46760.71,54192.35,54192.35,7431.64,13.71,96900.0,71200.0,54192.35,15.34338333731606,17.78189424412076,7431.639999999999,13.713448484887628,0.1534338333731606,50,Software Engineer,17900.0,Debt Repayment,688,705900.0,0.6070691434468525,0.8628655151511238
U0002,2019-07,Shopping,2651.57,46760.71,54192.35,54192.35,7431.64,13.71,96900.0,71200.0,54192.35,4.89288617304841,5.670508424700994,7431.639999999999,13.713448484887628,0.0489288617304841,50,Software Engineer,17900.0,Debt Repayment,688,705900.0,0.6070691434468525,0.8628655151511238
U0002,2019-08,Bills,47936.34,141062.36,,0.0,-141062.36,0.0,96900.0,71200.0,96900.0,49.46990712074303,33.982374887248454,-44162.359999999986,-45.575190918472636,0.4946990712074303,50,Software Engineer,17900.0,Debt Repayment,688,705900.0,0.6070691434468525,1.4557519091847264
U0002,2019-08,Food,5030.57,141062.36,,0.0,-141062.36,0.0,96900.0,71200.0,96900.0,5.191506707946337,3.5662029190494193,-44162.359999999986,-45.575190918472636,0.05191506707946336,50,Software Engineer,17900.0,Debt Repayment,688,705900.0,0.6070691434468525,1.4557519091847264
U0002,2019-08,Fuel,3322.95,141062.36,,0.0,-141062.36,0.0,96900.0,71200.0,96900.0,3.4292569659442727,2.355660290952172,-44162.359999999986,-45.575190918472636,0.034292569659442725,50,Software Engineer,17900.0,Debt Repayment,688,705900.0,0.6070691434468525,1.4557519091847264
U0002,2019-08,Groceries,442.82,141062.36,,0.0,-141062.36,0.0,96900.0,71200.0,96900.0,0.4569865841073271,0.3139179012743017,-44162.359999999986,-45.575190918472636,0.004569865841073271,50,Software Engineer,17900.0,Debt Repayment,688,705900.0,0.6070691434468525,1.4557519091847264
U0002,2019-08,Insurance,8456.97,141062.36,,0.0,-141062.36,0.0,96900.0,71200.0,96900.0,8.727523219814241,5.9951995698923515,-44162.359999999986,-45.575190918472636,0.08727523219814241,50,Software Engineer,17900.0,Debt Repayment,688,705900.0,0.6070691434468525,1.4557519091847264
U0002,2019-08,Investment,20924.58,141062.36,,0.0,-141062.36,0.0,96900.0,71200.0,96900.0,21.59399380804954,14.833567225161982,-44162.359999999986,-45.575190918472636,0.21593993808049539,50,Software Engineer,17900.0,Debt Repayment,688,705900.0,0.6070691434468525,1.4557519091847264
U0002,2019-08,Miscellaneous,2020.5,141062.36,,0.0,-141062.36,0.0,96900.0,71200.0,96900.0,2.085139318885449,1.4323452407857067,-44162.359999999986,-45.575190918472636,0.02085139318885449,50,Software Engineer,17900.0,Debt Repayment,688,705900.0,0.6070691434468525,1.4557519091847264
U0002,2019-08,Rent,52927.630000000005,141062.36,,0.0,-141062.36,0.0,96900.0,71200.0,96900.0,54.62087719298246,37.520731965635626,-44162.359999999986,-45.575190918472636,0.5462087719298246,50,Software Engineer,17900.0,Debt Repayment,688,705900.0,0.6070691434468525,1.4557519091847264
U0002,2019-09,Bills,18736.97,69389.8,,0.0,-69389.8,0.0,96900.0,71200.0,96900.0,19.336398348813212,27.002484515015173,27510.199999999997,28.390299277605774,0.1933639834881321,50,Software Engineer,17900.0,Debt Repayment,688,705900.0,0.6070691434468525,0.7160970072239422
U0002,2019-09,Food,2211.12,69389.8,,0.0,-69389.8,0.0,96900.0,71200.0,96900.0,2.281857585139319,3.186520209022075,27510.199999999997,28.390299277605774,0.02281857585139319,50,Software Engineer,17900.0,Debt Repayment,688,705900.0,0.6070691434468525,0.7160970072239422
U0002,2019-09,Fuel,5867.1,69389.8,,0.0,-69389.8,0.0,96900.0,71200.0,96900.0,6.0547987616099075,8.455277288592848,27510.199999999997,28.390299277605774,0.06054798761609907,50,Software Engineer,17900.0,Debt Repayment,688,705900.0,0.6070691434468525,0.7160970072239422
U0002,2019-09,Groceries,2641.0600000000004,69389.8,,0.0,-69389.8,0.0,96900.0,71200.0,96900.0,2.7255521155830755,3.8061213607763684,27510.199999999997,28.390299277605774,0.027255521155830756,50,Software Engineer,17900.0,Debt Repayment,688,705900.0,0.6070691434468525,0.7160970072239422
U0002,2019-09,Insurance,8073.43,69389.8,,0.0,-69389.8,0.0,96900.0,71200.0,96900.0,8.33171310629515,11.634894465757215,27510.199999999997,28.390299277605774,0.0833171310629515,50,Software Engineer,17900.0,Debt Repayment,688,705900.0,0.6070691434468525,0.7160970072239422
U0002,2019-09,Rent,16422.61,69389.8,,0.0,-69389.8,0.0,96900.0,71200.0,96900.0,16.947997936016513,23.667181631882496,27510.199999999997,28.390299277605774,0.16947997936016512,50,Software Engineer,17900.0,Debt Repayment,688,705900.0,0.6070691434468525,0.7160970072239422
U0002,2019-09,Shopping,13894.18,69389.8,,0.0,-69389.8,0.0,96900.0,71200.0,96900.0,14.338679050567595,20.02337519347224,27510.199999999997,28.390299277605774,0.14338679050567596,50,Software Engineer,17900.0,Debt Repayment,688,705900.0,0.6070691434468525,0.7160970072239422
U0002,2019-09,Subscription,1543.33,69389.8,,0.0,-69389.8,0.0,96900.0,71200.0,96900.0,1.5927038183694529,2.2241453354815834,27510.199999999997,28.390299277605774,0.01592703818369453,50,Software Engineer,17900.0,Debt Repayment,688,705900.0,0.6070691434468525,0.7160970072239422
U0003,2018-01,Bills,24130.04,38022.12,,0.0,-38022.12,0.0,114800.0,32000.0,114800.0,21.01919860627178,63.463163021946166,76777.88,66.87968641114983,0.21019198606271777,36,Consultant,18100.0,Travel,789,380200.0,0.27598722415795585,0.33120313588850175
U0003,2018-01,Groceries,7103.719999999999,38022.12,,0.0,-38022.12,0.0,114800.0,32000.0,114800.0,6.187909407665504,18.683124454922552,76777.88,66.87968641114983,0.061879094076655046,36,Consultant,18100.0,Travel,789,380200.0,0.27598722415795585,0.33120313588850175
U0003,2018-01,Miscellaneous,6788.36,38022.12,,0.0,-38022.12,0.0,114800.0,32000.0,114800.0,5.913205574912891,17.85371252313127,76777.88,66.87968641114983,0.059132055749128914,36,Consultant,18100.0,Travel,789,380200.0,0.27598722415795585,0.33120313588850175
U0003,2018-02,Bills,17130.97,79631.93,,0.0,-79631.93,0.0,114800.0,32000.0,114800.0,14.922447735191637,21.512689696206035,35168.07000000001,30.634207317073177,0.14922447735191638,36,Consultant,18100.0,Travel,789,380200.0,0.27598722415795585,0.6936579268292682
U0003,2018-02,Entertainment,311.82,79631.93,,0.0,-79631.93,0.0,114800.0,32000.0,114800.0,0.27162020905923345,0.39157659496636593,35168.07000000001,30.634207317073177,0.0027162020905923344,36,Consultant,18100.0,Travel,789,380200.0,0.27598722415795585,0.6936579268292682
U0003,2018-02,Food,129.79,79631.93,,0.0,-79631.93,0.0,114800.0,32000.0,114800.0,0.1130574912891986,0.16298738458304352,35168.07000000001,30.634207317073177,0.001130574912891986,36,Consultant,18100.0,Travel,789,380200.0,0.27598722415795585,0.6936579268292682
U0003,2018-02,Groceries,3963.73,79631.93,,0.0,-79631.93,0.0,114800.0,32000.0,114800.0,3.4527264808362372,4.977563648149681,35168.07000000001,30.634207317073177,0.03452726480836237,36,Consultant,18100.0,Travel,789,380200.0,0.27598722415795585,0.6936579268292682
U0003,2018-02,Insurance,50419.38,79631.93,,0.0,-79631.93,0.0,114800.0,32000.0,114800.0,43.91932055749129,63.31553184758928,35168.07000000001,30.634207317073177,0.43919320557491287,36,Consultant,18100.0,Travel,789,380200.0,0.27598722415795585,0.6936579268292682
U0003,2018-02,Rent,7676.24,79631.93,,0.0,-79631.93,0.0,114800.0,32000.0,114800.0,6.6866202090592335,9.639650828505602,35168.07000000001,30.634207317073177,0.06686620209059234,36,Consultant,18100.0,Travel,789,380200.0,0.27598722415795585,0.6936579268292682
U0003,2018-03,Bills,26691.6,39344.36,45807.43,45807.43,6463.07,14.11,114800.0,32000.0,45807.43,58.269149786399275,67.84098152822921,6463.07,14.10921765311872,0.5826914978639928,36,Consultant,18100.0,Travel,789,380200.0,0.27598722415795585,0.8589078234688128
U0003,2018-03,Entertainment,1373.95,39344.36,45807.43,45807.43,6463.07,14.11,114800.0,32000.0,45807.43,2.999404245119187,3.492114244582959,6463.07,14.10921765311872,0.02999404245119187,36,Consultant,18100.0,Travel,789,380200.0,0.27598722415795585,0.8589078234688128
U0003,2018-03,Food,1212.12,39344.36,45807.43,45807.43,6463.07,14.11,114800.0,32000.0,45807.43,2.6461209458814867,3.080797349353249,6463.07,14.10921765311872,0.026461209458814867,36,Consultant,18100.0,Travel,789,380200.0,0.27598722415795585,0.8589078234688128
U0003,2018-03,Groceries,1040.27,39344.36,45807.43,45807.43,6463.07,14.11,114800.0,32000.0,45807.43,2.270963465970477,2.6440130173676737,6463.07,14.10921765311872,0.02270963465970477,36,Consultant,18100.0,Travel,789,380200.0,0.27598722415795585,0.8589078234688128
U0003,2018-03,Insurance,8419.12,39344.36,45807.43,45807.43,6463.07,14.11,114800.0,32000.0,45807.43,18.37937644613549,21.39854352695024,6463.07,14.10921765311872,0.18379376446135487,36,Consultant,18100.0,Travel,789,380200.0,0.27598722415795585,0.8589078234688128
U0003,2018-03,Shopping,607.3,39344.36,45807.43,45807.43,6463.07,14.11,114800.0,32000.0,45807.43,1.3257674573753646,1.5435503335166718,6463.07,14.10921765311872,0.013257674573753646,36,Consultant,18100.0,Travel,789,380200.0,0.27598722415795585,0.8589078234688128
U0003,2018-04,Bills,24706.47,35033.32,,0.0,-35033.32,0.0,114800.0,32000.0,114800.0,21.521315331010456,70.52277660238882,79766.68,69.4831707317073,0.21521315331010454,36,Consultant,18100.0,Travel,789,380200.0,0.27598722415795585,0.30516829268292683
U0003,2018-04,Entertainment,328.02,35033.32,,0.0,-35033.32,0.0,114800.0,32000.0,114800.0,0.28573170731707315,0.9363086341802603,79766.68,69.4831707317073,0.0028573170731707315,36,Consultant,18100.0,Travel,789,380200.0,0.27598722415795585,0.30516829268292683
U0003,2018-04,Food,1547.09,35033.32,,0.0,-35033.32,0.0,114800.0,32000.0,114800.0,1.3476393728222995,4.416053060343696,79766.68,69.4831707317073,0.013476393728222995,36,Consultant,18100.0,Travel,789,380200.0,0.27598722415795585,0.30516829268292683
U0003,2018-04,Groceries,1743.51,35033.32,,0.0,-35033.32,0.0,114800.0,32000.0,114800.0,1.5187369337979093,4.976719306077757,79766.68,69.4831707317073,0.015187369337979094,36,Consultant,18100.0,Travel,789,380200.0,0.27598722415795585,0.30516829268292683
U0003,2018-04,Miscellaneous,655.61,35033.32,,0.0,-35033.32,0.0,114800.0,32000.0,114800.0,0.5710888501742161,1.8713898654195493,79766.68,69.4831707317073,0.005710888501742161,36,Consultant,18100.0,Travel,789,380200.0,0.27598722415795585,0.30516829268292683
U0003,2018-04,Other,208.99,35033.32,,0.0,-35033.32,0.0,114800.0,32000.0,114800.0,0.18204703832752614,0.5965463735666503,79766.68,69.4831707317073,0.0018204703832752614,36,Consultant,18100.0,Travel,789,380200.0,0.27598722415795585,0.30516829268292683
U0003,2018-04,Shopping,5843.63,35033.32,,0.0,-35033.32,0.0,114800.0,32000.0,114800.0,5.090270034843206,16.680206158023275,79766.68,69.4831707317073,0.050902700348432056,36,Consultant,18100.0,Travel,789,380200.0,0.27598722415795585,0.30516829268292683
U0003,2018-05,Bills,11707.96,107032.57,,0.0,-107032.57,0.0,114800.0,32000.0,114800.0,10.198571428571428,10.938689036430684,7767.429999999993,6.766054006968634,0.10198571428571428,36,Consultant,18100.0,Travel,789,380200.0,0.27598722415795585,0.9323394599303136
U0003,2018-05,Food,10883.07,107032.57,,0.0,-107032.57,0.0,114800.0,32000.0,114800.0,9.48002613240418,10.167998395254827,7767.429999999993,6.766054006968634,0.0948002613240418,36,Consultant,18100.0,Travel,789,380200.0,0.27598722415795585,0.9323394599303136
U0003,2018-05,Groceries,971.0,107032.57,,0.0,-107032.57,0.0,114800.0,32000.0,114800.0,0.8458188153310104,0.9072004904675277,7767.429999999993,6.766054006968634,0.008458188153310104,36,Consultant,18100.0,Travel,789,380200.0,0.27598722415795585,0.9323394599303136
U0003,2018-05,Investment,27993.87,107032.57,,0.0,-107032.57,0.0,114800.0,32000.0,114800.0,24.38490418118467,26.154534082476015,7767.429999999993,6.766054006968634,0.2438490418118467,36,Consultant,18100.0,Travel,789,380200.0,0.27598722415795585,0.9323394599303136
U0003,2018-05,Miscellaneous,1625.65,107032.57,,0.0,-107032.57,0.0,114800.0,32000.0,114800.0,1.4160714285714286,1.5188367428718192,7767.429999999993,6.766054006968634,0.014160714285714287,36,Consultant,18100.0,Travel,789,380200.0,0.27598722415795585,0.9323394599303136
U0003,2018-05,Rent,46416.94,107032.57,,0.0,-107032.57,0.0,114800.0,32000.0,114800.0,40.43287456445993,43.36711713079486,7767.429999999993,6.766054006968634,0.4043287456445993,36,Consultant,18100.0,Travel,789,380200.0,0.27598722415795585,0.9323394599303136
U0003,2018-05,Shopping,7434.08,107032.57,,0.0,-107032.57,0.0,114800.0,32000.0,114800.0,6.475679442508711,6.945624121704262,7767.429999999993,6.766054006968634,0.06475679442508711,36,Consultant,18100.0,Travel,789,380200.0,0.27598722415795585,0.9323394599303136
U0003,2018-06,Bills,31656.39,64329.53,,0.0,-64329.53,0.0,114800.0,32000.0,114800.0,27.57525261324042,49.20973307282052,50470.47,43.96382404181185,0.2757525261324042,36,Consultant,18100.0,Travel,789,380200.0,0.27598722415795585,0.5603617595818815
U0003,2018-06,Food,391.9,64329.53,,0.0,-64329.53,0.0,114800.0,32000.0,114800.0,0.34137630662020907,0.6092070002687723,50470.47,43.96382404181185,0.0034137630662020905,36,Consultant,18100.0,Travel,789,380200.0,0.27598722415795585,0.5603617595818815
U0003,2018-06,Fuel,2820.14,64329.53,,0.0,-64329.53,0.0,114800.0,32000.0,114800.0,2.456567944250871,4.383896478024944,50470.47,43.96382404181185,0.02456567944250871,36,Consultant,18100.0,Travel,789,380200.0,0.27598722415795585,0.5603617595818815
U0003,2018-06,Groceries,516.16,64329.53,,0.0,-64329.53,0.0,114800.0,32000.0,114800.0,0.4496167247386759,0.8023686788944362,50470.47,43.96382404181185,0.004496167247386759,36,Consultant,18100.0,Travel,789,380200.0,0.27598722415795585,0.5603617595818815
U0003,2018-06,Insurance,8911.0,64329.53,,0.0,-64329.53,0.0,114800.0,32000.0,114800.0,7.762195121951219,13.852114262299134,50470.47,43.96382404181185,0.0776219512195122,36,Consultant,18100.0,Travel,789,380200.0,0.27598722415795585,0.5603617595818815
U0003,2018-06,Miscellaneous,5551.58,64329.53,,0.0,-64329.53,0.0,114800.0,32000.0,114800.0,4.8358710801393725,8.629909156805592,50470.47,43.96382404181185,0.04835871080139373,36,Consultant,18100.0,Travel,789,380200.0,0.27598722415795585,0.5603617595818815
U0003,2018-06,Shopping,13932.55,64329.53,,0.0,-64329.53,0.0,114800.0,32000.0,114800.0,12.136367595818815,21.658093880057883,50470.47,43.96382404181185,0.12136367595818814,36,Consultant,18100.0,Travel,789,380200.0,0.27598722415795585,0.5603617595818815
U0003,2018-06,Subscription,549.81,64329.53,,0.0,-64329.53,0.0,114800.0,32000.0,114800.0,0.47892857142857137,0.8546774708287158,50470.47,43.96382404181185,0.004789285714285714,36,Consultant,18100.0,Travel,789,380200.0,0.27598722415795585,0.5603617595818815
U0003,2018-07,Bills,9632.85,15614.06,,5616.31,-9997.75,-178.01,114800.0,32000.0,114800.0,8.390984320557491,61.69343527564259,99185.94,86.3989024390244,0.08390984320557492,36,Consultant,18100.0,Travel,789,380200.0,0.27598722415795585,0.13601097560975609
U0003,2018-07,Food,3324.99,15614.06,,5616.31,-9997.75,-178.01,114800.0,32000.0,114800.0,2.8963327526132403,21.29484579923479,99185.94,86.3989024390244,0.028963327526132402,36,Consultant,18100.0,Travel,789,380200.0,0.27598722415795585,0.13601097560975609
U0003,2018-07,Fuel,1662.31,15614.06,,5616.31,-9997.75,-178.01,114800.0,32000.0,114800.0,1.448005226480836,10.646238070047124,99185.94,86.3989024390244,0.014480052264808361,36,Consultant,18100.0,Travel,789,380200.0,0.27598722415795585,0.13601097560975609
U0003,2018-07,Other,195.46,15614.06,,5616.31,-9997.75,-178.01,114800.0,32000.0,114800.0,0.17026132404181185,1.2518204746235126,99185.94,86.3989024390244,0.0017026132404181185,36,Consultant,18100.0,Travel,789,380200.0,0.27598722415795585,0.13601097560975609
U0003,2018-07,Subscription,798.45,15614.06,,5616.31,-9997.75,-178.01,114800.0,32000.0,114800.0,0.69551393728223,5.113660380451978,99185.94,86.3989024390244,0.0069551393728223,36,Consultant,18100.0,Travel,789,380200.0,0.27598722415795585,0.13601097560975609
U0003,2018-08,Bills,20440.23,29822.45,176264.99,176264.99,146442.54,83.08,114800.0,32000.0,176264.99,11.596307355192884,68.53974103401967,146442.53999999998,83.08089995636682,0.11596307355192884,36,Consultant,18100.0,Travel,789,380200.0,0.27598722415795585,0.1691910004363317
U0003,2018-08,Food,2508.21,29822.45,176264.99,176264.99,146442.54,83.08,114800.0,32000.0,176264.99,1.4229768486640486,8.410476000462738,146442.53999999998,83.08089995636682,0.014229768486640485,36,Consultant,18100.0,Travel,789,380200.0,0.27598722415795585,0.1691910004363317
U0003,2018-08,Groceries,546.6,29822.45,176264.99,176264.99,146442.54,83.08,114800.0,32000.0,176264.99,0.31010128557009536,1.8328474018734209,146442.53999999998,83.08089995636682,0.003101012855700954,36,Consultant,18100.0,Travel,789,380200.0,0.27598722415795585,0.1691910004363317
U0003,2018-08,Miscellaneous,3519.91,29822.45,176264.99,176264.99,146442.54,83.08,114800.0,32000.0,176264.99,1.996942217510125,11.802886751423843,146442.53999999998,83.08089995636682,0.01996942217510125,36,Consultant,18100.0,Travel,789,380200.0,0.27598722415795585,0.1691910004363317
U0003,2018-08,Other,2807.5,29822.45,176264.99,176264.99,146442.54,83.08,114800.0,32000.0,176264.99,1.592772336696017,9.414048812220324,146442.53999999998,83.08089995636682,0.01592772336696017,36,Consultant,18100.0,Travel,789,380200.0,0.27598722415795585,0.1691910004363317
U0003,2018-09,Bills,24536.92,46315.34,,0.0,-46315.34,0.0,114800.0,32000.0,114800.0,21.37362369337979,52.97795503606365,68484.66,59.65562717770035,0.2137362369337979,36,Consultant,18100.0,Travel,789,380200.0,0.27598722415795585,0.4034437282229965
U0003,2018-09,Food,3909.99,46315.34,,0.0,-46315.34,0.0,114800.0,32000.0,114800.0,3.4059146341463413,8.44210579043574,68484.66,59.65562717770035,0.03405914634146341,36,Consultant,18100.0,Travel,789,380200.0,0.27598722415795585,0.4034437282229965
U0003,2018-09,Groceries,2851.17,46315.34,,0.0,-46315.34,0.0,114800.0,32000.0,114800.0,2.48359756097561,6.155994968405717,68484.66,59.65562717770035,0.0248359756097561,36,Consultant,18100.0,Travel,789,380200.0,0.27598722415795585,0.4034437282229965
U0003,2018-09,Miscellaneous,4110.68,46315.34,,0.0,-46315.34,0.0,114800.0,32000.0,114800.0,3.580731707317073,8.875417950078743,68484.66,59.65562717770035,0.03580731707317073,36,Consultant,18100.0,Travel,789,380200.0,0.27598722415795585,0.4034437282229965
U0003,2018-09,Shopping,10748.27,46315.34,,0.0,-46315.34,0.0,114800.0,32000.0,114800.0,9.362604529616725,23.20671725609701,68484.66,59.65562717770035,0.09362604529616725,36,Consultant,18100.0,Travel,789,380200.0,0.27598722415795585,0.4034437282229965
U0003,2018-09,Subscription,158.31,46315.34,,0.0,-46315.34,0.0,114800.0,32000.0,114800.0,0.1379006968641115,0.3418089989191486,68484.66,59.65562717770035,0.001379006968641115,36,Consultant,18100.0,Travel,789,380200.0,0.27598722415795585,0.4034437282229965
U0003,2018-10,Bills,11123.95,43228.55,,0.0,-43228.55,0.0,114800.0,32000.0,114800.0,9.689851916376307,25.73287792442726,71571.45,62.34446864111498,0.09689851916376307,36,Consultant,18100.0,Travel,789,380200.0,0.27598722415795585,0.3765553135888502
U0003,2018-10,Food,2708.18,43228.55,,0.0,-43228.55,0.0,114800.0,32000.0,114800.0,2.35904181184669,6.26479490984546,71571.45,62.34446864111498,0.023590418118466898,36,Consultant,18100.0,Travel,789,380200.0,0.27598722415795585,0.3765553135888502
U0003,2018-10,Fuel,3418.3,43228.55,,0.0,-43228.55,0.0,114800.0,32000.0,114800.0,2.9776132404181186,7.907505572127679,71571.45,62.34446864111498,0.029776132404181185,36,Consultant,18100.0,Travel,789,380200.0,0.27598722415795585,0.3765553135888502
U0003,2018-10,Rent,9960.05,43228.55,,0.0,-43228.55,0.0,114800.0,32000.0,114800.0,8.676001742160278,23.040444335977032,71571.45,62.34446864111498,0.08676001742160278,36,Consultant,18100.0,Travel,789,380200.0,0.27598722415795585,0.3765553135888502
U0003,2018-10,Shopping,15472.79,43228.55,,0.0,-43228.55,0.0,114800.0,32000.0,114800.0,13.478040069686411,35.792988661428616,71571.45,62.34446864111498,0.13478040069686412,36,Consultant,18100.0,Travel,789,380200.0,0.27598722415795585,0.3765553135888502
U0003,2018-10,Subscription,545.28,43228.55,,0.0,-43228.55,0.0,114800.0,32000.0,114800.0,0.47498257839721253,1.2613885961939504,71571.45,62.34446864111498,0.004749825783972125,36,Consultant,18100.0,Travel,789,380200.0,0.27598722415795585,0.3765553135888502
U0003,2018-11,Bills,18502.43,33027.25,,0.0,-33027.25,0.0,114800.0,32000.0,114800.0,16.11709930313589,56.021709346070296,81772.75,71.23061846689896,0.1611709930313589,36,Consultant,18100.0,Travel,789,380200.0,0.27598722415795585,0.28769381533101046
U0003,2018-11,Food,5051.38,33027.25,,0.0,-33027.25,0.0,114800.0,32000.0,114800.0,4.4001567944250874,15.294582503841525,81772.75,71.23061846689896,0.04400156794425087,36,Consultant,18100.0,Travel,789,380200.0,0.27598722415795585,0.28769381533101046
U0003,2018-11,Fuel,6104.41,33027.25,,0.0,-33027.25,0.0,114800.0,32000.0,114800.0,5.31743031358885,18.482949685486986,81772.75,71.23061846689896,0.0531743031358885,36,Consultant,18100.0,Travel,789,380200.0,0.27598722415795585,0.28769381533101046
U0003,2018-11,Groceries,1563.34,33027.25,,0.0,-33027.25,0.0,114800.0,32000.0,114800.0,1.361794425087108,4.733485228107093,81772.75,71.23061846689896,0.013617944250871079,36,Consultant,18100.0,Travel,789,380200.0,0.27598722415795585,0.28769381533101046
U0003,2018-11,Other,1805.69,33027.25,,0.0,-33027.25,0.0,114800.0,32000.0,114800.0,1.5729006968641115,5.4672732364941075,81772.75,71.23061846689896,0.015729006968641115,36,Consultant,18100.0,Travel,789,380200.0,0.27598722415795585,0.28769381533101046
U0003,2018-12,Bills,23951.14,31060.73,,1276.18,-29784.55,-2333.88,114800.0,32000.0,114800.0,20.863362369337977,77.11067962665398,83739.27,72.9436149825784,0.2086336236933798,36,Consultant,18100.0,Travel,789,380200.0,0.27598722415795585,0.270563850174216
U0003,2018-12,Entertainment,258.06,31060.73,,1276.18,-29784.55,-2333.88,114800.0,32000.0,114800.0,0.22479094076655054,0.8308240018827632,83739.27,72.9436149825784,0.0022479094076655053,36,Consultant,18100.0,Travel,789,380200.0,0.27598722415795585,0.270563850174216
U0003,2018-12,Food,266.41,31060.73,,1276.18,-29784.55,-2333.88,114800.0,32000.0,114800.0,0.2320644599303136,0.8577068214430248,83739.27,72.9436149825784,0.002320644599303136,36,Consultant,18100.0,Travel,789,380200.0,0.27598722415795585,0.270563850174216
U0003,2018-12,Fuel,5963.77,31060.73,,1276.18,-29784.55,-2333.88,114800.0,32000.0,114800.0,5.194921602787457,19.200353629808443,83739.27,72.9436149825784,0.05194921602787457,36,Consultant,18100.0,Travel,789,380200.0,0.27598722415795585,0.270563850174216
U0003,2018-12,Miscellaneous,621.35,31060.73,,1276.18,-29784.55,-2333.88,114800.0,32000.0,114800.0,0.5412456445993032,2.0004359202117916,83739.27,72.9436149825784,0.005412456445993032,36,Consultant,18100.0,Travel,789,380200.0,0.27598722415795585,0.270563850174216
U0003,2019-01,Food,1660.47,20373.1,,0.0,-20373.1,0.0,114800.0,32000.0,114800.0,1.4464024390243901,8.150306040808713,94426.9,82.25339721254355,0.014464024390243902,36,Consultant,18100.0,Travel,789,380200.0,0.27598722415795585,0.17746602787456445
U0003,2019-01,Fuel,2499.92,20373.1,,0.0,-20373.1,0.0,114800.0,32000.0,114800.0,2.177630662020906,12.270690272957971,94426.9,82.25339721254355,0.02177630662020906,36,Consultant,18100.0,Travel,789,380200.0,0.27598722415795585,0.17746602787456445
U0003,2019-01,Insurance,8417.29,20373.1,,0.0,-20373.1,0.0,114800.0,32000.0,114800.0,7.332134146341464,41.315705513642996,94426.9,82.25339721254355,0.07332134146341464,36,Consultant,18100.0,Travel,789,380200.0,0.27598722415795585,0.17746602787456445
U0003,2019-01,Miscellaneous,7437.280000000001,20373.1,,0.0,-20373.1,0.0,114800.0,32000.0,114800.0,6.4784668989547045,36.505391913847184,94426.9,82.25339721254355,0.06478466898954705,36,Consultant,18100.0,Travel,789,380200.0,0.27598722415795585,0.17746602787456445
U0003,2019-01,Other,358.14,20373.1,,0.0,-20373.1,0.0,114800.0,32000.0,114800.0,0.31196864111498257,1.7579062587431467,94426.9,82.25339721254355,0.0031196864111498255,36,Consultant,18100.0,Travel,789,380200.0,0.27598722415795585,0.17746602787456445
U0003,2019-02,Bills,5659.7,16919.07,,0.0,-16919.07,0.0,114800.0,32000.0,114800.0,4.930052264808362,33.45160224527707,97880.93,85.26213414634147,0.04930052264808362,36,Consultant,18100.0,Travel,789,380200.0,0.27598722415795585,0.14737865853658536
U0003,2019-02,Food,1243.3,16919.07,,0.0,-16919.07,0.0,114800.0,32000.0,114800.0,1.08301393728223,7.348512654655368,97880.93,85.26213414634147,0.0108301393728223,36,Consultant,18100.0,Travel,789,380200.0,0.27598722415795585,0.14737865853658536
U0003,2019-02,Fuel,2476.33,16919.07,,0.0,-16919.07,0.0,114800.0,32000.0,114800.0,2.157081881533101,14.636324573395582,97880.93,85.26213414634147,0.02157081881533101,36,Consultant,18100.0,Travel,789,380200.0,0.27598722415795585,0.14737865853658536
U0003,2019-02,Groceries,2566.62,16919.07,,0.0,-16919.07,0.0,114800.0,32000.0,114800.0,2.2357317073170733,15.169982747278663,97880.93,85.26213414634147,0.02235731707317073,36,Consultant,18100.0,Travel,789,380200.0,0.27598722415795585,0.14737865853658536
U0003,2019-02,Miscellaneous,2596.12,16919.07,,0.0,-16919.07,0.0,114800.0,32000.0,114800.0,2.261428571428571,15.34434221266299,97880.93,85.26213414634147,0.022614285714285712,36,Consultant,18100.0,Travel,789,380200.0,0.27598722415795585,0.14737865853658536
U0003,2019-02,Other,2089.0,16919.07,,0.0,-16919.07,0.0,114800.0,32000.0,114800.0,1.8196864111498259,12.347014345351132,97880.93,85.26213414634147,0.01819686411149826,36,Consultant,18100.0,Travel,789,380200.0,0.27598722415795585,0.14737865853658536
U0003,2019-02,Shopping,288.0,16919.07,,0.0,-16919.07,0.0,114800.0,32000.0,114800.0,0.2508710801393728,1.7022212213791892,97880.93,85.26213414634147,0.0025087108013937282,36,Consultant,18100.0,Travel,789,380200.0,0.27598722415795585,0.14737865853658536
U0003,2019-03,Bills,11043.42,19657.07,,0.0,-19657.07,0.0,114800.0,32000.0,114800.0,9.619703832752613,56.18039718025118,95142.93,82.87711672473867,0.09619703832752613,36,Consultant,18100.0,Travel,789,380200.0,0.27598722415795585,0.17122883275261325
U0003,2019-03,Food,2451.38,19657.07,,0.0,-19657.07,0.0,114800.0,32000.0,114800.0,2.1353484320557494,12.470729360988186,95142.93,82.87711672473867,0.021353484320557493,36,Consultant,18100.0,Travel,789,380200.0,0.27598722415795585,0.17122883275261325
U0003,2019-03,Fuel,3432.01,19657.07,,0.0,-19657.07,0.0,114800.0,32000.0,114800.0,2.98955574912892,17.459417909179752,95142.93,82.87711672473867,0.0298955574912892,36,Consultant,18100.0,Travel,789,380200.0,0.27598722415795585,0.17122883275261325
U0003,2019-03,Groceries,2114.55,19657.07,,0.0,-19657.07,0.0,114800.0,32000.0,114800.0,1.8419425087108015,10.757198300662306,95142.93,82.87711672473867,0.018419425087108015,36,Consultant,18100.0,Travel,789,380200.0,0.27598722415795585,0.17122883275261325
U0003,2019-03,Shopping,615.71,19657.07,,0.0,-19657.07,0.0,114800.0,32000.0,114800.0,0.5363327526132404,3.1322572489185823,95142.93,82.87711672473867,0.005363327526132404,36,Consultant,18100.0,Travel,789,380200.0,0.27598722415795585,0.17122883275261325
U0003,2019-04,Bills,26784.63,43879.56,,0.0,-43879.56,0.0,114800.0,32000.0,114800.0,23.33155923344948,61.04124562780484,70920.44,61.77738675958189,0.23331559233449478,36,Consultant,18100.0,Travel,789,380200.0,0.27598722415795585,0.3822261324041812
U0003,2019-04,Food,116.0,43879.56,,0.0,-43879.56,0.0,114800.0,32000.0,114800.0,0.10104529616724739,0.26435998902450253,70920.44,61.77738675958189,0.0010104529616724739,36,Consultant,18100.0,Travel,789,380200.0,0.27598722415795585,0.3822261324041812
U0003,2019-04,Fuel,7217.4,43879.56,,0.0,-43879.56,0.0,114800.0,32000.0,114800.0,6.286933797909406,16.448205041253832,70920.44,61.77738675958189,0.06286933797909407,36,Consultant,18100.0,Travel,789,380200.0,0.27598722415795585,0.3822261324041812
U0003,2019-04,Groceries,1669.6,43879.56,,0.0,-43879.56,0.0,114800.0,32000.0,114800.0,1.4543554006968642,3.804960669614736,70920.44,61.77738675958189,0.014543554006968641,36,Consultant,18100.0,Travel,789,380200.0,0.27598722415795585,0.3822261324041812
U0003,2019-04,Other,499.85,43879.56,,0.0,-43879.56,0.0,114800.0,32000.0,114800.0,0.43540940766550523,1.1391408664991172,70920.44,61.77738675958189,0.004354094076655052,36,Consultant,18100.0,Travel,789,380200.0,0.27598722415795585,0.3822261324041812
U0003,2019-04,Rent,7592.08,43879.56,,0.0,-43879.56,0.0,114800.0,32000.0,114800.0,6.613310104529617,17.302087805802977,70920.44,61.77738675958189,0.06613310104529617,36,Consultant,18100.0,Travel,789,380200.0,0.27598722415795585,0.3822261324041812
U0003,2019-05,Bills,12200.83,19948.27,,0.0,-19948.27,0.0,114800.0,32000.0,114800.0,10.627900696864112,61.16234640898684,94851.73,82.62345818815331,0.10627900696864112,36,Consultant,18100.0,Travel,789,380200.0,0.27598722415795585,0.1737654181184669
U0003,2019-05,Food,460.2,19948.27,,0.0,-19948.27,0.0,114800.0,32000.0,114800.0,0.4008710801393728,2.306966970068081,94851.73,82.62345818815331,0.004008710801393728,36,Consultant,18100.0,Travel,789,380200.0,0.27598722415795585,0.1737654181184669
U0003,2019-05,Fuel,3317.35,19948.27,,0.0,-19948.27,0.0,114800.0,32000.0,114800.0,2.889677700348432,16.629762881693498,94851.73,82.62345818815331,0.02889677700348432,36,Consultant,18100.0,Travel,789,380200.0,0.27598722415795585,0.1737654181184669
U0003,2019-05,Groceries,3084.35,19948.27,,0.0,-19948.27,0.0,114800.0,32000.0,114800.0,2.686716027874564,15.461741795153165,94851.73,82.62345818815331,0.026867160278745642,36,Consultant,18100.0,Travel,789,380200.0,0.27598722415795585,0.1737654181184669
U0003,2019-05,Miscellaneous,597.54,19948.27,,0.0,-19948.27,0.0,114800.0,32000.0,114800.0,0.5205052264808362,2.9954477255421144,94851.73,82.62345818815331,0.005205052264808362,36,Consultant,18100.0,Travel,789,380200.0,0.27598722415795585,0.1737654181184669
U0003,2019-05,Shopping,288.0,19948.27,,0.0,-19948.27,0.0,114800.0,32000.0,114800.0,0.2508710801393728,1.4437342185562958,94851.73,82.62345818815331,0.0025087108013937282,36,Consultant,18100.0,Travel,789,380200.0,0.27598722415795585,0.1737654181184669
U0003,2019-06,Bills,20986.31,41163.68,,0.0,-41163.68,0.0,114800.0,32000.0,114800.0,18.280757839721257,50.98258950608886,73636.32,64.14313588850175,0.18280757839721257,36,Consultant,18100.0,Travel,789,380200.0,0.27598722415795585,0.3585686411149826
U0003,2019-06,Entertainment,269.08,41163.68,,0.0,-41163.68,0.0,114800.0,32000.0,114800.0,0.23439024390243898,0.6536830526328063,73636.32,64.14313588850175,0.00234390243902439,36,Consultant,18100.0,Travel,789,380200.0,0.27598722415795585,0.3585686411149826
U0003,2019-06,Food,853.9,41163.68,,0.0,-41163.68,0.0,114800.0,32000.0,114800.0,0.7438153310104529,2.074401511235147,73636.32,64.14313588850175,0.007438153310104529,36,Consultant,18100.0,Travel,789,380200.0,0.27598722415795585,0.3585686411149826
U0003,2019-06,Fuel,3951.02,41163.68,,0.0,-41163.68,0.0,114800.0,32000.0,114800.0,3.4416550522648084,9.598315796838378,73636.32,64.14313588850175,0.03441655052264808,36,Consultant,18100.0,Travel,789,380200.0,0.27598722415795585,0.3585686411149826
U0003,2019-06,Groceries,712.97,41163.68,,0.0,-41163.68,0.0,114800.0,32000.0,114800.0,0.6210540069686412,1.732036591480645,73636.32,64.14313588850175,0.006210540069686412,36,Consultant,18100.0,Travel,789,380200.0,0.27598722415795585,0.3585686411149826
U0003,2019-06,Insurance,14390.4,41163.68,,0.0,-41163.68,0.0,114800.0,32000.0,114800.0,12.53519163763066,34.958973541724156,73636.32,64.14313588850175,0.1253519163763066,36,Consultant,18100.0,Travel,789,380200.0,0.27598722415795585,0.3585686411149826
U0003,2019-07,Bills,9888.71,20738.95,,0.0,-20738.95,0.0,114800.0,32000.0,114800.0,8.613858885017422,47.68182574334766,94061.05,81.93471254355401,0.08613858885017421,36,Consultant,18100.0,Travel,789,380200.0,0.27598722415795585,0.18065287456445994
U0003,2019-07,Entertainment,202.95,20738.95,,0.0,-20738.95,0.0,114800.0,32000.0,114800.0,0.1767857142857143,0.9785934196282838,94061.05,81.93471254355401,0.0017678571428571428,36,Consultant,18100.0,Travel,789,380200.0,0.27598722415795585,0.18065287456445994
U0003,2019-07,Food,173.53,20738.95,,0.0,-20738.95,0.0,114800.0,32000.0,114800.0,0.15115853658536585,0.8367347430800498,94061.05,81.93471254355401,0.0015115853658536585,36,Consultant,18100.0,Travel,789,380200.0,0.27598722415795585,0.18065287456445994
U0003,2019-07,Fuel,3701.95,20738.95,,0.0,-20738.95,0.0,114800.0,32000.0,114800.0,3.2246951219512194,17.85022867599372,94061.05,81.93471254355401,0.032246951219512196,36,Consultant,18100.0,Travel,789,380200.0,0.27598722415795585,0.18065287456445994
U0003,2019-07,Groceries,6668.599999999999,20738.95,,0.0,-20738.95,0.0,114800.0,32000.0,114800.0,5.808885017421602,32.154954807258804,94061.05,81.93471254355401,0.05808885017421602,36,Consultant,18100.0,Travel,789,380200.0,0.27598722415795585,0.18065287456445994
U0003,2019-07,Other,103.21,20738.95,,0.0,-20738.95,0.0,114800.0,32000.0,114800.0,0.08990418118466899,0.49766261069147666,94061.05,81.93471254355401,0.0008990418118466899,36,Consultant,18100.0,Travel,789,380200.0,0.27598722415795585,0.18065287456445994
U0003,2019-08,Bills,22795.24,30883.91,,0.0,-30883.91,0.0,114800.0,32000.0,114800.0,19.856480836236933,73.80943669373471,83916.09,73.0976393728223,0.19856480836236934,36,Consultant,18100.0,Travel,789,380200.0,0.27598722415795585,0.269023606271777
U0003,2019-08,Food,6284.33,30883.91,,0.0,-30883.91,0.0,114800.0,32000.0,114800.0,5.474155052264808,20.34823310908496,83916.09,73.0976393728223,0.054741550522648084,36,Consultant,18100.0,Travel,789,380200.0,0.27598722415795585,0.269023606271777
U0003,2019-08,Other,1804.34,30883.91,,0.0,-30883.91,0.0,114800.0,32000.0,114800.0,1.5717247386759583,5.842330197180344,83916.09,73.0976393728223,0.015717247386759583,36,Consultant,18100.0,Travel,789,380200.0,0.27598722415795585,0.269023606271777
U0003,2019-09,Bills,992.67,26349.76,,0.0,-26349.76,0.0,114800.0,32000.0,114800.0,0.8646951219512194,3.7672828898631336,88450.24,77.0472473867596,0.008646951219512195,36,Consultant,18100.0,Travel,789,380200.0,0.27598722415795585,0.22952752613240418
U0003,2019-09,Food,2645.09,26349.76,,0.0,-26349.76,0.0,114800.0,32000.0,114800.0,2.3040853658536586,10.038383651312195,88450.24,77.0472473867596,0.023040853658536586,36,Consultant,18100.0,Travel,789,380200.0,0.27598722415795585,0.22952752613240418
U0003,2019-09,Fuel,3305.27,26349.76,,0.0,-26349.76,0.0,114800.0,32000.0,114800.0,2.8791550522648084,12.543833416319542,88450.24,77.0472473867596,0.028791550522648084,36,Consultant,18100.0,Travel,789,380200.0,0.27598722415795585,0.22952752613240418
U0003,2019-09,Groceries,544.2,26349.76,,0.0,-26349.76,0.0,114800.0,32000.0,114800.0,0.4740418118466899,2.065293953341511,88450.24,77.0472473867596,0.004740418118466899,36,Consultant,18100.0,Travel,789,380200.0,0.27598722415795585,0.22952752613240418
U0003,2019-09,Other,5327.02,26349.76,,0.0,-26349.76,0.0,114800.0,32000.0,114800.0,4.640261324041813,20.216578822729318,88450.24,77.0472473867596,0.046402613240418125,36,Consultant,18100.0,Travel,789,380200.0,0.27598722415795585,0.22952752613240418
U0003,2019-09,Shopping,12813.74,26349.76,,0.0,-26349.76,0.0,114800.0,32000.0,114800.0,11.161794425087109,48.629437232065875,88450.24,77.0472473867596,0.11161794425087108,36,Consultant,18100.0,Travel,789,380200.0,0.27598722415795585,0.22952752613240418
U0003,2019-09,Subscription,721.77,26349.76,,0.0,-26349.76,0.0,114800.0,32000.0,114800.0,0.628719512195122,2.7391900343684346,88450.24,77.0472473867596,0.00628719512195122,36,Consultant,18100.0,Travel,789,380200.0,0.27598722415795585,0.22952752613240418
U0003,2019-10,Shopping,29956.29,29956.29,,0.0,-29956.29,0.0,114800.0,32000.0,114800.0,26.094329268292682,100.0,84843.70999999999,73.9056707317073,0.2609432926829268,36,Consultant,18100.0,Travel,789,380200.0,0.27598722415795585,0.2609432926829268
U0004,2018-01,Bills,5983.69,16260.179999999998,,0.0,-16260.18,0.0,114800.0,30200.0,114800.0,5.212273519163762,36.79965412437009,98539.82,85.83608013937283,0.052122735191637626,29,Government Employee,11800.0,Business Investment,801,408100.0,0.296239837398374,0.14163919860627178
U0004,2018-01,Entertainment,747.25,16260.179999999998,,0.0,-16260.18,0.0,114800.0,30200.0,114800.0,0.6509146341463414,4.595582582726637,98539.82,85.83608013937283,0.006509146341463414,29,Government Employee,11800.0,Business Investment,801,408100.0,0.296239837398374,0.14163919860627178
U0004,2018-01,Food,1161.85,16260.179999999998,,0.0,-16260.18,0.0,114800.0,30200.0,114800.0,1.0120644599303135,7.145369854454256,98539.82,85.83608013937283,0.010120644599303135,29,Government Employee,11800.0,Business Investment,801,408100.0,0.296239837398374,0.14163919860627178
U0004,2018-01,Fuel,2574.75,16260.179999999998,,0.0,-16260.18,0.0,114800.0,30200.0,114800.0,2.2428135888501743,15.834695556875754,98539.82,85.83608013937283,0.022428135888501743,29,Government Employee,11800.0,Business Investment,801,408100.0,0.296239837398374,0.14163919860627178
U0004,2018-01,Miscellaneous,101.55,16260.179999999998,,0.0,-16260.18,0.0,114800.0,30200.0,114800.0,0.08845818815331011,0.6245318317509401,98539.82,85.83608013937283,0.000884581881533101,29,Government Employee,11800.0,Business Investment,801,408100.0,0.296239837398374,0.14163919860627178
U0004,2018-01,Other,653.9300000000001,16260.179999999998,,0.0,-16260.18,0.0,114800.0,30200.0,114800.0,0.5696254355400697,4.02166519681824,98539.82,85.83608013937283,0.005696254355400697,29,Government Employee,11800.0,Business Investment,801,408100.0,0.296239837398374,0.14163919860627178
U0004,2018-01,Shopping,5037.16,16260.179999999998,,0.0,-16260.18,0.0,114800.0,30200.0,114800.0,4.387770034843205,30.978500853004086,98539.82,85.83608013937283,0.04387770034843205,29,Government Employee,11800.0,Business Investment,801,408100.0,0.296239837398374,0.14163919860627178
U0004,2018-02,Bills,22326.99,36229.33,,0.0,-36229.33,0.0,114800.0,30200.0,114800.0,19.44859756097561,61.62683659896554,78570.67,68.44135017421603,0.1944859756097561,29,Government Employee,11800.0,Business Investment,801,408100.0,0.296239837398374,0.31558649825783974
U0004,2018-02,Fuel,4201.13,36229.33,,0.0,-36229.33,0.0,114800.0,30200.0,114800.0,3.659520905923345,11.595936220736073,78570.67,68.44135017421603,0.03659520905923345,29,Government Employee,11800.0,Business Investment,801,408100.0,0.296239837398374,0.31558649825783974
U0004,2018-02,Groceries,1716.99,36229.33,,0.0,-36229.33,0.0,114800.0,30200.0,114800.0,1.4956358885017422,4.739226477552855,78570.67,68.44135017421603,0.014956358885017422,29,Government Employee,11800.0,Business Investment,801,408100.0,0.296239837398374,0.31558649825783974
U0004,2018-02,Rent,7696.22,36229.33,,0.0,-36229.33,0.0,114800.0,30200.0,114800.0,6.7040243902439025,21.243064666114446,78570.67,68.44135017421603,0.06704024390243903,29,Government Employee,11800.0,Business Investment,801,408100.0,0.296239837398374,0.31558649825783974
U0004,2018-02,Shopping,288.0,36229.33,,0.0,-36229.33,0.0,114800.0,30200.0,114800.0,0.2508710801393728,0.7949360366310942,78570.67,68.44135017421603,0.0025087108013937282,29,Government Employee,11800.0,Business Investment,801,408100.0,0.296239837398374,0.31558649825783974
U0004,2018-03,Bills,11993.94,30210.71,,0.0,-30210.71,0.0,114800.0,30200.0,114800.0,10.447682926829268,39.70095373461928,84589.29000000001,73.68405052264809,0.10447682926829269,29,Government Employee,11800.0,Business Investment,801,408100.0,0.296239837398374,0.26315949477351913
U0004,2018-03,Entertainment,2115.1,30210.71,,0.0,-30210.71,0.0,114800.0,30200.0,114800.0,1.8424216027874565,7.001159522566666,84589.29000000001,73.68405052264809,0.018424216027874564,29,Government Employee,11800.0,Business Investment,801,408100.0,0.296239837398374,0.26315949477351913
U0004,2018-03,Food,515.4100000000001,30210.71,,0.0,-30210.71,0.0,114800.0,30200.0,114800.0,0.4489634146341464,1.7060506025843156,84589.29000000001,73.68405052264809,0.004489634146341464,29,Government Employee,11800.0,Business Investment,801,408100.0,0.296239837398374,0.26315949477351913
U0004,2018-03,Fuel,1437.08,30210.71,,0.0,-30210.71,0.0,114800.0,30200.0,114800.0,1.2518118466898953,4.756856095073568,84589.29000000001,73.68405052264809,0.012518118466898953,29,Government Employee,11800.0,Business Investment,801,408100.0,0.296239837398374,0.26315949477351913
U0004,2018-03,Groceries,3573.22,30210.71,,0.0,-30210.71,0.0,114800.0,30200.0,114800.0,3.112560975609756,11.827659793497073,84589.29000000001,73.68405052264809,0.031125609756097558,29,Government Employee,11800.0,Business Investment,801,408100.0,0.296239837398374,0.26315949477351913
U0004,2018-03,Insurance,8637.27,30210.71,,0.0,-30210.71,0.0,114800.0,30200.0,114800.0,7.523754355400697,28.59009271877424,84589.29000000001,73.68405052264809,0.07523754355400697,29,Government Employee,11800.0,Business Investment,801,408100.0,0.296239837398374,0.26315949477351913
U0004,2018-03,Miscellaneous,1650.69,30210.71,,0.0,-30210.71,0.0,114800.0,30200.0,114800.0,1.437883275261324,5.463923224578304,84589.29000000001,73.68405052264809,0.01437883275261324,29,Government Employee,11800.0,Business Investment,801,408100.0,0.296239837398374,0.26315949477351913
U0004,2018-03,Shopping,288.0,30210.71,,0.0,-30210.71,0.0,114800.0,30200.0,114800.0,0.2508710801393728,0.9533043083065575,84589.29000000001,73.68405052264809,0.0025087108013937282,29,Government Employee,11800.0,Business Investment,801,408100.0,0.296239837398374,0.26315949477351913
U0004,2018-04,Bills,3586.29,102846.79,141258.69,141258.69,38411.9,27.19,114800.0,30200.0,141258.69,2.53881017868706,3.4870218117648593,38411.90000000001,27.19259254067839,0.0253881017868706,29,Government Employee,11800.0,Business Investment,801,408100.0,0.296239837398374,0.7280740745932162
U0004,2018-04,Food,316.28,102846.79,141258.69,141258.69,38411.9,27.19,114800.0,30200.0,141258.69,0.22390126936615365,0.3075253977299632,38411.90000000001,27.19259254067839,0.0022390126936615365,29,Government Employee,11800.0,Business Investment,801,408100.0,0.296239837398374,0.7280740745932162
U0004,2018-04,Fuel,2852.6600000000003,102846.79,141258.69,141258.69,38411.9,27.19,114800.0,30200.0,141258.69,2.019458059536019,2.773698624915761,38411.90000000001,27.19259254067839,0.02019458059536019,29,Government Employee,11800.0,Business Investment,801,408100.0,0.296239837398374,0.7280740745932162
U0004,2018-04,Groceries,1719.61,102846.79,141258.69,141258.69,38411.9,27.19,114800.0,30200.0,141258.69,1.217348115008004,1.672011348142222,38411.90000000001,27.19259254067839,0.01217348115008004,29,Government Employee,11800.0,Business Investment,801,408100.0,0.296239837398374,0.7280740745932162
U0004,2018-04,Other,590.48,102846.79,141258.69,141258.69,38411.9,27.19,114800.0,30200.0,141258.69,0.4180132209919262,0.5741355661173285,38411.90000000001,27.19259254067839,0.004180132209919262,29,Government Employee,11800.0,Business Investment,801,408100.0,0.296239837398374,0.7280740745932162
U0004,2018-04,Rent,89615.03,102846.79,141258.69,141258.69,38411.9,27.19,114800.0,30200.0,141258.69,63.44036604048926,87.13449393996643,38411.90000000001,27.19259254067839,0.6344036604048926,29,Government Employee,11800.0,Business Investment,801,408100.0,0.296239837398374,0.7280740745932162
U0004,2018-04,Shopping,4166.44,102846.79,141258.69,141258.69,38411.9,27.19,114800.0,30200.0,141258.69,2.9495105752431936,4.051113311363436,38411.90000000001,27.19259254067839,0.029495105752431937,29,Government Employee,11800.0,Business Investment,801,408100.0,0.296239837398374,0.7280740745932162
U0004,2018-05,Bills,13107.98,74811.37,42733.93,42733.93,-32077.44,-75.06,114800.0,30200.0,42733.93,30.673471875860702,17.521374090596122,-32077.439999999995,-75.06316409466669,0.30673471875860703,29,Government Employee,11800.0,Business Investment,801,408100.0,0.296239837398374,1.750631640946667
U0004,2018-05,Food,116.0,74811.37,42733.93,42733.93,-32077.44,-75.06,114800.0,30200.0,42733.93,0.27144706793875495,0.1550566444646048,-32077.439999999995,-75.06316409466669,0.0027144706793875498,29,Government Employee,11800.0,Business Investment,801,408100.0,0.296239837398374,1.750631640946667
U0004,2018-05,Fuel,3157.15,74811.37,42733.93,42733.93,-32077.44,-75.06,114800.0,30200.0,42733.93,7.387923366748623,4.220147285098508,-32077.439999999995,-75.06316409466669,0.07387923366748624,29,Government Employee,11800.0,Business Investment,801,408100.0,0.296239837398374,1.750631640946667
U0004,2018-05,Other,6917.17,74811.37,42733.93,42733.93,-32077.44,-75.06,114800.0,30200.0,42733.93,16.186599266671706,9.246148011993364,-32077.439999999995,-75.06316409466669,0.16186599266671706,29,Government Employee,11800.0,Business Investment,801,408100.0,0.296239837398374,1.750631640946667
U0004,2018-05,Rent,47210.31,74811.37,42733.93,42733.93,-32077.44,-75.06,114800.0,30200.0,42733.93,110.47500194810071,63.10579528218773,-32077.439999999995,-75.06316409466669,1.1047500194810072,29,Government Employee,11800.0,Business Investment,801,408100.0,0.296239837398374,1.750631640946667
U0004,2018-05,Shopping,3839.47,74811.37,42733.93,42733.93,-32077.44,-75.06,114800.0,30200.0,42733.93,8.984593740851823,5.132201161401001,-32077.439999999995,-75.06316409466669,0.08984593740851823,29,Government Employee,11800.0,Business Investment,801,408100.0,0.296239837398374,1.750631640946667
U0004,2018-05,Subscription,463.29,74811.37,42733.93,42733.93,-32077.44,-75.06,114800.0,30200.0,42733.93,1.0841268284943604,0.619277524258679,-32077.439999999995,-75.06316409466669,0.010841268284943605,29,Government Employee,11800.0,Business Investment,801,408100.0,0.296239837398374,1.750631640946667
U0004,2018-06,Bills,14000.42,17505.29,,0.0,-17505.29,0.0,114800.0,30200.0,114800.0,12.195487804878049,79.97822372551383,97294.70999999999,84.75148954703832,0.12195487804878048,29,Government Employee,11800.0,Business Investment,801,408100.0,0.296239837398374,0.15248510452961672
U0004,2018-06,Food,1119.27,17505.29,,0.0,-17505.29,0.0,114800.0,30200.0,114800.0,0.9749738675958188,6.393895788073205,97294.70999999999,84.75148954703832,0.009749738675958188,29,Government Employee,11800.0,Business Investment,801,408100.0,0.296239837398374,0.15248510452961672
U0004,2018-06,Groceries,1625.44,17505.29,,0.0,-17505.29,0.0,114800.0,30200.0,114800.0,1.4158885017421603,9.285421721091167,97294.70999999999,84.75148954703832,0.014158885017421604,29,Government Employee,11800.0,Business Investment,801,408100.0,0.296239837398374,0.15248510452961672
U0004,2018-06,Subscription,760.16,17505.29,,0.0,-17505.29,0.0,114800.0,30200.0,114800.0,0.6621602787456445,4.342458765321797,97294.70999999999,84.75148954703832,0.006621602787456445,29,Government Employee,11800.0,Business Investment,801,408100.0,0.296239837398374,0.15248510452961672
U0004,2018-07,Bills,6096.61,56433.56,,0.0,-56433.56,0.0,114800.0,30200.0,114800.0,5.310635888501742,10.803163932950536,58366.44,50.841846689895476,0.05310635888501742,29,Government Employee,11800.0,Business Investment,801,408100.0,0.296239837398374,0.4915815331010453
U0004,2018-07,Food,2269.2200000000003,56433.56,,0.0,-56433.56,0.0,114800.0,30200.0,114800.0,1.976672473867596,4.021047050726554,58366.44,50.841846689895476,0.01976672473867596,29,Government Employee,11800.0,Business Investment,801,408100.0,0.296239837398374,0.4915815331010453
U0004,2018-07,Fuel,3062.25,56433.56,,0.0,-56433.56,0.0,114800.0,30200.0,114800.0,2.667465156794425,5.426292440172125,58366.44,50.841846689895476,0.02667465156794425,29,Government Employee,11800.0,Business Investment,801,408100.0,0.296239837398374,0.4915815331010453
U0004,2018-07,Miscellaneous,1520.48,56433.56,,0.0,-56433.56,0.0,114800.0,30200.0,114800.0,1.3244599303135889,2.6942833306989673,58366.44,50.841846689895476,0.013244599303135889,29,Government Employee,11800.0,Business Investment,801,408100.0,0.296239837398374,0.4915815331010453
U0004,2018-07,Rent,43485.0,56433.56,,0.0,-56433.56,0.0,114800.0,30200.0,114800.0,37.87891986062718,77.05521324545182,58366.44,50.841846689895476,0.3787891986062718,29,Government Employee,11800.0,Business Investment,801,408100.0,0.296239837398374,0.4915815331010453
U0004,2018-08,Bills,9959.45,30223.47,,0.0,-30223.47,0.0,114800.0,30200.0,114800.0,8.675479094076657,32.95270198954653,84576.53,73.67293554006969,0.08675479094076656,29,Government Employee,11800.0,Business Investment,801,408100.0,0.296239837398374,0.26327064459930316
U0004,2018-08,Food,2166.11,30223.47,,0.0,-30223.47,0.0,114800.0,30200.0,114800.0,1.8868554006968643,7.1669798338840645,84576.53,73.67293554006969,0.018868554006968644,29,Government Employee,11800.0,Business Investment,801,408100.0,0.296239837398374,0.26327064459930316
U0004,2018-08,Insurance,8336.57,30223.47,,0.0,-30223.47,0.0,114800.0,30200.0,114800.0,7.261820557491289,27.583100153622333,84576.53,73.67293554006969,0.07261820557491289,29,Government Employee,11800.0,Business Investment,801,408100.0,0.296239837398374,0.26327064459930316
U0004,2018-08,Miscellaneous,75.16,30223.47,,0.0,-30223.47,0.0,114800.0,30200.0,114800.0,0.06547038327526132,0.24868090924040154,84576.53,73.67293554006969,0.0006547038327526133,29,Government Employee,11800.0,Business Investment,801,408100.0,0.296239837398374,0.26327064459930316
U0004,2018-08,Shopping,9686.18,30223.47,,0.0,-30223.47,0.0,114800.0,30200.0,114800.0,8.437439024390244,32.048537113706665,84576.53,73.67293554006969,0.08437439024390245,29,Government Employee,11800.0,Business Investment,801,408100.0,0.296239837398374,0.26327064459930316
U0004,2018-09,Bills,25210.7,71757.25,,0.0,-71757.25,0.0,114800.0,30200.0,114800.0,21.960540069686413,35.1333140553742,43042.75,37.493684668989545,0.21960540069686413,29,Government Employee,11800.0,Business Investment,801,408100.0,0.296239837398374,0.6250631533101045
U0004,2018-09,Food,590.21,71757.25,,0.0,-71757.25,0.0,114800.0,30200.0,114800.0,0.5141202090592335,0.8225092238066537,43042.75,37.493684668989545,0.005141202090592335,29,Government Employee,11800.0,Business Investment,801,408100.0,0.296239837398374,0.6250631533101045
U0004,2018-09,Fuel,2031.23,71757.25,,0.0,-71757.25,0.0,114800.0,30200.0,114800.0,1.769364111498258,2.8306965498259755,43042.75,37.493684668989545,0.01769364111498258,29,Government Employee,11800.0,Business Investment,801,408100.0,0.296239837398374,0.6250631533101045
U0004,2018-09,Groceries,639.1,71757.25,,0.0,-71757.25,0.0,114800.0,30200.0,114800.0,0.5567073170731708,0.890641712161489,43042.75,37.493684668989545,0.005567073170731708,29,Government Employee,11800.0,Business Investment,801,408100.0,0.296239837398374,0.6250631533101045
U0004,2018-09,Insurance,29420.5,71757.25,,0.0,-71757.25,0.0,114800.0,30200.0,114800.0,25.627613240418118,41.00003832365371,43042.75,37.493684668989545,0.2562761324041812,29,Government Employee,11800.0,Business Investment,801,408100.0,0.296239837398374,0.6250631533101045
U0004,2018-09,Other,1795.75,71757.25,,0.0,-71757.25,0.0,114800.0,30200.0,114800.0,1.5642421602787455,2.502534587097471,43042.75,37.493684668989545,0.015642421602787455,29,Government Employee,11800.0,Business Investment,801,408100.0,0.296239837398374,0.6250631533101045
U0004,2018-09,Shopping,12069.76,71757.25,,0.0,-71757.25,0.0,114800.0,30200.0,114800.0,10.513728222996516,16.820265548080506,43042.75,37.493684668989545,0.10513728222996516,29,Government Employee,11800.0,Business Investment,801,408100.0,0.296239837398374,0.6250631533101045
U0004,2018-10,Bills,21785.75,36008.97,,0.0,-36008.97,0.0,114800.0,30200.0,114800.0,18.977134146341463,60.500897415282914,78791.03,68.63330139372822,0.18977134146341462,29,Government Employee,11800.0,Business Investment,801,408100.0,0.296239837398374,0.31366698606271776
U0004,2018-10,Food,1662.28,36008.97,,0.0,-36008.97,0.0,114800.0,30200.0,114800.0,1.447979094076655,4.616294217801842,78791.03,68.63330139372822,0.01447979094076655,29,Government Employee,11800.0,Business Investment,801,408100.0,0.296239837398374,0.31366698606271776
U0004,2018-10,Groceries,3970.730000000001,36008.97,,0.0,-36008.97,0.0,114800.0,30200.0,114800.0,3.4588240418118477,11.027057980275472,78791.03,68.63330139372822,0.03458824041811848,29,Government Employee,11800.0,Business Investment,801,408100.0,0.296239837398374,0.31366698606271776
U0004,2018-10,Rent,8441.21,36008.97,,0.0,-36008.97,0.0,114800.0,30200.0,114800.0,7.35297038327526,23.44196459937621,78791.03,68.63330139372822,0.0735297038327526,29,Government Employee,11800.0,Business Investment,801,408100.0,0.296239837398374,0.31366698606271776
U0004,2018-10,Subscription,149.0,36008.97,,0.0,-36008.97,0.0,114800.0,30200.0,114800.0,0.1297909407665505,0.41378578726356235,78791.03,68.63330139372822,0.0012979094076655052,29,Government Employee,11800.0,Business Investment,801,408100.0,0.296239837398374,0.31366698606271776
U0004,2018-11,Bills,1855.72,18419.48,,0.0,-18419.48,0.0,114800.0,30200.0,114800.0,1.6164808362369338,10.074768668822356,96380.52,83.9551567944251,0.01616480836236934,29,Government Employee,11800.0,Business Investment,801,408100.0,0.296239837398374,0.16044843205574913
U0004,2018-11,Food,5551.9400000000005,18419.48,,0.0,-18419.48,0.0,114800.0,30200.0,114800.0,4.836184668989548,30.141676095090634,96380.52,83.9551567944251,0.048361846689895474,29,Government Employee,11800.0,Business Investment,801,408100.0,0.296239837398374,0.16044843205574913
U0004,2018-11,Fuel,3105.63,18419.48,,0.0,-18419.48,0.0,114800.0,30200.0,114800.0,2.705252613240418,16.860573696977333,96380.52,83.9551567944251,0.02705252613240418,29,Government Employee,11800.0,Business Investment,801,408100.0,0.296239837398374,0.16044843205574913
U0004,2018-11,Groceries,7906.19,18419.48,,0.0,-18419.48,0.0,114800.0,30200.0,114800.0,6.886925087108013,42.92298153910968,96380.52,83.9551567944251,0.06886925087108013,29,Government Employee,11800.0,Business Investment,801,408100.0,0.296239837398374,0.16044843205574913
U0004,2018-12,Bills,27820.01,42003.41,,0.0,-42003.41,0.0,114800.0,30200.0,114800.0,24.23345818815331,66.23274157979078,72796.59,63.411663763066194,0.2423345818815331,29,Government Employee,11800.0,Business Investment,801,408100.0,0.296239837398374,0.365883362369338
U0004,2018-12,Entertainment,1116.29,42003.41,,0.0,-42003.41,0.0,114800.0,30200.0,114800.0,0.9723780487804877,2.6576175600980965,72796.59,63.411663763066194,0.009723780487804878,29,Government Employee,11800.0,Business Investment,801,408100.0,0.296239837398374,0.365883362369338
U0004,2018-12,Food,1262.5700000000002,42003.41,,0.0,-42003.41,0.0,114800.0,30200.0,114800.0,1.0997996515679445,3.005874999196494,72796.59,63.411663763066194,0.010997996515679445,29,Government Employee,11800.0,Business Investment,801,408100.0,0.296239837398374,0.365883362369338
U0004,2018-12,Miscellaneous,512.04,42003.41,,0.0,-42003.41,0.0,114800.0,30200.0,114800.0,0.44602787456445986,1.2190438823895486,72796.59,63.411663763066194,0.004460278745644599,29,Government Employee,11800.0,Business Investment,801,408100.0,0.296239837398374,0.365883362369338
U0004,2018-12,Other,1370.1,42003.41,,0.0,-42003.41,0.0,114800.0,30200.0,114800.0,1.1934668989547037,3.261878023712836,72796.59,63.411663763066194,0.011934668989547037,29,Government Employee,11800.0,Business Investment,801,408100.0,0.296239837398374,0.365883362369338
U0004,2018-12,Shopping,9766.42,42003.41,,0.0,-42003.41,0.0,114800.0,30200.0,114800.0,8.507334494773518,23.25149315257975,72796.59,63.411663763066194,0.08507334494773519,29,Government Employee,11800.0,Business Investment,801,408100.0,0.296239837398374,0.365883362369338
U0004,2018-12,Subscription,155.98,42003.41,,0.0,-42003.41,0.0,114800.0,30200.0,114800.0,0.13587108013937282,0.37135080223248534,72796.59,63.411663763066194,0.0013587108013937282,29,Government Employee,11800.0,Business Investment,801,408100.0,0.296239837398374,0.365883362369338
U0004,2019-01,Bills,20454.7,63053.350000000006,,0.0,-63053.35,0.0,114800.0,30200.0,114800.0,17.81768292682927,32.440306502350786,51746.649999999994,45.07547909407665,0.1781768292682927,29,Government Employee,11800.0,Business Investment,801,408100.0,0.296239837398374,0.5492452090592335
U0004,2019-01,Groceries,951.37,63053.350000000006,,0.0,-63053.35,0.0,114800.0,30200.0,114800.0,0.8287195121951219,1.508833392674616,51746.649999999994,45.07547909407665,0.008287195121951219,29,Government Employee,11800.0,Business Investment,801,408100.0,0.296239837398374,0.5492452090592335
U0004,2019-01,Investment,38587.72,63053.350000000006,,0.0,-63053.35,0.0,114800.0,30200.0,114800.0,33.61299651567944,61.19852474134998,51746.649999999994,45.07547909407665,0.33612996515679444,29,Government Employee,11800.0,Business Investment,801,408100.0,0.296239837398374,0.5492452090592335
U0004,2019-01,Miscellaneous,785.96,63053.350000000006,,0.0,-63053.35,0.0,114800.0,30200.0,114800.0,0.6846341463414635,1.2464999877088212,51746.649999999994,45.07547909407665,0.0068463414634146345,29,Government Employee,11800.0,Business Investment,801,408100.0,0.296239837398374,0.5492452090592335
U0004,2019-01,Other,2273.6,63053.350000000006,,0.0,-63053.35,0.0,114800.0,30200.0,114800.0,1.9804878048780488,3.6058353759157913,51746.649999999994,45.07547909407665,0.019804878048780488,29,Government Employee,11800.0,Business Investment,801,408100.0,0.296239837398374,0.5492452090592335
U0004,2019-02,Bills,20790.8,25616.63,,0.0,-25616.63,0.0,114800.0,30200.0,114800.0,18.110452961672475,81.16133933308167,89183.37,77.68586236933798,0.18110452961672474,29,Government Employee,11800.0,Business Investment,801,408100.0,0.296239837398374,0.22314137630662023
U0004,2019-02,Food,566.42,25616.63,,0.0,-25616.63,0.0,114800.0,30200.0,114800.0,0.49339721254355395,2.2111417465919594,89183.37,77.68586236933798,0.00493397212543554,29,Government Employee,11800.0,Business Investment,801,408100.0,0.296239837398374,0.22314137630662023
U0004,2019-02,Groceries,2241.0,25616.63,,0.0,-25616.63,0.0,114800.0,30200.0,114800.0,1.9520905923344947,8.74822332211536,89183.37,77.68586236933798,0.019520905923344947,29,Government Employee,11800.0,Business Investment,801,408100.0,0.296239837398374,0.22314137630662023
U0004,2019-02,Other,1775.05,25616.63,,0.0,-25616.63,0.0,114800.0,30200.0,114800.0,1.5462108013937281,6.929287732227072,89183.37,77.68586236933798,0.015462108013937282,29,Government Employee,11800.0,Business Investment,801,408100.0,0.296239837398374,0.22314137630662023
U0004,2019-02,Subscription,243.36,25616.63,,0.0,-25616.63,0.0,114800.0,30200.0,114800.0,0.21198606271777004,0.950007865983933,89183.37,77.68586236933798,0.0021198606271777003,29,Government Employee,11800.0,Business Investment,801,408100.0,0.296239837398374,0.22314137630662023
U0004,2019-03,Bills,9964.23,13370.95,,0.0,-13370.95,0.0,114800.0,30200.0,114800.0,8.679642857142857,74.52148127096429,101429.05,88.35283101045296,0.08679642857142857,29,Government Employee,11800.0,Business Investment,801,408100.0,0.296239837398374,0.1164716898954704
U0004,2019-03,Food,911.19,13370.95,,0.0,-13370.95,0.0,114800.0,30200.0,114800.0,0.7937195121951219,6.814699030360595,101429.05,88.35283101045296,0.00793719512195122,29,Government Employee,11800.0,Business Investment,801,408100.0,0.296239837398374,0.1164716898954704
U0004,2019-03,Groceries,440.27,13370.95,,0.0,-13370.95,0.0,114800.0,30200.0,114800.0,0.3835104529616724,3.292735370336438,101429.05,88.35283101045296,0.0038351045296167244,29,Government Employee,11800.0,Business Investment,801,408100.0,0.296239837398374,0.1164716898954704
U0004,2019-03,Miscellaneous,283.34,13370.95,,0.0,-13370.95,0.0,114800.0,30200.0,114800.0,0.24681184668989545,2.1190715693350133,101429.05,88.35283101045296,0.0024681184668989544,29,Government Employee,11800.0,Business Investment,801,408100.0,0.296239837398374,0.1164716898954704
U0004,2019-03,Other,1483.92,13370.95,,0.0,-13370.95,0.0,114800.0,30200.0,114800.0,1.2926132404181185,11.09808951495593,101429.05,88.35283101045296,0.012926132404181185,29,Government Employee,11800.0,Business Investment,801,408100.0,0.296239837398374,0.1164716898954704
U0004,2019-03,Shopping,288.0,13370.95,,0.0,-13370.95,0.0,114800.0,30200.0,114800.0,0.2508710801393728,2.1539232440477303,101429.05,88.35283101045296,0.0025087108013937282,29,Government Employee,11800.0,Business Investment,801,408100.0,0.296239837398374,0.1164716898954704
U0004,2019-04,Bills,3669.85,19362.57,52963.61,52963.61,33601.04,63.44,114800.0,30200.0,52963.61,6.929002762462755,18.953320762688012,33601.04,63.44174802284059,0.06929002762462755,29,Government Employee,11800.0,Business Investment,801,408100.0,0.296239837398374,0.3655825197715941
U0004,2019-04,Food,2113.38,19362.57,52963.61,52963.61,33601.04,63.44,114800.0,30200.0,52963.61,3.990249154089006,10.914770095085519,33601.04,63.44174802284059,0.03990249154089006,29,Government Employee,11800.0,Business Investment,801,408100.0,0.296239837398374,0.3655825197715941
U0004,2019-04,Fuel,3187.85,19362.57,52963.61,52963.61,33601.04,63.44,114800.0,30200.0,52963.61,6.018943950384046,16.463981795805,33601.04,63.44174802284059,0.06018943950384047,29,Government Employee,11800.0,Business Investment,801,408100.0,0.296239837398374,0.3655825197715941
U0004,2019-04,Groceries,823.5,19362.57,52963.61,52963.61,33601.04,63.44,114800.0,30200.0,52963.61,1.5548411447029387,4.253051118730624,33601.04,63.44174802284059,0.015548411447029386,29,Government Employee,11800.0,Business Investment,801,408100.0,0.296239837398374,0.3655825197715941
U0004,2019-04,Insurance,8612.36,19362.57,52963.61,52963.61,33601.04,63.44,114800.0,30200.0,52963.61,16.260900644801215,44.47942602660701,33601.04,63.44174802284059,0.16260900644801216,29,Government Employee,11800.0,Business Investment,801,408100.0,0.296239837398374,0.3655825197715941
U0004,2019-04,Other,955.63,19362.57,52963.61,52963.61,33601.04,63.44,114800.0,30200.0,52963.61,1.8043143207194523,4.935450201083843,33601.04,63.44174802284059,0.018043143207194523,29,Government Employee,11800.0,Business Investment,801,408100.0,0.296239837398374,0.3655825197715941
U0004,2019-05,Bills,12917.35,23321.97,,0.0,-23321.97,0.0,114800.0,30200.0,114800.0,11.252047038327527,55.387044919447206,91478.03,79.68469512195122,0.11252047038327527,29,Government Employee,11800.0,Business Investment,801,408100.0,0.296239837398374,0.20315304878048782
U0004,2019-05,Food,116.0,23321.97,,0.0,-23321.97,0.0,114800.0,30200.0,114800.0,0.10104529616724739,0.49738508367860856,91478.03,79.68469512195122,0.0010104529616724739,29,Government Employee,11800.0,Business Investment,801,408100.0,0.296239837398374,0.20315304878048782
U0004,2019-05,Groceries,2388.43,23321.97,,0.0,-23321.97,0.0,114800.0,30200.0,114800.0,2.08051393728223,10.241115994918095,91478.03,79.68469512195122,0.020805139372822298,29,Government Employee,11800.0,Business Investment,801,408100.0,0.296239837398374,0.20315304878048782
U0004,2019-05,Miscellaneous,889.47,23321.97,,0.0,-23321.97,0.0,114800.0,30200.0,114800.0,0.7747996515679443,3.813871641203552,91478.03,79.68469512195122,0.007747996515679443,29,Government Employee,11800.0,Business Investment,801,408100.0,0.296239837398374,0.20315304878048782
U0004,2019-05,Other,72.83,23321.97,,0.0,-23321.97,0.0,114800.0,30200.0,114800.0,0.06344076655052265,0.3122806521061471,91478.03,79.68469512195122,0.0006344076655052265,29,Government Employee,11800.0,Business Investment,801,408100.0,0.296239837398374,0.20315304878048782
U0004,2019-05,Shopping,6937.89,23321.97,,0.0,-23321.97,0.0,114800.0,30200.0,114800.0,6.04345818815331,29.748301708646395,91478.03,79.68469512195122,0.060434581881533105,29,Government Employee,11800.0,Business Investment,801,408100.0,0.296239837398374,0.20315304878048782
U0004,2019-06,Bills,7005.92,68563.78,,0.0,-68563.78,0.0,114800.0,30200.0,114800.0,6.102717770034843,10.218106411285959,46236.22,40.27545296167248,0.061027177700348434,29,Government Employee,11800.0,Business Investment,801,408100.0,0.296239837398374,0.5972454703832752
U0004,2019-06,Food,404.5,68563.78,,0.0,-68563.78,0.0,114800.0,30200.0,114800.0,0.35235191637630664,0.5899616386377764,46236.22,40.27545296167248,0.003523519163763066,29,Government Employee,11800.0,Business Investment,801,408100.0,0.296239837398374,0.5972454703832752
U0004,2019-06,Groceries,3880.94,68563.78,,0.0,-68563.78,0.0,114800.0,30200.0,114800.0,3.380609756097561,5.660335529925567,46236.22,40.27545296167248,0.03380609756097561,29,Government Employee,11800.0,Business Investment,801,408100.0,0.296239837398374,0.5972454703832752
U0004,2019-06,Insurance,8277.49,68563.78,,0.0,-68563.78,0.0,114800.0,30200.0,114800.0,7.210357142857143,12.072686190872206,46236.22,40.27545296167248,0.07210357142857143,29,Government Employee,11800.0,Business Investment,801,408100.0,0.296239837398374,0.5972454703832752
U0004,2019-06,Other,810.01,68563.78,,0.0,-68563.78,0.0,114800.0,30200.0,114800.0,0.7055836236933798,1.1813963582521267,46236.22,40.27545296167248,0.0070558362369337975,29,Government Employee,11800.0,Business Investment,801,408100.0,0.296239837398374,0.5972454703832752
U0004,2019-06,Rent,47647.26,68563.78,,0.0,-68563.78,0.0,114800.0,30200.0,114800.0,41.504581881533106,69.49333890284346,46236.22,40.27545296167248,0.41504581881533104,29,Government Employee,11800.0,Business Investment,801,408100.0,0.296239837398374,0.5972454703832752
U0004,2019-06,Shopping,537.66,68563.78,,0.0,-68563.78,0.0,114800.0,30200.0,114800.0,0.4683449477351916,0.7841749681829093,46236.22,40.27545296167248,0.004683449477351916,29,Government Employee,11800.0,Business Investment,801,408100.0,0.296239837398374,0.5972454703832752
U0004,2019-07,Bills,4052.04,29626.81,,0.0,-29626.81,0.0,114800.0,30200.0,114800.0,3.529651567944251,13.676936531472675,85173.19,74.19267421602788,0.03529651567944251,29,Government Employee,11800.0,Business Investment,801,408100.0,0.296239837398374,0.2580732578397213
U0004,2019-07,Entertainment,276.84,29626.81,,0.0,-29626.81,0.0,114800.0,30200.0,114800.0,0.24114982578397212,0.9344239221164883,85173.19,74.19267421602788,0.002411498257839721,29,Government Employee,11800.0,Business Investment,801,408100.0,0.296239837398374,0.2580732578397213
U0004,2019-07,Food,2190.3900000000003,29626.81,,0.0,-29626.81,0.0,114800.0,30200.0,114800.0,1.9080052264808367,7.393269812038489,85173.19,74.19267421602788,0.019080052264808366,29,Government Employee,11800.0,Business Investment,801,408100.0,0.296239837398374,0.2580732578397213
U0004,2019-07,Insurance,23107.54,29626.81,,0.0,-29626.81,0.0,114800.0,30200.0,114800.0,20.128519163763066,77.99536973437235,85173.19,74.19267421602788,0.20128519163763067,29,Government Employee,11800.0,Business Investment,801,408100.0,0.296239837398374,0.2580732578397213
U0004,2019-08,Bills,52184.89,63410.64,66323.7,66323.7,2913.06,4.39,114800.0,30200.0,66323.7,78.68211514134465,82.29674073625499,2913.0599999999977,4.39218559881309,0.7868211514134466,29,Government Employee,11800.0,Business Investment,801,408100.0,0.296239837398374,0.9560781440118691
U0004,2019-08,Fuel,2436.34,63410.64,66323.7,66323.7,2913.06,4.39,114800.0,30200.0,66323.7,3.6734078466671796,3.8421627663748548,2913.0599999999977,4.39218559881309,0.036734078466671795,29,Government Employee,11800.0,Business Investment,801,408100.0,0.296239837398374,0.9560781440118691
U0004,2019-08,Other,57.52,63410.64,66323.7,66323.7,2913.06,4.39,114800.0,30200.0,66323.7,0.08672616274423774,0.09071032873978248,2913.0599999999977,4.39218559881309,0.0008672616274423774,29,Government Employee,11800.0,Business Investment,801,408100.0,0.296239837398374,0.9560781440118691
U0004,2019-08,Rent,7822.56,63410.64,66323.7,66323.7,2913.06,4.39,114800.0,30200.0,66323.7,11.794516892151675,12.336352385025604,2913.0599999999977,4.39218559881309,0.11794516892151675,29,Government Employee,11800.0,Business Investment,801,408100.0,0.296239837398374,0.9560781440118691
U0004,2019-08,Subscription,909.33,63410.64,66323.7,66323.7,2913.06,4.39,114800.0,30200.0,66323.7,1.3710483582791673,1.4340337836047705,2913.0599999999977,4.39218559881309,0.013710483582791673,29,Government Employee,11800.0,Business Investment,801,408100.0,0.296239837398374,0.9560781440118691
U0004,2019-09,Bills,3981.79,13945.05,,0.0,-13945.05,0.0,114800.0,30200.0,114800.0,3.4684581881533103,28.553429353067937,100854.95,87.85274390243902,0.0346845818815331,29,Government Employee,11800.0,Business Investment,801,408100.0,0.296239837398374,0.12147256097560975
U0004,2019-09,Entertainment,837.1899999999999,13945.05,,0.0,-13945.05,0.0,114800.0,30200.0,114800.0,0.7292595818815331,6.003492278622163,100854.95,87.85274390243902,0.0072925958188153304,29,Government Employee,11800.0,Business Investment,801,408100.0,0.296239837398374,0.12147256097560975
U0004,2019-09,Food,3655.11,13945.05,,0.0,-13945.05,0.0,114800.0,30200.0,114800.0,3.1838937282229964,26.210805984919382,100854.95,87.85274390243902,0.031838937282229966,29,Government Employee,11800.0,Business Investment,801,408100.0,0.296239837398374,0.12147256097560975
U0004,2019-09,Groceries,5321.96,13945.05,,0.0,-13945.05,0.0,114800.0,30200.0,114800.0,4.635853658536585,38.1637928870818,100854.95,87.85274390243902,0.04635853658536585,29,Government Employee,11800.0,Business Investment,801,408100.0,0.296239837398374,0.12147256097560975
U0004,2019-09,Subscription,149.0,13945.05,,0.0,-13945.05,0.0,114800.0,30200.0,114800.0,0.1297909407665505,1.068479496308726,100854.95,87.85274390243902,0.0012979094076655052,29,Government Employee,11800.0,Business Investment,801,408100.0,0.296239837398374,0.12147256097560975
U0004,2019-11,Shopping,13617.06,13617.06,,0.0,-13617.06,0.0,114800.0,30200.0,114800.0,11.861550522648082,100.0,101182.94,88.13844947735193,0.11861550522648083,29,Government Employee,11800.0,Business Investment,801,408100.0,0.296239837398374,0.11861550522648083
U0005,2018-01,Bills,1062.73,5131.06,,0.0,-5131.06,0.0,129600.0,33800.0,129600.0,0.8200077160493826,20.711704793941212,124468.94,96.0408487654321,0.008200077160493827,42,Freelancer,17400.0,Travel,799,257000.0,0.16525205761316872,0.039591512345679016
U0005,2018-01,Food,2289.41,5131.06,,0.0,-5131.06,0.0,129600.0,33800.0,129600.0,1.766520061728395,44.618655794319295,124468.94,96.0408487654321,0.01766520061728395,42,Freelancer,17400.0,Travel,799,257000.0,0.16525205761316872,0.039591512345679016
U0005,2018-01,Groceries,1240.28,5131.06,,0.0,-5131.06,0.0,129600.0,33800.0,129600.0,0.9570061728395061,24.172003445681785,124468.94,96.0408487654321,0.00957006172839506,42,Freelancer,17400.0,Travel,799,257000.0,0.16525205761316872,0.039591512345679016
U0005,2018-01,Miscellaneous,504.17,5131.06,,0.0,-5131.06,0.0,129600.0,33800.0,129600.0,0.3890200617283951,9.825844952115157,124468.94,96.0408487654321,0.003890200617283951,42,Freelancer,17400.0,Travel,799,257000.0,0.16525205761316872,0.039591512345679016
U0005,2018-01,Other,34.47,5131.06,,0.0,-5131.06,0.0,129600.0,33800.0,129600.0,0.026597222222222223,0.6717910139425382,124468.94,96.0408487654321,0.00026597222222222224,42,Freelancer,17400.0,Travel,799,257000.0,0.16525205761316872,0.039591512345679016
U0005,2018-02,Bills,5434.91,7017.42,160155.48,160155.48,153138.06,95.62,129600.0,33800.0,160155.48,3.3935210958750828,77.44883447192844,153138.06,95.61837034861372,0.03393521095875083,42,Freelancer,17400.0,Travel,799,257000.0,0.16525205761316872,0.04381629651386265
U0005,2018-02,Food,1145.35,7017.42,160155.48,160155.48,153138.06,95.62,129600.0,33800.0,160155.48,0.7151488041495676,16.321525574926397,153138.06,95.61837034861372,0.007151488041495676,42,Freelancer,17400.0,Travel,799,257000.0,0.16525205761316872,0.04381629651386265
U0005,2018-02,Shopping,437.16,7017.42,160155.48,160155.48,153138.06,95.62,129600.0,33800.0,160155.48,0.2729597513616143,6.229639953145173,153138.06,95.61837034861372,0.0027295975136161434,42,Freelancer,17400.0,Travel,799,257000.0,0.16525205761316872,0.04381629651386265
U0005,2018-03,Food,1816.21,94000.54,,0.0,-94000.54,0.0,129600.0,33800.0,129600.0,1.4013966049382716,1.932127198418222,35599.46000000001,27.468719135802473,0.014013966049382716,42,Freelancer,17400.0,Travel,799,257000.0,0.16525205761316872,0.7253128086419752
U0005,2018-03,Groceries,3960.81,94000.54,,0.0,-94000.54,0.0,129600.0,33800.0,129600.0,3.0561805555555552,4.213603453767393,35599.46000000001,27.468719135802473,0.030561805555555554,42,Freelancer,17400.0,Travel,799,257000.0,0.16525205761316872,0.7253128086419752
U0005,2018-03,Insurance,87878.54000000001,94000.54,,0.0,-94000.54,0.0,129600.0,33800.0,129600.0,67.80751543209877,93.48727145610016,35599.46000000001,27.468719135802473,0.6780751543209877,42,Freelancer,17400.0,Travel,799,257000.0,0.16525205761316872,0.7253128086419752
U0005,2018-03,Subscription,344.98,94000.54,,0.0,-94000.54,0.0,129600.0,33800.0,129600.0,0.2661882716049383,0.36699789171423913,35599.46000000001,27.468719135802473,0.002661882716049383,42,Freelancer,17400.0,Travel,799,257000.0,0.16525205761316872,0.7253128086419752
U0005,2018-04,Bills,17564.53,61851.48,,0.0,-61851.48,0.0,129600.0,33800.0,129600.0,13.552878086419753,28.397913841350274,67748.51999999999,52.275092592592586,0.13552878086419753,42,Freelancer,17400.0,Travel,799,257000.0,0.16525205761316872,0.4772490740740741
U0005,2018-04,Food,880.03,61851.48,,0.0,-61851.48,0.0,129600.0,33800.0,129600.0,0.6790354938271604,1.4228115479209227,67748.51999999999,52.275092592592586,0.006790354938271605,42,Freelancer,17400.0,Travel,799,257000.0,0.16525205761316872,0.4772490740740741
U0005,2018-04,Fuel,3537.81,61851.48,,0.0,-61851.48,0.0,129600.0,33800.0,129600.0,2.7297916666666664,5.719846962433235,67748.51999999999,52.275092592592586,0.027297916666666665,42,Freelancer,17400.0,Travel,799,257000.0,0.16525205761316872,0.4772490740740741
U0005,2018-04,Groceries,4373.92,61851.48,,0.0,-61851.48,0.0,129600.0,33800.0,129600.0,3.374938271604938,7.0716497002173595,67748.51999999999,52.275092592592586,0.03374938271604938,42,Freelancer,17400.0,Travel,799,257000.0,0.16525205761316872,0.4772490740740741
U0005,2018-04,Rent,35207.19,61851.48,,0.0,-61851.48,0.0,129600.0,33800.0,129600.0,27.16604166666667,56.92214640619756,67748.51999999999,52.275092592592586,0.2716604166666667,42,Freelancer,17400.0,Travel,799,257000.0,0.16525205761316872,0.4772490740740741
U0005,2018-04,Shopping,288.0,61851.48,,0.0,-61851.48,0.0,129600.0,33800.0,129600.0,0.2222222222222222,0.465631541880647,67748.51999999999,52.275092592592586,0.0022222222222222222,42,Freelancer,17400.0,Travel,799,257000.0,0.16525205761316872,0.4772490740740741
U0005,2018-05,Bills,12887.18,68791.87,,0.0,-68791.87,0.0,129600.0,33800.0,129600.0,9.943811728395062,18.733580000078497,60808.130000000005,46.919853395061736,0.09943811728395062,42,Freelancer,17400.0,Travel,799,257000.0,0.16525205761316872,0.5308014660493827
U0005,2018-05,Food,2787.47,68791.87,,0.0,-68791.87,0.0,129600.0,33800.0,129600.0,2.1508256172839504,4.052034055768509,60808.130000000005,46.919853395061736,0.021508256172839503,42,Freelancer,17400.0,Travel,799,257000.0,0.16525205761316872,0.5308014660493827
U0005,2018-05,Groceries,7389.309999999999,68791.87,,0.0,-68791.87,0.0,129600.0,33800.0,129600.0,5.701628086419753,10.741545476231419,60808.130000000005,46.919853395061736,0.05701628086419752,42,Freelancer,17400.0,Travel,799,257000.0,0.16525205761316872,0.5308014660493827
U0005,2018-05,Insurance,8424.07,68791.87,,0.0,-68791.87,0.0,129600.0,33800.0,129600.0,6.500054012345678,12.245734852098074,60808.130000000005,46.919853395061736,0.06500054012345678,42,Freelancer,17400.0,Travel,799,257000.0,0.16525205761316872,0.5308014660493827
U0005,2018-05,Miscellaneous,1372.08,68791.87,,0.0,-68791.87,0.0,129600.0,33800.0,129600.0,1.0587037037037037,1.9945380173558303,60808.130000000005,46.919853395061736,0.010587037037037037,42,Freelancer,17400.0,Travel,799,257000.0,0.16525205761316872,0.5308014660493827
U0005,2018-05,Rent,35931.76,68791.87,,0.0,-68791.87,0.0,129600.0,33800.0,129600.0,27.725123456790122,52.232567598467675,60808.130000000005,46.919853395061736,0.27725123456790124,42,Freelancer,17400.0,Travel,799,257000.0,0.16525205761316872,0.5308014660493827
U0005,2018-06,Bills,5033.74,17887.260000000002,,0.0,-17887.26,0.0,129600.0,33800.0,129600.0,3.8840586419753085,28.141481702619625,111712.73999999999,86.19810185185185,0.03884058641975308,42,Freelancer,17400.0,Travel,799,257000.0,0.16525205761316872,0.1380189814814815
U0005,2018-06,Entertainment,1604.52,17887.260000000002,,0.0,-17887.26,0.0,129600.0,33800.0,129600.0,1.2380555555555557,8.970183247741687,111712.73999999999,86.19810185185185,0.012380555555555556,42,Freelancer,17400.0,Travel,799,257000.0,0.16525205761316872,0.1380189814814815
U0005,2018-06,Food,2579.04,17887.260000000002,,0.0,-17887.26,0.0,129600.0,33800.0,129600.0,1.9900000000000002,14.418306660718297,111712.73999999999,86.19810185185185,0.0199,42,Freelancer,17400.0,Travel,799,257000.0,0.16525205761316872,0.1380189814814815
U0005,2018-06,Fuel,4507.05,17887.260000000002,,0.0,-17887.26,0.0,129600.0,33800.0,129600.0,3.4776620370370375,25.19698377504436,111712.73999999999,86.19810185185185,0.034776620370370374,42,Freelancer,17400.0,Travel,799,257000.0,0.16525205761316872,0.1380189814814815
U0005,2018-06,Groceries,1362.17,17887.260000000002,,0.0,-17887.26,0.0,129600.0,33800.0,129600.0,1.0510570987654322,7.615308325590392,111712.73999999999,86.19810185185185,0.010510570987654322,42,Freelancer,17400.0,Travel,799,257000.0,0.16525205761316872,0.1380189814814815
U0005,2018-06,Other,150.62,17887.260000000002,,0.0,-17887.26,0.0,129600.0,33800.0,129600.0,0.11621913580246915,0.8420518290671685,111712.73999999999,86.19810185185185,0.0011621913580246914,42,Freelancer,17400.0,Travel,799,257000.0,0.16525205761316872,0.1380189814814815
U0005,2018-06,Shopping,2650.12,17887.260000000002,,0.0,-17887.26,0.0,129600.0,33800.0,129600.0,2.0448456790123455,14.81568445921846,111712.73999999999,86.19810185185185,0.020448456790123457,42,Freelancer,17400.0,Travel,799,257000.0,0.16525205761316872,0.1380189814814815
U0005,2018-07,Bills,9635.97,39106.35,,0.0,-39106.35,0.0,129600.0,33800.0,129600.0,7.435162037037037,24.64042284692895,90493.65,69.82534722222222,0.07435162037037037,42,Freelancer,17400.0,Travel,799,257000.0,0.16525205761316872,0.3017465277777778
U0005,2018-07,Food,1538.85,39106.35,,0.0,-39106.35,0.0,129600.0,33800.0,129600.0,1.1873842592592592,3.935038682976039,90493.65,69.82534722222222,0.011873842592592592,42,Freelancer,17400.0,Travel,799,257000.0,0.16525205761316872,0.3017465277777778
U0005,2018-07,Fuel,8776.0,39106.35,,0.0,-39106.35,0.0,129600.0,33800.0,129600.0,6.771604938271605,22.441368217693547,90493.65,69.82534722222222,0.06771604938271605,42,Freelancer,17400.0,Travel,799,257000.0,0.16525205761316872,0.3017465277777778
U0005,2018-07,Groceries,3574.26,39106.35,,0.0,-39106.35,0.0,129600.0,33800.0,129600.0,2.757916666666667,9.139845574951384,90493.65,69.82534722222222,0.02757916666666667,42,Freelancer,17400.0,Travel,799,257000.0,0.16525205761316872,0.3017465277777778
U0005,2018-07,Insurance,8656.61,39106.35,,0.0,-39106.35,0.0,129600.0,33800.0,129600.0,6.679483024691359,22.136072530420254,90493.65,69.82534722222222,0.06679483024691359,42,Freelancer,17400.0,Travel,799,257000.0,0.16525205761316872,0.3017465277777778
U0005,2018-07,Miscellaneous,5653.65,39106.35,,0.0,-39106.35,0.0,129600.0,33800.0,129600.0,4.362384259259259,14.45711502096207,90493.65,69.82534722222222,0.04362384259259259,42,Freelancer,17400.0,Travel,799,257000.0,0.16525205761316872,0.3017465277777778
U0005,2018-07,Shopping,899.36,39106.35,,0.0,-39106.35,0.0,129600.0,33800.0,129600.0,0.6939506172839507,2.2997799590092147,90493.65,69.82534722222222,0.006939506172839506,42,Freelancer,17400.0,Travel,799,257000.0,0.16525205761316872,0.3017465277777778
U0005,2018-07,Subscription,371.65,39106.35,,0.0,-39106.35,0.0,129600.0,33800.0,129600.0,0.2867669753086419,0.9503571670585468,90493.65,69.82534722222222,0.0028676697530864194,42,Freelancer,17400.0,Travel,799,257000.0,0.16525205761316872,0.3017465277777778
U0005,2018-08,Bills,5780.389999999999,9168.03,,0.0,-9168.03,0.0,129600.0,33800.0,129600.0,4.460177469135802,63.04942283129527,120431.97,92.92590277777778,0.04460177469135802,42,Freelancer,17400.0,Travel,799,257000.0,0.16525205761316872,0.07074097222222223
U0005,2018-08,Fuel,2292.74,9168.03,,0.0,-9168.03,0.0,129600.0,33800.0,129600.0,1.7690895061728396,25.007989720801522,120431.97,92.92590277777778,0.017690895061728395,42,Freelancer,17400.0,Travel,799,257000.0,0.16525205761316872,0.07074097222222223
U0005,2018-08,Groceries,614.88,9168.03,,0.0,-9168.03,0.0,129600.0,33800.0,129600.0,0.47444444444444445,6.70678433643869,120431.97,92.92590277777778,0.004744444444444444,42,Freelancer,17400.0,Travel,799,257000.0,0.16525205761316872,0.07074097222222223
U0005,2018-08,Subscription,480.02,9168.03,,0.0,-9168.03,0.0,129600.0,33800.0,129600.0,0.37038580246913577,5.235803111464513,120431.97,92.92590277777778,0.003703858024691358,42,Freelancer,17400.0,Travel,799,257000.0,0.16525205761316872,0.07074097222222223
U0005,2018-09,Bills,1495.74,38304.18,48254.84,48254.84,9950.66,20.62,129600.0,33800.0,48254.84,3.09966834414952,3.904900196271008,9950.659999999996,20.621061016884518,0.0309966834414952,42,Freelancer,17400.0,Travel,799,257000.0,0.16525205761316872,0.7937893898311549
U0005,2018-09,Food,563.48,38304.18,48254.84,48254.84,9950.66,20.62,129600.0,33800.0,48254.84,1.167717062164127,1.471066604219174,9950.659999999996,20.621061016884518,0.01167717062164127,42,Freelancer,17400.0,Travel,799,257000.0,0.16525205761316872,0.7937893898311549
U0005,2018-09,Fuel,536.06,38304.18,48254.84,48254.84,9950.66,20.62,129600.0,33800.0,48254.84,1.1108937466169195,1.3994817275816893,9950.659999999996,20.621061016884518,0.011108937466169196,42,Freelancer,17400.0,Travel,799,257000.0,0.16525205761316872,0.7937893898311549
U0005,2018-09,Groceries,8610.03,38304.18,48254.84,48254.84,9950.66,20.62,129600.0,33800.0,48254.84,17.842831931470503,22.478042866339916,9950.659999999996,20.621061016884518,0.17842831931470504,42,Freelancer,17400.0,Travel,799,257000.0,0.16525205761316872,0.7937893898311549
U0005,2018-09,Insurance,22052.53,38304.18,48254.84,48254.84,9950.66,20.62,129600.0,33800.0,48254.84,45.700141167186544,57.572123982291224,9950.659999999996,20.621061016884518,0.4570014116718655,42,Freelancer,17400.0,Travel,799,257000.0,0.16525205761316872,0.7937893898311549
U0005,2018-09,Miscellaneous,3250.0,38304.18,48254.84,48254.84,9950.66,20.62,129600.0,33800.0,48254.84,6.735075693961477,8.484713678768218,9950.659999999996,20.621061016884518,0.06735075693961477,42,Freelancer,17400.0,Travel,799,257000.0,0.16525205761316872,0.7937893898311549
U0005,2018-09,Other,1248.8,38304.18,48254.84,48254.84,9950.66,20.62,129600.0,33800.0,48254.84,2.587926931267413,3.260218597552539,9950.659999999996,20.621061016884518,0.02587926931267413,42,Freelancer,17400.0,Travel,799,257000.0,0.16525205761316872,0.7937893898311549
U0005,2018-09,Shopping,547.54,38304.18,48254.84,48254.84,9950.66,20.62,129600.0,33800.0,48254.84,1.1346841062989743,1.4294523469762308,9950.659999999996,20.621061016884518,0.011346841062989744,42,Freelancer,17400.0,Travel,799,257000.0,0.16525205761316872,0.7937893898311549
U0005,2018-10,Bills,4469.79,17179.31,,0.0,-17179.31,0.0,129600.0,33800.0,129600.0,3.448912037037037,26.018448936540523,112420.69,86.74435956790124,0.03448912037037037,42,Freelancer,17400.0,Travel,799,257000.0,0.16525205761316872,0.13255640432098767
U0005,2018-10,Food,3928.82,17179.31,,0.0,-17179.31,0.0,129600.0,33800.0,129600.0,3.031496913580247,22.86948660918279,112420.69,86.74435956790124,0.03031496913580247,42,Freelancer,17400.0,Travel,799,257000.0,0.16525205761316872,0.13255640432098767
U0005,2018-10,Fuel,3786.34,17179.31,,0.0,-17179.31,0.0,129600.0,33800.0,129600.0,2.921558641975309,22.04011686150375,112420.69,86.74435956790124,0.029215586419753088,42,Freelancer,17400.0,Travel,799,257000.0,0.16525205761316872,0.13255640432098767
U0005,2018-10,Groceries,1025.5,17179.31,,0.0,-17179.31,0.0,129600.0,33800.0,129600.0,0.7912808641975309,5.969389923110997,112420.69,86.74435956790124,0.007912808641975308,42,Freelancer,17400.0,Travel,799,257000.0,0.16525205761316872,0.13255640432098767
U0005,2018-10,Other,397.08,17179.31,,0.0,-17179.31,0.0,129600.0,33800.0,129600.0,0.3063888888888889,2.3113850323441394,112420.69,86.74435956790124,0.0030638888888888886,42,Freelancer,17400.0,Travel,799,257000.0,0.16525205761316872,0.13255640432098767
U0005,2018-10,Shopping,2863.78,17179.31,,0.0,-17179.31,0.0,129600.0,33800.0,129600.0,2.209706790123457,16.66993610337086,112420.69,86.74435956790124,0.02209706790123457,42,Freelancer,17400.0,Travel,799,257000.0,0.16525205761316872,0.13255640432098767
U0005,2018-10,Subscription,708.0,17179.31,,0.0,-17179.31,0.0,129600.0,33800.0,129600.0,0.5462962962962963,4.121236533946939,112420.69,86.74435956790124,0.005462962962962963,42,Freelancer,17400.0,Travel,799,257000.0,0.16525205761316872,0.13255640432098767
U0005,2018-11,Bills,15204.93,78691.94,45909.56,45909.56,-32782.38,-71.41,129600.0,33800.0,45909.56,33.11931109773215,19.32209321564572,-32782.380000000005,-71.4064347382114,0.3311931109773215,42,Freelancer,17400.0,Travel,799,257000.0,0.16525205761316872,1.714064347382114
U0005,2018-11,Food,2553.47,78691.94,45909.56,45909.56,-32782.38,-71.41,129600.0,33800.0,45909.56,5.561957030300443,3.244893949748856,-32782.380000000005,-71.4064347382114,0.05561957030300443,42,Freelancer,17400.0,Travel,799,257000.0,0.16525205761316872,1.714064347382114
U0005,2018-11,Groceries,494.16,78691.94,45909.56,45909.56,-32782.38,-71.41,129600.0,33800.0,45909.56,1.0763771205822927,0.6279677435833962,-32782.380000000005,-71.4064347382114,0.010763771205822928,42,Freelancer,17400.0,Travel,799,257000.0,0.16525205761316872,1.714064347382114
U0005,2018-11,Insurance,56243.76,78691.94,45909.56,45909.56,-32782.38,-71.41,129600.0,33800.0,45909.56,122.50990861162687,71.47334275911867,-32782.380000000005,-71.4064347382114,1.2250990861162687,42,Freelancer,17400.0,Travel,799,257000.0,0.16525205761316872,1.714064347382114
U0005,2018-11,Shopping,4195.62,78691.94,45909.56,45909.56,-32782.38,-71.41,129600.0,33800.0,45909.56,9.138880877969644,5.331702331903369,-32782.380000000005,-71.4064347382114,0.09138880877969643,42,Freelancer,17400.0,Travel,799,257000.0,0.16525205761316872,1.714064347382114
U0005,2018-12,Bills,32221.63,56301.75,71346.11,71346.11,15044.36,21.09,129600.0,33800.0,71346.11,45.162420207632906,57.230245951502404,15044.36,21.086447460134828,0.45162420207632903,42,Freelancer,17400.0,Travel,799,257000.0,0.16525205761316872,0.7891355253986517
U0005,2018-12,Food,947.85,56301.75,71346.11,71346.11,15044.36,21.09,129600.0,33800.0,71346.11,1.3285237275024526,1.6835178302628249,15044.36,21.086447460134828,0.013285237275024526,42,Freelancer,17400.0,Travel,799,257000.0,0.16525205761316872,0.7891355253986517
U0005,2018-12,Fuel,3629.57,56301.75,71346.11,71346.11,15044.36,21.09,129600.0,33800.0,71346.11,5.087271050937465,6.446637981945499,15044.36,21.086447460134828,0.050872710509374655,42,Freelancer,17400.0,Travel,799,257000.0,0.16525205761316872,0.7891355253986517
U0005,2018-12,Miscellaneous,7251.09,56301.75,71346.11,71346.11,15044.36,21.09,129600.0,33800.0,71346.11,10.163259076072963,12.878978006900319,15044.36,21.086447460134828,0.10163259076072963,42,Freelancer,17400.0,Travel,799,257000.0,0.16525205761316872,0.7891355253986517
U0005,2018-12,Other,1196.56,56301.75,71346.11,71346.11,15044.36,21.09,129600.0,33800.0,71346.11,1.6771201681493215,2.125262536244433,15044.36,21.086447460134828,0.016771201681493215,42,Freelancer,17400.0,Travel,799,257000.0,0.16525205761316872,0.7891355253986517
U0005,2018-12,Shopping,11055.05,56301.75,71346.11,71346.11,15044.36,21.09,129600.0,33800.0,71346.11,15.494958309570064,19.635357693144528,15044.36,21.086447460134828,0.15494958309570064,42,Freelancer,17400.0,Travel,799,257000.0,0.16525205761316872,0.7891355253986517
U0005,2019-01,Fuel,5958.5,8841.2,141025.68,141025.68,132184.48,93.73,129600.0,33800.0,141025.68,4.22511701414948,67.39469755236846,132184.47999999998,93.7307871871279,0.0422511701414948,42,Freelancer,17400.0,Travel,799,257000.0,0.16525205761316872,0.06269212812872096
U0005,2019-01,Groceries,2000.72,8841.2,141025.68,141025.68,132184.48,93.73,129600.0,33800.0,141025.68,1.4186919715614916,22.629507306700447,132184.47999999998,93.7307871871279,0.014186919715614916,42,Freelancer,17400.0,Travel,799,257000.0,0.16525205761316872,0.06269212812872096
U0005,2019-01,Other,881.98,8841.2,141025.68,141025.68,132184.48,93.73,129600.0,33800.0,141025.68,0.6254038271611242,9.975795140931094,132184.47999999998,93.7307871871279,0.006254038271611242,42,Freelancer,17400.0,Travel,799,257000.0,0.16525205761316872,0.06269212812872096
U0005,2019-02,Bills,24510.15,45305.86,47470.07,47470.07,2164.21,4.56,129600.0,33800.0,47470.07,51.6328499199601,54.09929311572499,2164.209999999999,4.5591042945586535,0.516328499199601,42,Freelancer,17400.0,Travel,799,257000.0,0.16525205761316872,0.9544089570544134
U0005,2019-02,Food,440.16,45305.86,47470.07,47470.07,2164.21,4.56,129600.0,33800.0,47470.07,0.9272368884225366,0.9715299521960294,2164.209999999999,4.5591042945586535,0.009272368884225366,42,Freelancer,17400.0,Travel,799,257000.0,0.16525205761316872,0.9544089570544134
U0005,2019-02,Fuel,3717.17,45305.86,47470.07,47470.07,2164.21,4.56,129600.0,33800.0,47470.07,7.830555126630317,8.20461194203134,2164.209999999999,4.5591042945586535,0.07830555126630317,42,Freelancer,17400.0,Travel,799,257000.0,0.16525205761316872,0.9544089570544134
U0005,2019-02,Groceries,4239.68,45305.86,47470.07,47470.07,2164.21,4.56,129600.0,33800.0,47470.07,8.931269745336378,9.357906460665353,2164.209999999999,4.5591042945586535,0.08931269745336377,42,Freelancer,17400.0,Travel,799,257000.0,0.16525205761316872,0.9544089570544134
U0005,2019-02,Other,592.97,45305.86,47470.07,47470.07,2164.21,4.56,129600.0,33800.0,47470.07,1.249144987567956,1.3088152393531434,2164.209999999999,4.5591042945586535,0.01249144987567956,42,Freelancer,17400.0,Travel,799,257000.0,0.16525205761316872,0.9544089570544134
U0005,2019-02,Shopping,11805.73,45305.86,47470.07,47470.07,2164.21,4.56,129600.0,33800.0,47470.07,24.869839037524063,26.057843290029147,2164.209999999999,4.5591042945586535,0.24869839037524064,42,Freelancer,17400.0,Travel,799,257000.0,0.16525205761316872,0.9544089570544134
U0005,2019-03,Bills,25205.02,51649.84,,0.0,-51649.84,0.0,129600.0,33800.0,129600.0,19.448317901234567,48.799802671218345,77950.16,60.146728395061736,0.19448317901234569,42,Freelancer,17400.0,Travel,799,257000.0,0.16525205761316872,0.3985327160493827
U0005,2019-03,Fuel,3230.58,51649.84,,0.0,-51649.84,0.0,129600.0,33800.0,129600.0,2.4927314814814814,6.2547725220445995,77950.16,60.146728395061736,0.024927314814814815,42,Freelancer,17400.0,Travel,799,257000.0,0.16525205761316872,0.3985327160493827
U0005,2019-03,Groceries,5978.0,51649.84,,0.0,-51649.84,0.0,129600.0,33800.0,129600.0,4.612654320987654,11.574092001059443,77950.16,60.146728395061736,0.046126543209876546,42,Freelancer,17400.0,Travel,799,257000.0,0.16525205761316872,0.3985327160493827
U0005,2019-03,Insurance,8026.41,51649.84,,0.0,-51649.84,0.0,129600.0,33800.0,129600.0,6.1932175925925925,15.540048139548931,77950.16,60.146728395061736,0.061932175925925925,42,Freelancer,17400.0,Travel,799,257000.0,0.16525205761316872,0.3985327160493827
U0005,2019-03,Rent,8351.13,51649.84,,0.0,-51649.84,0.0,129600.0,33800.0,129600.0,6.443773148148148,16.168743213918958,77950.16,60.146728395061736,0.06443773148148148,42,Freelancer,17400.0,Travel,799,257000.0,0.16525205761316872,0.3985327160493827
U0005,2019-03,Shopping,858.7,51649.84,,0.0,-51649.84,0.0,129600.0,33800.0,129600.0,0.6625771604938272,1.6625414522097264,77950.16,60.146728395061736,0.006625771604938272,42,Freelancer,17400.0,Travel,799,257000.0,0.16525205761316872,0.3985327160493827
U0005,2019-04,Bills,24595.74,33773.95,,0.0,-33773.95,0.0,129600.0,33800.0,129600.0,18.978194444444448,72.82458818112777,95826.05,73.93985339506173,0.18978194444444446,42,Freelancer,17400.0,Travel,799,257000.0,0.16525205761316872,0.26060146604938267
U0005,2019-04,Food,2362.32,33773.95,,0.0,-33773.95,0.0,129600.0,33800.0,129600.0,1.822777777777778,6.994503159979808,95826.05,73.93985339506173,0.01822777777777778,42,Freelancer,17400.0,Travel,799,257000.0,0.16525205761316872,0.26060146604938267
U0005,2019-04,Fuel,3789.75,33773.95,,0.0,-33773.95,0.0,129600.0,33800.0,129600.0,2.924189814814815,11.22092618719457,95826.05,73.93985339506173,0.02924189814814815,42,Freelancer,17400.0,Travel,799,257000.0,0.16525205761316872,0.26060146604938267
U0005,2019-04,Groceries,954.11,33773.95,,0.0,-33773.95,0.0,129600.0,33800.0,129600.0,0.736195987654321,2.824987897477198,95826.05,73.93985339506173,0.00736195987654321,42,Freelancer,17400.0,Travel,799,257000.0,0.16525205761316872,0.26060146604938267
U0005,2019-04,Other,1090.52,33773.95,,0.0,-33773.95,0.0,129600.0,33800.0,129600.0,0.8414506172839505,3.228879062117401,95826.05,73.93985339506173,0.008414506172839505,42,Freelancer,17400.0,Travel,799,257000.0,0.16525205761316872,0.26060146604938267
U0005,2019-04,Subscription,981.51,33773.95,,0.0,-33773.95,0.0,129600.0,33800.0,129600.0,0.757337962962963,2.9061155121032636,95826.05,73.93985339506173,0.0075733796296296296,42,Freelancer,17400.0,Travel,799,257000.0,0.16525205761316872,0.26060146604938267
U0005,2019-05,Entertainment,474.05,6181.14,,0.0,-6181.14,0.0,129600.0,33800.0,129600.0,0.3657793209876543,7.669297249374711,123418.86,95.23060185185184,0.003657793209876543,42,Freelancer,17400.0,Travel,799,257000.0,0.16525205761316872,0.04769398148148148
U0005,2019-05,Food,2121.8,6181.14,,0.0,-6181.14,0.0,129600.0,33800.0,129600.0,1.6371913580246915,34.32700116806932,123418.86,95.23060185185184,0.016371913580246915,42,Freelancer,17400.0,Travel,799,257000.0,0.16525205761316872,0.04769398148148148
U0005,2019-05,Groceries,740.27,6181.14,,0.0,-6181.14,0.0,129600.0,33800.0,129600.0,0.571195987654321,11.976269749593115,123418.86,95.23060185185184,0.0057119598765432095,42,Freelancer,17400.0,Travel,799,257000.0,0.16525205761316872,0.04769398148148148
U0005,2019-05,Miscellaneous,60.0,6181.14,,0.0,-6181.14,0.0,129600.0,33800.0,129600.0,0.0462962962962963,0.9706947262155523,123418.86,95.23060185185184,0.000462962962962963,42,Freelancer,17400.0,Travel,799,257000.0,0.16525205761316872,0.04769398148148148
U0005,2019-05,Other,2307.94,6181.14,,0.0,-6181.14,0.0,129600.0,33800.0,129600.0,1.780817901234568,37.3384197736987,123418.86,95.23060185185184,0.01780817901234568,42,Freelancer,17400.0,Travel,799,257000.0,0.16525205761316872,0.04769398148148148
U0005,2019-05,Subscription,477.08,6181.14,,0.0,-6181.14,0.0,129600.0,33800.0,129600.0,0.36811728395061727,7.718317333048595,123418.86,95.23060185185184,0.003681172839506173,42,Freelancer,17400.0,Travel,799,257000.0,0.16525205761316872,0.04769398148148148
U0005,2019-06,Bills,26960.38,31255.04,,0.0,-31255.04,0.0,129600.0,33800.0,129600.0,20.802762345679014,86.25930409943484,98344.95999999999,75.88345679012345,0.20802762345679013,42,Freelancer,17400.0,Travel,799,257000.0,0.16525205761316872,0.24116543209876543
U0005,2019-06,Groceries,3494.22,31255.04,,0.0,-31255.04,0.0,129600.0,33800.0,129600.0,2.6961574074074073,11.179700937832745,98344.95999999999,75.88345679012345,0.026961574074074072,42,Freelancer,17400.0,Travel,799,257000.0,0.16525205761316872,0.24116543209876543
U0005,2019-06,Other,141.69,31255.04,,0.0,-31255.04,0.0,129600.0,33800.0,129600.0,0.10932870370370369,0.45333488614956174,98344.95999999999,75.88345679012345,0.001093287037037037,42,Freelancer,17400.0,Travel,799,257000.0,0.16525205761316872,0.24116543209876543
U0005,2019-06,Subscription,658.75,31255.04,,0.0,-31255.04,0.0,129600.0,33800.0,129600.0,0.5082947530864197,2.107660076582849,98344.95999999999,75.88345679012345,0.005082947530864197,42,Freelancer,17400.0,Travel,799,257000.0,0.16525205761316872,0.24116543209876543
U0005,2019-07,Bills,27025.57,98391.43,,0.0,-98391.43,0.0,129600.0,33800.0,129600.0,20.853063271604938,27.467402394700436,31208.570000000007,24.08068672839507,0.20853063271604938,42,Freelancer,17400.0,Travel,799,257000.0,0.16525205761316872,0.7591931327160494
U0005,2019-07,Food,2105.04,98391.43,,0.0,-98391.43,0.0,129600.0,33800.0,129600.0,1.6242592592592593,2.1394546252656355,31208.570000000007,24.08068672839507,0.016242592592592593,42,Freelancer,17400.0,Travel,799,257000.0,0.16525205761316872,0.7591931327160494
U0005,2019-07,Groceries,461.49,98391.43,,0.0,-98391.43,0.0,129600.0,33800.0,129600.0,0.35608796296296297,0.4690347523153186,31208.570000000007,24.08068672839507,0.0035608796296296296,42,Freelancer,17400.0,Travel,799,257000.0,0.16525205761316872,0.7591931327160494
U0005,2019-07,Insurance,34057.66,98391.43,,0.0,-98391.43,0.0,129600.0,33800.0,129600.0,26.27905864197531,34.614457783569165,31208.570000000007,24.08068672839507,0.2627905864197531,42,Freelancer,17400.0,Travel,799,257000.0,0.16525205761316872,0.7591931327160494
U0005,2019-07,Rent,33663.66,98391.43,,0.0,-98391.43,0.0,129600.0,33800.0,129600.0,25.9750462962963,34.21401640366443,31208.570000000007,24.08068672839507,0.259750462962963,42,Freelancer,17400.0,Travel,799,257000.0,0.16525205761316872,0.7591931327160494
U0005,2019-07,Shopping,1078.01,98391.43,,0.0,-98391.43,0.0,129600.0,33800.0,129600.0,0.8317978395061728,1.09563404048503,31208.570000000007,24.08068672839507,0.008317978395061728,42,Freelancer,17400.0,Travel,799,257000.0,0.16525205761316872,0.7591931327160494
U0005,2019-08,Bills,19283.15,26073.71,,0.0,-26073.71,0.0,129600.0,33800.0,129600.0,14.878973765432098,73.95629544088663,103526.29000000001,79.88139660493829,0.148789737654321,42,Freelancer,17400.0,Travel,799,257000.0,0.16525205761316872,0.20118603395061727
U0005,2019-08,Fuel,3841.78,26073.71,,0.0,-26073.71,0.0,129600.0,33800.0,129600.0,2.9643364197530864,14.734305167925854,103526.29000000001,79.88139660493829,0.029643364197530865,42,Freelancer,17400.0,Travel,799,257000.0,0.16525205761316872,0.20118603395061727
U0005,2019-08,Groceries,2660.78,26073.71,,0.0,-26073.71,0.0,129600.0,33800.0,129600.0,2.053070987654321,10.204838513583224,103526.29000000001,79.88139660493829,0.02053070987654321,42,Freelancer,17400.0,Travel,799,257000.0,0.16525205761316872,0.20118603395061727
U0005,2019-08,Shopping,288.0,26073.71,,0.0,-26073.71,0.0,129600.0,33800.0,129600.0,0.2222222222222222,1.1045608776042997,103526.29000000001,79.88139660493829,0.0022222222222222222,42,Freelancer,17400.0,Travel,799,257000.0,0.16525205761316872,0.20118603395061727
U0005,2019-09,Bills,16943.91,27586.24,,0.0,-27586.24,0.0,129600.0,33800.0,129600.0,13.074004629629629,61.42160004407994,102013.76,78.71432098765432,0.1307400462962963,42,Freelancer,17400.0,Travel,799,257000.0,0.16525205761316872,0.2128567901234568
U0005,2019-09,Food,2887.9100000000003,27586.24,,0.0,-27586.24,0.0,129600.0,33800.0,129600.0,2.228325617283951,10.468661187606576,102013.76,78.71432098765432,0.022283256172839508,42,Freelancer,17400.0,Travel,799,257000.0,0.16525205761316872,0.2128567901234568
U0005,2019-09,Groceries,1282.72,27586.24,,0.0,-27586.24,0.0,129600.0,33800.0,129600.0,0.9897530864197531,4.649854420174695,102013.76,78.71432098765432,0.009897530864197531,42,Freelancer,17400.0,Travel,799,257000.0,0.16525205761316872,0.2128567901234568
U0005,2019-09,Other,2485.92,27586.24,,0.0,-27586.24,0.0,129600.0,33800.0,129600.0,1.9181481481481484,9.011449186260977,102013.76,78.71432098765432,0.019181481481481483,42,Freelancer,17400.0,Travel,799,257000.0,0.16525205761316872,0.2128567901234568
U0005,2019-09,Shopping,3985.78,27586.24,,0.0,-27586.24,0.0,129600.0,33800.0,129600.0,3.0754475308641975,14.448435161877807,102013.76,78.71432098765432,0.030754475308641976,42,Freelancer,17400.0,Travel,799,257000.0,0.16525205761316872,0.2128567901234568
U0006,2018-01,Bills,11627.72,15684.83,,0.0,-15684.83,0.0,94100.0,30800.0,94100.0,12.356769394261423,74.13354177252798,78415.17,83.33174282678002,0.12356769394261423,60,Software Engineer,12800.0,Business Investment,783,17700.0,0.01567481402763018,0.16668257173219977
U0006,2018-01,Food,408.98,15684.83,,0.0,-15684.83,0.0,94100.0,30800.0,94100.0,0.4346227417640808,2.607487617015932,78415.17,83.33174282678002,0.004346227417640808,60,Software Engineer,12800.0,Business Investment,783,17700.0,0.01567481402763018,0.16668257173219977
U0006,2018-01,Fuel,2855.13,15684.83,,0.0,-15684.83,0.0,94100.0,30800.0,94100.0,3.0341445270988308,18.203130030736705,78415.17,83.33174282678002,0.03034144527098831,60,Software Engineer,12800.0,Business Investment,783,17700.0,0.01567481402763018,0.16668257173219977
U0006,2018-01,Shopping,491.31,15684.83,,0.0,-15684.83,0.0,94100.0,30800.0,94100.0,0.52211477151966,3.1323897039368616,78415.17,83.33174282678002,0.0052211477151966,60,Software Engineer,12800.0,Business Investment,783,17700.0,0.01567481402763018,0.16668257173219977
U0006,2018-01,Subscription,301.69,15684.83,,0.0,-15684.83,0.0,94100.0,30800.0,94100.0,0.320605738575983,1.9234508757825237,78415.17,83.33174282678002,0.00320605738575983,60,Software Engineer,12800.0,Business Investment,783,17700.0,0.01567481402763018,0.16668257173219977
U0006,2018-02,Bills,8027.5,12987.2,,0.0,-12987.2,0.0,94100.0,30800.0,94100.0,8.530818278427205,61.8108599236171,81112.8,86.19851222104144,0.08530818278427205,60,Software Engineer,12800.0,Business Investment,783,17700.0,0.01567481402763018,0.13801487778958554
U0006,2018-02,Groceries,1217.64,12987.2,,0.0,-12987.2,0.0,94100.0,30800.0,94100.0,1.2939851222104146,9.375692990020944,81112.8,86.19851222104144,0.012939851222104146,60,Software Engineer,12800.0,Business Investment,783,17700.0,0.01567481402763018,0.13801487778958554
U0006,2018-02,Miscellaneous,3413.44,12987.2,,0.0,-12987.2,0.0,94100.0,30800.0,94100.0,3.627460148777896,26.283109523222866,81112.8,86.19851222104144,0.03627460148777896,60,Software Engineer,12800.0,Business Investment,783,17700.0,0.01567481402763018,0.13801487778958554
U0006,2018-02,Subscription,328.62,12987.2,,0.0,-12987.2,0.0,94100.0,30800.0,94100.0,0.34922422954303933,2.5303375631390908,81112.8,86.19851222104144,0.0034922422954303933,60,Software Engineer,12800.0,Business Investment,783,17700.0,0.01567481402763018,0.13801487778958554
U0006,2018-03,Bills,26373.71,32264.56,,0.0,-32264.56,0.0,94100.0,30800.0,94100.0,28.027321997874598,81.74204142253915,61835.44,65.71247608926673,0.280273219978746,60,Software Engineer,12800.0,Business Investment,783,17700.0,0.01567481402763018,0.34287523910733264
U0006,2018-03,Food,3061.64,32264.56,,0.0,-32264.56,0.0,94100.0,30800.0,94100.0,3.2536025504782145,9.48917326007235,61835.44,65.71247608926673,0.03253602550478214,60,Software Engineer,12800.0,Business Investment,783,17700.0,0.01567481402763018,0.34287523910733264
U0006,2018-03,Groceries,523.85,32264.56,,0.0,-32264.56,0.0,94100.0,30800.0,94100.0,0.5566950053134962,1.6236080702789688,61835.44,65.71247608926673,0.005566950053134963,60,Software Engineer,12800.0,Business Investment,783,17700.0,0.01567481402763018,0.34287523910733264
U0006,2018-03,Other,2305.36,32264.56,,0.0,-32264.56,0.0,94100.0,30800.0,94100.0,2.4499043570669503,7.145177247109522,61835.44,65.71247608926673,0.024499043570669503,60,Software Engineer,12800.0,Business Investment,783,17700.0,0.01567481402763018,0.34287523910733264
U0006,2018-04,Bills,17609.82,28503.0,284.25,284.25,-28218.75,-9927.44,94100.0,30800.0,284.25,6195.187335092349,61.782338701189346,-28218.75,-9927.440633245382,61.951873350923485,60,Software Engineer,12800.0,Business Investment,783,17700.0,0.01567481402763018,100.27440633245382
U0006,2018-04,Entertainment,558.74,28503.0,284.25,284.25,-28218.75,-9927.44,94100.0,30800.0,284.25,196.56640281442392,1.960284882293092,-28218.75,-9927.440633245382,1.9656640281442392,60,Software Engineer,12800.0,Business Investment,783,17700.0,0.01567481402763018,100.27440633245382
U0006,2018-04,Food,1274.56,28503.0,284.25,284.25,-28218.75,-9927.44,94100.0,30800.0,284.25,448.39401934916447,4.471669648808898,-28218.75,-9927.440633245382,4.4839401934916445,60,Software Engineer,12800.0,Business Investment,783,17700.0,0.01567481402763018,100.27440633245382
U0006,2018-04,Fuel,2743.85,28503.0,284.25,284.25,-28218.75,-9927.44,94100.0,30800.0,284.25,965.2946350043974,9.626530540644843,-28218.75,-9927.440633245382,9.652946350043974,60,Software Engineer,12800.0,Business Investment,783,17700.0,0.01567481402763018,100.27440633245382
U0006,2018-04,Groceries,2120.77,28503.0,284.25,284.25,-28218.75,-9927.44,94100.0,30800.0,284.25,746.0932277924362,7.440515033505244,-28218.75,-9927.440633245382,7.460932277924362,60,Software Engineer,12800.0,Business Investment,783,17700.0,0.01567481402763018,100.27440633245382
U0006,2018-04,Miscellaneous,169.8,28503.0,284.25,284.25,-28218.75,-9927.44,94100.0,30800.0,284.25,59.73614775725594,0.5957267656036207,-28218.75,-9927.440633245382,0.5973614775725594,60,Software Engineer,12800.0,Business Investment,783,17700.0,0.01567481402763018,100.27440633245382
U0006,2018-04,Shopping,4025.46,28503.0,284.25,284.25,-28218.75,-9927.44,94100.0,30800.0,284.25,1416.168865435356,14.122934427954952,-28218.75,-9927.440633245382,14.161688654353561,60,Software Engineer,12800.0,Business Investment,783,17700.0,0.01567481402763018,100.27440633245382
U0006,2018-05,Bills,12703.56,21219.82,,0.0,-21219.82,0.0,94100.0,30800.0,94100.0,13.500063761955367,59.8664833160696,72880.18,77.44971307120085,0.13500063761955367,60,Software Engineer,12800.0,Business Investment,783,17700.0,0.01567481402763018,0.2255028692879915
U0006,2018-05,Food,2347.98,21219.82,,0.0,-21219.82,0.0,94100.0,30800.0,94100.0,2.4951965993623806,11.06503259688348,72880.18,77.44971307120085,0.024951965993623804,60,Software Engineer,12800.0,Business Investment,783,17700.0,0.01567481402763018,0.2255028692879915
U0006,2018-05,Fuel,2322.44,21219.82,,0.0,-21219.82,0.0,94100.0,30800.0,94100.0,2.468055260361318,10.944673423242987,72880.18,77.44971307120085,0.024680552603613178,60,Software Engineer,12800.0,Business Investment,783,17700.0,0.01567481402763018,0.2255028692879915
U0006,2018-05,Groceries,1910.29,21219.82,,0.0,-21219.82,0.0,94100.0,30800.0,94100.0,2.0300637619553665,9.002385505626345,72880.18,77.44971307120085,0.020300637619553665,60,Software Engineer,12800.0,Business Investment,783,17700.0,0.01567481402763018,0.2255028692879915
U0006,2018-05,Miscellaneous,1682.93,21219.82,,0.0,-21219.82,0.0,94100.0,30800.0,94100.0,1.7884484590860787,7.930934381158747,72880.18,77.44971307120085,0.017884484590860786,60,Software Engineer,12800.0,Business Investment,783,17700.0,0.01567481402763018,0.2255028692879915
U0006,2018-05,Other,252.62,21219.82,,0.0,-21219.82,0.0,94100.0,30800.0,94100.0,0.2684590860786398,1.1904907770188438,72880.18,77.44971307120085,0.0026845908607863976,60,Software Engineer,12800.0,Business Investment,783,17700.0,0.01567481402763018,0.2255028692879915
U0006,2018-06,Bills,19670.36,39715.28,148020.81,148020.81,108305.53,73.17,94100.0,30800.0,148020.81,13.288915254551034,49.52844346055221,108305.53,73.16912399006598,0.13288915254551034,60,Software Engineer,12800.0,Business Investment,783,17700.0,0.01567481402763018,0.26830876009934007
U0006,2018-06,Food,1249.16,39715.28,148020.81,148020.81,108305.53,73.17,94100.0,30800.0,148020.81,0.8439083666681733,3.1452881611309302,108305.53,73.16912399006598,0.008439083666681732,60,Software Engineer,12800.0,Business Investment,783,17700.0,0.01567481402763018,0.26830876009934007
U0006,2018-06,Fuel,963.75,39715.28,148020.81,148020.81,108305.53,73.17,94100.0,30800.0,148020.81,0.6510908837750584,2.4266478796070428,108305.53,73.16912399006598,0.006510908837750584,60,Software Engineer,12800.0,Business Investment,783,17700.0,0.01567481402763018,0.26830876009934007
U0006,2018-06,Groceries,397.61,39715.28,148020.81,148020.81,108305.53,73.17,94100.0,30800.0,148020.81,0.26861763558786095,1.001151194200318,108305.53,73.16912399006598,0.0026861763558786093,60,Software Engineer,12800.0,Business Investment,783,17700.0,0.01567481402763018,0.26830876009934007
U0006,2018-06,Miscellaneous,9050.77,39715.28,148020.81,148020.81,108305.53,73.17,94100.0,30800.0,148020.81,6.1145253832890125,22.789138084888236,108305.53,73.16912399006598,0.06114525383289012,60,Software Engineer,12800.0,Business Investment,783,17700.0,0.01567481402763018,0.26830876009934007
U0006,2018-06,Other,2468.49,39715.28,148020.81,148020.81,108305.53,73.17,94100.0,30800.0,148020.81,1.6676641615459338,6.215466691913036,108305.53,73.16912399006598,0.01667664161545934,60,Software Engineer,12800.0,Business Investment,783,17700.0,0.01567481402763018,0.26830876009934007
U0006,2018-06,Shopping,5915.14,39715.28,148020.81,148020.81,108305.53,73.17,94100.0,30800.0,148020.81,3.996154324516938,14.893864527708228,108305.53,73.16912399006598,0.03996154324516938,60,Software Engineer,12800.0,Business Investment,783,17700.0,0.01567481402763018,0.26830876009934007
U0006,2018-07,Bills,14343.78,157371.88,,0.0,-157371.88,0.0,94100.0,30800.0,94100.0,15.243124335812967,9.114576250852439,-63271.880000000005,-67.23897980871413,0.15243124335812966,60,Software Engineer,12800.0,Business Investment,783,17700.0,0.01567481402763018,1.6723897980871414
U0006,2018-07,Food,1251.19,157371.88,,0.0,-157371.88,0.0,94100.0,30800.0,94100.0,1.3296386822529225,0.795053093348062,-63271.880000000005,-67.23897980871413,0.013296386822529226,60,Software Engineer,12800.0,Business Investment,783,17700.0,0.01567481402763018,1.6723897980871414
U0006,2018-07,Fuel,3373.49,157371.88,,0.0,-157371.88,0.0,94100.0,30800.0,94100.0,3.5850053134962803,2.143642180547122,-63271.880000000005,-67.23897980871413,0.035850053134962805,60,Software Engineer,12800.0,Business Investment,783,17700.0,0.01567481402763018,1.6723897980871414
U0006,2018-07,Groceries,526.15,157371.88,,0.0,-157371.88,0.0,94100.0,30800.0,94100.0,0.5591392136025505,0.334335460693486,-63271.880000000005,-67.23897980871413,0.005591392136025505,60,Software Engineer,12800.0,Business Investment,783,17700.0,0.01567481402763018,1.6723897980871414
U0006,2018-07,Rent,135433.22,157371.88,,0.0,-157371.88,0.0,94100.0,30800.0,94100.0,143.9247821466525,86.0593518994626,-63271.880000000005,-67.23897980871413,1.439247821466525,60,Software Engineer,12800.0,Business Investment,783,17700.0,0.01567481402763018,1.6723897980871414
U0006,2018-07,Shopping,2444.05,157371.88,,0.0,-157371.88,0.0,94100.0,30800.0,94100.0,2.597290116896918,1.553041115096293,-63271.880000000005,-67.23897980871413,0.025972901168969182,60,Software Engineer,12800.0,Business Investment,783,17700.0,0.01567481402763018,1.6723897980871414
U0006,2018-08,Bills,6106.95,16263.91,,0.0,-16263.91,0.0,94100.0,30800.0,94100.0,6.489851222104144,37.5490887492614,77836.09,82.71635494155154,0.06489851222104144,60,Software Engineer,12800.0,Business Investment,783,17700.0,0.01567481402763018,0.1728364505844846
U0006,2018-08,Food,606.23,16263.91,,0.0,-16263.91,0.0,94100.0,30800.0,94100.0,0.644240170031881,3.7274554519792598,77836.09,82.71635494155154,0.00644240170031881,60,Software Engineer,12800.0,Business Investment,783,17700.0,0.01567481402763018,0.1728364505844846
U0006,2018-08,Miscellaneous,1067.47,16263.91,,0.0,-16263.91,0.0,94100.0,30800.0,94100.0,1.1343995749202977,6.563427859598338,77836.09,82.71635494155154,0.011343995749202977,60,Software Engineer,12800.0,Business Investment,783,17700.0,0.01567481402763018,0.1728364505844846
U0006,2018-08,Rent,7881.55,16263.91,,0.0,-16263.91,0.0,94100.0,30800.0,94100.0,8.375717321997875,48.460364082191795,77836.09,82.71635494155154,0.08375717321997875,60,Software Engineer,12800.0,Business Investment,783,17700.0,0.01567481402763018,0.1728364505844846
U0006,2018-08,Subscription,601.71,16263.91,,0.0,-16263.91,0.0,94100.0,30800.0,94100.0,0.6394367693942615,3.699663856969204,77836.09,82.71635494155154,0.006394367693942615,60,Software Engineer,12800.0,Business Investment,783,17700.0,0.01567481402763018,0.1728364505844846
U0006,2018-09,Bills,30417.16,49559.75,,0.0,-49559.75,0.0,94100.0,30800.0,94100.0,32.32429330499469,61.37472444877143,44540.25,47.33289054197662,0.3232429330499469,60,Software Engineer,12800.0,Business Investment,783,17700.0,0.01567481402763018,0.5266710945802338
U0006,2018-09,Food,1055.53,49559.75,,0.0,-49559.75,0.0,94100.0,30800.0,94100.0,1.121710945802338,2.12981300349578,44540.25,47.33289054197662,0.011217109458023379,60,Software Engineer,12800.0,Business Investment,783,17700.0,0.01567481402763018,0.5266710945802338
U0006,2018-09,Fuel,3273.45,49559.75,,0.0,-49559.75,0.0,94100.0,30800.0,94100.0,3.4786928799149837,6.605057531565434,44540.25,47.33289054197662,0.03478692879914984,60,Software Engineer,12800.0,Business Investment,783,17700.0,0.01567481402763018,0.5266710945802338
U0006,2018-09,Groceries,482.74,49559.75,,0.0,-49559.75,0.0,94100.0,30800.0,94100.0,0.5130074388947927,0.9740565680819617,44540.25,47.33289054197662,0.005130074388947928,60,Software Engineer,12800.0,Business Investment,783,17700.0,0.01567481402763018,0.5266710945802338
U0006,2018-09,Insurance,14042.87,49559.75,,0.0,-49559.75,0.0,94100.0,30800.0,94100.0,14.92334750265675,28.3352317152528,44540.25,47.33289054197662,0.1492334750265675,60,Software Engineer,12800.0,Business Investment,783,17700.0,0.01567481402763018,0.5266710945802338
U0006,2018-09,Shopping,288.0,49559.75,,0.0,-49559.75,0.0,94100.0,30800.0,94100.0,0.30605738575983,0.581116732832591,44540.25,47.33289054197662,0.0030605738575982997,60,Software Engineer,12800.0,Business Investment,783,17700.0,0.01567481402763018,0.5266710945802338
U0006,2018-10,Bills,19903.370000000003,28075.93,,0.0,-28075.93,0.0,94100.0,30800.0,94100.0,21.15129649309246,70.8912224813212,66024.07,70.16373007438895,0.21151296493092459,60,Software Engineer,12800.0,Business Investment,783,17700.0,0.01567481402763018,0.29836269925611053
U0006,2018-10,Food,143.32,28075.93,,0.0,-28075.93,0.0,94100.0,30800.0,94100.0,0.15230605738575984,0.5104728498753203,66024.07,70.16373007438895,0.0015230605738575983,60,Software Engineer,12800.0,Business Investment,783,17700.0,0.01567481402763018,0.29836269925611053
U0006,2018-10,Fuel,5886.68,28075.93,,0.0,-28075.93,0.0,94100.0,30800.0,94100.0,6.25577045696068,20.96699913413376,66024.07,70.16373007438895,0.0625577045696068,60,Software Engineer,12800.0,Business Investment,783,17700.0,0.01567481402763018,0.29836269925611053
U0006,2018-10,Other,2142.56,28075.93,,0.0,-28075.93,0.0,94100.0,30800.0,94100.0,2.2768969181721572,7.631305534669733,66024.07,70.16373007438895,0.022768969181721572,60,Software Engineer,12800.0,Business Investment,783,17700.0,0.01567481402763018,0.29836269925611053
U0006,2018-11,Bills,4787.86,9721.09,813.4,813.4,-8907.69,-1095.12,94100.0,30800.0,813.4,588.6230636833046,49.252295781645884,-8907.69,-1095.1180231128596,5.886230636833046,60,Software Engineer,12800.0,Business Investment,783,17700.0,0.01567481402763018,11.951180231128596
U0006,2018-11,Food,293.29,9721.09,813.4,813.4,-8907.69,-1095.12,94100.0,30800.0,813.4,36.057290386033934,3.01704849970528,-8907.69,-1095.1180231128596,0.36057290386033936,60,Software Engineer,12800.0,Business Investment,783,17700.0,0.01567481402763018,11.951180231128596
U0006,2018-11,Groceries,2277.36,9721.09,813.4,813.4,-8907.69,-1095.12,94100.0,30800.0,813.4,279.9803294811901,23.427002527494345,-8907.69,-1095.1180231128596,2.799803294811901,60,Software Engineer,12800.0,Business Investment,783,17700.0,0.01567481402763018,11.951180231128596
U0006,2018-11,Miscellaneous,500.83,9721.09,813.4,813.4,-8907.69,-1095.12,94100.0,30800.0,813.4,61.57241209736907,5.151994272247248,-8907.69,-1095.1180231128596,0.6157241209736907,60,Software Engineer,12800.0,Business Investment,783,17700.0,0.01567481402763018,11.951180231128596
U0006,2018-11,Other,1861.75,9721.09,813.4,813.4,-8907.69,-1095.12,94100.0,30800.0,813.4,228.8849274649619,19.15165891890724,-8907.69,-1095.1180231128596,2.288849274649619,60,Software Engineer,12800.0,Business Investment,783,17700.0,0.01567481402763018,11.951180231128596
U0006,2018-12,Bills,17585.69,58722.43,49110.75,49110.75,-9611.68,-19.57,94100.0,30800.0,49110.75,35.80822935915253,29.94714285495338,-9611.68,-19.571438025279598,0.35808229359152527,60,Software Engineer,12800.0,Business Investment,783,17700.0,0.01567481402763018,1.195714380252796
U0006,2018-12,Food,660.77,58722.43,49110.75,49110.75,-9611.68,-19.57,94100.0,30800.0,49110.75,1.3454691691737553,1.125242943795071,-9611.68,-19.571438025279598,0.013454691691737552,60,Software Engineer,12800.0,Business Investment,783,17700.0,0.01567481402763018,1.195714380252796
U0006,2018-12,Groceries,4552.09,58722.43,49110.75,49110.75,-9611.68,-19.57,94100.0,30800.0,49110.75,9.269029693091635,7.75187607188599,-9611.68,-19.571438025279598,0.09269029693091635,60,Software Engineer,12800.0,Business Investment,783,17700.0,0.01567481402763018,1.195714380252796
U0006,2018-12,Miscellaneous,483.6,58722.43,49110.75,49110.75,-9611.68,-19.57,94100.0,30800.0,49110.75,0.9847131228906095,0.8235354020601668,-9611.68,-19.571438025279598,0.009847131228906096,60,Software Engineer,12800.0,Business Investment,783,17700.0,0.01567481402763018,1.195714380252796
U0006,2018-12,Rent,35440.28,58722.43,49110.75,49110.75,-9611.68,-19.57,94100.0,30800.0,49110.75,72.16399668097107,60.3522027273054,-9611.68,-19.571438025279598,0.7216399668097107,60,Software Engineer,12800.0,Business Investment,783,17700.0,0.01567481402763018,1.195714380252796
U0006,2019-01,Bills,6598.31,8582.17,,0.0,-8582.17,0.0,94100.0,30800.0,94100.0,7.01201912858661,76.88393494885327,85517.83,90.87973432518598,0.07012019128586611,60,Software Engineer,12800.0,Business Investment,783,17700.0,0.01567481402763018,0.09120265674814028
U0006,2019-01,Food,685.65,8582.17,,0.0,-8582.17,0.0,94100.0,30800.0,94100.0,0.7286397449521785,7.98923815305453,85517.83,90.87973432518598,0.007286397449521785,60,Software Engineer,12800.0,Business Investment,783,17700.0,0.01567481402763018,0.09120265674814028
U0006,2019-01,Shopping,1139.42,8582.17,,0.0,-8582.17,0.0,94100.0,30800.0,94100.0,1.2108607863974497,13.276595546347835,85517.83,90.87973432518598,0.012108607863974497,60,Software Engineer,12800.0,Business Investment,783,17700.0,0.01567481402763018,0.09120265674814028
U0006,2019-01,Subscription,158.79,8582.17,,0.0,-8582.17,0.0,94100.0,30800.0,94100.0,0.1687460148777896,1.8502313517443723,85517.83,90.87973432518598,0.0016874601487778958,60,Software Engineer,12800.0,Business Investment,783,17700.0,0.01567481402763018,0.09120265674814028
U0006,2019-02,Bills,25659.52,47673.0,,0.0,-47673.0,0.0,94100.0,30800.0,94100.0,27.26835281615303,53.8240093973528,46427.0,49.33793836344314,0.2726835281615303,60,Software Engineer,12800.0,Business Investment,783,17700.0,0.01567481402763018,0.5066206163655685
U0006,2019-02,Food,1668.89,47673.0,,0.0,-47673.0,0.0,94100.0,30800.0,94100.0,1.773528161530287,3.5007027038365535,46427.0,49.33793836344314,0.01773528161530287,60,Software Engineer,12800.0,Business Investment,783,17700.0,0.01567481402763018,0.5066206163655685
U0006,2019-02,Fuel,4380.55,47673.0,,0.0,-47673.0,0.0,94100.0,30800.0,94100.0,4.655207226354942,9.188744152874794,46427.0,49.33793836344314,0.04655207226354942,60,Software Engineer,12800.0,Business Investment,783,17700.0,0.01567481402763018,0.5066206163655685
U0006,2019-02,Groceries,753.31,47673.0,,0.0,-47673.0,0.0,94100.0,30800.0,94100.0,0.8005419766206162,1.5801606779518802,46427.0,49.33793836344314,0.008005419766206162,60,Software Engineer,12800.0,Business Investment,783,17700.0,0.01567481402763018,0.5066206163655685
U0006,2019-02,Other,809.51,47673.0,,0.0,-47673.0,0.0,94100.0,30800.0,94100.0,0.8602656748140276,1.6980471126213998,46427.0,49.33793836344314,0.008602656748140276,60,Software Engineer,12800.0,Business Investment,783,17700.0,0.01567481402763018,0.5066206163655685
U0006,2019-02,Shopping,14174.6,47673.0,,0.0,-47673.0,0.0,94100.0,30800.0,94100.0,15.063336875664188,29.732972542109792,46427.0,49.33793836344314,0.15063336875664188,60,Software Engineer,12800.0,Business Investment,783,17700.0,0.01567481402763018,0.5066206163655685
U0006,2019-02,Subscription,226.62,47673.0,,0.0,-47673.0,0.0,94100.0,30800.0,94100.0,0.2408289054197662,0.4753634132527846,46427.0,49.33793836344314,0.002408289054197662,60,Software Engineer,12800.0,Business Investment,783,17700.0,0.01567481402763018,0.5066206163655685
U0006,2019-03,Bills,18156.57,29770.41,,497.26,-29273.15,-5886.89,94100.0,30800.0,94100.0,19.294973432518596,60.988646108669656,64329.59,68.36300743889478,0.19294973432518597,60,Software Engineer,12800.0,Business Investment,783,17700.0,0.01567481402763018,0.3163699256110521
U0006,2019-03,Food,3874.65,29770.41,,497.26,-29273.15,-5886.89,94100.0,30800.0,94100.0,4.11758767268863,13.015104595469126,64329.59,68.36300743889478,0.041175876726886294,60,Software Engineer,12800.0,Business Investment,783,17700.0,0.01567481402763018,0.3163699256110521
U0006,2019-03,Fuel,3883.96,29770.41,,497.26,-29273.15,-5886.89,94100.0,30800.0,94100.0,4.127481402763018,13.046377258492578,64329.59,68.36300743889478,0.04127481402763018,60,Software Engineer,12800.0,Business Investment,783,17700.0,0.01567481402763018,0.3163699256110521
U0006,2019-03,Groceries,1029.93,29770.41,,497.26,-29273.15,-5886.89,94100.0,30800.0,94100.0,1.0945058448459086,3.45957613617011,64329.59,68.36300743889478,0.010945058448459086,60,Software Engineer,12800.0,Business Investment,783,17700.0,0.01567481402763018,0.3163699256110521
U0006,2019-03,Shopping,2825.3,29770.41,,497.26,-29273.15,-5886.89,94100.0,30800.0,94100.0,3.0024442082890546,9.49029590119854,64329.59,68.36300743889478,0.030024442082890544,60,Software Engineer,12800.0,Business Investment,783,17700.0,0.01567481402763018,0.3163699256110521
U0006,2019-04,Bills,17969.7,81429.56,,0.0,-81429.56,0.0,94100.0,30800.0,94100.0,19.096386822529222,22.067784720929353,12670.440000000002,13.46486716259299,0.19096386822529224,60,Software Engineer,12800.0,Business Investment,783,17700.0,0.01567481402763018,0.8653513283740701
U0006,2019-04,Food,3497.76,81429.56,,0.0,-81429.56,0.0,94100.0,30800.0,94100.0,3.717066950053135,4.295442588661906,12670.440000000002,13.46486716259299,0.03717066950053135,60,Software Engineer,12800.0,Business Investment,783,17700.0,0.01567481402763018,0.8653513283740701
U0006,2019-04,Fuel,10626.93,81429.56,,0.0,-81429.56,0.0,94100.0,30800.0,94100.0,11.293230605738575,13.05045735234232,12670.440000000002,13.46486716259299,0.11293230605738576,60,Software Engineer,12800.0,Business Investment,783,17700.0,0.01567481402763018,0.8653513283740701
U0006,2019-04,Groceries,703.5,81429.56,,0.0,-81429.56,0.0,94100.0,30800.0,94100.0,0.7476089266737513,0.8639368799241947,12670.440000000002,13.46486716259299,0.007476089266737513,60,Software Engineer,12800.0,Business Investment,783,17700.0,0.01567481402763018,0.8653513283740701
U0006,2019-04,Investment,46386.55,81429.56,,0.0,-81429.56,0.0,94100.0,30800.0,94100.0,49.29495217853348,56.96524701840462,12670.440000000002,13.46486716259299,0.4929495217853348,60,Software Engineer,12800.0,Business Investment,783,17700.0,0.01567481402763018,0.8653513283740701
U0006,2019-04,Other,2245.12,81429.56,,0.0,-81429.56,0.0,94100.0,30800.0,94100.0,2.3858873538788523,2.7571314397376088,12670.440000000002,13.46486716259299,0.023858873538788523,60,Software Engineer,12800.0,Business Investment,783,17700.0,0.01567481402763018,0.8653513283740701
U0006,2019-05,Bills,29689.92,48947.65,43452.98,43452.98,-5494.67,-12.65,94100.0,30800.0,43452.98,68.32654515294462,60.656476868654565,-5494.669999999998,-12.645093616134032,0.6832654515294462,60,Software Engineer,12800.0,Business Investment,783,17700.0,0.01567481402763018,1.1264509361613404
U0006,2019-05,Groceries,1390.15,48947.65,43452.98,43452.98,-5494.67,-12.65,94100.0,30800.0,43452.98,3.1992052098613257,2.8400750597832585,-5494.669999999998,-12.645093616134032,0.031992052098613256,60,Software Engineer,12800.0,Business Investment,783,17700.0,0.01567481402763018,1.1264509361613404
U0006,2019-05,Miscellaneous,120.0,48947.65,43452.98,43452.98,-5494.67,-12.65,94100.0,30800.0,43452.98,0.2761605763287121,0.24515987999423872,-5494.669999999998,-12.645093616134032,0.002761605763287121,60,Software Engineer,12800.0,Business Investment,783,17700.0,0.01567481402763018,1.1264509361613404
U0006,2019-05,Other,1173.71,48947.65,43452.98,43452.98,-5494.67,-12.65,94100.0,30800.0,43452.98,2.701103583689772,2.3978883562336497,-5494.669999999998,-12.645093616134032,0.02701103583689772,60,Software Engineer,12800.0,Business Investment,783,17700.0,0.01567481402763018,1.1264509361613404
U0006,2019-05,Rent,15867.82,48947.65,43452.98,43452.98,-5494.67,-12.65,94100.0,30800.0,43452.98,36.51721930233553,32.41794039141818,-5494.669999999998,-12.645093616134032,0.36517219302335535,60,Software Engineer,12800.0,Business Investment,783,17700.0,0.01567481402763018,1.1264509361613404
U0006,2019-05,Shopping,706.05,48947.65,43452.98,43452.98,-5494.67,-12.65,94100.0,30800.0,43452.98,1.6248597909740596,1.442459443916102,-5494.669999999998,-12.645093616134032,0.016248597909740595,60,Software Engineer,12800.0,Business Investment,783,17700.0,0.01567481402763018,1.1264509361613404
U0006,2019-06,Bills,21302.55,36337.38,,0.0,-36337.38,0.0,94100.0,30800.0,94100.0,22.63820403825717,58.62434220629006,57762.62,61.384293304994685,0.22638204038257173,60,Software Engineer,12800.0,Business Investment,783,17700.0,0.01567481402763018,0.3861570669500531
U0006,2019-06,Food,1027.42,36337.38,,0.0,-36337.38,0.0,94100.0,30800.0,94100.0,1.0918384697130712,2.827446557787051,57762.62,61.384293304994685,0.010918384697130712,60,Software Engineer,12800.0,Business Investment,783,17700.0,0.01567481402763018,0.3861570669500531
U0006,2019-06,Fuel,2724.63,36337.38,,0.0,-36337.38,0.0,94100.0,30800.0,94100.0,2.8954622741764084,7.49814653670683,57762.62,61.384293304994685,0.028954622741764083,60,Software Engineer,12800.0,Business Investment,783,17700.0,0.01567481402763018,0.3861570669500531
U0006,2019-06,Groceries,842.48,36337.38,,0.0,-36337.38,0.0,94100.0,30800.0,94100.0,0.8953028692879915,2.3184940686422637,57762.62,61.384293304994685,0.008953028692879915,60,Software Engineer,12800.0,Business Investment,783,17700.0,0.01567481402763018,0.3861570669500531
U0006,2019-06,Insurance,8967.86,36337.38,,0.0,-36337.38,0.0,94100.0,30800.0,94100.0,9.530138150903294,24.679434785887153,57762.62,61.384293304994685,0.09530138150903295,60,Software Engineer,12800.0,Business Investment,783,17700.0,0.01567481402763018,0.3861570669500531
U0006,2019-06,Other,99.29,36337.38,,0.0,-36337.38,0.0,94100.0,30800.0,94100.0,0.1055154091392136,0.27324479640524446,57762.62,61.384293304994685,0.001055154091392136,60,Software Engineer,12800.0,Business Investment,783,17700.0,0.01567481402763018,0.3861570669500531
U0006,2019-06,Shopping,577.3,36337.38,,0.0,-36337.38,0.0,94100.0,30800.0,94100.0,0.6134962805526035,1.58872213681889,57762.62,61.384293304994685,0.0061349628055260355,60,Software Engineer,12800.0,Business Investment,783,17700.0,0.01567481402763018,0.3861570669500531
U0006,2019-06,Subscription,795.85,36337.38,,0.0,-36337.38,0.0,94100.0,30800.0,94100.0,0.8457492029755579,2.190168911462522,57762.62,61.384293304994685,0.008457492029755579,60,Software Engineer,12800.0,Business Investment,783,17700.0,0.01567481402763018,0.3861570669500531
U0006,2019-07,Bills,9718.66,36816.6,,0.0,-36816.6,0.0,94100.0,30800.0,94100.0,10.328012752391073,26.397494608410337,57283.4,60.875026567481406,0.10328012752391073,60,Software Engineer,12800.0,Business Investment,783,17700.0,0.01567481402763018,0.39124973432518595
U0006,2019-07,Food,1905.14,36816.6,,0.0,-36816.6,0.0,94100.0,30800.0,94100.0,2.0245908607863976,5.174676640428503,57283.4,60.875026567481406,0.020245908607863974,60,Software Engineer,12800.0,Business Investment,783,17700.0,0.01567481402763018,0.39124973432518595
U0006,2019-07,Fuel,7006.4,36816.6,,0.0,-36816.6,0.0,94100.0,30800.0,94100.0,7.445696068012753,19.030546003704853,57283.4,60.875026567481406,0.07445696068012753,60,Software Engineer,12800.0,Business Investment,783,17700.0,0.01567481402763018,0.39124973432518595
U0006,2019-07,Insurance,8427.55,36816.6,,0.0,-36816.6,0.0,94100.0,30800.0,94100.0,8.955951115834218,22.890625424400948,57283.4,60.875026567481406,0.08955951115834218,60,Software Engineer,12800.0,Business Investment,783,17700.0,0.01567481402763018,0.39124973432518595
U0006,2019-07,Miscellaneous,5632.38,36816.6,,0.0,-36816.6,0.0,94100.0,30800.0,94100.0,5.985526036131775,15.298479490229951,57283.4,60.875026567481406,0.05985526036131775,60,Software Engineer,12800.0,Business Investment,783,17700.0,0.01567481402763018,0.39124973432518595
U0006,2019-07,Other,3977.47,36816.6,,0.0,-36816.6,0.0,94100.0,30800.0,94100.0,4.226854410201913,10.803469087313875,57283.4,60.875026567481406,0.04226854410201913,60,Software Engineer,12800.0,Business Investment,783,17700.0,0.01567481402763018,0.39124973432518595
U0006,2019-07,Subscription,149.0,36816.6,,0.0,-36816.6,0.0,94100.0,30800.0,94100.0,0.1583421891604676,0.4047087455115356,57283.4,60.875026567481406,0.001583421891604676,60,Software Engineer,12800.0,Business Investment,783,17700.0,0.01567481402763018,0.39124973432518595
U0006,2019-08,Bills,1132.75,6360.22,,0.0,-6360.22,0.0,94100.0,30800.0,94100.0,1.2037725823591923,17.809918524830902,87739.78,93.24099893730074,0.012037725823591923,60,Software Engineer,12800.0,Business Investment,783,17700.0,0.01567481402763018,0.06759001062699256
U0006,2019-08,Food,475.65,6360.22,,0.0,-6360.22,0.0,94100.0,30800.0,94100.0,0.5054729011689691,7.478514894138881,87739.78,93.24099893730074,0.005054729011689692,60,Software Engineer,12800.0,Business Investment,783,17700.0,0.01567481402763018,0.06759001062699256
U0006,2019-08,Fuel,3490.36,6360.22,,0.0,-6360.22,0.0,94100.0,30800.0,94100.0,3.7092029755579174,54.877975919071986,87739.78,93.24099893730074,0.037092029755579174,60,Software Engineer,12800.0,Business Investment,783,17700.0,0.01567481402763018,0.06759001062699256
U0006,2019-08,Groceries,300.0,6360.22,,0.0,-6360.22,0.0,94100.0,30800.0,94100.0,0.3188097768331562,4.716817971705381,87739.78,93.24099893730074,0.003188097768331562,60,Software Engineer,12800.0,Business Investment,783,17700.0,0.01567481402763018,0.06759001062699256
U0006,2019-08,Miscellaneous,529.16,6360.22,,0.0,-6360.22,0.0,94100.0,30800.0,94100.0,0.5623379383634431,8.319837993025397,87739.78,93.24099893730074,0.005623379383634431,60,Software Engineer,12800.0,Business Investment,783,17700.0,0.01567481402763018,0.06759001062699256
U0006,2019-08,Subscription,432.3,6360.22,,0.0,-6360.22,0.0,94100.0,30800.0,94100.0,0.4594048884165781,6.796934697227454,87739.78,93.24099893730074,0.004594048884165781,60,Software Engineer,12800.0,Business Investment,783,17700.0,0.01567481402763018,0.06759001062699256
U0006,2019-09,Bills,29536.8,31737.48,,0.0,-31737.48,0.0,94100.0,30800.0,94100.0,31.38873538788523,93.06599011641757,62362.520000000004,66.27260361317747,0.3138873538788523,60,Software Engineer,12800.0,Business Investment,783,17700.0,0.01567481402763018,0.3372739638682253
U0006,2019-09,Food,1071.8,31737.48,,0.0,-31737.48,0.0,94100.0,30800.0,94100.0,1.1390010626992562,3.377079717734363,62362.520000000004,66.27260361317747,0.011390010626992561,60,Software Engineer,12800.0,Business Investment,783,17700.0,0.01567481402763018,0.3372739638682253
U0006,2019-09,Groceries,1128.88,31737.48,,0.0,-31737.48,0.0,94100.0,30800.0,94100.0,1.1996599362380447,3.556930165848077,62362.520000000004,66.27260361317747,0.011996599362380447,60,Software Engineer,12800.0,Business Investment,783,17700.0,0.01567481402763018,0.3372739638682253
U0006,2019-11,Shopping,16700.17,16700.17,,0.0,-16700.17,0.0,94100.0,30800.0,94100.0,17.747258235919233,100.0,77399.83,82.25274176408077,0.17747258235919233,60,Software Engineer,12800.0,Business Investment,783,17700.0,0.01567481402763018,0.17747258235919233
U0007,2018-01,Bills,2618.8,54449.9,,0.0,-54449.9,0.0,90500.0,26700.0,90500.0,2.893701657458564,4.809558878896013,36050.1,39.834364640883976,0.02893701657458564,40,Consultant,18300.0,Debt Repayment,750,459800.0,0.42338858195211787,0.6016563535911602
U0007,2018-01,Food,116.0,54449.9,,0.0,-54449.9,0.0,90500.0,26700.0,90500.0,0.1281767955801105,0.21303987702456753,36050.1,39.834364640883976,0.001281767955801105,40,Consultant,18300.0,Debt Repayment,750,459800.0,0.42338858195211787,0.6016563535911602
U0007,2018-01,Other,449.97,54449.9,,0.0,-54449.9,0.0,90500.0,26700.0,90500.0,0.4972044198895028,0.8263927022822816,36050.1,39.834364640883976,0.004972044198895028,40,Consultant,18300.0,Debt Repayment,750,459800.0,0.42338858195211787,0.6016563535911602
U0007,2018-01,Rent,44800.94,54449.9,,0.0,-54449.9,0.0,90500.0,26700.0,90500.0,49.503801104972375,82.27919610504335,36050.1,39.834364640883976,0.4950380110497238,40,Consultant,18300.0,Debt Repayment,750,459800.0,0.42338858195211787,0.6016563535911602
U0007,2018-01,Shopping,5951.31,54449.9,,0.0,-54449.9,0.0,90500.0,26700.0,90500.0,6.576033149171272,10.929882332198957,36050.1,39.834364640883976,0.06576033149171272,40,Consultant,18300.0,Debt Repayment,750,459800.0,0.42338858195211787,0.6016563535911602
U0007,2018-01,Subscription,512.88,54449.9,,0.0,-54449.9,0.0,90500.0,26700.0,90500.0,0.5667182320441989,0.9419301045548292,36050.1,39.834364640883976,0.005667182320441989,40,Consultant,18300.0,Debt Repayment,750,459800.0,0.42338858195211787,0.6016563535911602
U0007,2018-02,Bills,7195.92,104124.94,,0.0,-104124.94,0.0,90500.0,26700.0,90500.0,7.951292817679557,6.91085152125898,-13624.940000000002,-15.055182320441993,0.07951292817679557,40,Consultant,18300.0,Debt Repayment,750,459800.0,0.42338858195211787,1.1505518232044198
U0007,2018-02,Food,234.13,104124.94,,0.0,-104124.94,0.0,90500.0,26700.0,90500.0,0.258707182320442,0.22485487146499195,-13624.940000000002,-15.055182320441993,0.00258707182320442,40,Consultant,18300.0,Debt Repayment,750,459800.0,0.42338858195211787,1.1505518232044198
U0007,2018-02,Insurance,8531.19,104124.94,,0.0,-104124.94,0.0,90500.0,26700.0,90500.0,9.426729281767956,8.193224409060884,-13624.940000000002,-15.055182320441993,0.09426729281767957,40,Consultant,18300.0,Debt Repayment,750,459800.0,0.42338858195211787,1.1505518232044198
U0007,2018-02,Miscellaneous,14131.51,104124.94,,0.0,-104124.94,0.0,90500.0,26700.0,90500.0,15.614928176795582,13.57168609172788,-13624.940000000002,-15.055182320441993,0.1561492817679558,40,Consultant,18300.0,Debt Repayment,750,459800.0,0.42338858195211787,1.1505518232044198
U0007,2018-02,Other,3673.63,104124.94,,0.0,-104124.94,0.0,90500.0,26700.0,90500.0,4.059259668508288,3.528098071413054,-13624.940000000002,-15.055182320441993,0.040592596685082874,40,Consultant,18300.0,Debt Repayment,750,459800.0,0.42338858195211787,1.1505518232044198
U0007,2018-02,Rent,67399.85,104124.94,,0.0,-104124.94,0.0,90500.0,26700.0,90500.0,74.47497237569061,64.72978519843565,-13624.940000000002,-15.055182320441993,0.7447497237569062,40,Consultant,18300.0,Debt Repayment,750,459800.0,0.42338858195211787,1.1505518232044198
U0007,2018-02,Shopping,2958.71,104124.94,,0.0,-104124.94,0.0,90500.0,26700.0,90500.0,3.269292817679558,2.8414998366385613,-13624.940000000002,-15.055182320441993,0.03269292817679558,40,Consultant,18300.0,Debt Repayment,750,459800.0,0.42338858195211787,1.1505518232044198
U0007,2018-03,Bills,21619.75,25206.3,,0.0,-25206.3,0.0,90500.0,26700.0,90500.0,23.88922651933702,85.77121592617719,65293.7,72.14773480662983,0.23889226519337017,40,Consultant,18300.0,Debt Repayment,750,459800.0,0.42338858195211787,0.2785226519337016
U0007,2018-03,Food,567.8399999999999,25206.3,,0.0,-25206.3,0.0,90500.0,26700.0,90500.0,0.6274475138121546,2.2527701407981335,65293.7,72.14773480662983,0.006274475138121546,40,Consultant,18300.0,Debt Repayment,750,459800.0,0.42338858195211787,0.2785226519337016
U0007,2018-03,Groceries,1659.33,25206.3,,0.0,-25206.3,0.0,90500.0,26700.0,90500.0,1.833513812154696,6.58299710786589,65293.7,72.14773480662983,0.01833513812154696,40,Consultant,18300.0,Debt Repayment,750,459800.0,0.42338858195211787,0.2785226519337016
U0007,2018-03,Miscellaneous,431.87,25206.3,,0.0,-25206.3,0.0,90500.0,26700.0,90500.0,0.47720441988950274,1.713341505893368,65293.7,72.14773480662983,0.004772044198895028,40,Consultant,18300.0,Debt Repayment,750,459800.0,0.42338858195211787,0.2785226519337016
U0007,2018-03,Other,85.53,25206.3,,0.0,-25206.3,0.0,90500.0,26700.0,90500.0,0.09450828729281768,0.3393199319217815,65293.7,72.14773480662983,0.0009450828729281768,40,Consultant,18300.0,Debt Repayment,750,459800.0,0.42338858195211787,0.2785226519337016
U0007,2018-03,Shopping,841.98,25206.3,,0.0,-25206.3,0.0,90500.0,26700.0,90500.0,0.9303646408839779,3.34035538734364,65293.7,72.14773480662983,0.009303646408839778,40,Consultant,18300.0,Debt Repayment,750,459800.0,0.42338858195211787,0.2785226519337016
U0007,2018-04,Bills,32900.05,44534.19,35678.35,35678.35,-8855.84,-24.82,90500.0,26700.0,35678.35,92.21292464477759,73.87593666798476,-8855.840000000004,-24.821327219448218,0.9221292464477758,40,Consultant,18300.0,Debt Repayment,750,459800.0,0.42338858195211787,1.2482132721944823
U0007,2018-04,Groceries,2089.03,44534.19,35678.35,35678.35,-8855.84,-24.82,90500.0,26700.0,35678.35,5.855175477565528,4.6908453931687095,-8855.840000000004,-24.821327219448218,0.058551754775655274,40,Consultant,18300.0,Debt Repayment,750,459800.0,0.42338858195211787,1.2482132721944823
U0007,2018-04,Miscellaneous,647.81,44534.19,35678.35,35678.35,-8855.84,-24.82,90500.0,26700.0,35678.35,1.815694952260965,1.454635191523636,-8855.840000000004,-24.821327219448218,0.01815694952260965,40,Consultant,18300.0,Debt Repayment,750,459800.0,0.42338858195211787,1.2482132721944823
U0007,2018-04,Rent,8269.39,44534.19,35678.35,35678.35,-8855.84,-24.82,90500.0,26700.0,35678.35,23.177613314517068,18.56863232496201,-8855.840000000004,-24.821327219448218,0.23177613314517068,40,Consultant,18300.0,Debt Repayment,750,459800.0,0.42338858195211787,1.2482132721944823
U0007,2018-04,Shopping,627.9100000000001,44534.19,35678.35,35678.35,-8855.84,-24.82,90500.0,26700.0,35678.35,1.7599188303270754,1.4099504223608874,-8855.840000000004,-24.821327219448218,0.017599188303270754,40,Consultant,18300.0,Debt Repayment,750,459800.0,0.42338858195211787,1.2482132721944823
U0007,2018-05,Bills,11057.74,25689.59,47228.53,47228.53,21538.94,45.61,90500.0,26700.0,47228.53,23.41326312718181,43.043660875864504,21538.94,45.60578108190113,0.2341326312718181,40,Consultant,18300.0,Debt Repayment,750,459800.0,0.42338858195211787,0.5439421891809887
U0007,2018-05,Food,1032.42,25689.59,47228.53,47228.53,21538.94,45.61,90500.0,26700.0,47228.53,2.1860091770800403,4.018826302794245,21538.94,45.60578108190113,0.021860091770800404,40,Consultant,18300.0,Debt Repayment,750,459800.0,0.42338858195211787,0.5439421891809887
U0007,2018-05,Groceries,2714.4700000000003,25689.59,47228.53,47228.53,21538.94,45.61,90500.0,26700.0,47228.53,5.747521678104317,10.566420094676483,21538.94,45.60578108190113,0.05747521678104316,40,Consultant,18300.0,Debt Repayment,750,459800.0,0.42338858195211787,0.5439421891809887
U0007,2018-05,Insurance,8380.51,25689.59,47228.53,47228.53,21538.94,45.61,90500.0,26700.0,47228.53,17.744592092957372,32.62220222276805,21538.94,45.60578108190113,0.17744592092957373,40,Consultant,18300.0,Debt Repayment,750,459800.0,0.42338858195211787,0.5439421891809887
U0007,2018-05,Other,2504.4500000000003,25689.59,47228.53,47228.53,21538.94,45.61,90500.0,26700.0,47228.53,5.302832842775332,9.748890503896716,21538.94,45.60578108190113,0.05302832842775332,40,Consultant,18300.0,Debt Repayment,750,459800.0,0.42338858195211787,0.5439421891809887
U0007,2018-06,Bills,34939.380000000005,47229.56,,0.0,-47229.56,0.0,90500.0,26700.0,90500.0,38.60704972375691,73.97778001742978,43270.44,47.812640883977906,0.3860704972375691,40,Consultant,18300.0,Debt Repayment,750,459800.0,0.42338858195211787,0.5218735911602209
U0007,2018-06,Entertainment,1188.9299999999998,47229.56,,0.0,-47229.56,0.0,90500.0,26700.0,90500.0,1.313734806629834,2.5173429521680912,43270.44,47.812640883977906,0.01313734806629834,40,Consultant,18300.0,Debt Repayment,750,459800.0,0.42338858195211787,0.5218735911602209
U0007,2018-06,Food,116.0,47229.56,,0.0,-47229.56,0.0,90500.0,26700.0,90500.0,0.1281767955801105,0.2456088940909041,43270.44,47.812640883977906,0.001281767955801105,40,Consultant,18300.0,Debt Repayment,750,459800.0,0.42338858195211787,0.5218735911602209
U0007,2018-06,Fuel,2652.67,47229.56,,0.0,-47229.56,0.0,90500.0,26700.0,90500.0,2.9311270718232043,5.61654607834585,43270.44,47.812640883977906,0.029311270718232044,40,Consultant,18300.0,Debt Repayment,750,459800.0,0.42338858195211787,0.5218735911602209
U0007,2018-06,Miscellaneous,1126.18,47229.56,,0.0,-47229.56,0.0,90500.0,26700.0,90500.0,1.2443977900552488,2.3844812443732275,43270.44,47.812640883977906,0.012443977900552487,40,Consultant,18300.0,Debt Repayment,750,459800.0,0.42338858195211787,0.5218735911602209
U0007,2018-06,Shopping,7040.08,47229.56,,0.0,-47229.56,0.0,90500.0,26700.0,90500.0,7.779093922651933,14.90608847509907,43270.44,47.812640883977906,0.07779093922651933,40,Consultant,18300.0,Debt Repayment,750,459800.0,0.42338858195211787,0.5218735911602209
U0007,2018-06,Subscription,166.32,47229.56,,0.0,-47229.56,0.0,90500.0,26700.0,90500.0,0.18377900552486187,0.3521523384930963,43270.44,47.812640883977906,0.0018377900552486188,40,Consultant,18300.0,Debt Repayment,750,459800.0,0.42338858195211787,0.5218735911602209
U0007,2018-07,Bills,5008.7300000000005,11390.22,,0.0,-11390.22,0.0,90500.0,26700.0,90500.0,5.534508287292819,43.97395309309215,79109.78,87.41412154696133,0.055345082872928185,40,Consultant,18300.0,Debt Repayment,750,459800.0,0.42338858195211787,0.12585878453038674
U0007,2018-07,Food,651.28,11390.22,,0.0,-11390.22,0.0,90500.0,26700.0,90500.0,0.7196464088397789,5.717887801991533,79109.78,87.41412154696133,0.00719646408839779,40,Consultant,18300.0,Debt Repayment,750,459800.0,0.42338858195211787,0.12585878453038674
U0007,2018-07,Groceries,3267.33,11390.22,,0.0,-11390.22,0.0,90500.0,26700.0,90500.0,3.6103093922651928,28.685398526103974,79109.78,87.41412154696133,0.03610309392265193,40,Consultant,18300.0,Debt Repayment,750,459800.0,0.42338858195211787,0.12585878453038674
U0007,2018-07,Other,2300.28,11390.22,,0.0,-11390.22,0.0,90500.0,26700.0,90500.0,2.5417458563535913,20.195220109883746,79109.78,87.41412154696133,0.025417458563535913,40,Consultant,18300.0,Debt Repayment,750,459800.0,0.42338858195211787,0.12585878453038674
U0007,2018-07,Subscription,162.6,11390.22,,0.0,-11390.22,0.0,90500.0,26700.0,90500.0,0.1796685082872928,1.4275404689286073,79109.78,87.41412154696133,0.001796685082872928,40,Consultant,18300.0,Debt Repayment,750,459800.0,0.42338858195211787,0.12585878453038674
U0007,2018-08,Bills,1851.55,7184.219999999999,,0.0,-7184.22,0.0,90500.0,26700.0,90500.0,2.045911602209945,25.772456856833454,83315.78,92.06163535911602,0.020459116022099447,40,Consultant,18300.0,Debt Repayment,750,459800.0,0.42338858195211787,0.07938364640883977
U0007,2018-08,Food,338.4,7184.219999999999,,0.0,-7184.22,0.0,90500.0,26700.0,90500.0,0.3739226519337016,4.71032345891412,83315.78,92.06163535911602,0.003739226519337016,40,Consultant,18300.0,Debt Repayment,750,459800.0,0.42338858195211787,0.07938364640883977
U0007,2018-08,Fuel,2151.16,7184.219999999999,,0.0,-7184.22,0.0,90500.0,26700.0,90500.0,2.3769723756906074,29.94284696181353,83315.78,92.06163535911602,0.023769723756906076,40,Consultant,18300.0,Debt Repayment,750,459800.0,0.42338858195211787,0.07938364640883977
U0007,2018-08,Groceries,2048.4700000000003,7184.219999999999,,0.0,-7184.22,0.0,90500.0,26700.0,90500.0,2.2635027624309396,28.513464231329227,83315.78,92.06163535911602,0.022635027624309394,40,Consultant,18300.0,Debt Repayment,750,459800.0,0.42338858195211787,0.07938364640883977
U0007,2018-08,Miscellaneous,378.72,7184.219999999999,,0.0,-7184.22,0.0,90500.0,26700.0,90500.0,0.418475138121547,5.271553488061335,83315.78,92.06163535911602,0.00418475138121547,40,Consultant,18300.0,Debt Repayment,750,459800.0,0.42338858195211787,0.07938364640883977
U0007,2018-08,Other,415.92,7184.219999999999,,0.0,-7184.22,0.0,90500.0,26700.0,90500.0,0.45958011049723757,5.789355003048349,83315.78,92.06163535911602,0.0045958011049723755,40,Consultant,18300.0,Debt Repayment,750,459800.0,0.42338858195211787,0.07938364640883977
U0007,2018-09,Bills,11595.4,69808.64,,0.0,-69808.64,0.0,90500.0,26700.0,90500.0,12.812596685082871,16.610264861197695,20691.36,22.863381215469612,0.12812596685082872,40,Consultant,18300.0,Debt Repayment,750,459800.0,0.42338858195211787,0.7713661878453039
U0007,2018-09,Food,180.49,69808.64,,0.0,-69808.64,0.0,90500.0,26700.0,90500.0,0.1994364640883978,0.25854965803659835,20691.36,22.863381215469612,0.001994364640883978,40,Consultant,18300.0,Debt Repayment,750,459800.0,0.42338858195211787,0.7713661878453039
U0007,2018-09,Investment,3360.14,69808.64,,0.0,-69808.64,0.0,90500.0,26700.0,90500.0,3.7128618784530385,4.8133583464740175,20691.36,22.863381215469612,0.03712861878453039,40,Consultant,18300.0,Debt Repayment,750,459800.0,0.42338858195211787,0.7713661878453039
U0007,2018-09,Rent,54425.62,69808.64,,0.0,-69808.64,0.0,90500.0,26700.0,90500.0,60.13880662983425,77.96401706149841,20691.36,22.863381215469612,0.6013880662983425,40,Consultant,18300.0,Debt Repayment,750,459800.0,0.42338858195211787,0.7713661878453039
U0007,2018-09,Subscription,246.99,69808.64,,0.0,-69808.64,0.0,90500.0,26700.0,90500.0,0.2729171270718232,0.35381007279328175,20691.36,22.863381215469612,0.002729171270718232,40,Consultant,18300.0,Debt Repayment,750,459800.0,0.42338858195211787,0.7713661878453039
U0007,2018-10,Bills,5918.68,11136.74,,0.0,-11136.74,0.0,90500.0,26700.0,90500.0,6.539977900552486,53.14553451009901,79363.26,87.69420994475138,0.06539977900552486,40,Consultant,18300.0,Debt Repayment,750,459800.0,0.42338858195211787,0.12305790055248618
U0007,2018-10,Food,1905.09,11136.74,,0.0,-11136.74,0.0,90500.0,26700.0,90500.0,2.10507182320442,17.106352487352673,79363.26,87.69420994475138,0.0210507182320442,40,Consultant,18300.0,Debt Repayment,750,459800.0,0.42338858195211787,0.12305790055248618
U0007,2018-10,Groceries,3312.9700000000003,11136.74,,0.0,-11136.74,0.0,90500.0,26700.0,90500.0,3.660740331491713,29.748113002548326,79363.26,87.69420994475138,0.03660740331491713,40,Consultant,18300.0,Debt Repayment,750,459800.0,0.42338858195211787,0.12305790055248618
U0007,2018-11,Bills,8999.93,23351.96,,0.0,-23351.96,0.0,90500.0,26700.0,90500.0,9.944674033149171,38.54036235074058,67148.04000000001,74.19672928176797,0.09944674033149171,40,Consultant,18300.0,Debt Repayment,750,459800.0,0.42338858195211787,0.2580327071823204
U0007,2018-11,Food,8309.619999999999,23351.96,,0.0,-23351.96,0.0,90500.0,26700.0,90500.0,9.181900552486187,35.58425074383478,67148.04000000001,74.19672928176797,0.09181900552486187,40,Consultant,18300.0,Debt Repayment,750,459800.0,0.42338858195211787,0.2580327071823204
U0007,2018-11,Groceries,916.82,23351.96,,0.0,-23351.96,0.0,90500.0,26700.0,90500.0,1.013060773480663,3.9260944263350916,67148.04000000001,74.19672928176797,0.01013060773480663,40,Consultant,18300.0,Debt Repayment,750,459800.0,0.42338858195211787,0.2580327071823204
U0007,2018-11,Miscellaneous,426.38,23351.96,,0.0,-23351.96,0.0,90500.0,26700.0,90500.0,0.47113812154696133,1.8258852790087,67148.04000000001,74.19672928176797,0.004711381215469613,40,Consultant,18300.0,Debt Repayment,750,459800.0,0.42338858195211787,0.2580327071823204
U0007,2018-11,Shopping,4699.21,23351.96,,0.0,-23351.96,0.0,90500.0,26700.0,90500.0,5.192497237569061,20.12340720008085,67148.04000000001,74.19672928176797,0.05192497237569061,40,Consultant,18300.0,Debt Repayment,750,459800.0,0.42338858195211787,0.2580327071823204
U0007,2018-12,Bills,14568.36,30502.4,,0.0,-30502.4,0.0,90500.0,26700.0,90500.0,16.097635359116023,47.76135648342426,59997.6,66.2956906077348,0.16097635359116022,40,Consultant,18300.0,Debt Repayment,750,459800.0,0.42338858195211787,0.33704309392265197
U0007,2018-12,Food,1755.85,30502.4,,0.0,-30502.4,0.0,90500.0,26700.0,90500.0,1.9401657458563533,5.756432280738564,59997.6,66.2956906077348,0.019401657458563534,40,Consultant,18300.0,Debt Repayment,750,459800.0,0.42338858195211787,0.33704309392265197
U0007,2018-12,Fuel,3348.6,30502.4,,0.0,-30502.4,0.0,90500.0,26700.0,90500.0,3.700110497237569,10.978152538816618,59997.6,66.2956906077348,0.03700110497237569,40,Consultant,18300.0,Debt Repayment,750,459800.0,0.42338858195211787,0.33704309392265197
U0007,2018-12,Groceries,662.23,30502.4,,0.0,-30502.4,0.0,90500.0,26700.0,90500.0,0.7317458563535912,2.171075062945867,59997.6,66.2956906077348,0.007317458563535912,40,Consultant,18300.0,Debt Repayment,750,459800.0,0.42338858195211787,0.33704309392265197
U0007,2018-12,Other,1194.8,30502.4,,0.0,-30502.4,0.0,90500.0,26700.0,90500.0,1.3202209944751382,3.9170688208140994,59997.6,66.2956906077348,0.01320220994475138,40,Consultant,18300.0,Debt Repayment,750,459800.0,0.42338858195211787,0.33704309392265197
U0007,2018-12,Shopping,8972.56,30502.4,,0.0,-30502.4,0.0,90500.0,26700.0,90500.0,9.91443093922652,29.415914813260592,59997.6,66.2956906077348,0.09914430939226519,40,Consultant,18300.0,Debt Repayment,750,459800.0,0.42338858195211787,0.33704309392265197
U0007,2019-01,Bills,8312.15,73831.52,,0.0,-73831.52,0.0,90500.0,26700.0,90500.0,9.184696132596684,11.258267471670635,16668.479999999996,18.418209944751375,0.09184696132596684,40,Consultant,18300.0,Debt Repayment,750,459800.0,0.42338858195211787,0.8158179005524863
U0007,2019-01,Fuel,4038.61,73831.52,,0.0,-73831.52,0.0,90500.0,26700.0,90500.0,4.462552486187846,5.470035020273184,16668.479999999996,18.418209944751375,0.04462552486187846,40,Consultant,18300.0,Debt Repayment,750,459800.0,0.42338858195211787,0.8158179005524863
U0007,2019-01,Groceries,1101.76,73831.52,,0.0,-73831.52,0.0,90500.0,26700.0,90500.0,1.217414364640884,1.492262383328963,16668.479999999996,18.418209944751375,0.01217414364640884,40,Consultant,18300.0,Debt Repayment,750,459800.0,0.42338858195211787,0.8158179005524863
U0007,2019-01,Insurance,8142.13,73831.52,,0.0,-73831.52,0.0,90500.0,26700.0,90500.0,8.996828729281768,11.027986420975756,16668.479999999996,18.418209944751375,0.08996828729281768,40,Consultant,18300.0,Debt Repayment,750,459800.0,0.42338858195211787,0.8158179005524863
U0007,2019-01,Investment,39760.57,73831.52,,0.0,-73831.52,0.0,90500.0,26700.0,90500.0,43.93433149171271,53.85311043305081,16668.479999999996,18.418209944751375,0.4393433149171271,40,Consultant,18300.0,Debt Repayment,750,459800.0,0.42338858195211787,0.8158179005524863
U0007,2019-01,Miscellaneous,3475.39,73831.52,,0.0,-73831.52,0.0,90500.0,26700.0,90500.0,3.8402099447513813,4.707190099838118,16668.479999999996,18.418209944751375,0.03840209944751381,40,Consultant,18300.0,Debt Repayment,750,459800.0,0.42338858195211787,0.8158179005524863
U0007,2019-01,Rent,7715.14,73831.52,,0.0,-73831.52,0.0,90500.0,26700.0,90500.0,8.525016574585635,10.449656190201692,16668.479999999996,18.418209944751375,0.08525016574585635,40,Consultant,18300.0,Debt Repayment,750,459800.0,0.42338858195211787,0.8158179005524863
U0007,2019-01,Shopping,562.61,73831.52,,0.0,-73831.52,0.0,90500.0,26700.0,90500.0,0.6216685082872928,0.7620187150420308,16668.479999999996,18.418209944751375,0.006216685082872929,40,Consultant,18300.0,Debt Repayment,750,459800.0,0.42338858195211787,0.8158179005524863
U0007,2019-01,Subscription,723.16,73831.52,,0.0,-73831.52,0.0,90500.0,26700.0,90500.0,0.7990718232044199,0.9794732656188033,16668.479999999996,18.418209944751375,0.007990718232044199,40,Consultant,18300.0,Debt Repayment,750,459800.0,0.42338858195211787,0.8158179005524863
U0007,2019-02,Bills,13231.01,18064.0,,0.0,-18064.0,0.0,90500.0,26700.0,90500.0,14.619900552486186,73.24518379096546,72436.0,80.03977900552486,0.14619900552486187,40,Consultant,18300.0,Debt Repayment,750,459800.0,0.42338858195211787,0.1996022099447514
U0007,2019-02,Food,695.6,18064.0,,0.0,-18064.0,0.0,90500.0,26700.0,90500.0,0.7686187845303868,3.850752878653676,72436.0,80.03977900552486,0.007686187845303867,40,Consultant,18300.0,Debt Repayment,750,459800.0,0.42338858195211787,0.1996022099447514
U0007,2019-02,Groceries,1268.01,18064.0,,0.0,-18064.0,0.0,90500.0,26700.0,90500.0,1.4011160220994474,7.01954162976085,72436.0,80.03977900552486,0.014011160220994474,40,Consultant,18300.0,Debt Repayment,750,459800.0,0.42338858195211787,0.1996022099447514
U0007,2019-02,Miscellaneous,2869.38,18064.0,,0.0,-18064.0,0.0,90500.0,26700.0,90500.0,3.170585635359116,15.884521700620018,72436.0,80.03977900552486,0.03170585635359116,40,Consultant,18300.0,Debt Repayment,750,459800.0,0.42338858195211787,0.1996022099447514
U0007,2019-03,Bills,8441.539999999999,16802.52,139544.41,141730.38,124927.86,88.14,90500.0,26700.0,139544.41,6.049357333625903,50.23972594587002,122741.89,87.95901605804201,0.060493573336259036,40,Consultant,18300.0,Debt Repayment,750,459800.0,0.42338858195211787,0.12040983941957976
U0007,2019-03,Entertainment,484.46,16802.52,139544.41,141730.38,124927.86,88.14,90500.0,26700.0,139544.41,0.3471726312791748,2.8832579874923523,122741.89,87.95901605804201,0.0034717263127917483,40,Consultant,18300.0,Debt Repayment,750,459800.0,0.42338858195211787,0.12040983941957976
U0007,2019-03,Food,3869.66,16802.52,139544.41,141730.38,124927.86,88.14,90500.0,26700.0,139544.41,2.7730670114266847,23.030235940799354,122741.89,87.95901605804201,0.02773067011426685,40,Consultant,18300.0,Debt Repayment,750,459800.0,0.42338858195211787,0.12040983941957976
U0007,2019-03,Fuel,2501.16,16802.52,139544.41,141730.38,124927.86,88.14,90500.0,26700.0,139544.41,1.7923756315283428,14.88562429921226,122741.89,87.95901605804201,0.017923756315283427,40,Consultant,18300.0,Debt Repayment,750,459800.0,0.42338858195211787,0.12040983941957976
U0007,2019-03,Miscellaneous,1170.69,16802.52,139544.41,141730.38,124927.86,88.14,90500.0,26700.0,139544.41,0.8389372243574644,6.967347754979611,122741.89,87.95901605804201,0.008389372243574644,40,Consultant,18300.0,Debt Repayment,750,459800.0,0.42338858195211787,0.12040983941957976
U0007,2019-03,Other,335.01,16802.52,139544.41,141730.38,124927.86,88.14,90500.0,26700.0,139544.41,0.2400741097404045,1.9938080716463957,122741.89,87.95901605804201,0.002400741097404045,40,Consultant,18300.0,Debt Repayment,750,459800.0,0.42338858195211787,0.12040983941957976
U0007,2019-04,Bills,20128.14,27712.39,,0.0,-27712.39,0.0,90500.0,26700.0,90500.0,22.24103867403315,72.63227747588714,62787.61,69.37857458563535,0.22241038674033148,40,Consultant,18300.0,Debt Repayment,750,459800.0,0.42338858195211787,0.3062142541436464
U0007,2019-04,Food,151.83,27712.39,,0.0,-27712.39,0.0,90500.0,26700.0,90500.0,0.16776795580110498,0.5478776821486707,62787.61,69.37857458563535,0.0016776795580110498,40,Consultant,18300.0,Debt Repayment,750,459800.0,0.42338858195211787,0.3062142541436464
U0007,2019-04,Groceries,4547.93,27712.39,,0.0,-27712.39,0.0,90500.0,26700.0,90500.0,5.025337016574586,16.411179259529764,62787.61,69.37857458563535,0.05025337016574586,40,Consultant,18300.0,Debt Repayment,750,459800.0,0.42338858195211787,0.3062142541436464
U0007,2019-04,Miscellaneous,262.69,27712.39,,0.0,-27712.39,0.0,90500.0,26700.0,90500.0,0.2902651933701657,0.9479153548286524,62787.61,69.37857458563535,0.0029026519337016572,40,Consultant,18300.0,Debt Repayment,750,459800.0,0.42338858195211787,0.3062142541436464
U0007,2019-04,Other,1947.39,27712.39,,0.0,-27712.39,0.0,90500.0,26700.0,90500.0,2.151812154696133,7.0271456197029565,62787.61,69.37857458563535,0.021518121546961328,40,Consultant,18300.0,Debt Repayment,750,459800.0,0.42338858195211787,0.3062142541436464
U0007,2019-04,Subscription,674.41,27712.39,,0.0,-27712.39,0.0,90500.0,26700.0,90500.0,0.7452044198895027,2.4336046079028186,62787.61,69.37857458563535,0.007452044198895027,40,Consultant,18300.0,Debt Repayment,750,459800.0,0.42338858195211787,0.3062142541436464
U0007,2019-05,Bills,8621.6,18610.96,,0.0,-18610.96,0.0,90500.0,26700.0,90500.0,9.526629834254145,46.325391059891594,71889.04000000001,79.43540331491714,0.09526629834254144,40,Consultant,18300.0,Debt Repayment,750,459800.0,0.42338858195211787,0.20564596685082873
U0007,2019-05,Food,1382.28,18610.96,,0.0,-18610.96,0.0,90500.0,26700.0,90500.0,1.5273812154696131,7.427236424128577,71889.04000000001,79.43540331491714,0.015273812154696132,40,Consultant,18300.0,Debt Repayment,750,459800.0,0.42338858195211787,0.20564596685082873
U0007,2019-05,Fuel,3402.93,18610.96,,0.0,-18610.96,0.0,90500.0,26700.0,90500.0,3.7601436464088396,18.284548459617344,71889.04000000001,79.43540331491714,0.037601436464088395,40,Consultant,18300.0,Debt Repayment,750,459800.0,0.42338858195211787,0.20564596685082873
U0007,2019-05,Groceries,3551.91,18610.96,,0.0,-18610.96,0.0,90500.0,26700.0,90500.0,3.9247624309392264,19.08504451140618,71889.04000000001,79.43540331491714,0.039247624309392264,40,Consultant,18300.0,Debt Repayment,750,459800.0,0.42338858195211787,0.20564596685082873
U0007,2019-05,Other,1652.24,18610.96,,0.0,-18610.96,0.0,90500.0,26700.0,90500.0,1.8256795580110496,8.877779544956306,71889.04000000001,79.43540331491714,0.018256795580110497,40,Consultant,18300.0,Debt Repayment,750,459800.0,0.42338858195211787,0.20564596685082873
U0007,2019-06,Bills,10657.24,22004.19,,0.0,-22004.19,0.0,90500.0,26700.0,90500.0,11.775955801104972,48.432775757707965,68495.81,75.68597790055249,0.11775955801104972,40,Consultant,18300.0,Debt Repayment,750,459800.0,0.42338858195211787,0.24314022099447513
U0007,2019-06,Food,3443.73,22004.19,,0.0,-22004.19,0.0,90500.0,26700.0,90500.0,3.8052265193370167,15.650337503902668,68495.81,75.68597790055249,0.03805226519337017,40,Consultant,18300.0,Debt Repayment,750,459800.0,0.42338858195211787,0.24314022099447513
U0007,2019-06,Fuel,3393.35,22004.19,,0.0,-22004.19,0.0,90500.0,26700.0,90500.0,3.7495580110497237,15.421381109688657,68495.81,75.68597790055249,0.03749558011049724,40,Consultant,18300.0,Debt Repayment,750,459800.0,0.42338858195211787,0.24314022099447513
U0007,2019-06,Groceries,3078.99,22004.19,,0.0,-22004.19,0.0,90500.0,26700.0,90500.0,3.4021988950276243,13.992744109190113,68495.81,75.68597790055249,0.03402198895027624,40,Consultant,18300.0,Debt Repayment,750,459800.0,0.42338858195211787,0.24314022099447513
U0007,2019-06,Miscellaneous,1013.9,22004.19,,0.0,-22004.19,0.0,90500.0,26700.0,90500.0,1.1203314917127072,4.6077587950294925,68495.81,75.68597790055249,0.011203314917127071,40,Consultant,18300.0,Debt Repayment,750,459800.0,0.42338858195211787,0.24314022099447513
U0007,2019-06,Other,416.98,22004.19,,0.0,-22004.19,0.0,90500.0,26700.0,90500.0,0.46075138121546966,1.8950027244811103,68495.81,75.68597790055249,0.0046075138121546965,40,Consultant,18300.0,Debt Repayment,750,459800.0,0.42338858195211787,0.24314022099447513
U0007,2019-07,Bills,21746.39,52244.26,,0.0,-52244.26,0.0,90500.0,26700.0,90500.0,24.029160220994473,41.624457883028676,38255.74,42.27153591160221,0.24029160220994475,40,Consultant,18300.0,Debt Repayment,750,459800.0,0.42338858195211787,0.5772846408839779
U0007,2019-07,Entertainment,2026.81,52244.26,,0.0,-52244.26,0.0,90500.0,26700.0,90500.0,2.239569060773481,3.8794883878152353,38255.74,42.27153591160221,0.022395690607734806,40,Consultant,18300.0,Debt Repayment,750,459800.0,0.42338858195211787,0.5772846408839779
U0007,2019-07,Food,2610.49,52244.26,,0.0,-52244.26,0.0,90500.0,26700.0,90500.0,2.8845193370165743,4.996702030041194,38255.74,42.27153591160221,0.028845193370165743,40,Consultant,18300.0,Debt Repayment,750,459800.0,0.42338858195211787,0.5772846408839779
U0007,2019-07,Insurance,8358.0,52244.26,,0.0,-52244.26,0.0,90500.0,26700.0,90500.0,9.2353591160221,15.997929724719997,38255.74,42.27153591160221,0.09235359116022099,40,Consultant,18300.0,Debt Repayment,750,459800.0,0.42338858195211787,0.5772846408839779
U0007,2019-07,Miscellaneous,1064.81,52244.26,,0.0,-52244.26,0.0,90500.0,26700.0,90500.0,1.176585635359116,2.038137778198026,38255.74,42.27153591160221,0.01176585635359116,40,Consultant,18300.0,Debt Repayment,750,459800.0,0.42338858195211787,0.5772846408839779
U0007,2019-07,Rent,15573.76,52244.26,,0.0,-52244.26,0.0,90500.0,26700.0,90500.0,17.208574585635358,29.809514002112387,38255.74,42.27153591160221,0.17208574585635358,40,Consultant,18300.0,Debt Repayment,750,459800.0,0.42338858195211787,0.5772846408839779
U0007,2019-07,Shopping,864.0,52244.26,,0.0,-52244.26,0.0,90500.0,26700.0,90500.0,0.9546961325966851,1.6537701940844793,38255.74,42.27153591160221,0.00954696132596685,40,Consultant,18300.0,Debt Repayment,750,459800.0,0.42338858195211787,0.5772846408839779
U0007,2019-08,Bills,4819.09,24022.88,35534.17,35534.17,11511.29,32.39,90500.0,26700.0,35534.17,13.561847652555272,20.060417402076684,11511.289999999997,32.394987697756825,0.13561847652555273,40,Consultant,18300.0,Debt Repayment,750,459800.0,0.42338858195211787,0.6760501230224317
U0007,2019-08,Entertainment,1504.99,24022.88,35534.17,35534.17,11511.29,32.39,90500.0,26700.0,35534.17,4.235331794720406,6.264819205690575,11511.289999999997,32.394987697756825,0.04235331794720406,40,Consultant,18300.0,Debt Repayment,750,459800.0,0.42338858195211787,0.6760501230224317
U0007,2019-08,Food,2619.0,24022.88,35534.17,35534.17,11511.29,32.39,90500.0,26700.0,35534.17,7.370370547560279,10.902106658319068,11511.289999999997,32.394987697756825,0.07370370547560279,40,Consultant,18300.0,Debt Repayment,750,459800.0,0.42338858195211787,0.6760501230224317
U0007,2019-08,Fuel,2698.27,24022.88,35534.17,35534.17,11511.29,32.39,90500.0,26700.0,35534.17,7.593451598841342,11.232083746828025,11511.289999999997,32.394987697756825,0.07593451598841341,40,Consultant,18300.0,Debt Repayment,750,459800.0,0.42338858195211787,0.6760501230224317
U0007,2019-08,Groceries,4391.53,24022.88,35534.17,35534.17,11511.29,32.39,90500.0,26700.0,35534.17,12.358611443576702,18.280614147845718,11511.289999999997,32.394987697756825,0.12358611443576703,40,Consultant,18300.0,Debt Repayment,750,459800.0,0.42338858195211787,0.6760501230224317
U0007,2019-08,Insurance,7990.0,24022.88,35534.17,35534.17,11511.29,32.39,90500.0,26700.0,35534.17,22.485399264989166,33.25995883923992,11511.289999999997,32.394987697756825,0.22485399264989164,40,Consultant,18300.0,Debt Repayment,750,459800.0,0.42338858195211787,0.6760501230224317
U0007,2019-09,Bills,28717.44,38278.03,,0.0,-38278.03,0.0,90500.0,26700.0,90500.0,31.731977900552483,75.02329665345891,52221.97,57.70383425414365,0.3173197790055248,40,Consultant,18300.0,Debt Repayment,750,459800.0,0.42338858195211787,0.4229616574585635
U0007,2019-09,Food,1657.06,38278.03,,0.0,-38278.03,0.0,90500.0,26700.0,90500.0,1.8310055248618784,4.3290106622519495,52221.97,57.70383425414365,0.018310055248618784,40,Consultant,18300.0,Debt Repayment,750,459800.0,0.42338858195211787,0.4229616574585635
U0007,2019-09,Fuel,2669.52,38278.03,,0.0,-38278.03,0.0,90500.0,26700.0,90500.0,2.949745856353591,6.974026615267295,52221.97,57.70383425414365,0.029497458563535913,40,Consultant,18300.0,Debt Repayment,750,459800.0,0.42338858195211787,0.4229616574585635
U0007,2019-09,Groceries,4454.06,38278.03,,0.0,-38278.03,0.0,90500.0,26700.0,90500.0,4.921613259668509,11.636074270279845,52221.97,57.70383425414365,0.049216132596685086,40,Consultant,18300.0,Debt Repayment,750,459800.0,0.42338858195211787,0.4229616574585635
U0007,2019-09,Other,779.95,38278.03,,0.0,-38278.03,0.0,90500.0,26700.0,90500.0,0.8618232044198896,2.0375917987419943,52221.97,57.70383425414365,0.008618232044198896,40,Consultant,18300.0,Debt Repayment,750,459800.0,0.42338858195211787,0.4229616574585635
U0007,2019-11,Shopping,34231.0,34231.0,,0.0,-34231.0,0.0,90500.0,26700.0,90500.0,37.82430939226519,100.0,56269.0,62.1756906077348,0.37824309392265193,40,Consultant,18300.0,Debt Repayment,750,459800.0,0.42338858195211787,0.37824309392265193
U0008,2018-01,Bills,23321.63,41729.54,,0.0,-41729.54,0.0,112600.0,35300.0,112600.0,20.711927175843694,55.8875798774681,70870.45999999999,62.94001776198933,0.20711927175843695,44,Doctor,21600.0,Travel,747,533600.0,0.39490822972172884,0.3705998223801066
U0008,2018-01,Entertainment,237.48,41729.54,,0.0,-41729.54,0.0,112600.0,35300.0,112600.0,0.21090586145648313,0.5690932610328319,70870.45999999999,62.94001776198933,0.0021090586145648313,44,Doctor,21600.0,Travel,747,533600.0,0.39490822972172884,0.3705998223801066
U0008,2018-01,Food,2587.05,41729.54,,0.0,-41729.54,0.0,112600.0,35300.0,112600.0,2.297557726465364,6.199565104240306,70870.45999999999,62.94001776198933,0.022975577264653643,44,Doctor,21600.0,Travel,747,533600.0,0.39490822972172884,0.3705998223801066
U0008,2018-01,Groceries,1106.89,41729.54,,0.0,-41729.54,0.0,112600.0,35300.0,112600.0,0.9830284191829486,2.652533433150713,70870.45999999999,62.94001776198933,0.009830284191829486,44,Doctor,21600.0,Travel,747,533600.0,0.39490822972172884,0.3705998223801066
U0008,2018-01,Insurance,14085.55,41729.54,,0.0,-41729.54,0.0,112600.0,35300.0,112600.0,12.50936944937833,33.75438598172901,70870.45999999999,62.94001776198933,0.1250936944937833,44,Doctor,21600.0,Travel,747,533600.0,0.39490822972172884,0.3705998223801066
U0008,2018-01,Other,390.94,41729.54,,0.0,-41729.54,0.0,112600.0,35300.0,112600.0,0.34719360568383656,0.9368423423790437,70870.45999999999,62.94001776198933,0.0034719360568383657,44,Doctor,21600.0,Travel,747,533600.0,0.39490822972172884,0.3705998223801066
U0008,2018-02,Bills,21955.17,36451.79,,0.0,-36451.79,0.0,112600.0,35300.0,112600.0,19.49837477797513,60.230704719850515,76148.20999999999,67.62718472468916,0.1949837477797513,44,Doctor,21600.0,Travel,747,533600.0,0.39490822972172884,0.32372815275310834
U0008,2018-02,Food,4443.24,36451.79,,0.0,-36451.79,0.0,112600.0,35300.0,112600.0,3.9460390763765543,12.189360248152422,76148.20999999999,67.62718472468916,0.03946039076376554,44,Doctor,21600.0,Travel,747,533600.0,0.39490822972172884,0.32372815275310834
U0008,2018-02,Groceries,2659.03,36451.79,,0.0,-36451.79,0.0,112600.0,35300.0,112600.0,2.3614831261101243,7.294648630423911,76148.20999999999,67.62718472468916,0.023614831261101244,44,Doctor,21600.0,Travel,747,533600.0,0.39490822972172884,0.32372815275310834
U0008,2018-02,Miscellaneous,1580.72,36451.79,,0.0,-36451.79,0.0,112600.0,35300.0,112600.0,1.4038365896980463,4.336467427251172,76148.20999999999,67.62718472468916,0.014038365896980463,44,Doctor,21600.0,Travel,747,533600.0,0.39490822972172884,0.32372815275310834
U0008,2018-02,Other,374.87,36451.79,,0.0,-36451.79,0.0,112600.0,35300.0,112600.0,0.33292184724689167,1.0283994283956974,76148.20999999999,67.62718472468916,0.0033292184724689165,44,Doctor,21600.0,Travel,747,533600.0,0.39490822972172884,0.32372815275310834
U0008,2018-02,Shopping,5438.76,36451.79,,0.0,-36451.79,0.0,112600.0,35300.0,112600.0,4.830159857904085,14.920419545926277,76148.20999999999,67.62718472468916,0.04830159857904085,44,Doctor,21600.0,Travel,747,533600.0,0.39490822972172884,0.32372815275310834
U0008,2018-03,Bills,13191.35,23025.73,,0.0,-23025.73,0.0,112600.0,35300.0,112600.0,11.715230905861457,57.2896060190057,89574.27,79.55086145648313,0.11715230905861457,44,Doctor,21600.0,Travel,747,533600.0,0.39490822972172884,0.20449138543516873
U0008,2018-03,Food,1044.87,23025.73,,0.0,-23025.73,0.0,112600.0,35300.0,112600.0,0.9279484902309059,4.537836585419876,89574.27,79.55086145648313,0.009279484902309058,44,Doctor,21600.0,Travel,747,533600.0,0.39490822972172884,0.20449138543516873
U0008,2018-03,Groceries,1369.99,23025.73,,0.0,-23025.73,0.0,112600.0,35300.0,112600.0,1.2166873889875667,5.94982222062015,89574.27,79.55086145648313,0.012166873889875666,44,Doctor,21600.0,Travel,747,533600.0,0.39490822972172884,0.20449138543516873
U0008,2018-03,Other,3008.2000000000003,23025.73,,0.0,-23025.73,0.0,112600.0,35300.0,112600.0,2.67158081705151,13.064515218410014,89574.27,79.55086145648313,0.0267158081705151,44,Doctor,21600.0,Travel,747,533600.0,0.39490822972172884,0.20449138543516873
U0008,2018-03,Shopping,4411.32,23025.73,,0.0,-23025.73,0.0,112600.0,35300.0,112600.0,3.917690941385435,19.158219956544265,89574.27,79.55086145648313,0.03917690941385435,44,Doctor,21600.0,Travel,747,533600.0,0.39490822972172884,0.20449138543516873
U0008,2018-04,Bills,20960.72,39784.39,,0.0,-39784.39,0.0,112600.0,35300.0,112600.0,18.615204262877445,52.685789577268885,72815.61,64.66750444049734,0.18615204262877444,44,Doctor,21600.0,Travel,747,533600.0,0.39490822972172884,0.35332495559502664
U0008,2018-04,Fuel,4174.45,39784.39,,0.0,-39784.39,0.0,112600.0,35300.0,112600.0,3.7073268206039076,10.492683185540862,72815.61,64.66750444049734,0.037073268206039074,44,Doctor,21600.0,Travel,747,533600.0,0.39490822972172884,0.35332495559502664
U0008,2018-04,Groceries,2032.03,39784.39,,0.0,-39784.39,0.0,112600.0,35300.0,112600.0,1.804644760213144,5.107606274722322,72815.61,64.66750444049734,0.01804644760213144,44,Doctor,21600.0,Travel,747,533600.0,0.39490822972172884,0.35332495559502664
U0008,2018-04,Insurance,8796.7,39784.39,,0.0,-39784.39,0.0,112600.0,35300.0,112600.0,7.812344582593251,22.1109334590778,72815.61,64.66750444049734,0.07812344582593252,44,Doctor,21600.0,Travel,747,533600.0,0.39490822972172884,0.35332495559502664
U0008,2018-04,Miscellaneous,1358.12,39784.39,,0.0,-39784.39,0.0,112600.0,35300.0,112600.0,1.206145648312611,3.4137007001992488,72815.61,64.66750444049734,0.012061456483126108,44,Doctor,21600.0,Travel,747,533600.0,0.39490822972172884,0.35332495559502664
U0008,2018-04,Other,1077.26,39784.39,,0.0,-39784.39,0.0,112600.0,35300.0,112600.0,0.9567140319715808,2.7077454247758985,72815.61,64.66750444049734,0.009567140319715808,44,Doctor,21600.0,Travel,747,533600.0,0.39490822972172884,0.35332495559502664
U0008,2018-04,Shopping,1385.11,39784.39,,0.0,-39784.39,0.0,112600.0,35300.0,112600.0,1.230115452930728,3.481541378415001,72815.61,64.66750444049734,0.012301154529307282,44,Doctor,21600.0,Travel,747,533600.0,0.39490822972172884,0.35332495559502664
U0008,2018-05,Bills,2270.11,13170.16,,0.0,-13170.16,0.0,112600.0,35300.0,112600.0,2.0160834813499116,17.23676857380624,99429.84,88.30358792184725,0.020160834813499114,44,Doctor,21600.0,Travel,747,533600.0,0.39490822972172884,0.11696412078152753
U0008,2018-05,Entertainment,463.59,13170.16,,0.0,-13170.16,0.0,112600.0,35300.0,112600.0,0.41171403197158074,3.5200027941953627,99429.84,88.30358792184725,0.004117140319715808,44,Doctor,21600.0,Travel,747,533600.0,0.39490822972172884,0.11696412078152753
U0008,2018-05,Food,2143.84,13170.16,,0.0,-13170.16,0.0,112600.0,35300.0,112600.0,1.9039431616341034,16.27801028992814,99429.84,88.30358792184725,0.019039431616341033,44,Doctor,21600.0,Travel,747,533600.0,0.39490822972172884,0.11696412078152753
U0008,2018-05,Fuel,3497.7,13170.16,,0.0,-13170.16,0.0,112600.0,35300.0,112600.0,3.106305506216696,26.55776391478919,99429.84,88.30358792184725,0.03106305506216696,44,Doctor,21600.0,Travel,747,533600.0,0.39490822972172884,0.11696412078152753
U0008,2018-05,Groceries,327.07,13170.16,,0.0,-13170.16,0.0,112600.0,35300.0,112600.0,0.29047069271758436,2.4834170579552564,99429.84,88.30358792184725,0.0029047069271758434,44,Doctor,21600.0,Travel,747,533600.0,0.39490822972172884,0.11696412078152753
U0008,2018-05,Miscellaneous,2400.61,13170.16,,0.0,-13170.16,0.0,112600.0,35300.0,112600.0,2.131980461811723,18.227644918512762,99429.84,88.30358792184725,0.02131980461811723,44,Doctor,21600.0,Travel,747,533600.0,0.39490822972172884,0.11696412078152753
U0008,2018-05,Other,2067.24,13170.16,,0.0,-13170.16,0.0,112600.0,35300.0,112600.0,1.8359147424511544,15.696392450813049,99429.84,88.30358792184725,0.018359147424511543,44,Doctor,21600.0,Travel,747,533600.0,0.39490822972172884,0.11696412078152753
U0008,2018-06,Bills,25940.65,30408.7,,0.0,-30408.7,0.0,112600.0,35300.0,112600.0,23.037877442273537,85.30667210370717,82191.3,72.99404973357017,0.23037877442273536,44,Doctor,21600.0,Travel,747,533600.0,0.39490822972172884,0.2700595026642984
U0008,2018-06,Entertainment,1386.53,30408.7,,0.0,-30408.7,0.0,112600.0,35300.0,112600.0,1.2313765541740673,4.559649047805397,82191.3,72.99404973357017,0.012313765541740674,44,Doctor,21600.0,Travel,747,533600.0,0.39490822972172884,0.2700595026642984
U0008,2018-06,Food,825.39,30408.7,,0.0,-30408.7,0.0,112600.0,35300.0,112600.0,0.7330284191829485,2.7143218881438536,82191.3,72.99404973357017,0.007330284191829485,44,Doctor,21600.0,Travel,747,533600.0,0.39490822972172884,0.2700595026642984
U0008,2018-06,Miscellaneous,1501.24,30408.7,,0.0,-30408.7,0.0,112600.0,35300.0,112600.0,1.3332504440497335,4.936876617546952,82191.3,72.99404973357017,0.013332504440497335,44,Doctor,21600.0,Travel,747,533600.0,0.39490822972172884,0.2700595026642984
U0008,2018-06,Subscription,754.89,30408.7,,0.0,-30408.7,0.0,112600.0,35300.0,112600.0,0.670417406749556,2.482480342796634,82191.3,72.99404973357017,0.00670417406749556,44,Doctor,21600.0,Travel,747,533600.0,0.39490822972172884,0.2700595026642984
U0008,2018-07,Bills,2735.09,47115.62,,0.0,-47115.62,0.0,112600.0,35300.0,112600.0,2.4290319715808173,5.805059977986069,65484.38,58.156642984014205,0.02429031971580817,44,Doctor,21600.0,Travel,747,533600.0,0.39490822972172884,0.41843357015985794
U0008,2018-07,Groceries,481.99,47115.62,,0.0,-47115.62,0.0,112600.0,35300.0,112600.0,0.42805506216696276,1.022994072878591,65484.38,58.156642984014205,0.004280550621669627,44,Doctor,21600.0,Travel,747,533600.0,0.39490822972172884,0.41843357015985794
U0008,2018-07,Other,1372.6,47115.62,,0.0,-47115.62,0.0,112600.0,35300.0,112600.0,1.2190053285968028,2.9132589149840324,65484.38,58.156642984014205,0.012190053285968028,44,Doctor,21600.0,Travel,747,533600.0,0.39490822972172884,0.41843357015985794
U0008,2018-07,Rent,16716.97,47115.62,,0.0,-47115.62,0.0,112600.0,35300.0,112600.0,14.84633214920071,35.4807386594934,65484.38,58.156642984014205,0.1484633214920071,44,Doctor,21600.0,Travel,747,533600.0,0.39490822972172884,0.41843357015985794
U0008,2018-07,Shopping,25659.97,47115.62,,0.0,-47115.62,0.0,112600.0,35300.0,112600.0,22.78860568383659,54.46170505662453,65484.38,58.156642984014205,0.2278860568383659,44,Doctor,21600.0,Travel,747,533600.0,0.39490822972172884,0.41843357015985794
U0008,2018-07,Subscription,149.0,47115.62,,0.0,-47115.62,0.0,112600.0,35300.0,112600.0,0.13232682060390766,0.3162433180333825,65484.38,58.156642984014205,0.0013232682060390765,44,Doctor,21600.0,Travel,747,533600.0,0.39490822972172884,0.41843357015985794
U0008,2018-08,Entertainment,254.91,20451.620000000003,43979.98,43979.98,23528.36,53.5,112600.0,35300.0,43979.98,0.5796046291971938,1.2464049302695825,23528.36,53.49788699312733,0.005796046291971938,44,Doctor,21600.0,Travel,747,533600.0,0.39490822972172884,0.46502113006872675
U0008,2018-08,Food,196.86,20451.620000000003,43979.98,43979.98,23528.36,53.5,112600.0,35300.0,43979.98,0.4476127547124851,0.9625643347568553,23528.36,53.49788699312733,0.0044761275471248505,44,Doctor,21600.0,Travel,747,533600.0,0.39490822972172884,0.46502113006872675
U0008,2018-08,Groceries,8376.09,20451.620000000003,43979.98,43979.98,23528.36,53.5,112600.0,35300.0,43979.98,19.045233763180427,40.95563089867697,23528.36,53.49788699312733,0.19045233763180427,44,Doctor,21600.0,Travel,747,533600.0,0.39490822972172884,0.46502113006872675
U0008,2018-08,Miscellaneous,7653.92,20451.620000000003,43979.98,43979.98,23528.36,53.5,112600.0,35300.0,43979.98,17.403191179259288,37.424516982028806,23528.36,53.49788699312733,0.1740319117925929,44,Doctor,21600.0,Travel,747,533600.0,0.39490822972172884,0.46502113006872675
U0008,2018-08,Other,3376.29,20451.620000000003,43979.98,43979.98,23528.36,53.5,112600.0,35300.0,43979.98,7.676879343737763,16.50866777301749,23528.36,53.49788699312733,0.07676879343737764,44,Doctor,21600.0,Travel,747,533600.0,0.39490822972172884,0.46502113006872675
U0008,2018-08,Shopping,593.55,20451.620000000003,43979.98,43979.98,23528.36,53.5,112600.0,35300.0,43979.98,1.34959133678551,2.9022150812502865,23528.36,53.49788699312733,0.013495913367855099,44,Doctor,21600.0,Travel,747,533600.0,0.39490822972172884,0.46502113006872675
U0008,2018-09,Bills,2630.73,8177.71,168889.74,168889.74,160712.03,95.16,112600.0,35300.0,168889.74,1.5576612291545953,32.16951933976627,160712.03,95.1579592697579,0.015576612291545952,44,Doctor,21600.0,Travel,747,533600.0,0.39490822972172884,0.0484204073024211
U0008,2018-09,Entertainment,307.91,8177.71,168889.74,168889.74,160712.03,95.16,112600.0,35300.0,168889.74,0.18231421281126967,3.765235010779302,160712.03,95.1579592697579,0.0018231421281126967,44,Doctor,21600.0,Travel,747,533600.0,0.39490822972172884,0.0484204073024211
U0008,2018-09,Food,1678.17,8177.71,168889.74,168889.74,160712.03,95.16,112600.0,35300.0,168889.74,0.9936482820093159,20.52127062466143,160712.03,95.1579592697579,0.009936482820093158,44,Doctor,21600.0,Travel,747,533600.0,0.39490822972172884,0.0484204073024211
U0008,2018-09,Fuel,2584.47,8177.71,168889.74,168889.74,160712.03,95.16,112600.0,35300.0,168889.74,1.530270577715378,31.60383530352629,160712.03,95.1579592697579,0.01530270577715378,44,Doctor,21600.0,Travel,747,533600.0,0.39490822972172884,0.0484204073024211
U0008,2018-09,Shopping,288.0,8177.71,168889.74,168889.74,160712.03,95.16,112600.0,35300.0,168889.74,0.1705254564309235,3.521768319003731,160712.03,95.1579592697579,0.0017052545643092352,44,Doctor,21600.0,Travel,747,533600.0,0.39490822972172884,0.0484204073024211
U0008,2018-09,Subscription,688.43,8177.71,168889.74,168889.74,160712.03,95.16,112600.0,35300.0,168889.74,0.40762097212062737,8.41837140226298,160712.03,95.1579592697579,0.004076209721206273,44,Doctor,21600.0,Travel,747,533600.0,0.39490822972172884,0.0484204073024211
U0008,2018-10,Bills,16100.41,40914.670000000006,,0.0,-40914.67,0.0,112600.0,35300.0,112600.0,14.298765541740673,39.35119114977586,71685.32999999999,63.66370337477797,0.14298765541740674,44,Doctor,21600.0,Travel,747,533600.0,0.39490822972172884,0.3633629662522203
U0008,2018-10,Entertainment,462.41,40914.670000000006,,0.0,-40914.67,0.0,112600.0,35300.0,112600.0,0.4106660746003553,1.130181423924475,71685.32999999999,63.66370337477797,0.004106660746003553,44,Doctor,21600.0,Travel,747,533600.0,0.39490822972172884,0.3633629662522203
U0008,2018-10,Food,684.16,40914.670000000006,,0.0,-40914.67,0.0,112600.0,35300.0,112600.0,0.6076021314387211,1.6721630652281927,71685.32999999999,63.66370337477797,0.006076021314387211,44,Doctor,21600.0,Travel,747,533600.0,0.39490822972172884,0.3633629662522203
U0008,2018-10,Insurance,23442.3,40914.670000000006,,0.0,-40914.67,0.0,112600.0,35300.0,112600.0,20.819094138543516,57.295586155283665,71685.32999999999,63.66370337477797,0.20819094138543517,44,Doctor,21600.0,Travel,747,533600.0,0.39490822972172884,0.3633629662522203
U0008,2018-10,Subscription,225.39,40914.670000000006,,0.0,-40914.67,0.0,112600.0,35300.0,112600.0,0.20016873889875664,0.5508782057878017,71685.32999999999,63.66370337477797,0.0020016873889875664,44,Doctor,21600.0,Travel,747,533600.0,0.39490822972172884,0.3633629662522203
U0008,2018-11,Bills,3995.83,41790.22,,0.0,-41790.22,0.0,112600.0,35300.0,112600.0,3.548694493783304,9.561639062919506,70809.78,62.886127886323266,0.03548694493783304,44,Doctor,21600.0,Travel,747,533600.0,0.39490822972172884,0.3711387211367673
U0008,2018-11,Food,1334.14,41790.22,,0.0,-41790.22,0.0,112600.0,35300.0,112600.0,1.1848490230905862,3.1924694342360485,70809.78,62.886127886323266,0.011848490230905862,44,Doctor,21600.0,Travel,747,533600.0,0.39490822972172884,0.3711387211367673
U0008,2018-11,Fuel,2822.94,41790.22,,0.0,-41790.22,0.0,112600.0,35300.0,112600.0,2.507051509769094,6.755025458109578,70809.78,62.886127886323266,0.02507051509769094,44,Doctor,21600.0,Travel,747,533600.0,0.39490822972172884,0.3711387211367673
U0008,2018-11,Groceries,414.11,41790.22,,0.0,-41790.22,0.0,112600.0,35300.0,112600.0,0.3677708703374778,0.9909256280536451,70809.78,62.886127886323266,0.003677708703374778,44,Doctor,21600.0,Travel,747,533600.0,0.39490822972172884,0.3711387211367673
U0008,2018-11,Rent,33223.2,41790.22,,0.0,-41790.22,0.0,112600.0,35300.0,112600.0,29.50550621669627,79.49994041668121,70809.78,62.886127886323266,0.2950550621669627,44,Doctor,21600.0,Travel,747,533600.0,0.39490822972172884,0.3711387211367673
U0008,2018-12,Bills,17399.6,61433.22,,0.0,-61433.22,0.0,112600.0,35300.0,112600.0,15.452575488454706,28.322786922124543,51166.78,45.441190053285965,0.15452575488454706,44,Doctor,21600.0,Travel,747,533600.0,0.39490822972172884,0.5455880994671404
U0008,2018-12,Food,116.0,61433.22,,0.0,-61433.22,0.0,112600.0,35300.0,112600.0,0.10301953818827708,0.18882292023761738,51166.78,45.441190053285965,0.0010301953818827709,44,Doctor,21600.0,Travel,747,533600.0,0.39490822972172884,0.5455880994671404
U0008,2018-12,Groceries,992.68,61433.22,,0.0,-61433.22,0.0,112600.0,35300.0,112600.0,0.8815985790408525,1.615868417771362,51166.78,45.441190053285965,0.008815985790408525,44,Doctor,21600.0,Travel,747,533600.0,0.39490822972172884,0.5455880994671404
U0008,2018-12,Miscellaneous,4904.06,61433.22,,0.0,-61433.22,0.0,112600.0,35300.0,112600.0,4.355293072824157,7.982749398452499,51166.78,45.441190053285965,0.04355293072824157,44,Doctor,21600.0,Travel,747,533600.0,0.39490822972172884,0.5455880994671404
U0008,2018-12,Rent,35938.24,61433.22,,0.0,-61433.22,0.0,112600.0,35300.0,112600.0,31.916731793960924,58.49968469827888,51166.78,45.441190053285965,0.31916731793960923,44,Doctor,21600.0,Travel,747,533600.0,0.39490822972172884,0.5455880994671404
U0008,2018-12,Shopping,1440.38,61433.22,,0.0,-61433.22,0.0,112600.0,35300.0,112600.0,1.2792007104795737,2.3446272228608565,51166.78,45.441190053285965,0.012792007104795737,44,Doctor,21600.0,Travel,747,533600.0,0.39490822972172884,0.5455880994671404
U0008,2018-12,Subscription,642.26,61433.22,,0.0,-61433.22,0.0,112600.0,35300.0,112600.0,0.5703907637655418,1.0454604202742424,51166.78,45.441190053285965,0.005703907637655417,44,Doctor,21600.0,Travel,747,533600.0,0.39490822972172884,0.5455880994671404
U0008,2019-01,Bills,12723.38,23574.05,,0.0,-23574.05,0.0,112600.0,35300.0,112600.0,11.2996269982238,53.971973419925725,89025.95,79.06389875666075,0.11299626998223801,44,Doctor,21600.0,Travel,747,533600.0,0.39490822972172884,0.20936101243339253
U0008,2019-01,Entertainment,221.82,23574.05,,0.0,-23574.05,0.0,112600.0,35300.0,112600.0,0.1969982238010657,0.9409499004201655,89025.95,79.06389875666075,0.001969982238010657,44,Doctor,21600.0,Travel,747,533600.0,0.39490822972172884,0.20936101243339253
U0008,2019-01,Food,2203.6000000000004,23574.05,,0.0,-23574.05,0.0,112600.0,35300.0,112600.0,1.9570159857904088,9.347566497907659,89025.95,79.06389875666075,0.019570159857904088,44,Doctor,21600.0,Travel,747,533600.0,0.39490822972172884,0.20936101243339253
U0008,2019-01,Fuel,3726.21,23574.05,,0.0,-23574.05,0.0,112600.0,35300.0,112600.0,3.309245115452931,15.806405772448942,89025.95,79.06389875666075,0.03309245115452931,44,Doctor,21600.0,Travel,747,533600.0,0.39490822972172884,0.20936101243339253
U0008,2019-01,Groceries,4699.04,23574.05,,0.0,-23574.05,0.0,112600.0,35300.0,112600.0,4.1732149200710476,19.93310440929751,89025.95,79.06389875666075,0.04173214920071048,44,Doctor,21600.0,Travel,747,533600.0,0.39490822972172884,0.20936101243339253
U0008,2019-02,Bills,2544.79,9815.87,,0.0,-9815.87,0.0,112600.0,35300.0,112600.0,2.2600266429840143,25.925261846377346,102784.13,91.28253108348136,0.022600266429840143,44,Doctor,21600.0,Travel,747,533600.0,0.39490822972172884,0.0871746891651865
U0008,2019-02,Food,116.0,9815.87,,0.0,-9815.87,0.0,112600.0,35300.0,112600.0,0.10301953818827708,1.1817597421318742,102784.13,91.28253108348136,0.0010301953818827709,44,Doctor,21600.0,Travel,747,533600.0,0.39490822972172884,0.0871746891651865
U0008,2019-02,Groceries,894.72,9815.87,,0.0,-9815.87,0.0,112600.0,35300.0,112600.0,0.7946003552397869,9.115035142070951,102784.13,91.28253108348136,0.007946003552397869,44,Doctor,21600.0,Travel,747,533600.0,0.39490822972172884,0.0871746891651865
U0008,2019-02,Other,2303.89,9815.87,,0.0,-9815.87,0.0,112600.0,35300.0,112600.0,2.0460834813499114,23.471072864656925,102784.13,91.28253108348136,0.020460834813499112,44,Doctor,21600.0,Travel,747,533600.0,0.39490822972172884,0.0871746891651865
U0008,2019-02,Shopping,3648.72,9815.87,,0.0,-9815.87,0.0,112600.0,35300.0,112600.0,3.2404262877442274,37.17164143371907,102784.13,91.28253108348136,0.032404262877442275,44,Doctor,21600.0,Travel,747,533600.0,0.39490822972172884,0.0871746891651865
U0008,2019-02,Subscription,307.75,9815.87,,0.0,-9815.87,0.0,112600.0,35300.0,112600.0,0.27331261101243337,3.13522897104383,102784.13,91.28253108348136,0.002733126110124334,44,Doctor,21600.0,Travel,747,533600.0,0.39490822972172884,0.0871746891651865
U0008,2019-03,Bills,10523.24,63075.76,,0.0,-63075.76,0.0,112600.0,35300.0,112600.0,9.345683836589698,16.683492993187873,49524.24,43.98245115452931,0.09345683836589698,44,Doctor,21600.0,Travel,747,533600.0,0.39490822972172884,0.560175488454707
U0008,2019-03,Entertainment,164.36,63075.76,,0.0,-63075.76,0.0,112600.0,35300.0,112600.0,0.14596802841918297,0.26057553646598947,49524.24,43.98245115452931,0.0014596802841918297,44,Doctor,21600.0,Travel,747,533600.0,0.39490822972172884,0.560175488454707
U0008,2019-03,Food,1814.65,63075.76,,0.0,-63075.76,0.0,112600.0,35300.0,112600.0,1.6115896980461812,2.876937194256558,49524.24,43.98245115452931,0.016115896980461814,44,Doctor,21600.0,Travel,747,533600.0,0.39490822972172884,0.560175488454707
U0008,2019-03,Fuel,7431.0,63075.76,,0.0,-63075.76,0.0,112600.0,35300.0,112600.0,6.5994671403197165,11.781070889990069,49524.24,43.98245115452931,0.06599467140319716,44,Doctor,21600.0,Travel,747,533600.0,0.39490822972172884,0.560175488454707
U0008,2019-03,Groceries,5994.35,63075.76,,0.0,-63075.76,0.0,112600.0,35300.0,112600.0,5.323579040852576,9.503413038542858,49524.24,43.98245115452931,0.05323579040852576,44,Doctor,21600.0,Travel,747,533600.0,0.39490822972172884,0.560175488454707
U0008,2019-03,Other,3637.39,63075.76,,0.0,-63075.76,0.0,112600.0,35300.0,112600.0,3.2303641207815272,5.766700234765304,49524.24,43.98245115452931,0.03230364120781527,44,Doctor,21600.0,Travel,747,533600.0,0.39490822972172884,0.560175488454707
U0008,2019-03,Rent,33208.1,63075.76,,0.0,-63075.76,0.0,112600.0,35300.0,112600.0,29.49209591474245,52.647958581870434,49524.24,43.98245115452931,0.2949209591474245,44,Doctor,21600.0,Travel,747,533600.0,0.39490822972172884,0.560175488454707
U0008,2019-03,Subscription,302.67,63075.76,,0.0,-63075.76,0.0,112600.0,35300.0,112600.0,0.2688010657193606,0.47985153092091165,49524.24,43.98245115452931,0.0026880106571936058,44,Doctor,21600.0,Travel,747,533600.0,0.39490822972172884,0.560175488454707
U0008,2019-04,Bills,33154.29,35291.16,,0.0,-35291.16,0.0,112600.0,35300.0,112600.0,29.444307282415632,93.94502759331232,77308.84,68.65793960923622,0.2944430728241563,44,Doctor,21600.0,Travel,747,533600.0,0.39490822972172884,0.3134206039076377
U0008,2019-04,Food,1693.02,35291.16,,0.0,-35291.16,0.0,112600.0,35300.0,112600.0,1.503570159857904,4.797292013070694,77308.84,68.65793960923622,0.01503570159857904,44,Doctor,21600.0,Travel,747,533600.0,0.39490822972172884,0.3134206039076377
U0008,2019-04,Miscellaneous,141.87,35291.16,,0.0,-35291.16,0.0,112600.0,35300.0,112600.0,0.12599467140319717,0.40199868749001166,77308.84,68.65793960923622,0.0012599467140319716,44,Doctor,21600.0,Travel,747,533600.0,0.39490822972172884,0.3134206039076377
U0008,2019-04,Subscription,301.98,35291.16,,0.0,-35291.16,0.0,112600.0,35300.0,112600.0,0.26818827708703374,0.8556817061269734,77308.84,68.65793960923622,0.0026818827708703376,44,Doctor,21600.0,Travel,747,533600.0,0.39490822972172884,0.3134206039076377
U0008,2019-05,Bills,12339.81,26859.47,,0.0,-26859.47,0.0,112600.0,35300.0,112600.0,10.958978685612788,45.94212022798663,85740.53,76.1461190053286,0.10958978685612789,44,Doctor,21600.0,Travel,747,533600.0,0.39490822972172884,0.23853880994671403
U0008,2019-05,Food,1684.49,26859.47,,0.0,-26859.47,0.0,112600.0,35300.0,112600.0,1.4959946714031973,6.2714938157752185,85740.53,76.1461190053286,0.014959946714031972,44,Doctor,21600.0,Travel,747,533600.0,0.39490822972172884,0.23853880994671403
U0008,2019-05,Groceries,955.27,26859.47,,0.0,-26859.47,0.0,112600.0,35300.0,112600.0,0.8483747779751333,3.5565482118597274,85740.53,76.1461190053286,0.008483747779751333,44,Doctor,21600.0,Travel,747,533600.0,0.39490822972172884,0.23853880994671403
U0008,2019-05,Miscellaneous,11046.23,26859.47,,0.0,-26859.47,0.0,112600.0,35300.0,112600.0,9.810150976909414,41.12601626167604,85740.53,76.1461190053286,0.09810150976909414,44,Doctor,21600.0,Travel,747,533600.0,0.39490822972172884,0.23853880994671403
U0008,2019-05,Subscription,833.67,26859.47,,0.0,-26859.47,0.0,112600.0,35300.0,112600.0,0.7403818827708704,3.1038214827023762,85740.53,76.1461190053286,0.007403818827708703,44,Doctor,21600.0,Travel,747,533600.0,0.39490822972172884,0.23853880994671403
U0008,2019-06,Bills,13550.89,33762.77,,0.0,-33762.77,0.0,112600.0,35300.0,112600.0,12.034538188277088,40.135599063702415,78837.23000000001,70.01530195381883,0.12034538188277087,44,Doctor,21600.0,Travel,747,533600.0,0.39490822972172884,0.2998469804618117
U0008,2019-06,Food,1247.46,33762.77,,0.0,-33762.77,0.0,112600.0,35300.0,112600.0,1.1078685612788632,3.6947797825830055,78837.23000000001,70.01530195381883,0.011078685612788632,44,Doctor,21600.0,Travel,747,533600.0,0.39490822972172884,0.2998469804618117
U0008,2019-06,Groceries,1649.55,33762.77,,0.0,-33762.77,0.0,112600.0,35300.0,112600.0,1.4649644760213143,4.885706948807814,78837.23000000001,70.01530195381883,0.014649644760213144,44,Doctor,21600.0,Travel,747,533600.0,0.39490822972172884,0.2998469804618117
U0008,2019-06,Insurance,8821.05,33762.77,,0.0,-33762.77,0.0,112600.0,35300.0,112600.0,7.833969804618117,26.1265589286661,78837.23000000001,70.01530195381883,0.07833969804618117,44,Doctor,21600.0,Travel,747,533600.0,0.39490822972172884,0.2998469804618117
U0008,2019-06,Shopping,7890.07,33762.77,,0.0,-33762.77,0.0,112600.0,35300.0,112600.0,7.007166962699822,23.36914299389535,78837.23000000001,70.01530195381883,0.07007166962699822,44,Doctor,21600.0,Travel,747,533600.0,0.39490822972172884,0.2998469804618117
U0008,2019-06,Subscription,603.75,33762.77,,0.0,-33762.77,0.0,112600.0,35300.0,112600.0,0.536190053285968,1.788212282345317,78837.23000000001,70.01530195381883,0.00536190053285968,44,Doctor,21600.0,Travel,747,533600.0,0.39490822972172884,0.2998469804618117
U0008,2019-07,Bills,2017.53,35384.25,1145.83,1145.83,-34238.42,-2988.09,112600.0,35300.0,1145.83,176.07585767522232,5.701774094406409,-34238.42,-2988.0889835315884,1.7607585767522234,44,Doctor,21600.0,Travel,747,533600.0,0.39490822972172884,30.880889835315887
U0008,2019-07,Food,1992.28,35384.25,1145.83,1145.83,-34238.42,-2988.09,112600.0,35300.0,1145.83,173.8722149009888,5.63041466189053,-34238.42,-2988.0889835315884,1.738722149009888,44,Doctor,21600.0,Travel,747,533600.0,0.39490822972172884,30.880889835315887
U0008,2019-07,Insurance,17640.059999999998,35384.25,1145.83,1145.83,-34238.42,-2988.09,112600.0,35300.0,1145.83,1539.5006240018151,49.85285826321032,-34238.42,-2988.0889835315884,15.395006240018152,44,Doctor,21600.0,Travel,747,533600.0,0.39490822972172884,30.880889835315887
U0008,2019-07,Miscellaneous,559.45,35384.25,1145.83,1145.83,-34238.42,-2988.09,112600.0,35300.0,1145.83,48.824869308710724,1.581070674099352,-34238.42,-2988.0889835315884,0.4882486930871072,44,Doctor,21600.0,Travel,747,533600.0,0.39490822972172884,30.880889835315887
U0008,2019-07,Other,4405.3,35384.25,1145.83,1145.83,-34238.42,-2988.09,112600.0,35300.0,1145.83,384.463663894295,12.449889428206053,-34238.42,-2988.0889835315884,3.84463663894295,44,Doctor,21600.0,Travel,747,533600.0,0.39490822972172884,30.880889835315887
U0008,2019-07,Rent,8458.82,35384.25,1145.83,1145.83,-34238.42,-2988.09,112600.0,35300.0,1145.83,738.226438476912,23.90560772094929,-34238.42,-2988.0889835315884,7.38226438476912,44,Doctor,21600.0,Travel,747,533600.0,0.39490822972172884,30.880889835315887
U0008,2019-07,Subscription,310.81,35384.25,1145.83,1145.83,-34238.42,-2988.09,112600.0,35300.0,1145.83,27.125315273644436,0.8783851572380368,-34238.42,-2988.0889835315884,0.27125315273644435,44,Doctor,21600.0,Travel,747,533600.0,0.39490822972172884,30.880889835315887
U0008,2019-08,Food,4867.41,13745.62,51961.53,51961.53,38215.91,73.55,112600.0,35300.0,51961.53,9.367333871808624,35.41062534829276,38215.909999999996,73.54654491505542,0.09367333871808624,44,Doctor,21600.0,Travel,747,533600.0,0.39490822972172884,0.26453455084944577
U0008,2019-08,Insurance,8139.61,13745.62,51961.53,51961.53,38215.91,73.55,112600.0,35300.0,51961.53,15.664685008312881,59.216026632483654,38215.909999999996,73.54654491505542,0.1566468500831288,44,Doctor,21600.0,Travel,747,533600.0,0.39490822972172884,0.26453455084944577
U0008,2019-08,Subscription,738.6,13745.62,51961.53,51961.53,38215.91,73.55,112600.0,35300.0,51961.53,1.4214362048230682,5.373348019223578,38215.909999999996,73.54654491505542,0.014214362048230683,44,Doctor,21600.0,Travel,747,533600.0,0.39490822972172884,0.26453455084944577
U0008,2019-09,Bills,26284.370000000003,42054.37,196659.2,196659.2,154604.83,78.62,112600.0,35300.0,196659.2,13.365441332009894,62.50092439858213,154604.83000000002,78.61561015197866,0.13365441332009895,44,Doctor,21600.0,Travel,747,533600.0,0.39490822972172884,0.21384389848021348
U0008,2019-09,Food,1099.91,42054.37,196659.2,196659.2,154604.83,78.62,112600.0,35300.0,196659.2,0.5592975055324134,2.615447574176001,154604.83000000002,78.61561015197866,0.005592975055324134,44,Doctor,21600.0,Travel,747,533600.0,0.39490822972172884,0.21384389848021348
U0008,2019-09,Fuel,4068.12,42054.37,196659.2,196659.2,154604.83,78.62,112600.0,35300.0,196659.2,2.0686141304347823,9.673477453116048,154604.83000000002,78.61561015197866,0.020686141304347823,44,Doctor,21600.0,Travel,747,533600.0,0.39490822972172884,0.21384389848021348
U0008,2019-09,Groceries,2121.95,42054.37,196659.2,196659.2,154604.83,78.62,112600.0,35300.0,196659.2,1.078998592488935,5.045730087027816,154604.83000000002,78.61561015197866,0.01078998592488935,44,Doctor,21600.0,Travel,747,533600.0,0.39490822972172884,0.21384389848021348
U0008,2019-09,Insurance,8480.02,42054.37,196659.2,196659.2,154604.83,78.62,112600.0,35300.0,196659.2,4.312038287555324,20.164420487098013,154604.83000000002,78.61561015197866,0.04312038287555324,44,Doctor,21600.0,Travel,747,533600.0,0.39490822972172884,0.21384389848021348
U0009,2018-01,Bills,9506.43,26780.86,42260.69,42260.69,15479.83,36.63,93500.0,19900.0,42260.69,22.494734468367646,35.49710502201946,15479.830000000002,36.62938300344836,0.22494734468367647,32,Marketing Professional,21000.0,Higher Education,777,329300.0,0.29349376114082,0.6337061699655164
U0009,2018-01,Food,2210.38,26780.86,42260.69,42260.69,15479.83,36.63,93500.0,19900.0,42260.69,5.230345268853869,8.25358110232457,15479.830000000002,36.62938300344836,0.052303452688538685,32,Marketing Professional,21000.0,Higher Education,777,329300.0,0.29349376114082,0.6337061699655164
U0009,2018-01,Fuel,2138.69,26780.86,42260.69,42260.69,15479.83,36.63,93500.0,19900.0,42260.69,5.060707716793076,7.985889922877757,15479.830000000002,36.62938300344836,0.05060707716793077,32,Marketing Professional,21000.0,Higher Education,777,329300.0,0.29349376114082,0.6337061699655164
U0009,2018-01,Groceries,4228.53,26780.86,42260.69,42260.69,15479.83,36.63,93500.0,19900.0,42260.69,10.005823378652833,15.789373455520098,15479.830000000002,36.62938300344836,0.10005823378652833,32,Marketing Professional,21000.0,Higher Education,777,329300.0,0.29349376114082,0.6337061699655164
U0009,2018-01,Other,554.73,26780.86,42260.69,42260.69,15479.83,36.63,93500.0,19900.0,42260.69,1.3126382934116787,2.0713673870069895,15479.830000000002,36.62938300344836,0.013126382934116788,32,Marketing Professional,21000.0,Higher Education,777,329300.0,0.29349376114082,0.6337061699655164
U0009,2018-01,Shopping,8142.1,26780.86,42260.69,42260.69,15479.83,36.63,93500.0,19900.0,42260.69,19.266367870472536,30.40268311025113,15479.830000000002,36.62938300344836,0.19266367870472537,32,Marketing Professional,21000.0,Higher Education,777,329300.0,0.29349376114082,0.6337061699655164
U0009,2018-02,Bills,13084.71,15794.12,39793.23,39793.23,23999.11,60.31,93500.0,19900.0,39793.23,32.88174898091961,82.84545134518414,23999.11,60.3095300381497,0.3288174898091961,32,Marketing Professional,21000.0,Higher Education,777,329300.0,0.29349376114082,0.39690469961850294
U0009,2018-02,Miscellaneous,2488.51,15794.12,39793.23,39793.23,23999.11,60.31,93500.0,19900.0,39793.23,6.253601429187829,15.755926889247391,23999.11,60.3095300381497,0.06253601429187829,32,Marketing Professional,21000.0,Higher Education,777,329300.0,0.29349376114082,0.39690469961850294
U0009,2018-02,Subscription,220.9,15794.12,39793.23,39793.23,23999.11,60.31,93500.0,19900.0,39793.23,0.5551195517428467,1.398621765568452,23999.11,60.3095300381497,0.0055511955174284665,32,Marketing Professional,21000.0,Higher Education,777,329300.0,0.29349376114082,0.39690469961850294
U0009,2018-03,Bills,26838.32,35872.43,,0.0,-35872.43,0.0,93500.0,19900.0,93500.0,28.70408556149733,74.81600772515272,57627.57,61.633764705882356,0.2870408556149733,32,Marketing Professional,21000.0,Higher Education,777,329300.0,0.29349376114082,0.38366235294117645
U0009,2018-03,Entertainment,209.49,35872.43,,0.0,-35872.43,0.0,93500.0,19900.0,93500.0,0.22405347593582886,0.5839860862506387,57627.57,61.633764705882356,0.0022405347593582887,32,Marketing Professional,21000.0,Higher Education,777,329300.0,0.29349376114082,0.38366235294117645
U0009,2018-03,Food,4547.25,35872.43,,0.0,-35872.43,0.0,93500.0,19900.0,93500.0,4.863368983957219,12.676169414784558,57627.57,61.633764705882356,0.04863368983957219,32,Marketing Professional,21000.0,Higher Education,777,329300.0,0.29349376114082,0.38366235294117645
U0009,2018-03,Groceries,2812.61,35872.43,,0.0,-35872.43,0.0,93500.0,19900.0,93500.0,3.008139037433155,7.840589555823232,57627.57,61.633764705882356,0.03008139037433155,32,Marketing Professional,21000.0,Higher Education,777,329300.0,0.29349376114082,0.38366235294117645
U0009,2018-03,Other,1464.76,35872.43,,0.0,-35872.43,0.0,93500.0,19900.0,93500.0,1.5665882352941176,4.083247217988856,57627.57,61.633764705882356,0.015665882352941175,32,Marketing Professional,21000.0,Higher Education,777,329300.0,0.29349376114082,0.38366235294117645
U0009,2018-04,Bills,14133.0,18246.53,161118.62,161118.62,142872.09,88.68,93500.0,19900.0,161118.62,8.771798070266492,77.45582310718805,142872.09,88.67509540486382,0.08771798070266491,32,Marketing Professional,21000.0,Higher Education,777,329300.0,0.29349376114082,0.11324904595136179
U0009,2018-04,Food,3036.21,18246.53,161118.62,161118.62,142872.09,88.68,93500.0,19900.0,161118.62,1.8844563092707722,16.6399309896183,142872.09,88.67509540486382,0.01884456309270772,32,Marketing Professional,21000.0,Higher Education,777,329300.0,0.29349376114082,0.11324904595136179
U0009,2018-04,Groceries,789.3199999999999,18246.53,161118.62,161118.62,142872.09,88.68,93500.0,19900.0,161118.62,0.4898999259055223,4.325863602558952,142872.09,88.67509540486382,0.004898999259055223,32,Marketing Professional,21000.0,Higher Education,777,329300.0,0.29349376114082,0.11324904595136179
U0009,2018-04,Shopping,288.0,18246.53,161118.62,161118.62,142872.09,88.68,93500.0,19900.0,161118.62,0.17875028969339485,1.578382300634696,142872.09,88.67509540486382,0.0017875028969339484,32,Marketing Professional,21000.0,Higher Education,777,329300.0,0.29349376114082,0.11324904595136179
U0009,2018-05,Bills,1250.72,15078.69,,0.0,-15078.69,0.0,93500.0,19900.0,93500.0,1.337668449197861,8.294619758082433,78421.31,83.8730588235294,0.01337668449197861,32,Marketing Professional,21000.0,Higher Education,777,329300.0,0.29349376114082,0.16126941176470588
U0009,2018-05,Food,7029.15,15078.69,,0.0,-15078.69,0.0,93500.0,19900.0,93500.0,7.517807486631016,46.616450102760915,78421.31,83.8730588235294,0.07517807486631016,32,Marketing Professional,21000.0,Higher Education,777,329300.0,0.29349376114082,0.16126941176470588
U0009,2018-05,Fuel,2937.15,15078.69,,0.0,-15078.69,0.0,93500.0,19900.0,93500.0,3.1413368983957217,19.47881414101623,78421.31,83.8730588235294,0.03141336898395722,32,Marketing Professional,21000.0,Higher Education,777,329300.0,0.29349376114082,0.16126941176470588
U0009,2018-05,Groceries,1166.98,15078.69,,0.0,-15078.69,0.0,93500.0,19900.0,93500.0,1.2481069518716577,7.739266474740179,78421.31,83.8730588235294,0.012481069518716578,32,Marketing Professional,21000.0,Higher Education,777,329300.0,0.29349376114082,0.16126941176470588
U0009,2018-05,Miscellaneous,2694.69,15078.69,,0.0,-15078.69,0.0,93500.0,19900.0,93500.0,2.882021390374332,17.870849523400242,78421.31,83.8730588235294,0.028820213903743317,32,Marketing Professional,21000.0,Higher Education,777,329300.0,0.29349376114082,0.16126941176470588
U0009,2018-06,Bills,6912.610000000001,21637.4,41362.59,41362.59,19725.19,47.69,93500.0,19900.0,41362.59,16.712227159856287,31.947507556360744,19725.189999999995,47.68847888877364,0.16712227159856288,32,Marketing Professional,21000.0,Higher Education,777,329300.0,0.29349376114082,0.5231152111122636
U0009,2018-06,Food,1585.91,21637.4,41362.59,41362.59,19725.19,47.69,93500.0,19900.0,41362.59,3.8341651236056546,7.329485058278721,19725.189999999995,47.68847888877364,0.03834165123605655,32,Marketing Professional,21000.0,Higher Education,777,329300.0,0.29349376114082,0.5231152111122636
U0009,2018-06,Groceries,863.39,21637.4,41362.59,41362.59,19725.19,47.69,93500.0,19900.0,41362.59,2.0873692870780096,3.9902668527641953,19725.189999999995,47.68847888877364,0.020873692870780097,32,Marketing Professional,21000.0,Higher Education,777,329300.0,0.29349376114082,0.5231152111122636
U0009,2018-06,Investment,7945.64,21637.4,41362.59,41362.59,19725.19,47.69,93500.0,19900.0,41362.59,19.209725503166027,36.72178727573553,19725.189999999995,47.68847888877364,0.19209725503166028,32,Marketing Professional,21000.0,Higher Education,777,329300.0,0.29349376114082,0.5231152111122636
U0009,2018-06,Other,4180.85,21637.4,41362.59,41362.59,19725.19,47.69,93500.0,19900.0,41362.59,10.107805144697178,19.32233077911394,19725.189999999995,47.68847888877364,0.10107805144697178,32,Marketing Professional,21000.0,Higher Education,777,329300.0,0.29349376114082,0.5231152111122636
U0009,2018-06,Subscription,149.0,21637.4,41362.59,41362.59,19725.19,47.69,93500.0,19900.0,41362.59,0.3602288928232009,0.6886224777468641,19725.189999999995,47.68847888877364,0.003602288928232009,32,Marketing Professional,21000.0,Higher Education,777,329300.0,0.29349376114082,0.5231152111122636
U0009,2018-07,Bills,11205.65,17211.25,,0.0,-17211.25,0.0,93500.0,19900.0,93500.0,11.984652406417112,65.10654368508969,76288.75,81.59224598930481,0.11984652406417112,32,Marketing Professional,21000.0,Higher Education,777,329300.0,0.29349376114082,0.18407754010695188
U0009,2018-07,Food,5932.27,17211.25,,0.0,-17211.25,0.0,93500.0,19900.0,93500.0,6.344673796791445,34.46739777761639,76288.75,81.59224598930481,0.06344673796791445,32,Marketing Professional,21000.0,Higher Education,777,329300.0,0.29349376114082,0.18407754010695188
U0009,2018-07,Miscellaneous,73.33,17211.25,,0.0,-17211.25,0.0,93500.0,19900.0,93500.0,0.07842780748663102,0.4260585372939212,76288.75,81.59224598930481,0.0007842780748663101,32,Marketing Professional,21000.0,Higher Education,777,329300.0,0.29349376114082,0.18407754010695188
U0009,2018-08,Bills,4585.86,25748.6,,0.0,-25748.6,0.0,93500.0,19900.0,93500.0,4.904663101604278,17.810133366474293,67751.4,72.46139037433154,0.04904663101604278,32,Marketing Professional,21000.0,Higher Education,777,329300.0,0.29349376114082,0.2753860962566845
U0009,2018-08,Food,5618.5,25748.6,,0.0,-25748.6,0.0,93500.0,19900.0,93500.0,6.009090909090909,21.820603838655305,67751.4,72.46139037433154,0.06009090909090909,32,Marketing Professional,21000.0,Higher Education,777,329300.0,0.29349376114082,0.2753860962566845
U0009,2018-08,Insurance,8877.3,25748.6,,0.0,-25748.6,0.0,93500.0,19900.0,93500.0,9.494438502673797,34.476825924516284,67751.4,72.46139037433154,0.09494438502673797,32,Marketing Professional,21000.0,Higher Education,777,329300.0,0.29349376114082,0.2753860962566845
U0009,2018-08,Other,992.39,25748.6,,0.0,-25748.6,0.0,93500.0,19900.0,93500.0,1.061379679144385,3.854151293662568,67751.4,72.46139037433154,0.01061379679144385,32,Marketing Professional,21000.0,Higher Education,777,329300.0,0.29349376114082,0.2753860962566845
U0009,2018-08,Shopping,5674.55,25748.6,,0.0,-25748.6,0.0,93500.0,19900.0,93500.0,6.0690374331550805,22.03828557669155,67751.4,72.46139037433154,0.060690374331550806,32,Marketing Professional,21000.0,Higher Education,777,329300.0,0.29349376114082,0.2753860962566845
U0009,2018-09,Entertainment,546.43,15794.83,,0.0,-15794.83,0.0,93500.0,19900.0,93500.0,0.5844171122994652,3.4595497387436267,77705.17,83.10713368983957,0.005844171122994652,32,Marketing Professional,21000.0,Higher Education,777,329300.0,0.29349376114082,0.1689286631016043
U0009,2018-09,Food,6185.92,15794.83,,0.0,-15794.83,0.0,93500.0,19900.0,93500.0,6.615957219251337,39.164207528666026,77705.17,83.10713368983957,0.06615957219251337,32,Marketing Professional,21000.0,Higher Education,777,329300.0,0.29349376114082,0.1689286631016043
U0009,2018-09,Groceries,1049.57,15794.83,,0.0,-15794.83,0.0,93500.0,19900.0,93500.0,1.1225347593582888,6.645022453549673,77705.17,83.10713368983957,0.011225347593582888,32,Marketing Professional,21000.0,Higher Education,777,329300.0,0.29349376114082,0.1689286631016043
U0009,2018-09,Insurance,5240.12,15794.83,,0.0,-15794.83,0.0,93500.0,19900.0,93500.0,5.604406417112299,33.176172203182944,77705.17,83.10713368983957,0.056044064171122995,32,Marketing Professional,21000.0,Higher Education,777,329300.0,0.29349376114082,0.1689286631016043
U0009,2018-09,Miscellaneous,2772.79,15794.83,,0.0,-15794.83,0.0,93500.0,19900.0,93500.0,2.9655508021390373,17.555048075857734,77705.17,83.10713368983957,0.029655508021390373,32,Marketing Professional,21000.0,Higher Education,777,329300.0,0.29349376114082,0.1689286631016043
U0009,2018-10,Food,6679.96,12149.84,,0.0,-12149.84,0.0,93500.0,19900.0,93500.0,7.1443422459893045,54.9798186642787,81350.16,87.00551871657754,0.07144342245989305,32,Marketing Professional,21000.0,Higher Education,777,329300.0,0.29349376114082,0.1299448128342246
U0009,2018-10,Fuel,3455.11,12149.84,,0.0,-12149.84,0.0,93500.0,19900.0,93500.0,3.695304812834225,28.43749382707921,81350.16,87.00551871657754,0.03695304812834225,32,Marketing Professional,21000.0,Higher Education,777,329300.0,0.29349376114082,0.1299448128342246
U0009,2018-10,Miscellaneous,562.34,12149.84,,0.0,-12149.84,0.0,93500.0,19900.0,93500.0,0.601433155080214,4.6283737069788575,81350.16,87.00551871657754,0.0060143315508021395,32,Marketing Professional,21000.0,Higher Education,777,329300.0,0.29349376114082,0.1299448128342246
U0009,2018-10,Other,1452.43,12149.84,,0.0,-12149.84,0.0,93500.0,19900.0,93500.0,1.5534010695187166,11.954313801663233,81350.16,87.00551871657754,0.015534010695187166,32,Marketing Professional,21000.0,Higher Education,777,329300.0,0.29349376114082,0.1299448128342246
U0009,2018-11,Bills,2166.55,60890.97,,0.0,-60890.97,0.0,93500.0,19900.0,93500.0,2.3171657754010697,3.558080943693293,32609.03,34.8759679144385,0.023171657754010696,32,Marketing Professional,21000.0,Higher Education,777,329300.0,0.29349376114082,0.651240320855615
U0009,2018-11,Food,3106.0,60890.97,,0.0,-60890.97,0.0,93500.0,19900.0,93500.0,3.3219251336898394,5.100920547003931,32609.03,34.8759679144385,0.033219251336898396,32,Marketing Professional,21000.0,Higher Education,777,329300.0,0.29349376114082,0.651240320855615
U0009,2018-11,Fuel,2129.05,60890.97,,0.0,-60890.97,0.0,93500.0,19900.0,93500.0,2.277058823529412,3.496495457372415,32609.03,34.8759679144385,0.02277058823529412,32,Marketing Professional,21000.0,Higher Education,777,329300.0,0.29349376114082,0.651240320855615
U0009,2018-11,Groceries,1740.38,60890.97,,0.0,-60890.97,0.0,93500.0,19900.0,93500.0,1.8613689839572192,2.85819063155013,32609.03,34.8759679144385,0.018613689839572192,32,Marketing Professional,21000.0,Higher Education,777,329300.0,0.29349376114082,0.651240320855615
U0009,2018-11,Miscellaneous,589.37,60890.97,,0.0,-60890.97,0.0,93500.0,19900.0,93500.0,0.6303422459893049,0.967910348611625,32609.03,34.8759679144385,0.0063034224598930485,32,Marketing Professional,21000.0,Higher Education,777,329300.0,0.29349376114082,0.651240320855615
U0009,2018-11,Other,47.36,60890.97,,0.0,-60890.97,0.0,93500.0,19900.0,93500.0,0.0506524064171123,0.07777836352418101,32609.03,34.8759679144385,0.000506524064171123,32,Marketing Professional,21000.0,Higher Education,777,329300.0,0.29349376114082,0.651240320855615
U0009,2018-11,Shopping,51112.26,60890.97,,0.0,-60890.97,0.0,93500.0,19900.0,93500.0,54.665518716577544,83.94062370824442,32609.03,34.8759679144385,0.5466551871657754,32,Marketing Professional,21000.0,Higher Education,777,329300.0,0.29349376114082,0.651240320855615
U0009,2018-12,Bills,49215.52,61395.86,42163.19,42163.19,-19232.67,-45.61,93500.0,19900.0,42163.19,116.7262723717062,80.16097502339734,-19232.67,-45.61483606909249,1.167262723717062,32,Marketing Professional,21000.0,Higher Education,777,329300.0,0.29349376114082,1.456148360690925
U0009,2018-12,Food,746.38,61395.86,42163.19,42163.19,-19232.67,-45.61,93500.0,19900.0,42163.19,1.7702171016946298,1.2156845754746328,-19232.67,-45.61483606909249,0.017702171016946298,32,Marketing Professional,21000.0,Higher Education,777,329300.0,0.29349376114082,1.456148360690925
U0009,2018-12,Groceries,605.22,61395.86,42163.19,42163.19,-19232.67,-45.61,93500.0,19900.0,42163.19,1.4354226992786836,0.9857667927446575,-19232.67,-45.61483606909249,0.014354226992786837,32,Marketing Professional,21000.0,Higher Education,777,329300.0,0.29349376114082,1.456148360690925
U0009,2018-12,Miscellaneous,736.02,61395.86,42163.19,42163.19,-19232.67,-45.61,93500.0,19900.0,42163.19,1.7456459058244882,1.1988104735400726,-19232.67,-45.61483606909249,0.01745645905824488,32,Marketing Professional,21000.0,Higher Education,777,329300.0,0.29349376114082,1.456148360690925
U0009,2018-12,Other,2211.67,61395.86,42163.19,42163.19,-19232.67,-45.61,93500.0,19900.0,42163.19,5.245499688235164,3.602311295908226,-19232.67,-45.61483606909249,0.05245499688235164,32,Marketing Professional,21000.0,Higher Education,777,329300.0,0.29349376114082,1.456148360690925
U0009,2018-12,Shopping,7366.59,61395.86,42163.19,42163.19,-19232.67,-45.61,93500.0,19900.0,42163.19,17.471614458014205,11.998512603292795,-19232.67,-45.61483606909249,0.17471614458014206,32,Marketing Professional,21000.0,Higher Education,777,329300.0,0.29349376114082,1.456148360690925
U0009,2018-12,Subscription,514.46,61395.86,42163.19,42163.19,-19232.67,-45.61,93500.0,19900.0,42163.19,1.2201638443391025,0.8379392356422729,-19232.67,-45.61483606909249,0.012201638443391024,32,Marketing Professional,21000.0,Higher Education,777,329300.0,0.29349376114082,1.456148360690925
U0009,2019-01,Bills,31365.68,42713.42,,0.0,-42713.42,0.0,93500.0,19900.0,93500.0,33.54618181818182,73.43284616403932,50786.58,54.31719786096257,0.3354618181818182,32,Marketing Professional,21000.0,Higher Education,777,329300.0,0.29349376114082,0.4568280213903743
U0009,2019-01,Food,1309.39,42713.42,,0.0,-42713.42,0.0,93500.0,19900.0,93500.0,1.4004171122994653,3.0655236691419234,50786.58,54.31719786096257,0.014004171122994654,32,Marketing Professional,21000.0,Higher Education,777,329300.0,0.29349376114082,0.4568280213903743
U0009,2019-01,Fuel,2784.02,42713.42,,0.0,-42713.42,0.0,93500.0,19900.0,93500.0,2.977561497326203,6.517904677265365,50786.58,54.31719786096257,0.029775614973262032,32,Marketing Professional,21000.0,Higher Education,777,329300.0,0.29349376114082,0.4568280213903743
U0009,2019-01,Groceries,4601.48,42713.42,,0.0,-42713.42,0.0,93500.0,19900.0,93500.0,4.921368983957219,10.772913992838784,50786.58,54.31719786096257,0.04921368983957219,32,Marketing Professional,21000.0,Higher Education,777,329300.0,0.29349376114082,0.4568280213903743
U0009,2019-01,Miscellaneous,60.0,42713.42,,0.0,-42713.42,0.0,93500.0,19900.0,93500.0,0.0641711229946524,0.14047107443047174,50786.58,54.31719786096257,0.0006417112299465241,32,Marketing Professional,21000.0,Higher Education,777,329300.0,0.29349376114082,0.4568280213903743
U0009,2019-01,Shopping,2333.6,42713.42,,0.0,-42713.42,0.0,93500.0,19900.0,93500.0,2.4958288770053474,5.463388321515814,50786.58,54.31719786096257,0.024958288770053474,32,Marketing Professional,21000.0,Higher Education,777,329300.0,0.29349376114082,0.4568280213903743
U0009,2019-01,Subscription,259.25,42713.42,,0.0,-42713.42,0.0,93500.0,19900.0,93500.0,0.2772727272727273,0.60695210076833,50786.58,54.31719786096257,0.0027727272727272726,32,Marketing Professional,21000.0,Higher Education,777,329300.0,0.29349376114082,0.4568280213903743
U0009,2019-02,Bills,26997.91,46096.74,232593.54,232593.54,186496.8,80.18,93500.0,19900.0,232593.54,11.607334408341693,58.567937776077,186496.80000000002,80.1814186240942,0.11607334408341693,32,Marketing Professional,21000.0,Higher Education,777,329300.0,0.29349376114082,0.19818581375905794
U0009,2019-02,Food,1653.38,46096.74,232593.54,232593.54,186496.8,80.18,93500.0,19900.0,232593.54,0.7108451937229211,3.5867612330069334,186496.80000000002,80.1814186240942,0.007108451937229211,32,Marketing Professional,21000.0,Higher Education,777,329300.0,0.29349376114082,0.19818581375905794
U0009,2019-02,Miscellaneous,2750.22,46096.74,232593.54,232593.54,186496.8,80.18,93500.0,19900.0,232593.54,1.1824146104831628,5.966191969323644,186496.80000000002,80.1814186240942,0.011824146104831628,32,Marketing Professional,21000.0,Higher Education,777,329300.0,0.29349376114082,0.19818581375905794
U0009,2019-02,Shopping,14695.23,46096.74,232593.54,232593.54,186496.8,80.18,93500.0,19900.0,232593.54,6.317987163358019,31.879109021592416,186496.80000000002,80.1814186240942,0.06317987163358019,32,Marketing Professional,21000.0,Higher Education,777,329300.0,0.29349376114082,0.19818581375905794
U0009,2019-03,Bills,2580.51,16183.22,1891.5,1891.5,-14291.72,-755.58,93500.0,19900.0,1891.5,136.42664551942906,15.94559055614396,-14291.72,-755.5759978852761,1.3642664551942905,32,Marketing Professional,21000.0,Higher Education,777,329300.0,0.29349376114082,8.555759978852763
U0009,2019-03,Food,959.45,16183.22,1891.5,1891.5,-14291.72,-755.58,93500.0,19900.0,1891.5,50.72429288924134,5.928671797083647,-14291.72,-755.5759978852761,0.5072429288924134,32,Marketing Professional,21000.0,Higher Education,777,329300.0,0.29349376114082,8.555759978852763
U0009,2019-03,Fuel,4295.38,16183.22,1891.5,1891.5,-14291.72,-755.58,93500.0,19900.0,1891.5,227.08855405762623,26.542183817559177,-14291.72,-755.5759978852761,2.2708855405762622,32,Marketing Professional,21000.0,Higher Education,777,329300.0,0.29349376114082,8.555759978852763
U0009,2019-03,Miscellaneous,60.0,16183.22,1891.5,1891.5,-14291.72,-755.58,93500.0,19900.0,1891.5,3.1720856463124503,0.37075439869197846,-14291.72,-755.5759978852761,0.0317208564631245,32,Marketing Professional,21000.0,Higher Education,777,329300.0,0.29349376114082,8.555759978852763
U0009,2019-03,Other,1200.52,16183.22,1891.5,1891.5,-14291.72,-755.58,93500.0,19900.0,1891.5,63.46920433518372,7.418301178628234,-14291.72,-755.5759978852761,0.6346920433518372,32,Marketing Professional,21000.0,Higher Education,777,329300.0,0.29349376114082,8.555759978852763
U0009,2019-03,Shopping,7087.360000000001,16183.22,1891.5,1891.5,-14291.72,-755.58,93500.0,19900.0,1891.5,374.6952154374835,43.79449825189302,-14291.72,-755.5759978852761,3.746952154374835,32,Marketing Professional,21000.0,Higher Education,777,329300.0,0.29349376114082,8.555759978852763
U0009,2019-04,Bills,1035.62,15581.13,,0.0,-15581.13,0.0,93500.0,19900.0,93500.0,1.107614973262032,6.646629609020654,77918.87,83.3356898395722,0.011076149732620319,32,Marketing Professional,21000.0,Higher Education,777,329300.0,0.29349376114082,0.16664310160427806
U0009,2019-04,Fuel,3628.34,15581.13,,0.0,-15581.13,0.0,93500.0,19900.0,93500.0,3.8805775401069518,23.28675776403894,77918.87,83.3356898395722,0.03880577540106952,32,Marketing Professional,21000.0,Higher Education,777,329300.0,0.29349376114082,0.16664310160427806
U0009,2019-04,Groceries,10583.96,15581.13,,0.0,-15581.13,0.0,93500.0,19900.0,93500.0,11.31974331550802,67.92806426748253,77918.87,83.3356898395722,0.1131974331550802,32,Marketing Professional,21000.0,Higher Education,777,329300.0,0.29349376114082,0.16664310160427806
U0009,2019-04,Other,45.21,15581.13,,0.0,-15581.13,0.0,93500.0,19900.0,93500.0,0.04835294117647059,0.29015867270217244,77918.87,83.3356898395722,0.0004835294117647059,32,Marketing Professional,21000.0,Higher Education,777,329300.0,0.29349376114082,0.16664310160427806
U0009,2019-04,Shopping,288.0,15581.13,,0.0,-15581.13,0.0,93500.0,19900.0,93500.0,0.30802139037433157,1.8483896867557101,77918.87,83.3356898395722,0.0030802139037433155,32,Marketing Professional,21000.0,Higher Education,777,329300.0,0.29349376114082,0.16664310160427806
U0009,2019-05,Bills,11935.27,21528.16,,0.0,-21528.16,0.0,93500.0,19900.0,93500.0,12.764994652406417,55.440269860498994,71971.84,76.97522994652405,0.12764994652406417,32,Marketing Professional,21000.0,Higher Education,777,329300.0,0.29349376114082,0.23024770053475935
U0009,2019-05,Food,134.92,21528.16,,0.0,-21528.16,0.0,93500.0,19900.0,93500.0,0.14429946524064172,0.6267140340837303,71971.84,76.97522994652405,0.001442994652406417,32,Marketing Professional,21000.0,Higher Education,777,329300.0,0.29349376114082,0.23024770053475935
U0009,2019-05,Fuel,3415.45,21528.16,,0.0,-21528.16,0.0,93500.0,19900.0,93500.0,3.6528877005347593,15.865034447904511,71971.84,76.97522994652405,0.03652887700534759,32,Marketing Professional,21000.0,Higher Education,777,329300.0,0.29349376114082,0.23024770053475935
U0009,2019-05,Groceries,1012.97,21528.16,,0.0,-21528.16,0.0,93500.0,19900.0,93500.0,1.083390374331551,4.705325489962914,71971.84,76.97522994652405,0.010833903743315509,32,Marketing Professional,21000.0,Higher Education,777,329300.0,0.29349376114082,0.23024770053475935
U0009,2019-05,Other,2353.08,21528.16,,0.0,-21528.16,0.0,93500.0,19900.0,93500.0,2.516663101604278,10.930242064347349,71971.84,76.97522994652405,0.02516663101604278,32,Marketing Professional,21000.0,Higher Education,777,329300.0,0.29349376114082,0.23024770053475935
U0009,2019-05,Shopping,2676.4700000000003,21528.16,,0.0,-21528.16,0.0,93500.0,19900.0,93500.0,2.862534759358289,12.432414103202504,71971.84,76.97522994652405,0.02862534759358289,32,Marketing Professional,21000.0,Higher Education,777,329300.0,0.29349376114082,0.23024770053475935
U0009,2019-06,Bills,305.24,13174.21,,0.0,-13174.21,0.0,93500.0,19900.0,93500.0,0.3264598930481284,2.316951073347093,80325.79000000001,85.90993582887701,0.0032645989304812837,32,Marketing Professional,21000.0,Higher Education,777,329300.0,0.29349376114082,0.14090064171122993
U0009,2019-06,Entertainment,1512.33,13174.21,,0.0,-13174.21,0.0,93500.0,19900.0,93500.0,1.6174652406417114,11.479473911528661,80325.79000000001,85.90993582887701,0.016174652406417113,32,Marketing Professional,21000.0,Higher Education,777,329300.0,0.29349376114082,0.14090064171122993
U0009,2019-06,Food,405.4,13174.21,,0.0,-13174.21,0.0,93500.0,19900.0,93500.0,0.43358288770053477,3.077224364876528,80325.79000000001,85.90993582887701,0.004335828877005348,32,Marketing Professional,21000.0,Higher Education,777,329300.0,0.29349376114082,0.14090064171122993
U0009,2019-06,Insurance,2237.12,13174.21,,0.0,-13174.21,0.0,93500.0,19900.0,93500.0,2.3926417112299463,16.981056169591955,80325.79000000001,85.90993582887701,0.023926417112299463,32,Marketing Professional,21000.0,Higher Education,777,329300.0,0.29349376114082,0.14090064171122993
U0009,2019-06,Miscellaneous,60.0,13174.21,,0.0,-13174.21,0.0,93500.0,19900.0,93500.0,0.0641711229946524,0.45543527847210574,80325.79000000001,85.90993582887701,0.0006417112299465241,32,Marketing Professional,21000.0,Higher Education,777,329300.0,0.29349376114082,0.14090064171122993
U0009,2019-06,Rent,8334.9,13174.21,,0.0,-13174.21,0.0,93500.0,19900.0,93500.0,8.914331550802139,63.26679170895256,80325.79000000001,85.90993582887701,0.08914331550802139,32,Marketing Professional,21000.0,Higher Education,777,329300.0,0.29349376114082,0.14090064171122993
U0009,2019-06,Subscription,319.22,13174.21,,0.0,-13174.21,0.0,93500.0,19900.0,93500.0,0.3414117647058824,2.4230674932310934,80325.79000000001,85.90993582887701,0.003414117647058824,32,Marketing Professional,21000.0,Higher Education,777,329300.0,0.29349376114082,0.14090064171122993
U0009,2019-07,Bills,3255.24,11470.64,65194.21,65194.21,53723.57,82.41,93500.0,19900.0,65194.21,4.993142795963015,28.378887315790575,53723.57,82.40543140257394,0.049931427959630154,32,Marketing Professional,21000.0,Higher Education,777,329300.0,0.29349376114082,0.17594568597426058
U0009,2019-07,Food,481.88,11470.64,65194.21,65194.21,53723.57,82.41,93500.0,19900.0,65194.21,0.7391453934329445,4.200986169908567,53723.57,82.40543140257394,0.007391453934329445,32,Marketing Professional,21000.0,Higher Education,777,329300.0,0.29349376114082,0.17594568597426058
U0009,2019-07,Fuel,2341.86,11470.64,65194.21,65194.21,53723.57,82.41,93500.0,19900.0,65194.21,3.5921288102118276,20.41612325031559,53723.57,82.40543140257394,0.035921288102118275,32,Marketing Professional,21000.0,Higher Education,777,329300.0,0.29349376114082,0.17594568597426058
U0009,2019-07,Groceries,4525.74,11470.64,65194.21,65194.21,53723.57,82.41,93500.0,19900.0,65194.21,6.9419354878293635,39.45499117747571,53723.57,82.40543140257394,0.06941935487829363,32,Marketing Professional,21000.0,Higher Education,777,329300.0,0.29349376114082,0.17594568597426058
U0009,2019-07,Shopping,865.92,11470.64,65194.21,65194.21,53723.57,82.41,93500.0,19900.0,65194.21,1.3282161099889085,7.549012086509559,53723.57,82.40543140257394,0.013282161099889086,32,Marketing Professional,21000.0,Higher Education,777,329300.0,0.29349376114082,0.17594568597426058
U0009,2019-08,Bills,15175.19,60950.07,,0.0,-60950.07,0.0,93500.0,19900.0,93500.0,16.230149732620323,24.897740068223058,32549.93,34.81275935828877,0.16230149732620322,32,Marketing Professional,21000.0,Higher Education,777,329300.0,0.29349376114082,0.6518724064171123
U0009,2019-08,Entertainment,206.27,60950.07,,0.0,-60950.07,0.0,93500.0,19900.0,93500.0,0.22060962566844922,0.3384245497995326,32549.93,34.81275935828877,0.002206096256684492,32,Marketing Professional,21000.0,Higher Education,777,329300.0,0.29349376114082,0.6518724064171123
U0009,2019-08,Fuel,4135.57,60950.07,,0.0,-60950.07,0.0,93500.0,19900.0,93500.0,4.423069518716577,6.785176784866695,32549.93,34.81275935828877,0.04423069518716577,32,Marketing Professional,21000.0,Higher Education,777,329300.0,0.29349376114082,0.6518724064171123
U0009,2019-08,Groceries,1244.7,60950.07,,0.0,-60950.07,0.0,93500.0,19900.0,93500.0,1.3312299465240642,2.0421633642094257,32549.93,34.81275935828877,0.013312299465240643,32,Marketing Professional,21000.0,Higher Education,777,329300.0,0.29349376114082,0.6518724064171123
U0009,2019-08,Rent,40188.34,60950.07,,0.0,-60950.07,0.0,93500.0,19900.0,93500.0,42.982181818181814,65.93649523290128,32549.93,34.81275935828877,0.42982181818181814,32,Marketing Professional,21000.0,Higher Education,777,329300.0,0.29349376114082,0.6518724064171123
U0009,2019-09,Bills,5772.38,33150.42,,0.0,-33150.42,0.0,93500.0,19900.0,93500.0,6.173668449197861,17.412690397286067,60349.58,64.54500534759359,0.06173668449197861,32,Marketing Professional,21000.0,Higher Education,777,329300.0,0.29349376114082,0.35454994652406413
U0009,2019-09,Food,3692.78,33150.42,,0.0,-33150.42,0.0,93500.0,19900.0,93500.0,3.9494973262032085,11.139466709622384,60349.58,64.54500534759359,0.039494973262032086,32,Marketing Professional,21000.0,Higher Education,777,329300.0,0.29349376114082,0.35454994652406413
U0009,2019-09,Fuel,3225.55,33150.42,,0.0,-33150.42,0.0,93500.0,19900.0,93500.0,3.4497860962566844,9.730042635960572,60349.58,64.54500534759359,0.034497860962566844,32,Marketing Professional,21000.0,Higher Education,777,329300.0,0.29349376114082,0.35454994652406413
U0009,2019-09,Groceries,2850.93,33150.42,,0.0,-33150.42,0.0,93500.0,19900.0,93500.0,3.0491229946524063,8.599981538695438,60349.58,64.54500534759359,0.030491229946524062,32,Marketing Professional,21000.0,Higher Education,777,329300.0,0.29349376114082,0.35454994652406413
U0009,2019-09,Other,3443.72,33150.42,,0.0,-33150.42,0.0,93500.0,19900.0,93500.0,3.6831229946524062,10.388164011195032,60349.58,64.54500534759359,0.03683122994652406,32,Marketing Professional,21000.0,Higher Education,777,329300.0,0.29349376114082,0.35454994652406413
U0009,2019-09,Shopping,13168.63,33150.42,,0.0,-33150.42,0.0,93500.0,19900.0,93500.0,14.084096256684491,39.723870768454816,60349.58,64.54500534759359,0.14084096256684492,32,Marketing Professional,21000.0,Higher Education,777,329300.0,0.29349376114082,0.35454994652406413
U0009,2019-09,Subscription,996.43,33150.42,,0.0,-33150.42,0.0,93500.0,19900.0,93500.0,1.0657005347593582,3.005783938785693,60349.58,64.54500534759359,0.010657005347593583,32,Marketing Professional,21000.0,Higher Education,777,329300.0,0.29349376114082,0.35454994652406413
U0009,2019-10,Shopping,5557.06,5557.06,,0.0,-5557.06,0.0,93500.0,19900.0,93500.0,5.943379679144385,100.0,87942.94,94.05662032085561,0.05943379679144385,32,Marketing Professional,21000.0,Higher Education,777,329300.0,0.29349376114082,0.05943379679144385
U0010,2018-01,Bills,13724.03,39918.43,,0.0,-39918.43,0.0,147700.0,29500.0,147700.0,9.291828029790116,34.380184791836754,107781.57,72.97330399458362,0.09291828029790115,32,Business Owner,18600.0,Emergency Fund,832,25000.0,0.014105168133604153,0.27026696005416384
U0010,2018-01,Entertainment,628.96,39918.43,,0.0,-39918.43,0.0,147700.0,29500.0,147700.0,0.4258361543669601,1.5756130689508583,107781.57,72.97330399458362,0.004258361543669601,32,Business Owner,18600.0,Emergency Fund,832,25000.0,0.014105168133604153,0.27026696005416384
U0010,2018-01,Food,2451.99,39918.43,,0.0,-39918.43,0.0,147700.0,29500.0,147700.0,1.6601150981719701,6.14250109535871,107781.57,72.97330399458362,0.0166011509817197,32,Business Owner,18600.0,Emergency Fund,832,25000.0,0.014105168133604153,0.27026696005416384
U0010,2018-01,Fuel,8813.970000000001,39918.43,,0.0,-39918.43,0.0,147700.0,29500.0,147700.0,5.9674813811780645,22.079951541180353,107781.57,72.97330399458362,0.05967481381178064,32,Business Owner,18600.0,Emergency Fund,832,25000.0,0.014105168133604153,0.27026696005416384
U0010,2018-01,Groceries,4189.42,39918.43,,0.0,-39918.43,0.0,147700.0,29500.0,147700.0,2.836438727149628,10.494951830520389,107781.57,72.97330399458362,0.028364387271496278,32,Business Owner,18600.0,Emergency Fund,832,25000.0,0.014105168133604153,0.27026696005416384
U0010,2018-01,Rent,10110.06,39918.43,,0.0,-39918.43,0.0,147700.0,29500.0,147700.0,6.844996614759648,25.326797672152935,107781.57,72.97330399458362,0.06844996614759648,32,Business Owner,18600.0,Emergency Fund,832,25000.0,0.014105168133604153,0.27026696005416384
U0010,2018-02,Bills,7137.639999999999,16214.8,,0.0,-16214.8,0.0,147700.0,29500.0,147700.0,4.83252538930264,44.01929101808225,131485.2,89.0218009478673,0.0483252538930264,32,Business Owner,18600.0,Emergency Fund,832,25000.0,0.014105168133604153,0.109781990521327
U0010,2018-02,Food,2899.31,16214.8,,0.0,-16214.8,0.0,147700.0,29500.0,147700.0,1.962972241029113,17.88063990921874,131485.2,89.0218009478673,0.01962972241029113,32,Business Owner,18600.0,Emergency Fund,832,25000.0,0.014105168133604153,0.109781990521327
U0010,2018-02,Fuel,6177.85,16214.8,,0.0,-16214.8,0.0,147700.0,29500.0,147700.0,4.182701421800948,38.10006907269902,131485.2,89.0218009478673,0.04182701421800948,32,Business Owner,18600.0,Emergency Fund,832,25000.0,0.014105168133604153,0.109781990521327
U0010,2018-03,Bills,12260.02,73966.84000000001,38309.59,38309.59,-35657.25,-93.08,147700.0,29500.0,38309.59,32.002482929209116,16.575021996343224,-35657.250000000015,-93.0765638577704,0.32002482929209114,32,Business Owner,18600.0,Emergency Fund,832,25000.0,0.014105168133604153,1.930765638577704
U0010,2018-03,Entertainment,165.7,73966.84000000001,38309.59,38309.59,-35657.25,-93.08,147700.0,29500.0,38309.59,0.43252877412679175,0.2240193037853178,-35657.250000000015,-93.0765638577704,0.004325287741267917,32,Business Owner,18600.0,Emergency Fund,832,25000.0,0.014105168133604153,1.930765638577704
U0010,2018-03,Fuel,495.86,73966.84000000001,38309.59,38309.59,-35657.25,-93.08,147700.0,29500.0,38309.59,1.2943495349336813,0.670381484459793,-35657.250000000015,-93.0765638577704,0.012943495349336812,32,Business Owner,18600.0,Emergency Fund,832,25000.0,0.014105168133604153,1.930765638577704
U0010,2018-03,Groceries,4090.1,73966.84000000001,38309.59,38309.59,-35657.25,-93.08,147700.0,29500.0,38309.59,10.676438980422397,5.529640038698421,-35657.250000000015,-93.0765638577704,0.10676438980422397,32,Business Owner,18600.0,Emergency Fund,832,25000.0,0.014105168133604153,1.930765638577704
U0010,2018-03,Insurance,8420.62,73966.84000000001,38309.59,38309.59,-35657.25,-93.08,147700.0,29500.0,38309.59,21.98044928175948,11.384317621247575,-35657.250000000015,-93.0765638577704,0.2198044928175948,32,Business Owner,18600.0,Emergency Fund,832,25000.0,0.014105168133604153,1.930765638577704
U0010,2018-03,Miscellaneous,2839.38,73966.84000000001,38309.59,38309.59,-35657.25,-93.08,147700.0,29500.0,38309.59,7.4116689841890775,3.838720161629184,-35657.250000000015,-93.0765638577704,0.07411668984189078,32,Business Owner,18600.0,Emergency Fund,832,25000.0,0.014105168133604153,1.930765638577704
U0010,2018-03,Rent,45695.16,73966.84000000001,38309.59,38309.59,-35657.25,-93.08,147700.0,29500.0,38309.59,119.27864537312982,61.77789939383648,-35657.250000000015,-93.0765638577704,1.1927864537312982,32,Business Owner,18600.0,Emergency Fund,832,25000.0,0.014105168133604153,1.930765638577704
U0010,2018-04,Bills,13555.28,72230.16,,0.0,-72230.16,0.0,147700.0,29500.0,147700.0,9.177576167907922,18.766786616560175,75469.84,51.096709546377795,0.09177576167907922,32,Business Owner,18600.0,Emergency Fund,832,25000.0,0.014105168133604153,0.4890329045362221
U0010,2018-04,Food,742.4300000000001,72230.16,,0.0,-72230.16,0.0,147700.0,29500.0,147700.0,0.5026607989167231,1.0278670295067878,75469.84,51.096709546377795,0.005026607989167231,32,Business Owner,18600.0,Emergency Fund,832,25000.0,0.014105168133604153,0.4890329045362221
U0010,2018-04,Groceries,5300.37,72230.16,,0.0,-72230.16,0.0,147700.0,29500.0,147700.0,3.5886052809749494,7.338167325117374,75469.84,51.096709546377795,0.03588605280974949,32,Business Owner,18600.0,Emergency Fund,832,25000.0,0.014105168133604153,0.4890329045362221
U0010,2018-04,Investment,48875.36,72230.16,,0.0,-72230.16,0.0,147700.0,29500.0,147700.0,33.090968178740695,67.66613835550136,75469.84,51.096709546377795,0.33090968178740693,32,Business Owner,18600.0,Emergency Fund,832,25000.0,0.014105168133604153,0.4890329045362221
U0010,2018-04,Other,3468.7200000000003,72230.16,,0.0,-72230.16,0.0,147700.0,29500.0,147700.0,2.3484901828029794,4.802315265534508,75469.84,51.096709546377795,0.023484901828029793,32,Business Owner,18600.0,Emergency Fund,832,25000.0,0.014105168133604153,0.4890329045362221
U0010,2018-04,Shopping,288.0,72230.16,,0.0,-72230.16,0.0,147700.0,29500.0,147700.0,0.1949898442789438,0.3987254077797972,75469.84,51.096709546377795,0.001949898442789438,32,Business Owner,18600.0,Emergency Fund,832,25000.0,0.014105168133604153,0.4890329045362221
U0010,2018-05,Bills,6225.150000000001,18114.53,94651.28,94651.28,76536.75,80.86,147700.0,29500.0,94651.28,6.576931659033032,34.36550658504527,76536.75,80.86182247086357,0.06576931659033032,32,Business Owner,18600.0,Emergency Fund,832,25000.0,0.014105168133604153,0.19138177529136424
U0010,2018-05,Entertainment,2348.0,18114.53,94651.28,94651.28,76536.75,80.86,147700.0,29500.0,94651.28,2.480684888783332,12.961970307813672,76536.75,80.86182247086357,0.02480684888783332,32,Business Owner,18600.0,Emergency Fund,832,25000.0,0.014105168133604153,0.19138177529136424
U0010,2018-05,Food,785.0899999999999,18114.53,94651.28,94651.28,76536.75,80.86,147700.0,29500.0,94651.28,0.8294552382175919,4.334034611993797,76536.75,80.86182247086357,0.00829455238217592,32,Business Owner,18600.0,Emergency Fund,832,25000.0,0.014105168133604153,0.19138177529136424
U0010,2018-05,Groceries,3831.6,18114.53,94651.28,94651.28,76536.75,80.86,147700.0,29500.0,94651.28,4.048122751219001,21.15208067777635,76536.75,80.86182247086357,0.04048122751219001,32,Business Owner,18600.0,Emergency Fund,832,25000.0,0.014105168133604153,0.19138177529136424
U0010,2018-05,Miscellaneous,3768.86,18114.53,94651.28,94651.28,76536.75,80.86,147700.0,29500.0,94651.28,3.9818373296166736,20.805728881731962,76536.75,80.86182247086357,0.039818373296166734,32,Business Owner,18600.0,Emergency Fund,832,25000.0,0.014105168133604153,0.19138177529136424
U0010,2018-05,Other,1155.83,18114.53,94651.28,94651.28,76536.75,80.86,147700.0,29500.0,94651.28,1.2211456622667964,6.38067893563896,76536.75,80.86182247086357,0.012211456622667965,32,Business Owner,18600.0,Emergency Fund,832,25000.0,0.014105168133604153,0.19138177529136424
U0010,2018-06,Bills,46528.38,51615.54,,0.0,-51615.54,0.0,147700.0,29500.0,147700.0,31.50194989844279,90.14413101170693,96084.45999999999,65.053798239675,0.3150194989844279,32,Business Owner,18600.0,Emergency Fund,832,25000.0,0.014105168133604153,0.34946201760324985
U0010,2018-06,Food,2188.84,51615.54,,0.0,-51615.54,0.0,147700.0,29500.0,147700.0,1.4819498984427895,4.240660855238558,96084.45999999999,65.053798239675,0.014819498984427895,32,Business Owner,18600.0,Emergency Fund,832,25000.0,0.014105168133604153,0.34946201760324985
U0010,2018-06,Fuel,1336.37,51615.54,,0.0,-51615.54,0.0,147700.0,29500.0,147700.0,0.9047867298578198,2.5890846051402345,96084.45999999999,65.053798239675,0.009047867298578198,32,Business Owner,18600.0,Emergency Fund,832,25000.0,0.014105168133604153,0.34946201760324985
U0010,2018-06,Groceries,1561.95,51615.54,,0.0,-51615.54,0.0,147700.0,29500.0,147700.0,1.0575152335815843,3.026123527914268,96084.45999999999,65.053798239675,0.010575152335815843,32,Business Owner,18600.0,Emergency Fund,832,25000.0,0.014105168133604153,0.34946201760324985
U0010,2018-07,Bills,6719.05,27333.12,,0.0,-27333.12,0.0,147700.0,29500.0,147700.0,4.549119837508464,24.58208210405545,120366.88,81.49416384563304,0.045491198375084634,32,Business Owner,18600.0,Emergency Fund,832,25000.0,0.014105168133604153,0.1850583615436696
U0010,2018-07,Food,1713.54,27333.12,,0.0,-27333.12,0.0,147700.0,29500.0,147700.0,1.1601489505754907,6.269097710030907,120366.88,81.49416384563304,0.011601489505754908,32,Business Owner,18600.0,Emergency Fund,832,25000.0,0.014105168133604153,0.1850583615436696
U0010,2018-07,Fuel,7794.23,27333.12,,0.0,-27333.12,0.0,147700.0,29500.0,147700.0,5.277068381855112,28.5156981713028,120366.88,81.49416384563304,0.052770683818551115,32,Business Owner,18600.0,Emergency Fund,832,25000.0,0.014105168133604153,0.1850583615436696
U0010,2018-07,Groceries,2357.39,27333.12,,0.0,-27333.12,0.0,147700.0,29500.0,147700.0,1.5960663507109003,8.624664875433174,120366.88,81.49416384563304,0.015960663507109004,32,Business Owner,18600.0,Emergency Fund,832,25000.0,0.014105168133604153,0.1850583615436696
U0010,2018-07,Insurance,8748.91,27333.12,,0.0,-27333.12,0.0,147700.0,29500.0,147700.0,5.923432633716994,32.00845713917767,120366.88,81.49416384563304,0.059234326337169935,32,Business Owner,18600.0,Emergency Fund,832,25000.0,0.014105168133604153,0.1850583615436696
U0010,2018-08,Bills,1063.79,6597.150000000001,46185.36,46185.36,39588.21,85.72,147700.0,29500.0,46185.36,2.303305636244905,16.12499336834845,39588.21,85.71592816424945,0.023033056362449053,32,Business Owner,18600.0,Emergency Fund,832,25000.0,0.014105168133604153,0.1428407183575055
U0010,2018-08,Food,477.93,6597.150000000001,46185.36,46185.36,39588.21,85.72,147700.0,29500.0,46185.36,1.0348084328020828,7.244491939701233,39588.21,85.71592816424945,0.010348084328020828,32,Business Owner,18600.0,Emergency Fund,832,25000.0,0.014105168133604153,0.1428407183575055
U0010,2018-08,Fuel,3902.17,6597.150000000001,46185.36,46185.36,39588.21,85.72,147700.0,29500.0,46185.36,8.448932735394939,59.149329634766524,39588.21,85.71592816424945,0.08448932735394939,32,Business Owner,18600.0,Emergency Fund,832,25000.0,0.014105168133604153,0.1428407183575055
U0010,2018-08,Miscellaneous,225.75,6597.150000000001,46185.36,46185.36,39588.21,85.72,147700.0,29500.0,46185.36,0.4887912533322248,3.4219321979945887,39588.21,85.71592816424945,0.004887912533322248,32,Business Owner,18600.0,Emergency Fund,832,25000.0,0.014105168133604153,0.1428407183575055
U0010,2018-08,Shopping,927.51,6597.150000000001,46185.36,46185.36,39588.21,85.72,147700.0,29500.0,46185.36,2.0082337779763977,14.059252859189195,39588.21,85.71592816424945,0.020082337779763978,32,Business Owner,18600.0,Emergency Fund,832,25000.0,0.014105168133604153,0.1428407183575055
U0010,2018-09,Bills,3122.9,25698.95,,0.0,-25698.95,0.0,147700.0,29500.0,147700.0,2.1143534190927555,12.151858344407067,122001.05,82.60057549085985,0.021143534190927557,32,Business Owner,18600.0,Emergency Fund,832,25000.0,0.014105168133604153,0.1739942450914015
U0010,2018-09,Food,7209.44,25698.95,,0.0,-25698.95,0.0,147700.0,29500.0,147700.0,4.881137440758294,28.05344187213874,122001.05,82.60057549085985,0.04881137440758294,32,Business Owner,18600.0,Emergency Fund,832,25000.0,0.014105168133604153,0.1739942450914015
U0010,2018-09,Fuel,7497.139999999999,25698.95,,0.0,-25698.95,0.0,147700.0,29500.0,147700.0,5.075924170616113,29.172942863424378,122001.05,82.60057549085985,0.05075924170616113,32,Business Owner,18600.0,Emergency Fund,832,25000.0,0.014105168133604153,0.1739942450914015
U0010,2018-09,Groceries,3019.18,25698.95,,0.0,-25698.95,0.0,147700.0,29500.0,147700.0,2.0441299932295194,11.748262088528907,122001.05,82.60057549085985,0.020441299932295192,32,Business Owner,18600.0,Emergency Fund,832,25000.0,0.014105168133604153,0.1739942450914015
U0010,2018-09,Other,328.26,25698.95,,0.0,-25698.95,0.0,147700.0,29500.0,147700.0,0.22224779959377117,1.2773284511624015,122001.05,82.60057549085985,0.0022224779959377117,32,Business Owner,18600.0,Emergency Fund,832,25000.0,0.014105168133604153,0.1739942450914015
U0010,2018-09,Shopping,4522.03,25698.95,,0.0,-25698.95,0.0,147700.0,29500.0,147700.0,3.061631685849695,17.596166380338495,122001.05,82.60057549085985,0.03061631685849695,32,Business Owner,18600.0,Emergency Fund,832,25000.0,0.014105168133604153,0.1739942450914015
U0010,2018-10,Bills,5074.35,11884.8,,0.0,-11884.8,0.0,147700.0,29500.0,147700.0,3.435578876100203,42.69613287560582,135815.2,91.9534190927556,0.03435578876100203,32,Business Owner,18600.0,Emergency Fund,832,25000.0,0.014105168133604153,0.08046580907244413
U0010,2018-10,Food,1006.38,11884.8,,0.0,-11884.8,0.0,147700.0,29500.0,147700.0,0.6813676371022342,8.467790791599354,135815.2,91.9534190927556,0.0068136763710223425,32,Business Owner,18600.0,Emergency Fund,832,25000.0,0.014105168133604153,0.08046580907244413
U0010,2018-10,Miscellaneous,3912.45,11884.8,,0.0,-11884.8,0.0,147700.0,29500.0,147700.0,2.648916723087339,32.91977988691438,135815.2,91.9534190927556,0.02648916723087339,32,Business Owner,18600.0,Emergency Fund,832,25000.0,0.014105168133604153,0.08046580907244413
U0010,2018-10,Other,1156.3,11884.8,,0.0,-11884.8,0.0,147700.0,29500.0,147700.0,0.782870683818551,9.729233979536888,135815.2,91.9534190927556,0.00782870683818551,32,Business Owner,18600.0,Emergency Fund,832,25000.0,0.014105168133604153,0.08046580907244413
U0010,2018-10,Shopping,735.32,11884.8,,0.0,-11884.8,0.0,147700.0,29500.0,147700.0,0.4978469871360867,6.187062466343566,135815.2,91.9534190927556,0.004978469871360867,32,Business Owner,18600.0,Emergency Fund,832,25000.0,0.014105168133604153,0.08046580907244413
U0010,2018-11,Bills,12594.42,31087.44,,0.0,-31087.44,0.0,147700.0,29500.0,147700.0,8.527027758970886,40.51288880654052,116612.56,78.9523087339201,0.08527027758970887,32,Business Owner,18600.0,Emergency Fund,832,25000.0,0.014105168133604153,0.2104769126607989
U0010,2018-11,Entertainment,825.77,31087.44,,0.0,-31087.44,0.0,147700.0,29500.0,147700.0,0.5590859851049425,2.6562817652402386,116612.56,78.9523087339201,0.005590859851049425,32,Business Owner,18600.0,Emergency Fund,832,25000.0,0.014105168133604153,0.2104769126607989
U0010,2018-11,Food,763.75,31087.44,,0.0,-31087.44,0.0,147700.0,29500.0,147700.0,0.5170954637779283,2.456779972876506,116612.56,78.9523087339201,0.005170954637779283,32,Business Owner,18600.0,Emergency Fund,832,25000.0,0.014105168133604153,0.2104769126607989
U0010,2018-11,Miscellaneous,1991.53,31087.44,,0.0,-31087.44,0.0,147700.0,29500.0,147700.0,1.3483615436696006,6.406220647309653,116612.56,78.9523087339201,0.013483615436696005,32,Business Owner,18600.0,Emergency Fund,832,25000.0,0.014105168133604153,0.2104769126607989
U0010,2018-11,Other,44.92,31087.44,,0.0,-31087.44,0.0,147700.0,29500.0,147700.0,0.03041299932295193,0.1444956548368087,116612.56,78.9523087339201,0.0003041299932295193,32,Business Owner,18600.0,Emergency Fund,832,25000.0,0.014105168133604153,0.2104769126607989
U0010,2018-11,Shopping,14867.05,31087.44,,0.0,-31087.44,0.0,147700.0,29500.0,147700.0,10.065707515233582,47.82333315319627,116612.56,78.9523087339201,0.10065707515233581,32,Business Owner,18600.0,Emergency Fund,832,25000.0,0.014105168133604153,0.2104769126607989
U0010,2018-12,Bills,17792.71,56044.95,43021.08,43021.08,-13023.87,-30.27,147700.0,29500.0,43021.08,41.35812025174635,31.74721362049569,-13023.869999999995,-30.27322884502201,0.4135812025174635,32,Business Owner,18600.0,Emergency Fund,832,25000.0,0.014105168133604153,1.3027322884502202
U0010,2018-12,Food,5540.65,56044.95,43021.08,43021.08,-13023.87,-30.27,147700.0,29500.0,43021.08,12.878918892784652,9.886082510556259,-13023.869999999995,-30.27322884502201,0.12878918892784652,32,Business Owner,18600.0,Emergency Fund,832,25000.0,0.014105168133604153,1.3027322884502202
U0010,2018-12,Groceries,1819.85,56044.95,43021.08,43021.08,-13023.87,-30.27,147700.0,29500.0,43021.08,4.230135552152572,3.247125744603216,-13023.869999999995,-30.27322884502201,0.042301355521525724,32,Business Owner,18600.0,Emergency Fund,832,25000.0,0.014105168133604153,1.3027322884502202
U0010,2018-12,Investment,25358.65,56044.95,43021.08,43021.08,-13023.87,-30.27,147700.0,29500.0,43021.08,58.944708036153436,45.24698478631885,-13023.869999999995,-30.27322884502201,0.5894470803615344,32,Business Owner,18600.0,Emergency Fund,832,25000.0,0.014105168133604153,1.3027322884502202
U0010,2018-12,Miscellaneous,3157.28,56044.95,43021.08,43021.08,-13023.87,-30.27,147700.0,29500.0,43021.08,7.338913853394661,5.633478127824184,-13023.869999999995,-30.27322884502201,0.07338913853394662,32,Business Owner,18600.0,Emergency Fund,832,25000.0,0.014105168133604153,1.3027322884502202
U0010,2018-12,Other,1531.63,56044.95,43021.08,43021.08,-13023.87,-30.27,147700.0,29500.0,43021.08,3.5601849140002995,2.732859963297318,-13023.869999999995,-30.27322884502201,0.03560184914000299,32,Business Owner,18600.0,Emergency Fund,832,25000.0,0.014105168133604153,1.3027322884502202
U0010,2018-12,Shopping,844.18,56044.95,43021.08,43021.08,-13023.87,-30.27,147700.0,29500.0,43021.08,1.9622473447900424,1.5062552469044936,-13023.869999999995,-30.27322884502201,0.019622473447900423,32,Business Owner,18600.0,Emergency Fund,832,25000.0,0.014105168133604153,1.3027322884502202
U0010,2019-01,Bills,27269.67,47233.02,90145.28,90145.28,42912.26,47.6,147700.0,29500.0,90145.28,30.25080181680061,57.73433500546863,42912.26,47.60344634793968,0.3025080181680061,32,Business Owner,18600.0,Emergency Fund,832,25000.0,0.014105168133604153,0.5239655365206032
U0010,2019-01,Groceries,1402.62,47233.02,90145.28,90145.28,42912.26,47.6,147700.0,29500.0,90145.28,1.5559550095135317,2.9695750980987454,42912.26,47.60344634793968,0.015559550095135318,32,Business Owner,18600.0,Emergency Fund,832,25000.0,0.014105168133604153,0.5239655365206032
U0010,2019-01,Other,1310.01,47233.02,90145.28,90145.28,42912.26,47.6,147700.0,29500.0,90145.28,1.453220845284412,2.7735046372220116,42912.26,47.60344634793968,0.01453220845284412,32,Business Owner,18600.0,Emergency Fund,832,25000.0,0.014105168133604153,0.5239655365206032
U0010,2019-01,Shopping,17250.72,47233.02,90145.28,90145.28,42912.26,47.6,147700.0,29500.0,90145.28,19.13657598046176,36.522585259210615,42912.26,47.60344634793968,0.19136575980461762,32,Business Owner,18600.0,Emergency Fund,832,25000.0,0.014105168133604153,0.5239655365206032
U0010,2019-02,Bills,6104.549999999999,18989.76,,0.0,-18989.76,0.0,147700.0,29500.0,147700.0,4.133073798239675,32.14653581719832,128710.24,87.14301963439405,0.04133073798239675,32,Business Owner,18600.0,Emergency Fund,832,25000.0,0.014105168133604153,0.12856980365605958
U0010,2019-02,Food,3658.55,18989.76,,0.0,-18989.76,0.0,147700.0,29500.0,147700.0,2.477014218009479,19.26590962708323,128710.24,87.14301963439405,0.024770142180094788,32,Business Owner,18600.0,Emergency Fund,832,25000.0,0.014105168133604153,0.12856980365605958
U0010,2019-02,Fuel,3998.7,18989.76,,0.0,-18989.76,0.0,147700.0,29500.0,147700.0,2.70731211916046,21.057138162883575,128710.24,87.14301963439405,0.027073121191604602,32,Business Owner,18600.0,Emergency Fund,832,25000.0,0.014105168133604153,0.12856980365605958
U0010,2019-02,Groceries,3009.49,18989.76,,0.0,-18989.76,0.0,147700.0,29500.0,147700.0,2.037569397427217,15.847962270191934,128710.24,87.14301963439405,0.02037569397427217,32,Business Owner,18600.0,Emergency Fund,832,25000.0,0.014105168133604153,0.12856980365605958
U0010,2019-02,Shopping,2218.4700000000003,18989.76,,0.0,-18989.76,0.0,147700.0,29500.0,147700.0,1.5020108327691268,11.682454122642943,128710.24,87.14301963439405,0.015020108327691267,32,Business Owner,18600.0,Emergency Fund,832,25000.0,0.014105168133604153,0.12856980365605958
U0010,2019-03,Bills,23103.5,57870.62,,0.0,-57870.62,0.0,147700.0,29500.0,147700.0,15.642180094786731,39.922675789545714,89829.38,60.818808395396076,0.1564218009478673,32,Business Owner,18600.0,Emergency Fund,832,25000.0,0.014105168133604153,0.39181191604603927
U0010,2019-03,Food,2681.54,57870.62,,0.0,-57870.62,0.0,147700.0,29500.0,147700.0,1.815531482735274,4.633681132153068,89829.38,60.818808395396076,0.01815531482735274,32,Business Owner,18600.0,Emergency Fund,832,25000.0,0.014105168133604153,0.39181191604603927
U0010,2019-03,Fuel,3514.06,57870.62,,0.0,-57870.62,0.0,147700.0,29500.0,147700.0,2.3791875423155044,6.0722694866583415,89829.38,60.818808395396076,0.023791875423155043,32,Business Owner,18600.0,Emergency Fund,832,25000.0,0.014105168133604153,0.39181191604603927
U0010,2019-03,Groceries,1577.0300000000002,57870.62,,0.0,-57870.62,0.0,147700.0,29500.0,147700.0,1.0677251184834124,2.7250960850255277,89829.38,60.818808395396076,0.010677251184834124,32,Business Owner,18600.0,Emergency Fund,832,25000.0,0.014105168133604153,0.39181191604603927
U0010,2019-03,Insurance,8448.99,57870.62,,0.0,-57870.62,0.0,147700.0,29500.0,147700.0,5.720372376438727,14.599791742338338,89829.38,60.818808395396076,0.05720372376438727,32,Business Owner,18600.0,Emergency Fund,832,25000.0,0.014105168133604153,0.39181191604603927
U0010,2019-03,Investment,5409.32,57870.62,,0.0,-57870.62,0.0,147700.0,29500.0,147700.0,3.662369668246445,9.34726463963925,89829.38,60.818808395396076,0.03662369668246445,32,Business Owner,18600.0,Emergency Fund,832,25000.0,0.014105168133604153,0.39181191604603927
U0010,2019-03,Shopping,13136.18,57870.62,,0.0,-57870.62,0.0,147700.0,29500.0,147700.0,8.893825321597834,22.699221124639756,89829.38,60.818808395396076,0.08893825321597834,32,Business Owner,18600.0,Emergency Fund,832,25000.0,0.014105168133604153,0.39181191604603927
U0010,2019-04,Bills,3014.9,48227.09,,0.0,-48227.09,0.0,147700.0,29500.0,147700.0,2.041232227488152,6.251465721858815,99472.91,67.34794177386595,0.020412322274881517,32,Business Owner,18600.0,Emergency Fund,832,25000.0,0.014105168133604153,0.3265205822613405
U0010,2019-04,Food,654.39,48227.09,,0.0,-48227.09,0.0,147700.0,29500.0,147700.0,0.4430534867975626,1.3568929827613485,99472.91,67.34794177386595,0.004430534867975626,32,Business Owner,18600.0,Emergency Fund,832,25000.0,0.014105168133604153,0.3265205822613405
U0010,2019-04,Fuel,1926.67,48227.09,,0.0,-48227.09,0.0,147700.0,29500.0,147700.0,1.3044482058226134,3.9949953439031884,99472.91,67.34794177386595,0.013044482058226135,32,Business Owner,18600.0,Emergency Fund,832,25000.0,0.014105168133604153,0.3265205822613405
U0010,2019-04,Rent,42343.13,48227.09,,0.0,-48227.09,0.0,147700.0,29500.0,147700.0,28.66833446174678,87.79947121006057,99472.91,67.34794177386595,0.2866833446174678,32,Business Owner,18600.0,Emergency Fund,832,25000.0,0.014105168133604153,0.3265205822613405
U0010,2019-04,Shopping,288.0,48227.09,,0.0,-48227.09,0.0,147700.0,29500.0,147700.0,0.1949898442789438,0.5971747414160797,99472.91,67.34794177386595,0.001949898442789438,32,Business Owner,18600.0,Emergency Fund,832,25000.0,0.014105168133604153,0.3265205822613405
U0010,2019-05,Bills,13583.16,29525.12,,0.0,-29525.12,0.0,147700.0,29500.0,147700.0,9.196452268111036,46.00543537164286,118174.88,80.01007447528775,0.09196452268111036,32,Business Owner,18600.0,Emergency Fund,832,25000.0,0.014105168133604153,0.19989925524712254
U0010,2019-05,Food,228.86,29525.12,,0.0,-29525.12,0.0,147700.0,29500.0,147700.0,0.15494922139471903,0.775136561680359,118174.88,80.01007447528775,0.0015494922139471904,32,Business Owner,18600.0,Emergency Fund,832,25000.0,0.014105168133604153,0.19989925524712254
U0010,2019-05,Other,2159.35,29525.12,,0.0,-29525.12,0.0,147700.0,29500.0,147700.0,1.46198375084631,7.313602789760042,118174.88,80.01007447528775,0.0146198375084631,32,Business Owner,18600.0,Emergency Fund,832,25000.0,0.014105168133604153,0.19989925524712254
U0010,2019-05,Shopping,12420.5,29525.12,,0.0,-29525.12,0.0,147700.0,29500.0,147700.0,8.409275558564659,42.06756822664904,118174.88,80.01007447528775,0.08409275558564658,32,Business Owner,18600.0,Emergency Fund,832,25000.0,0.014105168133604153,0.19989925524712254
U0010,2019-05,Subscription,1133.25,29525.12,,0.0,-29525.12,0.0,147700.0,29500.0,147700.0,0.7672647257955314,3.8382570502677043,118174.88,80.01007447528775,0.0076726472579553145,32,Business Owner,18600.0,Emergency Fund,832,25000.0,0.014105168133604153,0.19989925524712254
U0010,2019-06,Bills,2560.9300000000003,10916.54,,0.0,-10916.54,0.0,147700.0,29500.0,147700.0,1.7338727149627624,23.459172961396195,136783.46,92.60897765741367,0.017338727149627624,32,Business Owner,18600.0,Emergency Fund,832,25000.0,0.014105168133604153,0.07391022342586324
U0010,2019-06,Food,638.15,10916.54,,0.0,-10916.54,0.0,147700.0,29500.0,147700.0,0.4320582261340555,5.845716683124872,136783.46,92.60897765741367,0.004320582261340555,32,Business Owner,18600.0,Emergency Fund,832,25000.0,0.014105168133604153,0.07391022342586324
U0010,2019-06,Fuel,6300.01,10916.54,,0.0,-10916.54,0.0,147700.0,29500.0,147700.0,4.2654096140826,57.71068488733609,136783.46,92.60897765741367,0.042654096140826,32,Business Owner,18600.0,Emergency Fund,832,25000.0,0.014105168133604153,0.07391022342586324
U0010,2019-06,Other,182.11,10916.54,,0.0,-10916.54,0.0,147700.0,29500.0,147700.0,0.12329722410291133,1.6682025623503418,136783.46,92.60897765741367,0.0012329722410291133,32,Business Owner,18600.0,Emergency Fund,832,25000.0,0.014105168133604153,0.07391022342586324
U0010,2019-06,Shopping,1235.34,10916.54,,0.0,-10916.54,0.0,147700.0,29500.0,147700.0,0.8363845633039945,11.316222905792493,136783.46,92.60897765741367,0.008363845633039945,32,Business Owner,18600.0,Emergency Fund,832,25000.0,0.014105168133604153,0.07391022342586324
U0010,2019-07,Bills,12307.84,24688.31,,0.0,-24688.31,0.0,147700.0,29500.0,147700.0,8.33299932295193,49.85290609199252,123011.69,83.28482735274204,0.0833299932295193,32,Business Owner,18600.0,Emergency Fund,832,25000.0,0.014105168133604153,0.16715172647257956
U0010,2019-07,Fuel,5897.94,24688.31,,0.0,-24688.31,0.0,147700.0,29500.0,147700.0,3.9931888964116453,23.889606052419136,123011.69,83.28482735274204,0.03993188896411645,32,Business Owner,18600.0,Emergency Fund,832,25000.0,0.014105168133604153,0.16715172647257956
U0010,2019-07,Groceries,5240.59,24688.31,,0.0,-24688.31,0.0,147700.0,29500.0,147700.0,3.54813134732566,21.227009868233186,123011.69,83.28482735274204,0.0354813134732566,32,Business Owner,18600.0,Emergency Fund,832,25000.0,0.014105168133604153,0.16715172647257956
U0010,2019-07,Miscellaneous,60.0,24688.31,,0.0,-24688.31,0.0,147700.0,29500.0,147700.0,0.040622884224779957,0.2430300008384535,123011.69,83.28482735274204,0.00040622884224779957,32,Business Owner,18600.0,Emergency Fund,832,25000.0,0.014105168133604153,0.16715172647257956
U0010,2019-07,Shopping,1181.94,24688.31,,0.0,-24688.31,0.0,147700.0,29500.0,147700.0,0.8002301963439404,4.787447986516695,123011.69,83.28482735274204,0.008002301963439405,32,Business Owner,18600.0,Emergency Fund,832,25000.0,0.014105168133604153,0.16715172647257956
U0010,2019-08,Bills,7026.16,13065.27,,0.0,-13065.27,0.0,147700.0,29500.0,147700.0,4.757048070412999,53.77738079656983,134634.73,91.15418415707516,0.047570480704129996,32,Business Owner,18600.0,Emergency Fund,832,25000.0,0.014105168133604153,0.08845815842924848
U0010,2019-08,Food,123.75,13065.27,,0.0,-13065.27,0.0,147700.0,29500.0,147700.0,0.08378469871360866,0.9471675671455699,134634.73,91.15418415707516,0.0008378469871360867,32,Business Owner,18600.0,Emergency Fund,832,25000.0,0.014105168133604153,0.08845815842924848
U0010,2019-08,Fuel,2988.95,13065.27,,0.0,-13065.27,0.0,147700.0,29500.0,147700.0,2.023662830060934,22.87706262480607,134634.73,91.15418415707516,0.020236628300609343,32,Business Owner,18600.0,Emergency Fund,832,25000.0,0.014105168133604153,0.08845815842924848
U0010,2019-08,Groceries,2221.37,13065.27,,0.0,-13065.27,0.0,147700.0,29500.0,147700.0,1.5039742721733242,17.00209792832448,134634.73,91.15418415707516,0.015039742721733243,32,Business Owner,18600.0,Emergency Fund,832,25000.0,0.014105168133604153,0.08845815842924848
U0010,2019-08,Subscription,705.04,13065.27,,0.0,-13065.27,0.0,147700.0,29500.0,147700.0,0.477345971563981,5.396291083154041,134634.73,91.15418415707516,0.00477345971563981,32,Business Owner,18600.0,Emergency Fund,832,25000.0,0.014105168133604153,0.08845815842924848
U0010,2019-09,Bills,15392.53,74821.02,195608.36,204473.57,129652.55,63.41,147700.0,29500.0,195608.36,7.869055289865935,20.57246746970303,120787.33999999998,61.749579619194186,0.07869055289865935,32,Business Owner,18600.0,Emergency Fund,832,25000.0,0.014105168133604153,0.38250420380805816
U0010,2019-09,Food,1040.21,74821.02,195608.36,204473.57,129652.55,63.41,147700.0,29500.0,195608.36,0.5317819749626244,1.390264393615591,120787.33999999998,61.749579619194186,0.0053178197496262436,32,Business Owner,18600.0,Emergency Fund,832,25000.0,0.014105168133604153,0.38250420380805816
U0010,2019-09,Fuel,6542.17,74821.02,195608.36,204473.57,129652.55,63.41,147700.0,29500.0,195608.36,3.3445247432164966,8.743759440863009,120787.33999999998,61.749579619194186,0.03344524743216497,32,Business Owner,18600.0,Emergency Fund,832,25000.0,0.014105168133604153,0.38250420380805816
U0010,2019-09,Groceries,1058.89,74821.02,195608.36,204473.57,129652.55,63.41,147700.0,29500.0,195608.36,0.5413316690554536,1.4152306397319898,120787.33999999998,61.749579619194186,0.005413316690554536,32,Business Owner,18600.0,Emergency Fund,832,25000.0,0.014105168133604153,0.38250420380805816
U0010,2019-09,Miscellaneous,6404.82,74821.02,195608.36,204473.57,129652.55,63.41,147700.0,29500.0,195608.36,3.2743079079033226,8.560188032721285,120787.33999999998,61.749579619194186,0.032743079079033226,32,Business Owner,18600.0,Emergency Fund,832,25000.0,0.014105168133604153,0.38250420380805816
U0010,2019-09,Rent,42742.61,74821.02,195608.36,204473.57,129652.55,63.41,147700.0,29500.0,195608.36,21.851116179288045,57.12647328250804,120787.33999999998,61.749579619194186,0.21851116179288044,32,Business Owner,18600.0,Emergency Fund,832,25000.0,0.014105168133604153,0.38250420380805816
U0010,2019-09,Shopping,1484.04,74821.02,195608.36,204473.57,129652.55,63.41,147700.0,29500.0,195608.36,0.7586792302742071,1.9834533129861098,120787.33999999998,61.749579619194186,0.007586792302742071,32,Business Owner,18600.0,Emergency Fund,832,25000.0,0.014105168133604153,0.38250420380805816
U0010,2019-09,Subscription,155.75,74821.02,195608.36,204473.57,129652.55,63.41,147700.0,29500.0,195608.36,0.07962338623972923,0.20816342787093786,120787.33999999998,61.749579619194186,0.0007962338623972923,32,Business Owner,18600.0,Emergency Fund,832,25000.0,0.014105168133604153,0.38250420380805816
U0010,2019-10,Shopping,37692.51,37692.51,,0.0,-37692.51,0.0,147700.0,29500.0,147700.0,25.51964116452268,100.0,110007.48999999999,74.48035883547732,0.25519641164522683,32,Business Owner,18600.0,Emergency Fund,832,25000.0,0.014105168133604153,0.25519641164522683
U0010,2019-11,Shopping,29330.11,29330.11,,0.0,-29330.11,0.0,147700.0,29500.0,147700.0,19.857894380501016,100.0,118369.89,80.14210561949898,0.19857894380501015,32,Business Owner,18600.0,Emergency Fund,832,25000.0,0.014105168133604153,0.19857894380501015
U0011,2018-01,Bills,49269.07,76264.57,50578.37,50578.37,-25686.2,-50.78,100500.0,64600.0,50578.37,97.4113440191924,64.60282933477498,-25686.200000000004,-50.78495016743324,0.9741134401919239,45,Freelancer,15900.0,Debt Repayment,769,239800.0,0.1988391376451078,1.5078495016743323
U0011,2018-01,Food,5421.71,76264.57,50578.37,50578.37,-25686.2,-50.78,100500.0,64600.0,50578.37,10.71942413328069,7.109080927093668,-25686.200000000004,-50.78495016743324,0.10719424133280689,45,Freelancer,15900.0,Debt Repayment,769,239800.0,0.1988391376451078,1.5078495016743323
U0011,2018-01,Fuel,5817.75,76264.57,50578.37,50578.37,-25686.2,-50.78,100500.0,64600.0,50578.37,11.502446599208318,7.628378420018627,-25686.200000000004,-50.78495016743324,0.11502446599208317,45,Freelancer,15900.0,Debt Repayment,769,239800.0,0.1988391376451078,1.5078495016743323
U0011,2018-01,Groceries,4242.08,76264.57,50578.37,50578.37,-25686.2,-50.78,100500.0,64600.0,50578.37,8.387142567069677,5.5623207473667,-25686.200000000004,-50.78495016743324,0.08387142567069678,45,Freelancer,15900.0,Debt Repayment,769,239800.0,0.1988391376451078,1.5078495016743323
U0011,2018-01,Other,2417.35,76264.57,50578.37,50578.37,-25686.2,-50.78,100500.0,64600.0,50578.37,4.779414599561037,3.1696894114790126,-25686.200000000004,-50.78495016743324,0.047794145995610375,45,Freelancer,15900.0,Debt Repayment,769,239800.0,0.1988391376451078,1.5078495016743323
U0011,2018-01,Rent,7953.52,76264.57,50578.37,50578.37,-25686.2,-50.78,100500.0,64600.0,50578.37,15.725141003950899,10.428853135866365,-25686.200000000004,-50.78495016743324,0.157251410039509,45,Freelancer,15900.0,Debt Repayment,769,239800.0,0.1988391376451078,1.5078495016743323
U0011,2018-01,Shopping,1143.09,76264.57,50578.37,50578.37,-25686.2,-50.78,100500.0,64600.0,50578.37,2.2600372451702175,1.4988480234006432,-25686.200000000004,-50.78495016743324,0.022600372451702176,45,Freelancer,15900.0,Debt Repayment,769,239800.0,0.1988391376451078,1.5078495016743323
U0011,2018-02,Bills,19640.25,33901.17,,0.0,-33901.17,0.0,100500.0,64600.0,100500.0,19.542537313432838,57.933841221409175,66598.83,66.26749253731343,0.19542537313432837,45,Freelancer,15900.0,Debt Repayment,769,239800.0,0.1988391376451078,0.3373250746268657
U0011,2018-02,Entertainment,1669.04,33901.17,,0.0,-33901.17,0.0,100500.0,64600.0,100500.0,1.6607363184079602,4.923251911364711,66598.83,66.26749253731343,0.016607363184079602,45,Freelancer,15900.0,Debt Repayment,769,239800.0,0.1988391376451078,0.3373250746268657
U0011,2018-02,Food,3699.21,33901.17,,0.0,-33901.17,0.0,100500.0,64600.0,100500.0,3.6808059701492537,10.911747293677475,66598.83,66.26749253731343,0.036808059701492535,45,Freelancer,15900.0,Debt Repayment,769,239800.0,0.1988391376451078,0.3373250746268657
U0011,2018-02,Fuel,3836.16,33901.17,,0.0,-33901.17,0.0,100500.0,64600.0,100500.0,3.8170746268656712,11.315715652291647,66598.83,66.26749253731343,0.03817074626865671,45,Freelancer,15900.0,Debt Repayment,769,239800.0,0.1988391376451078,0.3373250746268657
U0011,2018-02,Groceries,3249.98,33901.17,,0.0,-33901.17,0.0,100500.0,64600.0,100500.0,3.233810945273632,9.58663078589913,66598.83,66.26749253731343,0.03233810945273632,45,Freelancer,15900.0,Debt Repayment,769,239800.0,0.1988391376451078,0.3373250746268657
U0011,2018-02,Other,1121.03,33901.17,,0.0,-33901.17,0.0,100500.0,64600.0,100500.0,1.115452736318408,3.306759029260642,66598.83,66.26749253731343,0.01115452736318408,45,Freelancer,15900.0,Debt Repayment,769,239800.0,0.1988391376451078,0.3373250746268657
U0011,2018-02,Subscription,685.5,33901.17,,0.0,-33901.17,0.0,100500.0,64600.0,100500.0,0.682089552238806,2.0220541060972232,66598.83,66.26749253731343,0.0068208955223880595,45,Freelancer,15900.0,Debt Repayment,769,239800.0,0.1988391376451078,0.3373250746268657
U0011,2018-03,Bills,18171.24,36264.31,,0.0,-36264.31,0.0,100500.0,64600.0,100500.0,18.080835820895523,50.107778143303996,64235.69,63.91610945273632,0.18080835820895524,45,Freelancer,15900.0,Debt Repayment,769,239800.0,0.1988391376451078,0.3608389054726368
U0011,2018-03,Food,6826.08,36264.31,,0.0,-36264.31,0.0,100500.0,64600.0,100500.0,6.792119402985075,18.823134922462334,64235.69,63.91610945273632,0.06792119402985075,45,Freelancer,15900.0,Debt Repayment,769,239800.0,0.1988391376451078,0.3608389054726368
U0011,2018-03,Fuel,6743.860000000001,36264.31,,0.0,-36264.31,0.0,100500.0,64600.0,100500.0,6.710308457711443,18.59641063072757,64235.69,63.91610945273632,0.06710308457711443,45,Freelancer,15900.0,Debt Repayment,769,239800.0,0.1988391376451078,0.3608389054726368
U0011,2018-03,Groceries,3743.69,36264.31,,0.0,-36264.31,0.0,100500.0,64600.0,100500.0,3.7250646766169155,10.323345460040464,64235.69,63.91610945273632,0.037250646766169154,45,Freelancer,15900.0,Debt Repayment,769,239800.0,0.1988391376451078,0.3608389054726368
U0011,2018-03,Other,180.72,36264.31,,0.0,-36264.31,0.0,100500.0,64600.0,100500.0,0.17982089552238806,0.4983412065471534,64235.69,63.91610945273632,0.0017982089552238806,45,Freelancer,15900.0,Debt Repayment,769,239800.0,0.1988391376451078,0.3608389054726368
U0011,2018-03,Shopping,598.72,36264.31,,0.0,-36264.31,0.0,100500.0,64600.0,100500.0,0.5957412935323383,1.6509896369185022,64235.69,63.91610945273632,0.0059574129353233835,45,Freelancer,15900.0,Debt Repayment,769,239800.0,0.1988391376451078,0.3608389054726368
U0011,2018-04,Bills,26407.23,46295.37,,0.0,-46295.37,0.0,100500.0,64600.0,100500.0,26.27585074626866,57.04075807148749,54204.63,53.9349552238806,0.2627585074626866,45,Freelancer,15900.0,Debt Repayment,769,239800.0,0.1988391376451078,0.46065044776119407
U0011,2018-04,Entertainment,177.93,46295.37,,0.0,-46295.37,0.0,100500.0,64600.0,100500.0,0.177044776119403,0.384336489804488,54204.63,53.9349552238806,0.00177044776119403,45,Freelancer,15900.0,Debt Repayment,769,239800.0,0.1988391376451078,0.46065044776119407
U0011,2018-04,Food,1947.51,46295.37,,0.0,-46295.37,0.0,100500.0,64600.0,100500.0,1.9378208955223881,4.206705767769002,54204.63,53.9349552238806,0.01937820895522388,45,Freelancer,15900.0,Debt Repayment,769,239800.0,0.1988391376451078,0.46065044776119407
U0011,2018-04,Groceries,5686.27,46295.37,,0.0,-46295.37,0.0,100500.0,64600.0,100500.0,5.657980099502488,12.282588950039711,54204.63,53.9349552238806,0.05657980099502488,45,Freelancer,15900.0,Debt Repayment,769,239800.0,0.1988391376451078,0.46065044776119407
U0011,2018-04,Insurance,8241.9,46295.37,,0.0,-46295.37,0.0,100500.0,64600.0,100500.0,8.200895522388059,17.80286019962687,54204.63,53.9349552238806,0.08200895522388059,45,Freelancer,15900.0,Debt Repayment,769,239800.0,0.1988391376451078,0.46065044776119407
U0011,2018-04,Miscellaneous,529.11,46295.37,,0.0,-46295.37,0.0,100500.0,64600.0,100500.0,0.5264776119402985,1.1429004671525467,54204.63,53.9349552238806,0.005264776119402985,45,Freelancer,15900.0,Debt Repayment,769,239800.0,0.1988391376451078,0.46065044776119407
U0011,2018-04,Other,3156.42,46295.37,,0.0,-46295.37,0.0,100500.0,64600.0,100500.0,3.1407164179104474,6.8180036146163205,54204.63,53.9349552238806,0.031407164179104476,45,Freelancer,15900.0,Debt Repayment,769,239800.0,0.1988391376451078,0.46065044776119407
U0011,2018-04,Subscription,149.0,46295.37,,0.0,-46295.37,0.0,100500.0,64600.0,100500.0,0.1482587064676617,0.32184643950356157,54204.63,53.9349552238806,0.001482587064676617,45,Freelancer,15900.0,Debt Repayment,769,239800.0,0.1988391376451078,0.46065044776119407
U0011,2018-05,Bills,32658.78,92991.6,,0.0,-92991.6,0.0,100500.0,64600.0,100500.0,32.49629850746268,35.120139883602384,7508.399999999994,7.471044776119397,0.32496298507462684,45,Freelancer,15900.0,Debt Repayment,769,239800.0,0.1988391376451078,0.925289552238806
U0011,2018-05,Food,3687.58,92991.6,,0.0,-92991.6,0.0,100500.0,64600.0,100500.0,3.669233830845771,3.965497958955432,7508.399999999994,7.471044776119397,0.03669233830845771,45,Freelancer,15900.0,Debt Repayment,769,239800.0,0.1988391376451078,0.925289552238806
U0011,2018-05,Fuel,2159.65,92991.6,,0.0,-92991.6,0.0,100500.0,64600.0,100500.0,2.148905472636816,2.3224140675071725,7508.399999999994,7.471044776119397,0.02148905472636816,45,Freelancer,15900.0,Debt Repayment,769,239800.0,0.1988391376451078,0.925289552238806
U0011,2018-05,Groceries,2200.16,92991.6,,0.0,-92991.6,0.0,100500.0,64600.0,100500.0,2.1892139303482585,2.3659771420214297,7508.399999999994,7.471044776119397,0.021892139303482584,45,Freelancer,15900.0,Debt Repayment,769,239800.0,0.1988391376451078,0.925289552238806
U0011,2018-05,Rent,41600.71,92991.6,,0.0,-92991.6,0.0,100500.0,64600.0,100500.0,41.39374129353234,44.73598690634423,7508.399999999994,7.471044776119397,0.4139374129353234,45,Freelancer,15900.0,Debt Repayment,769,239800.0,0.1988391376451078,0.925289552238806
U0011,2018-05,Shopping,10684.72,92991.6,,0.0,-92991.6,0.0,100500.0,64600.0,100500.0,10.631562189054726,11.489984041569343,7508.399999999994,7.471044776119397,0.10631562189054726,45,Freelancer,15900.0,Debt Repayment,769,239800.0,0.1988391376451078,0.925289552238806
U0011,2018-06,Bills,25598.28,51532.95,,0.0,-51532.95,0.0,100500.0,64600.0,100500.0,25.470925373134328,49.673616588997916,48967.05,48.723432835820894,0.2547092537313433,45,Freelancer,15900.0,Debt Repayment,769,239800.0,0.1988391376451078,0.512765671641791
U0011,2018-06,Food,1383.0,51532.95,,0.0,-51532.95,0.0,100500.0,64600.0,100500.0,1.3761194029850745,2.6837198336210135,48967.05,48.723432835820894,0.013761194029850746,45,Freelancer,15900.0,Debt Repayment,769,239800.0,0.1988391376451078,0.512765671641791
U0011,2018-06,Fuel,11268.43,51532.95,,0.0,-51532.95,0.0,100500.0,64600.0,100500.0,11.212368159203981,21.866456315813476,48967.05,48.723432835820894,0.11212368159203981,45,Freelancer,15900.0,Debt Repayment,769,239800.0,0.1988391376451078,0.512765671641791
U0011,2018-06,Groceries,2685.21,51532.95,,0.0,-51532.95,0.0,100500.0,64600.0,100500.0,2.6718507462686567,5.210666185421172,48967.05,48.723432835820894,0.02671850746268657,45,Freelancer,15900.0,Debt Repayment,769,239800.0,0.1988391376451078,0.512765671641791
U0011,2018-06,Insurance,8075.36,51532.95,,0.0,-51532.95,0.0,100500.0,64600.0,100500.0,8.03518407960199,15.670284740151692,48967.05,48.723432835820894,0.0803518407960199,45,Freelancer,15900.0,Debt Repayment,769,239800.0,0.1988391376451078,0.512765671641791
U0011,2018-06,Miscellaneous,461.52,51532.95,,0.0,-51532.95,0.0,100500.0,64600.0,100500.0,0.4592238805970149,0.8955823410070644,48967.05,48.723432835820894,0.004592238805970149,45,Freelancer,15900.0,Debt Repayment,769,239800.0,0.1988391376451078,0.512765671641791
U0011,2018-06,Shopping,1720.03,51532.95,,0.0,-51532.95,0.0,100500.0,64600.0,100500.0,1.7114726368159205,3.337728579481672,48967.05,48.723432835820894,0.017114726368159205,45,Freelancer,15900.0,Debt Repayment,769,239800.0,0.1988391376451078,0.512765671641791
U0011,2018-06,Subscription,341.12,51532.95,,0.0,-51532.95,0.0,100500.0,64600.0,100500.0,0.3394228855721393,0.6619454155060015,48967.05,48.723432835820894,0.003394228855721393,45,Freelancer,15900.0,Debt Repayment,769,239800.0,0.1988391376451078,0.512765671641791
U0011,2018-07,Bills,33511.72,83264.43,238163.14,238163.14,154898.71,65.04,100500.0,64600.0,238163.14,14.07090954544855,40.24734211235218,154898.71000000002,65.03890988336819,0.1407090954544855,45,Freelancer,15900.0,Debt Repayment,769,239800.0,0.1988391376451078,0.34961090116631816
U0011,2018-07,Food,1507.21,83264.43,238163.14,238163.14,154898.71,65.04,100500.0,64600.0,238163.14,0.6328477194245927,1.8101487033538814,154898.71000000002,65.03890988336819,0.006328477194245927,45,Freelancer,15900.0,Debt Repayment,769,239800.0,0.1988391376451078,0.34961090116631816
U0011,2018-07,Groceries,2534.16,83264.43,238163.14,238163.14,154898.71,65.04,100500.0,64600.0,238163.14,1.0640437474917401,3.0435084945636453,154898.71000000002,65.03890988336819,0.010640437474917401,45,Freelancer,15900.0,Debt Repayment,769,239800.0,0.1988391376451078,0.34961090116631816
U0011,2018-07,Miscellaneous,2116.02,83264.43,238163.14,238163.14,154898.71,65.04,100500.0,64600.0,238163.14,0.8884750175866843,2.541325269385739,154898.71000000002,65.03890988336819,0.008884750175866844,45,Freelancer,15900.0,Debt Repayment,769,239800.0,0.1988391376451078,0.34961090116631816
U0011,2018-07,Other,164.41,83264.43,238163.14,238163.14,154898.71,65.04,100500.0,64600.0,238163.14,0.0690325127557522,0.19745526391041168,154898.71000000002,65.03890988336819,0.000690325127557522,45,Freelancer,15900.0,Debt Repayment,769,239800.0,0.1988391376451078,0.34961090116631816
U0011,2018-07,Rent,42974.07,83264.43,238163.14,238163.14,154898.71,65.04,100500.0,64600.0,238163.14,18.043963478143592,51.611558501031,154898.71000000002,65.03890988336819,0.18043963478143593,45,Freelancer,15900.0,Debt Repayment,769,239800.0,0.1988391376451078,0.34961090116631816
U0011,2018-07,Subscription,456.84,83264.43,238163.14,238163.14,154898.71,65.04,100500.0,64600.0,238163.14,0.19181809578090042,0.5486616554031536,154898.71000000002,65.03890988336819,0.0019181809578090042,45,Freelancer,15900.0,Debt Repayment,769,239800.0,0.1988391376451078,0.34961090116631816
U0011,2018-08,Bills,24047.32,40220.73,,0.0,-40220.73,0.0,100500.0,64600.0,100500.0,23.9276815920398,59.78837281173166,60279.27,59.97937313432835,0.239276815920398,45,Freelancer,15900.0,Debt Repayment,769,239800.0,0.1988391376451078,0.40020626865671644
U0011,2018-08,Food,1738.67,40220.73,,0.0,-40220.73,0.0,100500.0,64600.0,100500.0,1.7300199004975128,4.322820595250261,60279.27,59.97937313432835,0.017300199004975127,45,Freelancer,15900.0,Debt Repayment,769,239800.0,0.1988391376451078,0.40020626865671644
U0011,2018-08,Fuel,9112.02,40220.73,,0.0,-40220.73,0.0,100500.0,64600.0,100500.0,9.06668656716418,22.655033859405336,60279.27,59.97937313432835,0.0906668656716418,45,Freelancer,15900.0,Debt Repayment,769,239800.0,0.1988391376451078,0.40020626865671644
U0011,2018-08,Groceries,2621.15,40220.73,,0.0,-40220.73,0.0,100500.0,64600.0,100500.0,2.6081094527363184,6.516913044591682,60279.27,59.97937313432835,0.026081094527363183,45,Freelancer,15900.0,Debt Repayment,769,239800.0,0.1988391376451078,0.40020626865671644
U0011,2018-08,Miscellaneous,953.9,40220.73,,0.0,-40220.73,0.0,100500.0,64600.0,100500.0,0.9491542288557213,2.3716625730065064,60279.27,59.97937313432835,0.009491542288557213,45,Freelancer,15900.0,Debt Repayment,769,239800.0,0.1988391376451078,0.40020626865671644
U0011,2018-08,Other,945.14,40220.73,,0.0,-40220.73,0.0,100500.0,64600.0,100500.0,0.9404378109452737,2.349882759462595,60279.27,59.97937313432835,0.009404378109452737,45,Freelancer,15900.0,Debt Repayment,769,239800.0,0.1988391376451078,0.40020626865671644
U0011,2018-08,Shopping,288.0,40220.73,,0.0,-40220.73,0.0,100500.0,64600.0,100500.0,0.2865671641791045,0.716048664457358,60279.27,59.97937313432835,0.002865671641791045,45,Freelancer,15900.0,Debt Repayment,769,239800.0,0.1988391376451078,0.40020626865671644
U0011,2018-08,Subscription,514.53,40220.73,,0.0,-40220.73,0.0,100500.0,64600.0,100500.0,0.5119701492537313,1.2792656920945988,60279.27,59.97937313432835,0.005119701492537313,45,Freelancer,15900.0,Debt Repayment,769,239800.0,0.1988391376451078,0.40020626865671644
U0011,2018-09,Bills,41932.47,108044.86,,0.0,-108044.86,0.0,100500.0,64600.0,100500.0,41.72385074626866,38.810240487145805,-7544.860000000001,-7.507323383084577,0.4172385074626866,45,Freelancer,15900.0,Debt Repayment,769,239800.0,0.1988391376451078,1.0750732338308457
U0011,2018-09,Food,4665.93,108044.86,,0.0,-108044.86,0.0,100500.0,64600.0,100500.0,4.6427164179104485,4.318511773720656,-7544.860000000001,-7.507323383084577,0.04642716417910448,45,Freelancer,15900.0,Debt Repayment,769,239800.0,0.1988391376451078,1.0750732338308457
U0011,2018-09,Fuel,13556.82,108044.86,,0.0,-108044.86,0.0,100500.0,64600.0,100500.0,13.489373134328359,12.547399293219502,-7544.860000000001,-7.507323383084577,0.13489373134328358,45,Freelancer,15900.0,Debt Repayment,769,239800.0,0.1988391376451078,1.0750732338308457
U0011,2018-09,Groceries,5508.59,108044.86,,0.0,-108044.86,0.0,100500.0,64600.0,100500.0,5.481184079601991,5.098428560136965,-7544.860000000001,-7.507323383084577,0.0548118407960199,45,Freelancer,15900.0,Debt Repayment,769,239800.0,0.1988391376451078,1.0750732338308457
U0011,2018-09,Investment,40791.53,108044.86,,0.0,-108044.86,0.0,100500.0,64600.0,100500.0,40.58858706467662,37.75425318705582,-7544.860000000001,-7.507323383084577,0.4058858706467662,45,Freelancer,15900.0,Debt Repayment,769,239800.0,0.1988391376451078,1.0750732338308457
U0011,2018-09,Miscellaneous,182.77,108044.86,,0.0,-108044.86,0.0,100500.0,64600.0,100500.0,0.18186069651741293,0.1691612169241554,-7544.860000000001,-7.507323383084577,0.0018186069651741294,45,Freelancer,15900.0,Debt Repayment,769,239800.0,0.1988391376451078,1.0750732338308457
U0011,2018-09,Other,1406.75,108044.86,,0.0,-108044.86,0.0,100500.0,64600.0,100500.0,1.3997512437810946,1.302005481797098,-7544.860000000001,-7.507323383084577,0.013997512437810946,45,Freelancer,15900.0,Debt Repayment,769,239800.0,0.1988391376451078,1.0750732338308457
U0011,2018-10,Bills,18705.85,69315.69,,0.0,-69315.69,0.0,100500.0,64600.0,100500.0,18.61278606965174,26.98645862141746,31184.309999999998,31.029164179104473,0.1861278606965174,45,Freelancer,15900.0,Debt Repayment,769,239800.0,0.1988391376451078,0.6897083582089553
U0011,2018-10,Entertainment,297.03,69315.69,,0.0,-69315.69,0.0,100500.0,64600.0,100500.0,0.2955522388059701,0.42851769923952276,31184.309999999998,31.029164179104473,0.002955522388059701,45,Freelancer,15900.0,Debt Repayment,769,239800.0,0.1988391376451078,0.6897083582089553
U0011,2018-10,Food,1420.39,69315.69,,0.0,-69315.69,0.0,100500.0,64600.0,100500.0,1.4133233830845773,2.049160875409305,31184.309999999998,31.029164179104473,0.014133233830845773,45,Freelancer,15900.0,Debt Repayment,769,239800.0,0.1988391376451078,0.6897083582089553
U0011,2018-10,Fuel,5259.17,69315.69,,0.0,-69315.69,0.0,100500.0,64600.0,100500.0,5.233004975124378,7.587272088036634,31184.309999999998,31.029164179104473,0.05233004975124378,45,Freelancer,15900.0,Debt Repayment,769,239800.0,0.1988391376451078,0.6897083582089553
U0011,2018-10,Groceries,5612.51,69315.69,,0.0,-69315.69,0.0,100500.0,64600.0,100500.0,5.584587064676618,8.097026805907868,31184.309999999998,31.029164179104473,0.055845870646766174,45,Freelancer,15900.0,Debt Repayment,769,239800.0,0.1988391376451078,0.6897083582089553
U0011,2018-10,Miscellaneous,1486.56,69315.69,,0.0,-69315.69,0.0,100500.0,64600.0,100500.0,1.4791641791044776,2.1446226676817326,31184.309999999998,31.029164179104473,0.014791641791044776,45,Freelancer,15900.0,Debt Repayment,769,239800.0,0.1988391376451078,0.6897083582089553
U0011,2018-10,Other,3584.61,69315.69,,0.0,-69315.69,0.0,100500.0,64600.0,100500.0,3.5667761194029852,5.1714265558057635,31184.309999999998,31.029164179104473,0.035667761194029854,45,Freelancer,15900.0,Debt Repayment,769,239800.0,0.1988391376451078,0.6897083582089553
U0011,2018-10,Rent,30940.78,69315.69,,0.0,-69315.69,0.0,100500.0,64600.0,100500.0,30.78684577114428,44.63748395204606,31184.309999999998,31.029164179104473,0.3078684577114428,45,Freelancer,15900.0,Debt Repayment,769,239800.0,0.1988391376451078,0.6897083582089553
U0011,2018-10,Shopping,979.0,69315.69,,0.0,-69315.69,0.0,100500.0,64600.0,100500.0,0.9741293532338309,1.4123786403915188,31184.309999999998,31.029164179104473,0.009741293532338309,45,Freelancer,15900.0,Debt Repayment,769,239800.0,0.1988391376451078,0.6897083582089553
U0011,2018-10,Subscription,1029.79,69315.69,,0.0,-69315.69,0.0,100500.0,64600.0,100500.0,1.0246666666666666,1.485652094064129,31184.309999999998,31.029164179104473,0.010246666666666666,45,Freelancer,15900.0,Debt Repayment,769,239800.0,0.1988391376451078,0.6897083582089553
U0011,2018-11,Bills,28816.65,54656.71,,0.0,-54656.71,0.0,100500.0,64600.0,100500.0,28.673283582089553,52.722986802535324,45843.29,45.61521393034826,0.28673283582089554,45,Freelancer,15900.0,Debt Repayment,769,239800.0,0.1988391376451078,0.5438478606965174
U0011,2018-11,Fuel,4083.45,54656.71,,0.0,-54656.71,0.0,100500.0,64600.0,100500.0,4.063134328358209,7.471086349690642,45843.29,45.61521393034826,0.04063134328358209,45,Freelancer,15900.0,Debt Repayment,769,239800.0,0.1988391376451078,0.5438478606965174
U0011,2018-11,Groceries,1013.36,54656.71,,0.0,-54656.71,0.0,100500.0,64600.0,100500.0,1.008318407960199,1.8540450019768846,45843.29,45.61521393034826,0.01008318407960199,45,Freelancer,15900.0,Debt Repayment,769,239800.0,0.1988391376451078,0.5438478606965174
U0011,2018-11,Other,1857.45,54656.71,,0.0,-54656.71,0.0,100500.0,64600.0,100500.0,1.8482089552238807,3.398393353716314,45843.29,45.61521393034826,0.018482089552238807,45,Freelancer,15900.0,Debt Repayment,769,239800.0,0.1988391376451078,0.5438478606965174
U0011,2018-11,Rent,17662.41,54656.71,,0.0,-54656.71,0.0,100500.0,64600.0,100500.0,17.574537313432835,32.31517228168326,45843.29,45.61521393034826,0.17574537313432836,45,Freelancer,15900.0,Debt Repayment,769,239800.0,0.1988391376451078,0.5438478606965174
U0011,2018-11,Shopping,288.0,54656.71,,0.0,-54656.71,0.0,100500.0,64600.0,100500.0,0.2865671641791045,0.5269252393713416,45843.29,45.61521393034826,0.002865671641791045,45,Freelancer,15900.0,Debt Repayment,769,239800.0,0.1988391376451078,0.5438478606965174
U0011,2018-11,Subscription,935.39,54656.71,,0.0,-54656.71,0.0,100500.0,64600.0,100500.0,0.9307363184079601,1.7113909710262474,45843.29,45.61521393034826,0.009307363184079601,45,Freelancer,15900.0,Debt Repayment,769,239800.0,0.1988391376451078,0.5438478606965174
U0011,2018-12,Bills,20721.55,38509.03,,0.0,-38509.03,0.0,100500.0,64600.0,100500.0,20.618457711442787,53.8095869981664,61990.97,61.682557213930345,0.20618457711442786,45,Freelancer,15900.0,Debt Repayment,769,239800.0,0.1988391376451078,0.3831744278606965
U0011,2018-12,Entertainment,320.81,38509.03,,0.0,-38509.03,0.0,100500.0,64600.0,100500.0,0.31921393034825873,0.833077332771041,61990.97,61.682557213930345,0.0031921393034825872,45,Freelancer,15900.0,Debt Repayment,769,239800.0,0.1988391376451078,0.3831744278606965
U0011,2018-12,Food,612.51,38509.03,,0.0,-38509.03,0.0,100500.0,64600.0,100500.0,0.6094626865671642,1.5905620058464212,61990.97,61.682557213930345,0.006094626865671642,45,Freelancer,15900.0,Debt Repayment,769,239800.0,0.1988391376451078,0.3831744278606965
U0011,2018-12,Fuel,11047.39,38509.03,,0.0,-38509.03,0.0,100500.0,64600.0,100500.0,10.992427860696518,28.687790889565385,61990.97,61.682557213930345,0.10992427860696517,45,Freelancer,15900.0,Debt Repayment,769,239800.0,0.1988391376451078,0.3831744278606965
U0011,2018-12,Groceries,3014.03,38509.03,,0.0,-38509.03,0.0,100500.0,64600.0,100500.0,2.999034825870647,7.826813607094232,61990.97,61.682557213930345,0.02999034825870647,45,Freelancer,15900.0,Debt Repayment,769,239800.0,0.1988391376451078,0.3831744278606965
U0011,2018-12,Other,694.54,38509.03,,0.0,-38509.03,0.0,100500.0,64600.0,100500.0,0.6910845771144278,1.8035769792176015,61990.97,61.682557213930345,0.006910845771144278,45,Freelancer,15900.0,Debt Repayment,769,239800.0,0.1988391376451078,0.3831744278606965
U0011,2018-12,Shopping,2098.2,38509.03,,0.0,-38509.03,0.0,100500.0,64600.0,100500.0,2.087761194029851,5.448592187338917,61990.97,61.682557213930345,0.020877611940298507,45,Freelancer,15900.0,Debt Repayment,769,239800.0,0.1988391376451078,0.3831744278606965
U0011,2019-01,Bills,54682.69,83234.66,140146.77,140146.77,56912.11,40.61,100500.0,64600.0,140146.77,39.018159319690355,65.69701852569591,56912.109999999986,40.60893447633505,0.39018159319690354,45,Freelancer,15900.0,Debt Repayment,769,239800.0,0.1988391376451078,0.5939106552366494
U0011,2019-01,Food,5663.42,83234.66,140146.77,140146.77,56912.11,40.61,100500.0,64600.0,140146.77,4.041063522191771,6.804160670566804,56912.109999999986,40.60893447633505,0.040410635221917714,45,Freelancer,15900.0,Debt Repayment,769,239800.0,0.1988391376451078,0.5939106552366494
U0011,2019-01,Fuel,2917.53,83234.66,140146.77,140146.77,56912.11,40.61,100500.0,64600.0,140146.77,2.0817675641044033,3.5051864211375405,56912.109999999986,40.60893447633505,0.02081767564104403,45,Freelancer,15900.0,Debt Repayment,769,239800.0,0.1988391376451078,0.5939106552366494
U0011,2019-01,Groceries,9193.47,83234.66,140146.77,140146.77,56912.11,40.61,100500.0,64600.0,140146.77,6.55988718113161,11.045242450681002,56912.109999999986,40.60893447633505,0.0655988718113161,45,Freelancer,15900.0,Debt Repayment,769,239800.0,0.1988391376451078,0.5939106552366494
U0011,2019-01,Other,2388.6800000000003,83234.66,140146.77,140146.77,56912.11,40.61,100500.0,64600.0,140146.77,1.7044131662827482,2.8698140894670563,56912.109999999986,40.60893447633505,0.01704413166282748,45,Freelancer,15900.0,Debt Repayment,769,239800.0,0.1988391376451078,0.5939106552366494
U0011,2019-01,Shopping,8388.87,83234.66,140146.77,140146.77,56912.11,40.61,100500.0,64600.0,140146.77,5.985774770264061,10.078577842451692,56912.109999999986,40.60893447633505,0.05985774770264061,45,Freelancer,15900.0,Debt Repayment,769,239800.0,0.1988391376451078,0.5939106552366494
U0011,2019-02,Bills,15211.65,61608.06,,0.0,-61608.06,0.0,100500.0,64600.0,100500.0,15.13597014925373,24.69100633910563,38891.94,38.69844776119403,0.1513597014925373,45,Freelancer,15900.0,Debt Repayment,769,239800.0,0.1988391376451078,0.6130155223880597
U0011,2019-02,Entertainment,1214.2,61608.06,,0.0,-61608.06,0.0,100500.0,64600.0,100500.0,1.2081592039800997,1.970846022419794,38891.94,38.69844776119403,0.012081592039800996,45,Freelancer,15900.0,Debt Repayment,769,239800.0,0.1988391376451078,0.6130155223880597
U0011,2019-02,Food,3857.9,61608.06,,0.0,-61608.06,0.0,100500.0,64600.0,100500.0,3.8387064676616913,6.262005328523573,38891.94,38.69844776119403,0.038387064676616914,45,Freelancer,15900.0,Debt Repayment,769,239800.0,0.1988391376451078,0.6130155223880597
U0011,2019-02,Fuel,2236.24,61608.06,,0.0,-61608.06,0.0,100500.0,64600.0,100500.0,2.2251144278606962,3.6297848041311473,38891.94,38.69844776119403,0.022251144278606964,45,Freelancer,15900.0,Debt Repayment,769,239800.0,0.1988391376451078,0.6130155223880597
U0011,2019-02,Groceries,1811.05,61608.06,,0.0,-61608.06,0.0,100500.0,64600.0,100500.0,1.802039800995025,2.9396316001510194,38891.94,38.69844776119403,0.01802039800995025,45,Freelancer,15900.0,Debt Repayment,769,239800.0,0.1988391376451078,0.6130155223880597
U0011,2019-02,Miscellaneous,6361.15,61608.06,,0.0,-61608.06,0.0,100500.0,64600.0,100500.0,6.329502487562189,10.325191216863509,38891.94,38.69844776119403,0.06329502487562189,45,Freelancer,15900.0,Debt Repayment,769,239800.0,0.1988391376451078,0.6130155223880597
U0011,2019-02,Other,418.43,61608.06,,0.0,-61608.06,0.0,100500.0,64600.0,100500.0,0.4163482587064677,0.6791806137054146,38891.94,38.69844776119403,0.004163482587064677,45,Freelancer,15900.0,Debt Repayment,769,239800.0,0.1988391376451078,0.6130155223880597
U0011,2019-02,Rent,16210.75,61608.06,,0.0,-61608.06,0.0,100500.0,64600.0,100500.0,16.130099502487564,26.312709733109596,38891.94,38.69844776119403,0.16130099502487563,45,Freelancer,15900.0,Debt Repayment,769,239800.0,0.1988391376451078,0.6130155223880597
U0011,2019-02,Shopping,14286.69,61608.06,,0.0,-61608.06,0.0,100500.0,64600.0,100500.0,14.215611940298508,23.18964434199032,38891.94,38.69844776119403,0.1421561194029851,45,Freelancer,15900.0,Debt Repayment,769,239800.0,0.1988391376451078,0.6130155223880597
U0011,2019-03,Bills,36729.26,75640.0,51106.73,51106.73,-24533.27,-48.0,100500.0,64600.0,51106.73,71.86775596873444,48.55798519301957,-24533.269999999997,-48.00399086382556,0.7186775596873445,45,Freelancer,15900.0,Debt Repayment,769,239800.0,0.1988391376451078,1.4800399086382556
U0011,2019-03,Food,842.96,75640.0,51106.73,51106.73,-24533.27,-48.0,100500.0,64600.0,51106.73,1.6494109484210786,1.1144368059227923,-24533.269999999997,-48.00399086382556,0.016494109484210786,45,Freelancer,15900.0,Debt Repayment,769,239800.0,0.1988391376451078,1.4800399086382556
U0011,2019-03,Fuel,4406.610000000001,75640.0,51106.73,51106.73,-24533.27,-48.0,100500.0,64600.0,51106.73,8.62236734770548,5.8257667900581716,-24533.269999999997,-48.00399086382556,0.08622367347705479,45,Freelancer,15900.0,Debt Repayment,769,239800.0,0.1988391376451078,1.4800399086382556
U0011,2019-03,Groceries,975.04,75640.0,51106.73,51106.73,-24533.27,-48.0,100500.0,64600.0,51106.73,1.9078504924889539,1.289053410893707,-24533.269999999997,-48.00399086382556,0.01907850492488954,45,Freelancer,15900.0,Debt Repayment,769,239800.0,0.1988391376451078,1.4800399086382556
U0011,2019-03,Insurance,16761.0,75640.0,51106.73,51106.73,-24533.27,-48.0,100500.0,64600.0,51106.73,32.79607206330751,22.15891062929667,-24533.269999999997,-48.00399086382556,0.32796072063307513,45,Freelancer,15900.0,Debt Repayment,769,239800.0,0.1988391376451078,1.4800399086382556
U0011,2019-03,Miscellaneous,15085.77,75640.0,51106.73,51106.73,-24533.27,-48.0,100500.0,64600.0,51106.73,29.51816717680822,19.944169751454258,-24533.269999999997,-48.00399086382556,0.2951816717680822,45,Freelancer,15900.0,Debt Repayment,769,239800.0,0.1988391376451078,1.4800399086382556
U0011,2019-03,Other,839.36,75640.0,51106.73,51106.73,-24533.27,-48.0,100500.0,64600.0,51106.73,1.6423668663598705,1.1096774193548387,-24533.269999999997,-48.00399086382556,0.016423668663598706,45,Freelancer,15900.0,Debt Repayment,769,239800.0,0.1988391376451078,1.4800399086382556
U0011,2019-04,Bills,22983.31,61494.14,42783.69,42783.69,-18710.45,-43.73,100500.0,64600.0,42783.69,53.71979368773474,37.37479701317882,-18710.449999999997,-43.7326700899338,0.5371979368773474,45,Freelancer,15900.0,Debt Repayment,769,239800.0,0.1988391376451078,1.437326700899338
U0011,2019-04,Entertainment,1915.7,61494.14,42783.69,42783.69,-18710.45,-43.73,100500.0,64600.0,42783.69,4.477640895397288,3.11525618538612,-18710.449999999997,-43.7326700899338,0.04477640895397288,45,Freelancer,15900.0,Debt Repayment,769,239800.0,0.1988391376451078,1.437326700899338
U0011,2019-04,Food,2145.49,61494.14,42783.69,42783.69,-18710.45,-43.73,100500.0,64600.0,42783.69,5.014738092950841,3.488934067538793,-18710.449999999997,-43.7326700899338,0.05014738092950841,45,Freelancer,15900.0,Debt Repayment,769,239800.0,0.1988391376451078,1.437326700899338
U0011,2019-04,Fuel,7644.04,61494.14,42783.69,42783.69,-18710.45,-43.73,100500.0,64600.0,42783.69,17.866715096336943,12.430517769660653,-18710.449999999997,-43.7326700899338,0.17866715096336944,45,Freelancer,15900.0,Debt Repayment,769,239800.0,0.1988391376451078,1.437326700899338
U0011,2019-04,Groceries,454.3,61494.14,42783.69,42783.69,-18710.45,-43.73,100500.0,64600.0,42783.69,1.0618532436075523,0.7387695803209867,-18710.449999999997,-43.7326700899338,0.010618532436075523,45,Freelancer,15900.0,Debt Repayment,769,239800.0,0.1988391376451078,1.437326700899338
U0011,2019-04,Insurance,17310.629999999997,61494.14,42783.69,42783.69,-18710.45,-43.73,100500.0,64600.0,42783.69,40.460815792186224,28.150048118406072,-18710.449999999997,-43.7326700899338,0.4046081579218622,45,Freelancer,15900.0,Debt Repayment,769,239800.0,0.1988391376451078,1.437326700899338
U0011,2019-04,Miscellaneous,5026.63,61494.14,42783.69,42783.69,-18710.45,-43.73,100500.0,64600.0,42783.69,11.748939841327385,8.17416098509549,-18710.449999999997,-43.7326700899338,0.11748939841327384,45,Freelancer,15900.0,Debt Repayment,769,239800.0,0.1988391376451078,1.437326700899338
U0011,2019-04,Other,2716.9,61494.14,42783.69,42783.69,-18710.45,-43.73,100500.0,64600.0,42783.69,6.350317141882806,4.418144558164403,-18710.449999999997,-43.7326700899338,0.06350317141882807,45,Freelancer,15900.0,Debt Repayment,769,239800.0,0.1988391376451078,1.437326700899338
U0011,2019-04,Shopping,1002.74,61494.14,42783.69,42783.69,-18710.45,-43.73,100500.0,64600.0,42783.69,2.343743608837854,1.6306269182722128,-18710.449999999997,-43.7326700899338,0.023437436088378536,45,Freelancer,15900.0,Debt Repayment,769,239800.0,0.1988391376451078,1.437326700899338
U0011,2019-04,Subscription,294.4,61494.14,42783.69,42783.69,-18710.45,-43.73,100500.0,64600.0,42783.69,0.6881126896721623,0.47874480397644387,-18710.449999999997,-43.7326700899338,0.006881126896721624,45,Freelancer,15900.0,Debt Repayment,769,239800.0,0.1988391376451078,1.437326700899338
U0011,2019-05,Bills,50948.42,120934.78,,0.0,-120934.78,0.0,100500.0,64600.0,100500.0,50.694945273631845,42.12884002435031,-20434.78,-20.333114427860696,0.5069494527363184,45,Freelancer,15900.0,Debt Repayment,769,239800.0,0.1988391376451078,1.203331144278607
U0011,2019-05,Food,293.47,120934.78,,0.0,-120934.78,0.0,100500.0,64600.0,100500.0,0.29200995024875626,0.2426679901348479,-20434.78,-20.333114427860696,0.0029200995024875626,45,Freelancer,15900.0,Debt Repayment,769,239800.0,0.1988391376451078,1.203331144278607
U0011,2019-05,Fuel,1793.82,120934.78,,0.0,-120934.78,0.0,100500.0,64600.0,100500.0,1.7848955223880598,1.4832953762350252,-20434.78,-20.333114427860696,0.017848955223880598,45,Freelancer,15900.0,Debt Repayment,769,239800.0,0.1988391376451078,1.203331144278607
U0011,2019-05,Groceries,943.63,120934.78,,0.0,-120934.78,0.0,100500.0,64600.0,100500.0,0.9389353233830845,0.7802800815447797,-20434.78,-20.333114427860696,0.009389353233830845,45,Freelancer,15900.0,Debt Repayment,769,239800.0,0.1988391376451078,1.203331144278607
U0011,2019-05,Insurance,47324.79,120934.78,,0.0,-120934.78,0.0,100500.0,64600.0,100500.0,47.08934328358209,39.13248942942634,-20434.78,-20.333114427860696,0.4708934328358209,45,Freelancer,15900.0,Debt Repayment,769,239800.0,0.1988391376451078,1.203331144278607
U0011,2019-05,Investment,7553.53,120934.78,,0.0,-120934.78,0.0,100500.0,64600.0,100500.0,7.515950248756218,6.245953397360131,-20434.78,-20.333114427860696,0.07515950248756219,45,Freelancer,15900.0,Debt Repayment,769,239800.0,0.1988391376451078,1.203331144278607
U0011,2019-05,Other,37.96,120934.78,,0.0,-120934.78,0.0,100500.0,64600.0,100500.0,0.03777114427860696,0.03138881965965457,-20434.78,-20.333114427860696,0.00037771144278606967,45,Freelancer,15900.0,Debt Repayment,769,239800.0,0.1988391376451078,1.203331144278607
U0011,2019-05,Shopping,12039.16,120934.78,,0.0,-120934.78,0.0,100500.0,64600.0,100500.0,11.97926368159204,9.955084881288906,-20434.78,-20.333114427860696,0.1197926368159204,45,Freelancer,15900.0,Debt Repayment,769,239800.0,0.1988391376451078,1.203331144278607
U0011,2019-06,Bills,52446.24,67690.57,,0.0,-67690.57,0.0,100500.0,64600.0,100500.0,52.18531343283582,77.47938893113175,32809.42999999999,32.64619900497512,0.5218531343283582,45,Freelancer,15900.0,Debt Repayment,769,239800.0,0.1988391376451078,0.6735380099502488
U0011,2019-06,Food,5643.4400000000005,67690.57,,0.0,-67690.57,0.0,100500.0,64600.0,100500.0,5.6153631840796026,8.337114017506426,32809.42999999999,32.64619900497512,0.056153631840796026,45,Freelancer,15900.0,Debt Repayment,769,239800.0,0.1988391376451078,0.6735380099502488
U0011,2019-06,Fuel,3788.65,67690.57,,0.0,-67690.57,0.0,100500.0,64600.0,100500.0,3.769800995024876,5.597012996049523,32809.42999999999,32.64619900497512,0.03769800995024876,45,Freelancer,15900.0,Debt Repayment,769,239800.0,0.1988391376451078,0.6735380099502488
U0011,2019-06,Groceries,1190.72,67690.57,,0.0,-67690.57,0.0,100500.0,64600.0,100500.0,1.1847960199004974,1.7590633377736364,32809.42999999999,32.64619900497512,0.011847960199004975,45,Freelancer,15900.0,Debt Repayment,769,239800.0,0.1988391376451078,0.6735380099502488
U0011,2019-06,Miscellaneous,753.04,67690.57,,0.0,-67690.57,0.0,100500.0,64600.0,100500.0,0.7492935323383084,1.112474012259019,32809.42999999999,32.64619900497512,0.007492935323383084,45,Freelancer,15900.0,Debt Repayment,769,239800.0,0.1988391376451078,0.6735380099502488
U0011,2019-06,Other,3719.48,67690.57,,0.0,-67690.57,0.0,100500.0,64600.0,100500.0,3.7009751243781093,5.494827418353841,32809.42999999999,32.64619900497512,0.03700975124378109,45,Freelancer,15900.0,Debt Repayment,769,239800.0,0.1988391376451078,0.6735380099502488
U0011,2019-06,Subscription,149.0,67690.57,,0.0,-67690.57,0.0,100500.0,64600.0,100500.0,0.1482587064676617,0.22011928692578595,32809.42999999999,32.64619900497512,0.001482587064676617,45,Freelancer,15900.0,Debt Repayment,769,239800.0,0.1988391376451078,0.6735380099502488
U0011,2019-07,Bills,24577.53,81464.13,37104.74,37104.74,-44359.39,-119.55,100500.0,64600.0,37104.74,66.2382488059477,30.169756922463908,-44359.39000000001,-119.5518146738126,0.6623824880594771,45,Freelancer,15900.0,Debt Repayment,769,239800.0,0.1988391376451078,2.195518146738126
U0011,2019-07,Entertainment,262.8,81464.13,37104.74,37104.74,-44359.39,-119.55,100500.0,64600.0,37104.74,0.7082653051874235,0.322595969538986,-44359.39000000001,-119.5518146738126,0.007082653051874235,45,Freelancer,15900.0,Debt Repayment,769,239800.0,0.1988391376451078,2.195518146738126
U0011,2019-07,Food,2946.81,81464.13,37104.74,37104.74,-44359.39,-119.55,100500.0,64600.0,37104.74,7.941869421534824,3.6173098515874407,-44359.39000000001,-119.5518146738126,0.07941869421534824,45,Freelancer,15900.0,Debt Repayment,769,239800.0,0.1988391376451078,2.195518146738126
U0011,2019-07,Fuel,3357.47,81464.13,37104.74,37104.74,-44359.39,-119.55,100500.0,64600.0,37104.74,9.048628288461257,4.1214090176866796,-44359.39000000001,-119.5518146738126,0.09048628288461258,45,Freelancer,15900.0,Debt Repayment,769,239800.0,0.1988391376451078,2.195518146738126
U0011,2019-07,Groceries,2465.61,81464.13,37104.74,37104.74,-44359.39,-119.55,100500.0,64600.0,37104.74,6.645000072766984,3.0266204279110327,-44359.39000000001,-119.5518146738126,0.06645000072766984,45,Freelancer,15900.0,Debt Repayment,769,239800.0,0.1988391376451078,2.195518146738126
U0011,2019-07,Insurance,8258.18,81464.13,37104.74,37104.74,-44359.39,-119.55,100500.0,64600.0,37104.74,22.256401742742305,10.13719780718213,-44359.39000000001,-119.5518146738126,0.22256401742742304,45,Freelancer,15900.0,Debt Repayment,769,239800.0,0.1988391376451078,2.195518146738126
U0011,2019-07,Miscellaneous,3034.25,81464.13,37104.74,37104.74,-44359.39,-119.55,100500.0,64600.0,37104.74,8.17752664484376,3.724645435972863,-44359.39000000001,-119.5518146738126,0.08177526644843759,45,Freelancer,15900.0,Debt Repayment,769,239800.0,0.1988391376451078,2.195518146738126
U0011,2019-07,Other,2641.05,81464.13,37104.74,37104.74,-44359.39,-119.55,100500.0,64600.0,37104.74,7.117823760522242,3.24197901579505,-44359.39000000001,-119.5518146738126,0.07117823760522242,45,Freelancer,15900.0,Debt Repayment,769,239800.0,0.1988391376451078,2.195518146738126
U0011,2019-07,Shopping,33920.43,81464.13,37104.74,37104.74,-44359.39,-119.55,100500.0,64600.0,37104.74,91.41805063180608,41.638485551861905,-44359.39000000001,-119.5518146738126,0.9141805063180608,45,Freelancer,15900.0,Debt Repayment,769,239800.0,0.1988391376451078,2.195518146738126
U0011,2019-08,Bills,30810.16,96681.83,41048.69,41048.69,-55633.14,-135.53,100500.0,64600.0,41048.69,75.05759623510518,31.867580495735343,-55633.14,-135.52963565950583,0.7505759623510518,45,Freelancer,15900.0,Debt Repayment,769,239800.0,0.1988391376451078,2.355296356595058
U0011,2019-08,Entertainment,180.12,96681.83,41048.69,41048.69,-55633.14,-135.53,100500.0,64600.0,41048.69,0.4387959761931501,0.18630181079526525,-55633.14,-135.52963565950583,0.004387959761931501,45,Freelancer,15900.0,Debt Repayment,769,239800.0,0.1988391376451078,2.355296356595058
U0011,2019-08,Food,3926.87,96681.83,41048.69,41048.69,-55633.14,-135.53,100500.0,64600.0,41048.69,9.566371058369949,4.061642192747075,-55633.14,-135.52963565950583,0.09566371058369949,45,Freelancer,15900.0,Debt Repayment,769,239800.0,0.1988391376451078,2.355296356595058
U0011,2019-08,Fuel,838.09,96681.83,41048.69,41048.69,-55633.14,-135.53,100500.0,64600.0,41048.69,2.041697311168761,0.8668536787108808,-55633.14,-135.52963565950583,0.02041697311168761,45,Freelancer,15900.0,Debt Repayment,769,239800.0,0.1988391376451078,2.355296356595058
U0011,2019-08,Groceries,1709.73,96681.83,41048.69,41048.69,-55633.14,-135.53,100500.0,64600.0,41048.69,4.165126828651535,1.7684088106317393,-55633.14,-135.52963565950583,0.04165126828651535,45,Freelancer,15900.0,Debt Repayment,769,239800.0,0.1988391376451078,2.355296356595058
U0011,2019-08,Insurance,8838.68,96681.83,41048.69,41048.69,-55633.14,-135.53,100500.0,64600.0,41048.69,21.532185314561804,9.14202803153395,-55633.14,-135.52963565950583,0.21532185314561805,45,Freelancer,15900.0,Debt Repayment,769,239800.0,0.1988391376451078,2.355296356595058
U0011,2019-08,Other,2829.92,96681.83,41048.69,41048.69,-55633.14,-135.53,100500.0,64600.0,41048.69,6.894056789632019,2.9270443060500617,-55633.14,-135.52963565950583,0.06894056789632019,45,Freelancer,15900.0,Debt Repayment,769,239800.0,0.1988391376451078,2.355296356595058
U0011,2019-08,Rent,42993.15,96681.83,41048.69,41048.69,-55633.14,-135.53,100500.0,64600.0,41048.69,104.73695993708934,44.46869696198345,-55633.14,-135.52963565950583,1.0473695993708934,45,Freelancer,15900.0,Debt Repayment,769,239800.0,0.1988391376451078,2.355296356595058
U0011,2019-08,Shopping,4273.43,96681.83,41048.69,41048.69,-55633.14,-135.53,100500.0,64600.0,41048.69,10.410636734083353,4.420096309720244,-55633.14,-135.52963565950583,0.10410636734083353,45,Freelancer,15900.0,Debt Repayment,769,239800.0,0.1988391376451078,2.355296356595058
U0011,2019-08,Subscription,281.68,96681.83,41048.69,41048.69,-55633.14,-135.53,100500.0,64600.0,41048.69,0.6862094746507136,0.291347402091996,-55633.14,-135.52963565950583,0.006862094746507136,45,Freelancer,15900.0,Debt Repayment,769,239800.0,0.1988391376451078,2.355296356595058
U0011,2019-09,Bills,8633.27,28630.38,,0.0,-28630.38,0.0,100500.0,64600.0,100500.0,8.5903184079602,30.154227781817777,71869.62,71.51205970149253,0.085903184079602,45,Freelancer,15900.0,Debt Repayment,769,239800.0,0.1988391376451078,0.28487940298507464
U0011,2019-09,Food,3210.08,28630.38,,0.0,-28630.38,0.0,100500.0,64600.0,100500.0,3.1941094527363183,11.212145979201113,71869.62,71.51205970149253,0.031941094527363184,45,Freelancer,15900.0,Debt Repayment,769,239800.0,0.1988391376451078,0.28487940298507464
U0011,2019-09,Fuel,5404.52,28630.38,,0.0,-28630.38,0.0,100500.0,64600.0,100500.0,5.37763184079602,18.876871351340778,71869.62,71.51205970149253,0.053776318407960204,45,Freelancer,15900.0,Debt Repayment,769,239800.0,0.1988391376451078,0.28487940298507464
U0011,2019-09,Groceries,9688.72,28630.38,,0.0,-28630.38,0.0,100500.0,64600.0,100500.0,9.640517412935324,33.84069649093026,71869.62,71.51205970149253,0.09640517412935323,45,Freelancer,15900.0,Debt Repayment,769,239800.0,0.1988391376451078,0.28487940298507464
U0011,2019-09,Miscellaneous,97.92,28630.38,,0.0,-28630.38,0.0,100500.0,64600.0,100500.0,0.09743283582089553,0.34201432184972747,71869.62,71.51205970149253,0.0009743283582089552,45,Freelancer,15900.0,Debt Repayment,769,239800.0,0.1988391376451078,0.28487940298507464
U0011,2019-09,Subscription,1595.87,28630.38,,0.0,-28630.38,0.0,100500.0,64600.0,100500.0,1.5879303482587064,5.574044074860341,71869.62,71.51205970149253,0.015879303482587065,45,Freelancer,15900.0,Debt Repayment,769,239800.0,0.1988391376451078,0.28487940298507464
U0011,2019-10,Shopping,26128.59,26128.59,,0.0,-26128.59,0.0,100500.0,64600.0,100500.0,25.998597014925373,100.0,74371.41,74.00140298507463,0.25998597014925373,45,Freelancer,15900.0,Debt Repayment,769,239800.0,0.1988391376451078,0.25998597014925373
U0012,2018-01,Bills,70761.06,83875.70999999999,,0.0,-83875.71,0.0,107500.0,75200.0,107500.0,65.82424186046512,84.36418600808267,23624.290000000008,21.97608372093024,0.6582424186046512,57,Doctor,13700.0,Business Investment,675,917600.0,0.7113178294573643,0.7802391627906976
U0012,2018-01,Entertainment,267.34,83875.70999999999,,0.0,-83875.71,0.0,107500.0,75200.0,107500.0,0.24868837209302322,0.3187335165329748,23624.290000000008,21.97608372093024,0.0024868837209302322,57,Doctor,13700.0,Business Investment,675,917600.0,0.7113178294573643,0.7802391627906976
U0012,2018-01,Food,6738.1900000000005,83875.70999999999,,0.0,-83875.71,0.0,107500.0,75200.0,107500.0,6.268083720930233,8.033541534253482,23624.290000000008,21.97608372093024,0.06268083720930233,57,Doctor,13700.0,Business Investment,675,917600.0,0.7113178294573643,0.7802391627906976
U0012,2018-01,Groceries,2869.54,83875.70999999999,,0.0,-83875.71,0.0,107500.0,75200.0,107500.0,2.6693395348837208,3.4211811739060094,23624.290000000008,21.97608372093024,0.026693395348837207,57,Doctor,13700.0,Business Investment,675,917600.0,0.7113178294573643,0.7802391627906976
U0012,2018-01,Miscellaneous,506.48,83875.70999999999,,0.0,-83875.71,0.0,107500.0,75200.0,107500.0,0.4711441860465116,0.6038458571617458,23624.290000000008,21.97608372093024,0.004711441860465116,57,Doctor,13700.0,Business Investment,675,917600.0,0.7113178294573643,0.7802391627906976
U0012,2018-01,Other,2272.87,83875.70999999999,,0.0,-83875.71,0.0,107500.0,75200.0,107500.0,2.1142976744186046,2.7098071658648255,23624.290000000008,21.97608372093024,0.021142976744186047,57,Doctor,13700.0,Business Investment,675,917600.0,0.7113178294573643,0.7802391627906976
U0012,2018-01,Shopping,298.19,83875.70999999999,,0.0,-83875.71,0.0,107500.0,75200.0,107500.0,0.2773860465116279,0.35551412917994973,23624.290000000008,21.97608372093024,0.002773860465116279,57,Doctor,13700.0,Business Investment,675,917600.0,0.7113178294573643,0.7802391627906976
U0012,2018-01,Subscription,162.04,83875.70999999999,,0.0,-83875.71,0.0,107500.0,75200.0,107500.0,0.15073488372093022,0.19319061501834084,23624.290000000008,21.97608372093024,0.0015073488372093023,57,Doctor,13700.0,Business Investment,675,917600.0,0.7113178294573643,0.7802391627906976
U0012,2018-02,Bills,23540.02,145953.78,58513.32,58513.32,-87440.46,-149.44,107500.0,75200.0,58513.32,40.23019032247701,16.12840722590398,-87440.45999999999,-149.43684617451206,0.40230190322477005,57,Doctor,13700.0,Business Investment,675,917600.0,0.7113178294573643,2.4943684617451205
U0012,2018-02,Food,730.3499999999999,145953.78,58513.32,58513.32,-87440.46,-149.44,107500.0,75200.0,58513.32,1.248177338083021,0.5003981397398546,-87440.45999999999,-149.43684617451206,0.01248177338083021,57,Doctor,13700.0,Business Investment,675,917600.0,0.7113178294573643,2.4943684617451205
U0012,2018-02,Groceries,7375.889999999999,145953.78,58513.32,58513.32,-87440.46,-149.44,107500.0,75200.0,58513.32,12.605488801524164,5.0535792906494095,-87440.45999999999,-149.43684617451206,0.12605488801524165,57,Doctor,13700.0,Business Investment,675,917600.0,0.7113178294573643,2.4943684617451205
U0012,2018-02,Miscellaneous,4200.16,145953.78,58513.32,58513.32,-87440.46,-149.44,107500.0,75200.0,58513.32,7.178126279623169,2.877732937098306,-87440.45999999999,-149.43684617451206,0.07178126279623169,57,Doctor,13700.0,Business Investment,675,917600.0,0.7113178294573643,2.4943684617451205
U0012,2018-02,Other,1442.01,145953.78,58513.32,58513.32,-87440.46,-149.44,107500.0,75200.0,58513.32,2.4644132310386766,0.9879908557352882,-87440.45999999999,-149.43684617451206,0.024644132310386764,57,Doctor,13700.0,Business Investment,675,917600.0,0.7113178294573643,2.4943684617451205
U0012,2018-02,Rent,87641.03,145953.78,58513.32,58513.32,-87440.46,-149.44,107500.0,75200.0,58513.32,149.77962282775957,60.04711217482686,-87440.45999999999,-149.43684617451206,1.4977962282775956,57,Doctor,13700.0,Business Investment,675,917600.0,0.7113178294573643,2.4943684617451205
U0012,2018-02,Shopping,21024.32,145953.78,58513.32,58513.32,-87440.46,-149.44,107500.0,75200.0,58513.32,35.93082737400646,14.404779376046307,-87440.45999999999,-149.43684617451206,0.35930827374006463,57,Doctor,13700.0,Business Investment,675,917600.0,0.7113178294573643,2.4943684617451205
U0012,2018-03,Bills,52555.8,100092.8,177208.79,177208.79,77115.99,43.52,107500.0,75200.0,177208.79,29.657558183202987,52.507073435851524,77115.99,43.51702305512046,0.29657558183202987,57,Doctor,13700.0,Business Investment,675,917600.0,0.7113178294573643,0.5648297694487954
U0012,2018-03,Entertainment,844.8299999999999,100092.8,177208.79,177208.79,77115.99,43.52,107500.0,75200.0,177208.79,0.47674271688215913,0.8440467246395343,77115.99,43.51702305512046,0.0047674271688215916,57,Doctor,13700.0,Business Investment,675,917600.0,0.7113178294573643,0.5648297694487954
U0012,2018-03,Food,4286.31,100092.8,177208.79,177208.79,77115.99,43.52,107500.0,75200.0,177208.79,2.418790851176175,4.282335992199239,77115.99,43.51702305512046,0.02418790851176175,57,Doctor,13700.0,Business Investment,675,917600.0,0.7113178294573643,0.5648297694487954
U0012,2018-03,Groceries,1048.9,100092.8,177208.79,177208.79,77115.99,43.52,107500.0,75200.0,177208.79,0.5919006613610984,1.0479275232584162,77115.99,43.51702305512046,0.005919006613610984,57,Doctor,13700.0,Business Investment,675,917600.0,0.7113178294573643,0.5648297694487954
U0012,2018-03,Miscellaneous,2918.13,100092.8,177208.79,177208.79,77115.99,43.52,107500.0,75200.0,177208.79,1.6467185403162,2.9154244860769207,77115.99,43.51702305512046,0.016467185403162,57,Doctor,13700.0,Business Investment,675,917600.0,0.7113178294573643,0.5648297694487954
U0012,2018-03,Other,4767.36,100092.8,177208.79,177208.79,77115.99,43.52,107500.0,75200.0,177208.79,2.6902502974034186,4.7629399916877135,77115.99,43.51702305512046,0.026902502974034185,57,Doctor,13700.0,Business Investment,675,917600.0,0.7113178294573643,0.5648297694487954
U0012,2018-03,Rent,18777.66,100092.8,177208.79,177208.79,77115.99,43.52,107500.0,75200.0,177208.79,10.596347957683138,18.760250487547555,77115.99,43.51702305512046,0.10596347957683137,57,Doctor,13700.0,Business Investment,675,917600.0,0.7113178294573643,0.5648297694487954
U0012,2018-03,Shopping,14409.69,100092.8,177208.79,177208.79,77115.99,43.52,107500.0,75200.0,177208.79,8.131475870920399,14.396330205569233,77115.99,43.51702305512046,0.08131475870920399,57,Doctor,13700.0,Business Investment,675,917600.0,0.7113178294573643,0.5648297694487954
U0012,2018-03,Subscription,484.12,100092.8,177208.79,177208.79,77115.99,43.52,107500.0,75200.0,177208.79,0.2731918659339641,0.4836711531698583,77115.99,43.51702305512046,0.002731918659339641,57,Doctor,13700.0,Business Investment,675,917600.0,0.7113178294573643,0.5648297694487954
U0012,2018-04,Bills,9849.19,82206.63,,0.0,-82206.63,0.0,107500.0,75200.0,107500.0,9.162037209302326,11.981016616299684,25293.369999999995,23.528716279069766,0.09162037209302326,57,Doctor,13700.0,Business Investment,675,917600.0,0.7113178294573643,0.7647128372093024
U0012,2018-04,Entertainment,513.51,82206.63,,0.0,-82206.63,0.0,107500.0,75200.0,107500.0,0.47768372093023254,0.6246576462263445,25293.369999999995,23.528716279069766,0.004776837209302325,57,Doctor,13700.0,Business Investment,675,917600.0,0.7113178294573643,0.7647128372093024
U0012,2018-04,Food,3153.95,82206.63,,0.0,-82206.63,0.0,107500.0,75200.0,107500.0,2.933906976744186,3.836612691701387,25293.369999999995,23.528716279069766,0.02933906976744186,57,Doctor,13700.0,Business Investment,675,917600.0,0.7113178294573643,0.7647128372093024
U0012,2018-04,Fuel,7949.48,82206.63,,0.0,-82206.63,0.0,107500.0,75200.0,107500.0,7.394865116279068,9.670120281052757,25293.369999999995,23.528716279069766,0.07394865116279069,57,Doctor,13700.0,Business Investment,675,917600.0,0.7113178294573643,0.7647128372093024
U0012,2018-04,Groceries,12459.38,82206.63,,0.0,-82206.63,0.0,107500.0,75200.0,107500.0,11.590120930232557,15.156174143131762,25293.369999999995,23.528716279069766,0.11590120930232557,57,Doctor,13700.0,Business Investment,675,917600.0,0.7113178294573643,0.7647128372093024
U0012,2018-04,Miscellaneous,60.0,82206.63,,0.0,-82206.63,0.0,107500.0,75200.0,107500.0,0.05581395348837209,0.07298681383727808,25293.369999999995,23.528716279069766,0.0005581395348837209,57,Doctor,13700.0,Business Investment,675,917600.0,0.7113178294573643,0.7647128372093024
U0012,2018-04,Other,4108.71,82206.63,,0.0,-82206.63,0.0,107500.0,75200.0,107500.0,3.8220558139534884,4.998027531356048,25293.369999999995,23.528716279069766,0.038220558139534885,57,Doctor,13700.0,Business Investment,675,917600.0,0.7113178294573643,0.7647128372093024
U0012,2018-04,Rent,32283.24,82206.63,,0.0,-82206.63,0.0,107500.0,75200.0,107500.0,30.030920930232558,39.27084713240283,25293.369999999995,23.528716279069766,0.3003092093023256,57,Doctor,13700.0,Business Investment,675,917600.0,0.7113178294573643,0.7647128372093024
U0012,2018-04,Shopping,11829.17,82206.63,,0.0,-82206.63,0.0,107500.0,75200.0,107500.0,11.003879069767441,14.389557143991913,25293.369999999995,23.528716279069766,0.11003879069767442,57,Doctor,13700.0,Business Investment,675,917600.0,0.7113178294573643,0.7647128372093024
U0012,2018-05,Bills,29931.93,53301.33,79766.06,79766.06,26464.73,33.18,107500.0,75200.0,79766.06,37.52464394004167,56.156065899293694,26464.729999999996,33.17793307078223,0.3752464394004167,57,Doctor,13700.0,Business Investment,675,917600.0,0.7113178294573643,0.6682206692921777
U0012,2018-05,Food,2998.69,53301.33,79766.06,79766.06,26464.73,33.18,107500.0,75200.0,79766.06,3.759355796187,5.6259196534120255,26464.729999999996,33.17793307078223,0.03759355796187,57,Doctor,13700.0,Business Investment,675,917600.0,0.7113178294573643,0.6682206692921777
U0012,2018-05,Fuel,5150.889999999999,53301.33,79766.06,79766.06,26464.73,33.18,107500.0,75200.0,79766.06,6.457495832187273,9.663717584533067,26464.729999999996,33.17793307078223,0.06457495832187272,57,Doctor,13700.0,Business Investment,675,917600.0,0.7113178294573643,0.6682206692921777
U0012,2018-05,Groceries,14025.55,53301.33,79766.06,79766.06,26464.73,33.18,107500.0,75200.0,79766.06,17.583355627694285,26.313696112273373,26464.729999999996,33.17793307078223,0.17583355627694286,57,Doctor,13700.0,Business Investment,675,917600.0,0.7113178294573643,0.6682206692921777
U0012,2018-05,Other,906.27,53301.33,79766.06,79766.06,26464.73,33.18,107500.0,75200.0,79766.06,1.1361599156332907,1.7002765221805909,26464.729999999996,33.17793307078223,0.011361599156332907,57,Doctor,13700.0,Business Investment,675,917600.0,0.7113178294573643,0.6682206692921777
U0012,2018-05,Shopping,288.0,53301.33,79766.06,79766.06,26464.73,33.18,107500.0,75200.0,79766.06,0.3610558174742491,0.5403242283072487,26464.729999999996,33.17793307078223,0.0036105581747424907,57,Doctor,13700.0,Business Investment,675,917600.0,0.7113178294573643,0.6682206692921777
U0012,2018-06,Bills,21580.83,90726.35,47528.1,47528.1,-43198.25,-90.89,107500.0,75200.0,47528.1,45.40646480713516,23.786727891070235,-43198.25000000001,-90.88991564989976,0.45406464807135155,57,Doctor,13700.0,Business Investment,675,917600.0,0.7113178294573643,1.9088991564989977
U0012,2018-06,Food,4057.63,90726.35,47528.1,47528.1,-43198.25,-90.89,107500.0,75200.0,47528.1,8.537328443594422,4.4723831610111064,-43198.25000000001,-90.88991564989976,0.08537328443594422,57,Doctor,13700.0,Business Investment,675,917600.0,0.7113178294573643,1.9088991564989977
U0012,2018-06,Fuel,3061.18,90726.35,47528.1,47528.1,-43198.25,-90.89,107500.0,75200.0,47528.1,6.440779244278648,3.3740804077316016,-43198.25000000001,-90.88991564989976,0.06440779244278648,57,Doctor,13700.0,Business Investment,675,917600.0,0.7113178294573643,1.9088991564989977
U0012,2018-06,Groceries,2559.27,90726.35,47528.1,47528.1,-43198.25,-90.89,107500.0,75200.0,47528.1,5.38475133657773,2.820867366536844,-43198.25000000001,-90.88991564989976,0.0538475133657773,57,Doctor,13700.0,Business Investment,675,917600.0,0.7113178294573643,1.9088991564989977
U0012,2018-06,Insurance,8081.03,90726.35,47528.1,47528.1,-43198.25,-90.89,107500.0,75200.0,47528.1,17.00263633513648,8.907037481393223,-43198.25000000001,-90.88991564989976,0.17002636335136478,57,Doctor,13700.0,Business Investment,675,917600.0,0.7113178294573643,1.9088991564989977
U0012,2018-06,Other,69.16,90726.35,47528.1,47528.1,-43198.25,-90.89,107500.0,75200.0,47528.1,0.14551391703013586,0.07622923219108892,-43198.25000000001,-90.88991564989976,0.0014551391703013586,57,Doctor,13700.0,Business Investment,675,917600.0,0.7113178294573643,1.9088991564989977
U0012,2018-06,Rent,43127.43,90726.35,47528.1,47528.1,-43198.25,-90.89,107500.0,75200.0,47528.1,90.74090906221794,47.53572694151148,-43198.25000000001,-90.88991564989976,0.9074090906221793,57,Doctor,13700.0,Business Investment,675,917600.0,0.7113178294573643,1.9088991564989977
U0012,2018-06,Shopping,6564.52,90726.35,47528.1,47528.1,-43198.25,-90.89,107500.0,75200.0,47528.1,13.81187129298247,7.235516473439084,-43198.25000000001,-90.88991564989976,0.1381187129298247,57,Doctor,13700.0,Business Investment,675,917600.0,0.7113178294573643,1.9088991564989977
U0012,2018-06,Subscription,1625.3,90726.35,47528.1,47528.1,-43198.25,-90.89,107500.0,75200.0,47528.1,3.419661210946787,1.7914310451153386,-43198.25000000001,-90.88991564989976,0.034196612109467873,57,Doctor,13700.0,Business Investment,675,917600.0,0.7113178294573643,1.9088991564989977
U0012,2018-07,Bills,35846.49,76423.96,392.61,392.61,-76031.35,-19365.62,107500.0,75200.0,392.61,9130.304882708031,46.904779600533644,-76031.35,-19365.617279233844,91.3030488270803,57,Doctor,13700.0,Business Investment,675,917600.0,0.7113178294573643,194.65617279233845
U0012,2018-07,Entertainment,258.09,76423.96,392.61,392.61,-76031.35,-19365.62,107500.0,75200.0,392.61,65.73699090700694,0.337708226582344,-76031.35,-19365.617279233844,0.6573699090700694,57,Doctor,13700.0,Business Investment,675,917600.0,0.7113178294573643,194.65617279233845
U0012,2018-07,Food,2949.71,76423.96,392.61,392.61,-76031.35,-19365.62,107500.0,75200.0,392.61,751.3079137057131,3.85966652343061,-76031.35,-19365.617279233844,7.51307913705713,57,Doctor,13700.0,Business Investment,675,917600.0,0.7113178294573643,194.65617279233845
U0012,2018-07,Groceries,1148.35,76423.96,392.61,392.61,-76031.35,-19365.62,107500.0,75200.0,392.61,292.49127633020044,1.5026046805216582,-76031.35,-19365.617279233844,2.9249127633020042,57,Doctor,13700.0,Business Investment,675,917600.0,0.7113178294573643,194.65617279233845
U0012,2018-07,Insurance,8830.08,76423.96,392.61,392.61,-76031.35,-19365.62,107500.0,75200.0,392.61,2249.0715977687782,11.554072832656145,-76031.35,-19365.617279233844,22.49071597768778,57,Doctor,13700.0,Business Investment,675,917600.0,0.7113178294573643,194.65617279233845
U0012,2018-07,Investment,7465.22,76423.96,392.61,392.61,-76031.35,-19365.62,107500.0,75200.0,392.61,1901.4339930210642,9.768166946596327,-76031.35,-19365.617279233844,19.014339930210642,57,Doctor,13700.0,Business Investment,675,917600.0,0.7113178294573643,194.65617279233845
U0012,2018-07,Miscellaneous,1053.32,76423.96,392.61,392.61,-76031.35,-19365.62,107500.0,75200.0,392.61,268.28659483966277,1.3782588601794514,-76031.35,-19365.617279233844,2.6828659483966275,57,Doctor,13700.0,Business Investment,675,917600.0,0.7113178294573643,194.65617279233845
U0012,2018-07,Other,4372.09,76423.96,392.61,392.61,-76031.35,-19365.62,107500.0,75200.0,392.61,1113.596189602914,5.720836763758381,-76031.35,-19365.617279233844,11.135961896029139,57,Doctor,13700.0,Business Investment,675,917600.0,0.7113178294573643,194.65617279233845
U0012,2018-07,Rent,8046.59,76423.96,392.61,392.61,-76031.35,-19365.62,107500.0,75200.0,392.61,2049.512238608288,10.528883873591475,-76031.35,-19365.617279233844,20.49512238608288,57,Doctor,13700.0,Business Investment,675,917600.0,0.7113178294573643,194.65617279233845
U0012,2018-07,Shopping,6454.02,76423.96,392.61,392.61,-76031.35,-19365.62,107500.0,75200.0,392.61,1643.875601742187,8.445021692149949,-76031.35,-19365.617279233844,16.43875601742187,57,Doctor,13700.0,Business Investment,675,917600.0,0.7113178294573643,194.65617279233845
U0012,2018-08,Bills,8287.85,84101.36,46530.38,46530.38,-37570.98,-80.75,107500.0,75200.0,46530.38,17.811696358379194,9.85459688166755,-37570.98,-80.74505301697515,0.17811696358379195,57,Doctor,13700.0,Business Investment,675,917600.0,0.7113178294573643,1.8074505301697517
U0012,2018-08,Food,1984.76,84101.36,46530.38,46530.38,-37570.98,-80.75,107500.0,75200.0,46530.38,4.265514272610712,2.3599618365267814,-37570.98,-80.74505301697515,0.04265514272610712,57,Doctor,13700.0,Business Investment,675,917600.0,0.7113178294573643,1.8074505301697517
U0012,2018-08,Fuel,3791.73,84101.36,46530.38,46530.38,-37570.98,-80.75,107500.0,75200.0,46530.38,8.148934094241225,4.5085240000875135,-37570.98,-80.74505301697515,0.08148934094241225,57,Doctor,13700.0,Business Investment,675,917600.0,0.7113178294573643,1.8074505301697517
U0012,2018-08,Groceries,5116.110000000001,84101.36,46530.38,46530.38,-37570.98,-80.75,107500.0,75200.0,46530.38,10.995203563779194,6.083266667744732,-37570.98,-80.74505301697515,0.10995203563779193,57,Doctor,13700.0,Business Investment,675,917600.0,0.7113178294573643,1.8074505301697517
U0012,2018-08,Insurance,19006.41,84101.36,46530.38,46530.38,-37570.98,-80.75,107500.0,75200.0,46530.38,40.847313088782,22.599408618362414,-37570.98,-80.74505301697515,0.40847313088782,57,Doctor,13700.0,Business Investment,675,917600.0,0.7113178294573643,1.8074505301697517
U0012,2018-08,Investment,42645.54,84101.36,46530.38,46530.38,-37570.98,-80.75,107500.0,75200.0,46530.38,91.65096008242357,50.707313175434976,-37570.98,-80.74505301697515,0.9165096008242357,57,Doctor,13700.0,Business Investment,675,917600.0,0.7113178294573643,1.8074505301697517
U0012,2018-08,Miscellaneous,255.04,84101.36,46530.38,46530.38,-37570.98,-80.75,107500.0,75200.0,46530.38,0.5481150164688103,0.30325312218494443,-37570.98,-80.74505301697515,0.005481150164688103,57,Doctor,13700.0,Business Investment,675,917600.0,0.7113178294573643,1.8074505301697517
U0012,2018-08,Other,2368.36,84101.36,46530.38,46530.38,-37570.98,-80.75,107500.0,75200.0,46530.38,5.0899218961891135,2.816078122874589,-37570.98,-80.74505301697515,0.05089921896189114,57,Doctor,13700.0,Business Investment,675,917600.0,0.7113178294573643,1.8074505301697517
U0012,2018-08,Subscription,645.56,84101.36,46530.38,46530.38,-37570.98,-80.75,107500.0,75200.0,46530.38,1.3873946441013376,0.7675975751165023,-37570.98,-80.74505301697515,0.013873946441013377,57,Doctor,13700.0,Business Investment,675,917600.0,0.7113178294573643,1.8074505301697517
U0012,2018-09,Bills,42832.95,107582.38,43148.79,43148.79,-64433.59,-149.33,107500.0,75200.0,43148.79,99.26802118900669,39.81409409235973,-64433.590000000004,-149.32884560609926,0.9926802118900668,57,Doctor,13700.0,Business Investment,675,917600.0,0.7113178294573643,2.4932884560609927
U0012,2018-09,Entertainment,296.94,107582.38,43148.79,43148.79,-64433.59,-149.33,107500.0,75200.0,43148.79,0.6881768874631247,0.2760117409560934,-64433.590000000004,-149.32884560609926,0.006881768874631247,57,Doctor,13700.0,Business Investment,675,917600.0,0.7113178294573643,2.4932884560609927
U0012,2018-09,Food,9628.75,107582.38,43148.79,43148.79,-64433.59,-149.33,107500.0,75200.0,43148.79,22.315225988955888,8.950118039775658,-64433.590000000004,-149.32884560609926,0.2231522598895589,57,Doctor,13700.0,Business Investment,675,917600.0,0.7113178294573643,2.4932884560609927
U0012,2018-09,Fuel,2218.31,107582.38,43148.79,43148.79,-64433.59,-149.33,107500.0,75200.0,43148.79,5.141071163293339,2.06196405024689,-64433.590000000004,-149.32884560609926,0.05141071163293339,57,Doctor,13700.0,Business Investment,675,917600.0,0.7113178294573643,2.4932884560609927
U0012,2018-09,Groceries,574.41,107582.38,43148.79,43148.79,-64433.59,-149.33,107500.0,75200.0,43148.79,1.3312308410038842,0.5339257227809981,-64433.590000000004,-149.32884560609926,0.013312308410038843,57,Doctor,13700.0,Business Investment,675,917600.0,0.7113178294573643,2.4932884560609927
U0012,2018-09,Other,2828.84,107582.38,43148.79,43148.79,-64433.59,-149.33,107500.0,75200.0,43148.79,6.556012347043799,2.629464044205008,-64433.590000000004,-149.32884560609926,0.06556012347043799,57,Doctor,13700.0,Business Investment,675,917600.0,0.7113178294573643,2.4932884560609927
U0012,2018-09,Rent,47390.24,107582.38,43148.79,43148.79,-64433.59,-149.33,107500.0,75200.0,43148.79,109.82982373317999,44.050187400576185,-64433.590000000004,-149.32884560609926,1.0982982373318,57,Doctor,13700.0,Business Investment,675,917600.0,0.7113178294573643,2.4932884560609927
U0012,2018-09,Shopping,1811.94,107582.38,43148.79,43148.79,-64433.59,-149.33,107500.0,75200.0,43148.79,4.1992834561525365,1.6842349090994266,-64433.590000000004,-149.32884560609926,0.04199283456152537,57,Doctor,13700.0,Business Investment,675,917600.0,0.7113178294573643,2.4932884560609927
U0012,2018-10,Bills,28063.48,38308.490000000005,48070.6,48070.6,9762.11,20.31,107500.0,75200.0,48070.6,58.379716500314125,73.25655487856608,9762.109999999993,20.307859689706376,0.5837971650031413,57,Doctor,13700.0,Business Investment,675,917600.0,0.7113178294573643,0.7969214031029362
U0012,2018-10,Food,1259.56,38308.490000000005,48070.6,48070.6,9762.11,20.31,107500.0,75200.0,48070.6,2.6202294125723413,3.2879395663989883,9762.109999999993,20.307859689706376,0.026202294125723415,57,Doctor,13700.0,Business Investment,675,917600.0,0.7113178294573643,0.7969214031029362
U0012,2018-10,Fuel,3707.69,38308.490000000005,48070.6,48070.6,9762.11,20.31,107500.0,75200.0,48070.6,7.713009615024569,9.678507296946446,9762.109999999993,20.307859689706376,0.07713009615024569,57,Doctor,13700.0,Business Investment,675,917600.0,0.7113178294573643,0.7969214031029362
U0012,2018-10,Groceries,1590.1799999999998,38308.490000000005,48070.6,48070.6,9762.11,20.31,107500.0,75200.0,48070.6,3.308009469405416,4.150985851961274,9762.109999999993,20.307859689706376,0.03308009469405416,57,Doctor,13700.0,Business Investment,675,917600.0,0.7113178294573643,0.7969214031029362
U0012,2018-10,Miscellaneous,539.81,38308.490000000005,48070.6,48070.6,9762.11,20.31,107500.0,75200.0,48070.6,1.1229524907115782,1.409113227903266,9762.109999999993,20.307859689706376,0.011229524907115783,57,Doctor,13700.0,Business Investment,675,917600.0,0.7113178294573643,0.7969214031029362
U0012,2018-10,Other,2593.12,38308.490000000005,48070.6,48070.6,9762.11,20.31,107500.0,75200.0,48070.6,5.394399071365866,6.769047801153216,9762.109999999993,20.307859689706376,0.05394399071365866,57,Doctor,13700.0,Business Investment,675,917600.0,0.7113178294573643,0.7969214031029362
U0012,2018-10,Subscription,554.65,38308.490000000005,48070.6,48070.6,9762.11,20.31,107500.0,75200.0,48070.6,1.1538237508997182,1.4478513770707222,9762.109999999993,20.307859689706376,0.011538237508997183,57,Doctor,13700.0,Business Investment,675,917600.0,0.7113178294573643,0.7969214031029362
U0012,2018-11,Bills,17586.809999999998,97563.11,240125.84,240125.84,142562.73,59.37,107500.0,75200.0,240125.84,7.323997284090708,18.026085884306063,142562.72999999998,59.37000782589662,0.07323997284090708,57,Doctor,13700.0,Business Investment,675,917600.0,0.7113178294573643,0.4062999217410338
U0012,2018-11,Entertainment,1927.01,97563.11,240125.84,240125.84,142562.73,59.37,107500.0,75200.0,240125.84,0.8025000558040735,1.9751420388300456,142562.72999999998,59.37000782589662,0.008025000558040734,57,Doctor,13700.0,Business Investment,675,917600.0,0.7113178294573643,0.4062999217410338
U0012,2018-11,Food,6522.69,97563.11,240125.84,240125.84,142562.73,59.37,107500.0,75200.0,240125.84,2.7163632202181986,6.685610985545663,142562.72999999998,59.37000782589662,0.027163632202181986,57,Doctor,13700.0,Business Investment,675,917600.0,0.7113178294573643,0.4062999217410338
U0012,2018-11,Groceries,1836.98,97563.11,240125.84,240125.84,142562.73,59.37,107500.0,75200.0,240125.84,0.765007214550504,1.8828633076579868,142562.72999999998,59.37000782589662,0.00765007214550504,57,Doctor,13700.0,Business Investment,675,917600.0,0.7113178294573643,0.4062999217410338
U0012,2018-11,Miscellaneous,751.46,97563.11,240125.84,240125.84,142562.73,59.37,107500.0,75200.0,240125.84,0.3129442462335582,0.7702296493008475,142562.72999999998,59.37000782589662,0.0031294424623355822,57,Doctor,13700.0,Business Investment,675,917600.0,0.7113178294573643,0.4062999217410338
U0012,2018-11,Other,934.51,97563.11,240125.84,240125.84,142562.73,59.37,107500.0,75200.0,240125.84,0.38917510918441767,0.9578517945973636,142562.72999999998,59.37000782589662,0.0038917510918441765,57,Doctor,13700.0,Business Investment,675,917600.0,0.7113178294573643,0.4062999217410338
U0012,2018-11,Shopping,67412.03,97563.11,240125.84,240125.84,142562.73,59.37,107500.0,75200.0,240125.84,28.073625895488796,69.0958191062175,142562.72999999998,59.37000782589662,0.28073625895488796,57,Doctor,13700.0,Business Investment,675,917600.0,0.7113178294573643,0.4062999217410338
U0012,2018-11,Subscription,591.62,97563.11,240125.84,240125.84,142562.73,59.37,107500.0,75200.0,240125.84,0.24637914853311912,0.6063972335445231,142562.72999999998,59.37000782589662,0.0024637914853311914,57,Doctor,13700.0,Business Investment,675,917600.0,0.7113178294573643,0.4062999217410338
U0012,2018-12,Bills,45684.54,116111.65,,0.0,-116111.65,0.0,107500.0,75200.0,107500.0,42.49724651162791,39.345354234480354,-8611.649999999994,-8.01083720930232,0.42497246511627906,57,Doctor,13700.0,Business Investment,675,917600.0,0.7113178294573643,1.0801083720930231
U0012,2018-12,Food,1210.69,116111.65,,0.0,-116111.65,0.0,107500.0,75200.0,107500.0,1.1262232558139535,1.0426946822304222,-8611.649999999994,-8.01083720930232,0.011262232558139535,57,Doctor,13700.0,Business Investment,675,917600.0,0.7113178294573643,1.0801083720930231
U0012,2018-12,Fuel,1325.79,116111.65,,0.0,-116111.65,0.0,107500.0,75200.0,107500.0,1.233293023255814,1.14182340876217,-8611.649999999994,-8.01083720930232,0.01233293023255814,57,Doctor,13700.0,Business Investment,675,917600.0,0.7113178294573643,1.0801083720930231
U0012,2018-12,Groceries,5339.33,116111.65,,0.0,-116111.65,0.0,107500.0,75200.0,107500.0,4.966818604651162,4.598444686644278,-8611.649999999994,-8.01083720930232,0.049668186046511624,57,Doctor,13700.0,Business Investment,675,917600.0,0.7113178294573643,1.0801083720930231
U0012,2018-12,Insurance,15428.57,116111.65,,0.0,-116111.65,0.0,107500.0,75200.0,107500.0,14.352158139534884,13.287701966167909,-8611.649999999994,-8.01083720930232,0.14352158139534885,57,Doctor,13700.0,Business Investment,675,917600.0,0.7113178294573643,1.0801083720930231
U0012,2018-12,Miscellaneous,2333.04,116111.65,,0.0,-116111.65,0.0,107500.0,75200.0,107500.0,2.1702697674418605,2.0093074209177115,-8611.649999999994,-8.01083720930232,0.021702697674418604,57,Doctor,13700.0,Business Investment,675,917600.0,0.7113178294573643,1.0801083720930231
U0012,2018-12,Other,334.89,116111.65,,0.0,-116111.65,0.0,107500.0,75200.0,107500.0,0.3115255813953488,0.28842067096626395,-8611.649999999994,-8.01083720930232,0.0031152558139534883,57,Doctor,13700.0,Business Investment,675,917600.0,0.7113178294573643,1.0801083720930231
U0012,2018-12,Rent,44454.8,116111.65,,0.0,-116111.65,0.0,107500.0,75200.0,107500.0,41.353302325581396,38.28625292983091,-8611.649999999994,-8.01083720930232,0.413533023255814,57,Doctor,13700.0,Business Investment,675,917600.0,0.7113178294573643,1.0801083720930231
U0012,2019-01,Bills,21709.23,44630.53,,0.0,-44630.53,0.0,107500.0,75200.0,107500.0,20.194632558139535,48.642106647624395,62869.47,58.483227906976744,0.20194632558139536,57,Doctor,13700.0,Business Investment,675,917600.0,0.7113178294573643,0.4151677209302325
U0012,2019-01,Entertainment,326.07,44630.53,,0.0,-44630.53,0.0,107500.0,75200.0,107500.0,0.30332093023255813,0.7305985387132978,62869.47,58.483227906976744,0.0030332093023255815,57,Doctor,13700.0,Business Investment,675,917600.0,0.7113178294573643,0.4151677209302325
U0012,2019-01,Food,3694.42,44630.53,,0.0,-44630.53,0.0,107500.0,75200.0,107500.0,3.4366697674418605,8.277786528638579,62869.47,58.483227906976744,0.034366697674418606,57,Doctor,13700.0,Business Investment,675,917600.0,0.7113178294573643,0.4151677209302325
U0012,2019-01,Groceries,3587.36,44630.53,,0.0,-44630.53,0.0,107500.0,75200.0,107500.0,3.337079069767442,8.037905890877836,62869.47,58.483227906976744,0.03337079069767442,57,Doctor,13700.0,Business Investment,675,917600.0,0.7113178294573643,0.4151677209302325
U0012,2019-01,Shopping,14203.48,44630.53,,0.0,-44630.53,0.0,107500.0,75200.0,107500.0,13.212539534883721,31.82458285841553,62869.47,58.483227906976744,0.13212539534883722,57,Doctor,13700.0,Business Investment,675,917600.0,0.7113178294573643,0.4151677209302325
U0012,2019-01,Subscription,1109.97,44630.53,,0.0,-44630.53,0.0,107500.0,75200.0,107500.0,1.0325302325581396,2.4870195357303624,62869.47,58.483227906976744,0.010325302325581395,57,Doctor,13700.0,Business Investment,675,917600.0,0.7113178294573643,0.4151677209302325
U0012,2019-02,Bills,7884.76,17435.29,38433.18,38433.18,20997.89,54.63,107500.0,75200.0,38433.18,20.515502490296143,45.22299313633441,20997.89,54.634797328766446,0.20515502490296145,57,Doctor,13700.0,Business Investment,675,917600.0,0.7113178294573643,0.45365202671233557
U0012,2019-02,Food,3921.96,17435.29,38433.18,38433.18,20997.89,54.63,107500.0,75200.0,38433.18,10.204620070470359,22.494377782073023,20997.89,54.634797328766446,0.10204620070470359,57,Doctor,13700.0,Business Investment,675,917600.0,0.7113178294573643,0.45365202671233557
U0012,2019-02,Fuel,1086.41,17435.29,38433.18,38433.18,20997.89,54.63,107500.0,75200.0,38433.18,2.826750219471821,6.23109796280991,20997.89,54.634797328766446,0.02826750219471821,57,Doctor,13700.0,Business Investment,675,917600.0,0.7113178294573643,0.45365202671233557
U0012,2019-02,Groceries,4483.97,17435.29,38433.18,38433.18,20997.89,54.63,107500.0,75200.0,38433.18,11.666924256592871,25.717782726871764,20997.89,54.634797328766446,0.11666924256592871,57,Doctor,13700.0,Business Investment,675,917600.0,0.7113178294573643,0.45365202671233557
U0012,2019-02,Other,58.19,17435.29,38433.18,38433.18,20997.89,54.63,107500.0,75200.0,38433.18,0.15140563440235755,0.33374839191088873,20997.89,54.634797328766446,0.0015140563440235754,57,Doctor,13700.0,Business Investment,675,917600.0,0.7113178294573643,0.45365202671233557
U0012,2019-03,Bills,19419.73,40706.7,,0.0,-40706.7,0.0,107500.0,75200.0,107500.0,18.06486511627907,47.70647092493373,66793.3,62.1333023255814,0.1806486511627907,57,Doctor,13700.0,Business Investment,675,917600.0,0.7113178294573643,0.37866697674418603
U0012,2019-03,Entertainment,361.03,40706.7,,0.0,-40706.7,0.0,107500.0,75200.0,107500.0,0.33584186046511627,0.8869055953933873,66793.3,62.1333023255814,0.0033584186046511626,57,Doctor,13700.0,Business Investment,675,917600.0,0.7113178294573643,0.37866697674418603
U0012,2019-03,Food,9820.86,40706.7,,0.0,-40706.7,0.0,107500.0,75200.0,107500.0,9.135683720930233,24.125905563457618,66793.3,62.1333023255814,0.09135683720930234,57,Doctor,13700.0,Business Investment,675,917600.0,0.7113178294573643,0.37866697674418603
U0012,2019-03,Fuel,4169.38,40706.7,,0.0,-40706.7,0.0,107500.0,75200.0,107500.0,3.8784930232558144,10.242490793898794,66793.3,62.1333023255814,0.03878493023255814,57,Doctor,13700.0,Business Investment,675,917600.0,0.7113178294573643,0.37866697674418603
U0012,2019-03,Groceries,2612.53,40706.7,,0.0,-40706.7,0.0,107500.0,75200.0,107500.0,2.4302604651162794,6.417936113711012,66793.3,62.1333023255814,0.024302604651162792,57,Doctor,13700.0,Business Investment,675,917600.0,0.7113178294573643,0.37866697674418603
U0012,2019-03,Miscellaneous,1079.95,40706.7,,0.0,-40706.7,0.0,107500.0,75200.0,107500.0,1.0046046511627909,2.6530030682909698,66793.3,62.1333023255814,0.010046046511627908,57,Doctor,13700.0,Business Investment,675,917600.0,0.7113178294573643,0.37866697674418603
U0012,2019-03,Other,2309.3,40706.7,,0.0,-40706.7,0.0,107500.0,75200.0,107500.0,2.1481860465116283,5.673021885832063,66793.3,62.1333023255814,0.02148186046511628,57,Doctor,13700.0,Business Investment,675,917600.0,0.7113178294573643,0.37866697674418603
U0012,2019-03,Shopping,626.58,40706.7,,0.0,-40706.7,0.0,107500.0,75200.0,107500.0,0.5828651162790698,1.539255208602024,66793.3,62.1333023255814,0.005828651162790698,57,Doctor,13700.0,Business Investment,675,917600.0,0.7113178294573643,0.37866697674418603
U0012,2019-03,Subscription,307.34,40706.7,,0.0,-40706.7,0.0,107500.0,75200.0,107500.0,0.28589767441860464,0.7550108458804079,66793.3,62.1333023255814,0.002858976744186046,57,Doctor,13700.0,Business Investment,675,917600.0,0.7113178294573643,0.37866697674418603
U0012,2019-04,Bills,5761.05,30053.19,52336.86,52336.86,22283.67,42.58,107500.0,75200.0,52336.86,11.007634007848388,19.169512454418317,22283.670000000002,42.57739191842996,0.11007634007848388,57,Doctor,13700.0,Business Investment,675,917600.0,0.7113178294573643,0.5742260808157004
U0012,2019-04,Food,4451.16,30053.19,52336.86,52336.86,22283.67,42.58,107500.0,75200.0,52336.86,8.504828145975896,14.810940203020046,22283.670000000002,42.57739191842996,0.08504828145975896,57,Doctor,13700.0,Business Investment,675,917600.0,0.7113178294573643,0.5742260808157004
U0012,2019-04,Groceries,1140.73,30053.19,52336.86,52336.86,22283.67,42.58,107500.0,75200.0,52336.86,2.17959197399309,3.7957035509375214,22283.670000000002,42.57739191842996,0.0217959197399309,57,Doctor,13700.0,Business Investment,675,917600.0,0.7113178294573643,0.5742260808157004
U0012,2019-04,Investment,13353.71,30053.19,52336.86,52336.86,22283.67,42.58,107500.0,75200.0,52336.86,25.514923898758923,44.43358591883258,22283.670000000002,42.57739191842996,0.25514923898758923,57,Doctor,13700.0,Business Investment,675,917600.0,0.7113178294573643,0.5742260808157004
U0012,2019-04,Shopping,5346.54,30053.19,52336.86,52336.86,22283.67,42.58,107500.0,75200.0,52336.86,10.215630054993746,17.79025787279154,22283.670000000002,42.57739191842996,0.10215630054993746,57,Doctor,13700.0,Business Investment,675,917600.0,0.7113178294573643,0.5742260808157004
U0012,2019-05,Bills,45743.98,56804.5,,0.0,-56804.5,0.0,107500.0,75200.0,107500.0,42.55253953488373,80.5287961341091,50695.5,47.15860465116279,0.42552539534883727,57,Doctor,13700.0,Business Investment,675,917600.0,0.7113178294573643,0.5284139534883721
U0012,2019-05,Entertainment,1271.03,56804.5,,0.0,-56804.5,0.0,107500.0,75200.0,107500.0,1.182353488372093,2.237551602425864,50695.5,47.15860465116279,0.01182353488372093,57,Doctor,13700.0,Business Investment,675,917600.0,0.7113178294573643,0.5284139534883721
U0012,2019-05,Food,2808.16,56804.5,,0.0,-56804.5,0.0,107500.0,75200.0,107500.0,2.612241860465116,4.943552007323363,50695.5,47.15860465116279,0.02612241860465116,57,Doctor,13700.0,Business Investment,675,917600.0,0.7113178294573643,0.5284139534883721
U0012,2019-05,Groceries,4574.95,56804.5,,0.0,-56804.5,0.0,107500.0,75200.0,107500.0,4.255767441860465,8.053851367409273,50695.5,47.15860465116279,0.04255767441860465,57,Doctor,13700.0,Business Investment,675,917600.0,0.7113178294573643,0.5284139534883721
U0012,2019-05,Miscellaneous,494.32,56804.5,,0.0,-56804.5,0.0,107500.0,75200.0,107500.0,0.4598325581395349,0.8702127472295328,50695.5,47.15860465116279,0.004598325581395349,57,Doctor,13700.0,Business Investment,675,917600.0,0.7113178294573643,0.5284139534883721
U0012,2019-05,Other,282.94,56804.5,,0.0,-56804.5,0.0,107500.0,75200.0,107500.0,0.2632,0.498094341117341,50695.5,47.15860465116279,0.002632,57,Doctor,13700.0,Business Investment,675,917600.0,0.7113178294573643,0.5284139534883721
U0012,2019-05,Shopping,1629.12,56804.5,,0.0,-56804.5,0.0,107500.0,75200.0,107500.0,1.5154604651162789,2.8679418003855326,50695.5,47.15860465116279,0.015154604651162789,57,Doctor,13700.0,Business Investment,675,917600.0,0.7113178294573643,0.5284139534883721
U0012,2019-06,Bills,22809.870000000003,65154.98,51158.94,51158.94,-13996.04,-27.36,107500.0,75200.0,51158.94,44.58628345309735,35.008636331405526,-13996.04,-27.35795542284496,0.44586283453097353,57,Doctor,13700.0,Business Investment,675,917600.0,0.7113178294573643,1.2735795542284496
U0012,2019-06,Food,5340.950000000001,65154.98,51158.94,51158.94,-13996.04,-27.36,107500.0,75200.0,51158.94,10.43991529144271,8.19730126538294,-13996.04,-27.35795542284496,0.10439915291442708,57,Doctor,13700.0,Business Investment,675,917600.0,0.7113178294573643,1.2735795542284496
U0012,2019-06,Fuel,11626.04,65154.98,51158.94,51158.94,-13996.04,-27.36,107500.0,75200.0,51158.94,22.725334027640134,17.843670583583943,-13996.04,-27.35795542284496,0.22725334027640134,57,Doctor,13700.0,Business Investment,675,917600.0,0.7113178294573643,1.2735795542284496
U0012,2019-06,Groceries,2578.1,65154.98,51158.94,51158.94,-13996.04,-27.36,107500.0,75200.0,51158.94,5.039392919399815,3.9568732888875107,-13996.04,-27.35795542284496,0.050393929193998155,57,Doctor,13700.0,Business Investment,675,917600.0,0.7113178294573643,1.2735795542284496
U0012,2019-06,Investment,15056.34,65154.98,51158.94,51158.94,-13996.04,-27.36,107500.0,75200.0,51158.94,29.43051595674187,23.108502220398194,-13996.04,-27.35795542284496,0.2943051595674187,57,Doctor,13700.0,Business Investment,675,917600.0,0.7113178294573643,1.2735795542284496
U0012,2019-06,Miscellaneous,4125.58,65154.98,51158.94,51158.94,-13996.04,-27.36,107500.0,75200.0,51158.94,8.06424058043423,6.331948839520784,-13996.04,-27.35795542284496,0.0806424058043423,57,Doctor,13700.0,Business Investment,675,917600.0,0.7113178294573643,1.2735795542284496
U0012,2019-06,Other,2790.66,65154.98,51158.94,51158.94,-13996.04,-27.36,107500.0,75200.0,51158.94,5.454882372465105,4.28311082284117,-13996.04,-27.35795542284496,0.05454882372465105,57,Doctor,13700.0,Business Investment,675,917600.0,0.7113178294573643,1.2735795542284496
U0012,2019-06,Shopping,827.44,65154.98,51158.94,51158.94,-13996.04,-27.36,107500.0,75200.0,51158.94,1.6173908216237476,1.2699566479799396,-13996.04,-27.35795542284496,0.016173908216237477,57,Doctor,13700.0,Business Investment,675,917600.0,0.7113178294573643,1.2735795542284496
U0012,2019-07,Bills,57851.740000000005,96754.63,,0.0,-96754.63,0.0,107500.0,75200.0,107500.0,53.815572093023256,59.79221872896419,10745.369999999995,9.995693023255809,0.5381557209302326,57,Doctor,13700.0,Business Investment,675,917600.0,0.7113178294573643,0.9000430697674419
U0012,2019-07,Food,2800.14,96754.63,,0.0,-96754.63,0.0,107500.0,75200.0,107500.0,2.6047813953488372,2.894063054140148,10745.369999999995,9.995693023255809,0.02604781395348837,57,Doctor,13700.0,Business Investment,675,917600.0,0.7113178294573643,0.9000430697674419
U0012,2019-07,Fuel,2161.67,96754.63,,0.0,-96754.63,0.0,107500.0,75200.0,107500.0,2.0108558139534884,2.2341773205065225,10745.369999999995,9.995693023255809,0.020108558139534886,57,Doctor,13700.0,Business Investment,675,917600.0,0.7113178294573643,0.9000430697674419
U0012,2019-07,Groceries,5316.65,96754.63,,0.0,-96754.63,0.0,107500.0,75200.0,107500.0,4.945720930232557,5.494982514015091,10745.369999999995,9.995693023255809,0.049457209302325576,57,Doctor,13700.0,Business Investment,675,917600.0,0.7113178294573643,0.9000430697674419
U0012,2019-07,Insurance,8547.9,96754.63,,0.0,-96754.63,0.0,107500.0,75200.0,107500.0,7.95153488372093,8.834615976517092,10745.369999999995,9.995693023255809,0.0795153488372093,57,Doctor,13700.0,Business Investment,675,917600.0,0.7113178294573643,0.9000430697674419
U0012,2019-07,Rent,8078.93,96754.63,,0.0,-96754.63,0.0,107500.0,75200.0,107500.0,7.515283720930233,8.349915657782992,10745.369999999995,9.995693023255809,0.07515283720930233,57,Doctor,13700.0,Business Investment,675,917600.0,0.7113178294573643,0.9000430697674419
U0012,2019-07,Shopping,11499.28,96754.63,,0.0,-96754.63,0.0,107500.0,75200.0,107500.0,10.697004651162793,11.884991963692073,10745.369999999995,9.995693023255809,0.10697004651162792,57,Doctor,13700.0,Business Investment,675,917600.0,0.7113178294573643,0.9000430697674419
U0012,2019-07,Subscription,498.32,96754.63,,0.0,-96754.63,0.0,107500.0,75200.0,107500.0,0.463553488372093,0.5150347843818947,10745.369999999995,9.995693023255809,0.00463553488372093,57,Doctor,13700.0,Business Investment,675,917600.0,0.7113178294573643,0.9000430697674419
U0012,2019-08,Bills,48824.47,70000.22,,0.0,-70000.22,0.0,107500.0,75200.0,107500.0,45.418111627906974,69.74902364592569,37499.78,34.88351627906977,0.45418111627906976,57,Doctor,13700.0,Business Investment,675,917600.0,0.7113178294573643,0.6511648372093023
U0012,2019-08,Entertainment,1744.8,70000.22,,0.0,-70000.22,0.0,107500.0,75200.0,107500.0,1.6230697674418604,2.4925635948001306,37499.78,34.88351627906977,0.016230697674418603,57,Doctor,13700.0,Business Investment,675,917600.0,0.7113178294573643,0.6511648372093023
U0012,2019-08,Food,7472.76,70000.22,,0.0,-70000.22,0.0,107500.0,75200.0,107500.0,6.9514046511627905,10.675337877509527,37499.78,34.88351627906977,0.0695140465116279,57,Doctor,13700.0,Business Investment,675,917600.0,0.7113178294573643,0.6511648372093023
U0012,2019-08,Groceries,1899.81,70000.22,,0.0,-70000.22,0.0,107500.0,75200.0,107500.0,1.7672651162790698,2.7140057559819097,37499.78,34.88351627906977,0.0176726511627907,57,Doctor,13700.0,Business Investment,675,917600.0,0.7113178294573643,0.6511648372093023
U0012,2019-08,Miscellaneous,196.57,70000.22,,0.0,-70000.22,0.0,107500.0,75200.0,107500.0,0.18285581395348838,0.2808134031578758,37499.78,34.88351627906977,0.0018285581395348837,57,Doctor,13700.0,Business Investment,675,917600.0,0.7113178294573643,0.6511648372093023
U0012,2019-08,Other,5051.860000000001,70000.22,,0.0,-70000.22,0.0,107500.0,75200.0,107500.0,4.699404651162791,7.216920175393734,37499.78,34.88351627906977,0.04699404651162791,57,Doctor,13700.0,Business Investment,675,917600.0,0.7113178294573643,0.6511648372093023
U0012,2019-08,Shopping,4809.95,70000.22,,0.0,-70000.22,0.0,107500.0,75200.0,107500.0,4.474372093023256,6.871335547231137,37499.78,34.88351627906977,0.04474372093023256,57,Doctor,13700.0,Business Investment,675,917600.0,0.7113178294573643,0.6511648372093023
U0012,2019-09,Bills,27649.77,75191.13,111175.88,111175.88,35984.75,32.37,107500.0,75200.0,111175.88,24.8702956072846,36.77264858235273,35984.75,32.367407390883706,0.248702956072846,57,Doctor,13700.0,Business Investment,675,917600.0,0.7113178294573643,0.6763259260911629
U0012,2019-09,Food,3178.65,75191.13,111175.88,111175.88,35984.75,32.37,107500.0,75200.0,111175.88,2.859118362724001,4.227426825477952,35984.75,32.367407390883706,0.02859118362724001,57,Doctor,13700.0,Business Investment,675,917600.0,0.7113178294573643,0.6763259260911629
U0012,2019-09,Groceries,4452.86,75191.13,111175.88,111175.88,35984.75,32.37,107500.0,75200.0,111175.88,4.005239265927106,5.922054901954525,35984.75,32.367407390883706,0.040052392659271054,57,Doctor,13700.0,Business Investment,675,917600.0,0.7113178294573643,0.6763259260911629
U0012,2019-09,Miscellaneous,4668.129999999999,75191.13,111175.88,111175.88,35984.75,32.37,107500.0,75200.0,111175.88,4.1988693950522356,6.208351969175086,35984.75,32.367407390883706,0.041988693950522356,57,Doctor,13700.0,Business Investment,675,917600.0,0.7113178294573643,0.6763259260911629
U0012,2019-09,Other,930.82,75191.13,111175.88,111175.88,35984.75,32.37,107500.0,75200.0,111175.88,0.8372499502589951,1.237938570679813,35984.75,32.367407390883706,0.00837249950258995,57,Doctor,13700.0,Business Investment,675,917600.0,0.7113178294573643,0.6763259260911629
U0012,2019-09,Rent,29516.980000000003,75191.13,111175.88,111175.88,35984.75,32.37,107500.0,75200.0,111175.88,26.549805587327036,39.25593351237041,35984.75,32.367407390883706,0.26549805587327036,57,Doctor,13700.0,Business Investment,675,917600.0,0.7113178294573643,0.6763259260911629
U0012,2019-09,Shopping,4793.92,75191.13,111175.88,111175.88,35984.75,32.37,107500.0,75200.0,111175.88,4.312014440542319,6.375645637989481,35984.75,32.367407390883706,0.04312014440542319,57,Doctor,13700.0,Business Investment,675,917600.0,0.7113178294573643,0.6763259260911629
U0012,2019-10,Shopping,44286.7,44286.7,,22387.39,-21899.31,-97.82,107500.0,75200.0,107500.0,41.19693023255814,100.0,63213.3,58.80306976744186,0.4119693023255814,57,Doctor,13700.0,Business Investment,675,917600.0,0.7113178294573643,0.4119693023255814
U0012,2019-11,Shopping,35910.83,35910.83,,0.0,-35910.83,0.0,107500.0,75200.0,107500.0,33.40542325581396,100.0,71589.17,66.59457674418604,0.33405423255813954,57,Doctor,13700.0,Business Investment,675,917600.0,0.7113178294573643,0.33405423255813954
U0013,2018-01,Bills,4569.389999999999,13157.29,,0.0,-13157.29,0.0,100600.0,53500.0,100600.0,4.542137176938369,34.728960143008166,87442.70999999999,86.92118290258448,0.04542137176938369,45,Accountant,21500.0,Retirement,675,953900.0,0.7901756129887343,0.13078817097415507
U0013,2018-01,Food,1182.37,13157.29,,0.0,-13157.29,0.0,100600.0,53500.0,100600.0,1.1753180914512922,8.986425016093738,87442.70999999999,86.92118290258448,0.011753180914512922,45,Accountant,21500.0,Retirement,675,953900.0,0.7901756129887343,0.13078817097415507
U0013,2018-01,Groceries,3053.37,13157.29,,0.0,-13157.29,0.0,100600.0,53500.0,100600.0,3.035159045725646,23.206678578947486,87442.70999999999,86.92118290258448,0.03035159045725646,45,Accountant,21500.0,Retirement,675,953900.0,0.7901756129887343,0.13078817097415507
U0013,2018-01,Miscellaneous,4220.4,13157.29,,0.0,-13157.29,0.0,100600.0,53500.0,100600.0,4.195228628230615,32.07651423659431,87442.70999999999,86.92118290258448,0.041952286282306156,45,Accountant,21500.0,Retirement,675,953900.0,0.7901756129887343,0.13078817097415507
U0013,2018-01,Other,131.76,13157.29,,0.0,-13157.29,0.0,100600.0,53500.0,100600.0,0.1309741550695825,1.001422025356285,87442.70999999999,86.92118290258448,0.001309741550695825,45,Accountant,21500.0,Retirement,675,953900.0,0.7901756129887343,0.13078817097415507
U0013,2018-02,Bills,73184.93000000001,138806.25,,0.0,-138806.25,0.0,100600.0,53500.0,100600.0,72.74843936381711,52.72452068981044,-38206.25,-37.97837972166998,0.7274843936381711,45,Accountant,21500.0,Retirement,675,953900.0,0.7901756129887343,1.3797837972166997
U0013,2018-02,Food,3190.96,138806.25,,0.0,-138806.25,0.0,100600.0,53500.0,100600.0,3.1719284294234598,2.298859021117565,-38206.25,-37.97837972166998,0.031719284294234595,45,Accountant,21500.0,Retirement,675,953900.0,0.7901756129887343,1.3797837972166997
U0013,2018-02,Fuel,4048.62,138806.25,,0.0,-138806.25,0.0,100600.0,53500.0,100600.0,4.024473161033797,2.9167418614075373,-38206.25,-37.97837972166998,0.040244731610337973,45,Accountant,21500.0,Retirement,675,953900.0,0.7901756129887343,1.3797837972166997
U0013,2018-02,Groceries,2646.33,138806.25,,0.0,-138806.25,0.0,100600.0,53500.0,100600.0,2.6305467196819086,1.906491962717817,-38206.25,-37.97837972166998,0.026305467196819084,45,Accountant,21500.0,Retirement,675,953900.0,0.7901756129887343,1.3797837972166997
U0013,2018-02,Investment,6045.93,138806.25,,0.0,-138806.25,0.0,100600.0,53500.0,100600.0,6.009870775347912,4.355661218424963,-38206.25,-37.97837972166998,0.06009870775347913,45,Accountant,21500.0,Retirement,675,953900.0,0.7901756129887343,1.3797837972166997
U0013,2018-02,Miscellaneous,2294.63,138806.25,,0.0,-138806.25,0.0,100600.0,53500.0,100600.0,2.280944333996024,1.6531172047368186,-38206.25,-37.97837972166998,0.02280944333996024,45,Accountant,21500.0,Retirement,675,953900.0,0.7901756129887343,1.3797837972166997
U0013,2018-02,Other,401.93,138806.25,,0.0,-138806.25,0.0,100600.0,53500.0,100600.0,0.3995328031809145,0.28956188932414784,-38206.25,-37.97837972166998,0.003995328031809145,45,Accountant,21500.0,Retirement,675,953900.0,0.7901756129887343,1.3797837972166997
U0013,2018-02,Rent,46992.92,138806.25,,0.0,-138806.25,0.0,100600.0,53500.0,100600.0,46.71264413518886,33.85504615246071,-38206.25,-37.97837972166998,0.46712644135188863,45,Accountant,21500.0,Retirement,675,953900.0,0.7901756129887343,1.3797837972166997
U0013,2018-03,Bills,72756.1,93446.94,42835.65,42835.65,-50611.29,-118.15,100600.0,53500.0,42835.65,169.8494128138595,77.85819417949908,-50611.29,-118.15226336007507,1.698494128138595,45,Accountant,21500.0,Retirement,675,953900.0,0.7901756129887343,2.1815226336007507
U0013,2018-03,Entertainment,2120.65,93446.94,42835.65,42835.65,-50611.29,-118.15,100600.0,53500.0,42835.65,4.950666092378661,2.2693626993029414,-50611.29,-118.15226336007507,0.04950666092378661,45,Accountant,21500.0,Retirement,675,953900.0,0.7901756129887343,2.1815226336007507
U0013,2018-03,Food,3536.56,93446.94,42835.65,42835.65,-50611.29,-118.15,100600.0,53500.0,42835.65,8.25611377439119,3.7845648022289438,-50611.29,-118.15226336007507,0.0825611377439119,45,Accountant,21500.0,Retirement,675,953900.0,0.7901756129887343,2.1815226336007507
U0013,2018-03,Fuel,6849.81,93446.94,42835.65,42835.65,-50611.29,-118.15,100600.0,53500.0,42835.65,15.990909441084705,7.330159767671366,-50611.29,-118.15226336007507,0.15990909441084705,45,Accountant,21500.0,Retirement,675,953900.0,0.7901756129887343,2.1815226336007507
U0013,2018-03,Groceries,2368.12,93446.94,42835.65,42835.65,-50611.29,-118.15,100600.0,53500.0,42835.65,5.528385818821472,2.5341867802198768,-50611.29,-118.15226336007507,0.05528385818821472,45,Accountant,21500.0,Retirement,675,953900.0,0.7901756129887343,2.1815226336007507
U0013,2018-03,Miscellaneous,2095.27,93446.94,42835.65,42835.65,-50611.29,-118.15,100600.0,53500.0,42835.65,4.891416378647224,2.242202901454023,-50611.29,-118.15226336007507,0.048914163786472245,45,Accountant,21500.0,Retirement,675,953900.0,0.7901756129887343,2.1815226336007507
U0013,2018-03,Other,3246.06,93446.94,42835.65,42835.65,-50611.29,-118.15,100600.0,53500.0,42835.65,7.577940337079045,3.4736931995847056,-50611.29,-118.15226336007507,0.07577940337079045,45,Accountant,21500.0,Retirement,675,953900.0,0.7901756129887343,2.1815226336007507
U0013,2018-03,Subscription,474.37,93446.94,42835.65,42835.65,-50611.29,-118.15,100600.0,53500.0,42835.65,1.1074187038132957,0.5076356700390617,-50611.29,-118.15226336007507,0.011074187038132956,45,Accountant,21500.0,Retirement,675,953900.0,0.7901756129887343,2.1815226336007507
U0013,2018-04,Bills,16891.739999999998,39566.61,43146.0,43146.0,3579.39,8.3,100600.0,53500.0,43146.0,39.15018773466833,42.69190612994137,3579.3899999999994,8.295994993742177,0.3915018773466833,45,Accountant,21500.0,Retirement,675,953900.0,0.7901756129887343,0.9170400500625783
U0013,2018-04,Entertainment,1623.56,39566.61,43146.0,43146.0,3579.39,8.3,100600.0,53500.0,43146.0,3.7629444212673246,4.103358867489533,3579.3899999999994,8.295994993742177,0.037629444212673245,45,Accountant,21500.0,Retirement,675,953900.0,0.7901756129887343,0.9170400500625783
U0013,2018-04,Food,2636.02,39566.61,43146.0,43146.0,3579.39,8.3,100600.0,53500.0,43146.0,6.109535066981875,6.6622336358864205,3579.3899999999994,8.295994993742177,0.061095350669818756,45,Accountant,21500.0,Retirement,675,953900.0,0.7901756129887343,0.9170400500625783
U0013,2018-04,Fuel,7115.76,39566.61,43146.0,43146.0,3579.39,8.3,100600.0,53500.0,43146.0,16.492282019190654,17.984254905841063,3579.3899999999994,8.295994993742177,0.16492282019190654,45,Accountant,21500.0,Retirement,675,953900.0,0.7901756129887343,0.9170400500625783
U0013,2018-04,Groceries,9732.46,39566.61,43146.0,43146.0,3579.39,8.3,100600.0,53500.0,43146.0,22.5570388912066,24.59765949117197,3579.3899999999994,8.295994993742177,0.225570388912066,45,Accountant,21500.0,Retirement,675,953900.0,0.7901756129887343,0.9170400500625783
U0013,2018-04,Miscellaneous,1341.12,39566.61,43146.0,43146.0,3579.39,8.3,100600.0,53500.0,43146.0,3.1083298567654007,3.389524652225702,3579.3899999999994,8.295994993742177,0.03108329856765401,45,Accountant,21500.0,Retirement,675,953900.0,0.7901756129887343,0.9170400500625783
U0013,2018-04,Other,225.95,39566.61,43146.0,43146.0,3579.39,8.3,100600.0,53500.0,43146.0,0.5236870161776294,0.5710623174439255,3579.3899999999994,8.295994993742177,0.005236870161776294,45,Accountant,21500.0,Retirement,675,953900.0,0.7901756129887343,0.9170400500625783
U0013,2018-05,Bills,33328.45,61507.41,,0.0,-61507.41,0.0,100600.0,53500.0,100600.0,33.129671968190856,54.18607286504178,39092.59,38.85943339960238,0.33129671968190855,45,Accountant,21500.0,Retirement,675,953900.0,0.7901756129887343,0.6114056660039762
U0013,2018-05,Entertainment,949.72,61507.41,,0.0,-61507.41,0.0,100600.0,53500.0,100600.0,0.9440556660039762,1.544074120500278,39092.59,38.85943339960238,0.009440556660039762,45,Accountant,21500.0,Retirement,675,953900.0,0.7901756129887343,0.6114056660039762
U0013,2018-05,Food,1561.51,61507.41,,0.0,-61507.41,0.0,100600.0,53500.0,100600.0,1.5521968190854871,2.5387347638276427,39092.59,38.85943339960238,0.01552196819085487,45,Accountant,21500.0,Retirement,675,953900.0,0.7901756129887343,0.6114056660039762
U0013,2018-05,Fuel,1106.96,61507.41,,0.0,-61507.41,0.0,100600.0,53500.0,100600.0,1.1003578528827038,1.7997181152644859,39092.59,38.85943339960238,0.011003578528827038,45,Accountant,21500.0,Retirement,675,953900.0,0.7901756129887343,0.6114056660039762
U0013,2018-05,Groceries,5021.59,61507.41,,0.0,-61507.41,0.0,100600.0,53500.0,100600.0,4.991640159045726,8.164203304935128,39092.59,38.85943339960238,0.04991640159045726,45,Accountant,21500.0,Retirement,675,953900.0,0.7901756129887343,0.6114056660039762
U0013,2018-05,Other,4742.37,61507.41,,0.0,-61507.41,0.0,100600.0,53500.0,100600.0,4.714085487077535,7.710241741604791,39092.59,38.85943339960238,0.047140854870775344,45,Accountant,21500.0,Retirement,675,953900.0,0.7901756129887343,0.6114056660039762
U0013,2018-05,Shopping,14796.81,61507.41,,0.0,-61507.41,0.0,100600.0,53500.0,100600.0,14.70855864811133,24.05695508882588,39092.59,38.85943339960238,0.1470855864811133,45,Accountant,21500.0,Retirement,675,953900.0,0.7901756129887343,0.6114056660039762
U0013,2018-06,Bills,41411.22,55102.12,47610.41,47610.41,-7491.71,-15.74,100600.0,53500.0,47610.41,86.97933918233429,75.15358755706677,-7491.709999999999,-15.735445252414332,0.8697933918233428,45,Accountant,21500.0,Retirement,675,953900.0,0.7901756129887343,1.1573544525241433
U0013,2018-06,Food,4854.26,55102.12,47610.41,47610.41,-7491.71,-15.74,100600.0,53500.0,47610.41,10.195795415330386,8.809570303284158,-7491.709999999999,-15.735445252414332,0.10195795415330386,45,Accountant,21500.0,Retirement,675,953900.0,0.7901756129887343,1.1573544525241433
U0013,2018-06,Fuel,3918.36,55102.12,47610.41,47610.41,-7491.71,-15.74,100600.0,53500.0,47610.41,8.23004884856064,7.111087558881582,-7491.709999999999,-15.735445252414332,0.08230048848560641,45,Accountant,21500.0,Retirement,675,953900.0,0.7901756129887343,1.1573544525241433
U0013,2018-06,Groceries,1762.62,55102.12,47610.41,47610.41,-7491.71,-15.74,100600.0,53500.0,47610.41,3.7021735372579223,3.1988242920599057,-7491.709999999999,-15.735445252414332,0.037021735372579224,45,Accountant,21500.0,Retirement,675,953900.0,0.7901756129887343,1.1573544525241433
U0013,2018-06,Miscellaneous,1587.97,55102.12,47610.41,47610.41,-7491.71,-15.74,100600.0,53500.0,47610.41,3.3353419976849596,2.881867340131378,-7491.709999999999,-15.735445252414332,0.033353419976849596,45,Accountant,21500.0,Retirement,675,953900.0,0.7901756129887343,1.1573544525241433
U0013,2018-06,Shopping,288.0,55102.12,47610.41,47610.41,-7491.71,-15.74,100600.0,53500.0,47610.41,0.6049097245749406,0.522665915576388,-7491.709999999999,-15.735445252414332,0.006049097245749406,45,Accountant,21500.0,Retirement,675,953900.0,0.7901756129887343,1.1573544525241433
U0013,2018-06,Subscription,1279.69,55102.12,47610.41,47610.41,-7491.71,-15.74,100600.0,53500.0,47610.41,2.6878365466712006,2.3223970329998194,-7491.709999999999,-15.735445252414332,0.026878365466712007,45,Accountant,21500.0,Retirement,675,953900.0,0.7901756129887343,1.1573544525241433
U0013,2018-07,Bills,17145.989999999998,62866.79,,0.0,-62866.79,0.0,100600.0,53500.0,100600.0,17.04372763419483,27.273525497325373,37733.21,37.508161033797215,0.1704372763419483,45,Accountant,21500.0,Retirement,675,953900.0,0.7901756129887343,0.6249183896620278
U0013,2018-07,Entertainment,1132.98,62866.79,,0.0,-62866.79,0.0,100600.0,53500.0,100600.0,1.1262226640159045,1.802191586368574,37733.21,37.508161033797215,0.011262226640159046,45,Accountant,21500.0,Retirement,675,953900.0,0.7901756129887343,0.6249183896620278
U0013,2018-07,Food,3064.17,62866.79,,0.0,-62866.79,0.0,100600.0,53500.0,100600.0,3.0458946322067595,4.8740678504501345,37733.21,37.508161033797215,0.030458946322067595,45,Accountant,21500.0,Retirement,675,953900.0,0.7901756129887343,0.6249183896620278
U0013,2018-07,Fuel,7552.59,62866.79,,0.0,-62866.79,0.0,100600.0,53500.0,100600.0,7.507544731610338,12.013640270164899,37733.21,37.508161033797215,0.07507544731610338,45,Accountant,21500.0,Retirement,675,953900.0,0.7901756129887343,0.6249183896620278
U0013,2018-07,Groceries,4344.75,62866.79,,0.0,-62866.79,0.0,100600.0,53500.0,100600.0,4.318836978131213,6.911041584913115,37733.21,37.508161033797215,0.04318836978131213,45,Accountant,21500.0,Retirement,675,953900.0,0.7901756129887343,0.6249183896620278
U0013,2018-07,Other,1175.42,62866.79,,0.0,-62866.79,0.0,100600.0,53500.0,100600.0,1.1684095427435388,1.869699407270516,37733.21,37.508161033797215,0.011684095427435388,45,Accountant,21500.0,Retirement,675,953900.0,0.7901756129887343,0.6249183896620278
U0013,2018-07,Rent,18194.25,62866.79,,0.0,-62866.79,0.0,100600.0,53500.0,100600.0,18.085735586481114,28.940955948283666,37733.21,37.508161033797215,0.18085735586481114,45,Accountant,21500.0,Retirement,675,953900.0,0.7901756129887343,0.6249183896620278
U0013,2018-07,Shopping,10256.64,62866.79,,0.0,-62866.79,0.0,100600.0,53500.0,100600.0,10.195467196819084,16.31487785522372,37733.21,37.508161033797215,0.10195467196819084,45,Accountant,21500.0,Retirement,675,953900.0,0.7901756129887343,0.6249183896620278
U0013,2018-08,Bills,29992.9,121151.05,57328.47,57328.47,-63822.58,-111.33,100600.0,53500.0,57328.47,52.31763554827121,24.756615811418886,-63822.58,-111.3278969419557,0.5231763554827121,45,Accountant,21500.0,Retirement,675,953900.0,0.7901756129887343,2.1132789694195573
U0013,2018-08,Entertainment,319.18,121151.05,57328.47,57328.47,-63822.58,-111.33,100600.0,53500.0,57328.47,0.5567565295218938,0.26345623913288413,-63822.58,-111.3278969419557,0.005567565295218938,45,Accountant,21500.0,Retirement,675,953900.0,0.7901756129887343,2.1132789694195573
U0013,2018-08,Food,9368.55,121151.05,57328.47,57328.47,-63822.58,-111.33,100600.0,53500.0,57328.47,16.341880395552156,7.732949900145314,-63822.58,-111.3278969419557,0.16341880395552155,45,Accountant,21500.0,Retirement,675,953900.0,0.7901756129887343,2.1132789694195573
U0013,2018-08,Fuel,9165.85,121151.05,57328.47,57328.47,-63822.58,-111.33,100600.0,53500.0,57328.47,15.988303891591734,7.565638102187311,-63822.58,-111.3278969419557,0.15988303891591735,45,Accountant,21500.0,Retirement,675,953900.0,0.7901756129887343,2.1132789694195573
U0013,2018-08,Groceries,1910.32,121151.05,57328.47,57328.47,-63822.58,-111.33,100600.0,53500.0,57328.47,3.332236147240629,1.576808455230062,-63822.58,-111.3278969419557,0.03332236147240629,45,Accountant,21500.0,Retirement,675,953900.0,0.7901756129887343,2.1132789694195573
U0013,2018-08,Insurance,69420.63,121151.05,57328.47,57328.47,-63822.58,-111.33,100600.0,53500.0,57328.47,121.09276595032104,57.300890087209325,-63822.58,-111.3278969419557,1.2109276595032104,45,Accountant,21500.0,Retirement,675,953900.0,0.7901756129887343,2.1132789694195573
U0013,2018-08,Miscellaneous,973.62,121151.05,57328.47,57328.47,-63822.58,-111.33,100600.0,53500.0,57328.47,1.6983184794570654,0.8036414046762286,-63822.58,-111.3278969419557,0.016983184794570654,45,Accountant,21500.0,Retirement,675,953900.0,0.7901756129887343,2.1132789694195573
U0013,2018-09,Bills,7247.450000000001,63788.68,58887.48,58887.48,-4901.2,-8.32,100600.0,53500.0,58887.48,12.307285012026325,11.361655390893809,-4901.199999999997,-8.32299157647771,0.12307285012026326,45,Accountant,21500.0,Retirement,675,953900.0,0.7901756129887343,1.0832299157647771
U0013,2018-09,Food,129.56,63788.68,58887.48,58887.48,-4901.2,-8.32,100600.0,53500.0,58887.48,0.22001281087253183,0.20310813768210914,-4901.199999999997,-8.32299157647771,0.0022001281087253182,45,Accountant,21500.0,Retirement,675,953900.0,0.7901756129887343,1.0832299157647771
U0013,2018-09,Fuel,2187.64,63788.68,58887.48,58887.48,-4901.2,-8.32,100600.0,53500.0,58887.48,3.7149492557671,3.4295113176820715,-4901.199999999997,-8.32299157647771,0.037149492557671,45,Accountant,21500.0,Retirement,675,953900.0,0.7901756129887343,1.0832299157647771
U0013,2018-09,Groceries,7083.89,63788.68,58887.48,58887.48,-4901.2,-8.32,100600.0,53500.0,58887.48,12.029534970761187,11.10524625999472,-4901.199999999997,-8.32299157647771,0.12029534970761187,45,Accountant,21500.0,Retirement,675,953900.0,0.7901756129887343,1.0832299157647771
U0013,2018-09,Other,136.62,63788.68,58887.48,58887.48,-4901.2,-8.32,100600.0,53500.0,58887.48,0.23200177694817303,0.21417593215598754,-4901.199999999997,-8.32299157647771,0.0023200177694817302,45,Accountant,21500.0,Retirement,675,953900.0,0.7901756129887343,1.0832299157647771
U0013,2018-09,Rent,47003.52,63788.68,58887.48,58887.48,-4901.2,-8.32,100600.0,53500.0,58887.48,79.8192077501024,73.6863029615913,-4901.199999999997,-8.32299157647771,0.7981920775010239,45,Accountant,21500.0,Retirement,675,953900.0,0.7901756129887343,1.0832299157647771
U0013,2018-10,Bills,11112.07,101694.7,,3453.61,-98241.09,-2844.59,100600.0,53500.0,100600.0,11.04579522862823,10.92689196192132,-1094.699999999997,-1.0881709741550667,0.1104579522862823,45,Accountant,21500.0,Retirement,675,953900.0,0.7901756129887343,1.0108817097415506
U0013,2018-10,Entertainment,2237.54,101694.7,,3453.61,-98241.09,-2844.59,100600.0,53500.0,100600.0,2.2241948310139166,2.200252323867419,-1094.699999999997,-1.0881709741550667,0.022241948310139165,45,Accountant,21500.0,Retirement,675,953900.0,0.7901756129887343,1.0108817097415506
U0013,2018-10,Food,4965.42,101694.7,,3453.61,-98241.09,-2844.59,100600.0,53500.0,100600.0,4.935805168986083,4.8826733349918925,-1094.699999999997,-1.0881709741550667,0.049358051689860835,45,Accountant,21500.0,Retirement,675,953900.0,0.7901756129887343,1.0108817097415506
U0013,2018-10,Fuel,4028.33,101694.7,,3453.61,-98241.09,-2844.59,100600.0,53500.0,100600.0,4.004304174950298,3.9611995512057163,-1094.699999999997,-1.0881709741550667,0.04004304174950298,45,Accountant,21500.0,Retirement,675,953900.0,0.7901756129887343,1.0108817097415506
U0013,2018-10,Groceries,5991.54,101694.7,,3453.61,-98241.09,-2844.59,100600.0,53500.0,100600.0,5.955805168986084,5.891693470751179,-1094.699999999997,-1.0881709741550667,0.059558051689860836,45,Accountant,21500.0,Retirement,675,953900.0,0.7901756129887343,1.0108817097415506
U0013,2018-10,Insurance,28770.02,101694.7,,3453.61,-98241.09,-2844.59,100600.0,53500.0,100600.0,28.598429423459244,28.29057954839338,-1094.699999999997,-1.0881709741550667,0.28598429423459243,45,Accountant,21500.0,Retirement,675,953900.0,0.7901756129887343,1.0108817097415506
U0013,2018-10,Rent,42775.53,101694.7,,3453.61,-98241.09,-2844.59,100600.0,53500.0,100600.0,42.52040755467197,42.06269353270131,-1094.699999999997,-1.0881709741550667,0.4252040755467197,45,Accountant,21500.0,Retirement,675,953900.0,0.7901756129887343,1.0108817097415506
U0013,2018-10,Shopping,1145.97,101694.7,,3453.61,-98241.09,-2844.59,100600.0,53500.0,100600.0,1.1391351888667993,1.1268728852142738,-1094.699999999997,-1.0881709741550667,0.011391351888667993,45,Accountant,21500.0,Retirement,675,953900.0,0.7901756129887343,1.0108817097415506
U0013,2018-10,Subscription,668.28,101694.7,,3453.61,-98241.09,-2844.59,100600.0,53500.0,100600.0,0.6642942345924453,0.6571433909535108,-1094.699999999997,-1.0881709741550667,0.006642942345924453,45,Accountant,21500.0,Retirement,675,953900.0,0.7901756129887343,1.0108817097415506
U0013,2018-11,Bills,34328.47,140994.72,45221.46,45221.46,-95773.26,-211.79,100600.0,53500.0,45221.46,75.91190111951272,24.34734435445526,-95773.26000000001,-211.78719130253648,0.7591190111951273,45,Accountant,21500.0,Retirement,675,953900.0,0.7901756129887343,3.1178719130253647
U0013,2018-11,Entertainment,362.25,140994.72,45221.46,45221.46,-95773.26,-211.79,100600.0,53500.0,45221.46,0.8010577279017529,0.25692451462012195,-95773.26000000001,-211.78719130253648,0.00801057727901753,45,Accountant,21500.0,Retirement,675,953900.0,0.7901756129887343,3.1178719130253647
U0013,2018-11,Food,2276.44,140994.72,45221.46,45221.46,-95773.26,-211.79,100600.0,53500.0,45221.46,5.033981653843109,1.614556913904294,-95773.26000000001,-211.78719130253648,0.050339816538431094,45,Accountant,21500.0,Retirement,675,953900.0,0.7901756129887343,3.1178719130253647
U0013,2018-11,Fuel,1300.93,140994.72,45221.46,45221.46,-95773.26,-211.79,100600.0,53500.0,45221.46,2.8767978742835814,0.9226799414900076,-95773.26000000001,-211.78719130253648,0.028767978742835813,45,Accountant,21500.0,Retirement,675,953900.0,0.7901756129887343,3.1178719130253647
U0013,2018-11,Groceries,2327.9700000000003,140994.72,45221.46,45221.46,-95773.26,-211.79,100600.0,53500.0,45221.46,5.147931977428416,1.651104381781105,-95773.26000000001,-211.78719130253648,0.05147931977428416,45,Accountant,21500.0,Retirement,675,953900.0,0.7901756129887343,3.1178719130253647
U0013,2018-11,Investment,20675.42,140994.72,45221.46,45221.46,-95773.26,-211.79,100600.0,53500.0,45221.46,45.720372584166896,14.663967558501481,-95773.26000000001,-211.78719130253648,0.45720372584166896,45,Accountant,21500.0,Retirement,675,953900.0,0.7901756129887343,3.1178719130253647
U0013,2018-11,Miscellaneous,6431.33,140994.72,45221.46,45221.46,-95773.26,-211.79,100600.0,53500.0,45221.46,14.221853960486902,4.561397760143074,-95773.26000000001,-211.78719130253648,0.14221853960486902,45,Accountant,21500.0,Retirement,675,953900.0,0.7901756129887343,3.1178719130253647
U0013,2018-11,Other,3772.69,140994.72,45221.46,45221.46,-95773.26,-211.79,100600.0,53500.0,45221.46,8.342698356046,2.6757668655961018,-95773.26000000001,-211.78719130253648,0.08342698356046001,45,Accountant,21500.0,Retirement,675,953900.0,0.7901756129887343,3.1178719130253647
U0013,2018-11,Rent,33323.0,140994.72,45221.46,45221.46,-95773.26,-211.79,100600.0,53500.0,45221.46,73.68846560902722,23.634218359382537,-95773.26000000001,-211.78719130253648,0.7368846560902722,45,Accountant,21500.0,Retirement,675,953900.0,0.7901756129887343,3.1178719130253647
U0013,2018-11,Shopping,36196.22,140994.72,45221.46,45221.46,-95773.26,-211.79,100600.0,53500.0,45221.46,80.04213043983985,25.67203935012602,-95773.26000000001,-211.78719130253648,0.8004213043983985,45,Accountant,21500.0,Retirement,675,953900.0,0.7901756129887343,3.1178719130253647
U0013,2018-12,Bills,9913.04,31506.35,,0.0,-31506.35,0.0,100600.0,53500.0,100600.0,9.853916500994037,31.46362558658811,69093.65,68.6815606361829,0.09853916500994037,45,Accountant,21500.0,Retirement,675,953900.0,0.7901756129887343,0.31318439363817097
U0013,2018-12,Entertainment,237.41,31506.35,,0.0,-31506.35,0.0,100600.0,53500.0,100600.0,0.23599403578528827,0.7535306374746679,69093.65,68.6815606361829,0.002359940357852883,45,Accountant,21500.0,Retirement,675,953900.0,0.7901756129887343,0.31318439363817097
U0013,2018-12,Food,6271.17,31506.35,,0.0,-31506.35,0.0,100600.0,53500.0,100600.0,6.233767395626242,19.90446370334869,69093.65,68.6815606361829,0.06233767395626243,45,Accountant,21500.0,Retirement,675,953900.0,0.7901756129887343,0.31318439363817097
U0013,2018-12,Fuel,2946.14,31506.35,,0.0,-31506.35,0.0,100600.0,53500.0,100600.0,2.9285685884691848,9.350940365989713,69093.65,68.6815606361829,0.029285685884691846,45,Accountant,21500.0,Retirement,675,953900.0,0.7901756129887343,0.31318439363817097
U0013,2018-12,Groceries,8324.13,31506.35,,0.0,-31506.35,0.0,100600.0,53500.0,100600.0,8.274483101391649,26.420483489836172,69093.65,68.6815606361829,0.0827448310139165,45,Accountant,21500.0,Retirement,675,953900.0,0.7901756129887343,0.31318439363817097
U0013,2018-12,Miscellaneous,530.92,31506.35,,0.0,-31506.35,0.0,100600.0,53500.0,100600.0,0.5277534791252485,1.6851206185419763,69093.65,68.6815606361829,0.005277534791252485,45,Accountant,21500.0,Retirement,675,953900.0,0.7901756129887343,0.31318439363817097
U0013,2018-12,Other,1920.5,31506.35,,0.0,-31506.35,0.0,100600.0,53500.0,100600.0,1.9090457256461233,6.095596601954845,69093.65,68.6815606361829,0.019090457256461232,45,Accountant,21500.0,Retirement,675,953900.0,0.7901756129887343,0.31318439363817097
U0013,2018-12,Shopping,1214.04,31506.35,,0.0,-31506.35,0.0,100600.0,53500.0,100600.0,1.2067992047713718,3.8533184580251283,69093.65,68.6815606361829,0.012067992047713718,45,Accountant,21500.0,Retirement,675,953900.0,0.7901756129887343,0.31318439363817097
U0013,2018-12,Subscription,149.0,31506.35,,0.0,-31506.35,0.0,100600.0,53500.0,100600.0,0.1481113320079523,0.47292053824070385,69093.65,68.6815606361829,0.0014811133200795228,45,Accountant,21500.0,Retirement,675,953900.0,0.7901756129887343,0.31318439363817097
U0013,2019-01,Bills,15436.97,31961.78,,0.0,-31961.78,0.0,100600.0,53500.0,100600.0,15.344900596421471,48.29821743344707,68638.22,68.22884691848907,0.1534490059642147,45,Accountant,21500.0,Retirement,675,953900.0,0.7901756129887343,0.31771153081510933
U0013,2019-01,Food,4093.28,31961.78,,0.0,-31961.78,0.0,100600.0,53500.0,100600.0,4.068866799204772,12.806796117112377,68638.22,68.22884691848907,0.04068866799204771,45,Accountant,21500.0,Retirement,675,953900.0,0.7901756129887343,0.31771153081510933
U0013,2019-01,Groceries,2815.46,31961.78,,0.0,-31961.78,0.0,100600.0,53500.0,100600.0,2.7986679920477138,8.808833550571965,68638.22,68.22884691848907,0.027986679920477136,45,Accountant,21500.0,Retirement,675,953900.0,0.7901756129887343,0.31771153081510933
U0013,2019-01,Miscellaneous,7384.889999999999,31961.78,,0.0,-31961.78,0.0,100600.0,53500.0,100600.0,7.340844930417495,23.105377735532876,68638.22,68.22884691848907,0.07340844930417495,45,Accountant,21500.0,Retirement,675,953900.0,0.7901756129887343,0.31771153081510933
U0013,2019-01,Other,2231.18,31961.78,,0.0,-31961.78,0.0,100600.0,53500.0,100600.0,2.217872763419483,6.980775163335709,68638.22,68.22884691848907,0.02217872763419483,45,Accountant,21500.0,Retirement,675,953900.0,0.7901756129887343,0.31771153081510933
U0013,2019-02,Bills,42206.45,58204.46,,0.0,-58204.46,0.0,100600.0,53500.0,100600.0,41.95472166998012,72.51411661580572,42395.54,42.142683896620284,0.41954721669980116,45,Accountant,21500.0,Retirement,675,953900.0,0.7901756129887343,0.5785731610337972
U0013,2019-02,Food,2386.98,58204.46,,0.0,-58204.46,0.0,100600.0,53500.0,100600.0,2.372743538767396,4.101025935125933,42395.54,42.142683896620284,0.023727435387673957,45,Accountant,21500.0,Retirement,675,953900.0,0.7901756129887343,0.5785731610337972
U0013,2019-02,Fuel,1170.42,58204.46,,0.0,-58204.46,0.0,100600.0,53500.0,100600.0,1.1634393638170974,2.010876829713737,42395.54,42.142683896620284,0.011634393638170974,45,Accountant,21500.0,Retirement,675,953900.0,0.7901756129887343,0.5785731610337972
U0013,2019-02,Groceries,2063.97,58204.46,,0.0,-58204.46,0.0,100600.0,53500.0,100600.0,2.051660039761431,3.5460684627947754,42395.54,42.142683896620284,0.020516600397614312,45,Accountant,21500.0,Retirement,675,953900.0,0.7901756129887343,0.5785731610337972
U0013,2019-02,Insurance,8317.03,58204.46,,0.0,-58204.46,0.0,100600.0,53500.0,100600.0,8.267425447316104,14.289334528659833,42395.54,42.142683896620284,0.08267425447316104,45,Accountant,21500.0,Retirement,675,953900.0,0.7901756129887343,0.5785731610337972
U0013,2019-02,Other,2059.61,58204.46,,0.0,-58204.46,0.0,100600.0,53500.0,100600.0,2.047326043737575,3.538577627899993,42395.54,42.142683896620284,0.020473260437375747,45,Accountant,21500.0,Retirement,675,953900.0,0.7901756129887343,0.5785731610337972
U0013,2019-03,Bills,18542.28,40180.25,,0.0,-40180.25,0.0,100600.0,53500.0,100600.0,18.431689860834986,46.1477467163594,60419.75,60.059393638170974,0.18431689860834988,45,Accountant,21500.0,Retirement,675,953900.0,0.7901756129887343,0.3994060636182903
U0013,2019-03,Entertainment,149.0,40180.25,,0.0,-40180.25,0.0,100600.0,53500.0,100600.0,0.1481113320079523,0.37082895203489274,60419.75,60.059393638170974,0.0014811133200795228,45,Accountant,21500.0,Retirement,675,953900.0,0.7901756129887343,0.3994060636182903
U0013,2019-03,Food,6260.1,40180.25,,0.0,-40180.25,0.0,100600.0,53500.0,100600.0,6.222763419483101,15.580042433782767,60419.75,60.059393638170974,0.062227634194831016,45,Accountant,21500.0,Retirement,675,953900.0,0.7901756129887343,0.3994060636182903
U0013,2019-03,Fuel,3465.44,40180.25,,0.0,-40180.25,0.0,100600.0,53500.0,100600.0,3.444771371769384,8.62473478885771,60419.75,60.059393638170974,0.03444771371769384,45,Accountant,21500.0,Retirement,675,953900.0,0.7901756129887343,0.3994060636182903
U0013,2019-03,Groceries,1126.24,40180.25,,0.0,-40180.25,0.0,100600.0,53500.0,100600.0,1.1195228628230616,2.802969120401192,60419.75,60.059393638170974,0.011195228628230617,45,Accountant,21500.0,Retirement,675,953900.0,0.7901756129887343,0.3994060636182903
U0013,2019-03,Miscellaneous,7812.860000000001,40180.25,,0.0,-40180.25,0.0,100600.0,53500.0,100600.0,7.766262425447317,19.444528095270687,60419.75,60.059393638170974,0.07766262425447316,45,Accountant,21500.0,Retirement,675,953900.0,0.7901756129887343,0.3994060636182903
U0013,2019-03,Other,1671.64,40180.25,,0.0,-40180.25,0.0,100600.0,53500.0,100600.0,1.6616699801192842,4.160352411943679,60419.75,60.059393638170974,0.016616699801192843,45,Accountant,21500.0,Retirement,675,953900.0,0.7901756129887343,0.3994060636182903
U0013,2019-03,Shopping,1152.69,40180.25,,0.0,-40180.25,0.0,100600.0,53500.0,100600.0,1.1458151093439364,2.868797481349668,60419.75,60.059393638170974,0.011458151093439364,45,Accountant,21500.0,Retirement,675,953900.0,0.7901756129887343,0.3994060636182903
U0013,2019-04,Bills,52704.71,74238.71,,0.0,-74238.71,0.0,100600.0,53500.0,100600.0,52.39036779324056,70.99356925787099,26361.289999999994,26.20406560636182,0.5239036779324056,45,Accountant,21500.0,Retirement,675,953900.0,0.7901756129887343,0.7379593439363817
U0013,2019-04,Entertainment,466.34,74238.71,,0.0,-74238.71,0.0,100600.0,53500.0,100600.0,0.46355864811133196,0.6281628546616718,26361.289999999994,26.20406560636182,0.00463558648111332,45,Accountant,21500.0,Retirement,675,953900.0,0.7901756129887343,0.7379593439363817
U0013,2019-04,Food,4162.38,74238.71,,0.0,-74238.71,0.0,100600.0,53500.0,100600.0,4.137554671968191,5.6067515181769725,26361.289999999994,26.20406560636182,0.04137554671968191,45,Accountant,21500.0,Retirement,675,953900.0,0.7901756129887343,0.7379593439363817
U0013,2019-04,Groceries,10825.74,74238.71,,0.0,-74238.71,0.0,100600.0,53500.0,100600.0,10.76117296222664,14.582338513155735,26361.289999999994,26.20406560636182,0.1076117296222664,45,Accountant,21500.0,Retirement,675,953900.0,0.7901756129887343,0.7379593439363817
U0013,2019-04,Miscellaneous,525.44,74238.71,,0.0,-74238.71,0.0,100600.0,53500.0,100600.0,0.5223061630218688,0.7077709189720566,26361.289999999994,26.20406560636182,0.005223061630218688,45,Accountant,21500.0,Retirement,675,953900.0,0.7901756129887343,0.7379593439363817
U0013,2019-04,Other,2749.21,74238.71,,0.0,-74238.71,0.0,100600.0,53500.0,100600.0,2.7328131212723656,3.703202816967051,26361.289999999994,26.20406560636182,0.027328131212723657,45,Accountant,21500.0,Retirement,675,953900.0,0.7901756129887343,0.7379593439363817
U0013,2019-04,Shopping,2343.59,74238.71,,0.0,-74238.71,0.0,100600.0,53500.0,100600.0,2.329612326043738,3.1568301766019373,26361.289999999994,26.20406560636182,0.02329612326043738,45,Accountant,21500.0,Retirement,675,953900.0,0.7901756129887343,0.7379593439363817
U0013,2019-04,Subscription,461.3,74238.71,,0.0,-74238.71,0.0,100600.0,53500.0,100600.0,0.4585487077534791,0.621373943593578,26361.289999999994,26.20406560636182,0.004585487077534791,45,Accountant,21500.0,Retirement,675,953900.0,0.7901756129887343,0.7379593439363817
U0013,2019-05,Bills,17872.97,28679.73,,0.0,-28679.73,0.0,100600.0,53500.0,100600.0,17.7663717693837,62.319171066115345,71920.27,71.49132206759444,0.177663717693837,45,Accountant,21500.0,Retirement,675,953900.0,0.7901756129887343,0.2850867793240557
U0013,2019-05,Food,1389.61,28679.73,,0.0,-28679.73,0.0,100600.0,53500.0,100600.0,1.3813220675944333,4.845268766477229,71920.27,71.49132206759444,0.013813220675944333,45,Accountant,21500.0,Retirement,675,953900.0,0.7901756129887343,0.2850867793240557
U0013,2019-05,Fuel,6646.48,28679.73,,0.0,-28679.73,0.0,100600.0,53500.0,100600.0,6.606838966202782,23.17483463059101,71920.27,71.49132206759444,0.06606838966202783,45,Accountant,21500.0,Retirement,675,953900.0,0.7901756129887343,0.2850867793240557
U0013,2019-05,Groceries,300.0,28679.73,,0.0,-28679.73,0.0,100600.0,53500.0,100600.0,0.2982107355864811,1.0460349522118932,71920.27,71.49132206759444,0.002982107355864811,45,Accountant,21500.0,Retirement,675,953900.0,0.7901756129887343,0.2850867793240557
U0013,2019-05,Miscellaneous,539.62,28679.73,,0.0,-28679.73,0.0,100600.0,53500.0,100600.0,0.5364015904572565,1.8815379363752727,71920.27,71.49132206759444,0.005364015904572565,45,Accountant,21500.0,Retirement,675,953900.0,0.7901756129887343,0.2850867793240557
U0013,2019-05,Other,102.3,28679.73,,0.0,-28679.73,0.0,100600.0,53500.0,100600.0,0.10168986083499007,0.3566979187042556,71920.27,71.49132206759444,0.0010168986083499006,45,Accountant,21500.0,Retirement,675,953900.0,0.7901756129887343,0.2850867793240557
U0013,2019-05,Shopping,1828.75,28679.73,,0.0,-28679.73,0.0,100600.0,53500.0,100600.0,1.8178429423459246,6.376454729524999,71920.27,71.49132206759444,0.018178429423459246,45,Accountant,21500.0,Retirement,675,953900.0,0.7901756129887343,0.2850867793240557
U0013,2019-06,Bills,31987.09,38440.32,,0.0,-38440.32,0.0,100600.0,53500.0,100600.0,31.796312127236583,83.21234058405341,62159.68,61.788946322067595,0.3179631212723658,45,Accountant,21500.0,Retirement,675,953900.0,0.7901756129887343,0.38211053677932405
U0013,2019-06,Food,3642.16,38440.32,,0.0,-38440.32,0.0,100600.0,53500.0,100600.0,3.620437375745527,9.474843081431164,62159.68,61.788946322067595,0.03620437375745527,45,Accountant,21500.0,Retirement,675,953900.0,0.7901756129887343,0.38211053677932405
U0013,2019-06,Groceries,1293.2,38440.32,,0.0,-38440.32,0.0,100600.0,53500.0,100600.0,1.2854870775347913,3.3641759485873166,62159.68,61.788946322067595,0.012854870775347913,45,Accountant,21500.0,Retirement,675,953900.0,0.7901756129887343,0.38211053677932405
U0013,2019-06,Miscellaneous,1517.87,38440.32,,0.0,-38440.32,0.0,100600.0,53500.0,100600.0,1.5088170974155068,3.9486403859281087,62159.68,61.788946322067595,0.015088170974155069,45,Accountant,21500.0,Retirement,675,953900.0,0.7901756129887343,0.38211053677932405
U0013,2019-07,Bills,23178.86,46847.17,,0.0,-46847.17,0.0,100600.0,53500.0,100600.0,23.040616302186876,49.47760985348742,53752.83,53.4322365805169,0.23040616302186878,45,Accountant,21500.0,Retirement,675,953900.0,0.7901756129887343,0.465677634194831
U0013,2019-07,Entertainment,282.86,46847.17,,0.0,-46847.17,0.0,100600.0,53500.0,100600.0,0.2811729622266402,0.6037931426807639,53752.83,53.4322365805169,0.002811729622266402,45,Accountant,21500.0,Retirement,675,953900.0,0.7901756129887343,0.465677634194831
U0013,2019-07,Food,540.1,46847.17,,0.0,-46847.17,0.0,100600.0,53500.0,100600.0,0.5368787276341949,1.152897816452947,53752.83,53.4322365805169,0.005368787276341948,45,Accountant,21500.0,Retirement,675,953900.0,0.7901756129887343,0.465677634194831
U0013,2019-07,Groceries,10249.88,46847.17,,0.0,-46847.17,0.0,100600.0,53500.0,100600.0,10.188747514910537,21.87940061267308,53752.83,53.4322365805169,0.10188747514910536,45,Accountant,21500.0,Retirement,675,953900.0,0.7901756129887343,0.465677634194831
U0013,2019-07,Other,3940.11,46847.17,,0.0,-46847.17,0.0,100600.0,53500.0,100600.0,3.916610337972167,8.410561406377376,53752.83,53.4322365805169,0.03916610337972167,45,Accountant,21500.0,Retirement,675,953900.0,0.7901756129887343,0.465677634194831
U0013,2019-07,Shopping,8655.36,46847.17,,0.0,-46847.17,0.0,100600.0,53500.0,100600.0,8.603737574552685,18.47573716832842,53752.83,53.4322365805169,0.08603737574552685,45,Accountant,21500.0,Retirement,675,953900.0,0.7901756129887343,0.465677634194831
U0013,2019-08,Bills,24570.65,51924.77,,0.0,-51924.77,0.0,100600.0,53500.0,100600.0,24.424105367793242,47.31970887882604,48675.23,48.38492047713718,0.24424105367793242,45,Accountant,21500.0,Retirement,675,953900.0,0.7901756129887343,0.5161507952286282
U0013,2019-08,Entertainment,699.29,51924.77,,0.0,-51924.77,0.0,100600.0,53500.0,100600.0,0.6951192842942345,1.3467368271443476,48675.23,48.38492047713718,0.006951192842942345,45,Accountant,21500.0,Retirement,675,953900.0,0.7901756129887343,0.5161507952286282
U0013,2019-08,Food,4547.74,51924.77,,0.0,-51924.77,0.0,100600.0,53500.0,100600.0,4.520616302186879,8.758324784105929,48675.23,48.38492047713718,0.045206163021868785,45,Accountant,21500.0,Retirement,675,953900.0,0.7901756129887343,0.5161507952286282
U0013,2019-08,Fuel,7077.16,51924.77,,0.0,-51924.77,0.0,100600.0,53500.0,100600.0,7.034950298210735,13.629641498652765,48675.23,48.38492047713718,0.07034950298210735,45,Accountant,21500.0,Retirement,675,953900.0,0.7901756129887343,0.5161507952286282
U0013,2019-08,Groceries,3826.5,51924.77,,0.0,-51924.77,0.0,100600.0,53500.0,100600.0,3.8036779324055665,7.369315261290517,48675.23,48.38492047713718,0.038036779324055664,45,Accountant,21500.0,Retirement,675,953900.0,0.7901756129887343,0.5161507952286282
U0013,2019-08,Insurance,6890.87,51924.77,,0.0,-51924.77,0.0,100600.0,53500.0,100600.0,6.849771371769384,13.270872456440348,48675.23,48.38492047713718,0.06849771371769384,45,Accountant,21500.0,Retirement,675,953900.0,0.7901756129887343,0.5161507952286282
U0013,2019-08,Miscellaneous,1616.42,51924.77,,0.0,-51924.77,0.0,100600.0,53500.0,100600.0,1.6067793240556663,3.1130036782059896,48675.23,48.38492047713718,0.016067793240556662,45,Accountant,21500.0,Retirement,675,953900.0,0.7901756129887343,0.5161507952286282
U0013,2019-08,Other,2387.89,51924.77,,0.0,-51924.77,0.0,100600.0,53500.0,100600.0,2.373648111332008,4.598749305967075,48675.23,48.38492047713718,0.02373648111332008,45,Accountant,21500.0,Retirement,675,953900.0,0.7901756129887343,0.5161507952286282
U0013,2019-08,Subscription,308.25,51924.77,,0.0,-51924.77,0.0,100600.0,53500.0,100600.0,0.3064115308151093,0.5936473093669938,48675.23,48.38492047713718,0.0030641153081510933,45,Accountant,21500.0,Retirement,675,953900.0,0.7901756129887343,0.5161507952286282
U0013,2019-09,Bills,10363.49,27387.03,,0.0,-27387.03,0.0,100600.0,53500.0,100600.0,10.301679920477138,37.84086846949085,73212.97,72.7763121272366,0.10301679920477137,45,Accountant,21500.0,Retirement,675,953900.0,0.7901756129887343,0.2722368787276342
U0013,2019-09,Entertainment,1141.02,27387.03,,0.0,-27387.03,0.0,100600.0,53500.0,100600.0,1.1342147117296222,4.166278709301447,73212.97,72.7763121272366,0.011342147117296222,45,Accountant,21500.0,Retirement,675,953900.0,0.7901756129887343,0.2722368787276342
U0013,2019-09,Food,846.28,27387.03,,0.0,-27387.03,0.0,100600.0,53500.0,100600.0,0.8412326043737574,3.0900758497726843,73212.97,72.7763121272366,0.008412326043737574,45,Accountant,21500.0,Retirement,675,953900.0,0.7901756129887343,0.2722368787276342
U0013,2019-09,Fuel,2080.61,27387.03,,0.0,-27387.03,0.0,100600.0,53500.0,100600.0,2.0682007952286283,7.597063281414597,73212.97,72.7763121272366,0.020682007952286283,45,Accountant,21500.0,Retirement,675,953900.0,0.7901756129887343,0.2722368787276342
U0013,2019-09,Groceries,4113.0,27387.03,,0.0,-27387.03,0.0,100600.0,53500.0,100600.0,4.0884691848906565,15.018057817879486,73212.97,72.7763121272366,0.040884691848906564,45,Accountant,21500.0,Retirement,675,953900.0,0.7901756129887343,0.2722368787276342
U0013,2019-09,Miscellaneous,227.7,27387.03,,0.0,-27387.03,0.0,100600.0,53500.0,100600.0,0.22634194831013915,0.8314154546878578,73212.97,72.7763121272366,0.0022634194831013914,45,Accountant,21500.0,Retirement,675,953900.0,0.7901756129887343,0.2722368787276342
U0013,2019-09,Other,1824.19,27387.03,,0.0,-27387.03,0.0,100600.0,53500.0,100600.0,1.81331013916501,6.660780668805636,73212.97,72.7763121272366,0.0181331013916501,45,Accountant,21500.0,Retirement,675,953900.0,0.7901756129887343,0.2722368787276342
U0013,2019-09,Shopping,6790.74,27387.03,,0.0,-27387.03,0.0,100600.0,53500.0,100600.0,6.750238568588469,24.795459748647446,73212.97,72.7763121272366,0.0675023856858847,45,Accountant,21500.0,Retirement,675,953900.0,0.7901756129887343,0.2722368787276342
U0013,2019-11,Shopping,12764.93,12764.93,,0.0,-12764.93,0.0,100600.0,53500.0,100600.0,12.688797216699802,100.0,87835.07,87.3112027833002,0.12688797216699801,45,Accountant,21500.0,Retirement,675,953900.0,0.7901756129887343,0.12688797216699801
U0014,2018-01,Bills,39858.0,63040.09,,0.0,-63040.09,0.0,105600.0,65200.0,105600.0,37.74431818181818,63.226432576476334,42559.91,40.30294507575758,0.3774431818181818,24,Doctor,17300.0,Business Investment,692,767900.0,0.6059816919191919,0.5969705492424242
U0014,2018-01,Food,2431.0,63040.09,,0.0,-63040.09,0.0,105600.0,65200.0,105600.0,2.3020833333333335,3.8562762204178327,42559.91,40.30294507575758,0.023020833333333334,24,Doctor,17300.0,Business Investment,692,767900.0,0.6059816919191919,0.5969705492424242
U0014,2018-01,Groceries,9421.45,63040.09,,0.0,-63040.09,0.0,105600.0,65200.0,105600.0,8.921827651515152,14.945172191219907,42559.91,40.30294507575758,0.08921827651515152,24,Doctor,17300.0,Business Investment,692,767900.0,0.6059816919191919,0.5969705492424242
U0014,2018-01,Insurance,8142.45,63040.09,,0.0,-63040.09,0.0,105600.0,65200.0,105600.0,7.710653409090909,12.91630452938757,42559.91,40.30294507575758,0.07710653409090909,24,Doctor,17300.0,Business Investment,692,767900.0,0.6059816919191919,0.5969705492424242
U0014,2018-01,Other,2025.07,63040.09,,0.0,-63040.09,0.0,105600.0,65200.0,105600.0,1.917679924242424,3.2123526473391775,42559.91,40.30294507575758,0.01917679924242424,24,Doctor,17300.0,Business Investment,692,767900.0,0.6059816919191919,0.5969705492424242
U0014,2018-01,Shopping,833.07,63040.09,,0.0,-63040.09,0.0,105600.0,65200.0,105600.0,0.7888920454545456,1.321492402691684,42559.91,40.30294507575758,0.007888920454545456,24,Doctor,17300.0,Business Investment,692,767900.0,0.6059816919191919,0.5969705492424242
U0014,2018-01,Subscription,329.05,63040.09,,0.0,-63040.09,0.0,105600.0,65200.0,105600.0,0.3116003787878788,0.521969432467498,42559.91,40.30294507575758,0.003116003787878788,24,Doctor,17300.0,Business Investment,692,767900.0,0.6059816919191919,0.5969705492424242
U0014,2018-02,Bills,33016.0,70881.54,,0.0,-70881.54,0.0,105600.0,65200.0,105600.0,31.265151515151512,46.57912342197983,34718.46000000001,32.87732954545455,0.3126515151515151,24,Doctor,17300.0,Business Investment,692,767900.0,0.6059816919191919,0.6712267045454545
U0014,2018-02,Food,5299.94,70881.54,,0.0,-70881.54,0.0,105600.0,65200.0,105600.0,5.0188825757575755,7.4771795308059055,34718.46000000001,32.87732954545455,0.05018882575757575,24,Doctor,17300.0,Business Investment,692,767900.0,0.6059816919191919,0.6712267045454545
U0014,2018-02,Groceries,4539.56,70881.54,,0.0,-70881.54,0.0,105600.0,65200.0,105600.0,4.2988257575757585,6.404431957883534,34718.46000000001,32.87732954545455,0.04298825757575758,24,Doctor,17300.0,Business Investment,692,767900.0,0.6059816919191919,0.6712267045454545
U0014,2018-02,Miscellaneous,294.65,70881.54,,0.0,-70881.54,0.0,105600.0,65200.0,105600.0,0.2790246212121212,0.41569356421996473,34718.46000000001,32.87732954545455,0.002790246212121212,24,Doctor,17300.0,Business Investment,692,767900.0,0.6059816919191919,0.6712267045454545
U0014,2018-02,Shopping,27731.39,70881.54,,0.0,-70881.54,0.0,105600.0,65200.0,105600.0,26.260785984848482,39.123571525110776,34718.46000000001,32.87732954545455,0.26260785984848484,24,Doctor,17300.0,Business Investment,692,767900.0,0.6059816919191919,0.6712267045454545
U0014,2018-03,Bills,49867.31,123572.2,,0.0,-123572.2,0.0,105600.0,65200.0,105600.0,47.222831439393936,40.35479662901526,-17972.199999999997,-17.019128787878785,0.47222831439393936,24,Doctor,17300.0,Business Investment,692,767900.0,0.6059816919191919,1.170191287878788
U0014,2018-03,Food,4838.469999999999,123572.2,,0.0,-123572.2,0.0,105600.0,65200.0,105600.0,4.581884469696969,3.9155004119049424,-17972.199999999997,-17.019128787878785,0.04581884469696969,24,Doctor,17300.0,Business Investment,692,767900.0,0.6059816919191919,1.170191287878788
U0014,2018-03,Fuel,3325.09,123572.2,,0.0,-123572.2,0.0,105600.0,65200.0,105600.0,3.14875946969697,2.690807479352152,-17972.199999999997,-17.019128787878785,0.0314875946969697,24,Doctor,17300.0,Business Investment,692,767900.0,0.6059816919191919,1.170191287878788
U0014,2018-03,Groceries,6492.879999999999,123572.2,,0.0,-123572.2,0.0,105600.0,65200.0,105600.0,6.148560606060605,5.254320955684206,-17972.199999999997,-17.019128787878785,0.06148560606060605,24,Doctor,17300.0,Business Investment,692,767900.0,0.6059816919191919,1.170191287878788
U0014,2018-03,Rent,44629.34,123572.2,,0.0,-123572.2,0.0,105600.0,65200.0,105600.0,42.26263257575758,36.1160034376664,-17972.199999999997,-17.019128787878785,0.42262632575757575,24,Doctor,17300.0,Business Investment,692,767900.0,0.6059816919191919,1.170191287878788
U0014,2018-03,Shopping,13317.38,123572.2,,0.0,-123572.2,0.0,105600.0,65200.0,105600.0,12.611155303030303,10.777003241829473,-17972.199999999997,-17.019128787878785,0.12611155303030303,24,Doctor,17300.0,Business Investment,692,767900.0,0.6059816919191919,1.170191287878788
U0014,2018-03,Subscription,1101.73,123572.2,,0.0,-123572.2,0.0,105600.0,65200.0,105600.0,1.0433049242424242,0.8915678445475601,-17972.199999999997,-17.019128787878785,0.010433049242424242,24,Doctor,17300.0,Business Investment,692,767900.0,0.6059816919191919,1.170191287878788
U0014,2018-04,Bills,41531.44,97746.21,,0.0,-97746.21,0.0,105600.0,65200.0,105600.0,39.32901515151516,42.48905405130286,7853.789999999994,7.43730113636363,0.39329015151515156,24,Doctor,17300.0,Business Investment,692,767900.0,0.6059816919191919,0.9256269886363637
U0014,2018-04,Food,724.36,97746.21,,0.0,-97746.21,0.0,105600.0,65200.0,105600.0,0.6859469696969698,0.7410619808174659,7853.789999999994,7.43730113636363,0.006859469696969697,24,Doctor,17300.0,Business Investment,692,767900.0,0.6059816919191919,0.9256269886363637
U0014,2018-04,Fuel,316.82,97746.21,,0.0,-97746.21,0.0,105600.0,65200.0,105600.0,0.3000189393939394,0.3241250990703373,7853.789999999994,7.43730113636363,0.003000189393939394,24,Doctor,17300.0,Business Investment,692,767900.0,0.6059816919191919,0.9256269886363637
U0014,2018-04,Groceries,5762.09,97746.21,,0.0,-97746.21,0.0,105600.0,65200.0,105600.0,5.456524621212122,5.894949788846033,7853.789999999994,7.43730113636363,0.054565246212121214,24,Doctor,17300.0,Business Investment,692,767900.0,0.6059816919191919,0.9256269886363637
U0014,2018-04,Other,3738.95,97746.21,,0.0,-97746.21,0.0,105600.0,65200.0,105600.0,3.5406723484848484,3.825161098317776,7853.789999999994,7.43730113636363,0.03540672348484848,24,Doctor,17300.0,Business Investment,692,767900.0,0.6059816919191919,0.9256269886363637
U0014,2018-04,Rent,44519.57,97746.21,,0.0,-97746.21,0.0,105600.0,65200.0,105600.0,42.15868371212122,45.54608306552244,7853.789999999994,7.43730113636363,0.42158683712121214,24,Doctor,17300.0,Business Investment,692,767900.0,0.6059816919191919,0.9256269886363637
U0014,2018-04,Shopping,1152.98,97746.21,,0.0,-97746.21,0.0,105600.0,65200.0,105600.0,1.0918371212121212,1.1795649161230906,7853.789999999994,7.43730113636363,0.010918371212121213,24,Doctor,17300.0,Business Investment,692,767900.0,0.6059816919191919,0.9256269886363637
U0014,2018-05,Bills,18695.48,86523.09000000001,48722.46,48722.46,-37800.63,-77.58,105600.0,65200.0,48722.46,38.371379441842635,21.607503846661043,-37800.63000000001,-77.58358260235632,0.38371379441842635,24,Doctor,17300.0,Business Investment,692,767900.0,0.6059816919191919,1.7758358260235632
U0014,2018-05,Entertainment,155.91,86523.09000000001,48722.46,48722.46,-37800.63,-77.58,105600.0,65200.0,48722.46,0.3199961578294692,0.1801946740459685,-37800.63000000001,-77.58358260235632,0.003199961578294692,24,Doctor,17300.0,Business Investment,692,767900.0,0.6059816919191919,1.7758358260235632
U0014,2018-05,Food,1989.87,86523.09000000001,48722.46,48722.46,-37800.63,-77.58,105600.0,65200.0,48722.46,4.084091813098107,2.29981384159997,-37800.63000000001,-77.58358260235632,0.04084091813098107,24,Doctor,17300.0,Business Investment,692,767900.0,0.6059816919191919,1.7758358260235632
U0014,2018-05,Fuel,4067.77,86523.09000000001,48722.46,48722.46,-37800.63,-77.58,105600.0,65200.0,48722.46,8.348860053453787,4.701369310781665,-37800.63000000001,-77.58358260235632,0.08348860053453787,24,Doctor,17300.0,Business Investment,692,767900.0,0.6059816919191919,1.7758358260235632
U0014,2018-05,Miscellaneous,6908.66,86523.09000000001,48722.46,48722.46,-37800.63,-77.58,105600.0,65200.0,48722.46,14.179620651338212,7.984758750525437,-37800.63000000001,-77.58358260235632,0.14179620651338212,24,Doctor,17300.0,Business Investment,692,767900.0,0.6059816919191919,1.7758358260235632
U0014,2018-05,Rent,34723.26,86523.09000000001,48722.46,48722.46,-37800.63,-77.58,105600.0,65200.0,48722.46,71.26746063314538,40.13178447510369,-37800.63000000001,-77.58358260235632,0.7126746063314537,24,Doctor,17300.0,Business Investment,692,767900.0,0.6059816919191919,1.7758358260235632
U0014,2018-05,Shopping,19982.14,86523.09000000001,48722.46,48722.46,-37800.63,-77.58,105600.0,65200.0,48722.46,41.012173851648704,23.094575101282206,-37800.63000000001,-77.58358260235632,0.41012173851648703,24,Doctor,17300.0,Business Investment,692,767900.0,0.6059816919191919,1.7758358260235632
U0014,2018-06,Bills,35967.41,101371.0,82756.63,82756.63,-18614.37,-22.49,105600.0,65200.0,82756.63,43.46166585082066,35.48096595673319,-18614.369999999995,-22.492904798080822,0.4346166585082066,24,Doctor,17300.0,Business Investment,692,767900.0,0.6059816919191919,1.2249290479808081
U0014,2018-06,Entertainment,764.03,101371.0,82756.63,82756.63,-18614.37,-22.49,105600.0,65200.0,82756.63,0.923225124077672,0.7536968166438133,-18614.369999999995,-22.492904798080822,0.00923225124077672,24,Doctor,17300.0,Business Investment,692,767900.0,0.6059816919191919,1.2249290479808081
U0014,2018-06,Food,3632.93,101371.0,82756.63,82756.63,-18614.37,-22.49,105600.0,65200.0,82756.63,4.389896011956987,3.5837961547188053,-18614.369999999995,-22.492904798080822,0.04389896011956987,24,Doctor,17300.0,Business Investment,692,767900.0,0.6059816919191919,1.2249290479808081
U0014,2018-06,Fuel,3195.47,101371.0,82756.63,82756.63,-18614.37,-22.49,105600.0,65200.0,82756.63,3.861285796678767,3.1522526166260563,-18614.369999999995,-22.492904798080822,0.03861285796678767,24,Doctor,17300.0,Business Investment,692,767900.0,0.6059816919191919,1.2249290479808081
U0014,2018-06,Groceries,2754.07,101371.0,82756.63,82756.63,-18614.37,-22.49,105600.0,65200.0,82756.63,3.3279146335465812,2.716822365370767,-18614.369999999995,-22.492904798080822,0.03327914633546581,24,Doctor,17300.0,Business Investment,692,767900.0,0.6059816919191919,1.2249290479808081
U0014,2018-06,Insurance,8953.06,101371.0,82756.63,82756.63,-18614.37,-22.49,105600.0,65200.0,82756.63,10.818541064323185,8.831973641376726,-18614.369999999995,-22.492904798080822,0.10818541064323184,24,Doctor,17300.0,Business Investment,692,767900.0,0.6059816919191919,1.2249290479808081
U0014,2018-06,Miscellaneous,503.25,101371.0,82756.63,82756.63,-18614.37,-22.49,105600.0,65200.0,82756.63,0.6081083775402647,0.4964437561038167,-18614.369999999995,-22.492904798080822,0.006081083775402647,24,Doctor,17300.0,Business Investment,692,767900.0,0.6059816919191919,1.2249290479808081
U0014,2018-06,Other,1822.01,101371.0,82756.63,82756.63,-18614.37,-22.49,105600.0,65200.0,82756.63,2.201648375483632,1.7973680835741979,-18614.369999999995,-22.492904798080822,0.02201648375483632,24,Doctor,17300.0,Business Investment,692,767900.0,0.6059816919191919,1.2249290479808081
U0014,2018-06,Rent,43616.28,101371.0,82756.63,82756.63,-18614.37,-22.49,105600.0,65200.0,82756.63,52.70427275736095,43.02638821753756,-18614.369999999995,-22.492904798080822,0.5270427275736095,24,Doctor,17300.0,Business Investment,692,767900.0,0.6059816919191919,1.2249290479808081
U0014,2018-06,Subscription,162.49,101371.0,82756.63,82756.63,-18614.37,-22.49,105600.0,65200.0,82756.63,0.19634680629213633,0.1602923913150704,-18614.369999999995,-22.492904798080822,0.0019634680629213633,24,Doctor,17300.0,Business Investment,692,767900.0,0.6059816919191919,1.2249290479808081
U0014,2018-07,Bills,11529.8,72793.98,68241.2,68241.2,-4552.78,-6.67,105600.0,65200.0,68241.2,16.895658341295288,15.838947121726275,-4552.779999999999,-6.671600147711351,0.1689565834129529,24,Doctor,17300.0,Business Investment,692,767900.0,0.6059816919191919,1.0667160014771135
U0014,2018-07,Entertainment,301.35,72793.98,68241.2,68241.2,-4552.78,-6.67,105600.0,65200.0,68241.2,0.44159539984642715,0.4139765403677612,-4552.779999999999,-6.671600147711351,0.004415953998464272,24,Doctor,17300.0,Business Investment,692,767900.0,0.6059816919191919,1.0667160014771135
U0014,2018-07,Food,3839.58,72793.98,68241.2,68241.2,-4552.78,-6.67,105600.0,65200.0,68241.2,5.626483707789429,5.274584519214364,-4552.779999999999,-6.671600147711351,0.05626483707789429,24,Doctor,17300.0,Business Investment,692,767900.0,0.6059816919191919,1.0667160014771135
U0014,2018-07,Groceries,1937.21,72793.98,68241.2,68241.2,-4552.78,-6.67,105600.0,65200.0,68241.2,2.838768954824945,2.6612228099081823,-4552.779999999999,-6.671600147711351,0.028387689548249447,24,Doctor,17300.0,Business Investment,692,767900.0,0.6059816919191919,1.0667160014771135
U0014,2018-07,Insurance,8406.07,72793.98,68241.2,68241.2,-4552.78,-6.67,105600.0,65200.0,68241.2,12.318174358012461,11.547754361006227,-4552.779999999999,-6.671600147711351,0.12318174358012461,24,Doctor,17300.0,Business Investment,692,767900.0,0.6059816919191919,1.0667160014771135
U0014,2018-07,Other,711.32,72793.98,68241.2,68241.2,-4552.78,-6.67,105600.0,65200.0,68241.2,1.0423615059524158,0.977168716424078,-4552.779999999999,-6.671600147711351,0.010423615059524159,24,Doctor,17300.0,Business Investment,692,767900.0,0.6059816919191919,1.0667160014771135
U0014,2018-07,Rent,45435.29,72793.98,68241.2,68241.2,-4552.78,-6.67,105600.0,65200.0,68241.2,66.580438210348,62.41627398309586,-4552.779999999999,-6.671600147711351,0.66580438210348,24,Doctor,17300.0,Business Investment,692,767900.0,0.6059816919191919,1.0667160014771135
U0014,2018-07,Shopping,633.36,72793.98,68241.2,68241.2,-4552.78,-6.67,105600.0,65200.0,68241.2,0.9281196696423861,0.8700719482572598,-4552.779999999999,-6.671600147711351,0.009281196696423862,24,Doctor,17300.0,Business Investment,692,767900.0,0.6059816919191919,1.0667160014771135
U0014,2018-08,Bills,26389.27,40759.07,,3352.78,-37406.29,-1115.68,105600.0,65200.0,105600.0,24.989839015151517,64.74453416135354,64840.93,61.40239583333334,0.24989839015151516,24,Doctor,17300.0,Business Investment,692,767900.0,0.6059816919191919,0.38597604166666666
U0014,2018-08,Food,2847.83,40759.07,,3352.78,-37406.29,-1115.68,105600.0,65200.0,105600.0,2.696808712121212,6.986984737384833,64840.93,61.40239583333334,0.026968087121212122,24,Doctor,17300.0,Business Investment,692,767900.0,0.6059816919191919,0.38597604166666666
U0014,2018-08,Fuel,6950.5,40759.07,,3352.78,-37406.29,-1115.68,105600.0,65200.0,105600.0,6.58191287878788,17.052646196294468,64840.93,61.40239583333334,0.0658191287878788,24,Doctor,17300.0,Business Investment,692,767900.0,0.6059816919191919,0.38597604166666666
U0014,2018-08,Groceries,2377.73,40759.07,,3352.78,-37406.29,-1115.68,105600.0,65200.0,105600.0,2.2516382575757574,5.833621817180814,64840.93,61.40239583333334,0.022516382575757575,24,Doctor,17300.0,Business Investment,692,767900.0,0.6059816919191919,0.38597604166666666
U0014,2018-08,Other,1654.32,40759.07,,3352.78,-37406.29,-1115.68,105600.0,65200.0,105600.0,1.5665909090909091,4.058777592324849,64840.93,61.40239583333334,0.01566590909090909,24,Doctor,17300.0,Business Investment,692,767900.0,0.6059816919191919,0.38597604166666666
U0014,2018-08,Shopping,539.42,40759.07,,3352.78,-37406.29,-1115.68,105600.0,65200.0,105600.0,0.5108143939393939,1.3234354954615009,64840.93,61.40239583333334,0.005108143939393939,24,Doctor,17300.0,Business Investment,692,767900.0,0.6059816919191919,0.38597604166666666
U0014,2018-09,Bills,385.44,32363.15,,0.0,-32363.15,0.0,105600.0,65200.0,105600.0,0.365,1.1909841903522989,73236.85,69.35307765151516,0.00365,24,Doctor,17300.0,Business Investment,692,767900.0,0.6059816919191919,0.3064692234848485
U0014,2018-09,Entertainment,205.24,32363.15,,0.0,-32363.15,0.0,105600.0,65200.0,105600.0,0.19435606060606062,0.6341780698108807,73236.85,69.35307765151516,0.0019435606060606062,24,Doctor,17300.0,Business Investment,692,767900.0,0.6059816919191919,0.3064692234848485
U0014,2018-09,Food,8052.6,32363.15,,0.0,-32363.15,0.0,105600.0,65200.0,105600.0,7.625568181818182,24.882003142462956,73236.85,69.35307765151516,0.07625568181818182,24,Doctor,17300.0,Business Investment,692,767900.0,0.6059816919191919,0.3064692234848485
U0014,2018-09,Fuel,7191.68,32363.15,,0.0,-32363.15,0.0,105600.0,65200.0,105600.0,6.8103030303030305,22.221817097532224,73236.85,69.35307765151516,0.0681030303030303,24,Doctor,17300.0,Business Investment,692,767900.0,0.6059816919191919,0.3064692234848485
U0014,2018-09,Groceries,469.68,32363.15,,0.0,-32363.15,0.0,105600.0,65200.0,105600.0,0.44477272727272726,1.451280236936145,73236.85,69.35307765151516,0.0044477272727272725,24,Doctor,17300.0,Business Investment,692,767900.0,0.6059816919191919,0.3064692234848485
U0014,2018-09,Insurance,8316.46,32363.15,,0.0,-32363.15,0.0,105600.0,65200.0,105600.0,7.875435606060605,25.697313147823987,73236.85,69.35307765151516,0.07875435606060605,24,Doctor,17300.0,Business Investment,692,767900.0,0.6059816919191919,0.3064692234848485
U0014,2018-09,Shopping,7742.05,32363.15,,0.0,-32363.15,0.0,105600.0,65200.0,105600.0,7.331486742424243,23.922424115081505,73236.85,69.35307765151516,0.07331486742424242,24,Doctor,17300.0,Business Investment,692,767900.0,0.6059816919191919,0.3064692234848485
U0014,2018-10,Bills,48814.41,85616.32,89063.34,89063.34,3447.02,3.87,105600.0,65200.0,89063.34,54.80864517319921,57.01530969796412,3447.0199999999895,3.8703017425575887,0.5480864517319921,24,Doctor,17300.0,Business Investment,692,767900.0,0.6059816919191919,0.9612969825744241
U0014,2018-10,Food,2395.45,85616.32,89063.34,89063.34,3447.02,3.87,105600.0,65200.0,89063.34,2.689602702975208,2.7978894678024,3447.0199999999895,3.8703017425575887,0.026896027029752082,24,Doctor,17300.0,Business Investment,692,767900.0,0.6059816919191919,0.9612969825744241
U0014,2018-10,Fuel,6522.44,85616.32,89063.34,89063.34,3447.02,3.87,105600.0,65200.0,89063.34,7.323372332544456,7.618220451427951,3447.0199999999895,3.8703017425575887,0.07323372332544456,24,Doctor,17300.0,Business Investment,692,767900.0,0.6059816919191919,0.9612969825744241
U0014,2018-10,Groceries,1852.1,85616.32,89063.34,89063.34,3447.02,3.87,105600.0,65200.0,89063.34,2.079531263929693,2.163255790484804,3447.0199999999895,3.8703017425575887,0.02079531263929693,24,Doctor,17300.0,Business Investment,692,767900.0,0.6059816919191919,0.9612969825744241
U0014,2018-10,Investment,16456.52,85616.32,89063.34,89063.34,3447.02,3.87,105600.0,65200.0,89063.34,18.477321870030924,19.221241931444847,3447.0199999999895,3.8703017425575887,0.18477321870030924,24,Doctor,17300.0,Business Investment,692,767900.0,0.6059816919191919,0.9612969825744241
U0014,2018-10,Miscellaneous,575.5,85616.32,89063.34,89063.34,3447.02,3.87,105600.0,65200.0,89063.34,0.646169344199308,0.6721849292284461,3447.0199999999895,3.8703017425575887,0.00646169344199308,24,Doctor,17300.0,Business Investment,692,767900.0,0.6059816919191919,0.9612969825744241
U0014,2018-10,Rent,8423.9,85616.32,89063.34,89063.34,3447.02,3.87,105600.0,65200.0,89063.34,9.458324828150392,9.839128801611654,3447.0199999999895,3.8703017425575887,0.09458324828150393,24,Doctor,17300.0,Business Investment,692,767900.0,0.6059816919191919,0.9612969825744241
U0014,2018-10,Shopping,576.0,85616.32,89063.34,89063.34,3447.02,3.87,105600.0,65200.0,89063.34,0.6467307424132084,0.6727689300357689,3447.0199999999895,3.8703017425575887,0.006467307424132084,24,Doctor,17300.0,Business Investment,692,767900.0,0.6059816919191919,0.9612969825744241
U0014,2018-11,Bills,18396.59,30315.29,,0.0,-30315.29,0.0,105600.0,65200.0,105600.0,17.42101325757576,60.684195994826375,75284.70999999999,71.29233901515151,0.17421013257575757,24,Doctor,17300.0,Business Investment,692,767900.0,0.6059816919191919,0.2870766098484849
U0014,2018-11,Food,1408.78,30315.29,,0.0,-30315.29,0.0,105600.0,65200.0,105600.0,1.3340719696969696,4.647093925210678,75284.70999999999,71.29233901515151,0.013340719696969696,24,Doctor,17300.0,Business Investment,692,767900.0,0.6059816919191919,0.2870766098484849
U0014,2018-11,Fuel,3048.29,30315.29,,0.0,-30315.29,0.0,105600.0,65200.0,105600.0,2.8866382575757576,10.055288931756879,75284.70999999999,71.29233901515151,0.028866382575757576,24,Doctor,17300.0,Business Investment,692,767900.0,0.6059816919191919,0.2870766098484849
U0014,2018-11,Groceries,1912.89,30315.29,,0.0,-30315.29,0.0,105600.0,65200.0,105600.0,1.8114488636363637,6.309984169704464,75284.70999999999,71.29233901515151,0.018114488636363637,24,Doctor,17300.0,Business Investment,692,767900.0,0.6059816919191919,0.2870766098484849
U0014,2018-11,Miscellaneous,336.88,30315.29,,0.0,-30315.29,0.0,105600.0,65200.0,105600.0,0.31901515151515153,1.1112544197993817,75284.70999999999,71.29233901515151,0.003190151515151515,24,Doctor,17300.0,Business Investment,692,767900.0,0.6059816919191919,0.2870766098484849
U0014,2018-11,Other,461.6,30315.29,,0.0,-30315.29,0.0,105600.0,65200.0,105600.0,0.43712121212121213,1.5226639758352964,75284.70999999999,71.29233901515151,0.004371212121212121,24,Doctor,17300.0,Business Investment,692,767900.0,0.6059816919191919,0.2870766098484849
U0014,2018-11,Shopping,4750.26,30315.29,,0.0,-30315.29,0.0,105600.0,65200.0,105600.0,4.4983522727272724,15.669518582866928,75284.70999999999,71.29233901515151,0.044983522727272726,24,Doctor,17300.0,Business Investment,692,767900.0,0.6059816919191919,0.2870766098484849
U0014,2018-12,Bills,30456.13,67269.48,53993.7,53993.7,-13275.78,-24.59,105600.0,65200.0,53993.7,56.40682153658668,45.27481110304406,-13275.779999999999,-24.58764633651704,0.5640682153658668,24,Doctor,17300.0,Business Investment,692,767900.0,0.6059816919191919,1.2458764633651704
U0014,2018-12,Food,2766.32,67269.48,53993.7,53993.7,-13275.78,-24.59,105600.0,65200.0,53993.7,5.123412546278548,4.112295798926943,-13275.779999999999,-24.58764633651704,0.05123412546278548,24,Doctor,17300.0,Business Investment,692,767900.0,0.6059816919191919,1.2458764633651704
U0014,2018-12,Fuel,5977.62,67269.48,53993.7,53993.7,-13275.78,-24.59,105600.0,65200.0,53993.7,11.070958278465822,8.886080284848346,-13275.779999999999,-24.58764633651704,0.11070958278465821,24,Doctor,17300.0,Business Investment,692,767900.0,0.6059816919191919,1.2458764633651704
U0014,2018-12,Groceries,3204.8,67269.48,53993.7,53993.7,-13275.78,-24.59,105600.0,65200.0,53993.7,5.935507290665393,4.7641218573415465,-13275.779999999999,-24.58764633651704,0.059355072906653934,24,Doctor,17300.0,Business Investment,692,767900.0,0.6059816919191919,1.2458764633651704
U0014,2018-12,Insurance,22699.23,67269.48,53993.7,53993.7,-13275.78,-24.59,105600.0,65200.0,53993.7,42.04051583795888,33.743727467493436,-13275.779999999999,-24.58764633651704,0.42040515837958875,24,Doctor,17300.0,Business Investment,692,767900.0,0.6059816919191919,1.2458764633651704
U0014,2018-12,Miscellaneous,554.18,67269.48,53993.7,53993.7,-13275.78,-24.59,105600.0,65200.0,53993.7,1.0263790034763314,0.8238208471360265,-13275.779999999999,-24.58764633651704,0.010263790034763314,24,Doctor,17300.0,Business Investment,692,767900.0,0.6059816919191919,1.2458764633651704
U0014,2018-12,Other,508.59,67269.48,53993.7,53993.7,-13275.78,-24.59,105600.0,65200.0,53993.7,0.9419432267097828,0.7560486568351651,-13275.779999999999,-24.58764633651704,0.009419432267097828,24,Doctor,17300.0,Business Investment,692,767900.0,0.6059816919191919,1.2458764633651704
U0014,2018-12,Shopping,288.0,67269.48,53993.7,53993.7,-13275.78,-24.59,105600.0,65200.0,53993.7,0.5333955628156618,0.4281287739997396,-13275.779999999999,-24.58764633651704,0.005333955628156618,24,Doctor,17300.0,Business Investment,692,767900.0,0.6059816919191919,1.2458764633651704
U0014,2018-12,Subscription,814.61,67269.48,53993.7,53993.7,-13275.78,-24.59,105600.0,65200.0,53993.7,1.5087130535599524,1.2109652103747495,-13275.779999999999,-24.58764633651704,0.015087130535599525,24,Doctor,17300.0,Business Investment,692,767900.0,0.6059816919191919,1.2458764633651704
U0014,2019-01,Bills,3547.63,20069.1,46672.79,46672.79,26603.69,57.0,105600.0,65200.0,46672.79,7.601066917148086,17.6770757034446,26603.690000000002,57.00042787242846,0.07601066917148086,24,Doctor,17300.0,Business Investment,692,767900.0,0.6059816919191919,0.42999572127571545
U0014,2019-01,Food,2847.48,20069.1,46672.79,46672.79,26603.69,57.0,105600.0,65200.0,46672.79,6.10094232635332,14.188379150036626,26603.690000000002,57.00042787242846,0.0610094232635332,24,Doctor,17300.0,Business Investment,692,767900.0,0.6059816919191919,0.42999572127571545
U0014,2019-01,Fuel,2980.44,20069.1,46672.79,46672.79,26603.69,57.0,105600.0,65200.0,46672.79,6.385819232147896,14.850890174447287,26603.690000000002,57.00042787242846,0.06385819232147896,24,Doctor,17300.0,Business Investment,692,767900.0,0.6059816919191919,0.42999572127571545
U0014,2019-01,Groceries,7436.26,20069.1,46672.79,46672.79,26603.69,57.0,105600.0,65200.0,46672.79,15.932752252436591,37.05328091444061,26603.690000000002,57.00042787242846,0.1593275225243659,24,Doctor,17300.0,Business Investment,692,767900.0,0.6059816919191919,0.42999572127571545
U0014,2019-01,Miscellaneous,453.14,20069.1,46672.79,46672.79,26603.69,57.0,105600.0,65200.0,46672.79,0.9708868914843102,2.2578989590963223,26603.690000000002,57.00042787242846,0.009708868914843101,24,Doctor,17300.0,Business Investment,692,767900.0,0.6059816919191919,0.42999572127571545
U0014,2019-01,Other,2804.15,20069.1,46672.79,46672.79,26603.69,57.0,105600.0,65200.0,46672.79,6.0081045080013435,13.972475098534565,26603.690000000002,57.00042787242846,0.06008104508001343,24,Doctor,17300.0,Business Investment,692,767900.0,0.6059816919191919,0.42999572127571545
U0014,2019-02,Bills,19125.49,26156.19,225266.29,225266.29,199110.1,88.39,105600.0,65200.0,225266.29,8.490169567759118,73.12032065832219,199110.1,88.38876868793817,0.08490169567759118,24,Doctor,17300.0,Business Investment,692,767900.0,0.6059816919191919,0.11611231312061826
U0014,2019-02,Food,1289.42,26156.19,225266.29,225266.29,199110.1,88.39,105600.0,65200.0,225266.29,0.5723981160252606,4.929693506584866,199110.1,88.38876868793817,0.005723981160252606,24,Doctor,17300.0,Business Investment,692,767900.0,0.6059816919191919,0.11611231312061826
U0014,2019-02,Groceries,1695.14,26156.19,225266.29,225266.29,199110.1,88.39,105600.0,65200.0,225266.29,0.7525049575770969,6.480836849709382,199110.1,88.38876868793817,0.007525049575770969,24,Doctor,17300.0,Business Investment,692,767900.0,0.6059816919191919,0.11611231312061826
U0014,2019-02,Miscellaneous,3049.47,26156.19,225266.29,225266.29,199110.1,88.39,105600.0,65200.0,225266.29,1.3537178598715325,11.658693410622877,199110.1,88.38876868793817,0.013537178598715324,24,Doctor,17300.0,Business Investment,692,767900.0,0.6059816919191919,0.11611231312061826
U0014,2019-02,Other,39.35,26156.19,225266.29,225266.29,199110.1,88.39,105600.0,65200.0,225266.29,0.017468215062271412,0.15044240005903003,199110.1,88.38876868793817,0.00017468215062271412,24,Doctor,17300.0,Business Investment,692,767900.0,0.6059816919191919,0.11611231312061826
U0014,2019-02,Shopping,957.32,26156.19,225266.29,225266.29,199110.1,88.39,105600.0,65200.0,225266.29,0.4249725957665481,3.660013174701668,199110.1,88.38876868793817,0.004249725957665481,24,Doctor,17300.0,Business Investment,692,767900.0,0.6059816919191919,0.11611231312061826
U0014,2019-03,Bills,5803.66,23750.46,48418.28,48418.28,24667.82,50.95,105600.0,65200.0,48418.28,11.98650592296959,24.43598987135407,24667.82,50.94732815787756,0.1198650592296959,24,Doctor,17300.0,Business Investment,692,767900.0,0.6059816919191919,0.49052671842122436
U0014,2019-03,Food,487.2,23750.46,48418.28,48418.28,24667.82,50.95,105600.0,65200.0,48418.28,1.0062315307359122,2.0513286900548455,24667.82,50.94732815787756,0.010062315307359121,24,Doctor,17300.0,Business Investment,692,767900.0,0.6059816919191919,0.49052671842122436
U0014,2019-03,Groceries,4850.22,23750.46,48418.28,48418.28,24667.82,50.95,105600.0,65200.0,48418.28,10.017332296810213,20.421583413542308,24667.82,50.94732815787756,0.10017332296810214,24,Doctor,17300.0,Business Investment,692,767900.0,0.6059816919191919,0.49052671842122436
U0014,2019-03,Miscellaneous,925.93,23750.46,48418.28,48418.28,24667.82,50.95,105600.0,65200.0,48418.28,1.9123562423117881,3.898577122295736,24667.82,50.94732815787756,0.01912356242311788,24,Doctor,17300.0,Business Investment,692,767900.0,0.6059816919191919,0.49052671842122436
U0014,2019-03,Other,641.16,23750.46,48418.28,48418.28,24667.82,50.95,105600.0,65200.0,48418.28,1.3242106080596006,2.6995687662470536,24667.82,50.94732815787756,0.013242106080596006,24,Doctor,17300.0,Business Investment,692,767900.0,0.6059816919191919,0.49052671842122436
U0014,2019-03,Shopping,10745.83,23750.46,48418.28,48418.28,24667.82,50.95,105600.0,65200.0,48418.28,22.193745833185318,45.24472368114134,24667.82,50.94732815787756,0.2219374583318532,24,Doctor,17300.0,Business Investment,692,767900.0,0.6059816919191919,0.49052671842122436
U0014,2019-03,Subscription,296.46,23750.46,48418.28,48418.28,24667.82,50.95,105600.0,65200.0,48418.28,0.6122894080500174,1.2482284553646539,24667.82,50.94732815787756,0.0061228940805001745,24,Doctor,17300.0,Business Investment,692,767900.0,0.6059816919191919,0.49052671842122436
U0014,2019-04,Bills,24738.09,40260.21,,0.0,-40260.21,0.0,105600.0,65200.0,105600.0,23.42622159090909,61.445506618072784,65339.79,61.87480113636363,0.2342622159090909,24,Doctor,17300.0,Business Investment,692,767900.0,0.6059816919191919,0.3812519886363636
U0014,2019-04,Food,2158.21,40260.21,,0.0,-40260.21,0.0,105600.0,65200.0,105600.0,2.04375946969697,5.360652614579011,65339.79,61.87480113636363,0.020437594696969697,24,Doctor,17300.0,Business Investment,692,767900.0,0.6059816919191919,0.3812519886363636
U0014,2019-04,Fuel,1702.15,40260.21,,0.0,-40260.21,0.0,105600.0,65200.0,105600.0,1.6118844696969696,4.227871638026727,65339.79,61.87480113636363,0.016118844696969697,24,Doctor,17300.0,Business Investment,692,767900.0,0.6059816919191919,0.3812519886363636
U0014,2019-04,Groceries,4411.15,40260.21,,0.0,-40260.21,0.0,105600.0,65200.0,105600.0,4.177225378787878,10.956599580578441,65339.79,61.87480113636363,0.041772253787878785,24,Doctor,17300.0,Business Investment,692,767900.0,0.6059816919191919,0.3812519886363636
U0014,2019-04,Other,2046.49,40260.21,,0.0,-40260.21,0.0,105600.0,65200.0,105600.0,1.9379640151515152,5.083157787800909,65339.79,61.87480113636363,0.01937964015151515,24,Doctor,17300.0,Business Investment,692,767900.0,0.6059816919191919,0.3812519886363636
U0014,2019-04,Shopping,5204.12,40260.21,,0.0,-40260.21,0.0,105600.0,65200.0,105600.0,4.928143939393939,12.926211760942131,65339.79,61.87480113636363,0.04928143939393939,24,Doctor,17300.0,Business Investment,692,767900.0,0.6059816919191919,0.3812519886363636
U0014,2019-05,Bills,10257.22,71242.19,,0.0,-71242.19,0.0,105600.0,65200.0,105600.0,9.713276515151515,14.397676433023745,34357.81,32.53580492424242,0.09713276515151514,24,Doctor,17300.0,Business Investment,692,767900.0,0.6059816919191919,0.6746419507575758
U0014,2019-05,Food,5253.83,71242.19,,0.0,-71242.19,0.0,105600.0,65200.0,105600.0,4.975217803030303,7.374604851423011,34357.81,32.53580492424242,0.04975217803030303,24,Doctor,17300.0,Business Investment,692,767900.0,0.6059816919191919,0.6746419507575758
U0014,2019-05,Groceries,2541.68,71242.19,,0.0,-71242.19,0.0,105600.0,65200.0,105600.0,2.4068939393939393,3.5676612411830684,34357.81,32.53580492424242,0.024068939393939393,24,Doctor,17300.0,Business Investment,692,767900.0,0.6059816919191919,0.6746419507575758
U0014,2019-05,Insurance,42127.05,71242.19,,0.0,-71242.19,0.0,105600.0,65200.0,105600.0,39.89303977272727,59.13216592583692,34357.81,32.53580492424242,0.39893039772727273,24,Doctor,17300.0,Business Investment,692,767900.0,0.6059816919191919,0.6746419507575758
U0014,2019-05,Investment,2485.4,71242.19,,0.0,-71242.19,0.0,105600.0,65200.0,105600.0,2.3535984848484848,3.4886631081947366,34357.81,32.53580492424242,0.023535984848484848,24,Doctor,17300.0,Business Investment,692,767900.0,0.6059816919191919,0.6746419507575758
U0014,2019-05,Miscellaneous,3200.81,71242.19,,0.0,-71242.19,0.0,105600.0,65200.0,105600.0,3.031070075757576,4.492857392508568,34357.81,32.53580492424242,0.03031070075757576,24,Doctor,17300.0,Business Investment,692,767900.0,0.6059816919191919,0.6746419507575758
U0014,2019-05,Other,2805.85,71242.19,,0.0,-71242.19,0.0,105600.0,65200.0,105600.0,2.6570549242424244,3.938466798957191,34357.81,32.53580492424242,0.026570549242424243,24,Doctor,17300.0,Business Investment,692,767900.0,0.6059816919191919,0.6746419507575758
U0014,2019-05,Shopping,2570.35,71242.19,,0.0,-71242.19,0.0,105600.0,65200.0,105600.0,2.4340435606060606,3.6079042488727535,34357.81,32.53580492424242,0.024340435606060605,24,Doctor,17300.0,Business Investment,692,767900.0,0.6059816919191919,0.6746419507575758
U0014,2019-06,Bills,32024.2,69277.05,293149.59,293149.59,223872.54,76.37,105600.0,65200.0,293149.59,10.924183792991148,46.2262755125976,223872.54000000004,76.3680208456031,0.10924183792991148,24,Doctor,17300.0,Business Investment,692,767900.0,0.6059816919191919,0.23631979154396907
U0014,2019-06,Food,1197.17,69277.05,293149.59,293149.59,223872.54,76.37,105600.0,65200.0,293149.59,0.4083819458863988,1.728090327171841,223872.54000000004,76.3680208456031,0.004083819458863988,24,Doctor,17300.0,Business Investment,692,767900.0,0.6059816919191919,0.23631979154396907
U0014,2019-06,Fuel,3008.67,69277.05,293149.59,293149.59,223872.54,76.37,105600.0,65200.0,293149.59,1.026325842720776,4.342953402317217,223872.54000000004,76.3680208456031,0.01026325842720776,24,Doctor,17300.0,Business Investment,692,767900.0,0.6059816919191919,0.23631979154396907
U0014,2019-06,Groceries,5006.83,69277.05,293149.59,293149.59,223872.54,76.37,105600.0,65200.0,293149.59,1.7079437156981865,7.227256356903188,223872.54000000004,76.3680208456031,0.017079437156981864,24,Doctor,17300.0,Business Investment,692,767900.0,0.6059816919191919,0.23631979154396907
U0014,2019-06,Insurance,13544.47,69277.05,293149.59,293149.59,223872.54,76.37,105600.0,65200.0,293149.59,4.620327116950769,19.55116449098222,223872.54000000004,76.3680208456031,0.04620327116950768,24,Doctor,17300.0,Business Investment,692,767900.0,0.6059816919191919,0.23631979154396907
U0014,2019-06,Miscellaneous,4710.1,69277.05,293149.59,293149.59,223872.54,76.37,105600.0,65200.0,293149.59,1.6067223563232682,6.798932691273661,223872.54000000004,76.3680208456031,0.01606722356323268,24,Doctor,17300.0,Business Investment,692,767900.0,0.6059816919191919,0.23631979154396907
U0014,2019-06,Other,1676.18,69277.05,293149.59,293149.59,223872.54,76.37,105600.0,65200.0,293149.59,0.5717831636742183,2.4195314321265124,223872.54000000004,76.3680208456031,0.005717831636742183,24,Doctor,17300.0,Business Investment,692,767900.0,0.6059816919191919,0.23631979154396907
U0014,2019-06,Shopping,7147.1,69277.05,293149.59,293149.59,223872.54,76.37,105600.0,65200.0,293149.59,2.4380385454402305,10.316692180166449,223872.54000000004,76.3680208456031,0.024380385454402305,24,Doctor,17300.0,Business Investment,692,767900.0,0.6059816919191919,0.23631979154396907
U0014,2019-06,Subscription,962.33,69277.05,293149.59,293149.59,223872.54,76.37,105600.0,65200.0,293149.59,0.32827267471191074,1.389103606461303,223872.54000000004,76.3680208456031,0.003282726747119107,24,Doctor,17300.0,Business Investment,692,767900.0,0.6059816919191919,0.23631979154396907
U0014,2019-07,Bills,5643.62,20867.1,162222.58,162222.58,141355.48,87.14,105600.0,65200.0,162222.58,3.478936162894216,27.04554058781527,141355.47999999998,87.13674754772116,0.03478936162894216,24,Doctor,17300.0,Business Investment,692,767900.0,0.6059816919191919,0.1286325245227884
U0014,2019-07,Food,6122.22,20867.1,162222.58,162222.58,141355.48,87.14,105600.0,65200.0,162222.58,3.773962909479063,29.339103181563324,141355.47999999998,87.13674754772116,0.03773962909479063,24,Doctor,17300.0,Business Investment,692,767900.0,0.6059816919191919,0.1286325245227884
U0014,2019-07,Fuel,2662.2,20867.1,162222.58,162222.58,141355.48,87.14,105600.0,65200.0,162222.58,1.6410785724157513,12.757882024814183,141355.47999999998,87.13674754772116,0.016410785724157512,24,Doctor,17300.0,Business Investment,692,767900.0,0.6059816919191919,0.1286325245227884
U0014,2019-07,Groceries,1648.36,20867.1,162222.58,162222.58,141355.48,87.14,105600.0,65200.0,162222.58,1.0161100877572038,7.899324774405643,141355.47999999998,87.13674754772116,0.010161100877572037,24,Doctor,17300.0,Business Investment,692,767900.0,0.6059816919191919,0.1286325245227884
U0014,2019-07,Miscellaneous,2866.17,20867.1,162222.58,162222.58,141355.48,87.14,105600.0,65200.0,162222.58,1.7668132266174044,13.73535373866038,141355.47999999998,87.13674754772116,0.017668132266174044,24,Doctor,17300.0,Business Investment,692,767900.0,0.6059816919191919,0.1286325245227884
U0014,2019-07,Other,1272.91,20867.1,162222.58,162222.58,141355.48,87.14,105600.0,65200.0,162222.58,0.7846688173742521,6.1000809887334615,141355.47999999998,87.13674754772116,0.007846688173742521,24,Doctor,17300.0,Business Investment,692,767900.0,0.6059816919191919,0.1286325245227884
U0014,2019-07,Subscription,651.62,20867.1,162222.58,162222.58,141355.48,87.14,105600.0,65200.0,162222.58,0.40168267574094807,3.1227147040077443,141355.47999999998,87.13674754772116,0.004016826757409481,24,Doctor,17300.0,Business Investment,692,767900.0,0.6059816919191919,0.1286325245227884
U0014,2019-08,Bills,19423.59,41450.85,59480.09,59480.09,18029.24,30.31,105600.0,65200.0,59480.09,32.655616358347814,46.859328578304186,18029.239999999998,30.311386549684105,0.3265561635834781,24,Doctor,17300.0,Business Investment,692,767900.0,0.6059816919191919,0.696886134503159
U0014,2019-08,Food,2415.25,41450.85,59480.09,59480.09,18029.24,30.31,105600.0,65200.0,59480.09,4.060602463782419,5.826780391716937,18029.239999999998,30.311386549684105,0.04060602463782419,24,Doctor,17300.0,Business Investment,692,767900.0,0.6059816919191919,0.696886134503159
U0014,2019-08,Groceries,2771.31,41450.85,59480.09,59480.09,18029.24,30.31,105600.0,65200.0,59480.09,4.659222943341209,6.685773633110056,18029.239999999998,30.311386549684105,0.04659222943341209,24,Doctor,17300.0,Business Investment,692,767900.0,0.6059816919191919,0.696886134503159
U0014,2019-08,Miscellaneous,8649.75,41450.85,59480.09,59480.09,18029.24,30.31,105600.0,65200.0,59480.09,14.542261116282775,20.867485226479072,18029.239999999998,30.311386549684105,0.14542261116282776,24,Doctor,17300.0,Business Investment,692,767900.0,0.6059816919191919,0.696886134503159
U0014,2019-08,Other,5135.9,41450.85,59480.09,59480.09,18029.24,30.31,105600.0,65200.0,59480.09,8.634654049783718,12.390336989470661,18029.239999999998,30.311386549684105,0.08634654049783717,24,Doctor,17300.0,Business Investment,692,767900.0,0.6059816919191919,0.696886134503159
U0014,2019-08,Shopping,2462.54,41450.85,59480.09,59480.09,18029.24,30.31,105600.0,65200.0,59480.09,4.1401080596885445,5.940867316351776,18029.239999999998,30.311386549684105,0.041401080596885444,24,Doctor,17300.0,Business Investment,692,767900.0,0.6059816919191919,0.696886134503159
U0014,2019-08,Subscription,592.51,41450.85,59480.09,59480.09,18029.24,30.31,105600.0,65200.0,59480.09,0.9961484590894197,1.4294278645673129,18029.239999999998,30.311386549684105,0.009961484590894198,24,Doctor,17300.0,Business Investment,692,767900.0,0.6059816919191919,0.696886134503159
U0014,2019-09,Bills,67191.98,95107.26,,0.0,-95107.26,0.0,105600.0,65200.0,105600.0,63.62876893939393,70.64863397389432,10492.740000000005,9.936306818181823,0.6362876893939393,24,Doctor,17300.0,Business Investment,692,767900.0,0.6059816919191919,0.9006369318181817
U0014,2019-09,Food,2772.77,95107.26,,0.0,-95107.26,0.0,105600.0,65200.0,105600.0,2.6257291666666664,2.9154136077519213,10492.740000000005,9.936306818181823,0.026257291666666665,24,Doctor,17300.0,Business Investment,692,767900.0,0.6059816919191919,0.9006369318181817
U0014,2019-09,Groceries,6764.1900000000005,95107.26,,0.0,-95107.26,0.0,105600.0,65200.0,105600.0,6.405482954545455,7.112169985761341,10492.740000000005,9.936306818181823,0.06405482954545455,24,Doctor,17300.0,Business Investment,692,767900.0,0.6059816919191919,0.9006369318181817
U0014,2019-09,Insurance,8358.89,95107.26,,0.0,-95107.26,0.0,105600.0,65200.0,105600.0,7.91561553030303,8.788908438745896,10492.740000000005,9.936306818181823,0.0791561553030303,24,Doctor,17300.0,Business Investment,692,767900.0,0.6059816919191919,0.9006369318181817
U0014,2019-09,Miscellaneous,592.21,95107.26,,0.0,-95107.26,0.0,105600.0,65200.0,105600.0,0.5608049242424242,0.6226759134896748,10492.740000000005,9.936306818181823,0.0056080492424242425,24,Doctor,17300.0,Business Investment,692,767900.0,0.6059816919191919,0.9006369318181817
U0014,2019-09,Other,216.8,95107.26,,0.0,-95107.26,0.0,105600.0,65200.0,105600.0,0.20530303030303032,0.22795315520602744,10492.740000000005,9.936306818181823,0.002053030303030303,24,Doctor,17300.0,Business Investment,692,767900.0,0.6059816919191919,0.9006369318181817
U0014,2019-09,Shopping,9210.42,95107.26,,0.0,-95107.26,0.0,105600.0,65200.0,105600.0,8.721988636363637,9.684244925150825,10492.740000000005,9.936306818181823,0.08721988636363637,24,Doctor,17300.0,Business Investment,692,767900.0,0.6059816919191919,0.9006369318181817
U0014,2019-11,Shopping,13526.99,13526.99,,0.0,-13526.99,0.0,105600.0,65200.0,105600.0,12.809649621212122,100.0,92073.01,87.19035037878787,0.1280964962121212,24,Doctor,17300.0,Business Investment,692,767900.0,0.6059816919191919,0.1280964962121212
U0015,2018-01,Bills,21085.800000000003,39186.69,89553.12,89553.12,50366.43,56.24,110900.0,96900.0,89553.12,23.54557831150942,53.80857633038158,50366.42999999999,56.241960079112815,0.23545578311509419,43,Marketing Professional,14500.0,Retirement,656,1232700.0,0.9262849413886384,0.4375803992088718
U0015,2018-01,Entertainment,220.19,39186.69,89553.12,89553.12,50366.43,56.24,110900.0,96900.0,89553.12,0.2458764139094205,0.5618999716485367,50366.42999999999,56.241960079112815,0.002458764139094205,43,Marketing Professional,14500.0,Retirement,656,1232700.0,0.9262849413886384,0.4375803992088718
U0015,2018-01,Food,2182.44,39186.69,89553.12,89553.12,50366.43,56.24,110900.0,96900.0,89553.12,2.4370340195852473,5.569339997841103,50366.42999999999,56.241960079112815,0.024370340195852474,43,Marketing Professional,14500.0,Retirement,656,1232700.0,0.9262849413886384,0.4375803992088718
U0015,2018-01,Groceries,2597.58,39186.69,89553.12,89553.12,50366.43,56.24,110900.0,96900.0,89553.12,2.9006024580718126,6.628730316339553,50366.42999999999,56.241960079112815,0.029006024580718128,43,Marketing Professional,14500.0,Retirement,656,1232700.0,0.9262849413886384,0.4375803992088718
U0015,2018-01,Shopping,12250.679999999998,39186.69,89553.12,89553.12,50366.43,56.24,110900.0,96900.0,89553.12,13.679791390852714,31.262349537559814,50366.42999999999,56.241960079112815,0.13679791390852714,43,Marketing Professional,14500.0,Retirement,656,1232700.0,0.9262849413886384,0.4375803992088718
U0015,2018-01,Subscription,850.0,39186.69,89553.12,89553.12,50366.43,56.24,110900.0,96900.0,89553.12,0.9491573269585694,2.1691038462294214,50366.42999999999,56.241960079112815,0.009491573269585694,43,Marketing Professional,14500.0,Retirement,656,1232700.0,0.9262849413886384,0.4375803992088718
U0015,2018-02,Bills,19793.28,23114.06,51651.89,51651.89,28537.83,55.25,110900.0,96900.0,51651.89,38.32053386623413,85.63307354917309,28537.829999999998,55.25031126644156,0.3832053386623413,43,Marketing Professional,14500.0,Retirement,656,1232700.0,0.9262849413886384,0.44749688733558446
U0015,2018-02,Food,447.36,23114.06,51651.89,51651.89,28537.83,55.25,110900.0,96900.0,51651.89,0.8661057707665683,1.9354453523093735,28537.829999999998,55.25031126644156,0.008661057707665683,43,Marketing Professional,14500.0,Retirement,656,1232700.0,0.9262849413886384,0.44749688733558446
U0015,2018-02,Groceries,1685.13,23114.06,51651.89,51651.89,28537.83,55.25,110900.0,96900.0,51651.89,3.262475003334825,7.290497645156238,28537.829999999998,55.25031126644156,0.03262475003334825,43,Marketing Professional,14500.0,Retirement,656,1232700.0,0.9262849413886384,0.44749688733558446
U0015,2018-02,Other,1188.29,23114.06,51651.89,51651.89,28537.83,55.25,110900.0,96900.0,51651.89,2.3005740932229197,5.1409834533612875,28537.829999999998,55.25031126644156,0.023005740932229197,43,Marketing Professional,14500.0,Retirement,656,1232700.0,0.9262849413886384,0.44749688733558446
U0015,2018-03,Bills,58273.03,89595.15,105918.84,105918.84,16323.69,15.41,110900.0,96900.0,105918.84,55.01668069627651,65.04038444045241,16323.690000000002,15.411507527839245,0.5501668069627651,43,Marketing Professional,14500.0,Retirement,656,1232700.0,0.9262849413886384,0.8458849247216076
U0015,2018-03,Food,4792.54,89595.15,105918.84,105918.84,16323.69,15.41,110900.0,96900.0,105918.84,4.524728556317271,5.34910650855543,16323.690000000002,15.411507527839245,0.04524728556317271,43,Marketing Professional,14500.0,Retirement,656,1232700.0,0.9262849413886384,0.8458849247216076
U0015,2018-03,Fuel,3461.38,89595.15,105918.84,105918.84,16323.69,15.41,110900.0,96900.0,105918.84,3.2679549738271305,3.8633564428431675,16323.690000000002,15.411507527839245,0.03267954973827131,43,Marketing Professional,14500.0,Retirement,656,1232700.0,0.9262849413886384,0.8458849247216076
U0015,2018-03,Groceries,4225.51,89595.15,105918.84,105918.84,16323.69,15.41,110900.0,96900.0,105918.84,3.989384702475972,4.716226268944245,16323.690000000002,15.411507527839245,0.03989384702475972,43,Marketing Professional,14500.0,Retirement,656,1232700.0,0.9262849413886384,0.8458849247216076
U0015,2018-03,Insurance,8682.66,89595.15,105918.84,105918.84,16323.69,15.41,110900.0,96900.0,105918.84,8.197465153508102,9.690993318276716,16323.690000000002,15.411507527839245,0.08197465153508102,43,Marketing Professional,14500.0,Retirement,656,1232700.0,0.9262849413886384,0.8458849247216076
U0015,2018-03,Miscellaneous,6910.51,89595.15,105918.84,105918.84,16323.69,15.41,110900.0,96900.0,105918.84,6.5243444886669835,7.7130402705950045,16323.690000000002,15.411507527839245,0.06524344488666983,43,Marketing Professional,14500.0,Retirement,656,1232700.0,0.9262849413886384,0.8458849247216076
U0015,2018-03,Other,1742.04,89595.15,105918.84,105918.84,16323.69,15.41,110900.0,96900.0,105918.84,1.6446932387099404,1.9443463178531426,16323.690000000002,15.411507527839245,0.016446932387099406,43,Marketing Professional,14500.0,Retirement,656,1232700.0,0.9262849413886384,0.8458849247216076
U0015,2018-03,Shopping,1507.48,89595.15,105918.84,105918.84,16323.69,15.41,110900.0,96900.0,105918.84,1.4232406623788556,1.6825464324798831,16323.690000000002,15.411507527839245,0.014232406623788555,43,Marketing Professional,14500.0,Retirement,656,1232700.0,0.9262849413886384,0.8458849247216076
U0015,2018-04,Bills,47628.28,106282.21,122159.85,122159.85,15877.64,13.0,110900.0,96900.0,122159.85,38.98848926222486,44.8130312683562,15877.64,12.997429188067928,0.3898848926222486,43,Marketing Professional,14500.0,Retirement,656,1232700.0,0.9262849413886384,0.8700257081193207
U0015,2018-04,Food,3437.8499999999995,106282.21,122159.85,122159.85,15877.64,13.0,110900.0,96900.0,122159.85,2.8142225125522007,3.2346429378914867,15877.64,12.997429188067928,0.028142225125522006,43,Marketing Professional,14500.0,Retirement,656,1232700.0,0.9262849413886384,0.8700257081193207
U0015,2018-04,Fuel,3048.13,106282.21,122159.85,122159.85,15877.64,13.0,110900.0,96900.0,122159.85,2.4951978903052026,2.8679588051471643,15877.64,12.997429188067928,0.024951978903052025,43,Marketing Professional,14500.0,Retirement,656,1232700.0,0.9262849413886384,0.8700257081193207
U0015,2018-04,Groceries,6403.69,106282.21,122159.85,122159.85,15877.64,13.0,110900.0,96900.0,122159.85,5.24205784470102,6.025175803175338,15877.64,12.997429188067928,0.0524205784470102,43,Marketing Professional,14500.0,Retirement,656,1232700.0,0.9262849413886384,0.8700257081193207
U0015,2018-04,Insurance,17037.49,106282.21,122159.85,122159.85,15877.64,13.0,110900.0,96900.0,122159.85,13.946881892864146,16.030425035384567,15877.64,12.997429188067928,0.13946881892864146,43,Marketing Professional,14500.0,Retirement,656,1232700.0,0.9262849413886384,0.8700257081193207
U0015,2018-04,Miscellaneous,4973.49,106282.21,122159.85,122159.85,15877.64,13.0,110900.0,96900.0,122159.85,4.071296747663,4.679513156529206,15877.64,12.997429188067928,0.04071296747663,43,Marketing Professional,14500.0,Retirement,656,1232700.0,0.9262849413886384,0.8700257081193207
U0015,2018-04,Other,1970.07,106282.21,122159.85,122159.85,15877.64,13.0,110900.0,96900.0,122159.85,1.612698443883158,1.853621598572329,15877.64,12.997429188067928,0.01612698443883158,43,Marketing Professional,14500.0,Retirement,656,1232700.0,0.9262849413886384,0.8700257081193207
U0015,2018-04,Rent,8001.03,106282.21,122159.85,122159.85,15877.64,13.0,110900.0,96900.0,122159.85,6.54963967293673,7.528099011113901,15877.64,12.997429188067928,0.0654963967293673,43,Marketing Professional,14500.0,Retirement,656,1232700.0,0.9262849413886384,0.8700257081193207
U0015,2018-04,Shopping,13613.01,106282.21,122159.85,122159.85,15877.64,13.0,110900.0,96900.0,122159.85,11.14360405648828,12.808361813326991,15877.64,12.997429188067928,0.11143604056488281,43,Marketing Professional,14500.0,Retirement,656,1232700.0,0.9262849413886384,0.8700257081193207
U0015,2018-04,Subscription,169.17,106282.21,122159.85,122159.85,15877.64,13.0,110900.0,96900.0,122159.85,0.13848248831346796,0.15917057050281508,15877.64,12.997429188067928,0.0013848248831346795,43,Marketing Professional,14500.0,Retirement,656,1232700.0,0.9262849413886384,0.8700257081193207
U0015,2018-05,Bills,47985.24,113721.0,40246.74,40246.74,-73474.26,-182.56,110900.0,96900.0,40246.74,119.22764427628177,42.195583929089615,-73474.26000000001,-182.55953152975871,1.1922764427628176,43,Marketing Professional,14500.0,Retirement,656,1232700.0,0.9262849413886384,2.825595315297587
U0015,2018-05,Food,2951.21,113721.0,40246.74,40246.74,-73474.26,-182.56,110900.0,96900.0,40246.74,7.332792668424822,2.595131945726823,-73474.26000000001,-182.55953152975871,0.07332792668424822,43,Marketing Professional,14500.0,Retirement,656,1232700.0,0.9262849413886384,2.825595315297587
U0015,2018-05,Fuel,13117.37,113721.0,40246.74,40246.74,-73474.26,-182.56,110900.0,96900.0,40246.74,32.59237891068942,11.534694559492092,-73474.26000000001,-182.55953152975871,0.3259237891068942,43,Marketing Professional,14500.0,Retirement,656,1232700.0,0.9262849413886384,2.825595315297587
U0015,2018-05,Groceries,12567.66,113721.0,40246.74,40246.74,-73474.26,-182.56,110900.0,96900.0,40246.74,31.22652915490795,11.051309784472526,-73474.26000000001,-182.55953152975871,0.3122652915490795,43,Marketing Professional,14500.0,Retirement,656,1232700.0,0.9262849413886384,2.825595315297587
U0015,2018-05,Miscellaneous,599.21,113721.0,40246.74,40246.74,-73474.26,-182.56,110900.0,96900.0,40246.74,1.4888410837747357,0.5269123556774914,-73474.26000000001,-182.55953152975871,0.014888410837747357,43,Marketing Professional,14500.0,Retirement,656,1232700.0,0.9262849413886384,2.825595315297587
U0015,2018-05,Rent,35917.83,113721.0,40246.74,40246.74,-73474.26,-182.56,110900.0,96900.0,40246.74,89.24407293609372,31.58416651278128,-73474.26000000001,-182.55953152975871,0.8924407293609371,43,Marketing Professional,14500.0,Retirement,656,1232700.0,0.9262849413886384,2.825595315297587
U0015,2018-05,Shopping,582.48,113721.0,40246.74,40246.74,-73474.26,-182.56,110900.0,96900.0,40246.74,1.447272499586302,0.5122009127601763,-73474.26000000001,-182.55953152975871,0.01447272499586302,43,Marketing Professional,14500.0,Retirement,656,1232700.0,0.9262849413886384,2.825595315297587
U0015,2018-06,Bills,64339.4,117745.77,42818.28,42818.28,-74927.49,-174.99,110900.0,96900.0,42818.28,150.26152381646344,54.642642364137586,-74927.49,-174.98949046995818,1.5026152381646345,43,Marketing Professional,14500.0,Retirement,656,1232700.0,0.9262849413886384,2.7498949046995818
U0015,2018-06,Food,1890.53,117745.77,42818.28,42818.28,-74927.49,-174.99,110900.0,96900.0,42818.28,4.415240406667433,1.605603326556869,-74927.49,-174.98949046995818,0.044152404066674325,43,Marketing Professional,14500.0,Retirement,656,1232700.0,0.9262849413886384,2.7498949046995818
U0015,2018-06,Fuel,5192.05,117745.77,42818.28,42818.28,-74927.49,-174.99,110900.0,96900.0,42818.28,12.125778989721212,4.4095426952492645,-74927.49,-174.98949046995818,0.12125778989721213,43,Marketing Professional,14500.0,Retirement,656,1232700.0,0.9262849413886384,2.7498949046995818
U0015,2018-06,Groceries,1426.42,117745.77,42818.28,42818.28,-74927.49,-174.99,110900.0,96900.0,42818.28,3.331334187174263,1.2114405468663545,-74927.49,-174.98949046995818,0.03331334187174263,43,Marketing Professional,14500.0,Retirement,656,1232700.0,0.9262849413886384,2.7498949046995818
U0015,2018-06,Miscellaneous,74.56,117745.77,42818.28,42818.28,-74927.49,-174.99,110900.0,96900.0,42818.28,0.17413123553771895,0.0633228692631591,-74927.49,-174.98949046995818,0.0017413123553771895,43,Marketing Professional,14500.0,Retirement,656,1232700.0,0.9262849413886384,2.7498949046995818
U0015,2018-06,Other,875.76,117745.77,42818.28,42818.28,-74927.49,-174.99,110900.0,96900.0,42818.28,2.0452946732096664,0.7437719418710328,-74927.49,-174.98949046995818,0.020452946732096664,43,Marketing Professional,14500.0,Retirement,656,1232700.0,0.9262849413886384,2.7498949046995818
U0015,2018-06,Rent,42719.73,117745.77,42818.28,42818.28,-74927.49,-174.99,110900.0,96900.0,42818.28,99.76984129208367,36.28132883244978,-74927.49,-174.98949046995818,0.9976984129208367,43,Marketing Professional,14500.0,Retirement,656,1232700.0,0.9262849413886384,2.7498949046995818
U0015,2018-06,Shopping,288.0,117745.77,42818.28,42818.28,-74927.49,-174.99,110900.0,96900.0,42818.28,0.6726099226778843,0.24459477397786775,-74927.49,-174.98949046995818,0.006726099226778843,43,Marketing Professional,14500.0,Retirement,656,1232700.0,0.9262849413886384,2.7498949046995818
U0015,2018-06,Subscription,939.32,117745.77,42818.28,42818.28,-74927.49,-174.99,110900.0,96900.0,42818.28,2.1937359464228834,0.7977526496280928,-74927.49,-174.98949046995818,0.021937359464228832,43,Marketing Professional,14500.0,Retirement,656,1232700.0,0.9262849413886384,2.7498949046995818
U0015,2018-07,Bills,41486.67,67645.84,85916.22,85916.22,18270.38,21.27,110900.0,96900.0,85916.22,48.28735482077773,61.32922586222597,18270.380000000005,21.26534430867653,0.4828735482077773,43,Marketing Professional,14500.0,Retirement,656,1232700.0,0.9262849413886384,0.7873465569132347
U0015,2018-07,Entertainment,319.96,67645.84,85916.22,85916.22,18270.38,21.27,110900.0,96900.0,85916.22,0.3724093075789414,0.47299286992370854,18270.380000000005,21.26534430867653,0.003724093075789414,43,Marketing Professional,14500.0,Retirement,656,1232700.0,0.9262849413886384,0.7873465569132347
U0015,2018-07,Food,5437.06,67645.84,85916.22,85916.22,18270.38,21.27,110900.0,96900.0,85916.22,6.328327759298535,8.03753785894299,18270.380000000005,21.26534430867653,0.06328327759298535,43,Marketing Professional,14500.0,Retirement,656,1232700.0,0.9262849413886384,0.7873465569132347
U0015,2018-07,Fuel,6171.360000000001,67645.84,85916.22,85916.22,18270.38,21.27,110900.0,96900.0,85916.22,7.182997576010678,9.123044373460365,18270.380000000005,21.26534430867653,0.07182997576010677,43,Marketing Professional,14500.0,Retirement,656,1232700.0,0.9262849413886384,0.7873465569132347
U0015,2018-07,Groceries,3803.69,67645.84,85916.22,85916.22,18270.38,21.27,110900.0,96900.0,85916.22,4.42720827336212,5.622947397800072,18270.380000000005,21.26534430867653,0.044272082733621196,43,Marketing Professional,14500.0,Retirement,656,1232700.0,0.9262849413886384,0.7873465569132347
U0015,2018-07,Other,931.62,67645.84,85916.22,85916.22,18270.38,21.27,110900.0,96900.0,85916.22,1.0843354141976915,1.3772022048953787,18270.380000000005,21.26534430867653,0.010843354141976916,43,Marketing Professional,14500.0,Retirement,656,1232700.0,0.9262849413886384,0.7873465569132347
U0015,2018-07,Shopping,9495.48,67645.84,85916.22,85916.22,18270.38,21.27,110900.0,96900.0,85916.22,11.052022540097784,14.03704943275152,18270.380000000005,21.26534430867653,0.11052022540097783,43,Marketing Professional,14500.0,Retirement,656,1232700.0,0.9262849413886384,0.7873465569132347
U0015,2018-08,Bills,5593.15,160331.2,,0.0,-160331.2,0.0,110900.0,96900.0,110900.0,5.0434174932371505,3.488497560050695,-49431.20000000001,-44.57276825969343,0.050434174932371505,43,Marketing Professional,14500.0,Retirement,656,1232700.0,0.9262849413886384,1.4457276825969343
U0015,2018-08,Entertainment,319.43,160331.2,,0.0,-160331.2,0.0,110900.0,96900.0,110900.0,0.288034265103697,0.19923134112387356,-49431.20000000001,-44.57276825969343,0.00288034265103697,43,Marketing Professional,14500.0,Retirement,656,1232700.0,0.9262849413886384,1.4457276825969343
U0015,2018-08,Food,4015.27,160331.2,,0.0,-160331.2,0.0,110900.0,96900.0,110900.0,3.620622182146078,2.504359725368487,-49431.20000000001,-44.57276825969343,0.03620622182146078,43,Marketing Professional,14500.0,Retirement,656,1232700.0,0.9262849413886384,1.4457276825969343
U0015,2018-08,Fuel,5000.0,160331.2,,0.0,-160331.2,0.0,110900.0,96900.0,110900.0,4.508566275924256,3.11854461265181,-49431.20000000001,-44.57276825969343,0.04508566275924256,43,Marketing Professional,14500.0,Retirement,656,1232700.0,0.9262849413886384,1.4457276825969343
U0015,2018-08,Groceries,5679.84,160331.2,,0.0,-160331.2,0.0,110900.0,96900.0,110900.0,5.121587015329125,3.542566886544852,-49431.20000000001,-44.57276825969343,0.05121587015329125,43,Marketing Professional,14500.0,Retirement,656,1232700.0,0.9262849413886384,1.4457276825969343
U0015,2018-08,Insurance,19993.79,160331.2,,0.0,-160331.2,0.0,110900.0,96900.0,110900.0,18.028665464382325,12.470305218198328,-49431.20000000001,-44.57276825969343,0.18028665464382326,43,Marketing Professional,14500.0,Retirement,656,1232700.0,0.9262849413886384,1.4457276825969343
U0015,2018-08,Miscellaneous,2956.05,160331.2,,0.0,-160331.2,0.0,110900.0,96900.0,110900.0,2.6655094679891795,1.8437147604458768,-49431.20000000001,-44.57276825969343,0.026655094679891796,43,Marketing Professional,14500.0,Retirement,656,1232700.0,0.9262849413886384,1.4457276825969343
U0015,2018-08,Other,2622.5600000000004,160331.2,,0.0,-160331.2,0.0,110900.0,96900.0,110900.0,2.3647971145175837,1.6357140718712266,-49431.20000000001,-44.57276825969343,0.023647971145175837,43,Marketing Professional,14500.0,Retirement,656,1232700.0,0.9262849413886384,1.4457276825969343
U0015,2018-08,Rent,108013.86,160331.2,,0.0,-160331.2,0.0,110900.0,96900.0,110900.0,97.39752930568079,67.36920823894538,-49431.20000000001,-44.57276825969343,0.973975293056808,43,Marketing Professional,14500.0,Retirement,656,1232700.0,0.9262849413886384,1.4457276825969343
U0015,2018-08,Shopping,6137.25,160331.2,,0.0,-160331.2,0.0,110900.0,96900.0,110900.0,5.534039675383228,3.8278575847994647,-49431.20000000001,-44.57276825969343,0.05534039675383228,43,Marketing Professional,14500.0,Retirement,656,1232700.0,0.9262849413886384,1.4457276825969343
U0015,2018-09,Bills,20646.1,41791.27,,0.0,-41791.27,0.0,110900.0,96900.0,110900.0,18.616862037871957,49.40290161079096,69108.73000000001,62.316257889990986,0.18616862037871956,43,Marketing Professional,14500.0,Retirement,656,1232700.0,0.9262849413886384,0.37683742110009016
U0015,2018-09,Food,1999.12,41791.27,,0.0,-41791.27,0.0,110900.0,96900.0,110900.0,1.8026330027051396,4.7835827913341715,69108.73000000001,62.316257889990986,0.018026330027051396,43,Marketing Professional,14500.0,Retirement,656,1232700.0,0.9262849413886384,0.37683742110009016
U0015,2018-09,Groceries,7052.33,41791.27,,0.0,-41791.27,0.0,110900.0,96900.0,110900.0,6.3591794409377815,16.875127269403396,69108.73000000001,62.316257889990986,0.06359179440937782,43,Marketing Professional,14500.0,Retirement,656,1232700.0,0.9262849413886384,0.37683742110009016
U0015,2018-09,Insurance,8247.96,41791.27,,0.0,-41791.27,0.0,110900.0,96900.0,110900.0,7.437294860234445,19.7360836366064,69108.73000000001,62.316257889990986,0.07437294860234445,43,Marketing Professional,14500.0,Retirement,656,1232700.0,0.9262849413886384,0.37683742110009016
U0015,2018-09,Miscellaneous,1580.1,41791.27,,0.0,-41791.27,0.0,110900.0,96900.0,110900.0,1.4247971145175833,3.7809331948993177,69108.73000000001,62.316257889990986,0.014247971145175833,43,Marketing Professional,14500.0,Retirement,656,1232700.0,0.9262849413886384,0.37683742110009016
U0015,2018-09,Other,127.89,41791.27,,0.0,-41791.27,0.0,110900.0,96900.0,110900.0,0.11532010820559063,0.3060208507662007,69108.73000000001,62.316257889990986,0.0011532010820559063,43,Marketing Professional,14500.0,Retirement,656,1232700.0,0.9262849413886384,0.37683742110009016
U0015,2018-09,Shopping,1888.15,41791.27,,0.0,-41791.27,0.0,110900.0,96900.0,110900.0,1.7025698827772768,4.518048865229509,69108.73000000001,62.316257889990986,0.01702569882777277,43,Marketing Professional,14500.0,Retirement,656,1232700.0,0.9262849413886384,0.37683742110009016
U0015,2018-09,Subscription,249.62,41791.27,,0.0,-41791.27,0.0,110900.0,96900.0,110900.0,0.22508566275924258,0.5973017809700448,69108.73000000001,62.316257889990986,0.002250856627592426,43,Marketing Professional,14500.0,Retirement,656,1232700.0,0.9262849413886384,0.37683742110009016
U0015,2018-10,Bills,7981.06,135509.06,,0.0,-135509.06,0.0,110900.0,96900.0,110900.0,7.1966275924256085,5.889687375884683,-24609.059999999998,-22.190315599639312,0.07196627592425608,43,Marketing Professional,14500.0,Retirement,656,1232700.0,0.9262849413886384,1.221903155996393
U0015,2018-10,Groceries,7232.360000000001,135509.06,,0.0,-135509.06,0.0,110900.0,96900.0,110900.0,6.521514878268711,5.337178193103842,-24609.059999999998,-22.190315599639312,0.06521514878268711,43,Marketing Professional,14500.0,Retirement,656,1232700.0,0.9262849413886384,1.221903155996393
U0015,2018-10,Investment,32650.69,135509.06,,0.0,-135509.06,0.0,110900.0,96900.0,110900.0,29.441559963931468,24.094839119982087,-24609.059999999998,-22.190315599639312,0.2944155996393147,43,Marketing Professional,14500.0,Retirement,656,1232700.0,0.9262849413886384,1.221903155996393
U0015,2018-10,Miscellaneous,7066.66,135509.06,,0.0,-135509.06,0.0,110900.0,96900.0,110900.0,6.37210099188458,5.2148985462669435,-24609.059999999998,-22.190315599639312,0.0637210099188458,43,Marketing Professional,14500.0,Retirement,656,1232700.0,0.9262849413886384,1.221903155996393
U0015,2018-10,Other,154.19,135509.06,,0.0,-135509.06,0.0,110900.0,96900.0,110900.0,0.13903516681695222,0.11378574982366493,-24609.059999999998,-22.190315599639312,0.001390351668169522,43,Marketing Professional,14500.0,Retirement,656,1232700.0,0.9262849413886384,1.221903155996393
U0015,2018-10,Rent,22081.97,135509.06,,0.0,-135509.06,0.0,110900.0,96900.0,110900.0,19.91160504959423,16.295567248418667,-24609.059999999998,-22.190315599639312,0.1991160504959423,43,Marketing Professional,14500.0,Retirement,656,1232700.0,0.9262849413886384,1.221903155996393
U0015,2018-10,Shopping,58342.13,135509.06,,0.0,-135509.06,0.0,110900.0,96900.0,110900.0,52.607871956717766,43.05404376652011,-24609.059999999998,-22.190315599639312,0.5260787195671777,43,Marketing Professional,14500.0,Retirement,656,1232700.0,0.9262849413886384,1.221903155996393
U0015,2018-11,Bills,29392.13,141055.98,,4264.93,-136791.05,-3207.35,110900.0,96900.0,110900.0,26.503273219116323,20.837209454005425,-30155.98000000001,-27.192046889089276,0.26503273219116324,43,Marketing Professional,14500.0,Retirement,656,1232700.0,0.9262849413886384,1.2719204688908927
U0015,2018-11,Food,6122.849999999999,141055.98,,4264.93,-136791.05,-3207.35,110900.0,96900.0,110900.0,5.521055004508566,4.340723448945588,-30155.98000000001,-27.192046889089276,0.055210550045085655,43,Marketing Professional,14500.0,Retirement,656,1232700.0,0.9262849413886384,1.2719204688908927
U0015,2018-11,Fuel,11365.05,141055.98,,4264.93,-136791.05,-3207.35,110900.0,96900.0,110900.0,10.248016230838592,8.05712030074868,-30155.98000000001,-27.192046889089276,0.10248016230838593,43,Marketing Professional,14500.0,Retirement,656,1232700.0,0.9262849413886384,1.2719204688908927
U0015,2018-11,Groceries,4288.28,141055.98,,4264.93,-136791.05,-3207.35,110900.0,96900.0,110900.0,3.8667989179440934,3.040126338493412,-30155.98000000001,-27.192046889089276,0.038667989179440934,43,Marketing Professional,14500.0,Retirement,656,1232700.0,0.9262849413886384,1.2719204688908927
U0015,2018-11,Insurance,8042.74,141055.98,,4264.93,-136791.05,-3207.35,110900.0,96900.0,110900.0,7.25224526600541,5.701807183219031,-30155.98000000001,-27.192046889089276,0.0725224526600541,43,Marketing Professional,14500.0,Retirement,656,1232700.0,0.9262849413886384,1.2719204688908927
U0015,2018-11,Miscellaneous,8310.27,141055.98,,4264.93,-136791.05,-3207.35,110900.0,96900.0,110900.0,7.493480613165014,5.891469471907536,-30155.98000000001,-27.192046889089276,0.07493480613165014,43,Marketing Professional,14500.0,Retirement,656,1232700.0,0.9262849413886384,1.2719204688908927
U0015,2018-11,Other,943.98,141055.98,,4264.93,-136791.05,-3207.35,110900.0,96900.0,110900.0,0.8511992786293958,0.669223665668056,-30155.98000000001,-27.192046889089276,0.008511992786293958,43,Marketing Professional,14500.0,Retirement,656,1232700.0,0.9262849413886384,1.2719204688908927
U0015,2018-11,Rent,71149.76000000001,141055.98,,4264.93,-136791.05,-3207.35,110900.0,96900.0,110900.0,64.15668169522093,50.440796625566676,-30155.98000000001,-27.192046889089276,0.6415668169522093,43,Marketing Professional,14500.0,Retirement,656,1232700.0,0.9262849413886384,1.2719204688908927
U0015,2018-11,Subscription,1440.92,141055.98,,4264.93,-136791.05,-3207.35,110900.0,96900.0,110900.0,1.2992966636609558,1.0215235114455978,-30155.98000000001,-27.192046889089276,0.012992966636609558,43,Marketing Professional,14500.0,Retirement,656,1232700.0,0.9262849413886384,1.2719204688908927
U0015,2018-12,Bills,11709.06,37960.82,,0.0,-37960.82,0.0,110900.0,96900.0,110900.0,10.558214607754733,30.84511873031194,72939.18,65.7702254283138,0.10558214607754733,43,Marketing Professional,14500.0,Retirement,656,1232700.0,0.9262849413886384,0.34229774571686206
U0015,2018-12,Food,8701.0,37960.82,,0.0,-37960.82,0.0,110900.0,96900.0,110900.0,7.84580703336339,22.921001179637322,72939.18,65.7702254283138,0.0784580703336339,43,Marketing Professional,14500.0,Retirement,656,1232700.0,0.9262849413886384,0.34229774571686206
U0015,2018-12,Fuel,6400.549999999999,37960.82,,0.0,-37960.82,0.0,110900.0,96900.0,110900.0,5.771460775473399,16.860937145193382,72939.18,65.7702254283138,0.057714607754733985,43,Marketing Professional,14500.0,Retirement,656,1232700.0,0.9262849413886384,0.34229774571686206
U0015,2018-12,Groceries,4805.32,37960.82,,0.0,-37960.82,0.0,110900.0,96900.0,110900.0,4.333020739404869,12.65863066182448,72939.18,65.7702254283138,0.04333020739404869,43,Marketing Professional,14500.0,Retirement,656,1232700.0,0.9262849413886384,0.34229774571686206
U0015,2018-12,Other,2506.56,37960.82,,0.0,-37960.82,0.0,110900.0,96900.0,110900.0,2.260198376916141,6.603018586005255,72939.18,65.7702254283138,0.022601983769161407,43,Marketing Professional,14500.0,Retirement,656,1232700.0,0.9262849413886384,0.34229774571686206
U0015,2018-12,Shopping,3838.33,37960.82,,0.0,-37960.82,0.0,110900.0,96900.0,110900.0,3.4610730387736695,10.11129369702762,72939.18,65.7702254283138,0.034610730387736696,43,Marketing Professional,14500.0,Retirement,656,1232700.0,0.9262849413886384,0.34229774571686206
U0015,2019-01,Bills,44315.82,101417.37,55998.36,55998.36,-45419.01,-81.11,110900.0,96900.0,55998.36,79.13771046152065,43.69647921258459,-45419.009999999995,-81.10775029840158,0.7913771046152066,43,Marketing Professional,14500.0,Retirement,656,1232700.0,0.9262849413886384,1.8110775029840158
U0015,2019-01,Food,263.8,101417.37,55998.36,55998.36,-45419.01,-81.11,110900.0,96900.0,55998.36,0.4710852246387216,0.2601132330684576,-45419.009999999995,-81.10775029840158,0.004710852246387216,43,Marketing Professional,14500.0,Retirement,656,1232700.0,0.9262849413886384,1.8110775029840158
U0015,2019-01,Groceries,3737.63,101417.37,55998.36,55998.36,-45419.01,-81.11,110900.0,96900.0,55998.36,6.674534754232088,3.6853943264354023,-45419.009999999995,-81.10775029840158,0.06674534754232088,43,Marketing Professional,14500.0,Retirement,656,1232700.0,0.9262849413886384,1.8110775029840158
U0015,2019-01,Miscellaneous,96.86,101417.37,55998.36,55998.36,-45419.01,-81.11,110900.0,96900.0,55998.36,0.17296935124528648,0.09550632204325551,-45419.009999999995,-81.10775029840158,0.0017296935124528647,43,Marketing Professional,14500.0,Retirement,656,1232700.0,0.9262849413886384,1.8110775029840158
U0015,2019-01,Rent,52371.32,101417.37,55998.36,55998.36,-45419.01,-81.11,110900.0,96900.0,55998.36,93.52295317220005,51.63939865527966,-45419.009999999995,-81.10775029840158,0.9352295317220004,43,Marketing Professional,14500.0,Retirement,656,1232700.0,0.9262849413886384,1.8110775029840158
U0015,2019-01,Shopping,288.0,101417.37,55998.36,55998.36,-45419.01,-81.11,110900.0,96900.0,55998.36,0.5143007759512958,0.2839750232134791,-45419.009999999995,-81.10775029840158,0.0051430077595129575,43,Marketing Professional,14500.0,Retirement,656,1232700.0,0.9262849413886384,1.8110775029840158
U0015,2019-01,Subscription,343.94,101417.37,55998.36,55998.36,-45419.01,-81.11,110900.0,96900.0,55998.36,0.6141965586135023,0.3391332273751528,-45419.009999999995,-81.10775029840158,0.0061419655861350226,43,Marketing Professional,14500.0,Retirement,656,1232700.0,0.9262849413886384,1.8110775029840158
U0015,2019-02,Bills,44059.71,126537.09,,0.0,-126537.09,0.0,110900.0,96900.0,110900.0,39.72922452660054,34.81960111458229,-15637.089999999997,-14.100171325518481,0.39729224526600543,43,Marketing Professional,14500.0,Retirement,656,1232700.0,0.9262849413886384,1.1410017132551848
U0015,2019-02,Entertainment,263.12,126537.09,,0.0,-126537.09,0.0,110900.0,96900.0,110900.0,0.23725879170423805,0.20793903194707575,-15637.089999999997,-14.100171325518481,0.0023725879170423806,43,Marketing Professional,14500.0,Retirement,656,1232700.0,0.9262849413886384,1.1410017132551848
U0015,2019-02,Food,2629.66,126537.09,,0.0,-126537.09,0.0,110900.0,96900.0,110900.0,2.371199278629396,2.07817328500284,-15637.089999999997,-14.100171325518481,0.023711992786293958,43,Marketing Professional,14500.0,Retirement,656,1232700.0,0.9262849413886384,1.1410017132551848
U0015,2019-02,Fuel,5160.43,126537.09,,0.0,-126537.09,0.0,110900.0,96900.0,110900.0,4.653228133453562,4.078195570958681,-15637.089999999997,-14.100171325518481,0.04653228133453562,43,Marketing Professional,14500.0,Retirement,656,1232700.0,0.9262849413886384,1.1410017132551848
U0015,2019-02,Groceries,5503.33,126537.09,,0.0,-126537.09,0.0,110900.0,96900.0,110900.0,4.962425608656447,4.349183310600868,-15637.089999999997,-14.100171325518481,0.04962425608656447,43,Marketing Professional,14500.0,Retirement,656,1232700.0,0.9262849413886384,1.1410017132551848
U0015,2019-02,Insurance,10905.22,126537.09,,0.0,-126537.09,0.0,110900.0,96900.0,110900.0,9.833381424706943,8.618200402743573,-15637.089999999997,-14.100171325518481,0.09833381424706943,43,Marketing Professional,14500.0,Retirement,656,1232700.0,0.9262849413886384,1.1410017132551848
U0015,2019-02,Miscellaneous,2391.37,126537.09,,0.0,-126537.09,0.0,110900.0,96900.0,110900.0,2.1563300270513976,1.8898569581456315,-15637.089999999997,-14.100171325518481,0.021563300270513976,43,Marketing Professional,14500.0,Retirement,656,1232700.0,0.9262849413886384,1.1410017132551848
U0015,2019-02,Rent,55022.54,126537.09,,0.0,-126537.09,0.0,110900.0,96900.0,110900.0,49.614553651938685,43.483329670375696,-15637.089999999997,-14.100171325518481,0.49614553651938686,43,Marketing Professional,14500.0,Retirement,656,1232700.0,0.9262849413886384,1.1410017132551848
U0015,2019-02,Shopping,601.71,126537.09,,0.0,-126537.09,0.0,110900.0,96900.0,110900.0,0.5425698827772768,0.47552065564333745,-15637.089999999997,-14.100171325518481,0.005425698827772768,43,Marketing Professional,14500.0,Retirement,656,1232700.0,0.9262849413886384,1.1410017132551848
U0015,2019-03,Bills,15462.87,19982.2,,0.0,-19982.2,0.0,110900.0,96900.0,110900.0,13.943074842200181,77.38322106674941,90917.8,81.98178539224527,0.13943074842200182,43,Marketing Professional,14500.0,Retirement,656,1232700.0,0.9262849413886384,0.18018214607754734
U0015,2019-03,Food,4077.04,19982.2,,0.0,-19982.2,0.0,110900.0,96900.0,110900.0,3.676321009918846,20.403358989500656,90917.8,81.98178539224527,0.03676321009918846,43,Marketing Professional,14500.0,Retirement,656,1232700.0,0.9262849413886384,0.18018214607754734
U0015,2019-03,Subscription,442.29,19982.2,,0.0,-19982.2,0.0,110900.0,96900.0,110900.0,0.39881875563570784,2.2134199437499373,90917.8,81.98178539224527,0.003988187556357078,43,Marketing Professional,14500.0,Retirement,656,1232700.0,0.9262849413886384,0.18018214607754734
U0015,2019-04,Bills,48819.55,107892.88,273306.25,273306.25,165413.37,60.52,110900.0,96900.0,273306.25,17.862580895972926,45.24816651478763,165413.37,60.52308353724073,0.17862580895972927,43,Marketing Professional,14500.0,Retirement,656,1232700.0,0.9262849413886384,0.3947691646275927
U0015,2019-04,Entertainment,292.8,107892.88,273306.25,273306.25,165413.37,60.52,110900.0,96900.0,273306.25,0.10713256648905761,0.27138028014452853,165413.37,60.52308353724073,0.0010713256648905761,43,Marketing Professional,14500.0,Retirement,656,1232700.0,0.9262849413886384,0.3947691646275927
U0015,2019-04,Food,1492.33,107892.88,273306.25,273306.25,165413.37,60.52,110900.0,96900.0,273306.25,0.5460284936769649,1.3831589257789763,165413.37,60.52308353724073,0.005460284936769649,43,Marketing Professional,14500.0,Retirement,656,1232700.0,0.9262849413886384,0.3947691646275927
U0015,2019-04,Fuel,2641.52,107892.88,273306.25,273306.25,165413.37,60.52,110900.0,96900.0,273306.25,0.9665055226508724,2.448280183085297,165413.37,60.52308353724073,0.009665055226508724,43,Marketing Professional,14500.0,Retirement,656,1232700.0,0.9262849413886384,0.3947691646275927
U0015,2019-04,Insurance,36880.21,107892.88,273306.25,273306.25,165413.37,60.52,110900.0,96900.0,273306.25,13.494096823618193,34.182246316902464,165413.37,60.52308353724073,0.13494096823618193,43,Marketing Professional,14500.0,Retirement,656,1232700.0,0.9262849413886384,0.3947691646275927
U0015,2019-04,Miscellaneous,60.0,107892.88,273306.25,273306.25,165413.37,60.52,110900.0,96900.0,273306.25,0.021953394772347867,0.0556107131443706,165413.37,60.52308353724073,0.0002195339477234787,43,Marketing Professional,14500.0,Retirement,656,1232700.0,0.9262849413886384,0.3947691646275927
U0015,2019-04,Shopping,17706.47,107892.88,273306.25,273306.25,165413.37,60.52,110900.0,96900.0,273306.25,6.478618765578907,16.41115706615673,165413.37,60.52308353724073,0.06478618765578907,43,Marketing Professional,14500.0,Retirement,656,1232700.0,0.9262849413886384,0.3947691646275927
U0015,2019-05,Bills,14349.8,72982.56,,0.0,-72982.56,0.0,110900.0,96900.0,110900.0,12.939404869251577,19.66195759644496,37917.44,34.190658250676286,0.12939404869251578,43,Marketing Professional,14500.0,Retirement,656,1232700.0,0.9262849413886384,0.6580934174932371
U0015,2019-05,Food,929.34,72982.56,,0.0,-72982.56,0.0,110900.0,96900.0,110900.0,0.8379981965734896,1.2733727071234553,37917.44,34.190658250676286,0.008379981965734896,43,Marketing Professional,14500.0,Retirement,656,1232700.0,0.9262849413886384,0.6580934174932371
U0015,2019-05,Groceries,1414.28,72982.56,,0.0,-72982.56,0.0,110900.0,96900.0,110900.0,1.2752750225428313,1.9378328192379108,37917.44,34.190658250676286,0.012752750225428313,43,Marketing Professional,14500.0,Retirement,656,1232700.0,0.9262849413886384,0.6580934174932371
U0015,2019-05,Insurance,8080.37,72982.56,,0.0,-72982.56,0.0,110900.0,96900.0,110900.0,7.2861767357980165,11.071645061505105,37917.44,34.190658250676286,0.07286176735798017,43,Marketing Professional,14500.0,Retirement,656,1232700.0,0.9262849413886384,0.6580934174932371
U0015,2019-05,Miscellaneous,2026.71,72982.56,,0.0,-72982.56,0.0,110900.0,96900.0,110900.0,1.82751127141569,2.776978500069058,37917.44,34.190658250676286,0.0182751127141569,43,Marketing Professional,14500.0,Retirement,656,1232700.0,0.9262849413886384,0.6580934174932371
U0015,2019-05,Other,1423.67,72982.56,,0.0,-72982.56,0.0,110900.0,96900.0,110900.0,1.2837421100090172,1.95069890669771,37917.44,34.190658250676286,0.012837421100090172,43,Marketing Professional,14500.0,Retirement,656,1232700.0,0.9262849413886384,0.6580934174932371
U0015,2019-05,Rent,43761.7,72982.56,,0.0,-72982.56,0.0,110900.0,96900.0,110900.0,39.4605049594229,59.961859381200114,37917.44,34.190658250676286,0.394605049594229,43,Marketing Professional,14500.0,Retirement,656,1232700.0,0.9262849413886384,0.6580934174932371
U0015,2019-05,Shopping,996.69,72982.56,,0.0,-72982.56,0.0,110900.0,96900.0,110900.0,0.8987285843101893,1.3656550277216915,37917.44,34.190658250676286,0.008987285843101893,43,Marketing Professional,14500.0,Retirement,656,1232700.0,0.9262849413886384,0.6580934174932371
U0015,2019-06,Bills,52471.96,100446.39,,0.0,-100446.39,0.0,110900.0,96900.0,110900.0,47.3146618575293,52.23877134857708,10453.61,9.426158701532913,0.47314661857529305,43,Marketing Professional,14500.0,Retirement,656,1232700.0,0.9262849413886384,0.9057384129846708
U0015,2019-06,Entertainment,154.0,100446.39,,0.0,-100446.39,0.0,110900.0,96900.0,110900.0,0.1388638412984671,0.1533156144287515,10453.61,9.426158701532913,0.001388638412984671,43,Marketing Professional,14500.0,Retirement,656,1232700.0,0.9262849413886384,0.9057384129846708
U0015,2019-06,Food,5283.58,100446.39,,0.0,-100446.39,0.0,110900.0,96900.0,110900.0,4.764274120829576,5.260099442100408,10453.61,9.426158701532913,0.04764274120829576,43,Marketing Professional,14500.0,Retirement,656,1232700.0,0.9262849413886384,0.9057384129846708
U0015,2019-06,Groceries,2233.02,100446.39,,0.0,-100446.39,0.0,110900.0,96900.0,110900.0,2.0135437330928765,2.2230963203356535,10453.61,9.426158701532913,0.020135437330928766,43,Marketing Professional,14500.0,Retirement,656,1232700.0,0.9262849413886384,0.9057384129846708
U0015,2019-06,Insurance,21843.77,100446.39,,0.0,-100446.39,0.0,110900.0,96900.0,110900.0,19.696816952209197,21.74669492850863,10453.61,9.426158701532913,0.19696816952209198,43,Marketing Professional,14500.0,Retirement,656,1232700.0,0.9262849413886384,0.9057384129846708
U0015,2019-06,Miscellaneous,1585.54,100446.39,,0.0,-100446.39,0.0,110900.0,96900.0,110900.0,1.429702434625789,1.5784937616971602,10453.61,9.426158701532913,0.014297024346257889,43,Marketing Professional,14500.0,Retirement,656,1232700.0,0.9262849413886384,0.9057384129846708
U0015,2019-06,Other,880.33,100446.39,,0.0,-100446.39,0.0,110900.0,96900.0,110900.0,0.7938052299368802,0.8764177587666417,10453.61,9.426158701532913,0.007938052299368802,43,Marketing Professional,14500.0,Retirement,656,1232700.0,0.9262849413886384,0.9057384129846708
U0015,2019-06,Rent,15994.19,100446.39,,0.0,-100446.39,0.0,110900.0,96900.0,110900.0,14.422173128944996,15.923110825585669,10453.61,9.426158701532913,0.14422173128944996,43,Marketing Professional,14500.0,Retirement,656,1232700.0,0.9262849413886384,0.9057384129846708
U0015,2019-07,Bills,34710.08,39032.3,52599.6,52599.6,13567.3,25.79,110900.0,96900.0,52599.6,65.98924706651762,88.92655569874181,13567.299999999996,25.793542156214105,0.6598924706651762,43,Marketing Professional,14500.0,Retirement,656,1232700.0,0.9262849413886384,0.7420645784378589
U0015,2019-07,Food,1657.99,39032.3,52599.6,52599.6,13567.3,25.79,110900.0,96900.0,52599.6,3.1520962136594193,4.247738411520715,13567.299999999996,25.793542156214105,0.031520962136594194,43,Marketing Professional,14500.0,Retirement,656,1232700.0,0.9262849413886384,0.7420645784378589
U0015,2019-07,Groceries,1700.33,39032.3,52599.6,52599.6,13567.3,25.79,110900.0,96900.0,52599.6,3.232591122365949,4.356212675143406,13567.299999999996,25.793542156214105,0.03232591122365949,43,Marketing Professional,14500.0,Retirement,656,1232700.0,0.9262849413886384,0.7420645784378589
U0015,2019-07,Miscellaneous,532.26,39032.3,52599.6,52599.6,13567.3,25.79,110900.0,96900.0,52599.6,1.0119088358086372,1.3636398572464343,13567.299999999996,25.793542156214105,0.010119088358086373,43,Marketing Professional,14500.0,Retirement,656,1232700.0,0.9262849413886384,0.7420645784378589
U0015,2019-07,Other,431.64,39032.3,52599.6,52599.6,13567.3,25.79,110900.0,96900.0,52599.6,0.8206146054342618,1.1058533573476323,13567.299999999996,25.793542156214105,0.008206146054342618,43,Marketing Professional,14500.0,Retirement,656,1232700.0,0.9262849413886384,0.7420645784378589
U0015,2019-08,Bills,16742.93,96884.35,,0.0,-96884.35,0.0,110900.0,96900.0,110900.0,15.0973219116321,17.28135658648688,14015.649999999994,12.638097385031555,0.150973219116321,43,Marketing Professional,14500.0,Retirement,656,1232700.0,0.9262849413886384,0.8736190261496845
U0015,2019-08,Food,2969.0200000000004,96884.35,,0.0,-96884.35,0.0,110900.0,96900.0,110900.0,2.6772046889089274,3.0644990651224893,14015.649999999994,12.638097385031555,0.026772046889089275,43,Marketing Professional,14500.0,Retirement,656,1232700.0,0.9262849413886384,0.8736190261496845
U0015,2019-08,Groceries,857.93,96884.35,,0.0,-96884.35,0.0,110900.0,96900.0,110900.0,0.7736068530207393,0.8855196943572412,14015.649999999994,12.638097385031555,0.007736068530207393,43,Marketing Professional,14500.0,Retirement,656,1232700.0,0.9262849413886384,0.8736190261496845
U0015,2019-08,Insurance,8269.12,96884.35,,0.0,-96884.35,0.0,110900.0,96900.0,110900.0,7.4563751127141575,8.535042037233053,14015.649999999994,12.638097385031555,0.07456375112714157,43,Marketing Professional,14500.0,Retirement,656,1232700.0,0.9262849413886384,0.8736190261496845
U0015,2019-08,Investment,27451.88,96884.35,,0.0,-96884.35,0.0,110900.0,96900.0,110900.0,24.753724075743914,28.334689761555914,14015.649999999994,12.638097385031555,0.24753724075743913,43,Marketing Professional,14500.0,Retirement,656,1232700.0,0.9262849413886384,0.8736190261496845
U0015,2019-08,Other,4288.99,96884.35,,0.0,-96884.35,0.0,110900.0,96900.0,110900.0,3.867439134355275,4.426917247212785,14015.649999999994,12.638097385031555,0.03867439134355275,43,Marketing Professional,14500.0,Retirement,656,1232700.0,0.9262849413886384,0.8736190261496845
U0015,2019-08,Rent,23471.04,96884.35,,0.0,-96884.35,0.0,110900.0,96900.0,110900.0,21.164147880973854,24.225832139039998,14015.649999999994,12.638097385031555,0.21164147880973852,43,Marketing Professional,14500.0,Retirement,656,1232700.0,0.9262849413886384,0.8736190261496845
U0015,2019-08,Shopping,12833.44,96884.35,,0.0,-96884.35,0.0,110900.0,96900.0,110900.0,11.572082957619477,13.246143468991638,14015.649999999994,12.638097385031555,0.11572082957619477,43,Marketing Professional,14500.0,Retirement,656,1232700.0,0.9262849413886384,0.8736190261496845
U0015,2019-09,Bills,12068.740000000002,62110.14,,0.0,-62110.14,0.0,110900.0,96900.0,110900.0,10.882542831379622,19.431191106637343,48789.86,43.99446348061316,0.10882542831379623,43,Marketing Professional,14500.0,Retirement,656,1232700.0,0.9262849413886384,0.5600553651938683
U0015,2019-09,Food,232.0,62110.14,,0.0,-62110.14,0.0,110900.0,96900.0,110900.0,0.20919747520288548,0.3735299904331241,48789.86,43.99446348061316,0.002091974752028855,43,Marketing Professional,14500.0,Retirement,656,1232700.0,0.9262849413886384,0.5600553651938683
U0015,2019-09,Groceries,14187.94,62110.14,,0.0,-62110.14,0.0,110900.0,96900.0,110900.0,12.79345356176736,22.843194364076464,48789.86,43.99446348061316,0.1279345356176736,43,Marketing Professional,14500.0,Retirement,656,1232700.0,0.9262849413886384,0.5600553651938683
U0015,2019-09,Investment,30485.85,62110.14,,0.0,-62110.14,0.0,110900.0,96900.0,110900.0,27.489495040577093,49.08353128812783,48789.86,43.99446348061316,0.27489495040577094,43,Marketing Professional,14500.0,Retirement,656,1232700.0,0.9262849413886384,0.5600553651938683
U0015,2019-09,Miscellaneous,3798.34,62110.14,,0.0,-62110.14,0.0,110900.0,96900.0,110900.0,3.425013525698828,6.1154909649213485,48789.86,43.99446348061316,0.03425013525698828,43,Marketing Professional,14500.0,Retirement,656,1232700.0,0.9262849413886384,0.5600553651938683
U0015,2019-09,Other,172.36,62110.14,,0.0,-62110.14,0.0,110900.0,96900.0,110900.0,0.15541929666366097,0.27750702220281587,48789.86,43.99446348061316,0.0015541929666366098,43,Marketing Professional,14500.0,Retirement,656,1232700.0,0.9262849413886384,0.5600553651938683
U0015,2019-09,Shopping,1164.91,62110.14,,0.0,-62110.14,0.0,110900.0,96900.0,110900.0,1.050414788097385,1.8755552636010804,48789.86,43.99446348061316,0.010504147880973851,43,Marketing Professional,14500.0,Retirement,656,1232700.0,0.9262849413886384,0.5600553651938683
U0016,2018-01,Bills,12184.38,60902.0,,0.0,-60902.0,0.0,105100.0,59800.0,105100.0,11.593130352045671,20.006535089159634,44198.0,42.05328258801142,0.1159313035204567,23,Accountant,19500.0,Buy a House,701,821100.0,0.65104662226451,0.5794671741198858
U0016,2018-01,Food,5273.31,60902.0,,0.0,-60902.0,0.0,105100.0,59800.0,105100.0,5.017421503330162,8.658681159896227,44198.0,42.05328258801142,0.05017421503330162,23,Accountant,19500.0,Buy a House,701,821100.0,0.65104662226451,0.5794671741198858
U0016,2018-01,Fuel,8822.93,60902.0,,0.0,-60902.0,0.0,105100.0,59800.0,105100.0,8.394795432921027,14.487094019900827,44198.0,42.05328258801142,0.08394795432921028,23,Accountant,19500.0,Buy a House,701,821100.0,0.65104662226451,0.5794671741198858
U0016,2018-01,Groceries,2959.12,60902.0,,0.0,-60902.0,0.0,105100.0,59800.0,105100.0,2.8155280685061843,4.858822370365505,44198.0,42.05328258801142,0.028155280685061845,23,Accountant,19500.0,Buy a House,701,821100.0,0.65104662226451,0.5794671741198858
U0016,2018-01,Miscellaneous,520.99,60902.0,,0.0,-60902.0,0.0,105100.0,59800.0,105100.0,0.4957088487155091,0.8554563068536337,44198.0,42.05328258801142,0.004957088487155091,23,Accountant,19500.0,Buy a House,701,821100.0,0.65104662226451,0.5794671741198858
U0016,2018-01,Other,3660.1,60902.0,,0.0,-60902.0,0.0,105100.0,59800.0,105100.0,3.4824928639391053,6.009819053561459,44198.0,42.05328258801142,0.03482492863939105,23,Accountant,19500.0,Buy a House,701,821100.0,0.65104662226451,0.5794671741198858
U0016,2018-01,Rent,27481.17,60902.0,,0.0,-60902.0,0.0,105100.0,59800.0,105100.0,26.14764034253092,45.12359200026271,44198.0,42.05328258801142,0.2614764034253092,23,Accountant,19500.0,Buy a House,701,821100.0,0.65104662226451,0.5794671741198858
U0016,2018-02,Bills,31194.0,48545.77,,0.0,-48545.77,0.0,105100.0,59800.0,105100.0,29.680304471931496,64.25688582135993,56554.23,53.80992388201713,0.29680304471931496,23,Accountant,19500.0,Buy a House,701,821100.0,0.65104662226451,0.4619007611798287
U0016,2018-02,Food,6475.56,48545.77,,0.0,-48545.77,0.0,105100.0,59800.0,105100.0,6.161332064700286,13.339081860273309,56554.23,53.80992388201713,0.06161332064700286,23,Accountant,19500.0,Buy a House,701,821100.0,0.65104662226451,0.4619007611798287
U0016,2018-02,Groceries,7873.1,48545.77,,0.0,-48545.77,0.0,105100.0,59800.0,105100.0,7.49105613701237,16.217890868761582,56554.23,53.80992388201713,0.0749105613701237,23,Accountant,19500.0,Buy a House,701,821100.0,0.65104662226451,0.4619007611798287
U0016,2018-02,Other,1276.15,48545.77,,0.0,-48545.77,0.0,105100.0,59800.0,105100.0,1.2142245480494769,2.6287563262463447,56554.23,53.80992388201713,0.012142245480494768,23,Accountant,19500.0,Buy a House,701,821100.0,0.65104662226451,0.4619007611798287
U0016,2018-02,Shopping,614.7,48545.77,,0.0,-48545.77,0.0,105100.0,59800.0,105100.0,0.5848715509039011,1.2662277269471678,56554.23,53.80992388201713,0.005848715509039011,23,Accountant,19500.0,Buy a House,701,821100.0,0.65104662226451,0.4619007611798287
U0016,2018-02,Subscription,1112.26,48545.77,,0.0,-48545.77,0.0,105100.0,59800.0,105100.0,1.0582873453853474,2.291157396411675,56554.23,53.80992388201713,0.010582873453853473,23,Accountant,19500.0,Buy a House,701,821100.0,0.65104662226451,0.4619007611798287
U0016,2018-03,Bills,43822.5,123387.93,,0.0,-123387.93,0.0,105100.0,59800.0,105100.0,41.696003805899146,35.51603467211096,-18287.929999999993,-17.40050428163653,0.41696003805899146,23,Accountant,19500.0,Buy a House,701,821100.0,0.65104662226451,1.1740050428163653
U0016,2018-03,Entertainment,1422.28,123387.93,,0.0,-123387.93,0.0,105100.0,59800.0,105100.0,1.3532635585156993,1.1526897322939125,-18287.929999999993,-17.40050428163653,0.013532635585156993,23,Accountant,19500.0,Buy a House,701,821100.0,0.65104662226451,1.1740050428163653
U0016,2018-03,Food,3060.37,123387.93,,0.0,-123387.93,0.0,105100.0,59800.0,105100.0,2.9118648905803997,2.480283120075035,-18287.929999999993,-17.40050428163653,0.029118648905803995,23,Accountant,19500.0,Buy a House,701,821100.0,0.65104662226451,1.1740050428163653
U0016,2018-03,Groceries,1893.08,123387.93,,0.0,-123387.93,0.0,105100.0,59800.0,105100.0,1.801217887725975,1.5342505543289364,-18287.929999999993,-17.40050428163653,0.01801217887725975,23,Accountant,19500.0,Buy a House,701,821100.0,0.65104662226451,1.1740050428163653
U0016,2018-03,Insurance,37983.29,123387.93,,0.0,-123387.93,0.0,105100.0,59800.0,105100.0,36.14014272121789,30.783634995740673,-18287.929999999993,-17.40050428163653,0.3614014272121789,23,Accountant,19500.0,Buy a House,701,821100.0,0.65104662226451,1.1740050428163653
U0016,2018-03,Rent,35206.41,123387.93,,0.0,-123387.93,0.0,105100.0,59800.0,105100.0,33.498011417697434,28.53310692545049,-18287.929999999993,-17.40050428163653,0.3349801141769743,23,Accountant,19500.0,Buy a House,701,821100.0,0.65104662226451,1.1740050428163653
U0016,2018-04,Bills,16907.52,40017.34,140096.41,140096.41,100079.07,71.44,105100.0,59800.0,140096.41,12.0684891211702,42.2504844150061,100079.07,71.43585620787857,0.120684891211702,23,Accountant,19500.0,Buy a House,701,821100.0,0.65104662226451,0.2856414379212144
U0016,2018-04,Food,6647.6,40017.34,140096.41,140096.41,100079.07,71.44,105100.0,59800.0,140096.41,4.74501809147001,16.611798785226604,100079.07,71.43585620787857,0.0474501809147001,23,Accountant,19500.0,Buy a House,701,821100.0,0.65104662226451,0.2856414379212144
U0016,2018-04,Fuel,1862.0,40017.34,140096.41,140096.41,100079.07,71.44,105100.0,59800.0,140096.41,1.3290847352905044,4.652982931899023,100079.07,71.43585620787857,0.013290847352905045,23,Accountant,19500.0,Buy a House,701,821100.0,0.65104662226451,0.2856414379212144
U0016,2018-04,Groceries,6978.87,40017.34,140096.41,140096.41,100079.07,71.44,105100.0,59800.0,140096.41,4.981476684520324,17.439614926929178,100079.07,71.43585620787857,0.04981476684520324,23,Accountant,19500.0,Buy a House,701,821100.0,0.65104662226451,0.2856414379212144
U0016,2018-04,Miscellaneous,3732.49,40017.34,140096.41,140096.41,100079.07,71.44,105100.0,59800.0,140096.41,2.6642295830421348,9.327181666747466,100079.07,71.43585620787857,0.02664229583042135,23,Accountant,19500.0,Buy a House,701,821100.0,0.65104662226451,0.2856414379212144
U0016,2018-04,Shopping,2949.78,40017.34,140096.41,140096.41,100079.07,71.44,105100.0,59800.0,140096.41,2.1055357521295512,7.371254561147744,100079.07,71.43585620787857,0.021055357521295514,23,Accountant,19500.0,Buy a House,701,821100.0,0.65104662226451,0.2856414379212144
U0016,2018-04,Subscription,939.08,40017.34,140096.41,140096.41,100079.07,71.44,105100.0,59800.0,140096.41,0.6703098244987149,2.346682713043896,100079.07,71.43585620787857,0.006703098244987149,23,Accountant,19500.0,Buy a House,701,821100.0,0.65104662226451,0.2856414379212144
U0016,2018-05,Bills,13496.11,41582.0,63990.66,63990.66,22408.66,35.02,105100.0,59800.0,63990.66,21.090749806299858,32.45661584339378,22408.660000000003,35.018641783035214,0.21090749806299858,23,Accountant,19500.0,Buy a House,701,821100.0,0.65104662226451,0.6498135821696478
U0016,2018-05,Entertainment,584.59,41582.0,63990.66,63990.66,22408.66,35.02,105100.0,59800.0,63990.66,0.9135551969615565,1.4058727333942571,22408.660000000003,35.018641783035214,0.009135551969615565,23,Accountant,19500.0,Buy a House,701,821100.0,0.65104662226451,0.6498135821696478
U0016,2018-05,Food,817.46,41582.0,63990.66,63990.66,22408.66,35.02,105100.0,59800.0,63990.66,1.2774676804396141,1.9658987061709394,22408.660000000003,35.018641783035214,0.012774676804396142,23,Accountant,19500.0,Buy a House,701,821100.0,0.65104662226451,0.6498135821696478
U0016,2018-05,Fuel,3501.41,41582.0,63990.66,63990.66,22408.66,35.02,105100.0,59800.0,63990.66,5.471751658757699,8.420494444711654,22408.660000000003,35.018641783035214,0.054717516587576995,23,Accountant,19500.0,Buy a House,701,821100.0,0.65104662226451,0.6498135821696478
U0016,2018-05,Groceries,2424.12,41582.0,63990.66,63990.66,22408.66,35.02,105100.0,59800.0,63990.66,3.7882403463255416,5.82973401952768,22408.660000000003,35.018641783035214,0.037882403463255415,23,Accountant,19500.0,Buy a House,701,821100.0,0.65104662226451,0.6498135821696478
U0016,2018-05,Insurance,5629.04,41582.0,63990.66,63990.66,22408.66,35.02,105100.0,59800.0,63990.66,8.796658762388136,13.537203597710548,22408.660000000003,35.018641783035214,0.08796658762388135,23,Accountant,19500.0,Buy a House,701,821100.0,0.65104662226451,0.6498135821696478
U0016,2018-05,Miscellaneous,951.2,41582.0,63990.66,63990.66,22408.66,35.02,105100.0,59800.0,63990.66,1.4864669312677818,2.287528257419076,22408.660000000003,35.018641783035214,0.014864669312677818,23,Accountant,19500.0,Buy a House,701,821100.0,0.65104662226451,0.6498135821696478
U0016,2018-05,Other,1866.62,41582.0,63990.66,63990.66,22408.66,35.02,105100.0,59800.0,63990.66,2.9170194525263526,4.489009667644654,22408.660000000003,35.018641783035214,0.029170194525263527,23,Accountant,19500.0,Buy a House,701,821100.0,0.65104662226451,0.6498135821696478
U0016,2018-05,Shopping,11461.45,41582.0,63990.66,63990.66,22408.66,35.02,105100.0,59800.0,63990.66,17.911129530465853,27.563489009667645,22408.660000000003,35.018641783035214,0.17911129530465852,23,Accountant,19500.0,Buy a House,701,821100.0,0.65104662226451,0.6498135821696478
U0016,2018-05,Subscription,850.0,41582.0,63990.66,63990.66,22408.66,35.02,105100.0,59800.0,63990.66,1.3283188515323956,2.044153720359771,22408.660000000003,35.018641783035214,0.013283188515323955,23,Accountant,19500.0,Buy a House,701,821100.0,0.65104662226451,0.6498135821696478
U0016,2018-06,Bills,8889.52,62888.61000000001,,0.0,-62888.61,0.0,105100.0,59800.0,105100.0,8.458154138915319,14.135341836939947,42211.38999999999,40.16307326355851,0.08458154138915319,23,Accountant,19500.0,Buy a House,701,821100.0,0.65104662226451,0.5983692673644149
U0016,2018-06,Entertainment,223.08,62888.61000000001,,0.0,-62888.61,0.0,105100.0,59800.0,105100.0,0.2122549952426261,0.35472242111886393,42211.38999999999,40.16307326355851,0.0021225499524262607,23,Accountant,19500.0,Buy a House,701,821100.0,0.65104662226451,0.5983692673644149
U0016,2018-06,Food,1326.37,62888.61000000001,,0.0,-62888.61,0.0,105100.0,59800.0,105100.0,1.2620076117982872,2.1090782575731915,42211.38999999999,40.16307326355851,0.012620076117982873,23,Accountant,19500.0,Buy a House,701,821100.0,0.65104662226451,0.5983692673644149
U0016,2018-06,Groceries,1461.0700000000002,62888.61000000001,,0.0,-62888.61,0.0,105100.0,59800.0,105100.0,1.3901712654614655,2.3232664865704615,42211.38999999999,40.16307326355851,0.013901712654614654,23,Accountant,19500.0,Buy a House,701,821100.0,0.65104662226451,0.5983692673644149
U0016,2018-06,Miscellaneous,60.34,62888.61000000001,,0.0,-62888.61,0.0,105100.0,59800.0,105100.0,0.05741198858230257,0.0959474219576486,42211.38999999999,40.16307326355851,0.0005741198858230257,23,Accountant,19500.0,Buy a House,701,821100.0,0.65104662226451,0.5983692673644149
U0016,2018-06,Other,2020.95,62888.61000000001,,0.0,-62888.61,0.0,105100.0,59800.0,105100.0,1.9228829686013322,3.2135389858354317,42211.38999999999,40.16307326355851,0.019228829686013322,23,Accountant,19500.0,Buy a House,701,821100.0,0.65104662226451,0.5983692673644149
U0016,2018-06,Rent,46267.12,62888.61000000001,,0.0,-62888.61,0.0,105100.0,59800.0,105100.0,44.02199809705043,73.56995169713562,42211.38999999999,40.16307326355851,0.4402199809705043,23,Accountant,19500.0,Buy a House,701,821100.0,0.65104662226451,0.5983692673644149
U0016,2018-06,Shopping,2640.16,62888.61000000001,,0.0,-62888.61,0.0,105100.0,59800.0,105100.0,2.512045670789724,4.198152892868835,42211.38999999999,40.16307326355851,0.02512045670789724,23,Accountant,19500.0,Buy a House,701,821100.0,0.65104662226451,0.5983692673644149
U0016,2018-07,Bills,22567.93,79688.79000000001,,0.0,-79688.79,0.0,105100.0,59800.0,105100.0,21.472816365366317,28.32008115570584,25411.209999999992,24.178125594671734,0.21472816365366318,23,Accountant,19500.0,Buy a House,701,821100.0,0.65104662226451,0.7582187440532827
U0016,2018-07,Food,4240.1900000000005,79688.79000000001,,0.0,-79688.79,0.0,105100.0,59800.0,105100.0,4.034433872502379,5.320936608524236,25411.209999999992,24.178125594671734,0.04034433872502379,23,Accountant,19500.0,Buy a House,701,821100.0,0.65104662226451,0.7582187440532827
U0016,2018-07,Fuel,3336.12,79688.79000000001,,0.0,-79688.79,0.0,105100.0,59800.0,105100.0,3.1742340627973356,4.186435758404664,25411.209999999992,24.178125594671734,0.031742340627973355,23,Accountant,19500.0,Buy a House,701,821100.0,0.65104662226451,0.7582187440532827
U0016,2018-07,Groceries,2352.71,79688.79000000001,,0.0,-79688.79,0.0,105100.0,59800.0,105100.0,2.2385442435775453,2.952372598454563,25411.209999999992,24.178125594671734,0.022385442435775452,23,Accountant,19500.0,Buy a House,701,821100.0,0.65104662226451,0.7582187440532827
U0016,2018-07,Other,168.05,79688.79000000001,,0.0,-79688.79,0.0,105100.0,59800.0,105100.0,0.15989533777354903,0.2108828606884356,25411.209999999992,24.178125594671734,0.0015989533777354902,23,Accountant,19500.0,Buy a House,701,821100.0,0.65104662226451,0.7582187440532827
U0016,2018-07,Rent,37725.87,79688.79000000001,,0.0,-79688.79,0.0,105100.0,59800.0,105100.0,35.89521408182683,47.34150185992283,25411.209999999992,24.178125594671734,0.3589521408182683,23,Accountant,19500.0,Buy a House,701,821100.0,0.65104662226451,0.7582187440532827
U0016,2018-07,Shopping,9148.92,79688.79000000001,,0.0,-79688.79,0.0,105100.0,59800.0,105100.0,8.704966698382494,11.48081179297615,25411.209999999992,24.178125594671734,0.08704966698382494,23,Accountant,19500.0,Buy a House,701,821100.0,0.65104662226451,0.7582187440532827
U0016,2018-07,Subscription,149.0,79688.79000000001,,0.0,-79688.79,0.0,105100.0,59800.0,105100.0,0.14176974310180782,0.1869773653232782,25411.209999999992,24.178125594671734,0.001417697431018078,23,Accountant,19500.0,Buy a House,701,821100.0,0.65104662226451,0.7582187440532827
U0016,2018-08,Bills,10753.84,35300.97,,0.0,-35300.97,0.0,105100.0,59800.0,105100.0,10.232007611798286,30.463298883855032,69799.03,66.41201712654615,0.10232007611798287,23,Accountant,19500.0,Buy a House,701,821100.0,0.65104662226451,0.33587982873453853
U0016,2018-08,Entertainment,861.9300000000001,35300.97,,0.0,-35300.97,0.0,105100.0,59800.0,105100.0,0.8201046622264511,2.441660951526261,69799.03,66.41201712654615,0.00820104662226451,23,Accountant,19500.0,Buy a House,701,821100.0,0.65104662226451,0.33587982873453853
U0016,2018-08,Food,3371.86,35300.97,,0.0,-35300.97,0.0,105100.0,59800.0,105100.0,3.2082397716460513,9.551748861291912,69799.03,66.41201712654615,0.032082397716460515,23,Accountant,19500.0,Buy a House,701,821100.0,0.65104662226451,0.33587982873453853
U0016,2018-08,Fuel,3550.71,35300.97,,0.0,-35300.97,0.0,105100.0,59800.0,105100.0,3.378411037107517,10.058392163161523,69799.03,66.41201712654615,0.03378411037107517,23,Accountant,19500.0,Buy a House,701,821100.0,0.65104662226451,0.33587982873453853
U0016,2018-08,Insurance,8860.99,35300.97,,0.0,-35300.97,0.0,105100.0,59800.0,105100.0,8.431008563273073,25.101264922748577,69799.03,66.41201712654615,0.08431008563273074,23,Accountant,19500.0,Buy a House,701,821100.0,0.65104662226451,0.33587982873453853
U0016,2018-08,Miscellaneous,2250.69,35300.97,,0.0,-35300.97,0.0,105100.0,59800.0,105100.0,2.141474785918173,6.375717154514452,69799.03,66.41201712654615,0.02141474785918173,23,Accountant,19500.0,Buy a House,701,821100.0,0.65104662226451,0.33587982873453853
U0016,2018-08,Other,2231.92,35300.97,,0.0,-35300.97,0.0,105100.0,59800.0,105100.0,2.1236156041864893,6.322545811064114,69799.03,66.41201712654615,0.021236156041864893,23,Accountant,19500.0,Buy a House,701,821100.0,0.65104662226451,0.33587982873453853
U0016,2018-08,Shopping,3419.03,35300.97,,0.0,-35300.97,0.0,105100.0,59800.0,105100.0,3.253120837297812,9.685371251838122,69799.03,66.41201712654615,0.03253120837297812,23,Accountant,19500.0,Buy a House,701,821100.0,0.65104662226451,0.33587982873453853
U0016,2018-09,Bills,18417.2,44070.12,,0.0,-44070.12,0.0,105100.0,59800.0,105100.0,17.523501427212178,41.790673590178564,61029.88,58.06839200761179,0.1752350142721218,23,Accountant,19500.0,Buy a House,701,821100.0,0.65104662226451,0.41931607992388203
U0016,2018-09,Food,332.82,44070.12,,0.0,-44070.12,0.0,105100.0,59800.0,105100.0,0.31666983824928635,0.7552055678541378,61029.88,58.06839200761179,0.0031666983824928637,23,Accountant,19500.0,Buy a House,701,821100.0,0.65104662226451,0.41931607992388203
U0016,2018-09,Fuel,6461.09,44070.12,,0.0,-44070.12,0.0,105100.0,59800.0,105100.0,6.1475642245480495,14.660931261362572,61029.88,58.06839200761179,0.061475642245480494,23,Accountant,19500.0,Buy a House,701,821100.0,0.65104662226451,0.41931607992388203
U0016,2018-09,Groceries,6637.3,44070.12,,0.0,-44070.12,0.0,105100.0,59800.0,105100.0,6.3152235965746915,15.0607713344098,61029.88,58.06839200761179,0.06315223596574691,23,Accountant,19500.0,Buy a House,701,821100.0,0.65104662226451,0.41931607992388203
U0016,2018-09,Miscellaneous,5202.54,44070.12,,0.0,-44070.12,0.0,105100.0,59800.0,105100.0,4.950085632730732,11.80514144277347,61029.88,58.06839200761179,0.04950085632730732,23,Accountant,19500.0,Buy a House,701,821100.0,0.65104662226451,0.41931607992388203
U0016,2018-09,Other,1793.45,44070.12,,0.0,-44070.12,0.0,105100.0,59800.0,105100.0,1.7064224548049476,4.06953736454541,61029.88,58.06839200761179,0.017064224548049477,23,Accountant,19500.0,Buy a House,701,821100.0,0.65104662226451,0.41931607992388203
U0016,2018-09,Shopping,5071.62,44070.12,,0.0,-44070.12,0.0,105100.0,59800.0,105100.0,4.825518553758325,11.508069413017253,61029.88,58.06839200761179,0.048255185537583255,23,Accountant,19500.0,Buy a House,701,821100.0,0.65104662226451,0.41931607992388203
U0016,2018-09,Subscription,154.1,44070.12,,0.0,-44070.12,0.0,105100.0,59800.0,105100.0,0.14662226450999047,0.3496700258587905,61029.88,58.06839200761179,0.0014662226450999048,23,Accountant,19500.0,Buy a House,701,821100.0,0.65104662226451,0.41931607992388203
U0016,2018-10,Bills,14878.59,51873.65,,0.0,-51873.65,0.0,105100.0,59800.0,105100.0,14.156603235014273,28.68236570975823,53226.35,50.643529971455756,0.14156603235014273,23,Accountant,19500.0,Buy a House,701,821100.0,0.65104662226451,0.49356470028544247
U0016,2018-10,Entertainment,324.82,51873.65,,0.0,-51873.65,0.0,105100.0,59800.0,105100.0,0.309058039961941,0.6261753317917671,53226.35,50.643529971455756,0.00309058039961941,23,Accountant,19500.0,Buy a House,701,821100.0,0.65104662226451,0.49356470028544247
U0016,2018-10,Food,4104.35,51873.65,,0.0,-51873.65,0.0,105100.0,59800.0,105100.0,3.9051855375832543,7.912205908009174,53226.35,50.643529971455756,0.03905185537583254,23,Accountant,19500.0,Buy a House,701,821100.0,0.65104662226451,0.49356470028544247
U0016,2018-10,Fuel,1415.07,51873.65,,0.0,-51873.65,0.0,105100.0,59800.0,105100.0,1.3464034253092292,2.7279167747016064,53226.35,50.643529971455756,0.013464034253092292,23,Accountant,19500.0,Buy a House,701,821100.0,0.65104662226451,0.49356470028544247
U0016,2018-10,Groceries,3770.71,51873.65,,0.0,-51873.65,0.0,105100.0,59800.0,105100.0,3.5877354900095146,7.269027724094988,53226.35,50.643529971455756,0.035877354900095144,23,Accountant,19500.0,Buy a House,701,821100.0,0.65104662226451,0.49356470028544247
U0016,2018-10,Miscellaneous,1260.27,51873.65,,0.0,-51873.65,0.0,105100.0,59800.0,105100.0,1.199115128449096,2.4294993701040895,53226.35,50.643529971455756,0.01199115128449096,23,Accountant,19500.0,Buy a House,701,821100.0,0.65104662226451,0.49356470028544247
U0016,2018-10,Other,2622.26,51873.65,,0.0,-51873.65,0.0,105100.0,59800.0,105100.0,2.495014272121789,5.055090590309338,53226.35,50.643529971455756,0.02495014272121789,23,Accountant,19500.0,Buy a House,701,821100.0,0.65104662226451,0.49356470028544247
U0016,2018-10,Rent,9149.25,51873.65,,0.0,-51873.65,0.0,105100.0,59800.0,105100.0,8.705280685061846,17.63756743548989,53226.35,50.643529971455756,0.08705280685061846,23,Accountant,19500.0,Buy a House,701,821100.0,0.65104662226451,0.49356470028544247
U0016,2018-10,Shopping,14348.33,51873.65,,0.0,-51873.65,0.0,105100.0,59800.0,105100.0,13.652074215033302,27.66015115574092,53226.35,50.643529971455756,0.13652074215033302,23,Accountant,19500.0,Buy a House,701,821100.0,0.65104662226451,0.49356470028544247
U0016,2018-11,Bills,64817.24,107107.88,,0.0,-107107.88,0.0,105100.0,59800.0,105100.0,61.67196955280685,60.51584626639982,-2007.8800000000047,-1.9104471931493858,0.6167196955280685,23,Accountant,19500.0,Buy a House,701,821100.0,0.65104662226451,1.019104471931494
U0016,2018-11,Food,657.01,107107.88,,0.0,-107107.88,0.0,105100.0,59800.0,105100.0,0.6251284490960989,0.6134095829363815,-2007.8800000000047,-1.9104471931493858,0.006251284490960989,23,Accountant,19500.0,Buy a House,701,821100.0,0.65104662226451,1.019104471931494
U0016,2018-11,Fuel,5401.81,107107.88,,0.0,-107107.88,0.0,105100.0,59800.0,105100.0,5.139686013320648,5.043335747099094,-2007.8800000000047,-1.9104471931493858,0.051396860133206476,23,Accountant,19500.0,Buy a House,701,821100.0,0.65104662226451,1.019104471931494
U0016,2018-11,Groceries,7974.849999999999,107107.88,,0.0,-107107.88,0.0,105100.0,59800.0,105100.0,7.587868696479543,7.445623982101036,-2007.8800000000047,-1.9104471931493858,0.07587868696479542,23,Accountant,19500.0,Buy a House,701,821100.0,0.65104662226451,1.019104471931494
U0016,2018-11,Insurance,25526.120000000003,107107.88,,0.0,-107107.88,0.0,105100.0,59800.0,105100.0,24.2874595623216,23.83215875433255,-2007.8800000000047,-1.9104471931493858,0.242874595623216,23,Accountant,19500.0,Buy a House,701,821100.0,0.65104662226451,1.019104471931494
U0016,2018-11,Miscellaneous,1880.85,107107.88,,0.0,-107107.88,0.0,105100.0,59800.0,105100.0,1.7895813510941958,1.7560332629121218,-2007.8800000000047,-1.9104471931493858,0.01789581351094196,23,Accountant,19500.0,Buy a House,701,821100.0,0.65104662226451,1.019104471931494
U0016,2018-11,Subscription,850.0,107107.88,,0.0,-107107.88,0.0,105100.0,59800.0,105100.0,0.8087535680304472,0.7935924042189987,-2007.8800000000047,-1.9104471931493858,0.008087535680304472,23,Accountant,19500.0,Buy a House,701,821100.0,0.65104662226451,1.019104471931494
U0016,2018-12,Bills,23679.34,83927.95,,0.0,-83927.95,0.0,105100.0,59800.0,105100.0,22.530294957183635,28.213890604977248,21172.050000000003,20.14467174119886,0.22530294957183636,23,Accountant,19500.0,Buy a House,701,821100.0,0.65104662226451,0.7985532825880114
U0016,2018-12,Food,4331.82,83927.95,,0.0,-83927.95,0.0,105100.0,59800.0,105100.0,4.121617507136061,5.161355662803631,21172.050000000003,20.14467174119886,0.041216175071360606,23,Accountant,19500.0,Buy a House,701,821100.0,0.65104662226451,0.7985532825880114
U0016,2018-12,Fuel,9613.19,83927.95,,0.0,-83927.95,0.0,105100.0,59800.0,105100.0,9.146707897240724,11.454098426090475,21172.050000000003,20.14467174119886,0.09146707897240723,23,Accountant,19500.0,Buy a House,701,821100.0,0.65104662226451,0.7985532825880114
U0016,2018-12,Groceries,2495.35,83927.95,,0.0,-83927.95,0.0,105100.0,59800.0,105100.0,2.3742626070409134,2.9732049930922893,21172.050000000003,20.14467174119886,0.023742626070409133,23,Accountant,19500.0,Buy a House,701,821100.0,0.65104662226451,0.7985532825880114
U0016,2018-12,Other,6332.66,83927.95,,0.0,-83927.95,0.0,105100.0,59800.0,105100.0,6.025366317792578,7.5453528889958585,21172.050000000003,20.14467174119886,0.060253663177925784,23,Accountant,19500.0,Buy a House,701,821100.0,0.65104662226451,0.7985532825880114
U0016,2018-12,Rent,37323.22,83927.95,,0.0,-83927.95,0.0,105100.0,59800.0,105100.0,35.51210275927688,44.470548845765926,21172.050000000003,20.14467174119886,0.3551210275927688,23,Accountant,19500.0,Buy a House,701,821100.0,0.65104662226451,0.7985532825880114
U0016,2018-12,Subscription,152.37,83927.95,,0.0,-83927.95,0.0,105100.0,59800.0,105100.0,0.14497621313035203,0.1815485782745796,21172.050000000003,20.14467174119886,0.0014497621313035204,23,Accountant,19500.0,Buy a House,701,821100.0,0.65104662226451,0.7985532825880114
U0016,2019-01,Bills,85467.28,122116.63,,0.0,-122116.63,0.0,105100.0,59800.0,105100.0,81.31996194100857,69.9882399309578,-17016.630000000005,-16.19089438629877,0.8131996194100857,23,Accountant,19500.0,Buy a House,701,821100.0,0.65104662226451,1.1619089438629877
U0016,2019-01,Food,555.3499999999999,122116.63,,0.0,-122116.63,0.0,105100.0,59800.0,105100.0,0.5284015223596574,0.45477016521009456,-17016.630000000005,-16.19089438629877,0.005284015223596574,23,Accountant,19500.0,Buy a House,701,821100.0,0.65104662226451,1.1619089438629877
U0016,2019-01,Fuel,2053.68,122116.63,,0.0,-122116.63,0.0,105100.0,59800.0,105100.0,1.9540247383444336,1.6817365497229984,-17016.630000000005,-16.19089438629877,0.019540247383444335,23,Accountant,19500.0,Buy a House,701,821100.0,0.65104662226451,1.1619089438629877
U0016,2019-01,Insurance,8337.12,122116.63,,0.0,-122116.63,0.0,105100.0,59800.0,105100.0,7.93255946717412,6.827178247549086,-17016.630000000005,-16.19089438629877,0.0793255946717412,23,Accountant,19500.0,Buy a House,701,821100.0,0.65104662226451,1.1619089438629877
U0016,2019-01,Rent,24721.6,122116.63,,0.0,-122116.63,0.0,105100.0,59800.0,105100.0,23.521979067554707,20.244253383015888,-17016.630000000005,-16.19089438629877,0.23521979067554707,23,Accountant,19500.0,Buy a House,701,821100.0,0.65104662226451,1.1619089438629877
U0016,2019-01,Shopping,981.6,122116.63,,0.0,-122116.63,0.0,105100.0,59800.0,105100.0,0.9339676498572789,0.8038217235441233,-17016.630000000005,-16.19089438629877,0.009339676498572789,23,Accountant,19500.0,Buy a House,701,821100.0,0.65104662226451,1.1619089438629877
U0016,2019-02,Bills,29641.03,58726.67,,0.0,-58726.67,0.0,105100.0,59800.0,105100.0,28.202692673644147,50.472860116195925,46373.33,44.1230542340628,0.2820269267364415,23,Accountant,19500.0,Buy a House,701,821100.0,0.65104662226451,0.558769457659372
U0016,2019-02,Food,3575.96,58726.67,,0.0,-58726.67,0.0,105100.0,59800.0,105100.0,3.4024357754519508,6.089158469227014,46373.33,44.1230542340628,0.03402435775451951,23,Accountant,19500.0,Buy a House,701,821100.0,0.65104662226451,0.558769457659372
U0016,2019-02,Fuel,3123.49,58726.67,,0.0,-58726.67,0.0,105100.0,59800.0,105100.0,2.971921979067554,5.318690809473788,46373.33,44.1230542340628,0.029719219790675544,23,Accountant,19500.0,Buy a House,701,821100.0,0.65104662226451,0.558769457659372
U0016,2019-02,Groceries,1636.09,58726.67,,0.0,-58726.67,0.0,105100.0,59800.0,105100.0,1.556698382492864,2.785940357251654,46373.33,44.1230542340628,0.015566983824928639,23,Accountant,19500.0,Buy a House,701,821100.0,0.65104662226451,0.558769457659372
U0016,2019-02,Insurance,16877.48,58726.67,,0.0,-58726.67,0.0,105100.0,59800.0,105100.0,16.05849666983825,28.739037987340332,46373.33,44.1230542340628,0.1605849666983825,23,Accountant,19500.0,Buy a House,701,821100.0,0.65104662226451,0.558769457659372
U0016,2019-02,Miscellaneous,1673.16,58726.67,,0.0,-58726.67,0.0,105100.0,59800.0,105100.0,1.5919695528068507,2.8490632961140143,46373.33,44.1230542340628,0.015919695528068507,23,Accountant,19500.0,Buy a House,701,821100.0,0.65104662226451,0.558769457659372
U0016,2019-02,Shopping,2199.46,58726.67,,0.0,-58726.67,0.0,105100.0,59800.0,105100.0,2.092730732635585,3.7452489643972666,46373.33,44.1230542340628,0.02092730732635585,23,Accountant,19500.0,Buy a House,701,821100.0,0.65104662226451,0.558769457659372
U0016,2019-03,Bills,67862.3,96358.45,141643.43,141643.43,45284.98,31.97,105100.0,59800.0,141643.43,47.91065847529957,70.42693194006338,45284.979999999996,31.971112249964573,0.47910658475299567,23,Accountant,19500.0,Buy a House,701,821100.0,0.65104662226451,0.6802888775003543
U0016,2019-03,Entertainment,787.95,96358.45,141643.43,141643.43,45284.98,31.97,105100.0,59800.0,141643.43,0.5562912448533618,0.817727973000811,45284.979999999996,31.971112249964573,0.005562912448533618,23,Accountant,19500.0,Buy a House,701,821100.0,0.65104662226451,0.6802888775003543
U0016,2019-03,Food,894.12,96358.45,141643.43,141643.43,45284.98,31.97,105100.0,59800.0,141643.43,0.6312470687839176,0.9279103181921254,45284.979999999996,31.971112249964573,0.006312470687839175,23,Accountant,19500.0,Buy a House,701,821100.0,0.65104662226451,0.6802888775003543
U0016,2019-03,Fuel,5884.58,96358.45,141643.43,141643.43,45284.98,31.97,105100.0,59800.0,141643.43,4.154502612652066,6.1069683042846785,45284.979999999996,31.971112249964573,0.04154502612652066,23,Accountant,19500.0,Buy a House,701,821100.0,0.65104662226451,0.6802888775003543
U0016,2019-03,Groceries,2426.06,96358.45,141643.43,141643.43,45284.98,31.97,105100.0,59800.0,141643.43,1.7127938796737696,2.517744940895168,45284.979999999996,31.971112249964573,0.017127938796737695,23,Accountant,19500.0,Buy a House,701,821100.0,0.65104662226451,0.6802888775003543
U0016,2019-03,Rent,7965.89,96358.45,141643.43,141643.43,45284.98,31.97,105100.0,59800.0,141643.43,5.623903628992888,8.266934555298471,45284.979999999996,31.971112249964573,0.05623903628992888,23,Accountant,19500.0,Buy a House,701,821100.0,0.65104662226451,0.6802888775003543
U0016,2019-03,Shopping,10017.75,96358.45,141643.43,141643.43,45284.98,31.97,105100.0,59800.0,141643.43,7.072512999720495,10.396337840635669,45284.979999999996,31.971112249964573,0.07072512999720496,23,Accountant,19500.0,Buy a House,701,821100.0,0.65104662226451,0.6802888775003543
U0016,2019-03,Subscription,519.8,96358.45,141643.43,141643.43,45284.98,31.97,105100.0,59800.0,141643.43,0.36697784005936596,0.5394441276296993,45284.979999999996,31.971112249964573,0.0036697784005936596,23,Accountant,19500.0,Buy a House,701,821100.0,0.65104662226451,0.6802888775003543
U0016,2019-04,Bills,59266.89,182521.69,,0.0,-182521.69,0.0,105100.0,59800.0,105100.0,56.39095147478592,32.47114904535455,-77421.69,-73.66478591817317,0.5639095147478592,23,Accountant,19500.0,Buy a House,701,821100.0,0.65104662226451,1.7366478591817318
U0016,2019-04,Entertainment,477.96,182521.69,,0.0,-182521.69,0.0,105100.0,59800.0,105100.0,0.4547668886774501,0.26186476796264596,-77421.69,-73.66478591817317,0.0045476688867745006,23,Accountant,19500.0,Buy a House,701,821100.0,0.65104662226451,1.7366478591817318
U0016,2019-04,Food,5861.94,182521.69,,0.0,-182521.69,0.0,105100.0,59800.0,105100.0,5.577488106565175,3.211640216568233,-77421.69,-73.66478591817317,0.05577488106565175,23,Accountant,19500.0,Buy a House,701,821100.0,0.65104662226451,1.7366478591817318
U0016,2019-04,Fuel,8098.88,182521.69,,0.0,-182521.69,0.0,105100.0,59800.0,105100.0,7.705880114176974,4.437215105777292,-77421.69,-73.66478591817317,0.07705880114176974,23,Accountant,19500.0,Buy a House,701,821100.0,0.65104662226451,1.7366478591817318
U0016,2019-04,Groceries,2212.95,182521.69,,0.0,-182521.69,0.0,105100.0,59800.0,105100.0,2.105566127497621,1.2124312458426172,-77421.69,-73.66478591817317,0.021055661274976212,23,Accountant,19500.0,Buy a House,701,821100.0,0.65104662226451,1.7366478591817318
U0016,2019-04,Investment,33562.04,182521.69,,0.0,-182521.69,0.0,105100.0,59800.0,105100.0,31.933434823977162,18.387973506052894,-77421.69,-73.66478591817317,0.31933434823977164,23,Accountant,19500.0,Buy a House,701,821100.0,0.65104662226451,1.7366478591817318
U0016,2019-04,Miscellaneous,505.76,182521.69,,0.0,-182521.69,0.0,105100.0,59800.0,105100.0,0.48121788772597524,0.2770958344731522,-77421.69,-73.66478591817317,0.004812178877259752,23,Accountant,19500.0,Buy a House,701,821100.0,0.65104662226451,1.7366478591817318
U0016,2019-04,Other,89.28,182521.69,,0.0,-182521.69,0.0,105100.0,59800.0,105100.0,0.0849476688867745,0.04891473446251785,-77421.69,-73.66478591817317,0.000849476688867745,23,Accountant,19500.0,Buy a House,701,821100.0,0.65104662226451,1.7366478591817318
U0016,2019-04,Rent,69180.20999999999,182521.69,,0.0,-182521.69,0.0,105100.0,59800.0,105100.0,65.82322549952426,37.902459702186626,-77421.69,-73.66478591817317,0.6582322549952425,23,Accountant,19500.0,Buy a House,701,821100.0,0.65104662226451,1.7366478591817318
U0016,2019-04,Shopping,2964.03,182521.69,,0.0,-182521.69,0.0,105100.0,59800.0,105100.0,2.820199809705043,1.6239330240696328,-77421.69,-73.66478591817317,0.02820199809705043,23,Accountant,19500.0,Buy a House,701,821100.0,0.65104662226451,1.7366478591817318
U0016,2019-04,Subscription,301.75,182521.69,,0.0,-182521.69,0.0,105100.0,59800.0,105100.0,0.28710751665080875,0.16532281724982933,-77421.69,-73.66478591817317,0.0028710751665080875,23,Accountant,19500.0,Buy a House,701,821100.0,0.65104662226451,1.7366478591817318
U0016,2019-05,Bills,28571.69,46192.29,,0.0,-46192.29,0.0,105100.0,59800.0,105100.0,27.185242626070412,61.853807204622235,58907.71,56.04920076117983,0.2718524262607041,23,Accountant,19500.0,Buy a House,701,821100.0,0.65104662226451,0.4395079923882017
U0016,2019-05,Entertainment,271.09,46192.29,,0.0,-46192.29,0.0,105100.0,59800.0,105100.0,0.25793529971455753,0.5868728309421334,58907.71,56.04920076117983,0.0025793529971455753,23,Accountant,19500.0,Buy a House,701,821100.0,0.65104662226451,0.4395079923882017
U0016,2019-05,Food,2195.71,46192.29,,0.0,-46192.29,0.0,105100.0,59800.0,105100.0,2.0891627021883923,4.753412311881485,58907.71,56.04920076117983,0.02089162702188392,23,Accountant,19500.0,Buy a House,701,821100.0,0.65104662226451,0.4395079923882017
U0016,2019-05,Groceries,1358.45,46192.29,,0.0,-46192.29,0.0,105100.0,59800.0,105100.0,1.2925309229305424,2.940858745041651,58907.71,56.04920076117983,0.012925309229305423,23,Accountant,19500.0,Buy a House,701,821100.0,0.65104662226451,0.4395079923882017
U0016,2019-05,Shopping,13346.68,46192.29,,0.0,-46192.29,0.0,105100.0,59800.0,105100.0,12.699029495718364,28.893739626244987,58907.71,56.04920076117983,0.12699029495718364,23,Accountant,19500.0,Buy a House,701,821100.0,0.65104662226451,0.4395079923882017
U0016,2019-05,Subscription,448.67,46192.29,,0.0,-46192.29,0.0,105100.0,59800.0,105100.0,0.42689819219790676,0.9713092812675015,58907.71,56.04920076117983,0.0042689819219790676,23,Accountant,19500.0,Buy a House,701,821100.0,0.65104662226451,0.4395079923882017
U0016,2019-06,Bills,10855.76,75732.98000000001,43178.85,43178.85,-32554.13,-75.39,105100.0,59800.0,43178.85,25.141382876107173,14.334257017220237,-32554.130000000012,-75.39369390338096,0.2514138287610717,23,Accountant,19500.0,Buy a House,701,821100.0,0.65104662226451,1.7539369390338098
U0016,2019-06,Food,628.8199999999999,75732.98000000001,43178.85,43178.85,-32554.13,-75.39,105100.0,59800.0,43178.85,1.4563148393252714,0.8303119724062091,-32554.130000000012,-75.39369390338096,0.014563148393252715,23,Accountant,19500.0,Buy a House,701,821100.0,0.65104662226451,1.7539369390338098
U0016,2019-06,Fuel,3564.98,75732.98000000001,43178.85,43178.85,-32554.13,-75.39,105100.0,59800.0,43178.85,8.256310670617676,4.707301891461289,-32554.130000000012,-75.39369390338096,0.08256310670617675,23,Accountant,19500.0,Buy a House,701,821100.0,0.65104662226451,1.7539369390338098
U0016,2019-06,Groceries,3547.15,75732.98000000001,43178.85,43178.85,-32554.13,-75.39,105100.0,59800.0,43178.85,8.215017305926398,4.683758647817634,-32554.130000000012,-75.39369390338096,0.08215017305926398,23,Accountant,19500.0,Buy a House,701,821100.0,0.65104662226451,1.7539369390338098
U0016,2019-06,Insurance,43113.79,75732.98000000001,43178.85,43178.85,-32554.13,-75.39,105100.0,59800.0,43178.85,99.84932437987581,56.928685494747455,-32554.130000000012,-75.39369390338096,0.998493243798758,23,Accountant,19500.0,Buy a House,701,821100.0,0.65104662226451,1.7539369390338098
U0016,2019-06,Miscellaneous,1498.7,75732.98000000001,43178.85,43178.85,-32554.13,-75.39,105100.0,59800.0,43178.85,3.4709122637587617,1.978926486188712,-32554.130000000012,-75.39369390338096,0.03470912263758762,23,Accountant,19500.0,Buy a House,701,821100.0,0.65104662226451,1.7539369390338098
U0016,2019-06,Other,2117.89,75732.98000000001,43178.85,43178.85,-32554.13,-75.39,105100.0,59800.0,43178.85,4.904924517443146,2.796522730255695,-32554.130000000012,-75.39369390338096,0.04904924517443146,23,Accountant,19500.0,Buy a House,701,821100.0,0.65104662226451,1.7539369390338098
U0016,2019-06,Rent,7658.91,75732.98000000001,43178.85,43178.85,-32554.13,-75.39,105100.0,59800.0,43178.85,17.737642387418838,10.113044541493018,-32554.130000000012,-75.39369390338096,0.1773764238741884,23,Accountant,19500.0,Buy a House,701,821100.0,0.65104662226451,1.7539369390338098
U0016,2019-06,Shopping,2357.39,75732.98000000001,43178.85,43178.85,-32554.13,-75.39,105100.0,59800.0,43178.85,5.459594222634461,3.112765402866756,-32554.130000000012,-75.39369390338096,0.05459594222634461,23,Accountant,19500.0,Buy a House,701,821100.0,0.65104662226451,1.7539369390338098
U0016,2019-06,Subscription,389.59,75732.98000000001,43178.85,43178.85,-32554.13,-75.39,105100.0,59800.0,43178.85,0.9022704402734208,0.5144258155429774,-32554.130000000012,-75.39369390338096,0.009022704402734208,23,Accountant,19500.0,Buy a House,701,821100.0,0.65104662226451,1.7539369390338098
U0016,2019-07,Bills,18962.72,42920.73,,0.0,-42920.73,0.0,105100.0,59800.0,105100.0,18.042549952426263,44.18079562020497,62179.27,59.16200761179829,0.18042549952426262,23,Accountant,19500.0,Buy a House,701,821100.0,0.65104662226451,0.40837992388201716
U0016,2019-07,Entertainment,248.13,42920.73,,0.0,-42920.73,0.0,105100.0,59800.0,105100.0,0.2360894386298763,0.5781122548474827,62179.27,59.16200761179829,0.002360894386298763,23,Accountant,19500.0,Buy a House,701,821100.0,0.65104662226451,0.40837992388201716
U0016,2019-07,Food,1028.92,42920.73,,0.0,-42920.73,0.0,105100.0,59800.0,105100.0,0.9789914367269268,2.3972565238289283,62179.27,59.16200761179829,0.009789914367269267,23,Accountant,19500.0,Buy a House,701,821100.0,0.65104662226451,0.40837992388201716
U0016,2019-07,Fuel,6758.57,42920.73,,0.0,-42920.73,0.0,105100.0,59800.0,105100.0,6.430608943862988,15.746633386710801,62179.27,59.16200761179829,0.06430608943862988,23,Accountant,19500.0,Buy a House,701,821100.0,0.65104662226451,0.40837992388201716
U0016,2019-07,Groceries,2333.23,42920.73,,0.0,-42920.73,0.0,105100.0,59800.0,105100.0,2.220009514747859,5.436137735774764,62179.27,59.16200761179829,0.02220009514747859,23,Accountant,19500.0,Buy a House,701,821100.0,0.65104662226451,0.40837992388201716
U0016,2019-07,Investment,9910.33,42920.73,,0.0,-42920.73,0.0,105100.0,59800.0,105100.0,9.429429115128448,23.089844930410084,62179.27,59.16200761179829,0.09429429115128449,23,Accountant,19500.0,Buy a House,701,821100.0,0.65104662226451,0.40837992388201716
U0016,2019-07,Miscellaneous,2422.22,42920.73,,0.0,-42920.73,0.0,105100.0,59800.0,105100.0,2.3046812559467176,5.643473445116147,62179.27,59.16200761179829,0.023046812559467174,23,Accountant,19500.0,Buy a House,701,821100.0,0.65104662226451,0.40837992388201716
U0016,2019-07,Other,968.61,42920.73,,0.0,-42920.73,0.0,105100.0,59800.0,105100.0,0.9216079923882018,2.256741672380689,62179.27,59.16200761179829,0.009216079923882018,23,Accountant,19500.0,Buy a House,701,821100.0,0.65104662226451,0.40837992388201716
U0016,2019-07,Shopping,288.0,42920.73,,0.0,-42920.73,0.0,105100.0,59800.0,105100.0,0.27402473834443386,0.6710044307261316,62179.27,59.16200761179829,0.0027402473834443387,23,Accountant,19500.0,Buy a House,701,821100.0,0.65104662226451,0.40837992388201716
U0016,2019-08,Bills,21077.61,37414.16,,0.0,-37414.16,0.0,105100.0,59800.0,105100.0,20.054814462416743,56.335916668983074,67685.84,64.40137012369172,0.20054814462416745,23,Accountant,19500.0,Buy a House,701,821100.0,0.65104662226451,0.3559862987630828
U0016,2019-08,Food,5045.719999999999,37414.16,,0.0,-37414.16,0.0,105100.0,59800.0,105100.0,4.8008753568030444,13.486123970175996,67685.84,64.40137012369172,0.04800875356803044,23,Accountant,19500.0,Buy a House,701,821100.0,0.65104662226451,0.3559862987630828
U0016,2019-08,Fuel,3403.18,37414.16,,0.0,-37414.16,0.0,105100.0,59800.0,105100.0,3.2380399619410083,9.09596794368763,67685.84,64.40137012369172,0.03238039961941008,23,Accountant,19500.0,Buy a House,701,821100.0,0.65104662226451,0.3559862987630828
U0016,2019-08,Groceries,5265.97,37414.16,,0.0,-37414.16,0.0,105100.0,59800.0,105100.0,5.010437678401523,14.074804833250298,67685.84,64.40137012369172,0.05010437678401523,23,Accountant,19500.0,Buy a House,701,821100.0,0.65104662226451,0.3559862987630828
U0016,2019-08,Miscellaneous,2400.71,37414.16,,0.0,-37414.16,0.0,105100.0,59800.0,105100.0,2.2842150333016176,6.416581315737142,67685.84,64.40137012369172,0.022842150333016176,23,Accountant,19500.0,Buy a House,701,821100.0,0.65104662226451,0.3559862987630828
U0016,2019-08,Other,220.97,37414.16,,0.0,-37414.16,0.0,105100.0,59800.0,105100.0,0.21024738344433874,0.5906052681658495,67685.84,64.40137012369172,0.0021024738344433873,23,Accountant,19500.0,Buy a House,701,821100.0,0.65104662226451,0.3559862987630828
U0016,2019-09,Bills,22017.75,73839.14,,0.0,-73839.14,0.0,105100.0,59800.0,105100.0,20.949333967649856,29.818535264630658,31260.86,29.743920076117984,0.20949333967649858,23,Accountant,19500.0,Buy a House,701,821100.0,0.65104662226451,0.7025607992388202
U0016,2019-09,Food,5940.88,73839.14,,0.0,-73839.14,0.0,105100.0,59800.0,105100.0,5.6525975261655566,8.0457058411027,31260.86,29.743920076117984,0.056525975261655564,23,Accountant,19500.0,Buy a House,701,821100.0,0.65104662226451,0.7025607992388202
U0016,2019-09,Groceries,2114.59,73839.14,,0.0,-73839.14,0.0,105100.0,59800.0,105100.0,2.01197906755471,2.863779291037247,31260.86,29.743920076117984,0.0201197906755471,23,Accountant,19500.0,Buy a House,701,821100.0,0.65104662226451,0.7025607992388202
U0016,2019-09,Insurance,42836.59,73839.14,,0.0,-73839.14,0.0,105100.0,59800.0,105100.0,40.75793529971455,58.01339235532807,31260.86,29.743920076117984,0.40757935299714554,23,Accountant,19500.0,Buy a House,701,821100.0,0.65104662226451,0.7025607992388202
U0016,2019-09,Subscription,929.33,73839.14,,0.0,-73839.14,0.0,105100.0,59800.0,105100.0,0.884234062797336,1.2585872479013165,31260.86,29.743920076117984,0.00884234062797336,23,Accountant,19500.0,Buy a House,701,821100.0,0.65104662226451,0.7025607992388202
U0016,2019-10,Shopping,40150.94,40150.94,,0.0,-40150.94,0.0,105100.0,59800.0,105100.0,38.20260704091341,100.0,64949.06,61.79739295908659,0.38202607040913417,23,Accountant,19500.0,Buy a House,701,821100.0,0.65104662226451,0.38202607040913417
U0017,2018-01,Bills,32623.06,107714.28,84645.95999999999,84645.96,-23068.32,-27.25,112500.0,55600.0,84645.95999999999,38.54059898428703,30.286662084173056,-23068.320000000007,-27.25271235626604,0.3854059898428703,45,Freelancer,11800.0,Travel,708,1235200.0,0.914962962962963,1.2725271235626603
U0017,2018-01,Entertainment,309.91,107714.28,84645.95999999999,84645.96,-23068.32,-27.25,112500.0,55600.0,84645.95999999999,0.3661249751317134,0.2877148693747941,-23068.320000000007,-27.25271235626604,0.0036612497513171336,45,Freelancer,11800.0,Travel,708,1235200.0,0.914962962962963,1.2725271235626603
U0017,2018-01,Food,144.85,107714.28,84645.95999999999,84645.96,-23068.32,-27.25,112500.0,55600.0,84645.95999999999,0.17112452856580515,0.13447613445496734,-23068.320000000007,-27.25271235626604,0.0017112452856580516,45,Freelancer,11800.0,Travel,708,1235200.0,0.914962962962963,1.2725271235626603
U0017,2018-01,Fuel,5099.38,107714.28,84645.95999999999,84645.96,-23068.32,-27.25,112500.0,55600.0,84645.95999999999,6.024363123768696,4.734172664942847,-23068.320000000007,-27.25271235626604,0.06024363123768696,45,Freelancer,11800.0,Travel,708,1235200.0,0.914962962962963,1.2725271235626603
U0017,2018-01,Miscellaneous,639.69,107714.28,84645.95999999999,84645.96,-23068.32,-27.25,112500.0,55600.0,84645.95999999999,0.7557241952244385,0.5938766893303283,-23068.320000000007,-27.25271235626604,0.007557241952244385,45,Freelancer,11800.0,Travel,708,1235200.0,0.914962962962963,1.2725271235626603
U0017,2018-01,Other,1301.4,107714.28,84645.95999999999,84645.96,-23068.32,-27.25,112500.0,55600.0,84645.95999999999,1.5374626266864955,1.2081963505674458,-23068.320000000007,-27.25271235626604,0.015374626266864954,45,Freelancer,11800.0,Travel,708,1235200.0,0.914962962962963,1.2725271235626603
U0017,2018-01,Rent,67595.98999999999,107714.28,84645.95999999999,84645.96,-23068.32,-27.25,112500.0,55600.0,84645.95999999999,79.85731392260186,62.75490120715656,-23068.320000000007,-27.25271235626604,0.7985731392260186,45,Freelancer,11800.0,Travel,708,1235200.0,0.914962962962963,1.2725271235626603
U0017,2018-02,Bills,46253.57,53362.58,51917.28,51917.28,-1445.3,-2.78,112500.0,55600.0,51917.28,89.09089613323349,86.677911750144,-1445.300000000003,-2.783851542299602,0.8909089613323349,45,Freelancer,11800.0,Travel,708,1235200.0,0.914962962962963,1.027838515422996
U0017,2018-02,Food,3587.11,53362.58,51917.28,51917.28,-1445.3,-2.78,112500.0,55600.0,51917.28,6.909279530822879,6.722144993739058,-1445.300000000003,-2.783851542299602,0.06909279530822879,45,Freelancer,11800.0,Travel,708,1235200.0,0.914962962962963,1.027838515422996
U0017,2018-02,Groceries,1263.38,53362.58,51917.28,51917.28,-1445.3,-2.78,112500.0,55600.0,51917.28,2.4334479772438007,2.367539200690821,-1445.300000000003,-2.783851542299602,0.024334479772438005,45,Freelancer,11800.0,Travel,708,1235200.0,0.914962962962963,1.027838515422996
U0017,2018-02,Miscellaneous,1448.66,53362.58,51917.28,51917.28,-1445.3,-2.78,112500.0,55600.0,51917.28,2.790323375954981,2.7147487996270048,-1445.300000000003,-2.783851542299602,0.027903233759549808,45,Freelancer,11800.0,Travel,708,1235200.0,0.914962962962963,1.027838515422996
U0017,2018-02,Other,392.65,53362.58,51917.28,51917.28,-1445.3,-2.78,112500.0,55600.0,51917.28,0.7562992514245738,0.7358152473137543,-1445.300000000003,-2.783851542299602,0.007562992514245738,45,Freelancer,11800.0,Travel,708,1235200.0,0.914962962962963,1.027838515422996
U0017,2018-02,Shopping,417.21,53362.58,51917.28,51917.28,-1445.3,-2.78,112500.0,55600.0,51917.28,0.8036052736198814,0.7818400084853467,-1445.300000000003,-2.783851542299602,0.008036052736198814,45,Freelancer,11800.0,Travel,708,1235200.0,0.914962962962963,1.027838515422996
U0017,2018-03,Bills,18931.93,53356.02,142770.36,142770.36,89414.34,62.63,112500.0,55600.0,142770.36,13.26040643169913,35.48227547706894,89414.34,62.62808330804798,0.1326040643169913,45,Freelancer,11800.0,Travel,708,1235200.0,0.914962962962963,0.3737191669195203
U0017,2018-03,Food,3472.02,53356.02,142770.36,142770.36,89414.34,62.63,112500.0,55600.0,142770.36,2.431891325342319,6.507269470249093,89414.34,62.62808330804798,0.024318913253423193,45,Freelancer,11800.0,Travel,708,1235200.0,0.914962962962963,0.3737191669195203
U0017,2018-03,Fuel,6397.48,53356.02,142770.36,142770.36,89414.34,62.63,112500.0,55600.0,142770.36,4.480958092421985,11.990174679445731,89414.34,62.62808330804798,0.04480958092421985,45,Freelancer,11800.0,Travel,708,1235200.0,0.914962962962963,0.3737191669195203
U0017,2018-03,Groceries,3659.34,53356.02,142770.36,142770.36,89414.34,62.63,112500.0,55600.0,142770.36,2.5630950289681977,6.858345131439715,89414.34,62.62808330804798,0.02563095028968198,45,Freelancer,11800.0,Travel,708,1235200.0,0.914962962962963,0.3737191669195203
U0017,2018-03,Insurance,8411.77,53356.02,142770.36,142770.36,89414.34,62.63,112500.0,55600.0,142770.36,5.891818161696868,15.765362558901508,89414.34,62.62808330804798,0.058918181616968684,45,Freelancer,11800.0,Travel,708,1235200.0,0.914962962962963,0.3737191669195203
U0017,2018-03,Other,1512.77,53356.02,142770.36,142770.36,89414.34,62.63,112500.0,55600.0,142770.36,1.0595826752835813,2.835237710758786,89414.34,62.62808330804798,0.010595826752835814,45,Freelancer,11800.0,Travel,708,1235200.0,0.914962962962963,0.3737191669195203
U0017,2018-03,Shopping,10282.72,53356.02,142770.36,142770.36,89414.34,62.63,112500.0,55600.0,142770.36,7.202279240593076,19.271902214595464,89414.34,62.62808330804798,0.07202279240593076,45,Freelancer,11800.0,Travel,708,1235200.0,0.914962962962963,0.3737191669195203
U0017,2018-03,Subscription,687.99,53356.02,142770.36,142770.36,89414.34,62.63,112500.0,55600.0,142770.36,0.4818857359468731,1.2894327575407614,89414.34,62.62808330804798,0.004818857359468731,45,Freelancer,11800.0,Travel,708,1235200.0,0.914962962962963,0.3737191669195203
U0017,2018-04,Bills,36826.48,51445.56,,0.0,-51445.56,0.0,112500.0,55600.0,112500.0,32.73464888888889,71.58339806195131,61054.44,54.27061333333334,0.3273464888888889,45,Freelancer,11800.0,Travel,708,1235200.0,0.914962962962963,0.45729386666666666
U0017,2018-04,Food,393.66,51445.56,,0.0,-51445.56,0.0,112500.0,55600.0,112500.0,0.34992,0.7651972298484068,61054.44,54.27061333333334,0.0034992,45,Freelancer,11800.0,Travel,708,1235200.0,0.914962962962963,0.45729386666666666
U0017,2018-04,Fuel,3299.51,51445.56,,0.0,-51445.56,0.0,112500.0,55600.0,112500.0,2.932897777777778,6.413595264586489,61054.44,54.27061333333334,0.02932897777777778,45,Freelancer,11800.0,Travel,708,1235200.0,0.914962962962963,0.45729386666666666
U0017,2018-04,Groceries,2242.38,51445.56,,0.0,-51445.56,0.0,112500.0,55600.0,112500.0,1.9932266666666667,4.358743495065464,61054.44,54.27061333333334,0.019932266666666667,45,Freelancer,11800.0,Travel,708,1235200.0,0.914962962962963,0.45729386666666666
U0017,2018-04,Miscellaneous,990.11,51445.56,,0.0,-51445.56,0.0,112500.0,55600.0,112500.0,0.8800977777777778,1.9245781365777728,61054.44,54.27061333333334,0.008800977777777778,45,Freelancer,11800.0,Travel,708,1235200.0,0.914962962962963,0.45729386666666666
U0017,2018-04,Other,7693.42,51445.56,,0.0,-51445.56,0.0,112500.0,55600.0,112500.0,6.838595555555556,14.954487811970557,61054.44,54.27061333333334,0.06838595555555556,45,Freelancer,11800.0,Travel,708,1235200.0,0.914962962962963,0.45729386666666666
U0017,2018-05,Bills,18619.03,46039.96,,0.0,-46039.96,0.0,112500.0,55600.0,112500.0,16.550248888888888,40.44102123459707,66460.04000000001,59.075591111111116,0.16550248888888888,45,Freelancer,11800.0,Travel,708,1235200.0,0.914962962962963,0.40924408888888886
U0017,2018-05,Food,1534.14,46039.96,,0.0,-46039.96,0.0,112500.0,55600.0,112500.0,1.36368,3.3321922955623773,66460.04000000001,59.075591111111116,0.013636800000000001,45,Freelancer,11800.0,Travel,708,1235200.0,0.914962962962963,0.40924408888888886
U0017,2018-05,Fuel,5000.0,46039.96,,0.0,-46039.96,0.0,112500.0,55600.0,112500.0,4.444444444444445,10.860131068749842,66460.04000000001,59.075591111111116,0.044444444444444446,45,Freelancer,11800.0,Travel,708,1235200.0,0.914962962962963,0.40924408888888886
U0017,2018-05,Groceries,1030.24,46039.96,,0.0,-46039.96,0.0,112500.0,55600.0,112500.0,0.9157688888888889,2.237708286453768,66460.04000000001,59.075591111111116,0.009157688888888888,45,Freelancer,11800.0,Travel,708,1235200.0,0.914962962962963,0.40924408888888886
U0017,2018-05,Miscellaneous,8666.41,46039.96,,0.0,-46039.96,0.0,112500.0,55600.0,112500.0,7.703475555555555,18.823669699104865,66460.04000000001,59.075591111111116,0.07703475555555556,45,Freelancer,11800.0,Travel,708,1235200.0,0.914962962962963,0.40924408888888886
U0017,2018-05,Shopping,10987.58,46039.96,,0.0,-46039.96,0.0,112500.0,55600.0,112500.0,9.766737777777777,23.865311785674876,66460.04000000001,59.075591111111116,0.09766737777777777,45,Freelancer,11800.0,Travel,708,1235200.0,0.914962962962963,0.40924408888888886
U0017,2018-05,Subscription,202.56,46039.96,,0.0,-46039.96,0.0,112500.0,55600.0,112500.0,0.18005333333333334,0.4399656298571936,66460.04000000001,59.075591111111116,0.0018005333333333334,45,Freelancer,11800.0,Travel,708,1235200.0,0.914962962962963,0.40924408888888886
U0017,2018-06,Bills,30157.15,91196.92,97120.86,97120.86,5923.94,6.1,112500.0,55600.0,97120.86,31.051156260354368,33.068167214419084,5923.940000000002,6.099554719758456,0.3105115626035437,45,Freelancer,11800.0,Travel,708,1235200.0,0.914962962962963,0.9390044528024154
U0017,2018-06,Food,3861.07,91196.92,97120.86,97120.86,5923.94,6.1,112500.0,55600.0,97120.86,3.9755311062937464,4.233772368628239,5923.940000000002,6.099554719758456,0.03975531106293746,45,Freelancer,11800.0,Travel,708,1235200.0,0.914962962962963,0.9390044528024154
U0017,2018-06,Fuel,2777.16,91196.92,97120.86,97120.86,5923.94,6.1,112500.0,55600.0,97120.86,2.8594886824519468,3.0452344223905805,5923.940000000002,6.099554719758456,0.028594886824519467,45,Freelancer,11800.0,Travel,708,1235200.0,0.914962962962963,0.9390044528024154
U0017,2018-06,Groceries,2093.02,91196.92,97120.86,97120.86,5923.94,6.1,112500.0,55600.0,97120.86,2.155067407763893,2.2950555786313838,5923.940000000002,6.099554719758456,0.021550674077638932,45,Freelancer,11800.0,Travel,708,1235200.0,0.914962962962963,0.9390044528024154
U0017,2018-06,Miscellaneous,4126.04,91196.92,97120.86,97120.86,5923.94,6.1,112500.0,55600.0,97120.86,4.248356120405029,4.52431946166603,5923.940000000002,6.099554719758456,0.042483561204050294,45,Freelancer,11800.0,Travel,708,1235200.0,0.914962962962963,0.9390044528024154
U0017,2018-06,Other,2411.64,91196.92,97120.86,97120.86,5923.94,6.1,112500.0,55600.0,97120.86,2.483132871764109,2.644431412815257,5923.940000000002,6.099554719758456,0.02483132871764109,45,Freelancer,11800.0,Travel,708,1235200.0,0.914962962962963,0.9390044528024154
U0017,2018-06,Rent,45770.84,91196.92,97120.86,97120.86,5923.94,6.1,112500.0,55600.0,97120.86,47.12771283120845,50.18901954144942,5923.940000000002,6.099554719758456,0.4712771283120845,45,Freelancer,11800.0,Travel,708,1235200.0,0.914962962962963,0.9390044528024154
U0017,2018-07,Bills,30766.13,55606.09,,0.0,-55606.09,0.0,112500.0,55600.0,112500.0,27.34767111111111,55.32870590253693,56893.91,50.57236444444445,0.2734767111111111,45,Freelancer,11800.0,Travel,708,1235200.0,0.914962962962963,0.49427635555555555
U0017,2018-07,Food,2910.95,55606.09,,0.0,-55606.09,0.0,112500.0,55600.0,112500.0,2.587511111111111,5.234948186430659,56893.91,50.57236444444445,0.02587511111111111,45,Freelancer,11800.0,Travel,708,1235200.0,0.914962962962963,0.49427635555555555
U0017,2018-07,Groceries,3245.7200000000003,55606.09,,0.0,-55606.09,0.0,112500.0,55600.0,112500.0,2.885084444444445,5.836986560285035,56893.91,50.57236444444445,0.028850844444444447,45,Freelancer,11800.0,Travel,708,1235200.0,0.914962962962963,0.49427635555555555
U0017,2018-07,Insurance,17160.27,55606.09,,0.0,-55606.09,0.0,112500.0,55600.0,112500.0,15.253573333333334,30.86041474953553,56893.91,50.57236444444445,0.15253573333333334,45,Freelancer,11800.0,Travel,708,1235200.0,0.914962962962963,0.49427635555555555
U0017,2018-07,Other,708.11,55606.09,,0.0,-55606.09,0.0,112500.0,55600.0,112500.0,0.6294311111111112,1.2734396538220905,56893.91,50.57236444444445,0.006294311111111111,45,Freelancer,11800.0,Travel,708,1235200.0,0.914962962962963,0.49427635555555555
U0017,2018-07,Shopping,288.0,55606.09,,0.0,-55606.09,0.0,112500.0,55600.0,112500.0,0.256,0.517928881530782,56893.91,50.57236444444445,0.00256,45,Freelancer,11800.0,Travel,708,1235200.0,0.914962962962963,0.49427635555555555
U0017,2018-07,Subscription,526.91,55606.09,,0.0,-55606.09,0.0,112500.0,55600.0,112500.0,0.46836444444444436,0.9475760658589732,56893.91,50.57236444444445,0.004683644444444444,45,Freelancer,11800.0,Travel,708,1235200.0,0.914962962962963,0.49427635555555555
U0017,2018-08,Bills,16516.63,33217.32,53031.42,53031.42,19814.1,37.36,112500.0,55600.0,53031.42,31.144989140400163,49.72294574035473,19814.1,37.36294445820987,0.31144989140400164,45,Freelancer,11800.0,Travel,708,1235200.0,0.914962962962963,0.6263705554179013
U0017,2018-08,Food,4557.7300000000005,33217.32,53031.42,53031.42,19814.1,37.36,112500.0,55600.0,53031.42,8.594395548902897,13.720944374802063,19814.1,37.36294445820987,0.08594395548902897,45,Freelancer,11800.0,Travel,708,1235200.0,0.914962962962963,0.6263705554179013
U0017,2018-08,Groceries,3486.86,33217.32,53031.42,53031.42,19814.1,37.36,112500.0,55600.0,53031.42,6.575083224247059,10.497114156108921,19814.1,37.36294445820987,0.0657508322424706,45,Freelancer,11800.0,Travel,708,1235200.0,0.914962962962963,0.6263705554179013
U0017,2018-08,Investment,6855.52,33217.32,53031.42,53031.42,19814.1,37.36,112500.0,55600.0,53031.42,12.927279714554126,20.638389852041044,19814.1,37.36294445820987,0.12927279714554127,45,Freelancer,11800.0,Travel,708,1235200.0,0.914962962962963,0.6263705554179013
U0017,2018-08,Other,1800.58,33217.32,53031.42,53031.42,19814.1,37.36,112500.0,55600.0,53031.42,3.395307913685887,5.420605876693243,19814.1,37.36294445820987,0.03395307913685887,45,Freelancer,11800.0,Travel,708,1235200.0,0.914962962962963,0.6263705554179013
U0017,2018-09,Bills,19436.7,34518.7,44069.77,44069.77,9551.07,21.67,112500.0,55600.0,44069.77,44.10438266412555,56.30774044213717,9551.07,21.672611406866885,0.4410438266412555,45,Freelancer,11800.0,Travel,708,1235200.0,0.914962962962963,0.7832738859313312
U0017,2018-09,Entertainment,515.6,34518.7,44069.77,44069.77,9551.07,21.67,112500.0,55600.0,44069.77,1.169962992772597,1.4936831340693597,9551.07,21.672611406866885,0.011699629927725969,45,Freelancer,11800.0,Travel,708,1235200.0,0.914962962962963,0.7832738859313312
U0017,2018-09,Food,2172.91,34518.7,44069.77,44069.77,9551.07,21.67,112500.0,55600.0,44069.77,4.9306134341068715,6.294877848818177,9551.07,21.672611406866885,0.049306134341068716,45,Freelancer,11800.0,Travel,708,1235200.0,0.914962962962963,0.7832738859313312
U0017,2018-09,Groceries,1838.9,34518.7,44069.77,44069.77,9551.07,21.67,112500.0,55600.0,44069.77,4.172701604750831,5.327257399612384,9551.07,21.672611406866885,0.04172701604750831,45,Freelancer,11800.0,Travel,708,1235200.0,0.914962962962963,0.7832738859313312
U0017,2018-09,Miscellaneous,4026.47,34518.7,44069.77,44069.77,9551.07,21.67,112500.0,55600.0,44069.77,9.136580472282928,11.664604982227026,9551.07,21.672611406866885,0.09136580472282928,45,Freelancer,11800.0,Travel,708,1235200.0,0.914962962962963,0.7832738859313312
U0017,2018-09,Other,246.47,34518.7,44069.77,44069.77,9551.07,21.67,112500.0,55600.0,44069.77,0.5592722630501589,0.7140187782274536,9551.07,21.672611406866885,0.005592722630501589,45,Freelancer,11800.0,Travel,708,1235200.0,0.914962962962963,0.7832738859313312
U0017,2018-09,Shopping,6102.1900000000005,34518.7,44069.77,44069.77,9551.07,21.67,112500.0,55600.0,44069.77,13.84665724372966,17.677925298461417,9551.07,21.672611406866885,0.1384665724372966,45,Freelancer,11800.0,Travel,708,1235200.0,0.914962962962963,0.7832738859313312
U0017,2018-09,Subscription,179.46,34518.7,44069.77,44069.77,9551.07,21.67,112500.0,55600.0,44069.77,0.4072179183145272,0.5198921164470273,9551.07,21.672611406866885,0.004072179183145272,45,Freelancer,11800.0,Travel,708,1235200.0,0.914962962962963,0.7832738859313312
U0017,2018-10,Bills,34328.35,46143.0,,0.0,-46143.0,0.0,112500.0,55600.0,112500.0,30.514088888888885,74.39557462670395,66357.0,58.984,0.30514088888888885,45,Freelancer,11800.0,Travel,708,1235200.0,0.914962962962963,0.41016
U0017,2018-10,Food,3437.4700000000003,46143.0,,0.0,-46143.0,0.0,112500.0,55600.0,112500.0,3.055528888888889,7.449602323212622,66357.0,58.984,0.03055528888888889,45,Freelancer,11800.0,Travel,708,1235200.0,0.914962962962963,0.41016
U0017,2018-10,Groceries,2273.23,46143.0,,0.0,-46143.0,0.0,112500.0,55600.0,112500.0,2.0206488888888887,4.92648939167371,66357.0,58.984,0.020206488888888888,45,Freelancer,11800.0,Travel,708,1235200.0,0.914962962962963,0.41016
U0017,2018-10,Miscellaneous,2566.01,46143.0,,0.0,-46143.0,0.0,112500.0,55600.0,112500.0,2.280897777777778,5.560995167197625,66357.0,58.984,0.02280897777777778,45,Freelancer,11800.0,Travel,708,1235200.0,0.914962962962963,0.41016
U0017,2018-10,Other,3537.94,46143.0,,0.0,-46143.0,0.0,112500.0,55600.0,112500.0,3.144835555555556,7.667338491212101,66357.0,58.984,0.03144835555555556,45,Freelancer,11800.0,Travel,708,1235200.0,0.914962962962963,0.41016
U0017,2018-11,Bills,12064.42,50175.8,1641.06,1641.06,-48534.74,-2957.52,112500.0,55600.0,1641.06,735.1602013332847,24.04430024035491,-48534.740000000005,-2957.5237955955304,7.351602013332847,45,Freelancer,11800.0,Travel,708,1235200.0,0.914962962962963,30.5752379559553
U0017,2018-11,Food,8411.31,50175.8,1641.06,1641.06,-48534.74,-2957.52,112500.0,55600.0,1641.06,512.5534715366897,16.76367890497012,-48534.740000000005,-2957.5237955955304,5.125534715366897,45,Freelancer,11800.0,Travel,708,1235200.0,0.914962962962963,30.5752379559553
U0017,2018-11,Fuel,3556.06,50175.8,1641.06,1641.06,-48534.74,-2957.52,112500.0,55600.0,1641.06,216.6928692430502,7.087201399878028,-48534.740000000005,-2957.5237955955304,2.1669286924305022,45,Freelancer,11800.0,Travel,708,1235200.0,0.914962962962963,30.5752379559553
U0017,2018-11,Groceries,3225.39,50175.8,1641.06,1641.06,-48534.74,-2957.52,112500.0,55600.0,1641.06,196.54308800409493,6.428178524308531,-48534.740000000005,-2957.5237955955304,1.9654308800409492,45,Freelancer,11800.0,Travel,708,1235200.0,0.914962962962963,30.5752379559553
U0017,2018-11,Miscellaneous,515.27,50175.8,1641.06,1641.06,-48534.74,-2957.52,112500.0,55600.0,1641.06,31.39860821664047,1.0269293165231046,-48534.740000000005,-2957.5237955955304,0.31398608216640467,45,Freelancer,11800.0,Travel,708,1235200.0,0.914962962962963,30.5752379559553
U0017,2018-11,Other,1116.89,50175.8,1641.06,1641.06,-48534.74,-2957.52,112500.0,55600.0,1641.06,68.05905938844407,2.225953547327596,-48534.740000000005,-2957.5237955955304,0.6805905938844407,45,Freelancer,11800.0,Travel,708,1235200.0,0.914962962962963,30.5752379559553
U0017,2018-11,Shopping,21286.46,50175.8,1641.06,1641.06,-48534.74,-2957.52,112500.0,55600.0,1641.06,1297.116497873326,42.423758066637696,-48534.740000000005,-2957.5237955955304,12.971164978733258,45,Freelancer,11800.0,Travel,708,1235200.0,0.914962962962963,30.5752379559553
U0017,2018-12,Bills,2679.42,78940.73000000001,126948.02,126948.02,48007.29,37.82,112500.0,55600.0,126948.02,2.110643395619719,3.3942174084278167,48007.28999999999,37.81649371136312,0.021106433956197188,45,Freelancer,11800.0,Travel,708,1235200.0,0.914962962962963,0.6218350628863688
U0017,2018-12,Entertainment,668.1,78940.73000000001,126948.02,126948.02,48007.29,37.82,112500.0,55600.0,126948.02,0.5262783933140509,0.8463311651665748,48007.28999999999,37.81649371136312,0.005262783933140509,45,Freelancer,11800.0,Travel,708,1235200.0,0.914962962962963,0.6218350628863688
U0017,2018-12,Food,4385.39,78940.73000000001,126948.02,126948.02,48007.29,37.82,112500.0,55600.0,126948.02,3.4544768795921352,5.555294459526786,48007.28999999999,37.81649371136312,0.03454476879592135,45,Freelancer,11800.0,Travel,708,1235200.0,0.914962962962963,0.6218350628863688
U0017,2018-12,Fuel,650.12,78940.73000000001,126948.02,126948.02,48007.29,37.82,112500.0,55600.0,126948.02,0.5121151160923975,0.8235545832930603,48007.28999999999,37.81649371136312,0.005121151160923975,45,Freelancer,11800.0,Travel,708,1235200.0,0.914962962962963,0.6218350628863688
U0017,2018-12,Groceries,7247.68,78940.73000000001,126948.02,126948.02,48007.29,37.82,112500.0,55600.0,126948.02,5.709171360057447,9.18116668036893,48007.28999999999,37.81649371136312,0.057091713600574474,45,Freelancer,11800.0,Travel,708,1235200.0,0.914962962962963,0.6218350628863688
U0017,2018-12,Miscellaneous,3876.94,78940.73000000001,126948.02,126948.02,48007.29,37.82,112500.0,55600.0,126948.02,3.0539586202289724,4.911203633409521,48007.28999999999,37.81649371136312,0.030539586202289724,45,Freelancer,11800.0,Travel,708,1235200.0,0.914962962962963,0.6218350628863688
U0017,2018-12,Other,3671.89,78940.73000000001,126948.02,126948.02,48007.29,37.82,112500.0,55600.0,126948.02,2.892435817431418,4.6514517917429945,48007.28999999999,37.81649371136312,0.02892435817431418,45,Freelancer,11800.0,Travel,708,1235200.0,0.914962962962963,0.6218350628863688
U0017,2018-12,Rent,42382.94,78940.73000000001,126948.02,126948.02,48007.29,37.82,112500.0,55600.0,126948.02,33.386058325289355,53.68957191047004,48007.28999999999,37.81649371136312,0.3338605832528936,45,Freelancer,11800.0,Travel,708,1235200.0,0.914962962962963,0.6218350628863688
U0017,2018-12,Shopping,13378.25,78940.73000000001,126948.02,126948.02,48007.29,37.82,112500.0,55600.0,126948.02,10.538368381011377,16.947208367594268,48007.28999999999,37.81649371136312,0.10538368381011377,45,Freelancer,11800.0,Travel,708,1235200.0,0.914962962962963,0.6218350628863688
U0017,2019-01,Bills,10760.54,36864.66,219058.89,219058.89,182194.23,83.17,112500.0,55600.0,219058.89,4.912167682398098,29.189310304231746,182194.23,83.17134721170184,0.049121676823980984,45,Freelancer,11800.0,Travel,708,1235200.0,0.914962962962963,0.1682865278829816
U0017,2019-01,Food,510.12,36864.66,219058.89,219058.89,182194.23,83.17,112500.0,55600.0,219058.89,0.23286888744848472,1.3837642880742693,182194.23,83.17134721170184,0.002328688874484847,45,Freelancer,11800.0,Travel,708,1235200.0,0.914962962962963,0.1682865278829816
U0017,2019-01,Fuel,10732.24,36864.66,219058.89,219058.89,182194.23,83.17,112500.0,55600.0,219058.89,4.899248781914306,29.112543015451653,182194.23,83.17134721170184,0.04899248781914306,45,Freelancer,11800.0,Travel,708,1235200.0,0.914962962962963,0.1682865278829816
U0017,2019-01,Groceries,1341.68,36864.66,219058.89,219058.89,182194.23,83.17,112500.0,55600.0,219058.89,0.6124745724768349,3.639474770688242,182194.23,83.17134721170184,0.006124745724768349,45,Freelancer,11800.0,Travel,708,1235200.0,0.914962962962963,0.1682865278829816
U0017,2019-01,Insurance,8405.16,36864.66,219058.89,219058.89,182194.23,83.17,112500.0,55600.0,219058.89,3.836940833581326,22.800047525190788,182194.23,83.17134721170184,0.03836940833581326,45,Freelancer,11800.0,Travel,708,1235200.0,0.914962962962963,0.1682865278829816
U0017,2019-01,Miscellaneous,1940.01,36864.66,219058.89,219058.89,182194.23,83.17,112500.0,55600.0,219058.89,0.8856111705852248,5.262519714002516,182194.23,83.17134721170184,0.008856111705852248,45,Freelancer,11800.0,Travel,708,1235200.0,0.914962962962963,0.1682865278829816
U0017,2019-01,Shopping,3174.91,36864.66,219058.89,219058.89,182194.23,83.17,112500.0,55600.0,219058.89,1.4493408598938848,8.612340382360776,182194.23,83.17134721170184,0.01449340859893885,45,Freelancer,11800.0,Travel,708,1235200.0,0.914962962962963,0.1682865278829816
U0017,2019-02,Bills,27390.4,45112.07,,0.0,-45112.07,0.0,112500.0,55600.0,112500.0,24.347022222222222,60.71634487178266,67387.93,59.90038222222221,0.24347022222222223,45,Freelancer,11800.0,Travel,708,1235200.0,0.914962962962963,0.4009961777777778
U0017,2019-02,Food,3664.27,45112.07,,0.0,-45112.07,0.0,112500.0,55600.0,112500.0,3.257128888888889,8.12259335472746,67387.93,59.90038222222221,0.03257128888888889,45,Freelancer,11800.0,Travel,708,1235200.0,0.914962962962963,0.4009961777777778
U0017,2019-02,Fuel,10048.86,45112.07,,0.0,-45112.07,0.0,112500.0,55600.0,112500.0,8.93232,22.275324541746812,67387.93,59.90038222222221,0.0893232,45,Freelancer,11800.0,Travel,708,1235200.0,0.914962962962963,0.4009961777777778
U0017,2019-02,Other,344.57,45112.07,,0.0,-45112.07,0.0,112500.0,55600.0,112500.0,0.3062844444444444,0.7638088875105931,67387.93,59.90038222222221,0.0030628444444444443,45,Freelancer,11800.0,Travel,708,1235200.0,0.914962962962963,0.4009961777777778
U0017,2019-02,Shopping,3514.97,45112.07,,0.0,-45112.07,0.0,112500.0,55600.0,112500.0,3.124417777777778,7.791639798395418,67387.93,59.90038222222221,0.031244177777777778,45,Freelancer,11800.0,Travel,708,1235200.0,0.914962962962963,0.4009961777777778
U0017,2019-02,Subscription,149.0,45112.07,,0.0,-45112.07,0.0,112500.0,55600.0,112500.0,0.13244444444444445,0.3302885458370675,67387.93,59.90038222222221,0.0013244444444444445,45,Freelancer,11800.0,Travel,708,1235200.0,0.914962962962963,0.4009961777777778
U0017,2019-03,Bills,37290.47,115985.79,,0.0,-115985.79,0.0,112500.0,55600.0,112500.0,33.147084444444445,32.15089538123593,-3485.7899999999936,-3.0984799999999946,0.33147084444444447,45,Freelancer,11800.0,Travel,708,1235200.0,0.914962962962963,1.0309848
U0017,2019-03,Food,3465.3900000000003,115985.79,,0.0,-115985.79,0.0,112500.0,55600.0,112500.0,3.080346666666667,2.9877711743826554,-3485.7899999999936,-3.0984799999999946,0.030803466666666668,45,Freelancer,11800.0,Travel,708,1235200.0,0.914962962962963,1.0309848
U0017,2019-03,Fuel,7173.1,115985.79,,0.0,-115985.79,0.0,112500.0,55600.0,112500.0,6.37608888888889,6.184464493452173,-3485.7899999999936,-3.0984799999999946,0.0637608888888889,45,Freelancer,11800.0,Travel,708,1235200.0,0.914962962962963,1.0309848
U0017,2019-03,Groceries,4830.49,115985.79,,0.0,-115985.79,0.0,112500.0,55600.0,112500.0,4.293768888888889,4.164725696139157,-3485.7899999999936,-3.0984799999999946,0.04293768888888889,45,Freelancer,11800.0,Travel,708,1235200.0,0.914962962962963,1.0309848
U0017,2019-03,Insurance,48355.87,115985.79,,0.0,-115985.79,0.0,112500.0,55600.0,112500.0,42.98299555555556,41.69120199983119,-3485.7899999999936,-3.0984799999999946,0.4298299555555556,45,Freelancer,11800.0,Travel,708,1235200.0,0.914962962962963,1.0309848
U0017,2019-03,Miscellaneous,872.93,115985.79,,0.0,-115985.79,0.0,112500.0,55600.0,112500.0,0.7759377777777777,0.7526180577810437,-3485.7899999999936,-3.0984799999999946,0.0077593777777777775,45,Freelancer,11800.0,Travel,708,1235200.0,0.914962962962963,1.0309848
U0017,2019-03,Other,3391.53,115985.79,,0.0,-115985.79,0.0,112500.0,55600.0,112500.0,3.0146933333333332,2.924090959763261,-3485.7899999999936,-3.0984799999999946,0.030146933333333334,45,Freelancer,11800.0,Travel,708,1235200.0,0.914962962962963,1.0309848
U0017,2019-03,Shopping,10111.92,115985.79,,0.0,-115985.79,0.0,112500.0,55600.0,112500.0,8.988373333333334,8.718240398241889,-3485.7899999999936,-3.0984799999999946,0.08988373333333334,45,Freelancer,11800.0,Travel,708,1235200.0,0.914962962962963,1.0309848
U0017,2019-03,Subscription,494.09,115985.79,,0.0,-115985.79,0.0,112500.0,55600.0,112500.0,0.4391911111111111,0.42599183917271244,-3485.7899999999936,-3.0984799999999946,0.004391911111111111,45,Freelancer,11800.0,Travel,708,1235200.0,0.914962962962963,1.0309848
U0017,2019-04,Bills,53594.880000000005,64687.4,45024.58,45024.58,-19662.82,-43.67,112500.0,55600.0,45024.58,119.03471392737035,82.85211648636366,-19662.82,-43.67130132030104,1.1903471392737035,45,Freelancer,11800.0,Travel,708,1235200.0,0.914962962962963,1.4367130132030104
U0017,2019-04,Food,4853.63,64687.4,45024.58,45024.58,-19662.82,-43.67,112500.0,55600.0,45024.58,10.779956192817346,7.5032077344274155,-19662.82,-43.67130132030104,0.10779956192817346,45,Freelancer,11800.0,Travel,708,1235200.0,0.914962962962963,1.4367130132030104
U0017,2019-04,Fuel,3266.91,64687.4,45024.58,45024.58,-19662.82,-43.67,112500.0,55600.0,45024.58,7.255836700753232,5.050303459406313,-19662.82,-43.67130132030104,0.07255836700753232,45,Freelancer,11800.0,Travel,708,1235200.0,0.914962962962963,1.4367130132030104
U0017,2019-04,Groceries,1854.26,64687.4,45024.58,45024.58,-19662.82,-43.67,112500.0,55600.0,45024.58,4.118328255366291,2.86649332018291,-19662.82,-43.67130132030104,0.04118328255366291,45,Freelancer,11800.0,Travel,708,1235200.0,0.914962962962963,1.4367130132030104
U0017,2019-04,Other,541.72,64687.4,45024.58,45024.58,-19662.82,-43.67,112500.0,55600.0,45024.58,1.2031650267476122,0.8374428404913475,-19662.82,-43.67130132030104,0.01203165026747612,45,Freelancer,11800.0,Travel,708,1235200.0,0.914962962962963,1.4367130132030104
U0017,2019-04,Shopping,576.0,64687.4,45024.58,45024.58,-19662.82,-43.67,112500.0,55600.0,45024.58,1.2793012172462241,0.8904361591283618,-19662.82,-43.67130132030104,0.012793012172462242,45,Freelancer,11800.0,Travel,708,1235200.0,0.914962962962963,1.4367130132030104
U0017,2019-05,Bills,21036.49,67071.4,33983.8,33983.8,-33087.6,-97.36,112500.0,55600.0,33983.8,61.901523667159054,31.364322199924267,-33087.59999999999,-97.36286112794916,0.6190152366715905,45,Freelancer,11800.0,Travel,708,1235200.0,0.914962962962963,1.9736286112794916
U0017,2019-05,Food,989.53,67071.4,33983.8,33983.8,-33087.6,-97.36,112500.0,55600.0,33983.8,2.9117697255751267,1.4753382216563244,-33087.59999999999,-97.36286112794916,0.029117697255751265,45,Freelancer,11800.0,Travel,708,1235200.0,0.914962962962963,1.9736286112794916
U0017,2019-05,Fuel,6480.9,67071.4,33983.8,33983.8,-33087.6,-97.36,112500.0,55600.0,33983.8,19.07055714781749,9.662687822231234,-33087.59999999999,-97.36286112794916,0.19070557147817488,45,Freelancer,11800.0,Travel,708,1235200.0,0.914962962962963,1.9736286112794916
U0017,2019-05,Groceries,2705.1800000000003,67071.4,33983.8,33983.8,-33087.6,-97.36,112500.0,55600.0,33983.8,7.960204568058899,4.033283933241292,-33087.59999999999,-97.36286112794916,0.07960204568058898,45,Freelancer,11800.0,Travel,708,1235200.0,0.914962962962963,1.9736286112794916
U0017,2019-05,Miscellaneous,60.0,67071.4,33983.8,33983.8,-33087.6,-97.36,112500.0,55600.0,33983.8,0.1765547113624727,0.08945690711689334,-33087.59999999999,-97.36286112794916,0.001765547113624727,45,Freelancer,11800.0,Travel,708,1235200.0,0.914962962962963,1.9736286112794916
U0017,2019-05,Other,1639.2399999999998,67071.4,33983.8,33983.8,-33087.6,-97.36,112500.0,55600.0,33983.8,4.8235924175636615,2.444022340371604,-33087.59999999999,-97.36286112794916,0.048235924175636616,45,Freelancer,11800.0,Travel,708,1235200.0,0.914962962962963,1.9736286112794916
U0017,2019-05,Rent,7920.8,67071.4,33983.8,33983.8,-33087.6,-97.36,112500.0,55600.0,33983.8,23.30757596266456,11.809504498191481,-33087.59999999999,-97.36286112794916,0.23307575962664562,45,Freelancer,11800.0,Travel,708,1235200.0,0.914962962962963,1.9736286112794916
U0017,2019-05,Shopping,25708.32,67071.4,33983.8,33983.8,-33087.6,-97.36,112500.0,55600.0,33983.8,75.6487502869014,38.32977990618953,-33087.59999999999,-97.36286112794916,0.756487502869014,45,Freelancer,11800.0,Travel,708,1235200.0,0.914962962962963,1.9736286112794916
U0017,2019-05,Subscription,530.94,67071.4,33983.8,33983.8,-33087.6,-97.36,112500.0,55600.0,33983.8,1.562332640846521,0.7916041710773893,-33087.59999999999,-97.36286112794916,0.01562332640846521,45,Freelancer,11800.0,Travel,708,1235200.0,0.914962962962963,1.9736286112794916
U0017,2019-06,Bills,19156.57,67032.69,,0.0,-67032.69,0.0,112500.0,55600.0,112500.0,17.028062222222225,28.577952041011628,45467.31,40.41538666666666,0.17028062222222223,45,Freelancer,11800.0,Travel,708,1235200.0,0.914962962962963,0.5958461333333334
U0017,2019-06,Food,4895.5,67032.69,,0.0,-67032.69,0.0,112500.0,55600.0,112500.0,4.351555555555556,7.303153133195162,45467.31,40.41538666666666,0.04351555555555556,45,Freelancer,11800.0,Travel,708,1235200.0,0.914962962962963,0.5958461333333334
U0017,2019-06,Fuel,6816.889999999999,67032.69,,0.0,-67032.69,0.0,112500.0,55600.0,112500.0,6.0594577777777765,10.169500880838884,45467.31,40.41538666666666,0.06059457777777777,45,Freelancer,11800.0,Travel,708,1235200.0,0.914962962962963,0.5958461333333334
U0017,2019-06,Groceries,492.46,67032.69,,0.0,-67032.69,0.0,112500.0,55600.0,112500.0,0.4377422222222222,0.7346564788016114,45467.31,40.41538666666666,0.004377422222222222,45,Freelancer,11800.0,Travel,708,1235200.0,0.914962962962963,0.5958461333333334
U0017,2019-06,Investment,19026.4,67032.69,,0.0,-67032.69,0.0,112500.0,55600.0,112500.0,16.912355555555557,28.383763205683678,45467.31,40.41538666666666,0.16912355555555555,45,Freelancer,11800.0,Travel,708,1235200.0,0.914962962962963,0.5958461333333334
U0017,2019-06,Miscellaneous,2391.09,67032.69,,0.0,-67032.69,0.0,112500.0,55600.0,112500.0,2.1254133333333334,3.5670506434994627,45467.31,40.41538666666666,0.021254133333333335,45,Freelancer,11800.0,Travel,708,1235200.0,0.914962962962963,0.5958461333333334
U0017,2019-06,Other,1466.75,67032.69,,0.0,-67032.69,0.0,112500.0,55600.0,112500.0,1.303777777777778,2.1881115020149124,45467.31,40.41538666666666,0.013037777777777778,45,Freelancer,11800.0,Travel,708,1235200.0,0.914962962962963,0.5958461333333334
U0017,2019-06,Shopping,12302.84,67032.69,,0.0,-67032.69,0.0,112500.0,55600.0,112500.0,10.935857777777779,18.353492900255084,45467.31,40.41538666666666,0.10935857777777779,45,Freelancer,11800.0,Travel,708,1235200.0,0.914962962962963,0.5958461333333334
U0017,2019-06,Subscription,484.19,67032.69,,0.0,-67032.69,0.0,112500.0,55600.0,112500.0,0.4303911111111111,0.7223192146995742,45467.31,40.41538666666666,0.004303911111111111,45,Freelancer,11800.0,Travel,708,1235200.0,0.914962962962963,0.5958461333333334
U0017,2019-07,Bills,7131.5,123044.65,157900.42,157900.42,34855.77,22.07,112500.0,55600.0,157900.42,4.5164541044286,5.7958635340910805,34855.77000000002,22.07452646421081,0.04516454104428601,45,Freelancer,11800.0,Travel,708,1235200.0,0.914962962962963,0.7792547353578919
U0017,2019-07,Food,1037.96,123044.65,157900.42,157900.42,34855.77,22.07,112500.0,55600.0,157900.42,0.6573510064127758,0.8435636982184923,34855.77000000002,22.07452646421081,0.006573510064127758,45,Freelancer,11800.0,Travel,708,1235200.0,0.914962962962963,0.7792547353578919
U0017,2019-07,Fuel,1263.43,123044.65,157900.42,157900.42,34855.77,22.07,112500.0,55600.0,157900.42,0.8001435335004174,1.0268061228180179,34855.77000000002,22.07452646421081,0.008001435335004175,45,Freelancer,11800.0,Travel,708,1235200.0,0.914962962962963,0.7792547353578919
U0017,2019-07,Groceries,8268.18,123044.65,157900.42,157900.42,34855.77,22.07,112500.0,55600.0,157900.42,5.236325527189858,6.71965827039209,34855.77000000002,22.07452646421081,0.05236325527189858,45,Freelancer,11800.0,Travel,708,1235200.0,0.914962962962963,0.7792547353578919
U0017,2019-07,Investment,56529.66,123044.65,157900.42,157900.42,34855.77,22.07,112500.0,55600.0,157900.42,35.80082940881348,45.94239570757445,34855.77000000002,22.07452646421081,0.3580082940881348,45,Freelancer,11800.0,Travel,708,1235200.0,0.914962962962963,0.7792547353578919
U0017,2019-07,Miscellaneous,5788.31,123044.65,157900.42,157900.42,34855.77,22.07,112500.0,55600.0,157900.42,3.665797722387312,4.7042354137298945,34855.77000000002,22.07452646421081,0.03665797722387312,45,Freelancer,11800.0,Travel,708,1235200.0,0.914962962962963,0.7792547353578919
U0017,2019-07,Other,2282.4,123044.65,157900.42,157900.42,34855.77,22.07,112500.0,55600.0,157900.42,1.4454679727894326,1.8549363991039027,34855.77000000002,22.07452646421081,0.014454679727894326,45,Freelancer,11800.0,Travel,708,1235200.0,0.914962962962963,0.7792547353578919
U0017,2019-07,Rent,40743.21,123044.65,157900.42,157900.42,34855.77,22.07,112500.0,55600.0,157900.42,25.80310426026732,33.11254085407208,34855.77000000002,22.07452646421081,0.25803104260267323,45,Freelancer,11800.0,Travel,708,1235200.0,0.914962962962963,0.7792547353578919
U0017,2019-08,Bills,57142.05,131015.76,,0.0,-131015.76,0.0,112500.0,55600.0,112500.0,50.79293333333334,43.61463842212571,-18515.759999999995,-16.458453333333328,0.5079293333333333,45,Freelancer,11800.0,Travel,708,1235200.0,0.914962962962963,1.1645845333333333
U0017,2019-08,Entertainment,183.32,131015.76,,0.0,-131015.76,0.0,112500.0,55600.0,112500.0,0.1629511111111111,0.13992209792165464,-18515.759999999995,-16.458453333333328,0.0016295111111111111,45,Freelancer,11800.0,Travel,708,1235200.0,0.914962962962963,1.1645845333333333
U0017,2019-08,Food,2217.77,131015.76,,0.0,-131015.76,0.0,112500.0,55600.0,112500.0,1.9713511111111108,1.692750551536701,-18515.759999999995,-16.458453333333328,0.01971351111111111,45,Freelancer,11800.0,Travel,708,1235200.0,0.914962962962963,1.1645845333333333
U0017,2019-08,Fuel,4154.02,131015.76,,0.0,-131015.76,0.0,112500.0,55600.0,112500.0,3.6924622222222223,3.1706261903148145,-18515.759999999995,-16.458453333333328,0.036924622222222224,45,Freelancer,11800.0,Travel,708,1235200.0,0.914962962962963,1.1645845333333333
U0017,2019-08,Groceries,9796.96,131015.76,,0.0,-131015.76,0.0,112500.0,55600.0,112500.0,8.708408888888888,7.47769581308386,-18515.759999999995,-16.458453333333328,0.08708408888888888,45,Freelancer,11800.0,Travel,708,1235200.0,0.914962962962963,1.1645845333333333
U0017,2019-08,Miscellaneous,9636.11,131015.76,,0.0,-131015.76,0.0,112500.0,55600.0,112500.0,8.565431111111112,7.354924323608092,-18515.759999999995,-16.458453333333328,0.08565431111111112,45,Freelancer,11800.0,Travel,708,1235200.0,0.914962962962963,1.1645845333333333
U0017,2019-08,Other,1442.07,131015.76,,0.0,-131015.76,0.0,112500.0,55600.0,112500.0,1.2818399999999999,1.1006843756812157,-18515.759999999995,-16.458453333333328,0.012818399999999999,45,Freelancer,11800.0,Travel,708,1235200.0,0.914962962962963,1.1645845333333333
U0017,2019-08,Rent,44273.13,131015.76,,0.0,-131015.76,0.0,112500.0,55600.0,112500.0,39.35389333333333,33.79221705846686,-18515.759999999995,-16.458453333333328,0.3935389333333333,45,Freelancer,11800.0,Travel,708,1235200.0,0.914962962962963,1.1645845333333333
U0017,2019-08,Shopping,576.09,131015.76,,0.0,-131015.76,0.0,112500.0,55600.0,112500.0,0.51208,0.43971045926077906,-18515.759999999995,-16.458453333333328,0.0051208,45,Freelancer,11800.0,Travel,708,1235200.0,0.914962962962963,1.1645845333333333
U0017,2019-08,Subscription,1594.24,131015.76,,0.0,-131015.76,0.0,112500.0,55600.0,112500.0,1.4171022222222223,1.21683070800032,-18515.759999999995,-16.458453333333328,0.014171022222222222,45,Freelancer,11800.0,Travel,708,1235200.0,0.914962962962963,1.1645845333333333
U0017,2019-09,Bills,20994.620000000003,118707.69,62150.48,62150.48,-56557.21,-91.0,112500.0,55600.0,62150.48,33.78030225993428,17.68598142209658,-56557.21,-91.0004395782623,0.3378030225993428,45,Freelancer,11800.0,Travel,708,1235200.0,0.914962962962963,1.910004395782623
U0017,2019-09,Entertainment,1492.31,118707.69,62150.48,62150.48,-56557.21,-91.0,112500.0,55600.0,62150.48,2.401123852945303,1.2571300140706974,-56557.21,-91.0004395782623,0.024011238529453027,45,Freelancer,11800.0,Travel,708,1235200.0,0.914962962962963,1.910004395782623
U0017,2019-09,Food,5114.72,118707.69,62150.48,62150.48,-56557.21,-91.0,112500.0,55600.0,62150.48,8.229574413584578,4.308667787234341,-56557.21,-91.0004395782623,0.08229574413584577,45,Freelancer,11800.0,Travel,708,1235200.0,0.914962962962963,1.910004395782623
U0017,2019-09,Fuel,4827.95,118707.69,62150.48,62150.48,-56557.21,-91.0,112500.0,55600.0,62150.48,7.768162047984182,4.067091188447859,-56557.21,-91.0004395782623,0.07768162047984183,45,Freelancer,11800.0,Travel,708,1235200.0,0.914962962962963,1.910004395782623
U0017,2019-09,Groceries,427.94,118707.69,62150.48,62150.48,-56557.21,-91.0,112500.0,55600.0,62150.48,0.6885546177599915,0.3604989702015093,-56557.21,-91.0004395782623,0.006885546177599915,45,Freelancer,11800.0,Travel,708,1235200.0,0.914962962962963,1.910004395782623
U0017,2019-09,Other,806.54,118707.69,62150.48,62150.48,-56557.21,-91.0,112500.0,55600.0,62150.48,1.2977212726273393,0.6794336575835989,-56557.21,-91.0004395782623,0.012977212726273392,45,Freelancer,11800.0,Travel,708,1235200.0,0.914962962962963,1.910004395782623
U0017,2019-09,Rent,84449.76000000001,118707.69,62150.48,62150.48,-56557.21,-91.0,112500.0,55600.0,62150.48,135.8794976321985,71.14093450896063,-56557.21,-91.0004395782623,1.358794976321985,45,Freelancer,11800.0,Travel,708,1235200.0,0.914962962962963,1.910004395782623
U0017,2019-09,Shopping,593.85,118707.69,62150.48,62150.48,-56557.21,-91.0,112500.0,55600.0,62150.48,0.9555034812281418,0.5002624514047911,-56557.21,-91.0004395782623,0.009555034812281418,45,Freelancer,11800.0,Travel,708,1235200.0,0.914962962962963,1.910004395782623
U0018,2018-01,Bills,5643.29,37122.61,51984.61,51984.61,14862.0,28.59,97500.0,57400.0,51984.61,10.855693637020648,15.201759790057864,14862.0,28.589230543424293,0.10855693637020648,51,Marketing Professional,22100.0,Retirement,646,994500.0,0.85,0.7141076945657571
U0018,2018-01,Entertainment,323.91,37122.61,51984.61,51984.61,14862.0,28.59,97500.0,57400.0,51984.61,0.6230882563127819,0.872541020149176,14862.0,28.589230543424293,0.006230882563127819,51,Marketing Professional,22100.0,Retirement,646,994500.0,0.85,0.7141076945657571
U0018,2018-01,Food,2668.08,37122.61,51984.61,51984.61,14862.0,28.59,97500.0,57400.0,51984.61,5.1324420823778425,7.187210166526545,14862.0,28.589230543424293,0.05132442082377842,51,Marketing Professional,22100.0,Retirement,646,994500.0,0.85,0.7141076945657571
U0018,2018-01,Fuel,4116.17,37122.61,51984.61,51984.61,14862.0,28.59,97500.0,57400.0,51984.61,7.918054978194508,11.08804041526175,14862.0,28.589230543424293,0.07918054978194508,51,Marketing Professional,22100.0,Retirement,646,994500.0,0.85,0.7141076945657571
U0018,2018-01,Groceries,707.1,37122.61,51984.61,51984.61,14862.0,28.59,97500.0,57400.0,51984.61,1.360210262229533,1.9047690881648678,14862.0,28.589230543424293,0.01360210262229533,51,Marketing Professional,22100.0,Retirement,646,994500.0,0.85,0.7141076945657571
U0018,2018-01,Miscellaneous,12208.070000000002,37122.61,51984.61,51984.61,14862.0,28.59,97500.0,57400.0,51984.61,23.484008055461032,32.885807328741166,14862.0,28.589230543424293,0.23484008055461034,51,Marketing Professional,22100.0,Retirement,646,994500.0,0.85,0.7141076945657571
U0018,2018-01,Other,996.01,37122.61,51984.61,51984.61,14862.0,28.59,97500.0,57400.0,51984.61,1.9159708998490128,2.683027944425244,14862.0,28.589230543424293,0.01915970899849013,51,Marketing Professional,22100.0,Retirement,646,994500.0,0.85,0.7141076945657571
U0018,2018-01,Rent,7610.06,37122.61,51984.61,51984.61,14862.0,28.59,97500.0,57400.0,51984.61,14.639063368947081,20.49979783210286,14862.0,28.589230543424293,0.1463906336894708,51,Marketing Professional,22100.0,Retirement,646,994500.0,0.85,0.7141076945657571
U0018,2018-01,Shopping,2849.92,37122.61,51984.61,51984.61,14862.0,28.59,97500.0,57400.0,51984.61,5.48223791618327,7.677046414570528,14862.0,28.589230543424293,0.054822379161832704,51,Marketing Professional,22100.0,Retirement,646,994500.0,0.85,0.7141076945657571
U0018,2018-02,Bills,49144.33,74393.94,47492.08,51428.58,-22965.36,-44.65,97500.0,57400.0,47492.08,103.47900113029374,66.05958764920906,-26901.86,-56.64493953518145,1.0347900113029374,51,Marketing Professional,22100.0,Retirement,646,994500.0,0.85,1.5664493953518144
U0018,2018-02,Food,515.13,74393.94,47492.08,51428.58,-22965.36,-44.65,97500.0,57400.0,47492.08,1.0846650641538547,0.6924354322408519,-26901.86,-56.64493953518145,0.010846650641538547,51,Marketing Professional,22100.0,Retirement,646,994500.0,0.85,1.5664493953518144
U0018,2018-02,Fuel,13630.41,74393.94,47492.08,51428.58,-22965.36,-44.65,97500.0,57400.0,47492.08,28.700385411630734,18.321935899617632,-26901.86,-56.64493953518145,0.28700385411630736,51,Marketing Professional,22100.0,Retirement,646,994500.0,0.85,1.5664493953518144
U0018,2018-02,Other,657.27,74393.94,47492.08,51428.58,-22965.36,-44.65,97500.0,57400.0,47492.08,1.3839570724213384,0.8834993818044857,-26901.86,-56.64493953518145,0.013839570724213384,51,Marketing Professional,22100.0,Retirement,646,994500.0,0.85,1.5664493953518144
U0018,2018-02,Shopping,9657.62,74393.94,47492.08,51428.58,-22965.36,-44.65,97500.0,57400.0,47492.08,20.335222209682122,12.981729425810759,-26901.86,-56.64493953518145,0.20335222209682122,51,Marketing Professional,22100.0,Retirement,646,994500.0,0.85,1.5664493953518144
U0018,2018-02,Subscription,789.18,74393.94,47492.08,51428.58,-22965.36,-44.65,97500.0,57400.0,47492.08,1.661708646999668,1.060812211317212,-26901.86,-56.64493953518145,0.01661708646999668,51,Marketing Professional,22100.0,Retirement,646,994500.0,0.85,1.5664493953518144
U0018,2018-03,Bills,28608.46,45849.9,,0.0,-45849.9,0.0,97500.0,57400.0,97500.0,29.342010256410255,62.39590489837491,51650.1,52.97446153846154,0.29342010256410256,51,Marketing Professional,22100.0,Retirement,646,994500.0,0.85,0.47025538461538463
U0018,2018-03,Food,349.15,45849.9,,0.0,-45849.9,0.0,97500.0,57400.0,97500.0,0.3581025641025641,0.7615065681713591,51650.1,52.97446153846154,0.003581025641025641,51,Marketing Professional,22100.0,Retirement,646,994500.0,0.85,0.47025538461538463
U0018,2018-03,Fuel,9259.04,45849.9,,0.0,-45849.9,0.0,97500.0,57400.0,97500.0,9.496451282051282,20.19424251743188,51650.1,52.97446153846154,0.09496451282051283,51,Marketing Professional,22100.0,Retirement,646,994500.0,0.85,0.47025538461538463
U0018,2018-03,Groceries,833.4,45849.9,,0.0,-45849.9,0.0,97500.0,57400.0,97500.0,0.8547692307692308,1.81767026754693,51650.1,52.97446153846154,0.008547692307692308,51,Marketing Professional,22100.0,Retirement,646,994500.0,0.85,0.47025538461538463
U0018,2018-03,Other,2486.88,45849.9,,0.0,-45849.9,0.0,97500.0,57400.0,97500.0,2.550646153846154,5.423959485189717,51650.1,52.97446153846154,0.02550646153846154,51,Marketing Professional,22100.0,Retirement,646,994500.0,0.85,0.47025538461538463
U0018,2018-03,Shopping,3773.48,45849.9,,0.0,-45849.9,0.0,97500.0,57400.0,97500.0,3.8702358974358972,8.230072475621538,51650.1,52.97446153846154,0.038702358974358975,51,Marketing Professional,22100.0,Retirement,646,994500.0,0.85,0.47025538461538463
U0018,2018-03,Subscription,539.49,45849.9,,0.0,-45849.9,0.0,97500.0,57400.0,97500.0,0.5533230769230769,1.176643787663659,51650.1,52.97446153846154,0.0055332307692307695,51,Marketing Professional,22100.0,Retirement,646,994500.0,0.85,0.47025538461538463
U0018,2018-04,Bills,58956.07,93868.94,,0.0,-93868.94,0.0,97500.0,57400.0,97500.0,60.467764102564104,62.8067921082309,3631.0599999999977,3.7241641025641004,0.604677641025641,51,Marketing Professional,22100.0,Retirement,646,994500.0,0.85,0.962758358974359
U0018,2018-04,Food,4454.0,93868.94,,0.0,-93868.94,0.0,97500.0,57400.0,97500.0,4.568205128205128,4.744913493217245,3631.0599999999977,3.7241641025641004,0.04568205128205128,51,Marketing Professional,22100.0,Retirement,646,994500.0,0.85,0.962758358974359
U0018,2018-04,Fuel,7543.62,93868.94,,0.0,-93868.94,0.0,97500.0,57400.0,97500.0,7.737046153846154,8.03633235871205,3631.0599999999977,3.7241641025641004,0.07737046153846154,51,Marketing Professional,22100.0,Retirement,646,994500.0,0.85,0.962758358974359
U0018,2018-04,Groceries,8740.35,93868.94,,0.0,-93868.94,0.0,97500.0,57400.0,97500.0,8.964461538461538,9.311226908496037,3631.0599999999977,3.7241641025641004,0.08964461538461539,51,Marketing Professional,22100.0,Retirement,646,994500.0,0.85,0.962758358974359
U0018,2018-04,Miscellaneous,13183.88,93868.94,,0.0,-93868.94,0.0,97500.0,57400.0,97500.0,13.521928205128203,14.044986552527384,3631.0599999999977,3.7241641025641004,0.13521928205128203,51,Marketing Professional,22100.0,Retirement,646,994500.0,0.85,0.962758358974359
U0018,2018-04,Shopping,704.1700000000001,93868.94,,0.0,-93868.94,0.0,97500.0,57400.0,97500.0,0.7222256410256411,0.7501629399458437,3631.0599999999977,3.7241641025641004,0.007222256410256411,51,Marketing Professional,22100.0,Retirement,646,994500.0,0.85,0.962758358974359
U0018,2018-04,Subscription,286.85,93868.94,,0.0,-93868.94,0.0,97500.0,57400.0,97500.0,0.29420512820512823,0.30558563887053586,3631.0599999999977,3.7241641025641004,0.0029420512820512823,51,Marketing Professional,22100.0,Retirement,646,994500.0,0.85,0.962758358974359
U0018,2018-05,Bills,53469.44,179598.0,45517.82,45517.82,-134080.18,-294.57,97500.0,57400.0,45517.82,117.46924611064415,29.771734651833544,-134080.18,-294.5663478611234,1.1746924611064415,51,Marketing Professional,22100.0,Retirement,646,994500.0,0.85,3.945663478611234
U0018,2018-05,Food,4792.01,179598.0,45517.82,45517.82,-134080.18,-294.57,97500.0,57400.0,45517.82,10.527766927326484,2.6681867281372846,-134080.18,-294.5663478611234,0.10527766927326485,51,Marketing Professional,22100.0,Retirement,646,994500.0,0.85,3.945663478611234
U0018,2018-05,Fuel,2498.61,179598.0,45517.82,45517.82,-134080.18,-294.57,97500.0,57400.0,45517.82,5.489300673889918,1.3912237330037083,-134080.18,-294.5663478611234,0.054893006738899186,51,Marketing Professional,22100.0,Retirement,646,994500.0,0.85,3.945663478611234
U0018,2018-05,Groceries,823.98,179598.0,45517.82,45517.82,-134080.18,-294.57,97500.0,57400.0,45517.82,1.8102360789686325,0.4587913005712758,-134080.18,-294.5663478611234,0.018102360789686325,51,Marketing Professional,22100.0,Retirement,646,994500.0,0.85,3.945663478611234
U0018,2018-05,Insurance,32318.98,179598.0,45517.82,45517.82,-134080.18,-294.57,97500.0,57400.0,45517.82,71.00291709928112,17.99517812002361,-134080.18,-294.5663478611234,0.7100291709928112,51,Marketing Professional,22100.0,Retirement,646,994500.0,0.85,3.945663478611234
U0018,2018-05,Miscellaneous,370.99,179598.0,45517.82,45517.82,-134080.18,-294.57,97500.0,57400.0,45517.82,0.8150434269479513,0.20656688827269792,-134080.18,-294.5663478611234,0.008150434269479513,51,Marketing Professional,22100.0,Retirement,646,994500.0,0.85,3.945663478611234
U0018,2018-05,Rent,84299.9,179598.0,45517.82,45517.82,-134080.18,-294.57,97500.0,57400.0,45517.82,185.20197144766598,46.93810621499125,-134080.18,-294.5663478611234,1.8520197144766597,51,Marketing Professional,22100.0,Retirement,646,994500.0,0.85,3.945663478611234
U0018,2018-05,Shopping,669.48,179598.0,45517.82,45517.82,-134080.18,-294.57,97500.0,57400.0,45517.82,1.4708085756303795,0.37276584371763605,-134080.18,-294.5663478611234,0.014708085756303795,51,Marketing Professional,22100.0,Retirement,646,994500.0,0.85,3.945663478611234
U0018,2018-05,Subscription,354.61,179598.0,45517.82,45517.82,-134080.18,-294.57,97500.0,57400.0,45517.82,0.7790575207687891,0.19744651944899164,-134080.18,-294.5663478611234,0.00779057520768789,51,Marketing Professional,22100.0,Retirement,646,994500.0,0.85,3.945663478611234
U0018,2018-06,Bills,34574.06,57104.45,1810.59,1810.59,-55293.86,-3053.91,97500.0,57400.0,1810.59,1909.546611877896,60.54529900909649,-55293.86,-3053.9139175627834,19.095466118778962,51,Marketing Professional,22100.0,Retirement,646,994500.0,0.85,31.539139175627835
U0018,2018-06,Food,5615.18,57104.45,1810.59,1810.59,-55293.86,-3053.91,97500.0,57400.0,1810.59,310.12984717688715,9.833174122156855,-55293.86,-3053.9139175627834,3.1012984717688714,51,Marketing Professional,22100.0,Retirement,646,994500.0,0.85,31.539139175627835
U0018,2018-06,Fuel,6471.25,57104.45,1810.59,1810.59,-55293.86,-3053.91,97500.0,57400.0,1810.59,357.41112013211165,11.332304224977213,-55293.86,-3053.9139175627834,3.5741112013211165,51,Marketing Professional,22100.0,Retirement,646,994500.0,0.85,31.539139175627835
U0018,2018-06,Groceries,1622.18,57104.45,1810.59,1810.59,-55293.86,-3053.91,97500.0,57400.0,1810.59,89.59399974593919,2.8407243218348133,-55293.86,-3053.9139175627834,0.8959399974593918,51,Marketing Professional,22100.0,Retirement,646,994500.0,0.85,31.539139175627835
U0018,2018-06,Other,4785.0,57104.45,1810.59,1810.59,-55293.86,-3053.91,97500.0,57400.0,1810.59,264.2784948552682,8.379381992121456,-55293.86,-3053.9139175627834,2.642784948552682,51,Marketing Professional,22100.0,Retirement,646,994500.0,0.85,31.539139175627835
U0018,2018-06,Shopping,4036.78,57104.45,1810.59,1810.59,-55293.86,-3053.91,97500.0,57400.0,1810.59,222.9538437746812,7.069116329813177,-55293.86,-3053.9139175627834,2.229538437746812,51,Marketing Professional,22100.0,Retirement,646,994500.0,0.85,31.539139175627835
U0018,2018-07,Bills,46826.130000000005,107345.55,47291.68,47291.68,-60053.87,-126.99,97500.0,57400.0,47291.68,99.0155773700575,43.62186415738706,-60053.87,-126.98612102593944,0.990155773700575,51,Marketing Professional,22100.0,Retirement,646,994500.0,0.85,2.2698612102593945
U0018,2018-07,Entertainment,1730.55,107345.55,47291.68,47291.68,-60053.87,-126.99,97500.0,57400.0,47291.68,3.659311743630169,1.612130172140345,-60053.87,-126.98612102593944,0.03659311743630169,51,Marketing Professional,22100.0,Retirement,646,994500.0,0.85,2.2698612102593945
U0018,2018-07,Food,4177.98,107345.55,47291.68,47291.68,-60053.87,-126.99,97500.0,57400.0,47291.68,8.834492663402948,3.8920849536846185,-60053.87,-126.98612102593944,0.08834492663402949,51,Marketing Professional,22100.0,Retirement,646,994500.0,0.85,2.2698612102593945
U0018,2018-07,Fuel,3201.0,107345.55,47291.68,47291.68,-60053.87,-126.99,97500.0,57400.0,47291.68,6.7686324528965764,2.9819587304736896,-60053.87,-126.98612102593944,0.06768632452896577,51,Marketing Professional,22100.0,Retirement,646,994500.0,0.85,2.2698612102593945
U0018,2018-07,Groceries,490.12,107345.55,47291.68,47291.68,-60053.87,-126.99,97500.0,57400.0,47291.68,1.036376800316673,0.45658157231482815,-60053.87,-126.98612102593944,0.01036376800316673,51,Marketing Professional,22100.0,Retirement,646,994500.0,0.85,2.2698612102593945
U0018,2018-07,Other,1715.8,107345.55,47291.68,47291.68,-60053.87,-126.99,97500.0,57400.0,47291.68,3.6281223251108865,1.5983895000770874,-60053.87,-126.98612102593944,0.036281223251108864,51,Marketing Professional,22100.0,Retirement,646,994500.0,0.85,2.2698612102593945
U0018,2018-07,Rent,42894.11,107345.55,47291.68,47291.68,-60053.87,-126.99,97500.0,57400.0,47291.68,90.70117618997676,39.95890840374845,-60053.87,-126.98612102593944,0.9070117618997676,51,Marketing Professional,22100.0,Retirement,646,994500.0,0.85,2.2698612102593945
U0018,2018-07,Shopping,6309.86,107345.55,47291.68,47291.68,-60053.87,-126.99,97500.0,57400.0,47291.68,13.342431480547951,5.878082510173919,-60053.87,-126.98612102593944,0.1334243148054795,51,Marketing Professional,22100.0,Retirement,646,994500.0,0.85,2.2698612102593945
U0018,2018-08,Bills,11461.55,50845.56,,0.0,-50845.56,0.0,97500.0,57400.0,97500.0,11.755435897435897,22.541889596653082,46654.44,47.850707692307694,0.11755435897435897,51,Marketing Professional,22100.0,Retirement,646,994500.0,0.85,0.5214929230769231
U0018,2018-08,Food,2991.06,50845.56,,0.0,-50845.56,0.0,97500.0,57400.0,97500.0,3.0677538461538463,5.882637540032994,46654.44,47.850707692307694,0.03067753846153846,51,Marketing Professional,22100.0,Retirement,646,994500.0,0.85,0.5214929230769231
U0018,2018-08,Fuel,2326.44,50845.56,,0.0,-50845.56,0.0,97500.0,57400.0,97500.0,2.3860923076923077,4.57550275776292,46654.44,47.850707692307694,0.023860923076923078,51,Marketing Professional,22100.0,Retirement,646,994500.0,0.85,0.5214929230769231
U0018,2018-08,Groceries,1959.91,50845.56,,0.0,-50845.56,0.0,97500.0,57400.0,97500.0,2.0101641025641026,3.8546335215896925,46654.44,47.850707692307694,0.020101641025641027,51,Marketing Professional,22100.0,Retirement,646,994500.0,0.85,0.5214929230769231
U0018,2018-08,Investment,15938.03,50845.56,,0.0,-50845.56,0.0,97500.0,57400.0,97500.0,16.346697435897436,31.34596216464132,46654.44,47.850707692307694,0.16346697435897437,51,Marketing Professional,22100.0,Retirement,646,994500.0,0.85,0.5214929230769231
U0018,2018-08,Miscellaneous,3134.37,50845.56,,0.0,-50845.56,0.0,97500.0,57400.0,97500.0,3.2147384615384613,6.164491058806314,46654.44,47.850707692307694,0.03214738461538461,51,Marketing Professional,22100.0,Retirement,646,994500.0,0.85,0.5214929230769231
U0018,2018-08,Other,1580.0,50845.56,,0.0,-50845.56,0.0,97500.0,57400.0,97500.0,1.6205128205128205,3.107449303341334,46654.44,47.850707692307694,0.016205128205128205,51,Marketing Professional,22100.0,Retirement,646,994500.0,0.85,0.5214929230769231
U0018,2018-08,Shopping,11293.34,50845.56,,0.0,-50845.56,0.0,97500.0,57400.0,97500.0,11.58291282051282,22.21106425025115,46654.44,47.850707692307694,0.11582912820512821,51,Marketing Professional,22100.0,Retirement,646,994500.0,0.85,0.5214929230769231
U0018,2018-08,Subscription,160.86,50845.56,,0.0,-50845.56,0.0,97500.0,57400.0,97500.0,0.1649846153846154,0.3163698069211943,46654.44,47.850707692307694,0.001649846153846154,51,Marketing Professional,22100.0,Retirement,646,994500.0,0.85,0.5214929230769231
U0018,2018-09,Bills,40106.03,89412.44,,0.0,-89412.44,0.0,97500.0,57400.0,97500.0,41.13438974358974,44.855089515508126,8087.559999999998,8.294933333333331,0.41134389743589744,51,Marketing Professional,22100.0,Retirement,646,994500.0,0.85,0.9170506666666667
U0018,2018-09,Food,8268.77,89412.44,,0.0,-89412.44,0.0,97500.0,57400.0,97500.0,8.480789743589744,9.24789660141251,8087.559999999998,8.294933333333331,0.08480789743589744,51,Marketing Professional,22100.0,Retirement,646,994500.0,0.85,0.9170506666666667
U0018,2018-09,Fuel,10481.26,89412.44,,0.0,-89412.44,0.0,97500.0,57400.0,97500.0,10.750010256410256,11.722373307338442,8087.559999999998,8.294933333333331,0.10750010256410257,51,Marketing Professional,22100.0,Retirement,646,994500.0,0.85,0.9170506666666667
U0018,2018-09,Groceries,5514.68,89412.44,,0.0,-89412.44,0.0,97500.0,57400.0,97500.0,5.656082051282051,6.167687628253966,8087.559999999998,8.294933333333331,0.05656082051282051,51,Marketing Professional,22100.0,Retirement,646,994500.0,0.85,0.9170506666666667
U0018,2018-09,Investment,13850.56,89412.44,,0.0,-89412.44,0.0,97500.0,57400.0,97500.0,14.205702564102562,15.490640899633204,8087.559999999998,8.294933333333331,0.14205702564102562,51,Marketing Professional,22100.0,Retirement,646,994500.0,0.85,0.9170506666666667
U0018,2018-09,Other,248.78,89412.44,,0.0,-89412.44,0.0,97500.0,57400.0,97500.0,0.25515897435897433,0.2782386880393824,8087.559999999998,8.294933333333331,0.0025515897435897435,51,Marketing Professional,22100.0,Retirement,646,994500.0,0.85,0.9170506666666667
U0018,2018-09,Shopping,10942.36,89412.44,,0.0,-89412.44,0.0,97500.0,57400.0,97500.0,11.222933333333334,12.238073359814363,8087.559999999998,8.294933333333331,0.11222933333333333,51,Marketing Professional,22100.0,Retirement,646,994500.0,0.85,0.9170506666666667
U0018,2018-10,Bills,21907.82,85341.46,,0.0,-85341.46,0.0,97500.0,57400.0,97500.0,22.469558974358975,25.67078182163745,12158.539999999994,12.470297435897429,0.22469558974358975,51,Marketing Professional,22100.0,Retirement,646,994500.0,0.85,0.8752970256410257
U0018,2018-10,Entertainment,318.83,85341.46,,0.0,-85341.46,0.0,97500.0,57400.0,97500.0,0.3270051282051282,0.3735933273229682,12158.539999999994,12.470297435897429,0.003270051282051282,51,Marketing Professional,22100.0,Retirement,646,994500.0,0.85,0.8752970256410257
U0018,2018-10,Food,862.55,85341.46,,0.0,-85341.46,0.0,97500.0,57400.0,97500.0,0.8846666666666666,1.0107045274360198,12158.539999999994,12.470297435897429,0.008846666666666666,51,Marketing Professional,22100.0,Retirement,646,994500.0,0.85,0.8752970256410257
U0018,2018-10,Groceries,6579.05,85341.46,,0.0,-85341.46,0.0,97500.0,57400.0,97500.0,6.747743589743591,7.709090048377424,12158.539999999994,12.470297435897429,0.0674774358974359,51,Marketing Professional,22100.0,Retirement,646,994500.0,0.85,0.8752970256410257
U0018,2018-10,Insurance,7996.21,85341.46,,0.0,-85341.46,0.0,97500.0,57400.0,97500.0,8.201241025641027,9.369666279437919,12158.539999999994,12.470297435897429,0.08201241025641026,51,Marketing Professional,22100.0,Retirement,646,994500.0,0.85,0.8752970256410257
U0018,2018-10,Miscellaneous,8314.1,85341.46,,0.0,-85341.46,0.0,97500.0,57400.0,97500.0,8.527282051282052,9.742158149157513,12158.539999999994,12.470297435897429,0.08527282051282052,51,Marketing Professional,22100.0,Retirement,646,994500.0,0.85,0.8752970256410257
U0018,2018-10,Other,1527.65,85341.46,,0.0,-85341.46,0.0,97500.0,57400.0,97500.0,1.5668205128205128,1.7900443699932014,12158.539999999994,12.470297435897429,0.015668205128205128,51,Marketing Professional,22100.0,Retirement,646,994500.0,0.85,0.8752970256410257
U0018,2018-10,Shopping,37069.66,85341.46,,0.0,-85341.46,0.0,97500.0,57400.0,97500.0,38.02016410256411,43.43687112922605,12158.539999999994,12.470297435897429,0.3802016410256411,51,Marketing Professional,22100.0,Retirement,646,994500.0,0.85,0.8752970256410257
U0018,2018-10,Subscription,765.59,85341.46,,0.0,-85341.46,0.0,97500.0,57400.0,97500.0,0.7852205128205128,0.8970903474114457,12158.539999999994,12.470297435897429,0.007852205128205128,51,Marketing Professional,22100.0,Retirement,646,994500.0,0.85,0.8752970256410257
U0018,2018-11,Bills,22503.22,57501.68,,0.0,-57501.68,0.0,97500.0,57400.0,97500.0,23.080225641025642,39.134891363174084,39998.32,41.023917948717944,0.23080225641025642,51,Marketing Professional,22100.0,Retirement,646,994500.0,0.85,0.5897608205128205
U0018,2018-11,Entertainment,299.15,57501.68,,0.0,-57501.68,0.0,97500.0,57400.0,97500.0,0.3068205128205128,0.5202456693439218,39998.32,41.023917948717944,0.003068205128205128,51,Marketing Professional,22100.0,Retirement,646,994500.0,0.85,0.5897608205128205
U0018,2018-11,Food,4468.36,57501.68,,0.0,-57501.68,0.0,97500.0,57400.0,97500.0,4.582933333333333,7.770833826072559,39998.32,41.023917948717944,0.04582933333333333,51,Marketing Professional,22100.0,Retirement,646,994500.0,0.85,0.5897608205128205
U0018,2018-11,Fuel,2118.4,57501.68,,0.0,-57501.68,0.0,97500.0,57400.0,97500.0,2.1727179487179487,3.6840662742375527,39998.32,41.023917948717944,0.021727179487179487,51,Marketing Professional,22100.0,Retirement,646,994500.0,0.85,0.5897608205128205
U0018,2018-11,Groceries,578.17,57501.68,,0.0,-57501.68,0.0,97500.0,57400.0,97500.0,0.5929948717948718,1.0054836658685449,39998.32,41.023917948717944,0.005929948717948718,51,Marketing Professional,22100.0,Retirement,646,994500.0,0.85,0.5897608205128205
U0018,2018-11,Other,107.68,57501.68,,0.0,-57501.68,0.0,97500.0,57400.0,97500.0,0.11044102564102565,0.18726409384908407,39998.32,41.023917948717944,0.0011044102564102564,51,Marketing Professional,22100.0,Retirement,646,994500.0,0.85,0.5897608205128205
U0018,2018-11,Rent,8298.96,57501.68,,0.0,-57501.68,0.0,97500.0,57400.0,97500.0,8.511753846153844,14.432552231517409,39998.32,41.023917948717944,0.08511753846153845,51,Marketing Professional,22100.0,Retirement,646,994500.0,0.85,0.5897608205128205
U0018,2018-11,Shopping,19127.74,57501.68,,0.0,-57501.68,0.0,97500.0,57400.0,97500.0,19.618194871794874,33.26466287593684,39998.32,41.023917948717944,0.19618194871794872,51,Marketing Professional,22100.0,Retirement,646,994500.0,0.85,0.5897608205128205
U0018,2018-12,Bills,34999.35,85206.78,,0.0,-85206.78,0.0,97500.0,57400.0,97500.0,35.89676923076922,41.075780589291135,12293.220000000001,12.608430769230772,0.35896769230769227,51,Marketing Professional,22100.0,Retirement,646,994500.0,0.85,0.8739156923076923
U0018,2018-12,Food,2658.4700000000003,85206.78,,0.0,-85206.78,0.0,97500.0,57400.0,97500.0,2.7266358974358975,3.120021669637088,12293.220000000001,12.608430769230772,0.027266358974358976,51,Marketing Professional,22100.0,Retirement,646,994500.0,0.85,0.8739156923076923
U0018,2018-12,Fuel,2801.77,85206.78,,0.0,-85206.78,0.0,97500.0,57400.0,97500.0,2.8736102564102564,3.2882007746331925,12293.220000000001,12.608430769230772,0.028736102564102563,51,Marketing Professional,22100.0,Retirement,646,994500.0,0.85,0.8739156923076923
U0018,2018-12,Groceries,4137.91,85206.78,,0.0,-85206.78,0.0,97500.0,57400.0,97500.0,4.244010256410256,4.8563154246645635,12293.220000000001,12.608430769230772,0.042440102564102564,51,Marketing Professional,22100.0,Retirement,646,994500.0,0.85,0.8739156923076923
U0018,2018-12,Other,61.72,85206.78,,0.0,-85206.78,0.0,97500.0,57400.0,97500.0,0.0633025641025641,0.07243555031653584,12293.220000000001,12.608430769230772,0.000633025641025641,51,Marketing Professional,22100.0,Retirement,646,994500.0,0.85,0.8739156923076923
U0018,2018-12,Rent,39965.41,85206.78,,0.0,-85206.78,0.0,97500.0,57400.0,97500.0,40.99016410256411,46.90402571250786,12293.220000000001,12.608430769230772,0.4099016410256411,51,Marketing Professional,22100.0,Retirement,646,994500.0,0.85,0.8739156923076923
U0018,2018-12,Shopping,582.15,85206.78,,0.0,-85206.78,0.0,97500.0,57400.0,97500.0,0.5970769230769231,0.6832202789496329,12293.220000000001,12.608430769230772,0.005970769230769231,51,Marketing Professional,22100.0,Retirement,646,994500.0,0.85,0.8739156923076923
U0018,2019-01,Bills,2024.6,29026.45,,0.0,-29026.45,0.0,97500.0,57400.0,97500.0,2.0765128205128205,6.97501761324585,68473.55,70.22928205128206,0.020765128205128203,51,Marketing Professional,22100.0,Retirement,646,994500.0,0.85,0.2977071794871795
U0018,2019-01,Food,354.1,29026.45,,0.0,-29026.45,0.0,97500.0,57400.0,97500.0,0.3631794871794872,1.2199218299171963,68473.55,70.22928205128206,0.0036317948717948722,51,Marketing Professional,22100.0,Retirement,646,994500.0,0.85,0.2977071794871795
U0018,2019-01,Fuel,594.64,29026.45,,0.0,-29026.45,0.0,97500.0,57400.0,97500.0,0.6098871794871795,2.0486142811125716,68473.55,70.22928205128206,0.006098871794871795,51,Marketing Professional,22100.0,Retirement,646,994500.0,0.85,0.2977071794871795
U0018,2019-01,Groceries,2913.95,29026.45,,0.0,-29026.45,0.0,97500.0,57400.0,97500.0,2.9886666666666666,10.03894723605539,68473.55,70.22928205128206,0.029886666666666666,51,Marketing Professional,22100.0,Retirement,646,994500.0,0.85,0.2977071794871795
U0018,2019-01,Miscellaneous,2612.97,29026.45,,0.0,-29026.45,0.0,97500.0,57400.0,97500.0,2.6799692307692307,9.002030906294085,68473.55,70.22928205128206,0.026799692307692306,51,Marketing Professional,22100.0,Retirement,646,994500.0,0.85,0.2977071794871795
U0018,2019-01,Other,495.39,29026.45,,0.0,-29026.45,0.0,97500.0,57400.0,97500.0,0.5080923076923076,1.706684765102174,68473.55,70.22928205128206,0.005080923076923077,51,Marketing Professional,22100.0,Retirement,646,994500.0,0.85,0.2977071794871795
U0018,2019-01,Rent,8178.67,29026.45,,0.0,-29026.45,0.0,97500.0,57400.0,97500.0,8.388379487179487,28.176611332078156,68473.55,70.22928205128206,0.08388379487179487,51,Marketing Professional,22100.0,Retirement,646,994500.0,0.85,0.2977071794871795
U0018,2019-01,Shopping,11553.39,29026.45,,0.0,-29026.45,0.0,97500.0,57400.0,97500.0,11.84963076923077,39.802972805837435,68473.55,70.22928205128206,0.11849630769230769,51,Marketing Professional,22100.0,Retirement,646,994500.0,0.85,0.2977071794871795
U0018,2019-01,Subscription,298.74,29026.45,,0.0,-29026.45,0.0,97500.0,57400.0,97500.0,0.3064,1.0291992303571398,68473.55,70.22928205128206,0.003064,51,Marketing Professional,22100.0,Retirement,646,994500.0,0.85,0.2977071794871795
U0018,2019-02,Bills,48197.72,56215.05,41103.99,41103.99,-15111.06,-36.76,97500.0,57400.0,41103.99,117.25800828581363,85.73810749968203,-15111.060000000005,-36.763000380255065,1.1725800828581363,51,Marketing Professional,22100.0,Retirement,646,994500.0,0.85,1.3676300038025506
U0018,2019-02,Food,5638.92,56215.05,41103.99,41103.99,-15111.06,-36.76,97500.0,57400.0,41103.99,13.71866818768689,10.030979248439696,-15111.060000000005,-36.763000380255065,0.1371866818768689,51,Marketing Professional,22100.0,Retirement,646,994500.0,0.85,1.3676300038025506
U0018,2019-02,Groceries,440.64,56215.05,41103.99,41103.99,-15111.06,-36.76,97500.0,57400.0,41103.99,1.0720127170136038,0.7838470302881524,-15111.060000000005,-36.763000380255065,0.010720127170136038,51,Marketing Professional,22100.0,Retirement,646,994500.0,0.85,1.3676300038025506
U0018,2019-02,Other,599.61,56215.05,41103.99,41103.99,-15111.06,-36.76,97500.0,57400.0,41103.99,1.458763492303302,1.0666360698780841,-15111.060000000005,-36.763000380255065,0.01458763492303302,51,Marketing Professional,22100.0,Retirement,646,994500.0,0.85,1.3676300038025506
U0018,2019-02,Shopping,1338.16,56215.05,41103.99,41103.99,-15111.06,-36.76,97500.0,57400.0,41103.99,3.2555476974376454,2.3804301517120416,-15111.060000000005,-36.763000380255065,0.032555476974376454,51,Marketing Professional,22100.0,Retirement,646,994500.0,0.85,1.3676300038025506
U0018,2019-03,Food,933.14,20649.96,88185.85,88185.85,67535.89,76.58,97500.0,57400.0,88185.85,1.0581516195625487,4.518846525610703,67535.89000000001,76.58359022450881,0.010581516195625487,51,Marketing Professional,22100.0,Retirement,646,994500.0,0.85,0.2341640977549119
U0018,2019-03,Groceries,3709.26,20649.96,88185.85,88185.85,67535.89,76.58,97500.0,57400.0,88185.85,4.206185005871124,17.96255295409773,67535.89000000001,76.58359022450881,0.042061850058711235,51,Marketing Professional,22100.0,Retirement,646,994500.0,0.85,0.2341640977549119
U0018,2019-03,Shopping,16007.56,20649.96,88185.85,88185.85,67535.89,76.58,97500.0,57400.0,88185.85,18.152073150057518,77.51860052029157,67535.89000000001,76.58359022450881,0.18152073150057518,51,Marketing Professional,22100.0,Retirement,646,994500.0,0.85,0.2341640977549119
U0018,2019-04,Bills,38225.32,59749.92,,0.0,-59749.92,0.0,97500.0,57400.0,97500.0,39.20545641025641,63.975516619938574,37750.08,38.71803076923077,0.3920545641025641,51,Marketing Professional,22100.0,Retirement,646,994500.0,0.85,0.6128196923076923
U0018,2019-04,Entertainment,524.9100000000001,59749.92,,0.0,-59749.92,0.0,97500.0,57400.0,97500.0,0.5383692307692309,0.878511636500936,37750.08,38.71803076923077,0.005383692307692309,51,Marketing Professional,22100.0,Retirement,646,994500.0,0.85,0.6128196923076923
U0018,2019-04,Food,1752.47,59749.92,,0.0,-59749.92,0.0,97500.0,57400.0,97500.0,1.7974051282051282,2.9330081111405675,37750.08,38.71803076923077,0.017974051282051283,51,Marketing Professional,22100.0,Retirement,646,994500.0,0.85,0.6128196923076923
U0018,2019-04,Fuel,4182.5,59749.92,,0.0,-59749.92,0.0,97500.0,57400.0,97500.0,4.28974358974359,7.0000093723974866,37750.08,38.71803076923077,0.042897435897435894,51,Marketing Professional,22100.0,Retirement,646,994500.0,0.85,0.6128196923076923
U0018,2019-04,Groceries,815.5,59749.92,,0.0,-59749.92,0.0,97500.0,57400.0,97500.0,0.8364102564102563,1.3648553839067903,37750.08,38.71803076923077,0.008364102564102563,51,Marketing Professional,22100.0,Retirement,646,994500.0,0.85,0.6128196923076923
U0018,2019-04,Insurance,8536.28,59749.92,,0.0,-59749.92,0.0,97500.0,57400.0,97500.0,8.755158974358974,14.286680216475606,37750.08,38.71803076923077,0.08755158974358974,51,Marketing Professional,22100.0,Retirement,646,994500.0,0.85,0.6128196923076923
U0018,2019-04,Miscellaneous,2634.58,59749.92,,0.0,-59749.92,0.0,97500.0,57400.0,97500.0,2.7021333333333333,4.409344815859168,37750.08,38.71803076923077,0.02702133333333333,51,Marketing Professional,22100.0,Retirement,646,994500.0,0.85,0.6128196923076923
U0018,2019-04,Other,2228.36,59749.92,,0.0,-59749.92,0.0,97500.0,57400.0,97500.0,2.2854974358974363,3.7294777967903556,37750.08,38.71803076923077,0.02285497435897436,51,Marketing Professional,22100.0,Retirement,646,994500.0,0.85,0.6128196923076923
U0018,2019-04,Subscription,850.0,59749.92,,0.0,-59749.92,0.0,97500.0,57400.0,97500.0,0.8717948717948718,1.4225960469905232,37750.08,38.71803076923077,0.008717948717948718,51,Marketing Professional,22100.0,Retirement,646,994500.0,0.85,0.6128196923076923
U0018,2019-05,Bills,31016.35,52188.77,,0.0,-52188.77,0.0,97500.0,57400.0,97500.0,31.811641025641023,59.43108067118654,45311.23,46.47305641025641,0.31811641025641024,51,Marketing Professional,22100.0,Retirement,646,994500.0,0.85,0.5352694358974359
U0018,2019-05,Food,4607.07,52188.77,,0.0,-52188.77,0.0,97500.0,57400.0,97500.0,4.725199999999999,8.827703737796465,45311.23,46.47305641025641,0.047251999999999995,51,Marketing Professional,22100.0,Retirement,646,994500.0,0.85,0.5352694358974359
U0018,2019-05,Fuel,4463.25,52188.77,,0.0,-52188.77,0.0,97500.0,57400.0,97500.0,4.577692307692308,8.55212721050908,45311.23,46.47305641025641,0.045776923076923076,51,Marketing Professional,22100.0,Retirement,646,994500.0,0.85,0.5352694358974359
U0018,2019-05,Groceries,3738.47,52188.77,,0.0,-52188.77,0.0,97500.0,57400.0,97500.0,3.834328205128205,7.163361006592031,45311.23,46.47305641025641,0.03834328205128205,51,Marketing Professional,22100.0,Retirement,646,994500.0,0.85,0.5352694358974359
U0018,2019-05,Rent,8214.63,52188.77,,0.0,-52188.77,0.0,97500.0,57400.0,97500.0,8.425261538461537,15.740225339665987,45311.23,46.47305641025641,0.08425261538461537,51,Marketing Professional,22100.0,Retirement,646,994500.0,0.85,0.5352694358974359
U0018,2019-05,Subscription,149.0,52188.77,,0.0,-52188.77,0.0,97500.0,57400.0,97500.0,0.15282051282051284,0.28550203424989706,45311.23,46.47305641025641,0.0015282051282051283,51,Marketing Professional,22100.0,Retirement,646,994500.0,0.85,0.5352694358974359
U0018,2019-06,Bills,5971.03,57358.37,,0.0,-57358.37,0.0,97500.0,57400.0,97500.0,6.124133333333333,10.410041289527578,40141.63,41.17090256410256,0.06124133333333333,51,Marketing Professional,22100.0,Retirement,646,994500.0,0.85,0.5882909743589744
U0018,2019-06,Food,1388.79,57358.37,,0.0,-57358.37,0.0,97500.0,57400.0,97500.0,1.4243999999999999,2.4212508130897024,40141.63,41.17090256410256,0.014244,51,Marketing Professional,22100.0,Retirement,646,994500.0,0.85,0.5882909743589744
U0018,2019-06,Fuel,3269.48,57358.37,,0.0,-57358.37,0.0,97500.0,57400.0,97500.0,3.3533128205128206,5.700092244601791,40141.63,41.17090256410256,0.03353312820512821,51,Marketing Professional,22100.0,Retirement,646,994500.0,0.85,0.5882909743589744
U0018,2019-06,Groceries,1265.11,57358.37,,0.0,-57358.37,0.0,97500.0,57400.0,97500.0,1.2975487179487177,2.2056240440584345,40141.63,41.17090256410256,0.012975487179487178,51,Marketing Professional,22100.0,Retirement,646,994500.0,0.85,0.5882909743589744
U0018,2019-06,Insurance,41214.75,57358.37,,0.0,-57358.37,0.0,97500.0,57400.0,97500.0,42.27153846153846,71.8548138658752,40141.63,41.17090256410256,0.4227153846153846,51,Marketing Professional,22100.0,Retirement,646,994500.0,0.85,0.5882909743589744
U0018,2019-06,Miscellaneous,692.48,57358.37,,0.0,-57358.37,0.0,97500.0,57400.0,97500.0,0.7102358974358974,1.2072867482112897,40141.63,41.17090256410256,0.007102358974358974,51,Marketing Professional,22100.0,Retirement,646,994500.0,0.85,0.5882909743589744
U0018,2019-06,Other,1390.2,57358.37,,0.0,-57358.37,0.0,97500.0,57400.0,97500.0,1.425846153846154,2.4237090419410454,40141.63,41.17090256410256,0.01425846153846154,51,Marketing Professional,22100.0,Retirement,646,994500.0,0.85,0.5882909743589744
U0018,2019-06,Shopping,2166.53,57358.37,,0.0,-57358.37,0.0,97500.0,57400.0,97500.0,2.2220820512820514,3.77718195269496,40141.63,41.17090256410256,0.022220820512820514,51,Marketing Professional,22100.0,Retirement,646,994500.0,0.85,0.5882909743589744
U0018,2019-07,Bills,42914.78,82109.73,42295.15,42295.15,-39814.58,-94.14,97500.0,57400.0,42295.15,101.4650143101514,52.265157856444056,-39814.579999999994,-94.13509586796593,1.014650143101514,51,Marketing Professional,22100.0,Retirement,646,994500.0,0.85,1.9413509586796593
U0018,2019-07,Food,1833.18,82109.73,42295.15,42295.15,-39814.58,-94.14,97500.0,57400.0,42295.15,4.334255818929593,2.23259776886369,-39814.579999999994,-94.13509586796593,0.043342558189295936,51,Marketing Professional,22100.0,Retirement,646,994500.0,0.85,1.9413509586796593
U0018,2019-07,Fuel,2005.49,82109.73,42295.15,42295.15,-39814.58,-94.14,97500.0,57400.0,42295.15,4.741654776020418,2.44245109562533,-39814.579999999994,-94.13509586796593,0.04741654776020418,51,Marketing Professional,22100.0,Retirement,646,994500.0,0.85,1.9413509586796593
U0018,2019-07,Groceries,1541.68,82109.73,42295.15,42295.15,-39814.58,-94.14,97500.0,57400.0,42295.15,3.645051501176849,1.8775850316399774,-39814.579999999994,-94.13509586796593,0.03645051501176849,51,Marketing Professional,22100.0,Retirement,646,994500.0,0.85,1.9413509586796593
U0018,2019-07,Insurance,23781.9,82109.73,42295.15,42295.15,-39814.58,-94.14,97500.0,57400.0,42295.15,56.2284328108542,28.963558886382895,-39814.579999999994,-94.13509586796593,0.562284328108542,51,Marketing Professional,22100.0,Retirement,646,994500.0,0.85,1.9413509586796593
U0018,2019-07,Other,7960.32,82109.73,42295.15,42295.15,-39814.58,-94.14,97500.0,57400.0,42295.15,18.820881354008673,9.694734107638645,-39814.579999999994,-94.13509586796593,0.18820881354008673,51,Marketing Professional,22100.0,Retirement,646,994500.0,0.85,1.9413509586796593
U0018,2019-07,Subscription,2072.38,82109.73,42295.15,42295.15,-39814.58,-94.14,97500.0,57400.0,42295.15,4.899805296824813,2.523915253405413,-39814.579999999994,-94.13509586796593,0.048998052968248135,51,Marketing Professional,22100.0,Retirement,646,994500.0,0.85,1.9413509586796593
U0018,2019-08,Bills,29891.08,45882.39,102346.92,103971.78,58089.39,55.87,97500.0,57400.0,102346.92,29.205646833339006,65.14717302215513,56464.53,55.1697403302415,0.29205646833339005,51,Marketing Professional,22100.0,Retirement,646,994500.0,0.85,0.44830259669758504
U0018,2019-08,Food,2536.76,45882.39,102346.92,103971.78,58089.39,55.87,97500.0,57400.0,102346.92,2.478589487597673,5.52883143184128,56464.53,55.1697403302415,0.024785894875976728,51,Marketing Professional,22100.0,Retirement,646,994500.0,0.85,0.44830259669758504
U0018,2019-08,Fuel,3208.1,45882.39,102346.92,103971.78,58089.39,55.87,97500.0,57400.0,102346.92,3.134534971838918,6.992007173122411,56464.53,55.1697403302415,0.03134534971838918,51,Marketing Professional,22100.0,Retirement,646,994500.0,0.85,0.44830259669758504
U0018,2019-08,Groceries,6496.26,45882.39,102346.92,103971.78,58089.39,55.87,97500.0,57400.0,102346.92,6.347294085645176,14.158503948900659,56464.53,55.1697403302415,0.06347294085645176,51,Marketing Professional,22100.0,Retirement,646,994500.0,0.85,0.44830259669758504
U0018,2019-08,Shopping,3750.19,45882.39,102346.92,103971.78,58089.39,55.87,97500.0,57400.0,102346.92,3.6641942913377363,8.17348442398053,56464.53,55.1697403302415,0.036641942913377364,51,Marketing Professional,22100.0,Retirement,646,994500.0,0.85,0.44830259669758504
U0018,2019-09,Bills,14560.64,53655.37,,0.0,-53655.37,0.0,97500.0,57400.0,97500.0,14.933989743589743,27.137339654912452,43844.63,44.96885128205128,0.14933989743589743,51,Marketing Professional,22100.0,Retirement,646,994500.0,0.85,0.5503114871794872
U0018,2019-09,Entertainment,216.75,53655.37,,0.0,-53655.37,0.0,97500.0,57400.0,97500.0,0.22230769230769232,0.4039670213810844,43844.63,44.96885128205128,0.002223076923076923,51,Marketing Professional,22100.0,Retirement,646,994500.0,0.85,0.5503114871794872
U0018,2019-09,Food,5492.15,53655.37,,0.0,-53655.37,0.0,97500.0,57400.0,97500.0,5.632974358974359,10.235974516623404,43844.63,44.96885128205128,0.05632974358974359,51,Marketing Professional,22100.0,Retirement,646,994500.0,0.85,0.5503114871794872
U0018,2019-09,Groceries,8029.98,53655.37,,0.0,-53655.37,0.0,97500.0,57400.0,97500.0,8.235876923076923,14.965845916261502,43844.63,44.96885128205128,0.08235876923076922,51,Marketing Professional,22100.0,Retirement,646,994500.0,0.85,0.5503114871794872
U0018,2019-09,Insurance,23007.74,53655.37,,0.0,-53655.37,0.0,97500.0,57400.0,97500.0,23.597682051282053,42.880591448721724,43844.63,44.96885128205128,0.23597682051282054,51,Marketing Professional,22100.0,Retirement,646,994500.0,0.85,0.5503114871794872
U0018,2019-09,Other,2348.11,53655.37,,0.0,-53655.37,0.0,97500.0,57400.0,97500.0,2.408317948717949,4.376281442099831,43844.63,44.96885128205128,0.024083179487179487,51,Marketing Professional,22100.0,Retirement,646,994500.0,0.85,0.5503114871794872
U0019,2018-01,Bills,14791.78,105873.4,38749.41,38749.41,-67123.99,-173.23,101500.0,61300.0,38749.41,38.172916697312296,13.971195786665962,-67123.98999999999,-173.22583750307422,0.3817291669731229,59,Teacher,17000.0,Business Investment,723,547400.0,0.4494252873563218,2.732258375030742
U0019,2018-01,Entertainment,313.18,105873.4,38749.41,38749.41,-67123.99,-173.23,101500.0,61300.0,38749.41,0.8082187573952739,0.29580612316219185,-67123.98999999999,-173.22583750307422,0.008082187573952739,59,Teacher,17000.0,Business Investment,723,547400.0,0.4494252873563218,2.732258375030742
U0019,2018-01,Food,2488.48,105873.4,38749.41,38749.41,-67123.99,-173.23,101500.0,61300.0,38749.41,6.4219816508173935,2.3504298530131273,-67123.98999999999,-173.22583750307422,0.06421981650817393,59,Teacher,17000.0,Business Investment,723,547400.0,0.4494252873563218,2.732258375030742
U0019,2018-01,Fuel,1576.68,105873.4,38749.41,38749.41,-67123.99,-173.23,101500.0,61300.0,38749.41,4.068913565393641,1.489212587864374,-67123.98999999999,-173.22583750307422,0.040689135653936406,59,Teacher,17000.0,Business Investment,723,547400.0,0.4494252873563218,2.732258375030742
U0019,2018-01,Groceries,1722.01,105873.4,38749.41,38749.41,-67123.99,-173.23,101500.0,61300.0,38749.41,4.4439644371359455,1.6264803057236286,-67123.98999999999,-173.22583750307422,0.04443964437135946,59,Teacher,17000.0,Business Investment,723,547400.0,0.4494252873563218,2.732258375030742
U0019,2018-01,Insurance,40473.78,105873.4,38749.41,38749.41,-67123.99,-173.23,101500.0,61300.0,38749.41,104.45005485244808,38.22846909610913,-67123.98999999999,-173.22583750307422,1.0445005485244807,59,Teacher,17000.0,Business Investment,723,547400.0,0.4494252873563218,2.732258375030742
U0019,2018-01,Investment,41358.08,105873.4,38749.41,38749.41,-67123.99,-173.23,101500.0,61300.0,38749.41,106.73215411537878,39.063711942754274,-67123.98999999999,-173.22583750307422,1.0673215411537877,59,Teacher,17000.0,Business Investment,723,547400.0,0.4494252873563218,2.732258375030742
U0019,2018-01,Other,3149.41,105873.4,38749.41,38749.41,-67123.99,-173.23,101500.0,61300.0,38749.41,8.127633427192826,2.97469430470732,-67123.98999999999,-173.22583750307422,0.08127633427192826,59,Teacher,17000.0,Business Investment,723,547400.0,0.4494252873563218,2.732258375030742
U0019,2018-02,Bills,17243.239999999998,94470.58,,0.0,-94470.58,0.0,101500.0,61300.0,101500.0,16.988413793103447,18.252497232471736,7029.419999999998,6.925536945812806,0.16988413793103446,59,Teacher,17000.0,Business Investment,723,547400.0,0.4494252873563218,0.930744630541872
U0019,2018-02,Entertainment,1664.49,94470.58,,0.0,-94470.58,0.0,101500.0,61300.0,101500.0,1.6398916256157636,1.7619136031556066,7029.419999999998,6.925536945812806,0.016398916256157636,59,Teacher,17000.0,Business Investment,723,547400.0,0.4494252873563218,0.930744630541872
U0019,2018-02,Food,1095.73,94470.58,,0.0,-94470.58,0.0,101500.0,61300.0,101500.0,1.079536945812808,1.159863737472555,7029.419999999998,6.925536945812806,0.01079536945812808,59,Teacher,17000.0,Business Investment,723,547400.0,0.4494252873563218,0.930744630541872
U0019,2018-02,Fuel,6273.870000000001,94470.58,,0.0,-94470.58,0.0,101500.0,61300.0,101500.0,6.181152709359607,6.6410833933696605,7029.419999999998,6.925536945812806,0.061811527093596066,59,Teacher,17000.0,Business Investment,723,547400.0,0.4494252873563218,0.930744630541872
U0019,2018-02,Groceries,1143.02,94470.58,,0.0,-94470.58,0.0,101500.0,61300.0,101500.0,1.126128078817734,1.2099216496818375,7029.419999999998,6.925536945812806,0.01126128078817734,59,Teacher,17000.0,Business Investment,723,547400.0,0.4494252873563218,0.930744630541872
U0019,2018-02,Insurance,64863.64,94470.58,,0.0,-94470.58,0.0,101500.0,61300.0,101500.0,63.90506403940886,68.66014795293943,7029.419999999998,6.925536945812806,0.6390506403940887,59,Teacher,17000.0,Business Investment,723,547400.0,0.4494252873563218,0.930744630541872
U0019,2018-02,Other,2186.59,94470.58,,0.0,-94470.58,0.0,101500.0,61300.0,101500.0,2.1542758620689657,2.314572430909178,7029.419999999998,6.925536945812806,0.021542758620689658,59,Teacher,17000.0,Business Investment,723,547400.0,0.4494252873563218,0.930744630541872
U0019,2018-03,Bills,21613.74,70923.39,,0.0,-70923.39,0.0,101500.0,61300.0,101500.0,21.29432512315271,30.474770030028175,30576.61,30.12473891625616,0.2129432512315271,59,Teacher,17000.0,Business Investment,723,547400.0,0.4494252873563218,0.6987526108374384
U0019,2018-03,Entertainment,1628.17,70923.39,,0.0,-70923.39,0.0,101500.0,61300.0,101500.0,1.6041083743842364,2.295674247945565,30576.61,30.12473891625616,0.016041083743842364,59,Teacher,17000.0,Business Investment,723,547400.0,0.4494252873563218,0.6987526108374384
U0019,2018-03,Food,966.7,70923.39,,0.0,-70923.39,0.0,101500.0,61300.0,101500.0,0.9524137931034482,1.3630200135667514,30576.61,30.12473891625616,0.009524137931034482,59,Teacher,17000.0,Business Investment,723,547400.0,0.4494252873563218,0.6987526108374384
U0019,2018-03,Groceries,12067.85,70923.39,,0.0,-70923.39,0.0,101500.0,61300.0,101500.0,11.889507389162562,17.015331613449387,30576.61,30.12473891625616,0.11889507389162562,59,Teacher,17000.0,Business Investment,723,547400.0,0.4494252873563218,0.6987526108374384
U0019,2018-03,Insurance,7990.0,70923.39,,0.0,-70923.39,0.0,101500.0,61300.0,101500.0,7.871921182266011,11.26567695086205,30576.61,30.12473891625616,0.0787192118226601,59,Teacher,17000.0,Business Investment,723,547400.0,0.4494252873563218,0.6987526108374384
U0019,2018-03,Other,63.11,70923.39,,0.0,-70923.39,0.0,101500.0,61300.0,101500.0,0.06217733990147783,0.08898333821888661,30576.61,30.12473891625616,0.0006217733990147783,59,Teacher,17000.0,Business Investment,723,547400.0,0.4494252873563218,0.6987526108374384
U0019,2018-03,Rent,24343.91,70923.39,,0.0,-70923.39,0.0,101500.0,61300.0,101500.0,23.98414778325123,34.32423351450065,30576.61,30.12473891625616,0.2398414778325123,59,Teacher,17000.0,Business Investment,723,547400.0,0.4494252873563218,0.6987526108374384
U0019,2018-03,Shopping,1458.35,70923.39,,0.0,-70923.39,0.0,101500.0,61300.0,101500.0,1.43679802955665,2.0562327886470175,30576.61,30.12473891625616,0.0143679802955665,59,Teacher,17000.0,Business Investment,723,547400.0,0.4494252873563218,0.6987526108374384
U0019,2018-03,Subscription,791.56,70923.39,,0.0,-70923.39,0.0,101500.0,61300.0,101500.0,0.7798620689655171,1.1160775027815224,30576.61,30.12473891625616,0.0077986206896551715,59,Teacher,17000.0,Business Investment,723,547400.0,0.4494252873563218,0.6987526108374384
U0019,2018-04,Bills,8941.54,27445.65,37667.92,37667.92,10222.27,27.14,101500.0,61300.0,37667.92,23.737811909975388,32.57907901616468,10222.269999999997,27.137866916994614,0.23737811909975387,59,Teacher,17000.0,Business Investment,723,547400.0,0.4494252873563218,0.7286213308300539
U0019,2018-04,Entertainment,1075.24,27445.65,37667.92,37667.92,10222.27,27.14,101500.0,61300.0,37667.92,2.8545244866188524,3.9177064489272433,10222.269999999997,27.137866916994614,0.028545244866188525,59,Teacher,17000.0,Business Investment,723,547400.0,0.4494252873563218,0.7286213308300539
U0019,2018-04,Food,4400.6,27445.65,37667.92,37667.92,10222.27,27.14,101500.0,61300.0,37667.92,11.682620118127044,16.03387057694024,10222.269999999997,27.137866916994614,0.11682620118127045,59,Teacher,17000.0,Business Investment,723,547400.0,0.4494252873563218,0.7286213308300539
U0019,2018-04,Fuel,6464.83,27445.65,37667.92,37667.92,10222.27,27.14,101500.0,61300.0,37667.92,17.162694409460357,23.555026024160476,10222.269999999997,27.137866916994614,0.17162694409460358,59,Teacher,17000.0,Business Investment,723,547400.0,0.4494252873563218,0.7286213308300539
U0019,2018-04,Groceries,6563.44,27445.65,37667.92,37667.92,10222.27,27.14,101500.0,61300.0,37667.92,17.424482158823743,23.914317933807357,10222.269999999997,27.137866916994614,0.17424482158823743,59,Teacher,17000.0,Business Investment,723,547400.0,0.4494252873563218,0.7286213308300539
U0019,2018-05,Bills,36961.94,80846.87,,0.0,-80846.87,0.0,101500.0,61300.0,101500.0,36.41570443349754,45.71845514860378,20653.130000000005,20.347911330049264,0.36415704433497537,59,Teacher,17000.0,Business Investment,723,547400.0,0.4494252873563218,0.7965208866995074
U0019,2018-05,Entertainment,491.08,80846.87,,0.0,-80846.87,0.0,101500.0,61300.0,101500.0,0.4838226600985222,0.6074199285637156,20653.130000000005,20.347911330049264,0.004838226600985222,59,Teacher,17000.0,Business Investment,723,547400.0,0.4494252873563218,0.7965208866995074
U0019,2018-05,Food,3706.53,80846.87,,0.0,-80846.87,0.0,101500.0,61300.0,101500.0,3.651753694581281,4.584630178014313,20653.130000000005,20.347911330049264,0.03651753694581281,59,Teacher,17000.0,Business Investment,723,547400.0,0.4494252873563218,0.7965208866995074
U0019,2018-05,Fuel,7378.870000000001,80846.87,,0.0,-80846.87,0.0,101500.0,61300.0,101500.0,7.269822660098522,9.126970530831931,20653.130000000005,20.347911330049264,0.07269822660098522,59,Teacher,17000.0,Business Investment,723,547400.0,0.4494252873563218,0.7965208866995074
U0019,2018-05,Groceries,2728.55,80846.87,,0.0,-80846.87,0.0,101500.0,61300.0,101500.0,2.688226600985222,3.374960589074135,20653.130000000005,20.347911330049264,0.026882266009852218,59,Teacher,17000.0,Business Investment,723,547400.0,0.4494252873563218,0.7965208866995074
U0019,2018-05,Miscellaneous,8404.98,80846.87,,0.0,-80846.87,0.0,101500.0,61300.0,101500.0,8.280768472906404,10.396172418301413,20653.130000000005,20.347911330049264,0.08280768472906404,59,Teacher,17000.0,Business Investment,723,547400.0,0.4494252873563218,0.7965208866995074
U0019,2018-05,Other,3700.1,80846.87,,0.0,-80846.87,0.0,101500.0,61300.0,101500.0,3.6454187192118224,4.57667687073105,20653.130000000005,20.347911330049264,0.03645418719211822,59,Teacher,17000.0,Business Investment,723,547400.0,0.4494252873563218,0.7965208866995074
U0019,2018-05,Rent,8065.67,80846.87,,0.0,-80846.87,0.0,101500.0,61300.0,101500.0,7.946472906403941,9.976477753560529,20653.130000000005,20.347911330049264,0.07946472906403941,59,Teacher,17000.0,Business Investment,723,547400.0,0.4494252873563218,0.7965208866995074
U0019,2018-05,Shopping,9260.15,80846.87,,0.0,-80846.87,0.0,101500.0,61300.0,101500.0,9.123300492610838,11.453937548850067,20653.130000000005,20.347911330049264,0.09123300492610838,59,Teacher,17000.0,Business Investment,723,547400.0,0.4494252873563218,0.7965208866995074
U0019,2018-05,Subscription,149.0,80846.87,,0.0,-80846.87,0.0,101500.0,61300.0,101500.0,0.14679802955665025,0.18429903346907556,20653.130000000005,20.347911330049264,0.0014679802955665025,59,Teacher,17000.0,Business Investment,723,547400.0,0.4494252873563218,0.7965208866995074
U0019,2018-06,Bills,24786.56,105490.53,,0.0,-105490.53,0.0,101500.0,61300.0,101500.0,24.42025615763547,23.49647878345099,-3990.529999999999,-3.931556650246304,0.2442025615763547,59,Teacher,17000.0,Business Investment,723,547400.0,0.4494252873563218,1.0393155665024632
U0019,2018-06,Entertainment,3450.51,105490.53,,0.0,-105490.53,0.0,101500.0,61300.0,101500.0,3.3995172413793107,3.270919200045729,-3990.529999999999,-3.931556650246304,0.03399517241379311,59,Teacher,17000.0,Business Investment,723,547400.0,0.4494252873563218,1.0393155665024632
U0019,2018-06,Food,1932.25,105490.53,,0.0,-105490.53,0.0,101500.0,61300.0,101500.0,1.9036945812807884,1.8316810049205365,-3990.529999999999,-3.931556650246304,0.019036945812807883,59,Teacher,17000.0,Business Investment,723,547400.0,0.4494252873563218,1.0393155665024632
U0019,2018-06,Fuel,12273.77,105490.53,,0.0,-105490.53,0.0,101500.0,61300.0,101500.0,12.092384236453203,11.634949601637228,-3990.529999999999,-3.931556650246304,0.12092384236453202,59,Teacher,17000.0,Business Investment,723,547400.0,0.4494252873563218,1.0393155665024632
U0019,2018-06,Groceries,4908.25,105490.53,,0.0,-105490.53,0.0,101500.0,61300.0,101500.0,4.835714285714285,4.652787316548699,-3990.529999999999,-3.931556650246304,0.048357142857142855,59,Teacher,17000.0,Business Investment,723,547400.0,0.4494252873563218,1.0393155665024632
U0019,2018-06,Insurance,18171.0,105490.53,,0.0,-105490.53,0.0,101500.0,61300.0,101500.0,17.902463054187194,17.225242872511874,-3990.529999999999,-3.931556650246304,0.17902463054187193,59,Teacher,17000.0,Business Investment,723,547400.0,0.4494252873563218,1.0393155665024632
U0019,2018-06,Miscellaneous,2458.3900000000003,105490.53,,0.0,-105490.53,0.0,101500.0,61300.0,101500.0,2.422059113300493,2.3304366752162498,-3990.529999999999,-3.931556650246304,0.02422059113300493,59,Teacher,17000.0,Business Investment,723,547400.0,0.4494252873563218,1.0393155665024632
U0019,2018-06,Other,493.72,105490.53,,0.0,-105490.53,0.0,101500.0,61300.0,101500.0,0.4864236453201971,0.4680230538229356,-3990.529999999999,-3.931556650246304,0.004864236453201971,59,Teacher,17000.0,Business Investment,723,547400.0,0.4494252873563218,1.0393155665024632
U0019,2018-06,Rent,37016.08,105490.53,,0.0,-105490.53,0.0,101500.0,61300.0,101500.0,36.46904433497537,35.08948149184577,-3990.529999999999,-3.931556650246304,0.3646904433497537,59,Teacher,17000.0,Business Investment,723,547400.0,0.4494252873563218,1.0393155665024632
U0019,2018-07,Bills,26600.09,50960.42,,0.0,-50960.42,0.0,101500.0,61300.0,101500.0,26.206985221674877,52.197548607330944,50539.58,49.79268965517242,0.2620698522167488,59,Teacher,17000.0,Business Investment,723,547400.0,0.4494252873563218,0.5020731034482758
U0019,2018-07,Food,3817.45,50960.42,,0.0,-50960.42,0.0,101500.0,61300.0,101500.0,3.7610344827586206,7.491009689480581,50539.58,49.79268965517242,0.037610344827586205,59,Teacher,17000.0,Business Investment,723,547400.0,0.4494252873563218,0.5020731034482758
U0019,2018-07,Fuel,7472.26,50960.42,,0.0,-50960.42,0.0,101500.0,61300.0,101500.0,7.361832512315271,14.662869733020253,50539.58,49.79268965517242,0.07361832512315271,59,Teacher,17000.0,Business Investment,723,547400.0,0.4494252873563218,0.5020731034482758
U0019,2018-07,Groceries,5324.7,50960.42,,0.0,-50960.42,0.0,101500.0,61300.0,101500.0,5.246009852216749,10.44869724386102,50539.58,49.79268965517242,0.052460098522167486,59,Teacher,17000.0,Business Investment,723,547400.0,0.4494252873563218,0.5020731034482758
U0019,2018-07,Other,587.42,50960.42,,0.0,-50960.42,0.0,101500.0,61300.0,101500.0,0.5787389162561576,1.1526985060170227,50539.58,49.79268965517242,0.005787389162561576,59,Teacher,17000.0,Business Investment,723,547400.0,0.4494252873563218,0.5020731034482758
U0019,2018-07,Shopping,7009.5,50960.42,,0.0,-50960.42,0.0,101500.0,61300.0,101500.0,6.9059113300492605,13.754792444803243,50539.58,49.79268965517242,0.06905911330049261,59,Teacher,17000.0,Business Investment,723,547400.0,0.4494252873563218,0.5020731034482758
U0019,2018-07,Subscription,149.0,50960.42,,0.0,-50960.42,0.0,101500.0,61300.0,101500.0,0.14679802955665025,0.2923837754869367,50539.58,49.79268965517242,0.0014679802955665025,59,Teacher,17000.0,Business Investment,723,547400.0,0.4494252873563218,0.5020731034482758
U0019,2018-08,Bills,39188.81,106518.21,,0.0,-106518.21,0.0,101500.0,61300.0,101500.0,38.60966502463054,36.79071400092059,-5018.210000000006,-4.94404926108375,0.3860966502463054,59,Teacher,17000.0,Business Investment,723,547400.0,0.4494252873563218,1.0494404926108376
U0019,2018-08,Entertainment,1701.05,106518.21,,0.0,-106518.21,0.0,101500.0,61300.0,101500.0,1.675911330049261,1.5969569897954536,-5018.210000000006,-4.94404926108375,0.01675911330049261,59,Teacher,17000.0,Business Investment,723,547400.0,0.4494252873563218,1.0494404926108376
U0019,2018-08,Food,1385.69,106518.21,,0.0,-106518.21,0.0,101500.0,61300.0,101500.0,1.3652118226600987,1.3008949361803956,-5018.210000000006,-4.94404926108375,0.013652118226600986,59,Teacher,17000.0,Business Investment,723,547400.0,0.4494252873563218,1.0494404926108376
U0019,2018-08,Fuel,5244.92,106518.21,,0.0,-106518.21,0.0,101500.0,61300.0,101500.0,5.167408866995074,4.923965582974028,-5018.210000000006,-4.94404926108375,0.05167408866995074,59,Teacher,17000.0,Business Investment,723,547400.0,0.4494252873563218,1.0494404926108376
U0019,2018-08,Groceries,6585.66,106518.21,,0.0,-106518.21,0.0,101500.0,61300.0,101500.0,6.488334975369458,6.182661161880207,-5018.210000000006,-4.94404926108375,0.06488334975369459,59,Teacher,17000.0,Business Investment,723,547400.0,0.4494252873563218,1.0494404926108376
U0019,2018-08,Insurance,38529.81,106518.21,,0.0,-106518.21,0.0,101500.0,61300.0,101500.0,37.96040394088669,36.172040442662336,-5018.210000000006,-4.94404926108375,0.37960403940886694,59,Teacher,17000.0,Business Investment,723,547400.0,0.4494252873563218,1.0494404926108376
U0019,2018-08,Other,1657.85,106518.21,,0.0,-106518.21,0.0,101500.0,61300.0,101500.0,1.6333497536945814,1.5564005440947608,-5018.210000000006,-4.94404926108375,0.016333497536945813,59,Teacher,17000.0,Business Investment,723,547400.0,0.4494252873563218,1.0494404926108376
U0019,2018-08,Shopping,11743.7,106518.21,,0.0,-106518.21,0.0,101500.0,61300.0,101500.0,11.570147783251231,11.0250632262784,-5018.210000000006,-4.94404926108375,0.11570147783251232,59,Teacher,17000.0,Business Investment,723,547400.0,0.4494252873563218,1.0494404926108376
U0019,2018-08,Subscription,480.72,106518.21,,0.0,-106518.21,0.0,101500.0,61300.0,101500.0,0.4736157635467981,0.45130311521382116,-5018.210000000006,-4.94404926108375,0.004736157635467981,59,Teacher,17000.0,Business Investment,723,547400.0,0.4494252873563218,1.0494404926108376
U0019,2018-09,Bills,39036.09,106663.03,50121.77,50121.77,-56541.26,-112.81,101500.0,61300.0,50121.77,77.88250494745098,36.59758212381553,-56541.26,-112.80778791331592,0.7788250494745098,59,Teacher,17000.0,Business Investment,723,547400.0,0.4494252873563218,2.1280778791331594
U0019,2018-09,Food,2987.4300000000003,106663.03,50121.77,50121.77,-56541.26,-112.81,101500.0,61300.0,50121.77,5.960344177789413,2.8008111151539574,-56541.26,-112.80778791331592,0.059603441777894124,59,Teacher,17000.0,Business Investment,723,547400.0,0.4494252873563218,2.1280778791331594
U0019,2018-09,Fuel,3736.29,106663.03,50121.77,50121.77,-56541.26,-112.81,101500.0,61300.0,50121.77,7.454425492156402,3.502891301700317,-56541.26,-112.80778791331592,0.07454425492156402,59,Teacher,17000.0,Business Investment,723,547400.0,0.4494252873563218,2.1280778791331594
U0019,2018-09,Groceries,6893.42,106663.03,50121.77,50121.77,-56541.26,-112.81,101500.0,61300.0,50121.77,13.753345103335338,6.462801591141748,-56541.26,-112.80778791331592,0.13753345103335338,59,Teacher,17000.0,Business Investment,723,547400.0,0.4494252873563218,2.1280778791331594
U0019,2018-09,Other,1653.18,106663.03,50121.77,50121.77,-56541.26,-112.81,101500.0,61300.0,50121.77,3.298327253806081,1.5499090922131127,-56541.26,-112.80778791331592,0.03298327253806081,59,Teacher,17000.0,Business Investment,723,547400.0,0.4494252873563218,2.1280778791331594
U0019,2018-09,Rent,46991.86,106663.03,50121.77,50121.77,-56541.26,-112.81,101500.0,61300.0,50121.77,93.75538812775368,44.056370796891855,-56541.26,-112.80778791331592,0.9375538812775368,59,Teacher,17000.0,Business Investment,723,547400.0,0.4494252873563218,2.1280778791331594
U0019,2018-09,Shopping,4899.36,106663.03,50121.77,50121.77,-56541.26,-112.81,101500.0,61300.0,50121.77,9.77491417402059,4.593306603046997,-56541.26,-112.80778791331592,0.09774914174020591,59,Teacher,17000.0,Business Investment,723,547400.0,0.4494252873563218,2.1280778791331594
U0019,2018-09,Subscription,465.4,106663.03,50121.77,50121.77,-56541.26,-112.81,101500.0,61300.0,50121.77,0.9285386370034417,0.43632737603647676,-56541.26,-112.80778791331592,0.009285386370034418,59,Teacher,17000.0,Business Investment,723,547400.0,0.4494252873563218,2.1280778791331594
U0019,2018-10,Bills,19199.34,39447.04,,0.0,-39447.04,0.0,101500.0,61300.0,101500.0,18.91560591133005,48.671180397819455,62052.96,61.135921182266,0.1891560591133005,59,Teacher,17000.0,Business Investment,723,547400.0,0.4494252873563218,0.38864078817733994
U0019,2018-10,Food,1270.33,39447.04,,0.0,-39447.04,0.0,101500.0,61300.0,101500.0,1.2515566502463054,3.2203430219352325,62052.96,61.135921182266,0.012515566502463053,59,Teacher,17000.0,Business Investment,723,547400.0,0.4494252873563218,0.38864078817733994
U0019,2018-10,Fuel,7114.42,39447.04,,0.0,-39447.04,0.0,101500.0,61300.0,101500.0,7.00928078817734,18.035370968265298,62052.96,61.135921182266,0.0700928078817734,59,Teacher,17000.0,Business Investment,723,547400.0,0.4494252873563218,0.38864078817733994
U0019,2018-10,Groceries,864.98,39447.04,,0.0,-39447.04,0.0,101500.0,61300.0,101500.0,0.8521970443349755,2.192762752287624,62052.96,61.135921182266,0.008521970443349755,59,Teacher,17000.0,Business Investment,723,547400.0,0.4494252873563218,0.38864078817733994
U0019,2018-10,Miscellaneous,150.66,39447.04,,0.0,-39447.04,0.0,101500.0,61300.0,101500.0,0.14843349753694582,0.3819297975209293,62052.96,61.135921182266,0.001484334975369458,59,Teacher,17000.0,Business Investment,723,547400.0,0.4494252873563218,0.38864078817733994
U0019,2018-10,Shopping,10847.31,39447.04,,0.0,-39447.04,0.0,101500.0,61300.0,101500.0,10.687004926108374,27.498413062171455,62052.96,61.135921182266,0.10687004926108373,59,Teacher,17000.0,Business Investment,723,547400.0,0.4494252873563218,0.38864078817733994
U0019,2018-11,Bills,21346.92,56651.23,,0.0,-56651.23,0.0,101500.0,61300.0,101500.0,21.031448275862065,37.68130012358072,44848.77,44.1859802955665,0.21031448275862066,59,Teacher,17000.0,Business Investment,723,547400.0,0.4494252873563218,0.558140197044335
U0019,2018-11,Entertainment,397.65,56651.23,,0.0,-56651.23,0.0,101500.0,61300.0,101500.0,0.39177339901477826,0.7019265071561552,44848.77,44.1859802955665,0.003917733990147783,59,Teacher,17000.0,Business Investment,723,547400.0,0.4494252873563218,0.558140197044335
U0019,2018-11,Food,1241.25,56651.23,,0.0,-56651.23,0.0,101500.0,61300.0,101500.0,1.2229064039408866,2.1910380410098775,44848.77,44.1859802955665,0.012229064039408866,59,Teacher,17000.0,Business Investment,723,547400.0,0.4494252873563218,0.558140197044335
U0019,2018-11,Fuel,3687.86,56651.23,,0.0,-56651.23,0.0,101500.0,61300.0,101500.0,3.63335960591133,6.50976157093147,44848.77,44.1859802955665,0.0363335960591133,59,Teacher,17000.0,Business Investment,723,547400.0,0.4494252873563218,0.558140197044335
U0019,2018-11,Groceries,10733.5,56651.23,,0.0,-56651.23,0.0,101500.0,61300.0,101500.0,10.574876847290641,18.94663187365923,44848.77,44.1859802955665,0.1057487684729064,59,Teacher,17000.0,Business Investment,723,547400.0,0.4494252873563218,0.558140197044335
U0019,2018-11,Insurance,16971.6,56651.23,,0.0,-56651.23,0.0,101500.0,61300.0,101500.0,16.7207881773399,29.95804327637723,44848.77,44.1859802955665,0.16720788177339901,59,Teacher,17000.0,Business Investment,723,547400.0,0.4494252873563218,0.558140197044335
U0019,2018-11,Other,1573.03,56651.23,,0.0,-56651.23,0.0,101500.0,61300.0,101500.0,1.549783251231527,2.776691697603035,44848.77,44.1859802955665,0.015497832512315271,59,Teacher,17000.0,Business Investment,723,547400.0,0.4494252873563218,0.558140197044335
U0019,2018-11,Subscription,699.4200000000001,56651.23,,0.0,-56651.23,0.0,101500.0,61300.0,101500.0,0.6890837438423646,1.234606909682279,44848.77,44.1859802955665,0.006890837438423646,59,Teacher,17000.0,Business Investment,723,547400.0,0.4494252873563218,0.558140197044335
U0019,2018-12,Bills,42728.25,121555.34,,0.0,-121555.34,0.0,101500.0,61300.0,101500.0,42.096798029556645,35.1512734858049,-20055.339999999997,-19.758955665024626,0.4209679802955665,59,Teacher,17000.0,Business Investment,723,547400.0,0.4494252873563218,1.1975895566502464
U0019,2018-12,Food,8042.62,121555.34,,0.0,-121555.34,0.0,101500.0,61300.0,101500.0,7.923763546798029,6.6164267238280114,-20055.339999999997,-19.758955665024626,0.0792376354679803,59,Teacher,17000.0,Business Investment,723,547400.0,0.4494252873563218,1.1975895566502464
U0019,2018-12,Fuel,6284.799999999999,121555.34,,0.0,-121555.34,0.0,101500.0,61300.0,101500.0,6.191921182266009,5.170319954680724,-20055.339999999997,-19.758955665024626,0.061919211822660095,59,Teacher,17000.0,Business Investment,723,547400.0,0.4494252873563218,1.1975895566502464
U0019,2018-12,Groceries,1901.77,121555.34,,0.0,-121555.34,0.0,101500.0,61300.0,101500.0,1.8736650246305417,1.5645301966988865,-20055.339999999997,-19.758955665024626,0.018736650246305418,59,Teacher,17000.0,Business Investment,723,547400.0,0.4494252873563218,1.1975895566502464
U0019,2018-12,Miscellaneous,13230.61,121555.34,,0.0,-121555.34,0.0,101500.0,61300.0,101500.0,13.035083743842366,10.884433378245664,-20055.339999999997,-19.758955665024626,0.13035083743842366,59,Teacher,17000.0,Business Investment,723,547400.0,0.4494252873563218,1.1975895566502464
U0019,2018-12,Other,591.76,121555.34,,0.0,-121555.34,0.0,101500.0,61300.0,101500.0,0.5830147783251232,0.4868235323927357,-20055.339999999997,-19.758955665024626,0.005830147783251231,59,Teacher,17000.0,Business Investment,723,547400.0,0.4494252873563218,1.1975895566502464
U0019,2018-12,Rent,43815.95,121555.34,,0.0,-121555.34,0.0,101500.0,61300.0,101500.0,43.16842364532019,36.046092257238556,-20055.339999999997,-19.758955665024626,0.4316842364532019,59,Teacher,17000.0,Business Investment,723,547400.0,0.4494252873563218,1.1975895566502464
U0019,2018-12,Shopping,4959.58,121555.34,,0.0,-121555.34,0.0,101500.0,61300.0,101500.0,4.886285714285714,4.080100471110525,-20055.339999999997,-19.758955665024626,0.048862857142857145,59,Teacher,17000.0,Business Investment,723,547400.0,0.4494252873563218,1.1975895566502464
U0019,2019-01,Bills,15406.32,28359.17,47629.13,47629.13,19269.96,40.46,101500.0,61300.0,47629.13,32.34642329179643,54.32570840401888,19269.96,40.45834975360667,0.3234642329179643,59,Teacher,17000.0,Business Investment,723,547400.0,0.4494252873563218,0.5954165024639333
U0019,2019-01,Food,2684.7,28359.17,47629.13,47629.13,19269.96,40.46,101500.0,61300.0,47629.13,5.636676546474815,9.466779175836246,19269.96,40.45834975360667,0.05636676546474815,59,Teacher,17000.0,Business Investment,723,547400.0,0.4494252873563218,0.5954165024639333
U0019,2019-01,Fuel,2864.57,28359.17,47629.13,47629.13,19269.96,40.46,101500.0,61300.0,47629.13,6.014323587266868,10.101036102255462,19269.96,40.45834975360667,0.060143235872668684,59,Teacher,17000.0,Business Investment,723,547400.0,0.4494252873563218,0.5954165024639333
U0019,2019-01,Groceries,2257.6,28359.17,47629.13,47629.13,19269.96,40.46,101500.0,61300.0,47629.13,4.739956409029516,7.960740741001941,19269.96,40.45834975360667,0.047399564090295165,59,Teacher,17000.0,Business Investment,723,547400.0,0.4494252873563218,0.5954165024639333
U0019,2019-01,Miscellaneous,4640.69,28359.17,47629.13,47629.13,19269.96,40.46,101500.0,61300.0,47629.13,9.743386032875259,16.363983854252435,19269.96,40.45834975360667,0.09743386032875259,59,Teacher,17000.0,Business Investment,723,547400.0,0.4494252873563218,0.5954165024639333
U0019,2019-01,Shopping,505.29,28359.17,47629.13,47629.13,19269.96,40.46,101500.0,61300.0,47629.13,1.060884378950445,1.781751722635042,19269.96,40.45834975360667,0.01060884378950445,59,Teacher,17000.0,Business Investment,723,547400.0,0.4494252873563218,0.5954165024639333
U0019,2019-02,Bills,2636.98,14084.32,,0.0,-14084.32,0.0,101500.0,61300.0,101500.0,2.5980098522167485,18.722806638872164,87415.68,86.12382266009851,0.025980098522167486,59,Teacher,17000.0,Business Investment,723,547400.0,0.4494252873563218,0.13876177339901477
U0019,2019-02,Entertainment,383.96,14084.32,,0.0,-14084.32,0.0,101500.0,61300.0,101500.0,0.3782857142857142,2.7261522033012597,87415.68,86.12382266009851,0.0037828571428571425,59,Teacher,17000.0,Business Investment,723,547400.0,0.4494252873563218,0.13876177339901477
U0019,2019-02,Food,695.29,14084.32,,0.0,-14084.32,0.0,101500.0,61300.0,101500.0,0.6850147783251231,4.936624558374135,87415.68,86.12382266009851,0.006850147783251231,59,Teacher,17000.0,Business Investment,723,547400.0,0.4494252873563218,0.13876177339901477
U0019,2019-02,Groceries,2602.15,14084.32,,0.0,-14084.32,0.0,101500.0,61300.0,101500.0,2.5636945812807883,18.475510354777512,87415.68,86.12382266009851,0.02563694581280788,59,Teacher,17000.0,Business Investment,723,547400.0,0.4494252873563218,0.13876177339901477
U0019,2019-02,Miscellaneous,1834.78,14084.32,,0.0,-14084.32,0.0,101500.0,61300.0,101500.0,1.8076650246305421,13.02711100003408,87415.68,86.12382266009851,0.01807665024630542,59,Teacher,17000.0,Business Investment,723,547400.0,0.4494252873563218,0.13876177339901477
U0019,2019-02,Other,1507.14,14084.32,,0.0,-14084.32,0.0,101500.0,61300.0,101500.0,1.4848669950738917,10.700836107103504,87415.68,86.12382266009851,0.014848669950738917,59,Teacher,17000.0,Business Investment,723,547400.0,0.4494252873563218,0.13876177339901477
U0019,2019-02,Shopping,4424.02,14084.32,,0.0,-14084.32,0.0,101500.0,61300.0,101500.0,4.35864039408867,31.410959137537347,87415.68,86.12382266009851,0.043586403940886705,59,Teacher,17000.0,Business Investment,723,547400.0,0.4494252873563218,0.13876177339901477
U0019,2019-03,Bills,38939.61,138488.62,,1995.46,-136493.16,-6840.19,101500.0,61300.0,101500.0,38.364147783251234,28.117552185876356,-36988.619999999995,-36.44199014778325,0.38364147783251235,59,Teacher,17000.0,Business Investment,723,547400.0,0.4494252873563218,1.3644199014778324
U0019,2019-03,Food,3147.07,138488.62,,1995.46,-136493.16,-6840.19,101500.0,61300.0,101500.0,3.10056157635468,2.272439424986689,-36988.619999999995,-36.44199014778325,0.0310056157635468,59,Teacher,17000.0,Business Investment,723,547400.0,0.4494252873563218,1.3644199014778324
U0019,2019-03,Fuel,2785.17,138488.62,,1995.46,-136493.16,-6840.19,101500.0,61300.0,101500.0,2.744009852216749,2.0111183142701545,-36988.619999999995,-36.44199014778325,0.02744009852216749,59,Teacher,17000.0,Business Investment,723,547400.0,0.4494252873563218,1.3644199014778324
U0019,2019-03,Groceries,3595.57,138488.62,,1995.46,-136493.16,-6840.19,101500.0,61300.0,101500.0,3.5424334975369463,2.5962927495414423,-36988.619999999995,-36.44199014778325,0.03542433497536946,59,Teacher,17000.0,Business Investment,723,547400.0,0.4494252873563218,1.3644199014778324
U0019,2019-03,Investment,35059.0,138488.62,,1995.46,-136493.16,-6840.19,101500.0,61300.0,101500.0,34.54088669950739,25.31543747060228,-36988.619999999995,-36.44199014778325,0.3454088669950739,59,Teacher,17000.0,Business Investment,723,547400.0,0.4494252873563218,1.3644199014778324
U0019,2019-03,Other,3574.77,138488.62,,1995.46,-136493.16,-6840.19,101500.0,61300.0,101500.0,3.5219408866995074,2.5812734649244105,-36988.619999999995,-36.44199014778325,0.035219408866995074,59,Teacher,17000.0,Business Investment,723,547400.0,0.4494252873563218,1.3644199014778324
U0019,2019-03,Rent,50731.740000000005,138488.62,,1995.46,-136493.16,-6840.19,101500.0,61300.0,101500.0,49.982009852216756,36.63242510467647,-36988.619999999995,-36.44199014778325,0.4998200985221675,59,Teacher,17000.0,Business Investment,723,547400.0,0.4494252873563218,1.3644199014778324
U0019,2019-03,Subscription,655.69,138488.62,,1995.46,-136493.16,-6840.19,101500.0,61300.0,101500.0,0.646,0.4734612851222,-36988.619999999995,-36.44199014778325,0.0064600000000000005,59,Teacher,17000.0,Business Investment,723,547400.0,0.4494252873563218,1.3644199014778324
U0019,2019-04,Bills,40030.19,76405.35,,4244.2,-72161.15,-1700.23,101500.0,61300.0,101500.0,39.438610837438425,52.391867846950504,25094.649999999994,24.72379310344827,0.39438610837438426,59,Teacher,17000.0,Business Investment,723,547400.0,0.4494252873563218,0.7527620689655173
U0019,2019-04,Entertainment,554.2,76405.35,,4244.2,-72161.15,-1700.23,101500.0,61300.0,101500.0,0.5460098522167488,0.7253418772376541,25094.649999999994,24.72379310344827,0.005460098522167488,59,Teacher,17000.0,Business Investment,723,547400.0,0.4494252873563218,0.7527620689655173
U0019,2019-04,Food,1102.62,76405.35,,4244.2,-72161.15,-1700.23,101500.0,61300.0,101500.0,1.0863251231527091,1.4431188391912344,25094.649999999994,24.72379310344827,0.010863251231527092,59,Teacher,17000.0,Business Investment,723,547400.0,0.4494252873563218,0.7527620689655173
U0019,2019-04,Groceries,3568.99,76405.35,,4244.2,-72161.15,-1700.23,101500.0,61300.0,101500.0,3.5162463054187185,4.6711257784958775,25094.649999999994,24.72379310344827,0.03516246305418719,59,Teacher,17000.0,Business Investment,723,547400.0,0.4494252873563218,0.7527620689655173
U0019,2019-04,Insurance,8351.92,76405.35,,4244.2,-72161.15,-1700.23,101500.0,61300.0,101500.0,8.228492610837439,10.931066999889405,25094.649999999994,24.72379310344827,0.08228492610837439,59,Teacher,17000.0,Business Investment,723,547400.0,0.4494252873563218,0.7527620689655173
U0019,2019-04,Other,4951.4,76405.35,,4244.2,-72161.15,-1700.23,101500.0,61300.0,101500.0,4.878226600985221,6.4804362521734395,25094.649999999994,24.72379310344827,0.048782266009852214,59,Teacher,17000.0,Business Investment,723,547400.0,0.4494252873563218,0.7527620689655173
U0019,2019-04,Rent,8043.07,76405.35,,4244.2,-72161.15,-1700.23,101500.0,61300.0,101500.0,7.924206896551723,10.526841379563079,25094.649999999994,24.72379310344827,0.07924206896551723,59,Teacher,17000.0,Business Investment,723,547400.0,0.4494252873563218,0.7527620689655173
U0019,2019-04,Shopping,9653.96,76405.35,,4244.2,-72161.15,-1700.23,101500.0,61300.0,101500.0,9.511290640394087,12.635188504469907,25094.649999999994,24.72379310344827,0.09511290640394088,59,Teacher,17000.0,Business Investment,723,547400.0,0.4494252873563218,0.7527620689655173
U0019,2019-04,Subscription,149.0,76405.35,,4244.2,-72161.15,-1700.23,101500.0,61300.0,101500.0,0.14679802955665025,0.19501252202888933,25094.649999999994,24.72379310344827,0.0014679802955665025,59,Teacher,17000.0,Business Investment,723,547400.0,0.4494252873563218,0.7527620689655173
U0019,2019-05,Bills,2833.92,23777.08,,0.0,-23777.08,0.0,101500.0,61300.0,101500.0,2.7920394088669953,11.918704904050454,77722.92,76.5743054187192,0.02792039408866995,59,Teacher,17000.0,Business Investment,723,547400.0,0.4494252873563218,0.2342569458128079
U0019,2019-05,Food,3693.25,23777.08,,0.0,-23777.08,0.0,101500.0,61300.0,101500.0,3.638669950738916,15.532815635898098,77722.92,76.5743054187192,0.03638669950738916,59,Teacher,17000.0,Business Investment,723,547400.0,0.4494252873563218,0.2342569458128079
U0019,2019-05,Fuel,3300.86,23777.08,,0.0,-23777.08,0.0,101500.0,61300.0,101500.0,3.2520788177339903,13.882528889165533,77722.92,76.5743054187192,0.0325207881773399,59,Teacher,17000.0,Business Investment,723,547400.0,0.4494252873563218,0.2342569458128079
U0019,2019-05,Groceries,1228.74,23777.08,,0.0,-23777.08,0.0,101500.0,61300.0,101500.0,1.2105812807881775,5.167749782563712,77722.92,76.5743054187192,0.012105812807881774,59,Teacher,17000.0,Business Investment,723,547400.0,0.4494252873563218,0.2342569458128079
U0019,2019-05,Miscellaneous,650.05,23777.08,,0.0,-23777.08,0.0,101500.0,61300.0,101500.0,0.6404433497536945,2.733935369692157,77722.92,76.5743054187192,0.006404433497536945,59,Teacher,17000.0,Business Investment,723,547400.0,0.4494252873563218,0.2342569458128079
U0019,2019-05,Rent,8289.52,23777.08,,0.0,-23777.08,0.0,101500.0,61300.0,101500.0,8.167014778325123,34.86349038654031,77722.92,76.5743054187192,0.08167014778325124,59,Teacher,17000.0,Business Investment,723,547400.0,0.4494252873563218,0.2342569458128079
U0019,2019-05,Shopping,3425.26,23777.08,,0.0,-23777.08,0.0,101500.0,61300.0,101500.0,3.3746403940886704,14.405721812770956,77722.92,76.5743054187192,0.0337464039408867,59,Teacher,17000.0,Business Investment,723,547400.0,0.4494252873563218,0.2342569458128079
U0019,2019-05,Subscription,355.48,23777.08,,0.0,-23777.08,0.0,101500.0,61300.0,101500.0,0.35022660098522174,1.4950532193187724,77722.92,76.5743054187192,0.003502266009852217,59,Teacher,17000.0,Business Investment,723,547400.0,0.4494252873563218,0.2342569458128079
U0019,2019-06,Bills,16410.1,61346.17,35672.4,35672.4,-25673.77,-71.97,101500.0,61300.0,35672.4,46.00223141700586,26.749999225705533,-25673.769999999997,-71.97096354604679,0.46002231417005857,59,Teacher,17000.0,Business Investment,723,547400.0,0.4494252873563218,1.719709635460468
U0019,2019-06,Food,4304.55,61346.17,35672.4,35672.4,-25673.77,-71.97,101500.0,61300.0,35672.4,12.06689205099741,7.016819468925281,-25673.769999999997,-71.97096354604679,0.1206689205099741,59,Teacher,17000.0,Business Investment,723,547400.0,0.4494252873563218,1.719709635460468
U0019,2019-06,Fuel,7840.09,61346.17,35672.4,35672.4,-25673.77,-71.97,101500.0,61300.0,35672.4,21.978027831040244,12.780080647251491,-25673.769999999997,-71.97096354604679,0.21978027831040242,59,Teacher,17000.0,Business Investment,723,547400.0,0.4494252873563218,1.719709635460468
U0019,2019-06,Groceries,4034.22,61346.17,35672.4,35672.4,-25673.77,-71.97,101500.0,61300.0,35672.4,11.309079288189187,6.5761562620779745,-25673.769999999997,-71.97096354604679,0.11309079288189187,59,Teacher,17000.0,Business Investment,723,547400.0,0.4494252873563218,1.719709635460468
U0019,2019-06,Insurance,8348.61,61346.17,35672.4,35672.4,-25673.77,-71.97,101500.0,61300.0,35672.4,23.403555690113365,13.609015852171375,-25673.769999999997,-71.97096354604679,0.23403555690113365,59,Teacher,17000.0,Business Investment,723,547400.0,0.4494252873563218,1.719709635460468
U0019,2019-06,Miscellaneous,17989.53,61346.17,35672.4,35672.4,-25673.77,-71.97,101500.0,61300.0,35672.4,50.42982810239849,29.324617983486174,-25673.769999999997,-71.97096354604679,0.5042982810239849,59,Teacher,17000.0,Business Investment,723,547400.0,0.4494252873563218,1.719709635460468
U0019,2019-06,Shopping,2419.07,61346.17,35672.4,35672.4,-25673.77,-71.97,101500.0,61300.0,35672.4,6.781349166302239,3.9433105603821725,-25673.769999999997,-71.97096354604679,0.06781349166302239,59,Teacher,17000.0,Business Investment,723,547400.0,0.4494252873563218,1.719709635460468
U0019,2019-07,Bills,3797.69,15721.34,,2328.98,-13392.36,-575.03,101500.0,61300.0,101500.0,3.741566502463054,24.156274210722493,85778.66,84.51099507389162,0.03741566502463054,59,Teacher,17000.0,Business Investment,723,547400.0,0.4494252873563218,0.15489004926108374
U0019,2019-07,Food,2309.78,15721.34,,2328.98,-13392.36,-575.03,101500.0,61300.0,101500.0,2.275645320197045,14.69200462555991,85778.66,84.51099507389162,0.022756453201970447,59,Teacher,17000.0,Business Investment,723,547400.0,0.4494252873563218,0.15489004926108374
U0019,2019-07,Groceries,5438.530000000001,15721.34,,2328.98,-13392.36,-575.03,101500.0,61300.0,101500.0,5.358157635467982,34.59329802675853,85778.66,84.51099507389162,0.05358157635467981,59,Teacher,17000.0,Business Investment,723,547400.0,0.4494252873563218,0.15489004926108374
U0019,2019-07,Other,105.98,15721.34,,2328.98,-13392.36,-575.03,101500.0,61300.0,101500.0,0.1044137931034483,0.6741155652126346,85778.66,84.51099507389162,0.001044137931034483,59,Teacher,17000.0,Business Investment,723,547400.0,0.4494252873563218,0.15489004926108374
U0019,2019-07,Shopping,2693.4,15721.34,,2328.98,-13392.36,-575.03,101500.0,61300.0,101500.0,2.6535960591133003,17.13212741407539,85778.66,84.51099507389162,0.026535960591133004,59,Teacher,17000.0,Business Investment,723,547400.0,0.4494252873563218,0.15489004926108374
U0019,2019-07,Subscription,1375.96,15721.34,,2328.98,-13392.36,-575.03,101500.0,61300.0,101500.0,1.355625615763547,8.752180157671038,85778.66,84.51099507389162,0.013556256157635468,59,Teacher,17000.0,Business Investment,723,547400.0,0.4494252873563218,0.15489004926108374
U0019,2019-08,Bills,4553.32,30508.09,168520.08,168520.08,138011.99,81.9,101500.0,61300.0,168520.08,2.701945073845206,14.92495924851408,138011.99,81.89646598791076,0.02701945073845206,59,Teacher,17000.0,Business Investment,723,547400.0,0.4494252873563218,0.18103534012089242
U0019,2019-08,Food,116.0,30508.09,168520.08,168520.08,138011.99,81.9,101500.0,61300.0,168520.08,0.06883452701897602,0.380227015194986,138011.99,81.89646598791076,0.0006883452701897603,59,Teacher,17000.0,Business Investment,723,547400.0,0.4494252873563218,0.18103534012089242
U0019,2019-08,Groceries,300.0,30508.09,168520.08,168520.08,138011.99,81.9,101500.0,61300.0,168520.08,0.17802032849735178,0.9833457289525499,138011.99,81.89646598791076,0.0017802032849735178,59,Teacher,17000.0,Business Investment,723,547400.0,0.4494252873563218,0.18103534012089242
U0019,2019-08,Insurance,8330.25,30508.09,168520.08,168520.08,138011.99,81.9,101500.0,61300.0,168520.08,4.9431794715502155,27.305052528689934,138011.99,81.89646598791076,0.04943179471550216,59,Teacher,17000.0,Business Investment,723,547400.0,0.4494252873563218,0.18103534012089242
U0019,2019-08,Miscellaneous,570.6,30508.09,168520.08,168520.08,138011.99,81.9,101500.0,61300.0,168520.08,0.3385946648019631,1.87032357646775,138011.99,81.89646598791076,0.003385946648019631,59,Teacher,17000.0,Business Investment,723,547400.0,0.4494252873563218,0.18103534012089242
U0019,2019-08,Other,61.47,30508.09,168520.08,168520.08,138011.99,81.9,101500.0,61300.0,168520.08,0.036476365309107375,0.20148753986237747,138011.99,81.89646598791076,0.0003647636530910738,59,Teacher,17000.0,Business Investment,723,547400.0,0.4494252873563218,0.18103534012089242
U0019,2019-08,Rent,7665.2,30508.09,168520.08,168520.08,138011.99,81.9,101500.0,61300.0,168520.08,4.548538073326336,25.12513893855695,138011.99,81.89646598791076,0.04548538073326336,59,Teacher,17000.0,Business Investment,723,547400.0,0.4494252873563218,0.18103534012089242
U0019,2019-08,Shopping,8911.25,30508.09,168520.08,168520.08,138011.99,81.9,101500.0,61300.0,168520.08,5.287945507740087,29.209465423761372,138011.99,81.89646598791076,0.05287945507740087,59,Teacher,17000.0,Business Investment,723,547400.0,0.4494252873563218,0.18103534012089242
U0019,2019-09,Bills,34315.56,100471.8,,0.0,-100471.8,0.0,101500.0,61300.0,101500.0,33.808433497536946,34.15441944903943,1028.199999999997,1.0130049261083716,0.33808433497536944,59,Teacher,17000.0,Business Investment,723,547400.0,0.4494252873563218,0.9898699507389163
U0019,2019-09,Fuel,8205.710000000001,100471.8,,0.0,-100471.8,0.0,101500.0,61300.0,101500.0,8.084443349753695,8.167177257698182,1028.199999999997,1.0130049261083716,0.08084443349753695,59,Teacher,17000.0,Business Investment,723,547400.0,0.4494252873563218,0.9898699507389163
U0019,2019-09,Groceries,2748.95,100471.8,,0.0,-100471.8,0.0,101500.0,61300.0,101500.0,2.7083251231527092,2.7360413568782485,1028.199999999997,1.0130049261083716,0.027083251231527092,59,Teacher,17000.0,Business Investment,723,547400.0,0.4494252873563218,0.9898699507389163
U0019,2019-09,Insurance,8076.08,100471.8,,0.0,-100471.8,0.0,101500.0,61300.0,101500.0,7.956729064039409,8.038155980085953,1028.199999999997,1.0130049261083716,0.07956729064039408,59,Teacher,17000.0,Business Investment,723,547400.0,0.4494252873563218,0.9898699507389163
U0019,2019-09,Miscellaneous,695.28,100471.8,,0.0,-100471.8,0.0,101500.0,61300.0,101500.0,0.6850049261083744,0.6920150728861233,1028.199999999997,1.0130049261083716,0.006850049261083744,59,Teacher,17000.0,Business Investment,723,547400.0,0.4494252873563218,0.9898699507389163
U0019,2019-09,Other,257.07,100471.8,,0.0,-100471.8,0.0,101500.0,61300.0,101500.0,0.25327093596059114,0.25586283912500823,1028.199999999997,1.0130049261083716,0.002532709359605911,59,Teacher,17000.0,Business Investment,723,547400.0,0.4494252873563218,0.9898699507389163
U0019,2019-09,Rent,45597.15,100471.8,,0.0,-100471.8,0.0,101500.0,61300.0,101500.0,44.92330049261084,45.38303285100894,1028.199999999997,1.0130049261083716,0.4492330049261084,59,Teacher,17000.0,Business Investment,723,547400.0,0.4494252873563218,0.9898699507389163
U0019,2019-09,Shopping,576.0,100471.8,,0.0,-100471.8,0.0,101500.0,61300.0,101500.0,0.567487684729064,0.5732951932781138,1028.199999999997,1.0130049261083716,0.00567487684729064,59,Teacher,17000.0,Business Investment,723,547400.0,0.4494252873563218,0.9898699507389163
U0019,2019-10,Shopping,27919.3,27919.3,,0.0,-27919.3,0.0,101500.0,61300.0,101500.0,27.50669950738916,100.0,73580.7,72.49330049261083,0.2750669950738916,59,Teacher,17000.0,Business Investment,723,547400.0,0.4494252873563218,0.2750669950738916
U0019,2019-11,Shopping,46249.96,46249.96,,0.0,-46249.96,0.0,101500.0,61300.0,101500.0,45.56646305418719,100.0,55250.04,54.43353694581281,0.4556646305418719,59,Teacher,17000.0,Business Investment,723,547400.0,0.4494252873563218,0.4556646305418719
U0020,2018-01,Bills,37115.96,51608.76,43271.2,43271.2,-8337.56,-19.27,102500.0,53400.0,43271.2,85.77520383072344,71.91794571309211,-8337.560000000005,-19.268150640610855,0.8577520383072345,23,Business Owner,16300.0,Buy a House,811,117400.0,0.09544715447154471,1.1926815064061085
U0020,2018-01,Food,3888.34,51608.76,43271.2,43271.2,-8337.56,-19.27,102500.0,53400.0,43271.2,8.985976815988463,7.534263563007521,-8337.560000000005,-19.268150640610855,0.08985976815988464,23,Business Owner,16300.0,Buy a House,811,117400.0,0.09544715447154471,1.1926815064061085
U0020,2018-01,Fuel,8329.64,51608.76,43271.2,43271.2,-8337.56,-19.27,102500.0,53400.0,43271.2,19.249847473608312,16.139973136343517,-8337.560000000005,-19.268150640610855,0.19249847473608311,23,Business Owner,16300.0,Buy a House,811,117400.0,0.09544715447154471,1.1926815064061085
U0020,2018-01,Miscellaneous,2146.94,51608.76,43271.2,43271.2,-8337.56,-19.27,102500.0,53400.0,43271.2,4.961591081365897,4.160030196424018,-8337.560000000005,-19.268150640610855,0.04961591081365897,23,Business Owner,16300.0,Buy a House,811,117400.0,0.09544715447154471,1.1926815064061085
U0020,2018-01,Other,127.88,51608.76,43271.2,43271.2,-8337.56,-19.27,102500.0,53400.0,43271.2,0.29553143892473516,0.2477873911328232,-8337.560000000005,-19.268150640610855,0.0029553143892473515,23,Business Owner,16300.0,Buy a House,811,117400.0,0.09544715447154471,1.1926815064061085
U0020,2018-02,Bills,9758.11,18898.89,84650.06,84650.06,65751.17,77.67,102500.0,53400.0,84650.06,11.527587812696176,51.633244068831566,65751.17,77.67409733672959,0.11527587812696176,23,Business Owner,16300.0,Buy a House,811,117400.0,0.09544715447154471,0.2232590266327041
U0020,2018-02,Entertainment,301.82,18898.89,84650.06,84650.06,65751.17,77.67,102500.0,53400.0,84650.06,0.3565502493441824,1.5970250104635775,65751.17,77.67409733672959,0.0035655024934418238,23,Business Owner,16300.0,Buy a House,811,117400.0,0.09544715447154471,0.2232590266327041
U0020,2018-02,Food,2401.77,18898.89,84650.06,84650.06,65751.17,77.67,102500.0,53400.0,84650.06,2.837292731983888,12.708524151418418,65751.17,77.67409733672959,0.028372927319838877,23,Business Owner,16300.0,Buy a House,811,117400.0,0.09544715447154471,0.2232590266327041
U0020,2018-02,Groceries,3422.2200000000003,18898.89,84650.06,84650.06,65751.17,77.67,102500.0,53400.0,84650.06,4.042785084854046,18.10804761549488,65751.17,77.67409733672959,0.040427850848540454,23,Business Owner,16300.0,Buy a House,811,117400.0,0.09544715447154471,0.2232590266327041
U0020,2018-02,Other,642.48,18898.89,84650.06,84650.06,65751.17,77.67,102500.0,53400.0,84650.06,0.758983514010504,3.3995647363416586,65751.17,77.67409733672959,0.00758983514010504,23,Business Owner,16300.0,Buy a House,811,117400.0,0.09544715447154471,0.2232590266327041
U0020,2018-02,Shopping,1358.66,18898.89,84650.06,84650.06,65751.17,77.67,102500.0,53400.0,84650.06,1.6050313490622452,7.189099465629993,65751.17,77.67409733672959,0.016050313490622452,23,Business Owner,16300.0,Buy a House,811,117400.0,0.09544715447154471,0.2232590266327041
U0020,2018-02,Subscription,1013.83,18898.89,84650.06,84650.06,65751.17,77.67,102500.0,53400.0,84650.06,1.1976719213193705,5.364494951819922,65751.17,77.67409733672959,0.011976719213193706,23,Business Owner,16300.0,Buy a House,811,117400.0,0.09544715447154471,0.2232590266327041
U0020,2018-03,Bills,23908.84,77359.76,,3585.32,-73774.44,-2057.68,102500.0,53400.0,102500.0,23.325697560975613,30.90604210767976,25140.240000000005,24.52706341463415,0.2332569756097561,23,Business Owner,16300.0,Buy a House,811,117400.0,0.09544715447154471,0.7547293658536585
U0020,2018-03,Food,4479.389999999999,77359.76,,3585.32,-73774.44,-2057.68,102500.0,53400.0,102500.0,4.370136585365853,5.790335957608969,25140.240000000005,24.52706341463415,0.04370136585365853,23,Business Owner,16300.0,Buy a House,811,117400.0,0.09544715447154471,0.7547293658536585
U0020,2018-03,Fuel,3414.33,77359.76,,3585.32,-73774.44,-2057.68,102500.0,53400.0,102500.0,3.3310536585365855,4.413573671893502,25140.240000000005,24.52706341463415,0.033310536585365855,23,Business Owner,16300.0,Buy a House,811,117400.0,0.09544715447154471,0.7547293658536585
U0020,2018-03,Groceries,1265.98,77359.76,,3585.32,-73774.44,-2057.68,102500.0,53400.0,102500.0,1.23510243902439,1.6364838774060315,25140.240000000005,24.52706341463415,0.012351024390243902,23,Business Owner,16300.0,Buy a House,811,117400.0,0.09544715447154471,0.7547293658536585
U0020,2018-03,Insurance,32438.82,77359.76,,3585.32,-73774.44,-2057.68,102500.0,53400.0,102500.0,31.647629268292683,41.93242067969187,25140.240000000005,24.52706341463415,0.3164762926829268,23,Business Owner,16300.0,Buy a House,811,117400.0,0.09544715447154471,0.7547293658536585
U0020,2018-03,Miscellaneous,850.8,77359.76,,3585.32,-73774.44,-2057.68,102500.0,53400.0,102500.0,0.8300487804878048,1.0997965867525958,25140.240000000005,24.52706341463415,0.008300487804878048,23,Business Owner,16300.0,Buy a House,811,117400.0,0.09544715447154471,0.7547293658536585
U0020,2018-03,Rent,9992.57,77359.76,,3585.32,-73774.44,-2057.68,102500.0,53400.0,102500.0,9.748848780487805,12.917012669118932,25140.240000000005,24.52706341463415,0.09748848780487805,23,Business Owner,16300.0,Buy a House,811,117400.0,0.09544715447154471,0.7547293658536585
U0020,2018-03,Subscription,1009.03,77359.76,,3585.32,-73774.44,-2057.68,102500.0,53400.0,102500.0,0.984419512195122,1.304334449848345,25140.240000000005,24.52706341463415,0.00984419512195122,23,Business Owner,16300.0,Buy a House,811,117400.0,0.09544715447154471,0.7547293658536585
U0020,2018-04,Bills,3159.46,26407.98,,0.0,-26407.98,0.0,102500.0,53400.0,102500.0,3.0824000000000003,11.964035113628531,76092.02,74.23611707317073,0.030824,23,Business Owner,16300.0,Buy a House,811,117400.0,0.09544715447154471,0.2576388292682927
U0020,2018-04,Food,6697.02,26407.98,,0.0,-26407.98,0.0,102500.0,53400.0,102500.0,6.533678048780487,25.359834413688592,76092.02,74.23611707317073,0.06533678048780488,23,Business Owner,16300.0,Buy a House,811,117400.0,0.09544715447154471,0.2576388292682927
U0020,2018-04,Fuel,3472.43,26407.98,,0.0,-26407.98,0.0,102500.0,53400.0,102500.0,3.3877365853658534,13.149169304127009,76092.02,74.23611707317073,0.03387736585365853,23,Business Owner,16300.0,Buy a House,811,117400.0,0.09544715447154471,0.2576388292682927
U0020,2018-04,Groceries,10006.81,26407.98,,0.0,-26407.98,0.0,102500.0,53400.0,102500.0,9.762741463414635,37.89312927380284,76092.02,74.23611707317073,0.09762741463414634,23,Business Owner,16300.0,Buy a House,811,117400.0,0.09544715447154471,0.2576388292682927
U0020,2018-04,Other,1310.98,26407.98,,0.0,-26407.98,0.0,102500.0,53400.0,102500.0,1.2790048780487804,4.964332750933619,76092.02,74.23611707317073,0.012790048780487805,23,Business Owner,16300.0,Buy a House,811,117400.0,0.09544715447154471,0.2576388292682927
U0020,2018-04,Shopping,1268.58,26407.98,,0.0,-26407.98,0.0,102500.0,53400.0,102500.0,1.237639024390244,4.803775222489565,76092.02,74.23611707317073,0.01237639024390244,23,Business Owner,16300.0,Buy a House,811,117400.0,0.09544715447154471,0.2576388292682927
U0020,2018-04,Subscription,492.7000000000001,26407.98,,0.0,-26407.98,0.0,102500.0,53400.0,102500.0,0.48068292682926833,1.8657239213298409,76092.02,74.23611707317073,0.0048068292682926835,23,Business Owner,16300.0,Buy a House,811,117400.0,0.09544715447154471,0.2576388292682927
U0020,2018-05,Bills,31075.44,100947.19,45843.78,45843.78,-55103.41,-120.2,102500.0,53400.0,45843.78,67.7855098336132,30.78385837188732,-55103.41,-120.19822536448785,0.677855098336132,23,Business Owner,16300.0,Buy a House,811,117400.0,0.09544715447154471,2.2019822536448785
U0020,2018-05,Entertainment,313.35,100947.19,45843.78,45843.78,-55103.41,-120.2,102500.0,53400.0,45843.78,0.6835169351218421,0.31040982913937476,-55103.41,-120.19822536448785,0.006835169351218421,23,Business Owner,16300.0,Buy a House,811,117400.0,0.09544715447154471,2.2019822536448785
U0020,2018-05,Food,2251.47,100947.19,45843.78,45843.78,-55103.41,-120.2,102500.0,53400.0,45843.78,4.9111787902306485,2.230344400869405,-55103.41,-120.19822536448785,0.049111787902306483,23,Business Owner,16300.0,Buy a House,811,117400.0,0.09544715447154471,2.2019822536448785
U0020,2018-05,Fuel,3337.03,100947.19,45843.78,45843.78,-55103.41,-120.2,102500.0,53400.0,45843.78,7.279133614200226,3.3057185643305176,-55103.41,-120.19822536448785,0.07279133614200226,23,Business Owner,16300.0,Buy a House,811,117400.0,0.09544715447154471,2.2019822536448785
U0020,2018-05,Insurance,26083.98,100947.19,45843.78,45843.78,-55103.41,-120.2,102500.0,53400.0,45843.78,56.8975333185876,25.83923336548546,-55103.41,-120.19822536448785,0.568975333185876,23,Business Owner,16300.0,Buy a House,811,117400.0,0.09544715447154471,2.2019822536448785
U0020,2018-05,Other,1184.6,100947.19,45843.78,45843.78,-55103.41,-120.2,102500.0,53400.0,45843.78,2.583992855737463,1.1734848686724217,-55103.41,-120.19822536448785,0.02583992855737463,23,Business Owner,16300.0,Buy a House,811,117400.0,0.09544715447154471,2.2019822536448785
U0020,2018-05,Rent,36701.32,100947.19,45843.78,45843.78,-55103.41,-120.2,102500.0,53400.0,45843.78,80.05736001699685,36.3569505996155,-55103.41,-120.19822536448785,0.8005736001699686,23,Business Owner,16300.0,Buy a House,811,117400.0,0.09544715447154471,2.2019822536448785
U0020,2018-06,Bills,6404.73,24980.07,,0.0,-24980.07,0.0,102500.0,53400.0,102500.0,6.248517073170731,25.639359697550884,77519.93,75.6292,0.06248517073170731,23,Business Owner,16300.0,Buy a House,811,117400.0,0.09544715447154471,0.243708
U0020,2018-06,Entertainment,303.76,24980.07,,0.0,-24980.07,0.0,102500.0,53400.0,102500.0,0.2963512195121951,1.216009402695829,77519.93,75.6292,0.0029635121951219513,23,Business Owner,16300.0,Buy a House,811,117400.0,0.09544715447154471,0.243708
U0020,2018-06,Food,2335.75,24980.07,,0.0,-24980.07,0.0,102500.0,53400.0,102500.0,2.278780487804878,9.35045418207395,77519.93,75.6292,0.02278780487804878,23,Business Owner,16300.0,Buy a House,811,117400.0,0.09544715447154471,0.243708
U0020,2018-06,Fuel,3873.07,24980.07,,0.0,-24980.07,0.0,102500.0,53400.0,102500.0,3.778604878048781,15.50464029924656,77519.93,75.6292,0.03778604878048781,23,Business Owner,16300.0,Buy a House,811,117400.0,0.09544715447154471,0.243708
U0020,2018-06,Groceries,484.11,24980.07,,0.0,-24980.07,0.0,102500.0,53400.0,102500.0,0.47230243902439023,1.9379849616113967,77519.93,75.6292,0.0047230243902439024,23,Business Owner,16300.0,Buy a House,811,117400.0,0.09544715447154471,0.243708
U0020,2018-06,Insurance,8595.67,24980.07,,0.0,-24980.07,0.0,102500.0,53400.0,102500.0,8.386019512195123,34.41011174107999,77519.93,75.6292,0.08386019512195123,23,Business Owner,16300.0,Buy a House,811,117400.0,0.09544715447154471,0.243708
U0020,2018-06,Miscellaneous,1086.31,24980.07,,0.0,-24980.07,0.0,102500.0,53400.0,102500.0,1.0598146341463415,4.348706789052232,77519.93,75.6292,0.010598146341463414,23,Business Owner,16300.0,Buy a House,811,117400.0,0.09544715447154471,0.243708
U0020,2018-06,Shopping,848.76,24980.07,,0.0,-24980.07,0.0,102500.0,53400.0,102500.0,0.8280585365853658,3.397748685251883,77519.93,75.6292,0.008280585365853658,23,Business Owner,16300.0,Buy a House,811,117400.0,0.09544715447154471,0.243708
U0020,2018-06,Subscription,1047.91,24980.07,,0.0,-24980.07,0.0,102500.0,53400.0,102500.0,1.0223512195121953,4.1949842414372736,77519.93,75.6292,0.010223512195121952,23,Business Owner,16300.0,Buy a House,811,117400.0,0.09544715447154471,0.243708
U0020,2018-07,Bills,52041.97,73021.8,52762.45,52762.45,-20259.35,-38.4,102500.0,53400.0,52762.45,98.63448342523898,71.26908676586991,-20259.350000000006,-38.39728822296919,0.9863448342523898,23,Business Owner,16300.0,Buy a House,811,117400.0,0.09544715447154471,1.383972882229692
U0020,2018-07,Food,4308.52,73021.8,52762.45,52762.45,-20259.35,-38.4,102500.0,53400.0,52762.45,8.165883123319711,5.900320178357696,-20259.350000000006,-38.39728822296919,0.0816588312331971,23,Business Owner,16300.0,Buy a House,811,117400.0,0.09544715447154471,1.383972882229692
U0020,2018-07,Groceries,1707.88,73021.8,52762.45,52762.45,-20259.35,-38.4,102500.0,53400.0,52762.45,3.236923228546059,2.3388631888011524,-20259.350000000006,-38.39728822296919,0.03236923228546059,23,Business Owner,16300.0,Buy a House,811,117400.0,0.09544715447154471,1.383972882229692
U0020,2018-07,Miscellaneous,7994.76,73021.8,52762.45,52762.45,-20259.35,-38.4,102500.0,53400.0,52762.45,15.152366882129243,10.94845648833636,-20259.350000000006,-38.39728822296919,0.15152366882129242,23,Business Owner,16300.0,Buy a House,811,117400.0,0.09544715447154471,1.383972882229692
U0020,2018-07,Shopping,6436.47,73021.8,52762.45,52762.45,-20259.35,-38.4,102500.0,53400.0,52762.45,12.198959676815615,8.814449931390351,-20259.350000000006,-38.39728822296919,0.12198959676815616,23,Business Owner,16300.0,Buy a House,811,117400.0,0.09544715447154471,1.383972882229692
U0020,2018-07,Subscription,532.2,73021.8,52762.45,52762.45,-20259.35,-38.4,102500.0,53400.0,52762.45,1.00867188691958,0.7288234472445215,-20259.350000000006,-38.39728822296919,0.010086718869195802,23,Business Owner,16300.0,Buy a House,811,117400.0,0.09544715447154471,1.383972882229692
U0020,2018-08,Bills,39221.26,64565.47,,5639.27,-58926.2,-1044.93,102500.0,53400.0,102500.0,38.264643902439026,60.74649499182768,37934.53,37.009297560975604,0.3826464390243903,23,Business Owner,16300.0,Buy a House,811,117400.0,0.09544715447154471,0.6299070243902439
U0020,2018-08,Food,2572.71,64565.47,,5639.27,-58926.2,-1044.93,102500.0,53400.0,102500.0,2.509960975609756,3.9846530970811487,37934.53,37.009297560975604,0.02509960975609756,23,Business Owner,16300.0,Buy a House,811,117400.0,0.09544715447154471,0.6299070243902439
U0020,2018-08,Fuel,3594.37,64565.47,,5639.27,-58926.2,-1044.93,102500.0,53400.0,102500.0,3.5067024390243904,5.567015929722187,37934.53,37.009297560975604,0.0350670243902439,23,Business Owner,16300.0,Buy a House,811,117400.0,0.09544715447154471,0.6299070243902439
U0020,2018-08,Groceries,8136.99,64565.47,,5639.27,-58926.2,-1044.93,102500.0,53400.0,102500.0,7.938526829268293,12.602696147027196,37934.53,37.009297560975604,0.07938526829268293,23,Business Owner,16300.0,Buy a House,811,117400.0,0.09544715447154471,0.6299070243902439
U0020,2018-08,Other,105.08,64565.47,,5639.27,-58926.2,-1044.93,102500.0,53400.0,102500.0,0.1025170731707317,0.1627495315994757,37934.53,37.009297560975604,0.001025170731707317,23,Business Owner,16300.0,Buy a House,811,117400.0,0.09544715447154471,0.6299070243902439
U0020,2018-08,Rent,8171.27,64565.47,,5639.27,-58926.2,-1044.93,102500.0,53400.0,102500.0,7.971970731707318,12.655789541995125,37934.53,37.009297560975604,0.07971970731707317,23,Business Owner,16300.0,Buy a House,811,117400.0,0.09544715447154471,0.6299070243902439
U0020,2018-08,Shopping,2763.79,64565.47,,5639.27,-58926.2,-1044.93,102500.0,53400.0,102500.0,2.696380487804878,4.280600760747192,37934.53,37.009297560975604,0.02696380487804878,23,Business Owner,16300.0,Buy a House,811,117400.0,0.09544715447154471,0.6299070243902439
U0020,2018-09,Bills,11380.52,29602.88,,0.0,-29602.88,0.0,102500.0,53400.0,102500.0,11.102946341463415,38.44396220908236,72897.12,71.11914146341462,0.11102946341463416,23,Business Owner,16300.0,Buy a House,811,117400.0,0.09544715447154471,0.2888085853658537
U0020,2018-09,Food,3779.97,29602.88,,0.0,-29602.88,0.0,102500.0,53400.0,102500.0,3.687775609756097,12.768926536877492,72897.12,71.11914146341462,0.03687775609756097,23,Business Owner,16300.0,Buy a House,811,117400.0,0.09544715447154471,0.2888085853658537
U0020,2018-09,Fuel,2156.12,29602.88,,0.0,-29602.88,0.0,102500.0,53400.0,102500.0,2.103531707317073,7.28348052621907,72897.12,71.11914146341462,0.02103531707317073,23,Business Owner,16300.0,Buy a House,811,117400.0,0.09544715447154471,0.2888085853658537
U0020,2018-09,Groceries,3657.42,29602.88,,0.0,-29602.88,0.0,102500.0,53400.0,102500.0,3.568214634146342,12.354946545741495,72897.12,71.11914146341462,0.03568214634146342,23,Business Owner,16300.0,Buy a House,811,117400.0,0.09544715447154471,0.2888085853658537
U0020,2018-09,Insurance,8064.82,29602.88,,0.0,-29602.88,0.0,102500.0,53400.0,102500.0,7.8681170731707315,27.24336280794301,72897.12,71.11914146341462,0.07868117073170731,23,Business Owner,16300.0,Buy a House,811,117400.0,0.09544715447154471,0.2888085853658537
U0020,2018-09,Other,564.03,29602.88,,0.0,-29602.88,0.0,102500.0,53400.0,102500.0,0.5502731707317073,1.9053213741365704,72897.12,71.11914146341462,0.005502731707317073,23,Business Owner,16300.0,Buy a House,811,117400.0,0.09544715447154471,0.2888085853658537
U0020,2018-10,Bills,28335.65,84275.97,,0.0,-84275.97,0.0,102500.0,53400.0,102500.0,27.644536585365852,33.622454894319226,18224.03,17.779541463414635,0.27644536585365853,23,Business Owner,16300.0,Buy a House,811,117400.0,0.09544715447154471,0.8222045853658537
U0020,2018-10,Entertainment,429.07,84275.97,,0.0,-84275.97,0.0,102500.0,53400.0,102500.0,0.4186048780487805,0.5091249617180318,18224.03,17.779541463414635,0.004186048780487805,23,Business Owner,16300.0,Buy a House,811,117400.0,0.09544715447154471,0.8222045853658537
U0020,2018-10,Food,5440.66,84275.97,,0.0,-84275.97,0.0,102500.0,53400.0,102500.0,5.307960975609756,6.455766691264425,18224.03,17.779541463414635,0.05307960975609756,23,Business Owner,16300.0,Buy a House,811,117400.0,0.09544715447154471,0.8222045853658537
U0020,2018-10,Groceries,1147.5,84275.97,,0.0,-84275.97,0.0,102500.0,53400.0,102500.0,1.119512195121951,1.361598092552361,18224.03,17.779541463414635,0.011195121951219512,23,Business Owner,16300.0,Buy a House,811,117400.0,0.09544715447154471,0.8222045853658537
U0020,2018-10,Insurance,8691.83,84275.97,,0.0,-84275.97,0.0,102500.0,53400.0,102500.0,8.479834146341464,10.313533027267441,18224.03,17.779541463414635,0.08479834146341464,23,Business Owner,16300.0,Buy a House,811,117400.0,0.09544715447154471,0.8222045853658537
U0020,2018-10,Other,2115.06,84275.97,,0.0,-84275.97,0.0,102500.0,53400.0,102500.0,2.063473170731707,2.5096833652582107,18224.03,17.779541463414635,0.020634731707317073,23,Business Owner,16300.0,Buy a House,811,117400.0,0.09544715447154471,0.8222045853658537
U0020,2018-10,Rent,36629.5,84275.97,,0.0,-84275.97,0.0,102500.0,53400.0,102500.0,35.73609756097561,43.463753665487324,18224.03,17.779541463414635,0.3573609756097561,23,Business Owner,16300.0,Buy a House,811,117400.0,0.09544715447154471,0.8222045853658537
U0020,2018-10,Shopping,1001.89,84275.97,,0.0,-84275.97,0.0,102500.0,53400.0,102500.0,0.9774536585365854,1.1888204905858692,18224.03,17.779541463414635,0.009774536585365853,23,Business Owner,16300.0,Buy a House,811,117400.0,0.09544715447154471,0.8222045853658537
U0020,2018-10,Subscription,484.81,84275.97,,0.0,-84275.97,0.0,102500.0,53400.0,102500.0,0.4729853658536586,0.5752648115471113,18224.03,17.779541463414635,0.0047298536585365855,23,Business Owner,16300.0,Buy a House,811,117400.0,0.09544715447154471,0.8222045853658537
U0020,2018-11,Bills,48999.8,57703.05,,0.0,-57703.05,0.0,102500.0,53400.0,102500.0,47.80468292682927,84.91717508866515,44796.95,43.70434146341463,0.47804682926829273,23,Business Owner,16300.0,Buy a House,811,117400.0,0.09544715447154471,0.5629565853658537
U0020,2018-11,Entertainment,1150.27,57703.05,,0.0,-57703.05,0.0,102500.0,53400.0,102500.0,1.1222146341463413,1.9934301566381671,44796.95,43.70434146341463,0.011222146341463414,23,Business Owner,16300.0,Buy a House,811,117400.0,0.09544715447154471,0.5629565853658537
U0020,2018-11,Food,4230.73,57703.05,,0.0,-57703.05,0.0,102500.0,53400.0,102500.0,4.127541463414634,7.33190013352847,44796.95,43.70434146341463,0.041275414634146336,23,Business Owner,16300.0,Buy a House,811,117400.0,0.09544715447154471,0.5629565853658537
U0020,2018-11,Groceries,1633.4899999999998,57703.05,,0.0,-57703.05,0.0,102500.0,53400.0,102500.0,1.5936487804878046,2.830855561361141,44796.95,43.70434146341463,0.015936487804878045,23,Business Owner,16300.0,Buy a House,811,117400.0,0.09544715447154471,0.5629565853658537
U0020,2018-11,Miscellaneous,981.67,57703.05,,0.0,-57703.05,0.0,102500.0,53400.0,102500.0,0.9577268292682927,1.701244561595964,44796.95,43.70434146341463,0.009577268292682926,23,Business Owner,16300.0,Buy a House,811,117400.0,0.09544715447154471,0.5629565853658537
U0020,2018-11,Other,57.16,57703.05,,0.0,-57703.05,0.0,102500.0,53400.0,102500.0,0.055765853658536584,0.0990588885682819,44796.95,43.70434146341463,0.0005576585365853658,23,Business Owner,16300.0,Buy a House,811,117400.0,0.09544715447154471,0.5629565853658537
U0020,2018-11,Shopping,340.03,57703.05,,0.0,-57703.05,0.0,102500.0,53400.0,102500.0,0.33173658536585365,0.5892756102147113,44796.95,43.70434146341463,0.0033173658536585363,23,Business Owner,16300.0,Buy a House,811,117400.0,0.09544715447154471,0.5629565853658537
U0020,2018-11,Subscription,309.9,57703.05,,0.0,-57703.05,0.0,102500.0,53400.0,102500.0,0.30234146341463414,0.5370599994281064,44796.95,43.70434146341463,0.0030234146341463412,23,Business Owner,16300.0,Buy a House,811,117400.0,0.09544715447154471,0.5629565853658537
U0020,2018-12,Bills,21362.27,75974.06999999999,178225.78,178225.78,102251.71,57.37,102500.0,53400.0,178225.78,11.986071824177175,28.117843364189916,102251.71,57.37200869593614,0.11986071824177176,23,Business Owner,16300.0,Buy a House,811,117400.0,0.09544715447154471,0.4262799130406386
U0020,2018-12,Food,2521.04,75974.06999999999,178225.78,178225.78,102251.71,57.37,102500.0,53400.0,178225.78,1.414520390933343,3.3182900429054287,102251.71,57.37200869593614,0.01414520390933343,23,Business Owner,16300.0,Buy a House,811,117400.0,0.09544715447154471,0.4262799130406386
U0020,2018-12,Fuel,2129.38,75974.06999999999,178225.78,178225.78,102251.71,57.37,102500.0,53400.0,178225.78,1.1947654261914298,2.802772051043205,102251.71,57.37200869593614,0.011947654261914298,23,Business Owner,16300.0,Buy a House,811,117400.0,0.09544715447154471,0.4262799130406386
U0020,2018-12,Groceries,4109.39,75974.06999999999,178225.78,178225.78,102251.71,57.37,102500.0,53400.0,178225.78,2.3057214281794702,5.40893754935072,102251.71,57.37200869593614,0.0230572142817947,23,Business Owner,16300.0,Buy a House,811,117400.0,0.09544715447154471,0.4262799130406386
U0020,2018-12,Other,1541.36,75974.06999999999,178225.78,178225.78,102251.71,57.37,102500.0,53400.0,178225.78,0.8648356034688135,2.0287974568165166,102251.71,57.37200869593614,0.008648356034688135,23,Business Owner,16300.0,Buy a House,811,117400.0,0.09544715447154471,0.4262799130406386
U0020,2018-12,Rent,44310.63,75974.06999999999,178225.78,178225.78,102251.71,57.37,102500.0,53400.0,178225.78,24.862076631113634,58.323359535694216,102251.71,57.37200869593614,0.24862076631113633,23,Business Owner,16300.0,Buy a House,811,117400.0,0.09544715447154471,0.4262799130406386
U0020,2019-01,Bills,30887.21,47309.41,,0.0,-47309.41,0.0,102500.0,53400.0,102500.0,30.133863414634142,65.28766687219307,55190.59,53.84447804878049,0.30133863414634143,23,Business Owner,16300.0,Buy a House,811,117400.0,0.09544715447154471,0.46155521951219514
U0020,2019-01,Entertainment,547.9,47309.41,,0.0,-47309.41,0.0,102500.0,53400.0,102500.0,0.5345365853658537,1.1581205514928214,55190.59,53.84447804878049,0.005345365853658537,23,Business Owner,16300.0,Buy a House,811,117400.0,0.09544715447154471,0.46155521951219514
U0020,2019-01,Food,3425.45,47309.41,,0.0,-47309.41,0.0,102500.0,53400.0,102500.0,3.34190243902439,7.2405257220497985,55190.59,53.84447804878049,0.0334190243902439,23,Business Owner,16300.0,Buy a House,811,117400.0,0.09544715447154471,0.46155521951219514
U0020,2019-01,Groceries,2396.44,47309.41,,0.0,-47309.41,0.0,102500.0,53400.0,102500.0,2.337990243902439,5.065461606898078,55190.59,53.84447804878049,0.02337990243902439,23,Business Owner,16300.0,Buy a House,811,117400.0,0.09544715447154471,0.46155521951219514
U0020,2019-01,Insurance,8829.58,47309.41,,0.0,-47309.41,0.0,102500.0,53400.0,102500.0,8.614224390243901,18.66347519446977,55190.59,53.84447804878049,0.08614224390243902,23,Business Owner,16300.0,Buy a House,811,117400.0,0.09544715447154471,0.46155521951219514
U0020,2019-01,Other,593.0,47309.41,,0.0,-47309.41,0.0,102500.0,53400.0,102500.0,0.5785365853658537,1.2534504234992572,55190.59,53.84447804878049,0.005785365853658537,23,Business Owner,16300.0,Buy a House,811,117400.0,0.09544715447154471,0.46155521951219514
U0020,2019-01,Shopping,629.8299999999999,47309.41,,0.0,-47309.41,0.0,102500.0,53400.0,102500.0,0.6144682926829267,1.331299629397196,55190.59,53.84447804878049,0.006144682926829267,23,Business Owner,16300.0,Buy a House,811,117400.0,0.09544715447154471,0.46155521951219514
U0020,2019-02,Bills,6053.389999999999,21954.44,,0.0,-21954.44,0.0,102500.0,53400.0,102500.0,5.905746341463415,27.57250925097611,80545.56,78.58103414634147,0.059057463414634144,23,Business Owner,16300.0,Buy a House,811,117400.0,0.09544715447154471,0.21418965853658536
U0020,2019-02,Entertainment,200.42,21954.44,,0.0,-21954.44,0.0,102500.0,53400.0,102500.0,0.19553170731707314,0.9128905132629208,80545.56,78.58103414634147,0.0019553170731707314,23,Business Owner,16300.0,Buy a House,811,117400.0,0.09544715447154471,0.21418965853658536
U0020,2019-02,Food,116.0,21954.44,,0.0,-21954.44,0.0,102500.0,53400.0,102500.0,0.11317073170731706,0.5283669271454886,80545.56,78.58103414634147,0.0011317073170731707,23,Business Owner,16300.0,Buy a House,811,117400.0,0.09544715447154471,0.21418965853658536
U0020,2019-02,Groceries,998.68,21954.44,,0.0,-21954.44,0.0,102500.0,53400.0,102500.0,0.9743219512195123,4.548874851738419,80545.56,78.58103414634147,0.009743219512195122,23,Business Owner,16300.0,Buy a House,811,117400.0,0.09544715447154471,0.21418965853658536
U0020,2019-02,Shopping,14283.02,21954.44,,0.0,-21954.44,0.0,102500.0,53400.0,102500.0,13.934653658536586,65.05754644618584,80545.56,78.58103414634147,0.13934653658536586,23,Business Owner,16300.0,Buy a House,811,117400.0,0.09544715447154471,0.21418965853658536
U0020,2019-02,Subscription,302.93,21954.44,,0.0,-21954.44,0.0,102500.0,53400.0,102500.0,0.29554146341463416,1.3798120106912317,80545.56,78.58103414634147,0.0029554146341463417,23,Business Owner,16300.0,Buy a House,811,117400.0,0.09544715447154471,0.21418965853658536
U0020,2019-03,Bills,31661.99,55094.49,,0.0,-55094.49,0.0,102500.0,53400.0,102500.0,30.889746341463415,57.46852362187217,47405.51,46.24927804878049,0.30889746341463414,23,Business Owner,16300.0,Buy a House,811,117400.0,0.09544715447154471,0.5375072195121952
U0020,2019-03,Entertainment,1990.41,55094.49,,0.0,-55094.49,0.0,102500.0,53400.0,102500.0,1.9418634146341465,3.612720618704339,47405.51,46.24927804878049,0.019418634146341464,23,Business Owner,16300.0,Buy a House,811,117400.0,0.09544715447154471,0.5375072195121952
U0020,2019-03,Food,4196.17,55094.49,,0.0,-55094.49,0.0,102500.0,53400.0,102500.0,4.093824390243903,7.616315170537018,47405.51,46.24927804878049,0.040938243902439025,23,Business Owner,16300.0,Buy a House,811,117400.0,0.09544715447154471,0.5375072195121952
U0020,2019-03,Groceries,697.43,55094.49,,0.0,-55094.49,0.0,102500.0,53400.0,102500.0,0.6804195121951219,1.265879764019959,47405.51,46.24927804878049,0.006804195121951219,23,Business Owner,16300.0,Buy a House,811,117400.0,0.09544715447154471,0.5375072195121952
U0020,2019-03,Other,2866.59,55094.49,,0.0,-55094.49,0.0,102500.0,53400.0,102500.0,2.7966731707317076,5.203042990324441,47405.51,46.24927804878049,0.027966731707317075,23,Business Owner,16300.0,Buy a House,811,117400.0,0.09544715447154471,0.5375072195121952
U0020,2019-03,Shopping,13070.91,55094.49,,0.0,-55094.49,0.0,102500.0,53400.0,102500.0,12.752107317073172,23.72453216283516,47405.51,46.24927804878049,0.12752107317073172,23,Business Owner,16300.0,Buy a House,811,117400.0,0.09544715447154471,0.5375072195121952
U0020,2019-03,Subscription,610.99,55094.49,,0.0,-55094.49,0.0,102500.0,53400.0,102500.0,0.5960878048780488,1.1089856717069166,47405.51,46.24927804878049,0.005960878048780488,23,Business Owner,16300.0,Buy a House,811,117400.0,0.09544715447154471,0.5375072195121952
U0020,2019-04,Bills,30894.960000000003,68618.51,,0.0,-68618.51,0.0,102500.0,53400.0,102500.0,30.141424390243905,45.024236171843434,33881.490000000005,33.05511219512196,0.30141424390243904,23,Business Owner,16300.0,Buy a House,811,117400.0,0.09544715447154471,0.6694488780487804
U0020,2019-04,Food,2516.0,68618.51,,0.0,-68618.51,0.0,102500.0,53400.0,102500.0,2.4546341463414634,3.6666491300962383,33881.490000000005,33.05511219512196,0.024546341463414636,23,Business Owner,16300.0,Buy a House,811,117400.0,0.09544715447154471,0.6694488780487804
U0020,2019-04,Fuel,2740.09,68618.51,,0.0,-68618.51,0.0,102500.0,53400.0,102500.0,2.673258536585366,3.9932228199067574,33881.490000000005,33.05511219512196,0.02673258536585366,23,Business Owner,16300.0,Buy a House,811,117400.0,0.09544715447154471,0.6694488780487804
U0020,2019-04,Groceries,3731.04,68618.51,,0.0,-68618.51,0.0,102500.0,53400.0,102500.0,3.640039024390244,5.43736668138087,33881.490000000005,33.05511219512196,0.03640039024390244,23,Business Owner,16300.0,Buy a House,811,117400.0,0.09544715447154471,0.6694488780487804
U0020,2019-04,Investment,20762.03,68618.51,,0.0,-68618.51,0.0,102500.0,53400.0,102500.0,20.25563902439024,30.257185706888713,33881.490000000005,33.05511219512196,0.20255639024390243,23,Business Owner,16300.0,Buy a House,811,117400.0,0.09544715447154471,0.6694488780487804
U0020,2019-04,Miscellaneous,3485.28,68618.51,,0.0,-68618.51,0.0,102500.0,53400.0,102500.0,3.4002731707317073,5.07921259147131,33881.490000000005,33.05511219512196,0.034002731707317074,23,Business Owner,16300.0,Buy a House,811,117400.0,0.09544715447154471,0.6694488780487804
U0020,2019-04,Other,2237.96,68618.51,,0.0,-68618.51,0.0,102500.0,53400.0,102500.0,2.1833756097560975,3.2614523399007065,33881.490000000005,33.05511219512196,0.021833756097560976,23,Business Owner,16300.0,Buy a House,811,117400.0,0.09544715447154471,0.6694488780487804
U0020,2019-04,Shopping,1007.05,68618.51,,0.0,-68618.51,0.0,102500.0,53400.0,102500.0,0.9824878048780487,1.4676069183081941,33881.490000000005,33.05511219512196,0.009824878048780487,23,Business Owner,16300.0,Buy a House,811,117400.0,0.09544715447154471,0.6694488780487804
U0020,2019-04,Subscription,1244.1,68618.51,,0.0,-68618.51,0.0,102500.0,53400.0,102500.0,1.2137560975609756,1.8130676402037877,33881.490000000005,33.05511219512196,0.012137560975609755,23,Business Owner,16300.0,Buy a House,811,117400.0,0.09544715447154471,0.6694488780487804
U0020,2019-05,Bills,7277.49,44534.24,,0.0,-44534.24,0.0,102500.0,53400.0,102500.0,7.099990243902439,16.341336463808524,57965.76,56.55196097560976,0.07099990243902439,23,Business Owner,16300.0,Buy a House,811,117400.0,0.09544715447154471,0.4344803902439024
U0020,2019-05,Entertainment,432.85,44534.24,,0.0,-44534.24,0.0,102500.0,53400.0,102500.0,0.4222926829268293,0.9719487746956051,57965.76,56.55196097560976,0.004222926829268293,23,Business Owner,16300.0,Buy a House,811,117400.0,0.09544715447154471,0.4344803902439024
U0020,2019-05,Food,1642.13,44534.24,,0.0,-44534.24,0.0,102500.0,53400.0,102500.0,1.6020780487804878,3.6873425930250523,57965.76,56.55196097560976,0.016020780487804878,23,Business Owner,16300.0,Buy a House,811,117400.0,0.09544715447154471,0.4344803902439024
U0020,2019-05,Fuel,8938.6,44534.24,,0.0,-44534.24,0.0,102500.0,53400.0,102500.0,8.720585365853658,20.071297949622586,57965.76,56.55196097560976,0.08720585365853659,23,Business Owner,16300.0,Buy a House,811,117400.0,0.09544715447154471,0.4344803902439024
U0020,2019-05,Groceries,2496.34,44534.24,,0.0,-44534.24,0.0,102500.0,53400.0,102500.0,2.4354536585365856,5.605439769489724,57965.76,56.55196097560976,0.024354536585365856,23,Business Owner,16300.0,Buy a House,811,117400.0,0.09544715447154471,0.4344803902439024
U0020,2019-05,Insurance,8444.78,44534.24,,0.0,-44534.24,0.0,102500.0,53400.0,102500.0,8.238809756097561,18.962443279597903,57965.76,56.55196097560976,0.08238809756097562,23,Business Owner,16300.0,Buy a House,811,117400.0,0.09544715447154471,0.4344803902439024
U0020,2019-05,Shopping,15302.05,44534.24,,0.0,-44534.24,0.0,102500.0,53400.0,102500.0,14.92882926829268,34.36019116976062,57965.76,56.55196097560976,0.14928829268292682,23,Business Owner,16300.0,Buy a House,811,117400.0,0.09544715447154471,0.4344803902439024
U0020,2019-06,Bills,61034.11,73090.27,,0.0,-73090.27,0.0,102500.0,53400.0,102500.0,59.54547317073171,83.5051095036316,29409.729999999996,28.692419512195116,0.5954547317073171,23,Business Owner,16300.0,Buy a House,811,117400.0,0.09544715447154471,0.7130758048780488
U0020,2019-06,Food,2400.0400000000004,73090.27,,0.0,-73090.27,0.0,102500.0,53400.0,102500.0,2.341502439024391,3.283665527572959,29409.729999999996,28.692419512195116,0.023415024390243906,23,Business Owner,16300.0,Buy a House,811,117400.0,0.09544715447154471,0.7130758048780488
U0020,2019-06,Fuel,2908.65,73090.27,,0.0,-73090.27,0.0,102500.0,53400.0,102500.0,2.837707317073171,3.979531064805206,29409.729999999996,28.692419512195116,0.02837707317073171,23,Business Owner,16300.0,Buy a House,811,117400.0,0.09544715447154471,0.7130758048780488
U0020,2019-06,Groceries,300.0,73090.27,,0.0,-73090.27,0.0,102500.0,53400.0,102500.0,0.2926829268292683,0.410451350090785,29409.729999999996,28.692419512195116,0.002926829268292683,23,Business Owner,16300.0,Buy a House,811,117400.0,0.09544715447154471,0.7130758048780488
U0020,2019-06,Miscellaneous,3342.03,73090.27,,0.0,-73090.27,0.0,102500.0,53400.0,102500.0,3.2605170731707314,4.572469085146354,29409.729999999996,28.692419512195116,0.032605170731707316,23,Business Owner,16300.0,Buy a House,811,117400.0,0.09544715447154471,0.7130758048780488
U0020,2019-06,Other,1601.14,73090.27,,0.0,-73090.27,0.0,102500.0,53400.0,102500.0,1.5620878048780489,2.1906335822811984,29409.729999999996,28.692419512195116,0.01562087804878049,23,Business Owner,16300.0,Buy a House,811,117400.0,0.09544715447154471,0.7130758048780488
U0020,2019-06,Shopping,1504.3,73090.27,,0.0,-73090.27,0.0,102500.0,53400.0,102500.0,1.467609756097561,2.0581398864718925,29409.729999999996,28.692419512195116,0.014676097560975609,23,Business Owner,16300.0,Buy a House,811,117400.0,0.09544715447154471,0.7130758048780488
U0020,2019-07,Bills,6388.06,15149.32,,0.0,-15149.32,0.0,102500.0,53400.0,102500.0,6.232253658536586,42.167305199177264,87350.68,85.22017560975608,0.06232253658536586,23,Business Owner,16300.0,Buy a House,811,117400.0,0.09544715447154471,0.147798243902439
U0020,2019-07,Entertainment,1562.43,15149.32,,0.0,-15149.32,0.0,102500.0,53400.0,102500.0,1.524321951219512,10.313532224548695,87350.68,85.22017560975608,0.015243219512195122,23,Business Owner,16300.0,Buy a House,811,117400.0,0.09544715447154471,0.147798243902439
U0020,2019-07,Food,684.71,15149.32,,0.0,-15149.32,0.0,102500.0,53400.0,102500.0,0.668009756097561,4.519740820050009,87350.68,85.22017560975608,0.00668009756097561,23,Business Owner,16300.0,Buy a House,811,117400.0,0.09544715447154471,0.147798243902439
U0020,2019-07,Fuel,3653.03,15149.32,,0.0,-15149.32,0.0,102500.0,53400.0,102500.0,3.5639317073170735,24.1134915626576,87350.68,85.22017560975608,0.03563931707317074,23,Business Owner,16300.0,Buy a House,811,117400.0,0.09544715447154471,0.147798243902439
U0020,2019-07,Groceries,651.86,15149.32,,0.0,-15149.32,0.0,102500.0,53400.0,102500.0,0.6359609756097561,4.302899404065661,87350.68,85.22017560975608,0.006359609756097561,23,Business Owner,16300.0,Buy a House,811,117400.0,0.09544715447154471,0.147798243902439
U0020,2019-07,Other,2209.23,15149.32,,0.0,-15149.32,0.0,102500.0,53400.0,102500.0,2.1553463414634146,14.583030789500784,87350.68,85.22017560975608,0.021553463414634145,23,Business Owner,16300.0,Buy a House,811,117400.0,0.09544715447154471,0.147798243902439
U0020,2019-08,Bills,7477.42,32446.33,,0.0,-32446.33,0.0,102500.0,53400.0,102500.0,7.295043902439025,23.045503143190615,70053.67,68.34504390243902,0.07295043902439025,23,Business Owner,16300.0,Buy a House,811,117400.0,0.09544715447154471,0.31654956097560977
U0020,2019-08,Food,3326.04,32446.33,,0.0,-32446.33,0.0,102500.0,53400.0,102500.0,3.2449170731707317,10.250897405037795,70053.67,68.34504390243902,0.03244917073170732,23,Business Owner,16300.0,Buy a House,811,117400.0,0.09544715447154471,0.31654956097560977
U0020,2019-08,Fuel,11507.68,32446.33,,0.0,-32446.33,0.0,102500.0,53400.0,102500.0,11.227004878048781,35.466815507331646,70053.67,68.34504390243902,0.11227004878048781,23,Business Owner,16300.0,Buy a House,811,117400.0,0.09544715447154471,0.31654956097560977
U0020,2019-08,Groceries,9089.74,32446.33,,0.0,-32446.33,0.0,102500.0,53400.0,102500.0,8.868039024390244,28.014693803582713,70053.67,68.34504390243902,0.08868039024390244,23,Business Owner,16300.0,Buy a House,811,117400.0,0.09544715447154471,0.31654956097560977
U0020,2019-08,Miscellaneous,60.0,32446.33,,0.0,-32446.33,0.0,102500.0,53400.0,102500.0,0.058536585365853655,0.18492075991337079,70053.67,68.34504390243902,0.0005853658536585366,23,Business Owner,16300.0,Buy a House,811,117400.0,0.09544715447154471,0.31654956097560977
U0020,2019-08,Shopping,288.0,32446.33,,0.0,-32446.33,0.0,102500.0,53400.0,102500.0,0.28097560975609753,0.8876196475841798,70053.67,68.34504390243902,0.0028097560975609754,23,Business Owner,16300.0,Buy a House,811,117400.0,0.09544715447154471,0.31654956097560977
U0020,2019-08,Subscription,697.45,32446.33,,0.0,-32446.33,0.0,102500.0,53400.0,102500.0,0.680439024390244,2.1495497333596743,70053.67,68.34504390243902,0.0068043902439024395,23,Business Owner,16300.0,Buy a House,811,117400.0,0.09544715447154471,0.31654956097560977
U0020,2019-09,Bills,42351.97,58049.77,73911.72,73911.72,15861.95,21.46,102500.0,53400.0,73911.72,57.300750138137765,72.95803239185962,15861.950000000004,21.460669566342123,0.5730075013813777,23,Business Owner,16300.0,Buy a House,811,117400.0,0.09544715447154471,0.7853933043365787
U0020,2019-09,Entertainment,1449.4,58049.77,73911.72,73911.72,15861.95,21.46,102500.0,53400.0,73911.72,1.9609880543978682,2.496822984828364,15861.950000000004,21.460669566342123,0.01960988054397868,23,Business Owner,16300.0,Buy a House,811,117400.0,0.09544715447154471,0.7853933043365787
U0020,2019-09,Food,3343.21,58049.77,73911.72,73911.72,15861.95,21.46,102500.0,53400.0,73911.72,4.523247463325167,5.7592131717317745,15861.950000000004,21.460669566342123,0.04523247463325167,23,Business Owner,16300.0,Buy a House,811,117400.0,0.09544715447154471,0.7853933043365787
U0020,2019-09,Groceries,520.69,58049.77,73911.72,73911.72,15861.95,21.46,102500.0,53400.0,73911.72,0.7044755554328868,0.8969716848145997,15861.950000000004,21.460669566342123,0.007044755554328867,23,Business Owner,16300.0,Buy a House,811,117400.0,0.09544715447154471,0.7853933043365787
U0020,2019-09,Miscellaneous,5389.94,58049.77,73911.72,73911.72,15861.95,21.46,102500.0,53400.0,73911.72,7.29240234160428,9.285032481610177,15861.950000000004,21.460669566342123,0.0729240234160428,23,Business Owner,16300.0,Buy a House,811,117400.0,0.09544715447154471,0.7853933043365787
U0020,2019-09,Other,2889.5,58049.77,73911.72,73911.72,15861.95,21.46,102500.0,53400.0,73911.72,3.909393530552394,4.977625234346321,15861.950000000004,21.460669566342123,0.03909393530552394,23,Business Owner,16300.0,Buy a House,811,117400.0,0.09544715447154471,0.7853933043365787
U0020,2019-09,Shopping,2105.06,58049.77,73911.72,73911.72,15861.95,21.46,102500.0,53400.0,73911.72,2.848073350207518,3.626302050809159,15861.950000000004,21.460669566342123,0.028480733502075178,23,Business Owner,16300.0,Buy a House,811,117400.0,0.09544715447154471,0.7853933043365787
U0020,2019-10,Shopping,18914.0,18914.0,,0.0,-18914.0,0.0,102500.0,53400.0,102500.0,18.45268292682927,100.0,83586.0,81.54731707317073,0.18452682926829267,23,Business Owner,16300.0,Buy a House,811,117400.0,0.09544715447154471,0.18452682926829267
