transaction_text,amount,amount_log,amount_bucket,payment_method,transaction_type,category
Credit Card Bill Payment Auto Debit Credit Card Bill Payment,4361.84,8.380878500436506,Large,Auto Debit,Debit,Bills
Zepto UPI/Paytm/Zepto,1226.03,7.112351894289769,Medium,Upi,Debit,Groceries
Ace Hardware India POS Purchase Ace Hardware India,523.73,6.262883844587082,Small,Credit Card,Debit,Miscellaneous
Zepto UPI/DR/623175732898/Zepto,1290.29,7.1633969976888014,Medium,Upi,Debit,Groceries
House Rent Payment NEFT Rent Payment,44800.94,10.710006721036933,Large,Neft,Debit,Rent
Credit Card Bill Payment Net Banking Payment Credit Card Bill Payment,2761.36,7.923840665808767,Large,Net Banking,Debit,Bills
Swiggy UPI/Paytm/Swiggy,268.49,5.596531283909225,Small,Upi,Debit,Food
McDonald's India UPI/DR/200262210949/McDonald's India,306.84,5.729580167477342,Small,Upi,Debit,Food
BookMyShow UPI Payment BookMyShow,323.91,5.783548220902539,Small,Upi,Debit,Entertainment
Ajio POS Purchase Ajio,491.31,6.19910859937524,Small,Credit Card,Debit,Shopping
Cafe Coffee Day UPI/DR/400481269539/Cafe Coffee Day,144.85,4.98257869631373,Small,Upi,Debit,Food
Credit Card Bill Payment Net Banking Payment Credit Card Bill Payment,2801.01,7.938092295769956,Large,Net Banking,Debit,Bills
BEST Net Banking Payment BEST,5154.86,8.54788921085878,Large,Net Banking,Debit,Bills
Ace Hardware India Debit Card POS Ace Hardware India,524.73,6.264787772965275,Small,Debit Card,Debit,Miscellaneous
Cafe Coffee Day POS Purchase Cafe Coffee Day,332.16,5.8086228550671395,Small,Credit Card,Debit,Food
HPCL UPI/DR/194161559602/HPCL,2855.13,7.957222840630836,Large,Upi,Debit,Fuel
Airtel UPI/DR/594882222524/Airtel,478.83,6.173431874503444,Small,Upi,Debit,Bills
House Rent Payment NEFT Rent Payment,42338.57,10.653477388756322,Large,Neft,Debit,Rent
Indian Oil UPI/DR/452043596566/Indian Oil,3363.4,8.121004920088282,Large,Upi,Debit,Fuel
Cafe Coffee Day UPI/DR/556151075645/Cafe Coffee Day,154.29,5.045294336581097,Small,Upi,Debit,Food
Credit Card Bill Payment Auto Debit Credit Card Bill Payment,4209.68,8.345379433823469,Large,Auto Debit,Debit,Bills
Spotify Auto Debit Spotify,153.74,5.041746289121308,Small,Auto Debit,Debit,Subscription
McDonald's India UPI/Paytm/McDonald's India,376.36,5.933199638976006,Small,Upi,Debit,Food
Bharat Gas UPI/DR/203003255767/Bharat Gas,763.99,6.639862761845673,Medium,Upi,Debit,Bills
Myntra Debit Card POS Myntra,1614.1,7.387152153244467,Medium,Debit Card,Debit,Shopping
HPCL UPI Payment HPCL,2943.71,7.9877656192505855,Large,Upi,Debit,Fuel
Credit Card Bill Payment Auto Debit Credit Card Bill Payment,14999.79,9.615858145364173,Large,Auto Debit,Debit,Bills
Nykaa UPI/Paytm/Nykaa,1269.56,7.1472130271469005,Medium,Upi,Debit,Shopping
Credit Card Bill Payment Auto Debit Credit Card Bill Payment,2862.19,7.95969166685002,Large,Auto Debit,Debit,Bills
Ajio POS Purchase Ajio,545.07,6.302747172655535,Small,Credit Card,Debit,Shopping
Credit Card Bill Payment Auto Debit Credit Card Bill Payment,4310.62,8.36906898254594,Large,Auto Debit,Debit,Bills
Bharat Gas Auto Debit Bharat Gas,766.94,6.643711605095755,Medium,Auto Debit,Debit,Bills
Employer Salary Credit NEFT Salary Credit,46314.09,10.743223104901181,Large,Neft,Credit,Salary
BPCL UPI/Paytm/BPCL,2959.23,7.99302224700211,Large,Upi,Debit,Fuel
Municipal Water Department Auto Debit Municipal Water Department,214.83,5.374491060770879,Small,Auto Debit,Debit,Bills
Chaayos POS Purchase Chaayos,138.51,4.938136283280016,Small,Credit Card,Debit,Food
EatClub UPI/Paytm/EatClub,320.8,5.773930234558283,Small,Upi,Debit,Food
Credit Card Bill Payment Auto Debit Credit Card Bill Payment,4362.49,8.381027474862456,Large,Auto Debit,Debit,Bills
Credit Card Bill Payment Auto Debit Credit Card Bill Payment,14256.14,9.56501311284342,Large,Auto Debit,Debit,Bills
Blinkit UPI Collect Blinkit,1365.12,7.21972988400295,Medium,Upi,Debit,Groceries
BSNL Auto Debit BSNL,630.2,6.447622769531664,Small,Auto Debit,Debit,Bills
Bharat Gas UPI/DR/858662013185/Bharat Gas,740.72,6.608971813459182,Medium,Upi,Debit,Bills
Spotify Auto Debit Spotify,152.69,5.034937586619221,Small,Auto Debit,Debit,Subscription
Bharat Gas Auto Debit Bharat Gas,719.03,6.5792928778087365,Medium,Auto Debit,Debit,Bills
Credit Card Bill Payment Auto Debit Credit Card Bill Payment,4425.22,8.395301225656745,Large,Auto Debit,Debit,Bills
Employer Salary Credit NEFT Salary Credit,43239.03,10.67452196555494,Large,Neft,Credit,Salary
Airtel Auto Debit Airtel,486.59,6.189474888783194,Small,Auto Debit,Debit,Bills
Credit Card Bill Payment Auto Debit Credit Card Bill Payment,15776.17,9.66631923737846,Large,Auto Debit,Debit,Bills
House Rent Payment IMPS Transfer House Rent Payment,46734.63,10.752262107786873,Large,Imps,Debit,Rent
Airtel UPI Collect Airtel,517.81,6.251537727507102,Small,Upi,Debit,Bills
Spotify Auto Debit Spotify,162.04,5.093995569474415,Small,Auto Debit,Debit,Subscription
Ace Hardware India Debit Card POS Ace Hardware India,520.99,6.257648430611017,Small,Debit Card,Debit,Miscellaneous
HP Gas UPI Payment HP Gas,716.67,6.576009853367306,Medium,Upi,Debit,Bills
Home Depot India POS Purchase Home Depot India,506.48,6.229457301272397,Small,Debit Card,Debit,Miscellaneous
Local Hardware Store UPI Payment Local Hardware Store,530.22,6.2751762480558675,Small,Upi,Debit,Miscellaneous
Domino's India UPI/DR/900595246665/Domino's India,327.31,5.793958283988824,Small,Upi,Debit,Food
Burger King Debit Card POS Burger King,675.94,6.5175826426922665,Medium,Debit Card,Debit,Food
Burger King UPI/Paytm/Burger King,339.7,5.831002324666921,Small,Upi,Debit,Food
Cafe Coffee Day UPI Collect Cafe Coffee Day,624.65,6.4387911093110635,Small,Upi,Debit,Food
EatClub UPI Collect EatClub,324.49,5.785331739210489,Small,Upi,Debit,Food
Cafe Coffee Day POS Purchase Cafe Coffee Day,649.89,6.47834065711726,Small,Credit Card,Debit,Food
Airtel Auto Debit Airtel,590.54,6.382729305815005,Small,Auto Debit,Debit,Bills
Blinkit UPI Payment Blinkit,1295.04,7.167068740633462,Medium,Upi,Debit,Groceries
BigBasket Debit Card POS BigBasket,1285.81,7.159921566550094,Medium,Debit Card,Debit,Groceries
Ace Hardware India POS Purchase Ace Hardware India,525.95,6.267105667379946,Small,Credit Card,Debit,Miscellaneous
Adani Electricity Electricity Bill Adani Electricity,5504.99,8.613591869500395,Large,Auto Debit,Debit,Bills
Amazon Prime POS Purchase Amazon Prime,313.18,5.749966070071793,Small,Debit Card,Debit,Entertainment
Amazon India UPI Collect Amazon India,1538.01,7.338894631543565,Medium,Upi,Debit,Shopping
Indian Oil UPI Payment Indian Oil,2846.64,7.954245860047763,Large,Upi,Debit,Fuel
Faasos UPI Payment Faasos,383.34,5.951527577504281,Small,Upi,Debit,Food
Credit Card Bill Payment Auto Debit Credit Card Bill Payment,4438.24,8.398238469603642,Large,Auto Debit,Debit,Bills
BSNL UPI/Paytm/BSNL,646.11,6.472516295505861,Small,Upi,Debit,Bills
Flipkart UPI/Paytm/Flipkart,495.96,6.208509539960322,Small,Upi,Debit,Shopping
Amazon India POS Purchase Amazon India,1522.08,7.3284898794210696,Medium,Credit Card,Debit,Shopping
McDonald's India UPI/DR/349814531370/McDonald's India,338.88,5.82859261413534,Small,Upi,Debit,Food
Faasos UPI Collect Faasos,408.98,6.016108378020742,Small,Upi,Debit,Food
Domino's India POS Purchase Domino's India,674.01,6.514727505577606,Medium,Credit Card,Debit,Food
Local Hardware Store UPI Payment Local Hardware Store,504.17,6.224895006290327,Small,Upi,Debit,Miscellaneous
Myntra UPI/Paytm/Myntra,1327.84,7.1920616601940015,Medium,Upi,Debit,Shopping
Amazon Prime UPI Collect Amazon Prime,297.72,5.699506679793412,Small,Upi,Debit,Entertainment
Zomato UPI/Paytm/Zomato,645.12,6.470985245045557,Small,Upi,Debit,Food
Credit Card Bill Payment Net Banking Payment Credit Card Bill Payment,2794.01,7.9355909634003305,Large,Net Banking,Debit,Bills
Ace Hardware India UPI/Paytm/Ace Hardware India,479.36,6.174535822792483,Small,Upi,Debit,Miscellaneous
Adani Electricity Electricity Bill Adani Electricity,5361.8,8.587241505727405,Large,Auto Debit,Debit,Bills
Credit Card Bill Payment Auto Debit Credit Card Bill Payment,1944.21,7.573125219375968,Medium,Auto Debit,Debit,Bills
BigBasket Debit Card POS BigBasket,895.88,6.798922073845338,Medium,Debit Card,Debit,Groceries
Jio Auto Debit Jio,647.96,6.4753710815227095,Small,Auto Debit,Debit,Bills
Employer Salary Credit NEFT Salary Credit,46027.55,10.737017135120242,Large,Neft,Credit,Salary
Adani Electricity Electricity Bill Adani Electricity,4954.67,8.508287654575673,Large,Auto Debit,Debit,Bills
Swiggy POS Purchase Swiggy,213.06,5.366256349556229,Small,Debit Card,Debit,Food
Jio Net Banking Payment Jio,626.7,6.442062345323486,Small,Net Banking,Debit,Bills
Credit Card Bill Payment Net Banking Payment Credit Card Bill Payment,1740.69,7.462611185204348,Medium,Net Banking,Debit,Bills
Barbeque Nation POS Purchase Barbeque Nation,205.29,5.329282945804916,Small,Credit Card,Debit,Food
Starbucks India UPI/DR/662544181990/Starbucks India,169.79,5.1404347316311005,Small,Upi,Debit,Food
House Rent Payment IMPS Transfer House Rent Payment,46992.92,10.75777351062212,Large,Imps,Debit,Rent
Starbucks India UPI Collect Starbucks India,168.54,5.13308888718026,Small,Upi,Debit,Food
Local Wine & Beer Shop UPI/Paytm/Local Wine & Beer Shop,940.6,6.847580555946067,Medium,Upi,Debit,Food
Nature's Basket UPI Payment Nature's Basket,950.12,6.85764023755029,Medium,Upi,Debit,Groceries
Credit Card Bill Payment Auto Debit Credit Card Bill Payment,5742.74,8.65586584507963,Large,Auto Debit,Debit,Bills
Credit Card Bill Payment Auto Debit Credit Card Bill Payment,1804.15,7.498398969807235,Medium,Auto Debit,Debit,Bills
Netflix UPI/DR/391923884043/Netflix,311.82,5.745627945246095,Small,Upi,Debit,Entertainment
Reliance Fresh UPI/DR/976745072963/Reliance Fresh,1148.99,7.047508525667315,Medium,Upi,Debit,Groceries
Starbucks India UPI Collect Starbucks India,165.66,5.115955808954061,Small,Upi,Debit,Food
Credit Card Bill Payment Net Banking Payment Credit Card Bill Payment,1818.08,7.506086157759928,Medium,Net Banking,Debit,Bills
Airtel UPI Collect Airtel,616.18,6.425160715556972,Small,Upi,Debit,Bills
Faasos UPI Collect Faasos,208.37,5.34410302169717,Small,Upi,Debit,Food
Burger King UPI Collect Burger King,178.25,5.188781479479729,Small,Upi,Debit,Food
Bharat Gas Auto Debit Bharat Gas,1138.47,7.038318521002617,Medium,Auto Debit,Debit,Bills
Jio Fiber UPI/DR/293822729412/Jio Fiber,1260.98,7.140437195115041,Medium,Upi,Debit,Bills
Myntra UPI/Paytm/Myntra,518.04,6.251980951486994,Small,Upi,Debit,Shopping
Local Barbershop UPI Collect Local Barbershop,1501.5,7.314885666409363,Medium,Upi,Debit,Miscellaneous
Indian Oil UPI Payment Indian Oil,3640.36,8.20011251722346,Large,Upi,Debit,Fuel
Credit Card Bill Payment Auto Debit Credit Card Bill Payment,1804.35,7.498509757786852,Medium,Auto Debit,Debit,Bills
Tata Power Electricity Bill Tata Power,5319.18,8.57926241634978,Large,Auto Debit,Debit,Bills
Domino's India UPI Collect Domino's India,330.9,5.804833718725929,Small,Upi,Debit,Food
Local Wine & Beer Shop POS Purchase Local Wine & Beer Shop,979.73,6.888297192325014,Medium,Credit Card,Debit,Food
Credit Card Bill Payment Auto Debit Credit Card Bill Payment,1784.99,7.487728162316626,Medium,Auto Debit,Debit,Bills
Spotify Auto Debit Spotify,156.6,5.060060177423779,Small,Auto Debit,Debit,Subscription
EatClub POS Purchase EatClub,314.87,5.755330736536778,Small,Debit Card,Debit,Food
Netflix UPI/DR/626434801063/Netflix,301.82,5.713138569580226,Small,Upi,Debit,Entertainment
Municipal Water Department Auto Debit Municipal Water Department,226.88,5.428819174612195,Small,Auto Debit,Debit,Bills
Credit Card Bill Payment Auto Debit Credit Card Bill Payment,1950.44,7.576322840567692,Medium,Auto Debit,Debit,Bills
Faasos UPI/Paytm/Faasos,621.07,6.433052626599933,Small,Upi,Debit,Food
BEST Electricity Bill BEST,5087.95,8.534826801427577,Large,Auto Debit,Debit,Bills
Amazon India POS Purchase Amazon India,506.73,6.22994981022139,Small,Credit Card,Debit,Shopping
EatClub UPI/Paytm/EatClub,994.63,6.903375702622826,Medium,Upi,Debit,Food
Cafe Coffee Day POS Purchase Cafe Coffee Day,315.98,5.7588386804042795,Small,Credit Card,Debit,Food
Domino's India POS Purchase Domino's India,186.32,5.232818384315341,Small,Credit Card,Debit,Food
Swiggy UPI Payment Swiggy,303.22,5.717751123883597,Small,Upi,Debit,Food
The Beer Cafe POS Purchase The Beer Cafe,881.02,6.782214731486662,Medium,Debit Card,Debit,Food
Employer Salary Credit NEFT Salary Credit,47492.08,10.768339295199231,Large,Neft,Credit,Salary
Barbeque Nation UPI Collect Barbeque Nation,195.76,5.281984711927139,Small,Upi,Debit,Food
Lakme Salon UPI Payment Lakme Salon,1448.66,7.279084325160619,Medium,Upi,Debit,Miscellaneous
Credit Card Bill Payment Auto Debit Credit Card Bill Payment,1837.5,7.516705300741327,Medium,Auto Debit,Debit,Bills
HPCL UPI Collect HPCL,3443.57,8.144554357079624,Large,Upi,Debit,Fuel
House Rent Payment NEFT Rent Payment,46175.24,10.740220659065288,Large,Neft,Debit,Rent
Blinkit UPI Collect Blinkit,921.26,6.826827179464896,Medium,Upi,Debit,Groceries
BigBasket POS Purchase BigBasket,949.38,6.856861904615913,Medium,Debit Card,Debit,Groceries
Third Wave Coffee UPI/Paytm/Third Wave Coffee,118.22,4.780970525791781,Small,Upi,Debit,Food
Credit Card Bill Payment Auto Debit Credit Card Bill Payment,1798.21,7.495102958655449,Medium,Auto Debit,Debit,Bills
Credit Card Bill Payment Auto Debit Credit Card Bill Payment,1867.33,7.532800262715239,Medium,Auto Debit,Debit,Bills
Credit Card Bill Payment Auto Debit Credit Card Bill Payment,1911.32,7.556072443624289,Medium,Auto Debit,Debit,Bills
Indian Oil UPI/Paytm/Indian Oil,2958.98,7.992937790538522,Large,Upi,Debit,Fuel
Zomato UPI Collect Zomato,800.13,6.686023231028194,Medium,Upi,Debit,Food
Credit Card Bill Payment Net Banking Payment Credit Card Bill Payment,1933.82,7.567769577881137,Medium,Net Banking,Debit,Bills
Credit Card Bill Payment Auto Debit Credit Card Bill Payment,1912.07,7.556464560511513,Medium,Auto Debit,Debit,Bills
Credit Card Bill Payment Net Banking Payment Credit Card Bill Payment,1854.11,7.525699272474783,Medium,Net Banking,Debit,Bills
Bharat Gas Auto Debit Bharat Gas,1185.37,7.078653503922757,Medium,Auto Debit,Debit,Bills
Naturals Salon Debit Card POS Naturals Salon,1580.72,7.366268141512375,Medium,Debit Card,Debit,Miscellaneous
Cafe Coffee Day Debit Card POS Cafe Coffee Day,196.41,5.285282784277577,Small,Debit Card,Debit,Food
Airtel Auto Debit Airtel,1403.43,7.2473868055016135,Medium,Auto Debit,Debit,Bills
Airtel Auto Debit Airtel,1254.24,7.135082068342552,Medium,Auto Debit,Debit,Bills
Indian Oil UPI Payment Indian Oil,3175.63,8.063576165416146,Large,Upi,Debit,Fuel
Domino's India UPI/Paytm/Domino's India,184.23,5.221598296134632,Small,Upi,Debit,Food
House Rent Payment NEFT Rent Payment,43912.33,10.689973197619482,Large,Neft,Debit,Rent
Spotify Auto Debit Spotify,153.2,5.038250461129229,Small,Auto Debit,Debit,Subscription
Credit Card Bill Payment Auto Debit Credit Card Bill Payment,1870.76,7.5346344436903525,Medium,Auto Debit,Debit,Bills
Cafe Coffee Day UPI/DR/645141062499/Cafe Coffee Day,324.62,5.7857310573033685,Small,Upi,Debit,Food
Credit Card Bill Payment Auto Debit Credit Card Bill Payment,1900.74,7.550524535548876,Medium,Auto Debit,Debit,Bills
Burger King UPI Payment Burger King,177.5,5.184588601219693,Small,Upi,Debit,Food
Tata Power Electricity Bill Tata Power,5404.62,8.595194432097925,Large,Auto Debit,Debit,Bills
Zomato UPI Collect Zomato,960.06,6.868036841984891,Medium,Upi,Debit,Food
Chaayos UPI/DR/728400443133/Chaayos,120.79,4.802298250099019,Small,Upi,Debit,Food
Credit Card Bill Payment Auto Debit Credit Card Bill Payment,1921.76,7.561516932807789,Medium,Auto Debit,Debit,Bills
HPCL ATM Cash Withdrawal,3638.47,8.199593345633833,Large,Cash Withdrawal,Debit,Fuel
Credit Card Bill Payment Net Banking Payment Credit Card Bill Payment,5873.21,8.67832686188561,Large,Net Banking,Debit,Bills
Nature's Basket Debit Card POS Nature's Basket,522.85,6.261205383798974,Small,Debit Card,Debit,Groceries
BigBasket UPI/DR/420705911656/BigBasket,793.5,6.677712985976771,Medium,Upi,Debit,Groceries
DMart Debit Card POS DMart,1029.01,6.937323789914416,Medium,Debit Card,Debit,Groceries
Employer Salary Credit NEFT Salary Credit,44709.1,10.707954705861624,Large,Neft,Credit,Salary
Domino's India UPI Payment Domino's India,445.18,6.100722458044504,Small,Upi,Debit,Food
Credit Card Bill Payment Net Banking Payment Credit Card Bill Payment,5508.79,8.614281788897973,Large,Net Banking,Debit,Bills
DMart POS Purchase DMart,834.36,6.727862769662242,Medium,Credit Card,Debit,Groceries
BSNL Net Banking Payment BSNL,1314.17,7.18172121382278,Medium,Net Banking,Debit,Bills
DMart UPI/DR/253989877226/DMart,481.0,6.1779441140506,Small,Upi,Debit,Groceries
Credit Card Bill Payment Auto Debit Credit Card Bill Payment,5928.55,8.687703603783497,Large,Auto Debit,Debit,Bills
Burger King UPI Payment Burger King,449.62,6.1106244122772395,Small,Upi,Debit,Food
Zepto UPI/Paytm/Zepto,748.9,6.6199398643073435,Medium,Upi,Debit,Groceries
McDonald's India UPI Payment McDonald's India,451.84,6.115538862209909,Small,Upi,Debit,Food
Cafe Coffee Day Debit Card POS Cafe Coffee Day,425.27,6.055072948318093,Small,Debit Card,Debit,Food
Municipal Water Department Auto Debit Municipal Water Department,223.94,5.415833699975876,Small,Auto Debit,Debit,Bills
Spotify Auto Debit Spotify,167.2,5.125153747538848,Small,Auto Debit,Debit,Subscription
Swiggy UPI Collect Swiggy,323.83,5.783301968554202,Small,Upi,Debit,Food
Third Wave Coffee UPI/Paytm/Third Wave Coffee,148.04,5.004214726293333,Small,Upi,Debit,Food
Blinkit UPI Payment Blinkit,588.34,6.379003266682691,Small,Upi,Debit,Groceries
Third Wave Coffee UPI Payment Third Wave Coffee,150.52,5.020717629437768,Small,Upi,Debit,Food
House Rent Payment IMPS Transfer House Rent Payment,44629.34,10.706169175788338,Large,Imps,Debit,Rent
Municipal Water Department UPI/DR/687816574852/Municipal Water Department,220.77,5.401640808779938,Small,Upi,Debit,Bills
Social UPI/Paytm/Social,1291.75,7.164527011276331,Medium,Upi,Debit,Food
Domino's India UPI/DR/842407337491/Domino's India,461.61,6.136884366511383,Small,Upi,Debit,Food
Cafe Coffee Day Debit Card POS Cafe Coffee Day,262.5,5.574053367981417,Small,Debit Card,Debit,Food
Starbucks India UPI/DR/148911994093/Starbucks India,151.45,5.026836673434263,Small,Upi,Debit,Food
Credit Card Bill Payment Net Banking Payment Credit Card Bill Payment,5483.01,8.609591864167049,Large,Net Banking,Debit,Bills
Third Wave Coffee UPI/Paytm/Third Wave Coffee,143.33,4.972102344379472,Small,Upi,Debit,Food
Credit Card Bill Payment Auto Debit Credit Card Bill Payment,4628.44,8.440191189441226,Large,Auto Debit,Debit,Bills
BigBasket UPI Collect BigBasket,582.43,6.368924478806068,Small,Upi,Debit,Groceries
Third Wave Coffee UPI Collect Third Wave Coffee,163.66,5.10388274187028,Small,Upi,Debit,Food
Indian Oil POS Purchase Indian Oil,3283.62,8.097006246906417,Large,Debit Card,Debit,Fuel
Zepto POS Purchase Zepto,1040.75,6.948657270302562,Medium,Debit Card,Debit,Groceries
Barbeque Nation UPI/Paytm/Barbeque Nation,453.51,6.119219915575709,Small,Upi,Debit,Food
Nature's Basket UPI/DR/974534906192/Nature's Basket,708.95,6.565194545020367,Medium,Upi,Debit,Groceries
Ajio POS Purchase Ajio,1507.48,7.318857800307712,Medium,Debit Card,Debit,Shopping
Tata Power Electricity Bill Tata Power,5532.28,8.618536047075857,Large,Auto Debit,Debit,Bills
BPCL POS Purchase BPCL,3312.7,8.105820668843606,Large,Debit Card,Debit,Fuel
BigBasket POS Purchase BigBasket,533.4,6.281144622222436,Small,Credit Card,Debit,Groceries
Zepto UPI Collect Zepto,665.45,6.501965118050027,Medium,Upi,Debit,Groceries
Zomato UPI Payment Zomato,185.72,5.229610168538246,Small,Upi,Debit,Food
Credit Card Bill Payment Auto Debit Credit Card Bill Payment,4608.84,8.435948428230036,Large,Auto Debit,Debit,Bills
Municipal Water Department UPI Payment Municipal Water Department,218.82,5.3928090296407545,Small,Upi,Debit,Bills
BSNL UPI/Paytm/BSNL,1340.46,7.201513852052515,Medium,Upi,Debit,Bills
McDonald's India POS Purchase McDonald's India,330.51,5.803657975083454,Small,Debit Card,Debit,Food
Burger King UPI Collect Burger King,288.3,5.6674642119820895,Small,Upi,Debit,Food
DMart UPI Collect DMart,833.29,6.726581063740067,Medium,Upi,Debit,Groceries
Nature's Basket UPI/Paytm/Nature's Basket,589.21,6.380478405774315,Small,Upi,Debit,Groceries
Spotify Auto Debit Spotify,167.16,5.124915907128641,Small,Auto Debit,Debit,Subscription
Burger King UPI Payment Burger King,201.62,5.311332303625531,Small,Upi,Debit,Food
Barbeque Nation UPI Collect Barbeque Nation,405.17,6.0067717911751295,Small,Upi,Debit,Food
McDonald's India POS Purchase McDonald's India,457.13,6.1271529866332,Small,Debit Card,Debit,Food
DMart UPI Collect DMart,1050.66,6.958125147142896,Medium,Upi,Debit,Groceries
Meesho UPI/DR/873634608133/Meesho,598.72,6.396462879626703,Small,Upi,Debit,Shopping
Municipal Water Department Auto Debit Municipal Water Department,226.65,5.427809361780791,Small,Auto Debit,Debit,Bills
Faasos UPI Collect Faasos,257.67,5.555553118030016,Small,Upi,Debit,Food
EatClub POS Purchase EatClub,444.09,6.098276508908046,Small,Debit Card,Debit,Food
Employer Salary Credit NEFT Salary Credit,42912.35,10.666938245318102,Large,Neft,Credit,Salary
Airtel Auto Debit Airtel,608.7,6.4129670329137705,Small,Auto Debit,Debit,Bills
Airtel Auto Debit Airtel,648.07,6.475540569131259,Small,Auto Debit,Debit,Bills
House Rent Payment IMPS Transfer House Rent Payment,47664.75,10.77196838961979,Large,Imps,Debit,Rent
Faasos UPI Collect Faasos,313.79,5.751905749837929,Small,Upi,Debit,Food
Indane Gas Auto Debit Indane Gas,854.6,6.751802977208251,Medium,Auto Debit,Debit,Bills
Adani Electricity UPI/Paytm/Adani Electricity,5313.58,8.578209266016797,Large,Upi,Debit,Bills
DMart Debit Card POS DMart,443.8,6.097624742936373,Small,Debit Card,Debit,Groceries
Burger King POS Purchase Burger King,186.78,5.2352710648304015,Small,Debit Card,Debit,Food
Local Wine & Beer Shop UPI/Paytm/Local Wine & Beer Shop,1255.5,7.136085356983647,Medium,Upi,Debit,Food
Barbeque Nation UPI/Paytm/Barbeque Nation,435.28,6.078284239060542,Small,Upi,Debit,Food
Chaayos UPI Collect Chaayos,157.6,5.066385309200747,Small,Upi,Debit,Food
Nykaa POS Purchase Nykaa,1476.96,7.298418037542462,Medium,Credit Card,Debit,Shopping
Zepto UPI Collect Zepto,580.86,6.366229868966508,Small,Upi,Debit,Groceries
BookMyShow UPI/DR/634380802295/BookMyShow,321.6,5.776413165691109,Small,Upi,Debit,Entertainment
Zepto POS Purchase Zepto,756.51,6.6300367386165195,Medium,Credit Card,Debit,Groceries
Domino's India POS Purchase Domino's India,310.46,5.741270919067192,Small,Credit Card,Debit,Food
Ajio POS Purchase Ajio,629.02,6.445751564913429,Small,Credit Card,Debit,Shopping
Flipkart UPI/Paytm/Flipkart,551.82,6.315032451249072,Small,Upi,Debit,Shopping
Credit Card Bill Payment Net Banking Payment Credit Card Bill Payment,4499.66,8.411979331670574,Large,Net Banking,Debit,Bills
Credit Card Bill Payment Auto Debit Credit Card Bill Payment,4345.66,8.377163013069026,Large,Auto Debit,Debit,Bills
DMart UPI Payment DMart,808.0,6.695798917058491,Medium,Upi,Debit,Groceries
Nature's Basket POS Purchase Nature's Basket,820.12,6.710669261987217,Medium,Credit Card,Debit,Groceries
BigBasket UPI Payment BigBasket,669.71,6.508336852790277,Medium,Upi,Debit,Groceries
Cafe Coffee Day POS Purchase Cafe Coffee Day,275.29,5.621451038730069,Small,Credit Card,Debit,Food
Credit Card Bill Payment Auto Debit Credit Card Bill Payment,4444.05,8.399546396478666,Large,Auto Debit,Debit,Bills
Cafe Coffee Day POS Purchase Cafe Coffee Day,163.0,5.099866427824199,Small,Credit Card,Debit,Food
Domino's India POS Purchase Domino's India,464.71,6.143563122809109,Small,Debit Card,Debit,Food
Myntra POS Purchase Myntra,607.3,6.41066818132666,Small,Credit Card,Debit,Shopping
Nature's Basket POS Purchase Nature's Basket,588.04,6.3784940930604614,Small,Debit Card,Debit,Groceries
Ajio Debit Card POS Ajio,553.98,6.318932077061085,Small,Debit Card,Debit,Shopping
Starbucks India UPI/Paytm/Starbucks India,137.57,4.931375613110624,Small,Upi,Debit,Food
Reliance Fresh UPI/Paytm/Reliance Fresh,683.22,6.528279503335223,Medium,Upi,Debit,Groceries
Amazon India POS Purchase Amazon India,1458.35,7.285746410089546,Medium,Credit Card,Debit,Shopping
BPCL Debit Card POS BPCL,2807.98,7.940576707107376,Large,Debit Card,Debit,Fuel
Employer Salary Credit NEFT Salary Credit,45807.43,10.732223414300474,Large,Neft,Credit,Salary
Nature's Basket UPI/DR/161970160008/Nature's Basket,616.73,6.426051468788165,Small,Upi,Debit,Groceries
HPCL UPI Payment HPCL,2939.47,7.986324711501426,Large,Upi,Debit,Fuel
Municipal Water Department Auto Debit Municipal Water Department,208.62,5.345296367742031,Small,Auto Debit,Debit,Bills
Credit Card Bill Payment Auto Debit Credit Card Bill Payment,4218.9,8.347566710066822,Large,Auto Debit,Debit,Bills
DMart POS Purchase DMart,488.23,6.192832726544351,Small,Debit Card,Debit,Groceries
DMart UPI/DR/877322099707/DMart,870.88,6.770651799760312,Medium,Upi,Debit,Groceries
Netflix POS Purchase Netflix,309.77,5.73905308873812,Small,Credit Card,Debit,Entertainment
BPCL ATM Cash Withdrawal,3461.38,8.149711492855314,Large,Cash Withdrawal,Debit,Fuel
Chaayos UPI Collect Chaayos,232.12,5.4515533424468945,Small,Upi,Debit,Food
HP Gas Net Banking Payment HP Gas,387.5,5.962293169807702,Small,Net Banking,Debit,Bills
Nature's Basket Debit Card POS Nature's Basket,2125.78,7.662364377786833,Medium,Debit Card,Debit,Groceries
Faasos UPI Payment Faasos,314.79,5.75507743570903,Small,Upi,Debit,Food
DMart POS Purchase DMart,800.73,6.686771892830254,Medium,Debit Card,Debit,Groceries
BigBasket UPI Payment BigBasket,2128.13,7.663468724560535,Medium,Upi,Debit,Groceries
Lakme Salon UPI Payment Lakme Salon,1494.81,7.310423145120967,Medium,Upi,Debit,Miscellaneous
Myntra Debit Card POS Myntra,1268.58,7.146441416095051,Medium,Debit Card,Debit,Shopping
Cafe Coffee Day UPI/Paytm/Cafe Coffee Day,482.11,6.180244370994232,Small,Upi,Debit,Food
Spotify Auto Debit Spotify,150.71,5.021970803760001,Small,Auto Debit,Debit,Subscription
Local Hardware Store POS Purchase Local Hardware Store,655.61,6.4870902349241035,Small,Credit Card,Debit,Miscellaneous
BookMyShow UPI Payment BookMyShow,324.97,5.786805352592313,Small,Upi,Debit,Entertainment
Credit Card Bill Payment Auto Debit Credit Card Bill Payment,8644.67,9.064813896560231,Large,Auto Debit,Debit,Bills
Ace Hardware India POS Purchase Ace Hardware India,559.09,6.328097485101752,Small,Debit Card,Debit,Miscellaneous
Indian Oil POS Purchase Indian Oil,322.61,5.779539087055447,Small,Debit Card,Debit,Fuel
BEST UPI Collect BEST,5223.03,8.561024413665658,Large,Upi,Debit,Bills
Netflix UPI/Paytm/Netflix,328.02,5.796118539191275,Small,Upi,Debit,Entertainment
Ace Hardware India POS Purchase Ace Hardware India,503.41,6.223389429429531,Small,Debit Card,Debit,Miscellaneous
Barbeque Nation Debit Card POS Barbeque Nation,328.13,5.796452809497509,Small,Debit Card,Debit,Food
Credit Card Bill Payment Net Banking Payment Credit Card Bill Payment,5456.25,8.604700278854471,Large,Net Banking,Debit,Bills
Municipal Water Department Auto Debit Municipal Water Department,210.1,5.352331954854275,Small,Auto Debit,Debit,Bills
BookMyShow POS Purchase BookMyShow,150.71,5.021970803760001,Small,Credit Card,Debit,Entertainment
Ace Hardware India POS Purchase Ace Hardware India,477.61,6.170886069530959,Small,Credit Card,Debit,Miscellaneous
Reliance Fresh POS Purchase Reliance Fresh,1419.61,7.258841635818111,Medium,Debit Card,Debit,Groceries
Nature's Basket POS Purchase Nature's Basket,834.26,6.727743053628531,Medium,Debit Card,Debit,Groceries
Municipal Water Department UPI Payment Municipal Water Department,214.43,5.372636030790336,Small,Upi,Debit,Bills
Local Hardware Store POS Purchase Local Hardware Store,697.29,6.548634489256825,Medium,Debit Card,Debit,Miscellaneous
Indian Oil UPI Payment Indian Oil,3537.81,8.171545791421899,Large,Upi,Debit,Fuel
Jio Fiber UPI Collect Jio Fiber,1387.75,7.23615934095384,Medium,Upi,Debit,Bills
Credit Card Bill Payment Net Banking Payment Credit Card Bill Payment,5363.4,8.587539812836784,Large,Net Banking,Debit,Bills
BookMyShow UPI/DR/891645547923/BookMyShow,315.35,5.756849195592894,Small,Upi,Debit,Entertainment
Zepto Debit Card POS Zepto,767.31,6.644193297537941,Medium,Debit Card,Debit,Groceries
Credit Card Bill Payment Net Banking Payment Credit Card Bill Payment,8224.91,9.01504420781148,Large,Net Banking,Debit,Bills
Credit Card Bill Payment Net Banking Payment Credit Card Bill Payment,5584.9,8.62800084444728,Large,Net Banking,Debit,Bills
Credit Card Bill Payment Auto Debit Credit Card Bill Payment,5400.26,8.59438753866771,Large,Auto Debit,Debit,Bills
Local Hardware Store Debit Card POS Local Hardware Store,532.32,6.279121619247258,Small,Debit Card,Debit,Miscellaneous
Zomato UPI Payment Zomato,463.33,6.140595506335031,Small,Upi,Debit,Food
House Rent Payment IMPS Transfer House Rent Payment,44519.57,10.703706608542022,Large,Imps,Debit,Rent
Credit Card Bill Payment Auto Debit Credit Card Bill Payment,6081.22,8.713125039894848,Large,Auto Debit,Debit,Bills
Ace Hardware India POS Purchase Ace Hardware India,559.98,6.329685254263312,Small,Debit Card,Debit,Miscellaneous
Ace Hardware India POS Purchase Ace Hardware India,481.96,6.17993383448817,Small,Credit Card,Debit,Miscellaneous
Cafe Coffee Day UPI Collect Cafe Coffee Day,314.07,5.752794836360154,Small,Upi,Debit,Food
DMart POS Purchase DMart,2068.94,7.635274900332081,Medium,Credit Card,Debit,Groceries
Employer Salary Credit NEFT Salary Credit,43093.36,10.671147409060445,Large,Neft,Credit,Salary
BEST Electricity Bill BEST,5196.62,8.555956107488731,Large,Auto Debit,Debit,Bills
Airtel Auto Debit Airtel,1317.46,7.18421966782841,Medium,Auto Debit,Debit,Bills
DMart UPI/DR/218919757455/DMart,449.87,6.111179049614113,Small,Upi,Debit,Groceries
Swiggy UPI/DR/361595245111/Swiggy,296.67,5.695985490353976,Small,Upi,Debit,Food
Indian Oil Debit Card POS Indian Oil,342.99,5.840612587183423,Small,Debit Card,Debit,Fuel
Jio Auto Debit Jio,618.89,6.4295420429436225,Small,Auto Debit,Debit,Bills
Cafe Coffee Day UPI/DR/701452141581/Cafe Coffee Day,312.95,5.749233737560118,Small,Upi,Debit,Food
Local Hardware Store UPI/Paytm/Local Hardware Store,647.81,6.475139915752707,Small,Upi,Debit,Miscellaneous
Cafe Coffee Day UPI Payment Cafe Coffee Day,230.39,5.444104598614017,Small,Upi,Debit,Food
Adani Electricity UPI Payment Adani Electricity,5418.16,8.597696100872994,Large,Upi,Debit,Bills
Zomato UPI Payment Zomato,622.16,6.434803307644228,Small,Upi,Debit,Food
Nature's Basket UPI/Paytm/Nature's Basket,1500.01,7.313893493836453,Medium,Upi,Debit,Groceries
Local Hardware Store Debit Card POS Local Hardware Store,699.36,6.551594488558116,Medium,Debit Card,Debit,Miscellaneous
BookMyShow POS Purchase BookMyShow,160.98,5.087472870820844,Small,Credit Card,Debit,Entertainment
Credit Card Bill Payment Auto Debit Credit Card Bill Payment,3056.79,8.025447711796096,Large,Auto Debit,Debit,Bills
HPCL Debit Card POS HPCL,3534.48,8.170604354119796,Large,Debit Card,Debit,Fuel
Credit Card Bill Payment Auto Debit Credit Card Bill Payment,8465.93,9.043923266217055,Large,Auto Debit,Debit,Bills
Meesho UPI/Paytm/Meesho,567.33,6.342702235929669,Small,Upi,Debit,Shopping
Flipkart UPI/DR/919332820056/Flipkart,1385.11,7.234256541679972,Medium,Upi,Debit,Shopping
Meesho Debit Card POS Meesho,579.48,6.363855347486717,Small,Debit Card,Debit,Shopping
Local Hardware Store POS Purchase Local Hardware Store,517.96,6.2518268089048,Small,Credit Card,Debit,Miscellaneous
Spotify Auto Debit Spotify,158.9,5.074548619839908,Small,Auto Debit,Debit,Subscription
Domino's India POS Purchase Domino's India,213.36,5.36765684462665,Small,Credit Card,Debit,Food
Credit Card Bill Payment Auto Debit Credit Card Bill Payment,6033.8,8.705297992965919,Large,Auto Debit,Debit,Bills
Blinkit UPI/DR/028552920456/Blinkit,442.31,6.094269299583652,Small,Upi,Debit,Groceries
Credit Card Bill Payment Auto Debit Credit Card Bill Payment,5608.83,8.632275695027293,Large,Auto Debit,Debit,Bills
DMart UPI Collect DMart,2061.38,7.631615934698027,Medium,Upi,Debit,Groceries
Local Hardware Store POS Purchase Local Hardware Store,529.11,6.273084532181045,Small,Debit Card,Debit,Miscellaneous
Credit Card Bill Payment Auto Debit Credit Card Bill Payment,5757.15,8.65837152154486,Large,Auto Debit,Debit,Bills
Indian Oil ATM Cash Withdrawal,349.09,5.858190264285044,Small,Cash Withdrawal,Debit,Fuel
Blinkit UPI Payment Blinkit,489.32,6.1950582391774764,Small,Upi,Debit,Groceries
McDonald's India UPI Payment McDonald's India,578.25,6.3617341633124855,Small,Upi,Debit,Food
LIC Net Banking Payment LIC,8744.79,9.076327720708152,Large,Net Banking,Debit,Insurance
Barbeque Nation UPI Collect Barbeque Nation,449.3,6.109914027307526,Small,Upi,Debit,Food
HPCL UPI/Paytm/HPCL,3472.43,8.152897857346021,Large,Upi,Debit,Fuel
DMart POS Purchase DMart,1365.94,7.220329944026956,Medium,Debit Card,Debit,Groceries
McDonald's India UPI Payment McDonald's India,316.28,5.759784664771486,Small,Upi,Debit,Food
Credit Card Bill Payment Auto Debit Credit Card Bill Payment,5428.52,8.59960601123061,Large,Auto Debit,Debit,Bills
Adani Electricity UPI/Paytm/Adani Electricity,5164.19,8.549697166937168,Large,Upi,Debit,Bills
Municipal Water Department Auto Debit Municipal Water Department,221.81,5.4063193903493145,Small,Auto Debit,Debit,Bills
Nature's Basket Debit Card POS Nature's Basket,473.51,6.162282692643507,Small,Debit Card,Debit,Groceries
Home Depot India UPI Collect Home Depot India,513.3,6.24280675278087,Small,Upi,Debit,Miscellaneous
Credit Card Bill Payment Auto Debit Credit Card Bill Payment,8071.75,8.996249471493243,Large,Auto Debit,Debit,Bills
Credit Card Bill Payment Net Banking Payment Credit Card Bill Payment,8217.65,9.014161240985773,Large,Net Banking,Debit,Bills
Barbeque Nation Debit Card POS Barbeque Nation,291.12,5.677164676751909,Small,Debit Card,Debit,Food
Credit Card Bill Payment Net Banking Payment Credit Card Bill Payment,5678.44,8.644607915305436,Large,Net Banking,Debit,Bills
Domino's India Debit Card POS Domino's India,619.97,6.431282771587809,Small,Debit Card,Debit,Food
Reliance Fresh UPI Collect Reliance Fresh,448.52,6.108180346803943,Small,Upi,Debit,Groceries
BigBasket UPI Collect BigBasket,838.24,6.7324967203885,Medium,Upi,Debit,Groceries
Employer Salary Credit NEFT Salary Credit,43146.0,10.672368169181512,Large,Neft,Credit,Salary
House Rent Payment IMPS Transfer House Rent Payment,45242.49,10.71981407137485,Large,Imps,Debit,Rent
LIC Net Banking Payment LIC,8241.9,9.01710750273412,Large,Net Banking,Debit,Insurance
Nykaa Debit Card POS Nykaa,1407.73,7.250443868270067,Medium,Debit Card,Debit,Shopping
McDonald's India POS Purchase McDonald's India,414.3,6.029001150636708,Small,Debit Card,Debit,Food
Credit Card Bill Payment Net Banking Payment Credit Card Bill Payment,3005.93,8.00867490370194,Large,Net Banking,Debit,Bills
Credit Card Bill Payment Auto Debit Credit Card Bill Payment,3320.08,8.108045310216388,Large,Auto Debit,Debit,Bills
Credit Card Bill Payment Auto Debit Credit Card Bill Payment,8301.91,9.024361334747665,Large,Auto Debit,Debit,Bills
Reliance Fresh Debit Card POS Reliance Fresh,443.23,6.0963424463252265,Small,Debit Card,Debit,Groceries
Burger King UPI/DR/945550921128/Burger King,589.38,6.380766397373727,Small,Upi,Debit,Food
BSNL Auto Debit BSNL,617.81,6.427798278878613,Small,Auto Debit,Debit,Bills
Nature's Basket UPI Payment Nature's Basket,2120.77,7.660005924986579,Medium,Upi,Debit,Groceries
Reliance Fresh POS Purchase Reliance Fresh,477.39,6.170426299407918,Small,Debit Card,Debit,Groceries
Blinkit UPI/DR/336986397419/Blinkit,811.59,6.700226677300203,Medium,Upi,Debit,Groceries
BPCL POS Purchase BPCL,320.22,5.772126246634751,Small,Debit Card,Debit,Fuel
BPCL POS Purchase BPCL,316.82,5.76148518478449,Small,Debit Card,Debit,Fuel
Burger King Debit Card POS Burger King,608.36,6.412409226064533,Small,Debit Card,Debit,Food
Credit Card Bill Payment Net Banking Payment Credit Card Bill Payment,5579.52,8.6270372409976,Large,Net Banking,Debit,Bills
Zomato UPI Payment Zomato,318.78,5.767633259357274,Small,Upi,Debit,Food
Local Hardware Store UPI/Paytm/Local Hardware Store,512.5,6.241250029368613,Small,Upi,Debit,Miscellaneous
Naturals Salon Debit Card POS Naturals Salon,1434.99,7.2696097857956214,Medium,Debit Card,Debit,Miscellaneous
Ace Hardware India POS Purchase Ace Hardware India,509.27,6.23493999739411,Small,Credit Card,Debit,Miscellaneous
Faasos Debit Card POS Faasos,755.77,6.629059376359994,Medium,Debit Card,Debit,Food
HP Gas Auto Debit HP Gas,379.5,5.941486177301741,Small,Auto Debit,Debit,Bills
House Rent Payment IMPS Transfer House Rent Payment,42982.49,10.668571367458314,Large,Imps,Debit,Rent
McDonald's India UPI/Paytm/McDonald's India,318.64,5.767195362506262,Small,Upi,Debit,Food
Local Wine & Beer Shop Debit Card POS Local Wine & Beer Shop,1814.03,7.50385727548797,Medium,Debit Card,Debit,Food
Home Depot India UPI/DR/729706378209/Home Depot India,6894.47,8.838619953241452,Large,Upi,Debit,Miscellaneous
Jio UPI Collect Jio,1034.63,6.942765216171587,Medium,Upi,Debit,Bills
Local Hardware Store POS Purchase Local Hardware Store,507.2,6.230875070886063,Small,Debit Card,Debit,Miscellaneous
HPCL UPI Collect HPCL,2977.68,7.999235528346647,Large,Upi,Debit,Fuel
BigBasket POS Purchase BigBasket,1711.45,7.4456803726298455,Medium,Debit Card,Debit,Groceries
Faasos POS Purchase Faasos,153.63,5.041035166487339,Small,Credit Card,Debit,Food
Zepto POS Purchase Zepto,971.0,6.879355804460439,Medium,Credit Card,Debit,Groceries
Credit Card Bill Payment Net Banking Payment Credit Card Bill Payment,2569.92,7.852019090484607,Medium,Net Banking,Debit,Bills
Naturals Salon Debit Card POS Naturals Salon,1424.33,7.262158644839854,Medium,Debit Card,Debit,Miscellaneous
Netflix UPI Payment Netflix,157.74,5.0672676436627295,Small,Upi,Debit,Entertainment
Burger King UPI/DR/009444866512/Burger King,147.21,4.998630186968824,Small,Upi,Debit,Food
HPCL Debit Card POS HPCL,3939.03,8.27894361647619,Large,Debit Card,Debit,Fuel
Credit Card Bill Payment Net Banking Payment Credit Card Bill Payment,2543.0,7.841492924460013,Medium,Net Banking,Debit,Bills
Airtel Net Banking Payment Airtel,985.75,6.894416714542957,Medium,Net Banking,Debit,Bills
EatClub Debit Card POS EatClub,333.23,5.8118293787393345,Small,Debit Card,Debit,Food
Amazon Prime UPI/DR/494737269473/Amazon Prime,313.35,5.75050701482907,Small,Upi,Debit,Entertainment
Municipal Water Department Auto Debit Municipal Water Department,215.14,5.37592634587502,Small,Auto Debit,Debit,Bills
Airtel UPI/Paytm/Airtel,1267.07,7.1452513385207475,Medium,Upi,Debit,Bills
HDFC Ergo Net Banking Payment HDFC Ergo,8182.16,9.009833663067502,Large,Net Banking,Debit,Insurance
Nature's Basket POS Purchase Nature's Basket,983.31,6.891940888087774,Medium,Debit Card,Debit,Groceries
BPCL UPI/Paytm/BPCL,3169.63,8.061685585295859,Large,Upi,Debit,Fuel
Flipkart POS Purchase Flipkart,601.51,6.401104262737446,Small,Debit Card,Debit,Shopping
Nykaa POS Purchase Nykaa,3314.7,8.106424041716167,Large,Credit Card,Debit,Shopping
Nykaa POS Purchase Nykaa,3268.03,8.092248583800487,Large,Debit Card,Debit,Shopping
Domino's India UPI/DR/343085946209/Domino's India,158.56,5.0724200270372055,Small,Upi,Debit,Food
ICICI Lombard Auto Debit ICICI Lombard,8424.07,9.038967063791388,Large,Auto Debit,Debit,Insurance
Amazon Prime POS Purchase Amazon Prime,558.23,6.3265608375492635,Small,Debit Card,Debit,Entertainment
BookMyShow POS Purchase BookMyShow,584.59,6.3726198859985645,Small,Credit Card,Debit,Entertainment
Local Wine & Beer Shop Debit Card POS Local Wine & Beer Shop,1816.83,7.505398761014217,Medium,Debit Card,Debit,Food
Employer Salary Credit NEFT Salary Credit,47228.53,10.762774611538509,Large,Neft,Credit,Salary
Jio Fiber Auto Debit Jio Fiber,1353.35,7.211076913421598,Medium,Auto Debit,Debit,Bills
Amazon India POS Purchase Amazon India,389.21,5.966685055743759,Small,Credit Card,Debit,Shopping
HP Gas Auto Debit HP Gas,377.13,5.935238051838176,Small,Auto Debit,Debit,Bills
Spotify Auto Debit Spotify,166.69,5.122117036759018,Small,Auto Debit,Debit,Subscription
Indian Oil UPI Collect Indian Oil,3592.11,8.186773401729774,Large,Upi,Debit,Fuel
EatClub UPI/DR/189940247966/EatClub,300.24,5.707907289233151,Small,Upi,Debit,Food
BookMyShow POS Purchase BookMyShow,153.52,5.040323537798081,Small,Credit Card,Debit,Entertainment
DMart UPI Collect DMart,1785.69,7.488120025012954,Medium,Upi,Debit,Groceries
Credit Card Bill Payment Auto Debit Credit Card Bill Payment,4400.29,8.389652958755143,Large,Auto Debit,Debit,Bills
Burger King UPI/Paytm/Burger King,287.51,5.6647297473925,Small,Upi,Debit,Food
Lakme Salon ATM Cash Withdrawal,1372.12,7.22484080180316,Medium,Cash Withdrawal,Debit,Miscellaneous
Credit Card Bill Payment Auto Debit Credit Card Bill Payment,2273.11,7.72934404605172,Medium,Auto Debit,Debit,Bills
Meesho UPI/DR/695465914036/Meesho,381.48,5.946676364317848,Small,Upi,Debit,Shopping
Credit Card Bill Payment Auto Debit Credit Card Bill Payment,2800.57,7.937935253307493,Large,Auto Debit,Debit,Bills
Burger King UPI Payment Burger King,718.91,6.57912620419695,Medium,Upi,Debit,Food
Reliance Fresh POS Purchase Reliance Fresh,1834.44,7.515039513761907,Medium,Debit Card,Debit,Groceries
House Rent Payment IMPS Transfer House Rent Payment,47210.31,10.762388761513753,Large,Imps,Debit,Rent
Credit Card Bill Payment Auto Debit Credit Card Bill Payment,4698.91,8.455298638578636,Large,Auto Debit,Debit,Bills
DMart POS Purchase DMart,1502.5,7.315551002428584,Medium,Credit Card,Debit,Groceries
Amazon India POS Purchase Amazon India,3613.74,8.192775209461363,Large,Debit Card,Debit,Shopping
Meesho UPI Payment Meesho,3530.74,8.169545946330272,Large,Upi,Debit,Shopping
Myntra POS Purchase Myntra,1054.45,6.961722495252079,Medium,Credit Card,Debit,Shopping
Nature's Basket POS Purchase Nature's Basket,984.51,6.893159273674728,Medium,Credit Card,Debit,Groceries
Meesho POS Purchase Meesho,3400.66,8.132018826750299,Large,Debit Card,Debit,Shopping
Amazon Prime UPI/DR/571654781232/Amazon Prime,301.09,5.710724986222776,Small,Upi,Debit,Entertainment
Home Depot India POS Purchase Home Depot India,7428.3,8.9131869206221,Large,Credit Card,Debit,Miscellaneous
Meesho Debit Card POS Meesho,582.48,6.369010175218013,Small,Debit Card,Debit,Shopping
Ajio POS Purchase Ajio,1486.13,7.304603366983187,Medium,Credit Card,Debit,Shopping
Credit Card Bill Payment Auto Debit Credit Card Bill Payment,2664.18,7.8880268765329555,Large,Auto Debit,Debit,Bills
House Rent Payment NEFT Rent Payment,45677.86,10.729390887801317,Large,Neft,Debit,Rent
Credit Card Bill Payment Net Banking Payment Credit Card Bill Payment,4800.68,8.47672113566027,Large,Net Banking,Debit,Bills
Credit Card Bill Payment Auto Debit Credit Card Bill Payment,2790.14,7.9342053935108225,Large,Auto Debit,Debit,Bills
BSNL Net Banking Payment BSNL,1407.58,7.250337383715551,Medium,Net Banking,Debit,Bills
Netflix POS Purchase Netflix,155.91,5.055672392570977,Small,Credit Card,Debit,Entertainment
McDonald's India UPI Collect McDonald's India,772.67,6.651145426084766,Medium,Upi,Debit,Food
Netflix Debit Card POS Netflix,457.69,6.128374600624261,Small,Debit Card,Debit,Entertainment
HPCL UPI/Paytm/HPCL,3822.93,8.249033968564415,Large,Upi,Debit,Fuel
EatClub UPI Payment EatClub,722.33,6.583865549560847,Medium,Upi,Debit,Food
Ace Hardware India POS Purchase Ace Hardware India,6964.98,8.848793579833682,Large,Credit Card,Debit,Miscellaneous
Credit Card Bill Payment Auto Debit Credit Card Bill Payment,4814.19,8.479530783474468,Large,Auto Debit,Debit,Bills
Local Barbershop ATM Cash Withdrawal,1450.9,7.280628322489642,Medium,Cash Withdrawal,Debit,Miscellaneous
Reliance Fresh UPI Payment Reliance Fresh,1030.24,6.938517240632178,Medium,Upi,Debit,Groceries
Municipal Water Department Auto Debit Municipal Water Department,216.09,5.380312014100664,Small,Auto Debit,Debit,Bills
DMart UPI/Paytm/DMart,1196.88,7.0883086067134435,Medium,Upi,Debit,Groceries
Flipkart UPI/Paytm/Flipkart,1605.07,7.381545480107277,Medium,Upi,Debit,Shopping
Employer Salary Credit NEFT Salary Credit,42733.93,10.662771897597139,Large,Neft,Credit,Salary
Airtel UPI Collect Airtel,971.65,6.880024305243826,Medium,Upi,Debit,Bills
Amazon Prime UPI Collect Amazon Prime,561.13,6.331733139870081,Small,Upi,Debit,Entertainment
Local Hardware Store POS Purchase Local Hardware Store,6908.66,8.840675711499058,Large,Debit Card,Debit,Miscellaneous
Spotify Auto Debit Spotify,155.83,5.0551624161463335,Small,Auto Debit,Debit,Subscription
The Beer Cafe Debit Card POS The Beer Cafe,1707.52,7.443382777661837,Medium,Debit Card,Debit,Food
BEST UPI Collect BEST,4981.77,8.513741240282567,Large,Upi,Debit,Bills
Credit Card Bill Payment Net Banking Payment Credit Card Bill Payment,2648.74,7.882216800959305,Medium,Net Banking,Debit,Bills
BigBasket UPI Collect BigBasket,1219.07,7.106663513130482,Medium,Upi,Debit,Groceries
Nature's Basket UPI/Paytm/Nature's Basket,2223.97,7.707498711363375,Medium,Upi,Debit,Groceries
Spotify Auto Debit Spotify,150.19,5.01853732399211,Small,Auto Debit,Debit,Subscription
BookMyShow POS Purchase BookMyShow,491.08,6.198641304900113,Small,Debit Card,Debit,Entertainment
Nature's Basket UPI/DR/527365330183/Nature's Basket,1058.69,6.965731691503255,Medium,Upi,Debit,Groceries
Swiggy POS Purchase Swiggy,333.49,5.81260698375519,Small,Credit Card,Debit,Food
Credit Card Bill Payment Net Banking Payment Credit Card Bill Payment,4559.95,8.425286214143389,Large,Net Banking,Debit,Bills
BookMyShow UPI/DR/663960473603/BookMyShow,492.03,6.200570024118265,Small,Upi,Debit,Entertainment
Burger King UPI Collect Burger King,274.02,5.616843822294799,Small,Upi,Debit,Food
BEST Electricity Bill BEST,5177.4,8.552251407231301,Large,Auto Debit,Debit,Bills
HDFC Ergo Auto Debit HDFC Ergo,8179.32,9.009486548636033,Large,Auto Debit,Debit,Insurance
Credit Card Bill Payment Auto Debit Credit Card Bill Payment,4755.63,8.467294713293734,Large,Auto Debit,Debit,Bills
Indane Gas Auto Debit Indane Gas,396.59,5.985421323560697,Small,Auto Debit,Debit,Bills
Bharat Gas UPI/DR/833360923609/Bharat Gas,383.12,5.950955003769772,Small,Upi,Debit,Bills
Nykaa POS Purchase Nykaa,3526.48,8.168339013973121,Large,Debit Card,Debit,Shopping
Reliance Fresh Debit Card POS Reliance Fresh,1631.56,7.39790461392083,Medium,Debit Card,Debit,Groceries
Bajaj Allianz Net Banking Payment Bajaj Allianz,8261.33,9.019461909061741,Large,Net Banking,Debit,Insurance
Municipal Water Department Auto Debit Municipal Water Department,224.81,5.41969393771455,Small,Auto Debit,Debit,Bills
Faasos UPI Collect Faasos,189.4,5.249127122357265,Small,Upi,Debit,Food
Reliance Fresh POS Purchase Reliance Fresh,484.11,6.184375669345028,Small,Credit Card,Debit,Groceries
Municipal Water Department UPI Collect Municipal Water Department,203.93,5.322668457411868,Small,Upi,Debit,Bills
Credit Card Bill Payment Auto Debit Credit Card Bill Payment,2731.75,7.9130637071739445,Large,Auto Debit,Debit,Bills
Starbucks India POS Purchase Starbucks India,145.62,4.98784420579544,Small,Credit Card,Debit,Food
Credit Card Bill Payment Net Banking Payment Credit Card Bill Payment,2296.35,7.739511563741555,Medium,Net Banking,Debit,Bills
BSNL Auto Debit BSNL,632.04,6.450533611300938,Small,Auto Debit,Debit,Bills
Credit Card Bill Payment Auto Debit Credit Card Bill Payment,2624.81,7.873144698855923,Medium,Auto Debit,Debit,Bills
Faasos POS Purchase Faasos,304.71,5.722636940170732,Small,Debit Card,Debit,Food
Zomato UPI/DR/813857814063/Zomato,667.72,6.505365437390901,Medium,Upi,Debit,Food
Bharat Gas Auto Debit Bharat Gas,423.41,6.050699969138953,Small,Auto Debit,Debit,Bills
Burger King POS Purchase Burger King,666.41,6.503404549723152,Medium,Debit Card,Debit,Food
Nature's Basket UPI Payment Nature's Basket,647.43,6.474554056527167,Small,Upi,Debit,Groceries
Starbucks India UPI Collect Starbucks India,165.53,5.115175473370179,Small,Upi,Debit,Food
Burger King UPI/DR/333681952684/Burger King,238.84,5.4799720343542875,Small,Upi,Debit,Food
BigBasket POS Purchase BigBasket,820.45,6.711071071352346,Medium,Credit Card,Debit,Groceries
BPCL UPI/Paytm/BPCL,3749.88,8.229745758101208,Large,Upi,Debit,Fuel
Tata Power Electricity Bill Tata Power,5337.38,8.582677515141498,Large,Auto Debit,Debit,Bills
Nature's Basket UPI/Paytm/Nature's Basket,618.41,6.428767412064897,Small,Upi,Debit,Groceries
Credit Card Bill Payment Net Banking Payment Credit Card Bill Payment,2327.76,7.7530912160558,Medium,Net Banking,Debit,Bills
Nykaa UPI Collect Nykaa,560.76,6.331074712420122,Small,Upi,Debit,Shopping
Blinkit UPI Collect Blinkit,563.39,6.335745501891148,Small,Upi,Debit,Groceries
Indian Oil Debit Card POS Indian Oil,3577.34,8.182654284707779,Large,Debit Card,Debit,Fuel
Blinkit POS Purchase Blinkit,585.83,6.374735169706378,Small,Debit Card,Debit,Groceries
Employer Salary Credit NEFT Salary Credit,44660.86,10.70687517253406,Large,Neft,Credit,Salary
Credit Card Bill Payment Auto Debit Credit Card Bill Payment,2388.37,7.778785011851051,Medium,Auto Debit,Debit,Bills
Credit Card Bill Payment Net Banking Payment Credit Card Bill Payment,6584.9,8.792686279097987,Large,Net Banking,Debit,Bills
Nature's Basket UPI Collect Nature's Basket,543.81,6.30043711002661,Small,Upi,Debit,Groceries
DMart Debit Card POS DMart,1368.55,7.222237497711735,Medium,Debit Card,Debit,Groceries
Starbucks India UPI Collect Starbucks India,162.56,5.097179895496441,Small,Upi,Debit,Food
Domino's India UPI Payment Domino's India,236.06,5.468313273651354,Small,Upi,Debit,Food
Zepto UPI/Paytm/Zepto,528.34,6.2716309475181005,Small,Upi,Debit,Groceries
Amazon Prime POS Purchase Amazon Prime,320.11,5.77178374355666,Small,Debit Card,Debit,Entertainment
Swiggy UPI Payment Swiggy,625.58,6.440276459719512,Small,Upi,Debit,Food
BigBasket Debit Card POS BigBasket,546.94,6.306165791902557,Small,Debit Card,Debit,Groceries
House Rent Payment IMPS Transfer House Rent Payment,43665.4,10.684334206626303,Large,Imps,Debit,Rent
Credit Card Bill Payment Net Banking Payment Credit Card Bill Payment,2595.99,7.8621083610584925,Medium,Net Banking,Debit,Bills
Meesho UPI Payment Meesho,2352.16,7.763514384715625,Medium,Upi,Debit,Shopping
Reliance Fresh POS Purchase Reliance Fresh,461.07,6.135716394755993,Small,Debit Card,Debit,Groceries
Zomato POS Purchase Zomato,198.84,5.297517046377267,Small,Credit Card,Debit,Food
McDonald's India Debit Card POS McDonald's India,244.99,5.505290884699608,Small,Debit Card,Debit,Food
BSNL Auto Debit BSNL,1406.8,7.249783481174031,Medium,Auto Debit,Debit,Bills
McDonald's India UPI Collect McDonald's India,306.28,5.7277593840376495,Small,Upi,Debit,Food
Reliance Fresh Debit Card POS Reliance Fresh,537.21,6.288248818573554,Small,Debit Card,Debit,Groceries
Credit Card Bill Payment Net Banking Payment Credit Card Bill Payment,1474.8,7.2969554946242665,Medium,Net Banking,Debit,Bills
Airtel UPI/Paytm/Airtel,1366.51,7.220746846883658,Medium,Upi,Debit,Bills
Credit Card Bill Payment Net Banking Payment Credit Card Bill Payment,3868.48,8.26087541007072,Large,Net Banking,Debit,Bills
Indian Oil Debit Card POS Indian Oil,3607.41,8.191022511090027,Large,Debit Card,Debit,Fuel
Credit Card Bill Payment Net Banking Payment Credit Card Bill Payment,1474.52,7.29676574901834,Medium,Net Banking,Debit,Bills
Credit Card Bill Payment Auto Debit Credit Card Bill Payment,2565.26,7.850204865062034,Medium,Auto Debit,Debit,Bills
Faasos POS Purchase Faasos,221.27,5.4038928590966755,Small,Credit Card,Debit,Food
BigBasket UPI/DR/259679860607/BigBasket,516.71,6.249415239927598,Small,Upi,Debit,Groceries
DMart Debit Card POS DMart,533.71,6.281724543855734,Small,Debit Card,Debit,Groceries
Municipal Water Department Auto Debit Municipal Water Department,210.18,5.352710850378369,Small,Auto Debit,Debit,Bills
Netflix POS Purchase Netflix,303.76,5.719524581604809,Small,Debit Card,Debit,Entertainment
Credit Card Bill Payment Auto Debit Credit Card Bill Payment,6462.93,8.773992770934374,Large,Auto Debit,Debit,Bills
Spotify Auto Debit Spotify,166.32,5.119908146573998,Small,Auto Debit,Debit,Subscription
Lakme Salon POS Purchase Lakme Salon,1587.97,7.370841286559875,Medium,Debit Card,Debit,Miscellaneous
Municipal Water Department UPI/DR/911478777325/Municipal Water Department,223.52,5.413964790073998,Small,Upi,Debit,Bills
Ajio POS Purchase Ajio,2344.12,7.760091852278991,Medium,Credit Card,Debit,Shopping
Blinkit Debit Card POS Blinkit,534.44,6.283088838792387,Small,Debit Card,Debit,Groceries
Third Wave Coffee UPI Collect Third Wave Coffee,162.9,5.099256485749784,Small,Upi,Debit,Food
Municipal Water Department UPI Collect Municipal Water Department,213.46,5.368123240791999,Small,Upi,Debit,Bills
Cafe Coffee Day UPI/Paytm/Cafe Coffee Day,162.54,5.097057608733831,Small,Upi,Debit,Food
DMart POS Purchase DMart,1338.18,7.199812765334565,Medium,Credit Card,Debit,Groceries
Spotify Auto Debit Spotify,166.4,5.120386158055375,Small,Auto Debit,Debit,Subscription
Credit Card Bill Payment Auto Debit Credit Card Bill Payment,6470.5,8.775163199882494,Large,Auto Debit,Debit,Bills
Bajaj Allianz Auto Debit Bajaj Allianz,8911.0,9.095153962167066,Large,Auto Debit,Debit,Insurance
Airtel Auto Debit Airtel,614.82,6.422954713040297,Small,Auto Debit,Debit,Bills
Blinkit Debit Card POS Blinkit,824.96,6.716546346198273,Medium,Debit Card,Debit,Groceries
Credit Card Bill Payment Net Banking Payment Credit Card Bill Payment,3994.65,8.29296154834484,Large,Net Banking,Debit,Bills
BSNL Auto Debit BSNL,1315.74,7.182914263878613,Medium,Auto Debit,Debit,Bills
LIC Net Banking Payment LIC,8595.67,9.059130197954394,Large,Net Banking,Debit,Insurance
Reliance Fresh UPI Payment Reliance Fresh,647.02,6.473921560073516,Small,Upi,Debit,Groceries
Third Wave Coffee POS Purchase Third Wave Coffee,149.36,5.013032418695977,Small,Credit Card,Debit,Food
Blinkit UPI/DR/708019950256/Blinkit,515.3,6.2466879918856035,Small,Upi,Debit,Groceries
Employer Salary Credit NEFT Salary Credit,47610.41,10.770827717377,Large,Neft,Credit,Salary
BigBasket UPI/Paytm/BigBasket,568.49,6.34474122347056,Small,Upi,Debit,Groceries
DMart Debit Card POS DMart,1307.9,7.176942368797674,Medium,Debit Card,Debit,Groceries
House Rent Payment IMPS Transfer House Rent Payment,42719.73,10.66243956150306,Large,Imps,Debit,Rent
Ajio POS Purchase Ajio,2258.21,7.722770473634736,Medium,Credit Card,Debit,Shopping
Credit Card Bill Payment Auto Debit Credit Card Bill Payment,1449.92,7.279953116974156,Medium,Auto Debit,Debit,Bills
Credit Card Bill Payment Auto Debit Credit Card Bill Payment,2447.57,7.803259459665716,Medium,Auto Debit,Debit,Bills
Spotify Auto Debit Spotify,162.49,5.0967518263873215,Small,Auto Debit,Debit,Subscription
House Rent Payment NEFT Rent Payment,43616.28,10.683208681094257,Large,Neft,Debit,Rent
Credit Card Bill Payment Auto Debit Credit Card Bill Payment,1446.77,7.277779720550282,Medium,Auto Debit,Debit,Bills
McDonald's India POS Purchase McDonald's India,308.19,5.733955974663749,Small,Debit Card,Debit,Food
BPCL UPI Payment BPCL,3596.67,8.18804169268326,Large,Upi,Debit,Fuel
Cafe Coffee Day POS Purchase Cafe Coffee Day,154.33,5.045551885999816,Small,Credit Card,Debit,Food
Credit Card Bill Payment Net Banking Payment Credit Card Bill Payment,1541.45,7.341127340343309,Medium,Net Banking,Debit,Bills
DMart POS Purchase DMart,681.03,6.525073645145802,Medium,Debit Card,Debit,Groceries
Local Barbershop UPI/Paytm/Local Barbershop,1501.24,7.314712606510238,Medium,Upi,Debit,Miscellaneous
Nature's Basket UPI Collect Nature's Basket,516.16,6.248352304386352,Small,Upi,Debit,Groceries
Nature's Basket UPI/DR/304234972453/Nature's Basket,397.38,5.987406323647128,Small,Upi,Debit,Groceries
Jio Auto Debit Jio,638.69,6.460983684006252,Small,Auto Debit,Debit,Bills
Naturals Salon UPI/DR/473365362241/Naturals Salon,1577.39,7.364160619158686,Medium,Upi,Debit,Miscellaneous
Credit Card Bill Payment Net Banking Payment Credit Card Bill Payment,2701.22,7.901828936375125,Large,Net Banking,Debit,Bills
Third Wave Coffee UPI/DR/066589642953/Third Wave Coffee,146.91,4.996603980683279,Small,Upi,Debit,Food
Credit Card Bill Payment Auto Debit Credit Card Bill Payment,1546.73,7.344544620332328,Medium,Auto Debit,Debit,Bills
Blinkit POS Purchase Blinkit,464.83,6.14382076070048,Small,Debit Card,Debit,Groceries
Amazon Prime UPI/DR/630735497054/Amazon Prime,326.09,5.7902353623864,Small,Upi,Debit,Entertainment
Reliance Fresh POS Purchase Reliance Fresh,658.16,6.4909662971425295,Small,Credit Card,Debit,Groceries
Municipal Water Department Auto Debit Municipal Water Department,217.41,5.386374030368319,Small,Auto Debit,Debit,Bills
Credit Card Bill Payment Auto Debit Credit Card Bill Payment,1480.35,7.30070911315323,Medium,Auto Debit,Debit,Bills
Indian Oil UPI/DR/064805499622/Indian Oil,3904.33,8.270097565745521,Large,Upi,Debit,Fuel
Domino's India UPI/DR/237646304063/Domino's India,295.94,5.693530098191849,Small,Upi,Debit,Food
Credit Card Bill Payment Auto Debit Credit Card Bill Payment,3750.81,8.229993669185037,Large,Auto Debit,Debit,Bills
Credit Card Bill Payment Auto Debit Credit Card Bill Payment,3576.46,8.182408330375786,Large,Auto Debit,Debit,Bills
Myntra UPI/DR/700980242296/Myntra,2362.12,7.767738058800589,Medium,Upi,Debit,Shopping
Credit Card Bill Payment Net Banking Payment Credit Card Bill Payment,2420.11,7.791981391676228,Medium,Net Banking,Debit,Bills
BigBasket UPI/DR/948231585398/BigBasket,1247.24,7.129489838132927,Medium,Upi,Debit,Groceries
HPCL UPI Payment HPCL,3336.12,8.112863438548326,Large,Upi,Debit,Fuel
Credit Card Bill Payment Auto Debit Credit Card Bill Payment,1254.23,7.135074101706823,Medium,Auto Debit,Debit,Bills
Naturals Salon ATM Cash Withdrawal,1520.48,7.3274388243278565,Medium,Cash Withdrawal,Debit,Miscellaneous
Flipkart POS Purchase Flipkart,6021.86,8.703317508543119,Large,Credit Card,Debit,Shopping
Credit Card Bill Payment Net Banking Payment Credit Card Bill Payment,2280.48,7.732579634166422,Medium,Net Banking,Debit,Bills
Zepto POS Purchase Zepto,1299.0,7.170119543449628,Medium,Credit Card,Debit,Groceries
Nature's Basket Debit Card POS Nature's Basket,1254.27,7.135105967868944,Medium,Debit Card,Debit,Groceries
Meesho POS Purchase Meesho,577.47,6.36038668703494,Small,Credit Card,Debit,Shopping
Credit Card Bill Payment Auto Debit Credit Card Bill Payment,1367.71,7.221623969393497,Medium,Auto Debit,Debit,Bills
Spotify Auto Debit Spotify,162.6,5.097424424168647,Small,Auto Debit,Debit,Subscription
Credit Card Bill Payment Net Banking Payment Credit Card Bill Payment,2388.61,7.778885451693947,Medium,Net Banking,Debit,Bills
HPCL UPI Collect HPCL,3354.94,8.118487189000577,Large,Upi,Debit,Fuel
Credit Card Bill Payment Auto Debit Credit Card Bill Payment,1295.05,7.167076456414935,Medium,Auto Debit,Debit,Bills
BookMyShow POS Purchase BookMyShow,149.13,5.011501585424214,Small,Credit Card,Debit,Entertainment
Credit Card Bill Payment Net Banking Payment Credit Card Bill Payment,1325.37,7.190201166513668,Medium,Net Banking,Debit,Bills
Employer Salary Credit NEFT Salary Credit,43599.35,10.68282045682784,Large,Neft,Credit,Salary
Bajaj Allianz Net Banking Payment Bajaj Allianz,8748.91,9.076798693584475,Large,Net Banking,Debit,Insurance
HPCL POS Purchase HPCL,3291.7,8.099463175888001,Large,Debit Card,Debit,Fuel
Cafe Coffee Day POS Purchase Cafe Coffee Day,446.92,6.1046146450406376,Small,Debit Card,Debit,Food
Credit Card Bill Payment Net Banking Payment Credit Card Bill Payment,2337.48,7.757256424638455,Medium,Net Banking,Debit,Bills
Bharat Gas Auto Debit Bharat Gas,395.8,5.983432375410718,Small,Auto Debit,Debit,Bills
Myntra POS Purchase Myntra,577.49,6.360421260399623,Small,Credit Card,Debit,Shopping
Burger King Debit Card POS Burger King,434.5,6.0764947962925575,Small,Debit Card,Debit,Food
Credit Card Bill Payment Auto Debit Credit Card Bill Payment,2523.03,7.8336121094858715,Medium,Auto Debit,Debit,Bills
HPCL UPI Payment HPCL,3201.0,8.07153089355666,Large,Upi,Debit,Fuel
Indane Gas Auto Debit Indane Gas,382.12,5.948348256034354,Small,Auto Debit,Debit,Bills
Credit Card Bill Payment Auto Debit Credit Card Bill Payment,2585.38,7.8580144936253715,Medium,Auto Debit,Debit,Bills
Faasos POS Purchase Faasos,426.95,6.059006366327619,Small,Credit Card,Debit,Food
Amazon Prime POS Purchase Amazon Prime,316.11,5.759248716840184,Small,Credit Card,Debit,Entertainment
Municipal Water Department UPI/DR/020876231693/Municipal Water Department,221.04,5.40285754582196,Small,Upi,Debit,Bills
Local Wine & Beer Shop UPI/DR/111340362650/Local Wine & Beer Shop,1668.35,7.420189608087544,Medium,Upi,Debit,Food
HPCL UPI/Paytm/HPCL,3285.43,8.097557148222272,Large,Upi,Debit,Fuel
Burger King Debit Card POS Burger King,217.72,5.38779237297564,Small,Debit Card,Debit,Food
Social UPI/Paytm/Social,526.31,6.267788610892916,Small,Upi,Debit,Food
Airtel UPI/DR/171302399139/Airtel,1267.1,7.145274996240854,Medium,Upi,Debit,Bills
Credit Card Bill Payment Net Banking Payment Credit Card Bill Payment,2304.24,7.742940071485538,Medium,Net Banking,Debit,Bills
Toit Brewpub POS Purchase Toit Brewpub,484.79,6.18577643175349,Small,Credit Card,Debit,Food
Amazon Prime POS Purchase Amazon Prime,706.29,6.561440765669695,Medium,Debit Card,Debit,Entertainment
HPCL UPI Payment HPCL,3198.51,8.070752952062989,Large,Upi,Debit,Fuel
House Rent Payment NEFT Rent Payment,42894.11,10.666513112405223,Large,Neft,Debit,Rent
Jio Fiber Auto Debit Jio Fiber,1350.83,7.209214509052047,Medium,Auto Debit,Debit,Bills
Credit Card Bill Payment Auto Debit Credit Card Bill Payment,1276.08,7.152331500898813,Medium,Auto Debit,Debit,Bills
Nykaa UPI/Paytm/Nykaa,5852.59,8.674810427217944,Large,Upi,Debit,Shopping
Municipal Water Department Auto Debit Municipal Water Department,215.41,5.377174756625531,Small,Auto Debit,Debit,Bills
House Rent Payment NEFT Rent Payment,42974.07,10.668375459103709,Large,Neft,Debit,Rent
Credit Card Bill Payment Auto Debit Credit Card Bill Payment,1314.96,7.182321716286543,Medium,Auto Debit,Debit,Bills
Municipal Water Department UPI/Paytm/Municipal Water Department,202.25,5.31443674842792,Small,Upi,Debit,Bills
Blinkit POS Purchase Blinkit,526.15,6.267485138022959,Small,Credit Card,Debit,Groceries
Credit Card Bill Payment Net Banking Payment Credit Card Bill Payment,1336.39,7.198475232397367,Medium,Net Banking,Debit,Bills
Tata Power UPI Payment Tata Power,5134.2,8.543874069997567,Large,Upi,Debit,Bills
Zepto UPI Collect Zepto,481.99,6.179995949504496,Small,Upi,Debit,Groceries
Faasos UPI/DR/168707319671/Faasos,177.37,5.183860044570212,Small,Upi,Debit,Food
BSNL Auto Debit BSNL,632.02,6.450502017221666,Small,Auto Debit,Debit,Bills
Amazon Prime POS Purchase Amazon Prime,318.31,5.766162417739561,Small,Credit Card,Debit,Entertainment
Spotify Auto Debit Spotify,150.52,5.020717629437768,Small,Auto Debit,Debit,Subscription
Burger King UPI/Paytm/Burger King,330.62,5.803989735073227,Small,Upi,Debit,Food
DMart UPI Payment DMart,530.69,6.276060612735158,Small,Upi,Debit,Groceries
Employer Salary Credit NEFT Salary Credit,47291.68,10.764110805632908,Large,Neft,Credit,Salary
ICICI Lombard Net Banking Payment ICICI Lombard,8406.07,9.036828297495303,Large,Net Banking,Debit,Insurance
Airtel Net Banking Payment Airtel,640.68,6.464089737058669,Small,Net Banking,Debit,Bills
Credit Card Bill Payment Auto Debit Credit Card Bill Payment,1644.51,7.405805645545117,Medium,Auto Debit,Debit,Bills
Credit Card Bill Payment Auto Debit Credit Card Bill Payment,1478.69,7.299587885359005,Medium,Auto Debit,Debit,Bills
Faasos UPI/DR/955054429952/Faasos,359.66,5.887935686279126,Small,Upi,Debit,Food
BigBasket POS Purchase BigBasket,1004.08,6.912822419315155,Medium,Debit Card,Debit,Groceries
Spotify Auto Debit Spotify,160.79,5.086299198017246,Small,Auto Debit,Debit,Subscription
DMart UPI Payment DMart,490.12,6.196688497119241,Small,Upi,Debit,Groceries
Indane Gas UPI/DR/841117499748/Indane Gas,412.84,6.025479425695259,Small,Upi,Debit,Bills
Netflix POS Purchase Netflix,713.08,6.57099500088096,Medium,Credit Card,Debit,Entertainment
Credit Card Bill Payment Net Banking Payment Credit Card Bill Payment,1554.91,7.349815862448537,Medium,Net Banking,Debit,Bills
Swiggy UPI Collect Swiggy,346.75,5.851483830803552,Small,Upi,Debit,Food
Bajaj Allianz Net Banking Payment Bajaj Allianz,8830.08,9.086032596424486,Large,Net Banking,Debit,Insurance
Credit Card Bill Payment Net Banking Payment Credit Card Bill Payment,1661.33,7.415975511662447,Medium,Net Banking,Debit,Bills
Domino's India POS Purchase Domino's India,211.12,5.357152152268929,Small,Credit Card,Debit,Food
BEST Electricity Bill BEST,5111.45,8.539434020352132,Large,Auto Debit,Debit,Bills
Jio UPI Collect Jio,614.23,6.421996181631867,Small,Upi,Debit,Bills
Reliance Fresh UPI Payment Reliance Fresh,465.69,6.145665225685282,Small,Upi,Debit,Groceries
Local Wine & Beer Shop UPI/DR/223572477952/Local Wine & Beer Shop,1698.31,7.437977565298829,Medium,Upi,Debit,Food
House Rent Payment NEFT Rent Payment,43485.0,10.680194326195004,Large,Neft,Debit,Rent
HPCL POS Purchase HPCL,3027.32,8.015763289290609,Large,Debit Card,Debit,Fuel
Netflix UPI/Paytm/Netflix,319.96,5.771316504773571,Small,Upi,Debit,Entertainment
The Beer Cafe UPI Collect The Beer Cafe,1804.91,7.498819898848138,Medium,Upi,Debit,Food
Indian Oil UPI Collect Indian Oil,3270.59,8.09303138424776,Large,Upi,Debit,Fuel
Credit Card Bill Payment Net Banking Payment Credit Card Bill Payment,1281.97,7.156932981645452,Medium,Net Banking,Debit,Bills
BPCL POS Purchase BPCL,3373.49,8.123999480777085,Large,Debit Card,Debit,Fuel
Zomato POS Purchase Zomato,415.08,6.030877549464817,Small,Debit Card,Debit,Food
Burger King UPI/DR/078782558598/Burger King,169.77,5.140317621899148,Small,Upi,Debit,Food
EatClub UPI Collect EatClub,419.26,6.040873567365525,Small,Upi,Debit,Food
Indian Oil UPI Collect Indian Oil,3062.25,8.027231722829557,Large,Upi,Debit,Fuel
Credit Card Bill Payment Net Banking Payment Credit Card Bill Payment,1368.44,7.222157176133299,Medium,Net Banking,Debit,Bills
Local Barbershop UPI Payment Local Barbershop,1566.84,7.357454154887508,Medium,Upi,Debit,Miscellaneous
Airtel UPI Collect Airtel,1340.07,7.201223081770172,Medium,Upi,Debit,Bills
DMart UPI/Paytm/DMart,995.31,6.904058454137847,Medium,Upi,Debit,Groceries
Ajio POS Purchase Ajio,5641.04,8.63800098122132,Large,Debit Card,Debit,Shopping
Local Barbershop UPI Payment Local Barbershop,1527.2,7.331845851213466,Medium,Upi,Debit,Miscellaneous
BookMyShow POS Purchase BookMyShow,311.18,5.743579944530267,Small,Debit Card,Debit,Entertainment
Netflix UPI Collect Netflix,665.54,6.5021001528216855,Medium,Upi,Debit,Entertainment
Burger King UPI/DR/027613112399/Burger King,163.72,5.104247062719534,Small,Upi,Debit,Food
Credit Card Bill Payment Auto Debit Credit Card Bill Payment,1189.92,7.082481396654261,Medium,Auto Debit,Debit,Bills
Blinkit UPI Collect Blinkit,478.22,6.172159782157353,Small,Upi,Debit,Groceries
Zomato UPI/Paytm/Zomato,449.09,6.1094475627670315,Small,Upi,Debit,Food
Credit Card Bill Payment Net Banking Payment Credit Card Bill Payment,2662.02,7.887216096112429,Large,Net Banking,Debit,Bills
BigBasket UPI/Paytm/BigBasket,614.88,6.423052139361718,Small,Upi,Debit,Groceries
Employer Salary Credit NEFT Salary Credit,44682.35,10.707356227991077,Large,Neft,Credit,Salary
Adani Electricity Electricity Bill Adani Electricity,5150.03,8.546951973660448,Large,Auto Debit,Debit,Bills
Airtel Auto Debit Airtel,630.89,6.448715328365377,Small,Auto Debit,Debit,Bills
BSNL Auto Debit BSNL,645.23,6.471155477568118,Small,Auto Debit,Debit,Bills
Indian Oil POS Purchase Indian Oil,3550.71,8.175184456634852,Large,Debit Card,Debit,Fuel
BPCL POS Purchase BPCL,3961.15,8.284542086208672,Large,Debit Card,Debit,Fuel
HP Gas UPI Collect HP Gas,387.63,5.962627734169424,Small,Upi,Debit,Bills
Credit Card Bill Payment Net Banking Payment Credit Card Bill Payment,2664.95,7.88831574587411,Large,Net Banking,Debit,Bills
Blinkit UPI Collect Blinkit,486.47,6.189228750082795,Small,Upi,Debit,Groceries
Ajio Debit Card POS Ajio,593.55,6.3878048168835875,Small,Debit Card,Debit,Shopping
Domino's India POS Purchase Domino's India,447.69,6.106332226127837,Small,Debit Card,Debit,Food
Spotify Auto Debit Spotify,152.25,5.032070574816321,Small,Auto Debit,Debit,Subscription
Blinkit UPI Payment Blinkit,604.65,6.406302261462812,Small,Upi,Debit,Groceries
Spotify Auto Debit Spotify,160.86,5.086731764067556,Small,Auto Debit,Debit,Subscription
Netflix UPI/Paytm/Netflix,321.81,5.777063914850281,Small,Upi,Debit,Entertainment
Airtel UPI/DR/741966192339/Airtel,1380.94,7.231243588045055,Medium,Upi,Debit,Bills
Airtel UPI/Paytm/Airtel,1343.81,7.2040080181167285,Medium,Upi,Debit,Bills
Credit Card Bill Payment Net Banking Payment Credit Card Bill Payment,1537.78,7.338745173653048,Medium,Net Banking,Debit,Bills
Credit Card Bill Payment Net Banking Payment Credit Card Bill Payment,1139.35,7.039090511812159,Medium,Net Banking,Debit,Bills
Adani Electricity Electricity Bill Adani Electricity,5237.62,8.563813383851448,Large,Auto Debit,Debit,Bills
Meesho UPI Collect Meesho,619.83,6.431057292443675,Small,Upi,Debit,Shopping
Credit Card Bill Payment Auto Debit Credit Card Bill Payment,5803.34,8.666361192577776,Large,Auto Debit,Debit,Bills
Spotify Auto Debit Spotify,151.53,5.027361298011842,Small,Auto Debit,Debit,Subscription
HPCL UPI Payment HPCL,4080.38,8.314190445503662,Large,Upi,Debit,Fuel
BPCL POS Purchase BPCL,4008.64,8.29645674070945,Large,Debit Card,Debit,Fuel
Reliance Fresh Debit Card POS Reliance Fresh,500.52,6.217643486965713,Small,Debit Card,Debit,Groceries
House Rent Payment NEFT Rent Payment,43897.05,10.689625178942308,Large,Neft,Debit,Rent
Amazon India UPI Collect Amazon India,642.32,6.466642267627447,Small,Upi,Debit,Shopping
Flipkart UPI/Paytm/Flipkart,625.75,6.440547737038402,Small,Upi,Debit,Shopping
BPCL UPI/Paytm/BPCL,3362.94,8.120868185024145,Large,Upi,Debit,Fuel
Credit Card Bill Payment Net Banking Payment Credit Card Bill Payment,1204.77,7.094873645997914,Medium,Net Banking,Debit,Bills
House Rent Payment IMPS Transfer House Rent Payment,42678.72,10.66147914494431,Large,Imps,Debit,Rent
Municipal Water Department Net Banking Payment Municipal Water Department,211.64,5.3596005949649355,Small,Net Banking,Debit,Bills
Amazon India Debit Card POS Amazon India,2186.98,7.69073402273227,Medium,Debit Card,Debit,Shopping
Tata Power Electricity Bill Tata Power,5394.61,8.593340938955805,Large,Auto Debit,Debit,Bills
Municipal Water Department Auto Debit Municipal Water Department,223.79,5.415166633044329,Small,Auto Debit,Debit,Bills
Credit Card Bill Payment Auto Debit Credit Card Bill Payment,1136.72,7.036781538717868,Medium,Auto Debit,Debit,Bills
Flipkart POS Purchase Flipkart,605.15,6.407127480192592,Small,Credit Card,Debit,Shopping
Amazon India POS Purchase Amazon India,586.53,6.375927308544388,Small,Debit Card,Debit,Shopping
Employer Salary Credit NEFT Salary Credit,46530.38,10.747882202683874,Large,Neft,Credit,Salary
Bajaj Allianz Net Banking Payment Bajaj Allianz,8319.52,9.02648003186221,Large,Net Banking,Debit,Insurance
Jio Fiber Net Banking Payment Jio Fiber,1404.45,7.24811281518516,Medium,Net Banking,Debit,Bills
House Rent Payment IMPS Transfer House Rent Payment,42866.76,10.665875307235522,Large,Imps,Debit,Rent
Myntra POS Purchase Myntra,2187.79,7.691104158704344,Medium,Debit Card,Debit,Shopping
Jio Auto Debit Jio,593.41,6.387569316949785,Small,Auto Debit,Debit,Bills
Faasos Debit Card POS Faasos,205.22,5.328943560089797,Small,Debit Card,Debit,Food
Credit Card Bill Payment Auto Debit Credit Card Bill Payment,1103.19,7.00686731347856,Medium,Auto Debit,Debit,Bills
Credit Card Bill Payment Auto Debit Credit Card Bill Payment,1577.81,7.364426677693133,Medium,Auto Debit,Debit,Bills
Zomato UPI/Paytm/Zomato,461.3,6.1362140309941795,Small,Upi,Debit,Food
Bharat Gas Auto Debit Bharat Gas,401.43,5.997521168690513,Small,Auto Debit,Debit,Bills
Credit Card Bill Payment Net Banking Payment Credit Card Bill Payment,1524.91,7.33034623238562,Medium,Net Banking,Debit,Bills
Indian Oil UPI Payment Indian Oil,3203.68,8.072367520376268,Large,Upi,Debit,Fuel
HDFC Ergo Auto Debit HDFC Ergo,8758.84,9.07793291892345,Large,Auto Debit,Debit,Insurance
BPCL Debit Card POS BPCL,3902.17,8.26954432247086,Large,Debit Card,Debit,Fuel
Indian Oil UPI/Paytm/Indian Oil,3791.73,8.240841355395657,Large,Upi,Debit,Fuel
McDonald's India Debit Card POS McDonald's India,200.18,5.304200029706192,Small,Debit Card,Debit,Food
Credit Card Bill Payment Net Banking Payment Credit Card Bill Payment,2699.98,7.901369949100262,Large,Net Banking,Debit,Bills
Myntra Debit Card POS Myntra,539.42,6.292346615023706,Small,Debit Card,Debit,Shopping
BookMyShow UPI Payment BookMyShow,319.43,5.769663843769714,Small,Upi,Debit,Entertainment
Credit Card Bill Payment Auto Debit Credit Card Bill Payment,1085.47,6.990689187718407,Medium,Auto Debit,Debit,Bills
DMart UPI Collect DMart,493.8,6.204153640518333,Small,Upi,Debit,Groceries
Nature's Basket POS Purchase Nature's Basket,475.41,6.166278828024906,Small,Debit Card,Debit,Groceries
Credit Card Bill Payment Net Banking Payment Credit Card Bill Payment,1113.71,7.0163495603789325,Medium,Net Banking,Debit,Bills
BookMyShow POS Purchase BookMyShow,319.18,5.768883337649949,Small,Credit Card,Debit,Entertainment
Credit Card Bill Payment Net Banking Payment Credit Card Bill Payment,1084.31,6.98962093945172,Medium,Net Banking,Debit,Bills
Credit Card Bill Payment Net Banking Payment Credit Card Bill Payment,5857.63,8.675671066842387,Large,Net Banking,Debit,Bills
DMart Debit Card POS DMart,636.02,6.456801052253537,Small,Debit Card,Debit,Groceries
Indian Oil POS Purchase Indian Oil,3340.55,8.114190050178992,Large,Debit Card,Debit,Fuel
Credit Card Bill Payment Auto Debit Credit Card Bill Payment,2708.78,7.904622729766598,Large,Auto Debit,Debit,Bills
LIC Auto Debit LIC,8877.3,9.091365376217523,Large,Auto Debit,Debit,Insurance
Credit Card Bill Payment Net Banking Payment Credit Card Bill Payment,1882.66,7.540971971758868,Medium,Net Banking,Debit,Bills
Ajio POS Purchase Ajio,555.7,6.322026495189462,Small,Debit Card,Debit,Shopping
Employer Salary Credit NEFT Salary Credit,43979.98,10.691512546716337,Large,Neft,Credit,Salary
Credit Card Bill Payment Net Banking Payment Credit Card Bill Payment,1853.94,7.525607629504948,Medium,Net Banking,Debit,Bills
Credit Card Bill Payment Net Banking Payment Credit Card Bill Payment,1851.55,7.52431834735931,Medium,Net Banking,Debit,Bills
Bharat Gas Net Banking Payment Bharat Gas,395.14,5.981767684129118,Small,Net Banking,Debit,Bills
McDonald's India UPI/DR/181517890858/McDonald's India,201.34,5.3099494507777445,Small,Upi,Debit,Food
Indian Oil UPI/Paytm/Indian Oil,3348.68,8.116620097868498,Large,Upi,Debit,Fuel
Spotify Auto Debit Spotify,154.1,5.044070070182493,Small,Auto Debit,Debit,Subscription
Credit Card Bill Payment Net Banking Payment Credit Card Bill Payment,5194.29,8.55550772488193,Large,Net Banking,Debit,Bills
Spotify Auto Debit Spotify,160.49,5.084443221240976,Small,Auto Debit,Debit,Subscription
Bharat Gas UPI Payment Bharat Gas,385.44,5.9569766166493086,Small,Upi,Debit,Bills
Nature's Basket UPI/Paytm/Nature's Basket,612.48,6.419147663782579,Small,Upi,Debit,Groceries
Ajio POS Purchase Ajio,562.58,6.334309293234479,Small,Debit Card,Debit,Shopping
Adani Electricity Electricity Bill Adani Electricity,5067.72,8.53084359922722,Large,Auto Debit,Debit,Bills
Jio Fiber UPI Collect Jio Fiber,1362.57,7.21786153943505,Medium,Upi,Debit,Bills
Credit Card Bill Payment Net Banking Payment Credit Card Bill Payment,1729.85,7.4563678963087865,Medium,Net Banking,Debit,Bills
Meesho POS Purchase Meesho,1482.08,7.301876285389644,Medium,Credit Card,Debit,Shopping
Blinkit UPI Collect Blinkit,501.63,6.219854312942145,Small,Upi,Debit,Groceries
Cafe Coffee Day Debit Card POS Cafe Coffee Day,308.31,5.734344010238544,Small,Debit Card,Debit,Food
Local Wine & Beer Shop Debit Card POS Local Wine & Beer Shop,2761.13,7.92375740020411,Large,Debit Card,Debit,Food
Myntra POS Purchase Myntra,3301.54,8.102447148359467,Large,Debit Card,Debit,Shopping
Blinkit UPI Payment Blinkit,639.1,6.461624414147958,Small,Upi,Debit,Groceries
Indian Oil ATM Cash Withdrawal,3499.64,8.160701087904032,Large,Cash Withdrawal,Debit,Fuel
Airtel UPI/Paytm/Airtel,1409.68,7.251827136621199,Medium,Upi,Debit,Bills
Amazon India UPI/DR/144893684873/Amazon India,1540.32,7.340394471127657,Medium,Upi,Debit,Shopping
BSNL Auto Debit BSNL,585.96,6.374956674405739,Small,Auto Debit,Debit,Bills
Burger King UPI Payment Burger King,494.42,6.205405887657392,Small,Upi,Debit,Food
Myntra POS Purchase Myntra,1518.29,7.325998399449516,Medium,Debit Card,Debit,Shopping
Credit Card Bill Payment Auto Debit Credit Card Bill Payment,5446.96,8.602996505658489,Large,Auto Debit,Debit,Bills
Jio UPI/DR/096573864238/Jio,639.49,6.462233508412409,Small,Upi,Debit,Bills
DMart UPI/DR/784203040174/DMart,1351.14,7.209443801537805,Medium,Upi,Debit,Groceries
Social UPI Collect Social,2864.35,7.960445785736286,Large,Upi,Debit,Food
Burger King Debit Card POS Burger King,508.71,6.233841936537489,Small,Debit Card,Debit,Food
Ajio UPI Collect Ajio,1523.94,7.329710344005211,Medium,Upi,Debit,Shopping
The Beer Cafe Debit Card POS The Beer Cafe,2965.51,7.995141456668914,Large,Debit Card,Debit,Food
Indian Oil UPI Payment Indian Oil,3755.57,8.231261586002695,Large,Upi,Debit,Fuel
BEST Net Banking Payment BEST,5499.99,8.612683355022506,Large,Net Banking,Debit,Bills
Credit Card Bill Payment Net Banking Payment Credit Card Bill Payment,1704.5,7.4416136018587,Medium,Net Banking,Debit,Bills
House Rent Payment NEFT Rent Payment,46991.86,10.757750954258343,Large,Neft,Debit,Rent
Blinkit UPI/Paytm/Blinkit,659.3,6.492694277200526,Medium,Upi,Debit,Groceries
Reliance Fresh Debit Card POS Reliance Fresh,503.91,6.224380195570895,Small,Debit Card,Debit,Groceries
Zepto UPI/Paytm/Zepto,469.68,6.154178457595728,Small,Upi,Debit,Groceries
Credit Card Bill Payment Net Banking Payment Credit Card Bill Payment,1770.94,7.479830270546615,Medium,Net Banking,Debit,Bills
EatClub Debit Card POS EatClub,313.36,5.750538825997975,Small,Debit Card,Debit,Food
DMart POS Purchase DMart,452.58,6.117171659730716,Small,Debit Card,Debit,Groceries
Domino's India POS Purchase Domino's India,309.01,5.736604555023428,Small,Credit Card,Debit,Food
Zomato POS Purchase Zomato,513.67,6.243525918579576,Small,Credit Card,Debit,Food
Local Hardware Store POS Purchase Local Hardware Store,583.2,6.37024338995364,Small,Debit Card,Debit,Miscellaneous
BEST UPI/DR/289437923371/BEST,5439.07,8.60154720741426,Large,Upi,Debit,Bills
Toit Brewpub POS Purchase Toit Brewpub,1162.31,7.059024669020622,Medium,Credit Card,Debit,Food
DMart UPI Payment DMart,439.51,6.087933146594155,Small,Upi,Debit,Groceries
Flipkart POS Purchase Flipkart,1511.81,7.321724127581522,Medium,Debit Card,Debit,Shopping
HDFC Ergo Net Banking Payment HDFC Ergo,8064.82,8.995390659290434,Large,Net Banking,Debit,Insurance
House Rent Payment IMPS Transfer House Rent Payment,42770.72,10.663632415516394,Large,Imps,Debit,Rent
BPCL Debit Card POS BPCL,3555.62,8.176565934641891,Large,Debit Card,Debit,Fuel
Employer Salary Credit NEFT Salary Credit,43148.79,10.672432829755815,Large,Neft,Credit,Salary
DMart Debit Card POS DMart,475.21,6.165858933412283,Small,Debit Card,Debit,Groceries
Blinkit POS Purchase Blinkit,1428.96,7.265401750834757,Medium,Debit Card,Debit,Groceries
Tata Power Electricity Bill Tata Power,5473.28,8.607816039187602,Large,Auto Debit,Debit,Bills
Credit Card Bill Payment Net Banking Payment Credit Card Bill Payment,1762.92,7.4752938840644045,Medium,Net Banking,Debit,Bills
Home Depot India POS Purchase Home Depot India,517.01,6.249994547092449,Small,Credit Card,Debit,Miscellaneous
Blinkit Debit Card POS Blinkit,532.78,6.279983769052325,Small,Debit Card,Debit,Groceries
ICICI Lombard Auto Debit ICICI Lombard,8514.92,9.049692631887517,Large,Auto Debit,Debit,Insurance
Starbucks India UPI Payment Starbucks India,181.24,5.205324499698872,Small,Upi,Debit,Food
BookMyShow UPI Collect BookMyShow,296.94,5.6968921239514465,Small,Upi,Debit,Entertainment
Credit Card Bill Payment Net Banking Payment Credit Card Bill Payment,2569.94,7.852026869770702,Medium,Net Banking,Debit,Bills
Home Depot India POS Purchase Home Depot India,504.33,6.225211681206383,Small,Credit Card,Debit,Miscellaneous
BookMyShow POS Purchase BookMyShow,307.91,5.73304997233677,Small,Credit Card,Debit,Entertainment
Credit Card Bill Payment Net Banking Payment Credit Card Bill Payment,2629.97,7.875107878466732,Medium,Net Banking,Debit,Bills
Zepto UPI Collect Zepto,478.26,6.172243247644422,Small,Upi,Debit,Groceries
Credit Card Bill Payment Auto Debit Credit Card Bill Payment,5180.11,8.55277459801191,Large,Auto Debit,Debit,Bills
Local Hardware Store UPI/DR/262347734996/Local Hardware Store,555.63,6.321900746309809,Small,Upi,Debit,Miscellaneous
Faasos POS Purchase Faasos,332.28,5.808982977512661,Small,Debit Card,Debit,Food
BPCL ATM Cash Withdrawal,4012.65,8.297456330736457,Large,Cash Withdrawal,Debit,Fuel
Indian Oil ATM Cash Withdrawal,3736.29,8.226116028829408,Large,Cash Withdrawal,Debit,Fuel
Spotify Auto Debit Spotify,158.31,5.070851989584804,Small,Auto Debit,Debit,Subscription
Zepto UPI Collect Zepto,494.91,6.206394458647689,Small,Upi,Debit,Groceries
Nature's Basket UPI/Paytm/Nature's Basket,495.85,6.208288169677372,Small,Upi,Debit,Groceries
Chaayos UPI/Paytm/Chaayos,180.49,5.20120055576831,Small,Upi,Debit,Food
Local Hardware Store POS Purchase Local Hardware Store,525.72,6.26666909804865,Small,Credit Card,Debit,Miscellaneous
Naturals Salon Debit Card POS Naturals Salon,1512.92,7.322457592442784,Medium,Debit Card,Debit,Miscellaneous
House Rent Payment IMPS Transfer House Rent Payment,47003.52,10.757999046280903,Large,Imps,Debit,Rent
Local Barbershop UPI/DR/226669236212/Local Barbershop,1524.34,7.329972615011344,Medium,Upi,Debit,Miscellaneous
Credit Card Bill Payment Net Banking Payment Credit Card Bill Payment,1748.2,7.466913819538766,Medium,Net Banking,Debit,Bills
Bajaj Allianz Auto Debit Bajaj Allianz,8247.96,9.01784241077636,Large,Auto Debit,Debit,Insurance
Airtel Auto Debit Airtel,624.64,6.438775125806041,Small,Auto Debit,Debit,Bills
Naturals Salon UPI Collect Naturals Salon,1580.1,7.365876086316099,Medium,Upi,Debit,Miscellaneous
Netflix UPI/Paytm/Netflix,327.1,5.793318439967056,Small,Upi,Debit,Entertainment
Bharat Gas Auto Debit Bharat Gas,392.78,5.975792377713686,Small,Auto Debit,Debit,Bills
Blinkit POS Purchase Blinkit,596.99,6.393574031402784,Small,Credit Card,Debit,Groceries
Chaayos UPI/Paytm/Chaayos,184.64,5.223809314372975,Small,Upi,Debit,Food
Credit Card Bill Payment Net Banking Payment Credit Card Bill Payment,1679.25,7.4266978708500755,Medium,Net Banking,Debit,Bills
BPCL UPI/DR/646704676197/BPCL,3742.95,8.227896482807454,Large,Upi,Debit,Fuel
Blinkit POS Purchase Blinkit,448.63,6.1084250223320495,Small,Debit Card,Debit,Groceries
Credit Card Bill Payment Net Banking Payment Credit Card Bill Payment,2655.6,7.884802388698403,Large,Net Banking,Debit,Bills
Credit Card Bill Payment Auto Debit Credit Card Bill Payment,5234.84,8.56328256888528,Large,Auto Debit,Debit,Bills
Employer Salary Credit NEFT Salary Credit,44069.77,10.693552029886709,Large,Neft,Credit,Salary
Municipal Water Department Net Banking Payment Municipal Water Department,223.88,5.415566926598276,Small,Net Banking,Debit,Bills
Zomato UPI/Paytm/Zomato,315.68,5.757891800303233,Small,Upi,Debit,Food
Ajio POS Purchase Ajio,547.54,6.307260203218562,Small,Credit Card,Debit,Shopping
Toit Brewpub POS Purchase Toit Brewpub,2980.34,8.000128142860227,Large,Debit Card,Debit,Food
Credit Card Bill Payment Auto Debit Credit Card Bill Payment,2640.31,7.879030285189051,Medium,Auto Debit,Debit,Bills
Credit Card Bill Payment Auto Debit Credit Card Bill Payment,1868.9,7.533640232482915,Medium,Auto Debit,Debit,Bills
HPCL UPI/Paytm/HPCL,3574.52,8.181865899096076,Large,Upi,Debit,Fuel
HPCL ATM Cash Withdrawal,3443.63,8.144571775647817,Large,Cash Withdrawal,Debit,Fuel
Indane Gas Auto Debit Indane Gas,418.3,6.038586654176717,Small,Auto Debit,Debit,Bills
Airtel Net Banking Payment Airtel,1389.87,7.2376847296120514,Medium,Net Banking,Debit,Bills
DMart UPI Collect DMart,569.22,6.3460222512755795,Small,Upi,Debit,Groceries
Local Hardware Store UPI/DR/268028696768/Local Hardware Store,527.39,6.269834647412314,Small,Upi,Debit,Miscellaneous
Toit Brewpub UPI/Paytm/Toit Brewpub,824.08,6.715480351330394,Medium,Upi,Debit,Food
Cafe Coffee Day UPI/DR/854312547928/Cafe Coffee Day,139.87,4.9478374792722155,Small,Upi,Debit,Food
McDonald's India UPI/DR/459610030643/McDonald's India,366.54,5.906832156267279,Small,Upi,Debit,Food
Municipal Water Department UPI/Paytm/Municipal Water Department,202.81,5.317188187298288,Small,Upi,Debit,Bills
Amazon India UPI Collect Amazon India,767.69,6.6446877672942755,Medium,Upi,Debit,Shopping
McDonald's India UPI Payment McDonald's India,326.55,5.791640715177885,Small,Upi,Debit,Food
Nature's Basket Debit Card POS Nature's Basket,467.71,6.149984240310191,Small,Debit Card,Debit,Groceries
Reliance Fresh Debit Card POS Reliance Fresh,480.53,6.176968534593236,Small,Debit Card,Debit,Groceries
House Rent Payment IMPS Transfer House Rent Payment,37184.06,10.523662346689951,Large,Imps,Debit,Rent
EatClub UPI/DR/155545004272/EatClub,351.64,5.8654477065244945,Small,Upi,Debit,Food
BigBasket UPI/DR/469758040665/BigBasket,478.99,6.173765270351586,Small,Upi,Debit,Groceries
Credit Card Bill Payment Auto Debit Credit Card Bill Payment,3046.88,8.022201545952775,Large,Auto Debit,Debit,Bills
Cafe Coffee Day POS Purchase Cafe Coffee Day,183.51,5.217703662553791,Small,Debit Card,Debit,Food
EatClub POS Purchase EatClub,155.91,5.055672392570977,Small,Debit Card,Debit,Food
Ace Hardware India Debit Card POS Ace Hardware India,561.84,6.332995395920055,Small,Debit Card,Debit,Miscellaneous
Spotify Auto Debit Spotify,155.39,5.052352887448124,Small,Auto Debit,Debit,Subscription
Credit Card Bill Payment Net Banking Payment Credit Card Bill Payment,2969.0,7.996317231796746,Large,Net Banking,Debit,Bills
Flipkart UPI Payment Flipkart,1002.09,6.910840514743945,Medium,Upi,Debit,Shopping
Swiggy UPI/DR/721211562902/Swiggy,366.9,5.907811162110729,Small,Upi,Debit,Food
HDFC Ergo Auto Debit HDFC Ergo,8691.83,9.070253826923274,Large,Auto Debit,Debit,Insurance
Social Debit Card POS Social,878.19,6.779001029048385,Medium,Debit Card,Debit,Food
Local Hardware Store POS Purchase Local Hardware Store,493.77,6.204093008122425,Small,Debit Card,Debit,Miscellaneous
Spotify Auto Debit Spotify,164.84,5.111023468127524,Small,Auto Debit,Debit,Subscription
Meesho POS Purchase Meesho,735.32,6.601664806847001,Medium,Credit Card,Debit,Shopping
House Rent Payment NEFT Rent Payment,33955.28,10.432829093789227,Large,Neft,Debit,Rent
BSNL Auto Debit BSNL,606.97,6.410125538643542,Small,Auto Debit,Debit,Bills
Netflix Debit Card POS Netflix,297.03,5.697194152579344,Small,Debit Card,Debit,Entertainment
Cafe Coffee Day UPI Payment Cafe Coffee Day,348.96,5.857818862238064,Small,Upi,Debit,Food
Employer Salary Credit NEFT Salary Credit,47321.64,10.764744106899581,Large,Neft,Credit,Salary
Tata Power UPI Collect Tata Power,5035.76,8.524518297201304,Large,Upi,Debit,Bills
Credit Card Bill Payment Net Banking Payment Credit Card Bill Payment,4020.55,8.299422679438534,Large,Net Banking,Debit,Bills
McDonald's India POS Purchase McDonald's India,565.53,6.339530035817887,Small,Credit Card,Debit,Food
HPCL UPI Collect HPCL,3223.32,8.078477354284136,Large,Upi,Debit,Fuel
Zomato UPI/DR/599221579639/Zomato,340.08,5.832117053873849,Small,Upi,Debit,Food
Indian Oil UPI/DR/238160108120/Indian Oil,3786.34,8.239419204700889,Large,Upi,Debit,Fuel
House Rent Payment IMPS Transfer House Rent Payment,36629.5,10.50863650569335,Large,Imps,Debit,Rent
EatClub POS Purchase EatClub,147.01,4.997279839049098,Small,Debit Card,Debit,Food
Blinkit POS Purchase Blinkit,683.14,6.528162575041366,Medium,Credit Card,Debit,Groceries
Amazon India UPI Payment Amazon India,1001.89,6.9106411109605945,Medium,Upi,Debit,Shopping
Municipal Water Department Auto Debit Municipal Water Department,225.65,5.4234069773868585,Small,Auto Debit,Debit,Bills
Credit Card Bill Payment Net Banking Payment Credit Card Bill Payment,4124.8,8.325015219358908,Large,Net Banking,Debit,Bills
Cafe Coffee Day POS Purchase Cafe Coffee Day,319.73,5.770599647693518,Small,Debit Card,Debit,Food
BEST UPI Payment BEST,5399.27,8.594204231302408,Large,Upi,Debit,Bills
Airtel Auto Debit Airtel,1268.37,7.146275993380559,Medium,Auto Debit,Debit,Bills
DMart UPI/Paytm/DMart,716.37,6.575591746548862,Medium,Upi,Debit,Groceries
Flipkart POS Purchase Flipkart,553.34,6.317778216910709,Small,Debit Card,Debit,Shopping
Airtel Net Banking Payment Airtel,590.1,6.381985207830324,Small,Net Banking,Debit,Bills
Credit Card Bill Payment Auto Debit Credit Card Bill Payment,1742.44,7.463615451987556,Medium,Auto Debit,Debit,Bills
BigBasket UPI/DR/671130103614/BigBasket,692.76,6.542126079371172,Medium,Upi,Debit,Groceries
Credit Card Bill Payment Net Banking Payment Credit Card Bill Payment,1777.27,7.483396260562889,Medium,Net Banking,Debit,Bills
Home Depot India POS Purchase Home Depot India,527.35,6.26975894288704,Small,Credit Card,Debit,Miscellaneous
BSNL Auto Debit BSNL,658.32,6.491209000863155,Small,Auto Debit,Debit,Bills
Credit Card Bill Payment Net Banking Payment Credit Card Bill Payment,1634.35,7.399612127700511,Medium,Net Banking,Debit,Bills
Local Hardware Store UPI/Paytm/Local Hardware Store,517.85,6.251614824051288,Small,Upi,Debit,Miscellaneous
Bharat Gas Net Banking Payment Bharat Gas,379.78,5.942221780529531,Small,Net Banking,Debit,Bills
Netflix Debit Card POS Netflix,329.26,5.799880223034842,Small,Debit Card,Debit,Entertainment
Credit Card Bill Payment Auto Debit Credit Card Bill Payment,1777.45,7.483497477414457,Medium,Auto Debit,Debit,Bills
Nature's Basket POS Purchase Nature's Basket,1469.11,7.293092506905135,Medium,Credit Card,Debit,Groceries
Blinkit UPI Collect Blinkit,510.12,6.236604396294088,Small,Upi,Debit,Groceries
HPCL UPI Collect HPCL,3455.11,8.147898958121127,Large,Upi,Debit,Fuel
Credit Card Bill Payment Net Banking Payment Credit Card Bill Payment,3188.09,8.067490888624995,Large,Net Banking,Debit,Bills
BSNL Auto Debit BSNL,1344.73,7.204691895729295,Medium,Auto Debit,Debit,Bills
Netflix POS Purchase Netflix,313.41,5.750697866665008,Small,Credit Card,Debit,Entertainment
Municipal Water Department Auto Debit Municipal Water Department,206.8,5.336576078665127,Small,Auto Debit,Debit,Bills
Spotify Auto Debit Spotify,167.03,5.124142534889851,Small,Auto Debit,Debit,Subscription
Myntra UPI/DR/464105990541/Myntra,1086.21,6.991370060734295,Medium,Upi,Debit,Shopping
Credit Card Bill Payment Auto Debit Credit Card Bill Payment,1789.78,7.490406558111459,Medium,Auto Debit,Debit,Bills
Nature's Basket UPI/Paytm/Nature's Basket,504.71,6.225963382460326,Small,Upi,Debit,Groceries
Credit Card Bill Payment Auto Debit Credit Card Bill Payment,3081.25,8.033415128748661,Large,Auto Debit,Debit,Bills
Cafe Coffee Day Debit Card POS Cafe Coffee Day,143.32,4.972033056314314,Small,Debit Card,Debit,Food
BigBasket UPI/DR/597983713634/BigBasket,474.49,6.164345851270085,Small,Upi,Debit,Groceries
Tata Power Electricity Bill Tata Power,5121.78,8.541452539429358,Large,Auto Debit,Debit,Bills
Amazon India UPI Payment Amazon India,777.85,6.657818472772615,Medium,Upi,Debit,Shopping
HPCL UPI/Paytm/HPCL,3418.3,8.137191130744602,Large,Upi,Debit,Fuel
Credit Card Bill Payment Auto Debit Credit Card Bill Payment,1734.05,7.458791510409521,Medium,Auto Debit,Debit,Bills
Blinkit UPI Collect Blinkit,1080.06,6.985697320261721,Medium,Upi,Debit,Groceries
Home Depot India POS Purchase Home Depot India,549.54,6.310899614740111,Small,Credit Card,Debit,Miscellaneous
Employer Salary Credit NEFT Salary Credit,43257.38,10.674946250816951,Large,Neft,Credit,Salary
Reliance Fresh POS Purchase Reliance Fresh,1132.92,7.033435935061946,Medium,Credit Card,Debit,Groceries
Zomato UPI Collect Zomato,183.83,5.219436483694589,Small,Upi,Debit,Food
Credit Card Bill Payment Net Banking Payment Credit Card Bill Payment,3089.02,8.035932842362755,Large,Net Banking,Debit,Bills
HDFC Ergo Net Banking Payment HDFC Ergo,7996.21,8.98684800983455,Large,Net Banking,Debit,Insurance
EatClub UPI Payment EatClub,145.09,4.984222870144423,Small,Upi,Debit,Food
Blinkit UPI Payment Blinkit,1016.07,6.9246812235717305,Medium,Upi,Debit,Groceries
Reliance Fresh UPI/DR/963726184290/Reliance Fresh,1029.87,6.938158384893182,Medium,Upi,Debit,Groceries
BSNL Net Banking Payment BSNL,1326.45,7.191015087623331,Medium,Net Banking,Debit,Bills
Local Hardware Store Debit Card POS Local Hardware Store,539.81,6.2930680156820555,Small,Debit Card,Debit,Miscellaneous
BPCL POS Purchase BPCL,3108.81,8.042316910059423,Large,Debit Card,Debit,Fuel
BigBasket POS Purchase BigBasket,1125.77,7.027110411579633,Medium,Credit Card,Debit,Groceries
Myntra Debit Card POS Myntra,979.0,6.887552571664617,Medium,Debit Card,Debit,Shopping
Credit Card Bill Payment Auto Debit Credit Card Bill Payment,3116.17,8.044680817901536,Large,Auto Debit,Debit,Bills
Credit Card Bill Payment Net Banking Payment Credit Card Bill Payment,1724.33,7.453173615516943,Medium,Net Banking,Debit,Bills
Indane Gas Auto Debit Indane Gas,404.08,6.004084578464084,Small,Auto Debit,Debit,Bills
Ace Hardware India UPI/DR/716095716328/Ace Hardware India,562.34,6.3338833534985115,Small,Upi,Debit,Miscellaneous
Jio Fiber Auto Debit Jio Fiber,1267.7,7.145748033146552,Medium,Auto Debit,Debit,Bills
HPCL ATM Cash Withdrawal,3626.73,8.196362387296947,Large,Cash Withdrawal,Debit,Fuel
BEST Electricity Bill BEST,5293.45,8.574414381063521,Large,Auto Debit,Debit,Bills
Credit Card Bill Payment Auto Debit Credit Card Bill Payment,4521.28,8.416771570425626,Large,Auto Debit,Debit,Bills
Burger King UPI/Paytm/Burger King,359.66,5.887935686279126,Small,Upi,Debit,Food
Nykaa Debit Card POS Nykaa,561.44,6.332284461722615,Small,Debit Card,Debit,Shopping
BEST Electricity Bill BEST,5261.72,8.568403282342477,Large,Auto Debit,Debit,Bills
Ace Hardware India Debit Card POS Ace Hardware India,504.7,6.225943608085937,Small,Debit Card,Debit,Miscellaneous
Credit Card Bill Payment Auto Debit Credit Card Bill Payment,4735.75,8.46310652551247,Large,Auto Debit,Debit,Bills
Home Depot India POS Purchase Home Depot India,481.31,6.178587060842978,Small,Credit Card,Debit,Miscellaneous
McDonald's India UPI Collect McDonald's India,315.53,5.75741802382211,Small,Upi,Debit,Food
McDonald's India POS Purchase McDonald's India,293.29,5.684565675729068,Small,Debit Card,Debit,Food
Social POS Purchase Social,1112.88,7.015604694756835,Medium,Debit Card,Debit,Food
House Rent Payment IMPS Transfer House Rent Payment,36944.2,10.517191012660524,Large,Imps,Debit,Rent
Netflix UPI/Paytm/Netflix,448.12,6.107290112613573,Small,Upi,Debit,Entertainment
Local Hardware Store UPI Payment Local Hardware Store,523.61,6.262655129393678,Small,Upi,Debit,Miscellaneous
DMart POS Purchase DMart,470.81,6.156576362170743,Small,Debit Card,Debit,Groceries
Social Debit Card POS Social,1779.1,7.484424821483387,Medium,Debit Card,Debit,Food
Bharat Gas UPI/DR/927976678144/Bharat Gas,405.79,6.008297081768032,Small,Upi,Debit,Bills
Reliance Fresh UPI/DR/065651809906/Reliance Fresh,556.42,6.323318995279638,Small,Upi,Debit,Groceries
BigBasket UPI Payment BigBasket,506.3,6.229102544572644,Small,Upi,Debit,Groceries
BookMyShow POS Purchase BookMyShow,469.9,6.154645757249509,Small,Credit Card,Debit,Entertainment
Zepto Debit Card POS Zepto,484.36,6.184890883634043,Small,Debit Card,Debit,Groceries
Spotify Auto Debit Spotify,161.44,5.090308702818097,Small,Auto Debit,Debit,Subscription
Bajaj Allianz Net Banking Payment Bajaj Allianz,8766.29,9.07878302963167,Large,Net Banking,Debit,Insurance
Meesho POS Purchase Meesho,1773.92,7.481510630471279,Medium,Credit Card,Debit,Shopping
Bajaj Allianz Net Banking Payment Bajaj Allianz,8837.97,9.086925633006087,Large,Net Banking,Debit,Insurance
Home Depot India Debit Card POS Home Depot India,551.33,6.314145693737225,Small,Debit Card,Debit,Miscellaneous
Zomato POS Purchase Zomato,311.12,5.7433877292485604,Small,Credit Card,Debit,Food
DMart UPI Payment DMart,571.26,6.3495934335598525,Small,Upi,Debit,Groceries
Indian Oil UPI Collect Indian Oil,3556.06,8.176689639953505,Large,Upi,Debit,Fuel
HPCL ATM Cash Withdrawal,2822.94,7.9458883519285,Large,Cash Withdrawal,Debit,Fuel
Social Debit Card POS Social,1389.0,7.237059026124737,Medium,Debit Card,Debit,Food
Credit Card Bill Payment Auto Debit Credit Card Bill Payment,4261.72,8.357662733163098,Large,Auto Debit,Debit,Bills
Adani Electricity UPI/Paytm/Adani Electricity,5187.31,8.554163296927971,Large,Upi,Debit,Bills
Domino's India UPI Payment Domino's India,318.78,5.767633259357274,Small,Upi,Debit,Food
Spotify Auto Debit Spotify,153.32,5.0390283685974735,Small,Auto Debit,Debit,Subscription
Employer Salary Credit NEFT Salary Credit,45909.56,10.734450434947137,Large,Neft,Credit,Salary
Reliance Fresh POS Purchase Reliance Fresh,473.16,6.161544817479583,Small,Debit Card,Debit,Groceries
Meesho UPI Collect Meesho,551.56,6.3145620247807175,Small,Upi,Debit,Shopping
Credit Card Bill Payment Auto Debit Credit Card Bill Payment,2411.38,7.788369091043378,Medium,Auto Debit,Debit,Bills
Zepto UPI Payment Zepto,1082.28,6.987748754674569,Medium,Upi,Debit,Groceries
BSNL UPI Payment BSNL,604.65,6.406302261462812,Small,Upi,Debit,Bills
The Beer Cafe UPI Payment The Beer Cafe,1086.98,6.992078044893989,Medium,Upi,Debit,Food
Home Depot India POS Purchase Home Depot India,513.86,6.243895019047085,Small,Debit Card,Debit,Miscellaneous
BigBasket UPI/Paytm/BigBasket,485.11,6.186434935738598,Small,Upi,Debit,Groceries
BEST Electricity Bill BEST,5481.5,8.609316480292044,Large,Auto Debit,Debit,Bills
Credit Card Bill Payment Net Banking Payment Credit Card Bill Payment,2594.12,7.8613880373053915,Medium,Net Banking,Debit,Bills
House Rent Payment IMPS Transfer House Rent Payment,35502.8,10.477395011988415,Large,Imps,Debit,Rent
Zepto Debit Card POS Zepto,509.7,6.2357823336535985,Small,Debit Card,Debit,Groceries
The Beer Cafe UPI/Paytm/The Beer Cafe,1250.82,7.1323537713561,Medium,Upi,Debit,Food
BigBasket POS Purchase BigBasket,548.31,6.308662945171033,Small,Credit Card,Debit,Groceries
Ace Hardware India Debit Card POS Ace Hardware India,500.83,6.218261416920094,Small,Debit Card,Debit,Miscellaneous
BigBasket Debit Card POS BigBasket,540.44,6.2942322569778035,Small,Debit Card,Debit,Groceries
Domino's India POS Purchase Domino's India,288.29,5.667429645190403,Small,Credit Card,Debit,Food
Adani Electricity Electricity Bill Adani Electricity,5252.32,8.566615536669474,Large,Auto Debit,Debit,Bills
Credit Card Bill Payment Net Banking Payment Credit Card Bill Payment,2431.4,7.796633703245955,Medium,Net Banking,Debit,Bills
Bajaj Allianz Net Banking Payment Bajaj Allianz,8736.68,9.07539998718824,Large,Net Banking,Debit,Insurance
Credit Card Bill Payment Auto Debit Credit Card Bill Payment,5839.94,8.672647021773887,Large,Auto Debit,Debit,Bills
Ace Hardware India POS Purchase Ace Hardware India,476.97,6.1695479690155945,Small,Credit Card,Debit,Miscellaneous
Credit Card Bill Payment Net Banking Payment Credit Card Bill Payment,4374.81,8.383846924512033,Large,Net Banking,Debit,Bills
Cafe Coffee Day Debit Card POS Cafe Coffee Day,306.03,5.726945462682629,Small,Debit Card,Debit,Food
Blinkit UPI/Paytm/Blinkit,887.98,6.790074738072987,Medium,Upi,Debit,Groceries
Credit Card Bill Payment Auto Debit Credit Card Bill Payment,3420.41,8.137808025794069,Large,Auto Debit,Debit,Bills
Ace Hardware India UPI Collect Ace Hardware India,509.82,6.236017277659691,Small,Upi,Debit,Miscellaneous
Credit Card Bill Payment Auto Debit Credit Card Bill Payment,5677.07,8.644366665241531,Large,Auto Debit,Debit,Bills
BookMyShow UPI Payment BookMyShow,298.35,5.701613457371361,Small,Upi,Debit,Entertainment
DMart UPI Payment DMart,594.13,6.388779869075693,Small,Upi,Debit,Groceries
DMart Debit Card POS DMart,465.99,6.146307844163399,Small,Debit Card,Debit,Groceries
Burger King UPI/Paytm/Burger King,292.72,5.68262693258341,Small,Upi,Debit,Food
Burger King UPI Collect Burger King,295.77,5.692957428017367,Small,Upi,Debit,Food
Airtel UPI/Paytm/Airtel,1387.53,7.23600091256314,Medium,Upi,Debit,Bills
DMart Debit Card POS DMart,494.16,6.20488094266361,Small,Debit Card,Debit,Groceries
DMart POS Purchase DMart,564.4,6.33753344525949,Small,Debit Card,Debit,Groceries
Credit Card Bill Payment Net Banking Payment Credit Card Bill Payment,4567.15,8.426863587924565,Large,Net Banking,Debit,Bills
Credit Card Bill Payment Auto Debit Credit Card Bill Payment,2647.46,7.881733617982104,Medium,Auto Debit,Debit,Bills
Amazon India UPI/Paytm/Amazon India,1599.82,7.3782712769446,Medium,Upi,Debit,Shopping
Local Wine & Beer Shop POS Purchase Local Wine & Beer Shop,1666.96,7.4193566018158,Medium,Credit Card,Debit,Food
Jio Auto Debit Jio,649.46,6.477679804901255,Small,Auto Debit,Debit,Bills
Social UPI Payment Social,1519.38,7.326715582595529,Medium,Upi,Debit,Food
Employer Salary Credit NEFT Salary Credit,45221.46,10.719349145059947,Large,Neft,Credit,Salary
Adani Electricity Electricity Bill Adani Electricity,5240.42,8.5643477329697,Large,Auto Debit,Debit,Bills
Blinkit POS Purchase Blinkit,449.27,6.109847402836333,Small,Debit Card,Debit,Groceries
HPCL UPI/DR/645154919977/HPCL,2631.16,7.87556008087111,Medium,Upi,Debit,Fuel
Zomato UPI Payment Zomato,295.71,5.692755230807,Small,Upi,Debit,Food
Netflix POS Purchase Netflix,325.25,5.787663958636903,Small,Debit Card,Debit,Entertainment
The Beer Cafe UPI/Paytm/The Beer Cafe,1408.53,7.2510115944709765,Medium,Upi,Debit,Food
Social POS Purchase Social,1397.04,7.242826534687722,Medium,Credit Card,Debit,Food
Credit Card Bill Payment Auto Debit Credit Card Bill Payment,5802.38,8.666195785417337,Large,Auto Debit,Debit,Bills
Faasos UPI/Paytm/Faasos,375.14,5.929961414513932,Small,Upi,Debit,Food
Burger King UPI Payment Burger King,364.78,5.902032059776429,Small,Upi,Debit,Food
Zepto UPI Collect Zepto,512.76,6.2417562303412035,Small,Upi,Debit,Groceries
Ace Hardware India Debit Card POS Ace Hardware India,487.06,6.190438349114987,Small,Debit Card,Debit,Miscellaneous
BigBasket UPI/Paytm/BigBasket,484.85,6.185899934285448,Small,Upi,Debit,Groceries
Indian Oil UPI/DR/003452759154/Indian Oil,3316.39,8.106933608158524,Large,Upi,Debit,Fuel
Ajio POS Purchase Ajio,578.96,6.362959135644993,Small,Credit Card,Debit,Shopping
Toit Brewpub UPI Collect Toit Brewpub,1264.74,7.143412210364533,Medium,Upi,Debit,Food
Credit Card Bill Payment Net Banking Payment Credit Card Bill Payment,4769.98,8.470307013514027,Large,Net Banking,Debit,Bills
Credit Card Bill Payment Auto Debit Credit Card Bill Payment,3568.44,8.18016399972434,Large,Auto Debit,Debit,Bills
Home Depot India UPI Payment Home Depot India,515.27,6.246629884444929,Small,Upi,Debit,Miscellaneous
BigBasket UPI/DR/139070763702/BigBasket,552.59,6.316424340556496,Small,Upi,Debit,Groceries
HP Gas Auto Debit HP Gas,406.09,6.0090342912180414,Small,Auto Debit,Debit,Bills
BookMyShow UPI/DR/861489659131/BookMyShow,299.15,5.704282349697852,Small,Upi,Debit,Entertainment
Burger King UPI Collect Burger King,368.75,5.912827101590909,Small,Upi,Debit,Food
DMart UPI Collect DMart,674.45,6.5153791354156905,Medium,Upi,Debit,Groceries
McDonald's India UPI/Paytm/McDonald's India,598.67,6.396379503910665,Small,Upi,Debit,Food
Zepto UPI/Paytm/Zepto,818.9,6.709182381602132,Medium,Upi,Debit,Groceries
Local Hardware Store UPI/Paytm/Local Hardware Store,530.92,6.276493102094199,Small,Upi,Debit,Miscellaneous
Home Depot India UPI Collect Home Depot India,555.83,6.322259986879117,Small,Upi,Debit,Miscellaneous
Indian Oil UPI Payment Indian Oil,650.12,6.478693957018786,Small,Upi,Debit,Fuel
Credit Card Bill Payment Auto Debit Credit Card Bill Payment,2877.4,7.964989863196268,Large,Auto Debit,Debit,Bills
Local Wine & Beer Shop UPI/DR/528862504356/Local Wine & Beer Shop,934.48,6.841059766543869,Medium,Upi,Debit,Food
Amazon India POS Purchase Amazon India,1359.49,7.215600207957405,Medium,Credit Card,Debit,Shopping
Indian Oil UPI Payment Indian Oil,1795.62,7.493662400871628,Medium,Upi,Debit,Fuel
Faasos UPI/Paytm/Faasos,262.01,5.572192054268604,Small,Upi,Debit,Food
BigBasket UPI Payment BigBasket,464.78,6.1437134196456435,Small,Upi,Debit,Groceries
BEST Electricity Bill BEST,5304.78,8.576552071342803,Large,Auto Debit,Debit,Bills
Ajio POS Purchase Ajio,918.98,6.824351930676353,Medium,Credit Card,Debit,Shopping
BPCL Debit Card POS BPCL,2727.12,7.9113680062656915,Large,Debit Card,Debit,Fuel
Credit Card Bill Payment Net Banking Payment Credit Card Bill Payment,2744.91,7.917867810845431,Large,Net Banking,Debit,Bills
McDonald's India POS Purchase McDonald's India,621.04,6.433004399353137,Small,Debit Card,Debit,Food
Toit Brewpub UPI/DR/856029453959/Toit Brewpub,827.96,6.720171903066478,Medium,Upi,Debit,Food
Burger King Debit Card POS Burger King,619.11,6.429896881657023,Small,Debit Card,Debit,Food
Credit Card Bill Payment Net Banking Payment Credit Card Bill Payment,2754.12,7.921216277807213,Large,Net Banking,Debit,Bills
House Rent Payment NEFT Rent Payment,35440.28,10.47563252144829,Large,Neft,Debit,Rent
Zomato POS Purchase Zomato,947.85,6.855250724999988,Medium,Debit Card,Debit,Food
Blinkit POS Purchase Blinkit,816.89,6.7067278532326355,Medium,Credit Card,Debit,Groceries
Employer Salary Credit NEFT Salary Credit,43192.48,10.673444836915813,Large,Neft,Credit,Salary
Bharat Gas UPI/Paytm/Bharat Gas,633.9,6.453467506176404,Small,Upi,Debit,Bills
Credit Card Bill Payment Auto Debit Credit Card Bill Payment,2872.37,7.963240835929089,Large,Auto Debit,Debit,Bills
Spotify Auto Debit Spotify,165.24,5.113432527350917,Small,Auto Debit,Debit,Subscription
Local Hardware Store Debit Card POS Local Hardware Store,483.6,6.183323808382426,Small,Debit Card,Debit,Miscellaneous
EatClub POS Purchase EatClub,196.06,5.283508250894329,Small,Debit Card,Debit,Food
Faasos Debit Card POS Faasos,861.89,6.760287220618741,Medium,Debit Card,Debit,Food
Myntra POS Purchase Myntra,582.15,6.368444443137059,Small,Credit Card,Debit,Shopping
Third Wave Coffee UPI Payment Third Wave Coffee,143.62,4.974109612746806,Small,Upi,Debit,Food
Bharat Gas Net Banking Payment Bharat Gas,650.01,6.478525003073694,Small,Net Banking,Debit,Bills
Credit Card Bill Payment Auto Debit Credit Card Bill Payment,2714.52,7.906738742573905,Large,Auto Debit,Debit,Bills
Indian Oil Debit Card POS Indian Oil,636.73,6.457914996279296,Small,Debit Card,Debit,Fuel
HPCL ATM Cash Withdrawal,2810.58,7.941501881889055,Large,Cash Withdrawal,Debit,Fuel
BookMyShow POS Purchase BookMyShow,304.97,5.723487057930536,Small,Credit Card,Debit,Entertainment
Ace Hardware India POS Purchase Ace Hardware India,554.18,6.3192923854889935,Small,Debit Card,Debit,Miscellaneous
Myntra POS Purchase Myntra,1607.57,7.383100864538506,Medium,Credit Card,Debit,Shopping
Municipal Water Department Auto Debit Municipal Water Department,209.32,5.348630180421626,Small,Auto Debit,Debit,Bills
Local Wine & Beer Shop UPI/DR/404935709137/Local Wine & Beer Shop,769.63,6.647208362137625,Medium,Upi,Debit,Food
McDonald's India UPI Payment McDonald's India,580.56,6.365714148063224,Small,Upi,Debit,Food
Local Hardware Store POS Purchase Local Hardware Store,481.0,6.1779441140506,Small,Debit Card,Debit,Miscellaneous
Flipkart POS Purchase Flipkart,1658.93,7.4145307117867665,Medium,Credit Card,Debit,Shopping
Nature's Basket POS Purchase Nature's Basket,1601.77,7.379488661341998,Medium,Debit Card,Debit,Groceries
Domino's India UPI Collect Domino's India,618.37,6.428702832397783,Small,Upi,Debit,Food
Nature's Basket Debit Card POS Nature's Basket,622.35,6.435108158790984,Small,Debit Card,Debit,Groceries
Flipkart Debit Card POS Flipkart,926.04,6.831996714580986,Medium,Debit Card,Debit,Shopping
Toit Brewpub POS Purchase Toit Brewpub,776.35,6.65589069939575,Medium,Credit Card,Debit,Food
Faasos UPI/DR/536306463452/Faasos,197.09,5.28872147287459,Small,Upi,Debit,Food
BPCL UPI Payment BPCL,2983.71,8.00125786867829,Large,Upi,Debit,Fuel
Faasos Debit Card POS Faasos,215.99,5.379851269529299,Small,Debit Card,Debit,Food
Home Depot India POS Purchase Home Depot India,523.23,6.261930519316589,Small,Credit Card,Debit,Miscellaneous
BSNL Auto Debit BSNL,1555.41,7.350137166173284,Medium,Auto Debit,Debit,Bills
Indian Oil UPI Payment Indian Oil,2982.58,8.000879200747105,Large,Upi,Debit,Fuel
Third Wave Coffee Debit Card POS Third Wave Coffee,142.07,4.963334020978243,Small,Debit Card,Debit,Food
Adani Electricity UPI/DR/580154962945/Adani Electricity,5132.18,8.543480629157619,Large,Upi,Debit,Bills
Bajaj Allianz Auto Debit Bajaj Allianz,8185.52,9.010244178123042,Large,Auto Debit,Debit,Insurance
BSNL Auto Debit BSNL,653.11,6.483275533032539,Small,Auto Debit,Debit,Bills
Indian Oil POS Purchase Indian Oil,604.07,6.405344153817165,Small,Debit Card,Debit,Fuel
BPCL ATM Cash Withdrawal,3066.9,8.028748567431814,Large,Cash Withdrawal,Debit,Fuel
Netflix POS Purchase Netflix,320.81,5.773961309277448,Small,Credit Card,Debit,Entertainment
Indian Oil POS Purchase Indian Oil,2946.14,7.988590487547565,Large,Debit Card,Debit,Fuel
Blinkit POS Purchase Blinkit,613.09,6.420141497209933,Small,Credit Card,Debit,Groceries
Blinkit UPI Payment Blinkit,788.08,6.670867709875668,Medium,Upi,Debit,Groceries
Faasos UPI/Paytm/Faasos,634.55,6.454490765740678,Small,Upi,Debit,Food
McDonald's India UPI/DR/229398180786/McDonald's India,281.29,5.642934911323486,Small,Upi,Debit,Food
Ace Hardware India Debit Card POS Ace Hardware India,486.42,6.1891261744075,Small,Debit Card,Debit,Miscellaneous
Credit Card Bill Payment Auto Debit Credit Card Bill Payment,3976.73,8.288466583807253,Large,Auto Debit,Debit,Bills
Credit Card Bill Payment Net Banking Payment Credit Card Bill Payment,3973.79,8.28772719550419,Large,Net Banking,Debit,Bills
House Rent Payment NEFT Rent Payment,36912.26,10.516326115071513,Large,Neft,Debit,Rent
BPCL ATM Cash Withdrawal,2993.91,8.004669460014565,Large,Cash Withdrawal,Debit,Fuel
Amazon India POS Purchase Amazon India,889.26,6.791513554894575,Medium,Debit Card,Debit,Shopping
Toit Brewpub UPI Collect Toit Brewpub,768.46,6.645688970121466,Medium,Upi,Debit,Food
BSNL UPI Payment BSNL,618.98,6.429687219454318,Small,Upi,Debit,Bills
Nykaa POS Purchase Nykaa,1344.6,7.204595289218684,Medium,Credit Card,Debit,Shopping
Starbucks India UPI/DR/081261470614/Starbucks India,140.09,4.949397984625066,Small,Upi,Debit,Food
Ace Hardware India UPI/DR/963524499949/Ace Hardware India,498.72,6.214047941563629,Small,Upi,Debit,Miscellaneous
Reliance Fresh UPI Collect Reliance Fresh,1537.58,7.338615192110243,Medium,Upi,Debit,Groceries
House Rent Payment IMPS Transfer House Rent Payment,35938.24,10.489585013758926,Large,Imps,Debit,Rent
Jio Fiber UPI Payment Jio Fiber,1432.92,7.268167231597778,Medium,Upi,Debit,Bills
Barbeque Nation Debit Card POS Barbeque Nation,605.92,6.40839698665704,Small,Debit Card,Debit,Food
DMart Debit Card POS DMart,605.22,6.407242956491211,Small,Debit Card,Debit,Groceries
Employer Salary Credit NEFT Salary Credit,43021.08,10.669468751257751,Large,Neft,Credit,Salary
EatClub UPI/DR/038473924179/EatClub,619.81,6.431025076986695,Small,Upi,Debit,Food
Reliance Fresh UPI/DR/359595904579/Reliance Fresh,808.4,6.696293232441765,Medium,Upi,Debit,Groceries
HPCL UPI Collect HPCL,1869.23,7.533816696937817,Medium,Upi,Debit,Fuel
Zepto UPI/DR/729127877976/Zepto,463.27,6.14046627954183,Small,Upi,Debit,Groceries
Zepto Debit Card POS Zepto,496.33,6.209253789660266,Small,Debit Card,Debit,Groceries
McDonald's India UPI/Paytm/McDonald's India,568.44,6.344653421761882,Small,Upi,Debit,Food
BigBasket UPI/DR/230379685404/BigBasket,504.3,6.225152312297863,Small,Upi,Debit,Groceries
Credit Card Bill Payment Net Banking Payment Credit Card Bill Payment,3807.92,8.245100963370144,Large,Net Banking,Debit,Bills
Local Barbershop ATM Cash Withdrawal,1412.66,7.253937364926463,Medium,Cash Withdrawal,Debit,Miscellaneous
Starbucks India UPI Collect Starbucks India,150.41,5.019991389020281,Small,Upi,Debit,Food
Spotify Auto Debit Spotify,155.98,5.0561184086986675,Small,Auto Debit,Debit,Subscription
Municipal Water Department UPI/DR/311563015268/Municipal Water Department,210.37,5.353610152296746,Small,Upi,Debit,Bills
Nykaa POS Purchase Nykaa,844.18,6.739549622423593,Medium,Credit Card,Debit,Shopping
Home Depot India POS Purchase Home Depot India,512.04,6.240353814840607,Small,Credit Card,Debit,Miscellaneous
BigBasket POS Purchase BigBasket,497.52,6.211643708958176,Small,Credit Card,Debit,Groceries
Myntra UPI Collect Myntra,599.38,6.397562788078563,Small,Upi,Debit,Shopping
Credit Card Bill Payment Auto Debit Credit Card Bill Payment,6169.13,8.72747518636953,Large,Auto Debit,Debit,Bills
Ace Hardware India POS Purchase Ace Hardware India,529.35,6.273537165951479,Small,Credit Card,Debit,Miscellaneous
Adani Electricity Electricity Bill Adani Electricity,5500.8,8.612830590405798,Large,Auto Debit,Debit,Bills
Blinkit UPI/DR/183590311375/Blinkit,850.11,6.746541379914537,Medium,Upi,Debit,Groceries
Reliance Fresh POS Purchase Reliance Fresh,794.56,6.679046269195045,Medium,Debit Card,Debit,Groceries
ICICI Lombard Auto Debit ICICI Lombard,8464.53,9.043757903357411,Large,Auto Debit,Debit,Insurance
EatClub POS Purchase EatClub,198.97,5.298167355296911,Small,Credit Card,Debit,Food
Myntra UPI/DR/591363540943/Myntra,598.87,6.396712965073866,Small,Upi,Debit,Shopping
Credit Card Bill Payment Auto Debit Credit Card Bill Payment,6382.13,8.76141385164744,Large,Auto Debit,Debit,Bills
Burger King UPI/DR/566644652948/Burger King,215.22,5.376296407864626,Small,Upi,Debit,Food
Local Barbershop UPI/DR/227232864399/Local Barbershop,1501.86,7.3151252383752645,Medium,Upi,Debit,Miscellaneous
Credit Card Bill Payment Auto Debit Credit Card Bill Payment,2770.52,7.92715118514268,Large,Auto Debit,Debit,Bills
Nykaa POS Purchase Nykaa,1568.88,7.358754462300175,Medium,Credit Card,Debit,Shopping
Credit Card Bill Payment Auto Debit Credit Card Bill Payment,2681.27,7.894418729915564,Large,Auto Debit,Debit,Bills
Municipal Water Department Net Banking Payment Municipal Water Department,204.03,5.323156309894955,Small,Net Banking,Debit,Bills
Ajio UPI Collect Ajio,1443.06,7.2752138698360795,Medium,Upi,Debit,Shopping
Meesho UPI/DR/151648306254/Meesho,891.76,6.794317787755984,Medium,Upi,Debit,Shopping
Swiggy UPI/Paytm/Swiggy,190.89,5.256922291181651,Small,Upi,Debit,Food
Credit Card Bill Payment Net Banking Payment Credit Card Bill Payment,3643.83,8.201065004123292,Large,Net Banking,Debit,Bills
McDonald's India UPI/Paytm/McDonald's India,284.36,5.653751541050636,Small,Upi,Debit,Food
Nature's Basket POS Purchase Nature's Basket,1585.78,7.3694620845778855,Medium,Credit Card,Debit,Groceries
BPCL UPI Payment BPCL,1901.01,7.550666500715068,Medium,Upi,Debit,Fuel
Myntra POS Purchase Myntra,561.28,6.331999946463565,Small,Credit Card,Debit,Shopping
Starbucks India POS Purchase Starbucks India,140.53,4.952511708745748,Small,Credit Card,Debit,Food
Blinkit POS Purchase Blinkit,506.82,6.230127054079862,Small,Debit Card,Debit,Groceries
Credit Card Bill Payment Net Banking Payment Credit Card Bill Payment,3862.23,8.259258900112117,Large,Net Banking,Debit,Bills
LIC Auto Debit LIC,8417.29,9.038161998725249,Large,Auto Debit,Debit,Insurance
BPCL UPI/Paytm/BPCL,2600.25,7.863747377707845,Medium,Upi,Debit,Fuel
Employer Salary Credit NEFT Salary Credit,47629.13,10.771220823163425,Large,Neft,Credit,Salary
Indian Oil UPI/Paytm/Indian Oil,2980.44,8.00016168426206,Large,Upi,Debit,Fuel
Nykaa POS Purchase Nykaa,557.1,6.324538157794388,Small,Credit Card,Debit,Shopping
Myntra UPI Payment Myntra,341.83,5.837234697480211,Small,Upi,Debit,Shopping
Credit Card Bill Payment Net Banking Payment Credit Card Bill Payment,2653.0,7.8838232148921525,Large,Net Banking,Debit,Bills
HPCL Debit Card POS HPCL,2767.37,7.926013978324684,Large,Debit Card,Debit,Fuel
Credit Card Bill Payment Auto Debit Credit Card Bill Payment,3992.9,8.29252347610598,Large,Auto Debit,Debit,Bills
Nykaa UPI Collect Nykaa,323.45,5.782131441067177,Small,Upi,Debit,Shopping
Reliance Fresh UPI Collect Reliance Fresh,807.49,6.695168310356872,Medium,Upi,Debit,Groceries
Municipal Water Department UPI Payment Municipal Water Department,217.17,5.385274575403933,Small,Upi,Debit,Bills
Blinkit POS Purchase Blinkit,487.95,6.192260234758284,Small,Credit Card,Debit,Groceries
Credit Card Bill Payment Auto Debit Credit Card Bill Payment,3974.1,8.287805184004698,Large,Auto Debit,Debit,Bills
House Rent Payment IMPS Transfer House Rent Payment,8205.32,9.012659868098503,Large,Imps,Debit,Rent
Municipal Water Department Auto Debit Municipal Water Department,206.86,5.336864776160276,Small,Auto Debit,Debit,Bills
Spotify Auto Debit Spotify,158.79,5.073860453151297,Small,Auto Debit,Debit,Subscription
Blinkit POS Purchase Blinkit,1646.73,7.407153862095549,Medium,Credit Card,Debit,Groceries
Burger King Debit Card POS Burger King,327.07,5.793227000248627,Small,Debit Card,Debit,Food
Myntra Debit Card POS Myntra,505.29,6.227109627645117,Small,Debit Card,Debit,Shopping
Credit Card Bill Payment Net Banking Payment Credit Card Bill Payment,2750.46,7.9198869588691565,Large,Net Banking,Debit,Bills
Bharat Gas UPI Collect Bharat Gas,709.99,6.566658365006723,Medium,Upi,Debit,Bills
BSNL Net Banking Payment BSNL,1396.17,7.242204041187703,Medium,Net Banking,Debit,Bills
Local Barbershop UPI Collect Local Barbershop,1487.7,7.305658534883012,Medium,Upi,Debit,Miscellaneous
Indian Oil UPI Payment Indian Oil,2917.53,7.978835343844056,Large,Upi,Debit,Fuel
Credit Card Bill Payment Net Banking Payment Credit Card Bill Payment,3769.36,8.23492576659929,Large,Net Banking,Debit,Bills
Bharat Gas Auto Debit Bharat Gas,716.92,6.576358142227673,Medium,Auto Debit,Debit,Bills
Bajaj Allianz Auto Debit Bajaj Allianz,8142.13,9.004929905971897,Large,Auto Debit,Debit,Insurance
BigBasket POS Purchase BigBasket,464.29,6.142660867108804,Small,Credit Card,Debit,Groceries
Jio UPI/Paytm/Jio,193.09,5.268321969012636,Small,Upi,Debit,Bills
House Rent Payment IMPS Transfer House Rent Payment,7683.66,8.94698141296406,Large,Imps,Debit,Rent
Credit Card Bill Payment Net Banking Payment Credit Card Bill Payment,12909.44,9.4657915653668,Large,Net Banking,Debit,Bills
Credit Card Bill Payment Net Banking Payment Credit Card Bill Payment,4184.85,8.339465068632416,Large,Net Banking,Debit,Bills
Credit Card Bill Payment Auto Debit Credit Card Bill Payment,2631.84,7.87581839046419,Medium,Auto Debit,Debit,Bills
Adani Electricity UPI/Paytm/Adani Electricity,4940.38,8.505399923397121,Large,Upi,Debit,Bills
Employer Salary Credit NEFT Salary Credit,46672.79,10.75093804413174,Large,Neft,Credit,Salary
Airtel Net Banking Payment Airtel,189.02,5.247129329778604,Small,Net Banking,Debit,Bills
Indian Oil UPI Payment Indian Oil,2864.57,7.960522562239921,Large,Upi,Debit,Fuel
Credit Card Bill Payment Auto Debit Credit Card Bill Payment,2774.32,7.9285213348475505,Large,Auto Debit,Debit,Bills
Jio Fiber Auto Debit Jio Fiber,1348.78,7.207696895189605,Medium,Auto Debit,Debit,Bills
Adani Electricity Electricity Bill Adani Electricity,5128.33,8.542730325346833,Large,Auto Debit,Debit,Bills
BEST UPI Collect BEST,5034.48,8.524264133280093,Large,Upi,Debit,Bills
Zepto POS Purchase Zepto,834.96,6.728580765050051,Medium,Debit Card,Debit,Groceries
Credit Card Bill Payment Net Banking Payment Credit Card Bill Payment,4107.1,8.32071591349803,Large,Net Banking,Debit,Bills
Credit Card Bill Payment Net Banking Payment Credit Card Bill Payment,12734.71,9.45216513772442,Large,Net Banking,Debit,Bills
Amazon India POS Purchase Amazon India,1297.35,7.168849506524821,Medium,Credit Card,Debit,Shopping
Adani Electricity Net Banking Payment Adani Electricity,5528.32,8.617820121313533,Large,Net Banking,Debit,Bills
Credit Card Bill Payment Auto Debit Credit Card Bill Payment,2804.23,7.93924081103021,Large,Auto Debit,Debit,Bills
Credit Card Bill Payment Net Banking Payment Credit Card Bill Payment,3913.21,8.272368800068076,Large,Net Banking,Debit,Bills
Credit Card Bill Payment Auto Debit Credit Card Bill Payment,4190.36,8.340780542589634,Large,Auto Debit,Debit,Bills
Meesho POS Purchase Meesho,538.24,6.290160740822864,Small,Credit Card,Debit,Shopping
Ajio POS Purchase Ajio,549.88,6.311516999590213,Small,Credit Card,Debit,Shopping
Myntra POS Purchase Myntra,562.61,6.334362522947317,Small,Credit Card,Debit,Shopping
Blinkit UPI Payment Blinkit,843.15,6.738330203923202,Medium,Upi,Debit,Groceries
Lakme Salon UPI Collect Lakme Salon,1521.11,7.327852809134613,Medium,Upi,Debit,Miscellaneous
DMart Debit Card POS DMart,810.03,6.6983050447999295,Medium,Debit Card,Debit,Groceries
Flipkart POS Purchase Flipkart,551.16,6.313837859349693,Small,Credit Card,Debit,Shopping
Credit Card Bill Payment Net Banking Payment Credit Card Bill Payment,4185.17,8.339541513743669,Large,Net Banking,Debit,Bills
Faasos UPI/Paytm/Faasos,312.38,5.7474165116762626,Small,Upi,Debit,Food
Credit Card Bill Payment Net Banking Payment Credit Card Bill Payment,2732.35,7.91328324212662,Large,Net Banking,Debit,Bills
Spotify Auto Debit Spotify,149.74,5.015556498415324,Small,Auto Debit,Debit,Subscription
Credit Card Bill Payment Net Banking Payment Credit Card Bill Payment,13167.99,9.48562010235083,Large,Net Banking,Debit,Bills
Meesho UPI/Paytm/Meesho,582.32,6.368735920845364,Small,Upi,Debit,Shopping
Employer Salary Credit NEFT Salary Credit,47470.07,10.767875751843256,Large,Neft,Credit,Salary
Chaayos POS Purchase Chaayos,140.73,4.953923839178814,Small,Debit Card,Debit,Food
Flipkart POS Purchase Flipkart,592.08,6.385329297149825,Small,Credit Card,Debit,Shopping
Local Hardware Store Debit Card POS Local Hardware Store,570.94,6.349034090773027,Small,Debit Card,Debit,Miscellaneous
Toit Brewpub Debit Card POS Toit Brewpub,557.21,6.32473523566766,Small,Debit Card,Debit,Food
DMart POS Purchase DMart,1418.74,7.258229035239164,Medium,Debit Card,Debit,Groceries
HPCL Debit Card POS HPCL,2377.18,7.774090768246478,Medium,Debit Card,Debit,Fuel
Jio Auto Debit Jio,191.4,5.259576538231606,Small,Auto Debit,Debit,Bills
Zepto UPI Payment Zepto,1035.68,6.943778578158793,Medium,Upi,Debit,Groceries
Dish TV Net Banking Payment Dish TV,302.93,5.716797411733696,Small,Net Banking,Debit,Subscription
Credit Card Bill Payment Net Banking Payment Credit Card Bill Payment,2863.97,7.960313157889828,Large,Net Banking,Debit,Bills
Reliance Fresh UPI/Paytm/Reliance Fresh,1383.29,7.232942651799938,Medium,Upi,Debit,Groceries
Credit Card Bill Payment Net Banking Payment Credit Card Bill Payment,1734.88,7.459269768407129,Medium,Net Banking,Debit,Bills
Naturals Salon POS Purchase Naturals Salon,1549.97,7.346635820629705,Medium,Debit Card,Debit,Miscellaneous
DMart UPI/Paytm/DMart,519.82,6.255404492614761,Small,Upi,Debit,Groceries
Burger King UPI Payment Burger King,211.18,5.357434971031125,Small,Upi,Debit,Food
Social UPI/Paytm/Social,609.07,6.41357370468197,Small,Upi,Debit,Food
Spotify Auto Debit Spotify,155.87,5.055417436868149,Small,Auto Debit,Debit,Subscription
BEST Electricity Bill BEST,5293.45,8.574414381063521,Large,Auto Debit,Debit,Bills
Myntra POS Purchase Myntra,1303.83,7.1738280430719215,Medium,Credit Card,Debit,Shopping
Jio Auto Debit Jio,206.2,5.333684510385328,Small,Auto Debit,Debit,Bills
BEST Electricity Bill BEST,5511.21,8.614720910661516,Large,Auto Debit,Debit,Bills
BPCL UPI/Paytm/BPCL,3123.49,8.047026348851933,Large,Upi,Debit,Fuel
Airtel UPI Payment Airtel,1384.93,7.234126673423921,Medium,Upi,Debit,Bills
Swiggy UPI/DR/674466414589/Swiggy,330.42,5.8033864532016475,Small,Upi,Debit,Food
House Rent Payment IMPS Transfer House Rent Payment,8241.22,9.017025004092874,Large,Imps,Debit,Rent
Credit Card Bill Payment Auto Debit Credit Card Bill Payment,2302.29,7.742093814602596,Medium,Auto Debit,Debit,Bills
McDonald's India UPI Payment McDonald's India,203.16,5.318904000156425,Small,Upi,Debit,Food
Airtel UPI Collect Airtel,1370.51,7.223667601637989,Medium,Upi,Debit,Bills
Municipal Water Department Auto Debit Municipal Water Department,215.37,5.376989905199339,Small,Auto Debit,Debit,Bills
Credit Card Bill Payment Auto Debit Credit Card Bill Payment,1741.12,7.462858041377436,Medium,Auto Debit,Debit,Bills
Blinkit POS Purchase Blinkit,429.28,6.0644361595638046,Small,Credit Card,Debit,Groceries
Nature's Basket UPI Payment Nature's Basket,478.12,6.171951087956207,Small,Upi,Debit,Groceries
LIC Auto Debit LIC,8033.57,8.991508760871511,Large,Auto Debit,Debit,Insurance
Credit Card Bill Payment Auto Debit Credit Card Bill Payment,2611.84,7.8681930313458,Medium,Auto Debit,Debit,Bills
Cafe Coffee Day UPI/Paytm/Cafe Coffee Day,355.15,5.875351990424363,Small,Upi,Debit,Food
Flipkart POS Purchase Flipkart,1183.9,7.077413661822694,Medium,Credit Card,Debit,Shopping
Third Wave Coffee UPI Payment Third Wave Coffee,139.64,4.946203433936867,Small,Upi,Debit,Food
BigBasket UPI/DR/536552767442/BigBasket,440.64,6.090495070570936,Small,Upi,Debit,Groceries
McDonald's India UPI/DR/920612493341/McDonald's India,359.97,5.888794852386603,Small,Upi,Debit,Food
McDonald's India UPI/DR/685145677908/McDonald's India,406.35,6.009672766756651,Small,Upi,Debit,Food
Employer Salary Credit NEFT Salary Credit,45113.26,10.716953661767203,Large,Neft,Credit,Salary
Credit Card Bill Payment Auto Debit Credit Card Bill Payment,2230.95,7.710630921816594,Medium,Auto Debit,Debit,Bills
Credit Card Bill Payment Auto Debit Credit Card Bill Payment,2134.04,7.666240660850218,Medium,Auto Debit,Debit,Bills
Indian Oil ATM Cash Withdrawal,2210.16,7.701272543684693,Medium,Cash Withdrawal,Debit,Fuel
Tata Power UPI/DR/238569326665/Tata Power,5454.75,8.604425377359108,Large,Upi,Debit,Bills
Amazon India POS Purchase Amazon India,1252.66,7.133822552053442,Medium,Debit Card,Debit,Shopping
Credit Card Bill Payment Auto Debit Credit Card Bill Payment,2129.89,7.664295011808077,Medium,Auto Debit,Debit,Bills
Spotify Auto Debit Spotify,168.3,5.13167228913909,Small,Auto Debit,Debit,Subscription
Starbucks India UPI/DR/564707568561/Starbucks India,147.88,5.003140612333995,Small,Upi,Debit,Food
Third Wave Coffee UPI/Paytm/Third Wave Coffee,148.91,5.010035114024223,Small,Upi,Debit,Food
Adani Electricity UPI Payment Adani Electricity,5241.98,8.564645317955302,Large,Upi,Debit,Bills
Cafe Coffee Day UPI Payment Cafe Coffee Day,335.13,5.817497989896762,Small,Upi,Debit,Food
Home Depot India POS Purchase Home Depot India,579.11,6.36321774073061,Small,Credit Card,Debit,Miscellaneous
Reliance Fresh UPI Collect Reliance Fresh,1361.83,7.217318699046132,Medium,Upi,Debit,Groceries
Blinkit UPI/DR/884127910335/Blinkit,1291.23,7.164124687074972,Medium,Upi,Debit,Groceries
Nature's Basket UPI/Paytm/Nature's Basket,998.98,6.907735278782134,Medium,Upi,Debit,Groceries
Dish TV Auto Debit Dish TV,307.75,5.732531887942187,Small,Auto Debit,Debit,Subscription
House Rent Payment IMPS Transfer House Rent Payment,7562.85,8.93113559880435,Large,Imps,Debit,Rent
Credit Card Bill Payment Net Banking Payment Credit Card Bill Payment,2861.49,7.959447154406611,Large,Net Banking,Debit,Bills
EatClub UPI Payment EatClub,195.02,5.278216694841034,Small,Upi,Debit,Food
Nature's Basket UPI/Paytm/Nature's Basket,473.8,6.162893662735513,Small,Upi,Debit,Groceries
Meesho POS Purchase Meesho,603.44,6.40430240954556,Small,Credit Card,Debit,Shopping
Nature's Basket POS Purchase Nature's Basket,1073.64,6.979741000754758,Medium,Debit Card,Debit,Groceries
Credit Card Bill Payment Auto Debit Credit Card Bill Payment,2884.01,7.967283645140699,Large,Auto Debit,Debit,Bills
Zepto POS Purchase Zepto,969.0,6.877296071497429,Medium,Credit Card,Debit,Groceries
Credit Card Bill Payment Net Banking Payment Credit Card Bill Payment,4379.95,8.385020874829346,Large,Net Banking,Debit,Bills
Credit Card Bill Payment Net Banking Payment Credit Card Bill Payment,2842.66,7.952847233846793,Large,Net Banking,Debit,Bills
Bharat Gas UPI/DR/977108663295/Bharat Gas,1251.79,7.13312834308463,Medium,Upi,Debit,Bills
HDFC Ergo Auto Debit HDFC Ergo,8247.75,9.01781695269763,Large,Auto Debit,Debit,Insurance
Naturals Salon UPI/DR/024235056605/Naturals Salon,1557.24,7.351312258212889,Medium,Upi,Debit,Miscellaneous
Indian Oil UPI Payment Indian Oil,2236.24,7.712998242279819,Medium,Upi,Debit,Fuel
Credit Card Bill Payment Auto Debit Credit Card Bill Payment,2636.98,7.877768751747383,Medium,Auto Debit,Debit,Bills
Credit Card Bill Payment Auto Debit Credit Card Bill Payment,2276.12,7.730666765597361,Medium,Auto Debit,Debit,Bills
Credit Card Bill Payment Net Banking Payment Credit Card Bill Payment,1864.76,7.531423755772023,Medium,Net Banking,Debit,Bills
BEST UPI/DR/072339041947/BEST,5207.05,8.557960784456759,Large,Upi,Debit,Bills
HPCL POS Purchase HPCL,3056.39,8.025316889808657,Large,Debit Card,Debit,Fuel
Tata Power Net Banking Payment Tata Power,5176.8,8.552135534613802,Large,Net Banking,Debit,Bills
Faasos UPI Payment Faasos,351.84,5.866014696390566,Small,Upi,Debit,Food
Chaayos UPI/Paytm/Chaayos,146.35,4.992810709183703,Small,Upi,Debit,Food
Cafe Coffee Day Debit Card POS Cafe Coffee Day,334.14,5.814548354972578,Small,Debit Card,Debit,Food
Employer Salary Credit NEFT Salary Credit,46079.52,10.738145580028323,Large,Neft,Credit,Salary
Municipal Water Department Auto Debit Municipal Water Department,223.63,5.414454604177079,Small,Auto Debit,Debit,Bills
Barbeque Nation UPI Collect Barbeque Nation,196.47,5.285586674069219,Small,Upi,Debit,Food
Tata Play Auto Debit Tata Play,307.34,5.731203070232193,Small,Auto Debit,Debit,Subscription
Amazon India UPI/DR/795068154780/Amazon India,941.25,6.848270632147245,Medium,Upi,Debit,Shopping
Credit Card Bill Payment Auto Debit Credit Card Bill Payment,2677.34,7.892952478610549,Large,Auto Debit,Debit,Bills
HP Gas Net Banking Payment HP Gas,824.94,6.71652213165744,Medium,Net Banking,Debit,Bills
Toit Brewpub POS Purchase Toit Brewpub,2971.52,7.997165356885447,Large,Credit Card,Debit,Food
Amazon India POS Purchase Amazon India,626.9,6.4423809181200635,Small,Credit Card,Debit,Shopping
Credit Card Bill Payment Auto Debit Credit Card Bill Payment,6927.22,8.84335820493439,Large,Auto Debit,Debit,Bills
Flipkart POS Purchase Flipkart,625.1,6.439510102751265,Small,Debit Card,Debit,Shopping
Myntra POS Purchase Myntra,626.58,6.4418711529196155,Small,Credit Card,Debit,Shopping
Toit Brewpub UPI Payment Toit Brewpub,2927.52,7.9822524549413805,Large,Upi,Debit,Food
Credit Card Bill Payment Auto Debit Credit Card Bill Payment,4387.47,8.386735925960043,Large,Auto Debit,Debit,Bills
BEST UPI Collect BEST,5519.31,8.61618929711455,Large,Upi,Debit,Bills
Flipkart UPI Collect Flipkart,23465.16,10.063314662335847,Large,Upi,Debit,Shopping
HPCL POS Purchase HPCL,3230.58,8.080726460701639,Large,Debit Card,Debit,Fuel
Burger King POS Purchase Burger King,182.27,5.210960475329785,Small,Credit Card,Debit,Food
Starbucks India Debit Card POS Starbucks India,181.57,5.207133661125419,Small,Debit Card,Debit,Food
BSNL Auto Debit BSNL,206.14,5.333394893160733,Small,Auto Debit,Debit,Bills
Spotify Auto Debit Spotify,160.61,5.085186025360552,Small,Auto Debit,Debit,Subscription
DMart Debit Card POS DMart,434.59,6.076701433954154,Small,Debit Card,Debit,Groceries
Cafe Coffee Day POS Purchase Cafe Coffee Day,352.89,5.868986130382541,Small,Credit Card,Debit,Food
Amazon India POS Purchase Amazon India,23232.05,10.053331112884193,Large,Debit Card,Debit,Shopping
Credit Card Bill Payment Auto Debit Credit Card Bill Payment,2870.64,7.962638574121959,Large,Auto Debit,Debit,Bills
House Rent Payment NEFT Rent Payment,8351.13,9.030271875135384,Large,Neft,Debit,Rent
LIC Auto Debit LIC,8448.99,9.041920536918566,Large,Auto Debit,Debit,Insurance
Spotify Auto Debit Spotify,165.96,5.117754262768945,Small,Auto Debit,Debit,Subscription
Swiggy UPI/DR/159841457129/Swiggy,181.57,5.207133661125419,Small,Upi,Debit,Food
Jio Fiber Auto Debit Jio Fiber,1295.71,7.167585566409115,Medium,Auto Debit,Debit,Bills
Reliance Fresh UPI Collect Reliance Fresh,2205.68,7.699244402540762,Medium,Upi,Debit,Groceries
HPCL UPI/DR/909065971394/HPCL,3450.89,8.146677186110432,Large,Upi,Debit,Fuel
DMart UPI Payment DMart,474.05,6.163420061652759,Small,Upi,Debit,Groceries
Credit Card Bill Payment Auto Debit Credit Card Bill Payment,2794.2,7.935658939379792,Large,Auto Debit,Debit,Bills
Credit Card Bill Payment Net Banking Payment Credit Card Bill Payment,2683.09,7.895097029571115,Large,Net Banking,Debit,Bills
Municipal Water Department Auto Debit Municipal Water Department,207.92,5.341951403568098,Small,Auto Debit,Debit,Bills
Employer Salary Credit NEFT Salary Credit,44565.02,10.70472696421942,Large,Neft,Credit,Salary
Reliance Fresh POS Purchase Reliance Fresh,2426.06,7.794435927299883,Medium,Debit Card,Debit,Groceries
Credit Card Bill Payment Auto Debit Credit Card Bill Payment,2667.26,7.88918185356181,Large,Auto Debit,Debit,Bills
House Rent Payment IMPS Transfer House Rent Payment,8252.31,9.018369610985877,Large,Imps,Debit,Rent
Zomato POS Purchase Zomato,192.49,5.265225831547838,Small,Debit Card,Debit,Food
DMart UPI/Paytm/DMart,2424.61,7.793838318130847,Medium,Upi,Debit,Groceries
BigBasket UPI/DR/447799726494/BigBasket,463.89,6.141800818463045,Small,Upi,Debit,Groceries
Jio Fiber UPI/Paytm/Jio Fiber,1319.01,7.185394591309296,Medium,Upi,Debit,Bills
Credit Card Bill Payment Auto Debit Credit Card Bill Payment,6956.02,8.847506500721867,Large,Auto Debit,Debit,Bills
Airtel Net Banking Payment Airtel,197.52,5.29088985071924,Small,Net Banking,Debit,Bills
Nykaa POS Purchase Nykaa,562.87,6.334823728475768,Small,Debit Card,Debit,Shopping
Credit Card Bill Payment Auto Debit Credit Card Bill Payment,3796.41,8.242074534386582,Large,Auto Debit,Debit,Bills
BEST Electricity Bill BEST,5188.22,8.554338675848067,Large,Auto Debit,Debit,Bills
Cafe Coffee Day POS Purchase Cafe Coffee Day,365.1,5.902906520126191,Small,Debit Card,Debit,Food
Municipal Water Department Auto Debit Municipal Water Department,212.27,5.362558968609502,Small,Auto Debit,Debit,Bills
Chaayos POS Purchase Chaayos,191.9,5.262171919911683,Small,Credit Card,Debit,Food
Spotify Auto Debit Spotify,150.5,5.020585624949423,Small,Auto Debit,Debit,Subscription
Swiggy POS Purchase Swiggy,144.31,4.978869391332604,Small,Credit Card,Debit,Food
HDFC Ergo Net Banking Payment HDFC Ergo,8675.42,9.068364280180324,Large,Net Banking,Debit,Insurance
Credit Card Bill Payment Net Banking Payment Credit Card Bill Payment,4130.01,8.32627720811521,Large,Net Banking,Debit,Bills
Amazon India UPI Collect Amazon India,570.7,6.348614378269926,Small,Upi,Debit,Shopping
Amazon India POS Purchase Amazon India,539.87,6.293178954222219,Small,Credit Card,Debit,Shopping
Flipkart POS Purchase Flipkart,569.72,6.346898721610581,Small,Debit Card,Debit,Shopping
Credit Card Bill Payment Net Banking Payment Credit Card Bill Payment,2787.0,7.933079771880415,Large,Net Banking,Debit,Bills
Indian Oil POS Purchase Indian Oil,3373.49,8.123999480777085,Large,Debit Card,Debit,Fuel
EatClub POS Purchase EatClub,193.66,5.2712544469983476,Small,Credit Card,Debit,Food
DMart UPI Collect DMart,728.41,6.592235988179147,Medium,Upi,Debit,Groceries
Credit Card Bill Payment Auto Debit Credit Card Bill Payment,6998.92,8.853653999400715,Large,Auto Debit,Debit,Bills
Bharat Gas Auto Debit Bharat Gas,880.77,6.781931251025072,Medium,Auto Debit,Debit,Bills
BPCL POS Purchase BPCL,3514.06,8.16481187380036,Large,Debit Card,Debit,Fuel
Jio Fiber UPI/DR/934435252417/Jio Fiber,1269.07,7.146827296043926,Medium,Upi,Debit,Bills
Credit Card Bill Payment Auto Debit Credit Card Bill Payment,2728.77,7.911972635545603,Large,Auto Debit,Debit,Bills
HPCL UPI/Paytm/HPCL,3294.51,8.100316214929075,Large,Upi,Debit,Fuel
Airtel Digital TV Auto Debit Airtel Digital TV,296.46,5.695279762164452,Small,Auto Debit,Debit,Subscription
Myntra UPI Payment Myntra,653.84,6.484390930986141,Small,Upi,Debit,Shopping
House Rent Payment NEFT Rent Payment,7965.89,8.983049482331365,Large,Neft,Debit,Rent
Reliance Fresh POS Purchase Reliance Fresh,697.43,6.548834958929299,Medium,Debit Card,Debit,Groceries
Credit Card Bill Payment Net Banking Payment Credit Card Bill Payment,2734.38,7.9140256448757915,Large,Net Banking,Debit,Bills
Employer Salary Credit NEFT Salary Credit,44479.59,10.702808193224982,Large,Neft,Credit,Salary
Airtel Auto Debit Airtel,190.83,5.256609563148246,Small,Auto Debit,Debit,Bills
Credit Card Bill Payment Auto Debit Credit Card Bill Payment,2659.6,7.886306940249805,Large,Auto Debit,Debit,Bills
Domino's India UPI Payment Domino's India,176.49,5.178914269300255,Small,Upi,Debit,Food
Myntra UPI Collect Myntra,636.3,6.457240502320248,Small,Upi,Debit,Shopping
Chaayos UPI Payment Chaayos,193.51,5.2704835756186,Small,Upi,Debit,Food
Burger King UPI Collect Burger King,184.08,5.220788164038799,Small,Upi,Debit,Food
Municipal Water Department Auto Debit Municipal Water Department,225.02,5.420623490932004,Small,Auto Debit,Debit,Bills
Credit Card Bill Payment Auto Debit Credit Card Bill Payment,3557.34,8.177049422963261,Large,Auto Debit,Debit,Bills
Flipkart UPI/DR/510503797037/Flipkart,1205.33,7.095337971697562,Medium,Upi,Debit,Shopping
Nature's Basket UPI/DR/417590523551/Nature's Basket,475.75,6.166992244480529,Small,Upi,Debit,Groceries
Reliance Fresh POS Purchase Reliance Fresh,454.3,6.120956542340736,Small,Credit Card,Debit,Groceries
Myntra POS Purchase Myntra,1182.78,7.076467987368173,Medium,Debit Card,Debit,Shopping
Credit Card Bill Payment Net Banking Payment Credit Card Bill Payment,4645.18,8.4438006555846,Large,Net Banking,Debit,Bills
Burger King POS Purchase Burger King,309.86,5.739342650054752,Small,Credit Card,Debit,Food
Spotify Auto Debit Spotify,163.24,5.101328772710678,Small,Auto Debit,Debit,Subscription
Airtel UPI Collect Airtel,1335.95,7.198146179244836,Medium,Upi,Debit,Bills
Ace Hardware India Debit Card POS Ace Hardware India,524.96,6.265225164218718,Small,Debit Card,Debit,Miscellaneous
Blinkit UPI/DR/422639992513/Blinkit,727.83,6.591440508655084,Medium,Upi,Debit,Groceries
Nature's Basket POS Purchase Nature's Basket,448.69,6.108558456482495,Small,Credit Card,Debit,Groceries
Flipkart POS Purchase Flipkart,2661.76,7.887118457832138,Large,Credit Card,Debit,Shopping
Blinkit UPI Collect Blinkit,467.05,6.148575127817754,Small,Upi,Debit,Groceries
Credit Card Bill Payment Net Banking Payment Credit Card Bill Payment,3600.63,8.189141799749052,Large,Net Banking,Debit,Bills
Dish TV Net Banking Payment Dish TV,301.98,5.713666796730178,Small,Net Banking,Debit,Subscription
Credit Card Bill Payment Auto Debit Credit Card Bill Payment,3566.5,8.17962034935099,Large,Auto Debit,Debit,Bills
Amazon India POS Purchase Amazon India,2964.03,7.994642429424483,Large,Debit Card,Debit,Shopping
Local Barbershop Debit Card POS Local Barbershop,1535.77,7.337438090181038,Medium,Debit Card,Debit,Miscellaneous
HP Gas Net Banking Payment HP Gas,421.85,6.047017506228231,Small,Net Banking,Debit,Bills
ICICI Lombard Auto Debit ICICI Lombard,8600.84,9.059731412845188,Large,Auto Debit,Debit,Insurance
Credit Card Bill Payment Net Banking Payment Credit Card Bill Payment,4823.08,8.48137532201744,Large,Net Banking,Debit,Bills
Local Barbershop Debit Card POS Local Barbershop,1448.56,7.279015341089014,Medium,Debit Card,Debit,Miscellaneous
Blinkit POS Purchase Blinkit,703.5,6.557488331338735,Medium,Credit Card,Debit,Groceries
LIC Auto Debit LIC,8639.82,9.064252764702086,Large,Auto Debit,Debit,Insurance
Indian Oil UPI/DR/667285782430/Indian Oil,3783.73,8.23872982911314,Large,Upi,Debit,Fuel
Faasos POS Purchase Faasos,623.73,6.437319556397519,Small,Debit Card,Debit,Food
Credit Card Bill Payment Net Banking Payment Credit Card Bill Payment,3810.92,8.24588827819501,Large,Net Banking,Debit,Bills
Social UPI/DR/560826223204/Social,2562.65,7.849187303262624,Medium,Upi,Debit,Food
EatClub UPI Payment EatClub,287.99,5.666392085437642,Small,Upi,Debit,Food
Ace Hardware India UPI Collect Ace Hardware India,505.76,6.228037518733853,Small,Upi,Debit,Miscellaneous
Reliance Fresh Debit Card POS Reliance Fresh,569.53,6.346565753370922,Small,Debit Card,Debit,Groceries
Airtel Auto Debit Airtel,190.78,5.256348881725535,Small,Auto Debit,Debit,Bills
Tata Power Electricity Bill Tata Power,5246.0,8.565411763686711,Large,Auto Debit,Debit,Bills
Employer Salary Credit NEFT Salary Credit,45024.58,10.71498605169356,Large,Neft,Credit,Salary
BSNL Auto Debit BSNL,1411.53,7.253137701733106,Medium,Auto Debit,Debit,Bills
ICICI Lombard Auto Debit ICICI Lombard,8141.15,9.004809551885117,Large,Auto Debit,Debit,Insurance
House Rent Payment IMPS Transfer House Rent Payment,8404.06,9.036589184425207,Large,Imps,Debit,Rent
BigBasket UPI Collect BigBasket,743.01,6.61205447560298,Medium,Upi,Debit,Groceries
Home Depot India UPI/DR/436872878477/Home Depot India,488.81,6.1940175608061825,Small,Upi,Debit,Miscellaneous
Social UPI Payment Social,2527.02,7.835191666627858,Medium,Upi,Debit,Food
Amazon India POS Purchase Amazon India,1164.25,7.06069093525285,Medium,Debit Card,Debit,Shopping
Swiggy UPI Payment Swiggy,691.86,6.540827958579054,Medium,Upi,Debit,Food
Credit Card Bill Payment Auto Debit Credit Card Bill Payment,4788.63,8.474208443162597,Large,Auto Debit,Debit,Bills
Credit Card Bill Payment Auto Debit Credit Card Bill Payment,3540.34,8.172260465576453,Large,Auto Debit,Debit,Bills
Faasos Debit Card POS Faasos,243.58,5.499542453761224,Small,Debit Card,Debit,Food
Credit Card Bill Payment Net Banking Payment Credit Card Bill Payment,4667.24,8.448537405966546,Large,Net Banking,Debit,Bills
Zepto UPI/DR/740918061247/Zepto,463.09,6.140078498934618,Small,Upi,Debit,Groceries
Local Wine & Beer Shop POS Purchase Local Wine & Beer Shop,916.81,6.821990397521337,Medium,Credit Card,Debit,Food
BPCL Debit Card POS BPCL,3776.72,8.236875932027475,Large,Debit Card,Debit,Fuel
Flipkart Debit Card POS Flipkart,1179.34,7.0735578115498425,Medium,Debit Card,Debit,Shopping
DMart UPI Collect DMart,1228.11,7.114045609222335,Medium,Upi,Debit,Groceries
Jio Fiber Auto Debit Jio Fiber,1302.67,7.172938642974956,Medium,Auto Debit,Debit,Bills
Municipal Water Department Auto Debit Municipal Water Department,211.71,5.359929735675559,Small,Auto Debit,Debit,Bills
Toit Brewpub UPI Collect Toit Brewpub,957.01,6.864858216329742,Medium,Upi,Debit,Food
HPCL UPI Collect HPCL,3613.89,8.192816705360883,Large,Upi,Debit,Fuel
House Rent Payment NEFT Rent Payment,7592.08,8.93499258517775,Large,Neft,Debit,Rent
Lakme Salon UPI Payment Lakme Salon,1559.99,7.353075514345009,Medium,Upi,Debit,Miscellaneous
HPCL UPI Collect HPCL,3896.18,8.268008493648455,Large,Upi,Debit,Fuel
Local Wine & Beer Shop POS Purchase Local Wine & Beer Shop,2400.0,7.783640596221253,Medium,Credit Card,Debit,Food
DMart Debit Card POS DMart,755.97,6.629323622533264,Medium,Debit Card,Debit,Groceries
Airtel Digital TV Auto Debit Airtel Digital TV,294.4,5.68833037009728,Small,Auto Debit,Debit,Subscription
Credit Card Bill Payment Net Banking Payment Credit Card Bill Payment,2690.99,7.898035976047466,Large,Net Banking,Debit,Bills
Meesho Debit Card POS Meesho,1196.02,7.08759041385615,Medium,Debit Card,Debit,Shopping
Spotify Auto Debit Spotify,167.15,5.124856438186279,Small,Auto Debit,Debit,Subscription
Cafe Coffee Day Debit Card POS Cafe Coffee Day,235.31,5.4651445023833425,Small,Debit Card,Debit,Food
Blinkit UPI Collect Blinkit,609.69,6.414589465442984,Small,Upi,Debit,Groceries
Meesho Debit Card POS Meesho,956.14,6.8639496712446615,Medium,Debit Card,Debit,Shopping
Myntra POS Purchase Myntra,939.75,6.846677429473547,Medium,Credit Card,Debit,Shopping
Credit Card Bill Payment Net Banking Payment Credit Card Bill Payment,4354.13,8.379109739587348,Large,Net Banking,Debit,Bills
Credit Card Bill Payment Auto Debit Credit Card Bill Payment,4804.61,8.477539264439397,Large,Auto Debit,Debit,Bills
Nykaa UPI/Paytm/Nykaa,568.8,6.3452854220638075,Small,Upi,Debit,Shopping
Credit Card Bill Payment Auto Debit Credit Card Bill Payment,4865.74,8.49017958740794,Large,Auto Debit,Debit,Bills
Credit Card Bill Payment Auto Debit Credit Card Bill Payment,2718.47,7.908192287362565,Large,Auto Debit,Debit,Bills
Credit Card Bill Payment Auto Debit Credit Card Bill Payment,2531.75,7.837060947933787,Medium,Auto Debit,Debit,Bills
Flipkart POS Purchase Flipkart,2975.04,7.99834883672287,Large,Credit Card,Debit,Shopping
Cafe Coffee Day UPI/DR/539706537809/Cafe Coffee Day,676.95,6.5190735389083185,Medium,Upi,Debit,Food
Cafe Coffee Day UPI/DR/382915414789/Cafe Coffee Day,277.8,5.630494678886369,Small,Upi,Debit,Food
Employer Salary Credit NEFT Salary Credit,42783.69,10.663935607295931,Large,Neft,Credit,Salary
Credit Card Bill Payment Net Banking Payment Credit Card Bill Payment,2499.95,7.824425938674578,Medium,Net Banking,Debit,Bills
Credit Card Bill Payment Net Banking Payment Credit Card Bill Payment,3735.87,8.226003641617883,Large,Net Banking,Debit,Bills
DMart POS Purchase DMart,678.62,6.521533818440677,Medium,Debit Card,Debit,Groceries
Jio Net Banking Payment Jio,206.63,5.335757649521882,Small,Net Banking,Debit,Bills
Municipal Water Department Auto Debit Municipal Water Department,207.68,5.340801978154192,Small,Auto Debit,Debit,Bills
Tata Play Auto Debit Tata Play,285.83,5.658889705765464,Small,Auto Debit,Debit,Subscription
House Rent Payment NEFT Rent Payment,8103.93,9.000227797488433,Large,Neft,Debit,Rent
BPCL UPI Payment BPCL,3628.34,8.196806092546149,Large,Upi,Debit,Fuel
DMart POS Purchase DMart,570.13,6.347616854496022,Small,Credit Card,Debit,Groceries
Municipal Water Department Auto Debit Municipal Water Department,210.81,5.355689646405907,Small,Auto Debit,Debit,Bills
Nature's Basket UPI/Paytm/Nature's Basket,469.52,6.153838466092241,Small,Upi,Debit,Groceries
Credit Card Bill Payment Auto Debit Credit Card Bill Payment,3680.65,8.211116300240596,Large,Auto Debit,Debit,Bills
Credit Card Bill Payment Net Banking Payment Credit Card Bill Payment,10541.12,9.263133940389638,Large,Net Banking,Debit,Bills
Spotify Auto Debit Spotify,152.75,5.035327906686628,Small,Auto Debit,Debit,Subscription
HP Gas Auto Debit HP Gas,419.7,6.041919990596475,Small,Auto Debit,Debit,Bills
Airtel Auto Debit Airtel,196.8,5.287256419188612,Small,Auto Debit,Debit,Bills
Municipal Water Department Auto Debit Municipal Water Department,213.7,5.369241704884735,Small,Auto Debit,Debit,Bills
Credit Card Bill Payment Auto Debit Credit Card Bill Payment,3577.22,8.182620749042595,Large,Auto Debit,Debit,Bills
Tata Power UPI Collect Tata Power,5111.07,8.539359689234354,Large,Upi,Debit,Bills
Credit Card Bill Payment Net Banking Payment Credit Card Bill Payment,3728.75,8.224096486262958,Large,Net Banking,Debit,Bills
House Rent Payment NEFT Rent Payment,8084.36,8.997810297921584,Large,Neft,Debit,Rent
Jio Fiber Auto Debit Jio Fiber,1288.64,7.162118388641062,Medium,Auto Debit,Debit,Bills
Flipkart UPI/DR/280901060638/Flipkart,290.2,5.674010316322531,Small,Upi,Debit,Shopping
Credit Card Bill Payment Net Banking Payment Credit Card Bill Payment,5623.17,8.634828660629672,Large,Net Banking,Debit,Bills
Credit Card Bill Payment Auto Debit Credit Card Bill Payment,4017.31,8.298616695211098,Large,Auto Debit,Debit,Bills
Tata Power Electricity Bill Tata Power,5410.64,8.596307468231196,Large,Auto Debit,Debit,Bills
BEST Electricity Bill BEST,5216.66,8.559804304508955,Large,Auto Debit,Debit,Bills
Dish TV UPI/DR/571590243417/Dish TV,779.14,6.659473390757228,Medium,Upi,Debit,Subscription
Credit Card Bill Payment Auto Debit Credit Card Bill Payment,3824.97,8.24956730888216,Large,Auto Debit,Debit,Bills
Credit Card Bill Payment Net Banking Payment Credit Card Bill Payment,5583.16,8.627689297326839,Large,Net Banking,Debit,Bills
Credit Card Bill Payment Net Banking Payment Credit Card Bill Payment,3669.23,8.208009609384643,Large,Net Banking,Debit,Bills
Credit Card Bill Payment Net Banking Payment Credit Card Bill Payment,5457.87,8.604997087612876,Large,Net Banking,Debit,Bills
Nature's Basket UPI Collect Nature's Basket,409.19,6.0166204669891,Small,Upi,Debit,Groceries
Nykaa POS Purchase Nykaa,1250.66,7.13222594928425,Medium,Credit Card,Debit,Shopping
Credit Card Bill Payment Net Banking Payment Credit Card Bill Payment,3415.94,8.136500692698615,Large,Net Banking,Debit,Bills
Home Depot India UPI/Paytm/Home Depot India,494.32,6.2052040183468975,Small,Upi,Debit,Miscellaneous
Amazon India POS Purchase Amazon India,23543.32,10.066639881394169,Large,Credit Card,Debit,Shopping
Barbeque Nation UPI Collect Barbeque Nation,402.81,6.000944470307114,Small,Upi,Debit,Food
Domino's India UPI Collect Domino's India,398.22,5.989512643382737,Small,Upi,Debit,Food
Credit Card Bill Payment Auto Debit Credit Card Bill Payment,5714.58,8.650951058393508,Large,Auto Debit,Debit,Bills
House Rent Payment IMPS Transfer House Rent Payment,7783.46,8.959884717700444,Large,Imps,Debit,Rent
Cafe Coffee Day UPI/Paytm/Cafe Coffee Day,180.93,5.203621997708712,Small,Upi,Debit,Food
BPCL POS Purchase BPCL,3419.84,8.13764141393355,Large,Debit Card,Debit,Fuel
Employer Salary Credit NEFT Salary Credit,43452.98,10.679457726038258,Large,Neft,Credit,Salary
EatClub POS Purchase EatClub,932.22,6.838640971550711,Medium,Debit Card,Debit,Food
Domino's India UPI/DR/197581577604/Domino's India,383.56,5.952099823585705,Small,Upi,Debit,Food
Municipal Water Department Auto Debit Municipal Water Department,215.21,5.376250157604459,Small,Auto Debit,Debit,Bills
Spotify Auto Debit Spotify,154.11,5.04413454263666,Small,Auto Debit,Debit,Subscription
Airtel Auto Debit Airtel,195.45,5.280407946004469,Small,Auto Debit,Debit,Bills
Myntra POS Purchase Myntra,673.02,6.5132597840625595,Medium,Credit Card,Debit,Shopping
Amazon India UPI Payment Amazon India,288.14,5.6669109998802965,Small,Upi,Debit,Shopping
Flipkart POS Purchase Flipkart,23730.95,10.074577520516378,Large,Credit Card,Debit,Shopping
Myntra UPI/DR/502491509787/Myntra,308.96,5.7364432568957495,Small,Upi,Debit,Shopping
ICICI Lombard Net Banking Payment ICICI Lombard,8156.13,9.00664767040541,Large,Net Banking,Debit,Insurance
Bharat Gas UPI Payment Bharat Gas,379.16,5.940592216734226,Small,Upi,Debit,Bills
HDFC Ergo Net Banking Payment HDFC Ergo,8444.78,9.041422187321345,Large,Net Banking,Debit,Insurance
Credit Card Bill Payment Auto Debit Credit Card Bill Payment,5764.07,8.659572574867084,Large,Auto Debit,Debit,Bills
Credit Card Bill Payment Auto Debit Credit Card Bill Payment,3597.81,8.188358514243115,Large,Auto Debit,Debit,Bills
Ajio Debit Card POS Ajio,644.02,6.46928132406698,Small,Debit Card,Debit,Shopping
Barbeque Nation UPI/Paytm/Barbeque Nation,413.96,6.028182130043144,Small,Upi,Debit,Food
Myntra POS Purchase Myntra,578.93,6.36290740660171,Small,Credit Card,Debit,Shopping
ICICI Lombard Auto Debit ICICI Lombard,8080.37,8.997316691597854,Large,Auto Debit,Debit,Insurance
Bharat Gas Auto Debit Bharat Gas,383.03,5.950720674536128,Small,Auto Debit,Debit,Bills
Amazon India Debit Card POS Amazon India,1006.7,6.915425785286357,Medium,Debit Card,Debit,Shopping
Barbeque Nation UPI/DR/456857612334/Barbeque Nation,405.6,6.007829901194246,Small,Upi,Debit,Food
House Rent Payment NEFT Rent Payment,8214.63,9.013793716514485,Large,Neft,Debit,Rent
Jio UPI/DR/074085677789/Jio,194.16,5.273819734947637,Small,Upi,Debit,Bills
EatClub POS Purchase EatClub,422.08,6.047561286459852,Small,Debit Card,Debit,Food
HPCL POS Purchase HPCL,3300.86,8.102241225034893,Large,Debit Card,Debit,Fuel
Spotify Auto Debit Spotify,153.49,5.040129369323958,Small,Auto Debit,Debit,Subscription
Zomato UPI Payment Zomato,395.0,5.981414211254481,Small,Upi,Debit,Food
Ajio UPI/Paytm/Ajio,710.48,6.567347307507276,Medium,Upi,Debit,Shopping
Local Hardware Store POS Purchase Local Hardware Store,489.03,6.1944666137203255,Small,Credit Card,Debit,Miscellaneous
Cafe Coffee Day Debit Card POS Cafe Coffee Day,188.33,5.243491524264258,Small,Debit Card,Debit,Food
Credit Card Bill Payment Net Banking Payment Credit Card Bill Payment,5437.47,8.60125305029179,Large,Net Banking,Debit,Bills
Tata Play Auto Debit Tata Play,833.67,6.727036437154129,Medium,Auto Debit,Debit,Subscription
Ace Hardware India UPI/Paytm/Ace Hardware India,515.52,6.247114009978451,Small,Upi,Debit,Miscellaneous
Swiggy UPI/DR/542614413187/Swiggy,396.33,5.98476716966025,Small,Upi,Debit,Food
Municipal Water Department Net Banking Payment Municipal Water Department,218.41,5.390942125653859,Small,Net Banking,Debit,Bills
HPCL ATM Cash Withdrawal,3317.35,8.107222950419281,Large,Cash Withdrawal,Debit,Fuel
Employer Salary Credit NEFT Salary Credit,43478.43,10.680043231673595,Large,Neft,Credit,Salary
Tata Play Auto Debit Tata Play,828.21,6.720473440305597,Medium,Auto Debit,Debit,Subscription
Spotify Auto Debit Spotify,158.95,5.074861266395527,Small,Auto Debit,Debit,Subscription
Credit Card Bill Payment Net Banking Payment Credit Card Bill Payment,3653.56,8.203730981900323,Large,Net Banking,Debit,Bills
Barbeque Nation UPI Collect Barbeque Nation,399.51,5.992738734985712,Small,Upi,Debit,Food
BSNL UPI Collect BSNL,207.24,5.33869126068631,Small,Upi,Debit,Bills
Airtel Auto Debit Airtel,1377.91,7.229048610978916,Medium,Auto Debit,Debit,Bills
Municipal Water Department Net Banking Payment Municipal Water Department,223.5,5.413875707182309,Small,Net Banking,Debit,Bills
Swiggy UPI Collect Swiggy,433.75,6.074771153234392,Small,Upi,Debit,Food
DMart UPI Payment DMart,415.12,6.0309736802026945,Small,Upi,Debit,Groceries
Ace Hardware India POS Purchase Ace Hardware India,545.18,6.302948591745253,Small,Credit Card,Debit,Miscellaneous
Amazon India POS Purchase Amazon India,706.05,6.561101384753785,Medium,Debit Card,Debit,Shopping
Indian Oil UPI/Paytm/Indian Oil,3415.45,8.136357279253506,Large,Upi,Debit,Fuel
Bharat Gas Auto Debit Bharat Gas,420.52,6.04386722590103,Small,Auto Debit,Debit,Bills
Flipkart POS Purchase Flipkart,958.01,6.865901502357747,Medium,Credit Card,Debit,Shopping
DMart POS Purchase DMart,410.9,6.020780601442035,Small,Debit Card,Debit,Groceries
McDonald's India UPI Collect McDonald's India,975.18,6.883646995638174,Medium,Upi,Debit,Food
Indian Oil UPI/DR/725096154629/Indian Oil,3445.44,8.145097093208552,Large,Upi,Debit,Fuel
Flipkart POS Purchase Flipkart,671.11,6.510422017603516,Medium,Credit Card,Debit,Shopping
Airtel Auto Debit Airtel,1393.67,7.240413107131155,Medium,Auto Debit,Debit,Bills
Credit Card Bill Payment Auto Debit Credit Card Bill Payment,3528.95,8.169038985521079,Large,Auto Debit,Debit,Bills
Credit Card Bill Payment Net Banking Payment Credit Card Bill Payment,5570.15,8.625356774806429,Large,Net Banking,Debit,Bills
Home Depot India UPI/Paytm/Home Depot India,539.62,6.292716629088463,Small,Upi,Debit,Miscellaneous
Amazon India UPI Collect Amazon India,996.69,6.905442606816209,Medium,Upi,Debit,Shopping
Domino's India UPI/Paytm/Domino's India,902.76,6.806563838418674,Medium,Upi,Debit,Food
Credit Card Bill Payment Net Banking Payment Credit Card Bill Payment,1547.21,7.344854703863563,Medium,Net Banking,Debit,Bills
BSNL Net Banking Payment BSNL,194.97,5.277961586290963,Small,Net Banking,Debit,Bills
Credit Card Bill Payment Net Banking Payment Credit Card Bill Payment,1918.91,7.56003358892316,Medium,Net Banking,Debit,Bills
Reliance Fresh UPI Payment Reliance Fresh,842.48,6.737536190975814,Medium,Upi,Debit,Groceries
Barbeque Nation UPI Payment Barbeque Nation,309.76,5.73902091008222,Small,Upi,Debit,Food
Credit Card Bill Payment Net Banking Payment Credit Card Bill Payment,2420.56,7.79216723956646,Medium,Net Banking,Debit,Bills
Cafe Coffee Day UPI/Paytm/Cafe Coffee Day,147.36,4.9996417526213905,Small,Upi,Debit,Food
House Rent Payment IMPS Transfer House Rent Payment,8217.82,9.01418192543417,Large,Imps,Debit,Rent
Credit Card Bill Payment Auto Debit Credit Card Bill Payment,1982.53,7.592633364619437,Medium,Auto Debit,Debit,Bills
Nature's Basket POS Purchase Nature's Basket,604.94,6.406780971266521,Small,Credit Card,Debit,Groceries
BPCL UPI Payment BPCL,3290.82,8.099195882294774,Large,Upi,Debit,Fuel
Credit Card Bill Payment Net Banking Payment Credit Card Bill Payment,1774.19,7.481662738434424,Medium,Net Banking,Debit,Bills
Spotify Auto Debit Spotify,154.03,5.04361864657827,Small,Auto Debit,Debit,Subscription
Local Wine & Beer Shop POS Purchase Local Wine & Beer Shop,997.22,6.905973692899707,Medium,Credit Card,Debit,Food
Tata Power Electricity Bill Tata Power,5023.96,8.522172772696589,Large,Auto Debit,Debit,Bills
Starbucks India UPI Payment Starbucks India,148.97,5.010435274093589,Small,Upi,Debit,Food
Municipal Water Department Auto Debit Municipal Water Department,216.12,5.380450196086559,Small,Auto Debit,Debit,Bills
Credit Card Bill Payment Auto Debit Credit Card Bill Payment,1884.67,7.542038474394891,Medium,Auto Debit,Debit,Bills
The Beer Cafe POS Purchase The Beer Cafe,1027.42,6.935778922888356,Medium,Credit Card,Debit,Food
HPCL ATM Cash Withdrawal,3234.15,8.081830573711668,Large,Cash Withdrawal,Debit,Fuel
Credit Card Bill Payment Net Banking Payment Credit Card Bill Payment,1486.42,7.304798354460902,Medium,Net Banking,Debit,Bills
Credit Card Bill Payment Auto Debit Credit Card Bill Payment,3390.54,8.129039374507943,Large,Auto Debit,Debit,Bills
Ace Hardware India UPI Payment Ace Hardware India,8441.15,9.04099229448594,Large,Upi,Debit,Miscellaneous
Credit Card Bill Payment Auto Debit Credit Card Bill Payment,3747.24,8.229041675459762,Large,Auto Debit,Debit,Bills
Naturals Salon UPI Collect Naturals Salon,1517.87,7.325721916313227,Medium,Upi,Debit,Miscellaneous
BPCL UPI/Paytm/BPCL,3269.48,8.092692042109675,Large,Upi,Debit,Fuel
Employer Salary Credit NEFT Salary Credit,46265.66,10.742176894294502,Large,Neft,Credit,Salary
Meesho POS Purchase Meesho,549.27,6.310409066860978,Small,Credit Card,Debit,Shopping
Airtel UPI Payment Airtel,188.56,5.244705597099387,Small,Upi,Debit,Bills
Nature's Basket UPI/Paytm/Nature's Basket,879.25,6.780205958035162,Medium,Upi,Debit,Groceries
Adani Electricity Electricity Bill Adani Electricity,4963.3,8.510027579631327,Large,Auto Debit,Debit,Bills
Home Depot India POS Purchase Home Depot India,8311.09,9.025466360439404,Large,Credit Card,Debit,Miscellaneous
Jio Fiber Auto Debit Jio Fiber,1402.24,7.246539127483002,Medium,Auto Debit,Debit,Bills
Tata Play Auto Debit Tata Play,824.41,6.7158802325831095,Medium,Auto Debit,Debit,Subscription
Credit Card Bill Payment Auto Debit Credit Card Bill Payment,1476.41,7.298045833719354,Medium,Auto Debit,Debit,Bills
Local Wine & Beer Shop POS Purchase Local Wine & Beer Shop,1020.72,6.92924276062356,Medium,Credit Card,Debit,Food
House Rent Payment NEFT Rent Payment,7658.91,8.943755513318354,Large,Neft,Debit,Rent
Naturals Salon ATM Cash Withdrawal,1585.54,7.369310823437845,Medium,Cash Withdrawal,Debit,Miscellaneous
Burger King UPI Collect Burger King,312.06,5.7463948654600765,Small,Upi,Debit,Food
Naturals Salon ATM Cash Withdrawal,1534.72,7.336754605423805,Medium,Cash Withdrawal,Debit,Miscellaneous
Reliance Fresh Debit Card POS Reliance Fresh,807.7,6.695428020101777,Medium,Debit Card,Debit,Groceries
Myntra POS Purchase Myntra,577.3,6.360092765164173,Small,Credit Card,Debit,Shopping
Toit Brewpub POS Purchase Toit Brewpub,1000.34,6.909094381983366,Medium,Credit Card,Debit,Food
Third Wave Coffee UPI Payment Third Wave Coffee,159.71,5.0796014985609785,Small,Upi,Debit,Food
Domino's India UPI Payment Domino's India,313.98,5.752509144746434,Small,Upi,Debit,Food
Credit Card Bill Payment Auto Debit Credit Card Bill Payment,1803.02,7.497772787035616,Medium,Auto Debit,Debit,Bills
Municipal Water Department Auto Debit Municipal Water Department,206.73,5.336239159546593,Small,Auto Debit,Debit,Bills
BPCL ATM Cash Withdrawal,2908.65,7.975788078017842,Large,Cash Withdrawal,Debit,Fuel
BigBasket POS Purchase BigBasket,811.61,6.700251289655607,Medium,Debit Card,Debit,Groceries
Cafe Coffee Day UPI/DR/605503259204/Cafe Coffee Day,154.93,5.049407188596794,Small,Upi,Debit,Food
Jio Fiber UPI Collect Jio Fiber,1326.07,7.19072878350613,Medium,Upi,Debit,Bills
Dish TV Auto Debit Dish TV,833.46,6.726784809059123,Medium,Auto Debit,Debit,Subscription
Indane Gas Auto Debit Indane Gas,420.78,6.044483851083618,Small,Auto Debit,Debit,Bills
HPCL UPI Collect HPCL,3951.02,8.281982119583699,Large,Upi,Debit,Fuel
ICICI Lombard Net Banking Payment ICICI Lombard,8967.86,9.101513856675181,Large,Net Banking,Debit,Insurance
Credit Card Bill Payment Net Banking Payment Credit Card Bill Payment,1489.25,7.306699170100036,Medium,Net Banking,Debit,Bills
Home Depot India POS Purchase Home Depot India,8286.68,9.022525353715267,Large,Credit Card,Debit,Miscellaneous
Credit Card Bill Payment Auto Debit Credit Card Bill Payment,3352.5,8.117759855539791,Large,Auto Debit,Debit,Bills
Cafe Coffee Day POS Purchase Cafe Coffee Day,157.19,5.063796842210488,Small,Credit Card,Debit,Food
Credit Card Bill Payment Net Banking Payment Credit Card Bill Payment,3295.5,8.100616578553355,Large,Net Banking,Debit,Bills
Spotify Auto Debit Spotify,155.62,5.053822489322791,Small,Auto Debit,Debit,Subscription
Spotify Auto Debit Spotify,159.92,5.080907347081587,Small,Auto Debit,Debit,Subscription
Credit Card Bill Payment Net Banking Payment Credit Card Bill Payment,2650.73,7.8829675361680165,Medium,Net Banking,Debit,Bills
Employer Salary Credit NEFT Salary Credit,43178.85,10.673129230232288,Large,Neft,Credit,Salary
Bharat Gas Auto Debit Bharat Gas,404.09,6.004109264641061,Small,Auto Debit,Debit,Bills
Tata Power UPI Payment Tata Power,5427.54,8.599425500162766,Large,Upi,Debit,Bills
Bajaj Allianz Auto Debit Bajaj Allianz,8989.75,9.103951550014829,Large,Auto Debit,Debit,Insurance
Municipal Water Department Auto Debit Municipal Water Department,212.97,5.3658358182788595,Small,Auto Debit,Debit,Bills
Reliance Fresh UPI/Paytm/Reliance Fresh,452.86,6.117788780441477,Small,Upi,Debit,Groceries
Airtel Auto Debit Airtel,208.94,5.346821775607651,Small,Auto Debit,Debit,Bills
Credit Card Bill Payment Auto Debit Credit Card Bill Payment,2408.91,7.787344681389041,Medium,Auto Debit,Debit,Bills
Toit Brewpub UPI Collect Toit Brewpub,1041.05,6.948945205806999,Medium,Upi,Debit,Food
Meesho UPI Payment Meesho,537.66,6.289084574098721,Small,Upi,Debit,Shopping
Bajaj Allianz Auto Debit Bajaj Allianz,8843.13,9.087509241100422,Large,Auto Debit,Debit,Insurance
House Rent Payment IMPS Transfer House Rent Payment,8334.9,9.028326767759966,Large,Imps,Debit,Rent
Credit Card Bill Payment Auto Debit Credit Card Bill Payment,3223.81,8.07862931276565,Large,Auto Debit,Debit,Bills
HPCL UPI Payment HPCL,3009.19,8.00975847867434,Large,Upi,Debit,Fuel
HPCL UPI/Paytm/HPCL,3021.93,8.013981838705867,Large,Upi,Debit,Fuel
HPCL UPI Collect HPCL,2724.63,7.91045487303699,Large,Upi,Debit,Fuel
Airtel Auto Debit Airtel,1289.35,7.162668778385149,Medium,Auto Debit,Debit,Bills
Credit Card Bill Payment Net Banking Payment Credit Card Bill Payment,1502.87,7.315797064603752,Medium,Net Banking,Debit,Bills
Dish TV UPI Payment Dish TV,827.88,6.720075391943496,Medium,Upi,Debit,Subscription
Zepto POS Purchase Zepto,454.09,6.1204952015884775,Small,Credit Card,Debit,Groceries
BigBasket POS Purchase BigBasket,454.94,6.122361221909749,Small,Debit Card,Debit,Groceries
Credit Card Bill Payment Net Banking Payment Credit Card Bill Payment,5967.97,8.69432966218852,Large,Net Banking,Debit,Bills
Credit Card Bill Payment Auto Debit Credit Card Bill Payment,2504.6,7.826283505796484,Medium,Auto Debit,Debit,Bills
Cafe Coffee Day UPI Payment Cafe Coffee Day,336.45,5.821417351189416,Small,Upi,Debit,Food
Starbucks India UPI Collect Starbucks India,140.44,4.951875598889333,Small,Upi,Debit,Food
BigBasket UPI Collect BigBasket,488.21,6.192791845141295,Small,Upi,Debit,Groceries
Jio Net Banking Payment Jio,201.17,5.3091089276262355,Small,Net Banking,Debit,Bills
Meesho POS Purchase Meesho,2693.4,7.898930824048008,Large,Credit Card,Debit,Shopping
Burger King UPI/Paytm/Burger King,206.5,5.335131339670753,Small,Upi,Debit,Food
Nature's Basket Debit Card POS Nature's Basket,2465.61,7.810600017287296,Medium,Debit Card,Debit,Groceries
Third Wave Coffee POS Purchase Third Wave Coffee,226.02,5.425038119327193,Small,Credit Card,Debit,Food
Cafe Coffee Day POS Purchase Cafe Coffee Day,313.23,5.750125201849154,Small,Debit Card,Debit,Food
Credit Card Bill Payment Auto Debit Credit Card Bill Payment,2539.75,7.840214592017876,Medium,Auto Debit,Debit,Bills
HPCL Debit Card POS HPCL,3368.81,8.122611641935046,Large,Debit Card,Debit,Fuel
Employer Salary Credit NEFT Salary Credit,62918.91,11.049617926783396,Large,Neft,Credit,Salary
Credit Card Bill Payment Net Banking Payment Credit Card Bill Payment,2279.9,7.732325380902501,Medium,Net Banking,Debit,Bills
HPCL Debit Card POS HPCL,3357.47,8.119240792107846,Large,Debit Card,Debit,Fuel
Local Barbershop ATM Cash Withdrawal,1581.99,7.3670707427416655,Medium,Cash Withdrawal,Debit,Miscellaneous
Swiggy UPI/DR/189335873808/Swiggy,478.21,6.172138914697026,Small,Upi,Debit,Food
Bharat Gas UPI/Paytm/Bharat Gas,381.3,5.946205640702368,Small,Upi,Debit,Bills
ICICI Lombard Auto Debit ICICI Lombard,8358.0,9.031094081699155,Large,Auto Debit,Debit,Insurance
DMart Debit Card POS DMart,660.68,6.494782055383651,Medium,Debit Card,Debit,Groceries
Credit Card Bill Payment Auto Debit Credit Card Bill Payment,2372.47,7.772108298349664,Medium,Auto Debit,Debit,Bills
Bajaj Allianz Auto Debit Bajaj Allianz,8425.93,9.039187809104414,Large,Auto Debit,Debit,Insurance
Bharat Gas Net Banking Payment Bharat Gas,388.13,5.963913478020691,Small,Net Banking,Debit,Bills
Barbeque Nation POS Purchase Barbeque Nation,343.18,5.841164776336765,Small,Debit Card,Debit,Food
Swiggy POS Purchase Swiggy,203.85,5.32227800399288,Small,Debit Card,Debit,Food
Credit Card Bill Payment Auto Debit Credit Card Bill Payment,1717.06,7.448951026264978,Medium,Auto Debit,Debit,Bills
Home Depot India Debit Card POS Home Depot India,530.73,6.276135841713396,Small,Debit Card,Debit,Miscellaneous
Ace Hardware India POS Purchase Ace Hardware India,536.43,6.286798518962683,Small,Credit Card,Debit,Miscellaneous
Local Hardware Store POS Purchase Local Hardware Store,709.38,6.5658000381285,Medium,Credit Card,Debit,Miscellaneous
Amazon India Debit Card POS Amazon India,2651.57,7.88328426033785,Medium,Debit Card,Debit,Shopping
Airtel Digital TV Net Banking Payment Airtel Digital TV,800.26,6.686185488656219,Medium,Net Banking,Debit,Subscription
Bharat Gas UPI/DR/392459387598/Bharat Gas,411.05,6.021144701209392,Small,Upi,Debit,Bills
Cafe Coffee Day POS Purchase Cafe Coffee Day,355.32,5.875829203509057,Small,Credit Card,Debit,Food
BSNL Auto Debit BSNL,1410.12,7.2521389943032215,Medium,Auto Debit,Debit,Bills
Toit Brewpub POS Purchase Toit Brewpub,1288.99,7.162389745387687,Medium,Debit Card,Debit,Food
Credit Card Bill Payment Auto Debit Credit Card Bill Payment,1691.09,7.433719730240913,Medium,Auto Debit,Debit,Bills
Faasos UPI/DR/106474983554/Faasos,332.1,5.808442745199634,Small,Upi,Debit,Food
Credit Card Bill Payment Auto Debit Credit Card Bill Payment,2595.06,7.861750190037631,Medium,Auto Debit,Debit,Bills
EatClub UPI Payment EatClub,324.45,5.785208840018396,Small,Upi,Debit,Food
Cafe Coffee Day UPI/Paytm/Cafe Coffee Day,188.77,5.245812812565887,Small,Upi,Debit,Food
Nykaa UPI/DR/959936760671/Nykaa,585.72,6.374547704323016,Small,Upi,Debit,Shopping
Credit Card Bill Payment Net Banking Payment Credit Card Bill Payment,2313.05,7.746754515126058,Medium,Net Banking,Debit,Bills
Lakme Salon ATM Cash Withdrawal,1507.28,7.318725207724746,Medium,Cash Withdrawal,Debit,Miscellaneous
Reliance Fresh POS Purchase Reliance Fresh,2279.74,7.732255230693337,Medium,Credit Card,Debit,Groceries
Barbeque Nation UPI Collect Barbeque Nation,345.13,5.846814427035037,Small,Upi,Debit,Food
ICICI Lombard Net Banking Payment ICICI Lombard,8993.8,9.104401911562677,Large,Net Banking,Debit,Insurance
McDonald's India POS Purchase McDonald's India,349.96,5.860672256857958,Small,Debit Card,Debit,Food
Credit Card Bill Payment Net Banking Payment Credit Card Bill Payment,2813.54,7.942554116918918,Large,Net Banking,Debit,Bills
BigBasket UPI Collect BigBasket,732.58,6.597936657757096,Medium,Upi,Debit,Groceries
Nature's Basket UPI Payment Nature's Basket,710.31,6.567108340406286,Medium,Upi,Debit,Groceries
Local Hardware Store UPI Collect Local Hardware Store,659.9,6.493602542476407,Medium,Upi,Debit,Miscellaneous
Faasos POS Purchase Faasos,329.79,5.801483732946538,Small,Debit Card,Debit,Food
Credit Card Bill Payment Net Banking Payment Credit Card Bill Payment,2729.35,7.912185085089636,Large,Net Banking,Debit,Bills
Spotify Auto Debit Spotify,161.8,5.09252245356844,Small,Auto Debit,Debit,Subscription
Starbucks India UPI Collect Starbucks India,224.43,5.418009689466041,Small,Upi,Debit,Food
Credit Card Bill Payment Net Banking Payment Credit Card Bill Payment,2719.3,7.9084974473257414,Large,Net Banking,Debit,Bills
Burger King POS Purchase Burger King,506.16,6.228826535659747,Small,Credit Card,Debit,Food
Nature's Basket UPI Payment Nature's Basket,2488.31,7.819760842623382,Medium,Upi,Debit,Groceries
Municipal Water Department UPI/DR/616338874599/Municipal Water Department,209.41,5.3490580082512205,Small,Upi,Debit,Bills
Ace Hardware India POS Purchase Ace Hardware India,532.26,6.279009110105771,Small,Credit Card,Debit,Miscellaneous
Nature's Basket UPI/DR/972340461518/Nature's Basket,483.25,6.182601302287106,Small,Upi,Debit,Groceries
Faasos UPI Collect Faasos,319.84,5.770942556498723,Small,Upi,Debit,Food
Employer Salary Credit NEFT Salary Credit,65194.21,11.085141278958298,Large,Neft,Credit,Salary
Bharat Gas Net Banking Payment Bharat Gas,384.66,5.954956152291459,Small,Net Banking,Debit,Bills
Third Wave Coffee UPI/Paytm/Third Wave Coffee,217.33,5.386007679675025,Small,Upi,Debit,Food
Credit Card Bill Payment Auto Debit Credit Card Bill Payment,2181.51,7.68823086960475,Medium,Auto Debit,Debit,Bills
Local Hardware Store UPI Payment Local Hardware Store,692.36,6.541549344826089,Medium,Upi,Debit,Miscellaneous
Home Depot India POS Purchase Home Depot India,680.69,6.524575009051816,Medium,Debit Card,Debit,Miscellaneous
House Rent Payment NEFT Rent Payment,8033.08,8.991447772549511,Large,Neft,Debit,Rent
Local Hardware Store POS Purchase Local Hardware Store,559.45,6.328740032467104,Small,Credit Card,Debit,Miscellaneous
Naturals Salon ATM Cash Withdrawal,1526.97,7.331695336025873,Medium,Cash Withdrawal,Debit,Miscellaneous
Social UPI/Paytm/Social,1273.6,7.1503876828801936,Medium,Upi,Debit,Food
House Rent Payment IMPS Transfer House Rent Payment,8314.94,9.025929433944661,Large,Imps,Debit,Rent
Spotify Auto Debit Spotify,151.8,5.02912987673242,Small,Auto Debit,Debit,Subscription
Airtel Digital TV UPI/Paytm/Airtel Digital TV,844.91,6.740412970968429,Medium,Upi,Debit,Subscription
Reliance Fresh POS Purchase Reliance Fresh,486.1,6.188469440812497,Small,Credit Card,Debit,Groceries
Blinkit UPI Payment Blinkit,2330.56,7.754292850422932,Medium,Upi,Debit,Groceries
Social UPI Collect Social,1265.59,7.144083528898786,Medium,Upi,Debit,Food
Credit Card Bill Payment Net Banking Payment Credit Card Bill Payment,2515.51,7.830628299981617,Medium,Net Banking,Debit,Bills
Reliance Fresh Debit Card POS Reliance Fresh,651.86,6.481362711190975,Small,Debit Card,Debit,Groceries
BEST Net Banking Payment BEST,5083.78,8.534007043043284,Large,Net Banking,Debit,Bills
Jio Fiber UPI/DR/332104798809/Jio Fiber,1298.54,7.16976563467746,Medium,Upi,Debit,Bills
Credit Card Bill Payment Net Banking Payment Credit Card Bill Payment,2307.5,7.744353241947044,Medium,Net Banking,Debit,Bills
Credit Card Bill Payment Net Banking Payment Credit Card Bill Payment,2786.75,7.9329900978454715,Large,Net Banking,Debit,Bills
Burger King POS Purchase Burger King,345.83,5.84883474635534,Small,Credit Card,Debit,Food
Zepto POS Purchase Zepto,2589.62,7.859652508285609,Medium,Debit Card,Debit,Groceries
Credit Card Bill Payment Auto Debit Credit Card Bill Payment,2373.59,7.7725800699872485,Medium,Auto Debit,Debit,Bills
Chaayos UPI/DR/475336046415/Chaayos,139.24,4.943355240612979,Small,Upi,Debit,Food
Ajio POS Purchase Ajio,577.92,6.3611642987694035,Small,Debit Card,Debit,Shopping
EatClub POS Purchase EatClub,336.25,5.820824495087865,Small,Debit Card,Debit,Food
Municipal Water Department Net Banking Payment Municipal Water Department,226.25,5.426050733057588,Small,Net Banking,Debit,Bills
EatClub POS Purchase EatClub,318.1,5.765504533284198,Small,Credit Card,Debit,Food
Indian Oil Debit Card POS Indian Oil,3568.22,8.18010236350688,Large,Debit Card,Debit,Fuel
Credit Card Bill Payment Net Banking Payment Credit Card Bill Payment,2359.1,7.766459270003306,Medium,Net Banking,Debit,Bills
Reliance Fresh POS Purchase Reliance Fresh,662.98,6.498252028540875,Medium,Debit Card,Debit,Groceries
Reliance Fresh POS Purchase Reliance Fresh,976.44,6.884936908901457,Medium,Credit Card,Debit,Groceries
BigBasket UPI/DR/756278342286/BigBasket,942.31,6.849394966680927,Medium,Upi,Debit,Groceries
Credit Card Bill Payment Net Banking Payment Credit Card Bill Payment,1733.23,7.45831878983622,Medium,Net Banking,Debit,Bills
Jio Fiber Net Banking Payment Jio Fiber,1260.72,7.140231148436815,Medium,Net Banking,Debit,Bills
Credit Card Bill Payment Net Banking Payment Credit Card Bill Payment,2433.02,7.797299490440583,Medium,Net Banking,Debit,Bills
Flipkart POS Purchase Flipkart,565.9,6.340182921330258,Small,Credit Card,Debit,Shopping
BSNL UPI Payment BSNL,194.56,5.275867237710445,Small,Upi,Debit,Bills
Municipal Water Department Auto Debit Municipal Water Department,223.08,5.412003130951853,Small,Auto Debit,Debit,Bills
Zepto POS Purchase Zepto,466.97,6.148404191298887,Small,Debit Card,Debit,Groceries
Employer Salary Credit NEFT Salary Credit,64085.11,11.067982926759806,Large,Neft,Credit,Salary
Credit Card Bill Payment Net Banking Payment Credit Card Bill Payment,3144.96,8.053874368979223,Large,Net Banking,Debit,Bills
BPCL UPI Collect BPCL,3326.2,8.109886388428702,Large,Upi,Debit,Fuel
Zomato Debit Card POS Zomato,343.06,5.840816060768893,Small,Debit Card,Debit,Food
Credit Card Bill Payment Net Banking Payment Credit Card Bill Payment,8122.37,9.002500371687365,Large,Net Banking,Debit,Bills
Blinkit UPI Collect Blinkit,463.69,6.141370516599652,Small,Upi,Debit,Groceries
Spotify Auto Debit Spotify,166.92,5.1234876755123775,Small,Auto Debit,Debit,Subscription
Ace Hardware India POS Purchase Ace Hardware India,529.16,6.273178847779971,Small,Credit Card,Debit,Miscellaneous
Credit Card Bill Payment Auto Debit Credit Card Bill Payment,1690.06,7.433110830232446,Medium,Auto Debit,Debit,Bills
Local Hardware Store UPI Collect Local Hardware Store,619.17,6.429993634003344,Small,Upi,Debit,Miscellaneous
Credit Card Bill Payment Auto Debit Credit Card Bill Payment,3094.4,8.037672417478658,Large,Auto Debit,Debit,Bills
BPCL Debit Card POS BPCL,3112.24,8.043419263518688,Large,Debit Card,Debit,Fuel
Credit Card Bill Payment Net Banking Payment Credit Card Bill Payment,3006.56,8.008884397774521,Large,Net Banking,Debit,Bills
Jio Auto Debit Jio,187.74,5.240370406593187,Small,Auto Debit,Debit,Bills
BSNL Auto Debit BSNL,1337.57,7.1993571589407255,Medium,Auto Debit,Debit,Bills
Social UPI Payment Social,1168.68,7.064485486109183,Medium,Upi,Debit,Food
Starbucks India POS Purchase Starbucks India,142.07,4.963334020978243,Small,Credit Card,Debit,Food
Home Depot India UPI Collect Home Depot India,600.06,6.398694763162813,Small,Upi,Debit,Miscellaneous
Ace Hardware India UPI/Paytm/Ace Hardware India,597.31,6.3941090142793735,Small,Upi,Debit,Miscellaneous
Credit Card Bill Payment Auto Debit Credit Card Bill Payment,1579.57,7.365540820456624,Medium,Auto Debit,Debit,Bills
Burger King UPI Collect Burger King,476.85,6.169296875712189,Small,Upi,Debit,Food
Starbucks India POS Purchase Starbucks India,143.5,4.973279507552487,Small,Credit Card,Debit,Food
Credit Card Bill Payment Net Banking Payment Credit Card Bill Payment,1721.41,7.451479751885598,Medium,Net Banking,Debit,Bills
Ace Hardware India Debit Card POS Ace Hardware India,611.9,6.418201790491686,Small,Debit Card,Debit,Miscellaneous
Credit Card Bill Payment Auto Debit Credit Card Bill Payment,4001.14,8.294584497040551,Large,Auto Debit,Debit,Bills
Third Wave Coffee POS Purchase Third Wave Coffee,137.34,4.929714423172439,Small,Debit Card,Debit,Food
Reliance Fresh Debit Card POS Reliance Fresh,626.82,6.44225350117981,Small,Debit Card,Debit,Groceries
Chaayos UPI Payment Chaayos,138.41,4.937419231764997,Small,Upi,Debit,Food
HPCL UPI Payment HPCL,3403.18,8.132759367261144,Large,Upi,Debit,Fuel
Credit Card Bill Payment Net Banking Payment Credit Card Bill Payment,1742.7,7.463764571323448,Medium,Net Banking,Debit,Bills
Adani Electricity Electricity Bill Adani Electricity,5416.43,8.597376812237973,Large,Auto Debit,Debit,Bills
BSNL UPI/DR/863996450885/BSNL,191.42,5.259680482933119,Small,Upi,Debit,Bills
Naturals Salon UPI Payment Naturals Salon,192.12,5.263311757349221,Small,Upi,Debit,Miscellaneous
Ace Hardware India Debit Card POS Ace Hardware India,570.6,6.348439446055712,Small,Debit Card,Debit,Miscellaneous
EatClub POS Purchase EatClub,436.46,6.080985273046394,Small,Debit Card,Debit,Food
Airtel Digital TV Auto Debit Airtel Digital TV,780.34,6.661010394415601,Medium,Auto Debit,Debit,Subscription
Credit Card Bill Payment Net Banking Payment Credit Card Bill Payment,1405.66,7.248973379014224,Medium,Net Banking,Debit,Bills
Starbucks India UPI Payment Starbucks India,139.43,4.944709143980089,Small,Upi,Debit,Food
Domino's India POS Purchase Domino's India,305.64,5.725674421072299,Small,Debit Card,Debit,Food
House Rent Payment IMPS Transfer House Rent Payment,7822.56,8.964894972914468,Large,Imps,Debit,Rent
Credit Card Bill Payment Net Banking Payment Credit Card Bill Payment,1759.74,7.473489454211408,Medium,Net Banking,Debit,Bills
Swiggy POS Purchase Swiggy,148.84,5.009568058135833,Small,Debit Card,Debit,Food
Chaayos POS Purchase Chaayos,147.5,5.000584958242754,Small,Debit Card,Debit,Food
Municipal Water Department Auto Debit Municipal Water Department,227.07,5.429652599378058,Small,Auto Debit,Debit,Bills
Employer Salary Credit NEFT Salary Credit,66323.7,11.102317655814407,Large,Neft,Credit,Salary
Bharat Gas Auto Debit Bharat Gas,407.33,6.0120756710120915,Small,Auto Debit,Debit,Bills
Domino's India POS Purchase Domino's India,347.16,5.852662144227523,Small,Credit Card,Debit,Food
Ace Hardware India Debit Card POS Ace Hardware India,541.21,6.295653380273315,Small,Debit Card,Debit,Miscellaneous
Chaayos UPI Collect Chaayos,138.43,4.93756268320693,Small,Upi,Debit,Food
Cafe Coffee Day UPI/DR/967744483371/Cafe Coffee Day,143.24,4.971478578895062,Small,Upi,Debit,Food
The Beer Cafe POS Purchase The Beer Cafe,1126.34,7.0276161544334865,Medium,Debit Card,Debit,Food
Swiggy Debit Card POS Swiggy,490.45,6.197360205012639,Small,Debit Card,Debit,Food
Dish TV Net Banking Payment Dish TV,813.9,6.703065406326174,Medium,Net Banking,Debit,Subscription
EatClub POS Purchase EatClub,468.39,6.151433979397919,Small,Credit Card,Debit,Food
Credit Card Bill Payment Net Banking Payment Credit Card Bill Payment,8770.03,9.07920952430809,Large,Net Banking,Debit,Bills
HPCL UPI/Paytm/HPCL,3322.95,8.108909113744275,Large,Upi,Debit,Fuel
Credit Card Bill Payment Net Banking Payment Credit Card Bill Payment,8907.87,9.094802688628548,Large,Net Banking,Debit,Bills
Credit Card Bill Payment Auto Debit Credit Card Bill Payment,1563.41,7.3552640350879805,Medium,Auto Debit,Debit,Bills
BSNL UPI/Paytm/BSNL,1325.42,7.190238862675073,Medium,Upi,Debit,Bills
Municipal Water Department Auto Debit Municipal Water Department,226.83,5.428599736810959,Small,Auto Debit,Debit,Bills
Credit Card Bill Payment Auto Debit Credit Card Bill Payment,8359.8,9.031309395280294,Large,Auto Debit,Debit,Bills
Cafe Coffee Day UPI Collect Cafe Coffee Day,302.25,5.7145575478241595,Small,Upi,Debit,Food
HDFC Ergo Auto Debit HDFC Ergo,8456.97,9.042864471088333,Large,Auto Debit,Debit,Insurance
Bharat Gas Net Banking Payment Bharat Gas,386.79,5.960463955988194,Small,Net Banking,Debit,Bills
House Rent Payment NEFT Rent Payment,8106.69,9.00056827299784,Large,Neft,Debit,Rent
Nature's Basket Debit Card POS Nature's Basket,639.31,6.461952434082015,Small,Debit Card,Debit,Groceries
Zomato UPI/Paytm/Zomato,332.28,5.808982977512661,Small,Upi,Debit,Food
Cafe Coffee Day UPI/DR/672153004330/Cafe Coffee Day,152.71,5.035067710236841,Small,Upi,Debit,Food
HDFC Ergo Auto Debit HDFC Ergo,8269.12,9.020404298190577,Large,Auto Debit,Debit,Insurance
DMart UPI Collect DMart,597.19,6.393908429239002,Small,Upi,Debit,Groceries
Amazon India UPI/DR/105075986852/Amazon India,561.58,6.332533346188176,Small,Upi,Debit,Shopping
Credit Card Bill Payment Net Banking Payment Credit Card Bill Payment,3167.36,8.060969382841831,Large,Net Banking,Debit,Bills
Amazon India POS Purchase Amazon India,576.09,6.357998233547382,Small,Debit Card,Debit,Shopping
Chaayos POS Purchase Chaayos,140.52,4.95244104985153,Small,Debit Card,Debit,Food
Third Wave Coffee UPI/Paytm/Third Wave Coffee,144.9,4.98292145552874,Small,Upi,Debit,Food
Zepto UPI Payment Zepto,456.35,6.125448962102373,Small,Upi,Debit,Groceries
Reliance Fresh UPI/DR/354011857844/Reliance Fresh,1007.38,6.9161003617176355,Medium,Upi,Debit,Groceries
EatClub UPI Payment EatClub,146.86,4.996265880128954,Small,Upi,Debit,Food
Third Wave Coffee UPI/DR/497531134805/Third Wave Coffee,137.41,4.930220294908611,Small,Upi,Debit,Food
Credit Card Bill Payment Net Banking Payment Credit Card Bill Payment,1739.21,7.461761074581337,Medium,Net Banking,Debit,Bills
Spotify Auto Debit Spotify,150.05,5.017610907832681,Small,Auto Debit,Debit,Subscription
Home Depot India POS Purchase Home Depot India,548.96,6.309845548309033,Small,Debit Card,Debit,Miscellaneous
Reliance Fresh UPI Payment Reliance Fresh,605.77,6.40814980656861,Small,Upi,Debit,Groceries
HP Gas Auto Debit HP Gas,376.96,5.9347883699144255,Small,Auto Debit,Debit,Bills
Barbeque Nation UPI/DR/047156530716/Barbeque Nation,157.17,5.063670403975397,Small,Upi,Debit,Food
Lakme Salon UPI Payment Lakme Salon,196.57,5.286092951925314,Small,Upi,Debit,Miscellaneous
Employer Salary Credit NEFT Salary Credit,67511.5,11.120068044901146,Large,Neft,Credit,Salary
Bharat Gas Net Banking Payment Bharat Gas,419.34,6.041063907599266,Small,Net Banking,Debit,Bills
Municipal Water Department Auto Debit Municipal Water Department,220.75,5.401550621189688,Small,Auto Debit,Debit,Bills
Barbeque Nation UPI Payment Barbeque Nation,337.24,5.823755702681873,Small,Upi,Debit,Food
Credit Card Bill Payment Net Banking Payment Credit Card Bill Payment,3071.03,8.030093859844879,Large,Net Banking,Debit,Bills
Starbucks India POS Purchase Starbucks India,144.84,4.982510130370407,Small,Debit Card,Debit,Food
Indian Oil POS Purchase Indian Oil,3490.36,8.158046624102818,Large,Debit Card,Debit,Fuel
House Rent Payment NEFT Rent Payment,7646.7,8.942160228020457,Large,Neft,Debit,Rent
Third Wave Coffee UPI Collect Third Wave Coffee,167.35,5.126045145607083,Small,Upi,Debit,Food
DMart UPI/DR/315356008802/DMart,1824.12,7.509401017279588,Medium,Upi,Debit,Groceries
Flipkart UPI/Paytm/Flipkart,1484.04,7.303196986900968,Medium,Upi,Debit,Shopping
Reliance Fresh UPI/DR/909645325116/Reliance Fresh,959.07,6.867006198470258,Medium,Upi,Debit,Groceries
Credit Card Bill Payment Net Banking Payment Credit Card Bill Payment,9504.31,9.159605868804158,Large,Net Banking,Debit,Bills
HPCL UPI Payment HPCL,3305.27,8.103575944737651,Large,Upi,Debit,Fuel
HPCL UPI Collect HPCL,3144.55,8.0537440346078,Large,Upi,Debit,Fuel
Airtel Digital TV UPI/DR/856205374202/Airtel Digital TV,792.72,6.6767307542170515,Medium,Upi,Debit,Subscription
Credit Card Bill Payment Auto Debit Credit Card Bill Payment,3147.49,8.054678251808143,Large,Auto Debit,Debit,Bills
Credit Card Bill Payment Net Banking Payment Credit Card Bill Payment,9935.19,9.203938926373683,Large,Net Banking,Debit,Bills
Indane Gas Auto Debit Indane Gas,387.22,5.961572189242945,Small,Auto Debit,Debit,Bills
Bajaj Allianz Net Banking Payment Bajaj Allianz,8076.08,8.99678570006082,Large,Net Banking,Debit,Insurance
Credit Card Bill Payment Net Banking Payment Credit Card Bill Payment,2039.07,7.62073939997505,Medium,Net Banking,Debit,Bills
Chaayos POS Purchase Chaayos,152.48,5.033570265378752,Small,Debit Card,Debit,Food
Swiggy UPI Collect Swiggy,472.9,6.1609963289735425,Small,Upi,Debit,Food
Starbucks India UPI Collect Starbucks India,145.16,4.9847019120697516,Small,Upi,Debit,Food
Social UPI/DR/621557199150/Social,1219.38,7.106917564638743,Medium,Upi,Debit,Food
Credit Card Bill Payment Net Banking Payment Credit Card Bill Payment,992.67,6.9014051595833354,Medium,Net Banking,Debit,Bills
Credit Card Bill Payment Net Banking Payment Credit Card Bill Payment,995.52,6.904269209697305,Medium,Net Banking,Debit,Bills
Amazon India UPI Collect Amazon India,911.46,6.816144248879399,Medium,Upi,Debit,Shopping
Spotify Auto Debit Spotify,155.75,5.05465217951303,Small,Auto Debit,Debit,Subscription
Credit Card Bill Payment Auto Debit Credit Card Bill Payment,10946.9,9.300902936030436,Large,Auto Debit,Debit,Bills
Third Wave Coffee UPI Collect Third Wave Coffee,116.81,4.769073157258028,Small,Upi,Debit,Food
Local Wine & Beer Shop POS Purchase Local Wine & Beer Shop,1224.64,7.111218435529467,Medium,Credit Card,Debit,Food
Credit Card Bill Payment Auto Debit Credit Card Bill Payment,10130.0,9.223355309053677,Large,Auto Debit,Debit,Bills
Spotify Auto Debit Spotify,160.77,5.0861755733416025,Small,Auto Debit,Debit,Subscription
Credit Card Bill Payment Auto Debit Credit Card Bill Payment,1501.08,7.314606093222604,Medium,Auto Debit,Debit,Bills
Flipkart UPI Payment Flipkart,1501.37,7.314799140203516,Medium,Upi,Debit,Shopping
Credit Card Bill Payment Net Banking Payment Credit Card Bill Payment,4138.51,8.328332702326637,Large,Net Banking,Debit,Bills
Amazon India POS Purchase Amazon India,593.85,6.388309272922535,Small,Credit Card,Debit,Shopping
Airtel Auto Debit Airtel,189.72,5.250806383876985,Small,Auto Debit,Debit,Bills
Credit Card Bill Payment Net Banking Payment Credit Card Bill Payment,3249.57,8.086585644561085,Large,Net Banking,Debit,Bills
BPCL UPI/Paytm/BPCL,282.59,5.647529533105403,Small,Upi,Debit,Fuel
Local Wine & Beer Shop UPI/DR/449105557443/Local Wine & Beer Shop,2532.28,7.837270184753124,Medium,Upi,Debit,Food
The Beer Cafe UPI/Paytm/The Beer Cafe,1199.09,7.090151832963732,Medium,Upi,Debit,Food
Credit Card Bill Payment Net Banking Payment Credit Card Bill Payment,957.64,6.865515613374261,Medium,Net Banking,Debit,Bills
Swiggy POS Purchase Swiggy,1218.11,7.105876363309995,Medium,Debit Card,Debit,Food
Social UPI Payment Social,888.8,6.790996718371941,Medium,Upi,Debit,Food
Employer Salary Credit NEFT Salary Credit,68118.93,11.12902510717774,Large,Neft,Credit,Salary
Third Wave Coffee POS Purchase Third Wave Coffee,158.06,5.069281489528989,Small,Credit Card,Debit,Food
Credit Card Bill Payment Auto Debit Credit Card Bill Payment,3315.8,8.106755741681516,Large,Auto Debit,Debit,Bills
Credit Card Bill Payment Auto Debit Credit Card Bill Payment,1023.54,6.931999010352602,Medium,Auto Debit,Debit,Bills
Credit Card Bill Payment Auto Debit Credit Card Bill Payment,2067.55,7.634603157714716,Medium,Auto Debit,Debit,Bills
Municipal Water Department Auto Debit Municipal Water Department,222.14,5.407799377165033,Small,Auto Debit,Debit,Bills
Amazon India UPI/DR/252093687139/Amazon India,1490.46,7.307510784956223,Medium,Upi,Debit,Shopping
Credit Card Bill Payment Auto Debit Credit Card Bill Payment,3272.83,8.09371583233129,Large,Auto Debit,Debit,Bills
Credit Card Bill Payment Auto Debit Credit Card Bill Payment,9199.89,9.127055497488639,Large,Auto Debit,Debit,Bills
DMart POS Purchase DMart,1327.69,7.191948773415557,Medium,Credit Card,Debit,Groceries
Indian Oil POS Purchase Indian Oil,2812.36,7.942134777549956,Large,Debit Card,Debit,Fuel
HPCL Debit Card POS HPCL,3135.32,8.050805417080815,Large,Debit Card,Debit,Fuel
Swiggy UPI Payment Swiggy,450.7,6.113018242660559,Small,Upi,Debit,Food
Myntra UPI Payment Myntra,905.17,6.809226926410273,Medium,Upi,Debit,Shopping
Credit Card Bill Payment Net Banking Payment Credit Card Bill Payment,9844.44,9.194763682811965,Large,Net Banking,Debit,Bills
House Rent Payment NEFT Rent Payment,8163.2,9.007514021424868,Large,Neft,Debit,Rent
BigBasket POS Purchase BigBasket,919.77,6.8252102765120215,Medium,Credit Card,Debit,Groceries
Airtel Net Banking Payment Airtel,192.49,5.265225831547838,Small,Net Banking,Debit,Bills
Tata Power Electricity Bill Tata Power,5068.43,8.530983664229446,Large,Auto Debit,Debit,Bills
Dish TV Auto Debit Dish TV,803.15,6.689785818941656,Medium,Auto Debit,Debit,Subscription
Meesho POS Purchase Meesho,544.02,6.300822491237623,Small,Credit Card,Debit,Shopping
Dish TV Net Banking Payment Dish TV,778.22,6.658293419350054,Medium,Net Banking,Debit,Subscription
Local Wine & Beer Shop Debit Card POS Local Wine & Beer Shop,1257.95,7.138033319196946,Medium,Debit Card,Debit,Food
ICICI Lombard Net Banking Payment ICICI Lombard,8073.43,8.996457557364096,Large,Net Banking,Debit,Insurance
Tata Power Electricity Bill Tata Power,5409.28,8.596056126508625,Large,Auto Debit,Debit,Bills
Credit Card Bill Payment Net Banking Payment Credit Card Bill Payment,9691.96,9.17915512779473,Large,Net Banking,Debit,Bills
Credit Card Bill Payment Net Banking Payment Credit Card Bill Payment,3261.73,8.090319547230367,Large,Net Banking,Debit,Bills
Bharat Gas Auto Debit Bharat Gas,406.28,6.00950090959408,Small,Auto Debit,Debit,Bills
BigBasket UPI/DR/530189929439/BigBasket,1310.55,7.178964922865386,Medium,Upi,Debit,Groceries
Ace Hardware India POS Purchase Ace Hardware India,535.3,6.28469370598888,Small,Credit Card,Debit,Miscellaneous
HPCL Debit Card POS HPCL,2692.36,7.898544763788116,Large,Debit Card,Debit,Fuel
DMart Debit Card POS DMart,1310.43,7.178873423883248,Medium,Debit Card,Debit,Groceries
Burger King POS Purchase Burger King,1148.04,7.046682090123567,Medium,Credit Card,Debit,Food
Credit Card Bill Payment Auto Debit Credit Card Bill Payment,951.04,6.858607050715407,Medium,Auto Debit,Debit,Bills
Nature's Basket Debit Card POS Nature's Basket,1266.06,7.1444545351588395,Medium,Debit Card,Debit,Groceries
Chaayos UPI/Paytm/Chaayos,134.84,4.9114777225630375,Small,Upi,Debit,Food
Toit Brewpub POS Purchase Toit Brewpub,1208.26,7.097763881257488,Medium,Debit Card,Debit,Food
McDonald's India Debit Card POS McDonald's India,1253.33,7.1343568444676375,Medium,Debit Card,Debit,Food
Credit Card Bill Payment Auto Debit Credit Card Bill Payment,1518.33,7.326024727190401,Medium,Auto Debit,Debit,Bills
Spotify Auto Debit Spotify,163.21,5.101146096503746,Small,Auto Debit,Debit,Subscription
Starbucks India UPI/Paytm/Starbucks India,144.95,4.983264097300124,Small,Upi,Debit,Food
Home Depot India POS Purchase Home Depot India,509.16,6.234724402007016,Small,Debit Card,Debit,Miscellaneous
Third Wave Coffee UPI Payment Third Wave Coffee,118.72,4.785155682984498,Small,Upi,Debit,Food
House Rent Payment NEFT Rent Payment,8259.41,9.019229502087033,Large,Neft,Debit,Rent
Credit Card Bill Payment Auto Debit Credit Card Bill Payment,9600.09,9.169631912677227,Large,Auto Debit,Debit,Bills
HPCL Debit Card POS HPCL,297.14,5.697563174842284,Small,Debit Card,Debit,Fuel
Cafe Coffee Day POS Purchase Cafe Coffee Day,133.25,4.899703733388974,Small,Debit Card,Debit,Food
Indane Gas Net Banking Payment Indane Gas,407.47,6.012418472190768,Small,Net Banking,Debit,Bills
Nature's Basket UPI Collect Nature's Basket,1282.72,7.1575173919336805,Medium,Upi,Debit,Groceries
Indian Oil Debit Card POS Indian Oil,3054.74,8.024777068132996,Large,Debit Card,Debit,Fuel
Employer Salary Credit NEFT Salary Credit,62150.48,11.037329910010111,Large,Neft,Credit,Salary
Municipal Water Department UPI Collect Municipal Water Department,201.62,5.311332303625531,Small,Upi,Debit,Bills
Jio Auto Debit Jio,210.24,5.352994927838733,Small,Auto Debit,Debit,Bills
Credit Card Bill Payment Auto Debit Credit Card Bill Payment,9024.34,9.107791455621662,Large,Auto Debit,Debit,Bills
Amazon India Debit Card POS Amazon India,922.46,6.828127485219918,Medium,Debit Card,Debit,Shopping
Airtel Net Banking Payment Airtel,1318.5,7.185008155943379,Medium,Net Banking,Debit,Bills
Credit Card Bill Payment Net Banking Payment Credit Card Bill Payment,1015.24,6.923864820715205,Medium,Net Banking,Debit,Bills
Social POS Purchase Social,1289.31,7.162637778563395,Medium,Debit Card,Debit,Food
Airtel UPI Payment Airtel,1359.88,7.215886828301327,Medium,Upi,Debit,Bills
Municipal Water Department Auto Debit Municipal Water Department,225.44,5.422480009168459,Small,Auto Debit,Debit,Bills
Credit Card Bill Payment Auto Debit Credit Card Bill Payment,9542.5,9.163615573469947,Large,Auto Debit,Debit,Bills
Credit Card Bill Payment Auto Debit Credit Card Bill Payment,973.88,6.882314386500184,Medium,Auto Debit,Debit,Bills
Credit Card Bill Payment Auto Debit Credit Card Bill Payment,1440.81,7.273654547721152,Medium,Auto Debit,Debit,Bills
Chaayos UPI Payment Chaayos,142.2,4.964242254526545,Small,Upi,Debit,Food
Tea Stall UPI/Tea Stall,34.47,3.5686872687855304,Small,Upi,Debit,Other
DMart UPI/DR/880909484/DMart,1722.01,7.451828040341615,Medium,Upi,Debit,Groceries
Swiggy UPI/Paytm/Swiggy,116.0,4.762173934797756,Small,Upi,Debit,Food
BEST Auto Debit BEST,3690.12,8.213685214016005,Large,Auto Debit,Debit,Bills
Tata Power Auto Debit Tata Power,720.95,6.581955884417228,Medium,Auto Debit,Debit,Bills
Domino's India UPI/Paytm/Domino's India,188.77,5.245812812565887,Small,Upi,Debit,Food
Tailor UPI/Tailor,381.19,5.945917867152002,Small,Upi,Debit,Other
Local Services Cash Withdrawal ATM,1301.4,7.171963995248276,Medium,Cash Withdrawal,Debit,Other
Misc Vendor Cash Withdrawal ATM,554.73,6.320282564792335,Small,Cash Withdrawal,Debit,Other
Airtel Auto Debit Airtel,6710.98,8.81164926840482,Large,Auto Debit,Debit,Bills
Tata Power Net Banking Payment Tata Power,1423.08,7.261281270169177,Medium,Net Banking,Debit,Bills
Tailor UPI/Tailor,2366.08,7.769412406999455,Medium,Upi,Debit,Other
Third Wave Coffee UPI/Paytm/Third Wave Coffee,559.61,6.329025476602274,Small,Upi,Debit,Food
BookMyShow UPI Payment BookMyShow,220.19,5.399022060669669,Small,Upi,Debit,Entertainment
Flower Shop UPI/Flower Shop,390.94,5.971108766850908,Small,Upi,Debit,Other
Employer Salary Credit NEFT Salary Credit,43271.2,10.675265675467001,Large,Neft,Credit,Salary
Domino's India UPI/Paytm/Domino's India,329.01,5.7991229570317016,Small,Upi,Debit,Food
Myntra UPI Payment Myntra,298.19,5.701078823081886,Small,Upi,Debit,Shopping
Bharat Gas Net Banking Payment Bharat Gas,5251.36,8.566432778389634,Large,Net Banking,Debit,Bills
Local Wine & Beer Shop Debit Card Local Wine & Beer Shop,564.79,6.338222984621494,Small,Debit Card,Debit,Food
Jio Net Banking Payment Jio,784.01,6.665696456554773,Medium,Net Banking,Debit,Bills
Credit Card Bill Payment Net Banking Payment Credit Card Bill Payment,2904.21,7.974260955829903,Large,Net Banking,Debit,Bills
Laundry UPI/Laundry,712.26,6.569846010324803,Medium,Upi,Debit,Other
Starbucks India UPI/Paytm/Starbucks India,289.32,5.6709837629048145,Small,Upi,Debit,Food
Credit Card Bill Payment Auto Debit Credit Card Bill Payment,592.19,6.385514752400848,Small,Auto Debit,Debit,Bills
Indian Oil UPI/Indian Oil,2138.69,7.668416237709617,Medium,Upi,Debit,Fuel
Street Vendor UPI/Street Vendor,127.88,4.858881738868719,Small,Upi,Debit,Other
Bakery Debit Card Bakery,367.77,5.9101731434713765,Small,Debit Card,Debit,Other
House Rent Payment IMPS Rent Payment,7953.52,8.981495599542216,Large,Imps,Debit,Rent
Tata Power UPI/Tata Power,1434.85,7.269512287327663,Medium,Upi,Debit,Bills
Municipal Water Department Net Banking Payment Municipal Water Department,798.3,6.683736344631973,Medium,Net Banking,Debit,Bills
Tata Power Auto Debit Tata Power,1157.01,7.054458293674238,Medium,Auto Debit,Debit,Bills
Airtel Auto Debit Airtel,4782.61,8.472950770568259,Large,Auto Debit,Debit,Bills
Tata Power Auto Debit Tata Power,1305.89,7.175405547878865,Medium,Auto Debit,Debit,Bills
Swiggy POS Purchase Swiggy,1200.42,7.091259469522378,Medium,Credit Card,Debit,Food
Credit Card Bill Payment Net Banking Payment Credit Card Bill Payment,1983.91,7.5933288520430215,Medium,Net Banking,Debit,Bills
BigBasket UPI/DR/613511668/BigBasket,300.0,5.707110264748875,Small,Upi,Debit,Groceries
Credit Card Bill Payment Net Banking Payment Credit Card Bill Payment,559.29,6.328454506830316,Small,Net Banking,Debit,Bills
Jio Fiber Auto Debit Jio Fiber,2158.4,7.67758568431304,Medium,Auto Debit,Debit,Bills
KFC India UPI/Paytm/KFC India,264.37,5.581125078583557,Small,Upi,Debit,Food
Swiggy UPI/Paytm/Swiggy,439.88,6.08877272957498,Small,Upi,Debit,Food
Cafe Coffee Day Debit Card Cafe Coffee Day,773.07,6.651662308776828,Medium,Debit Card,Debit,Food
Airtel Auto Debit Airtel,2098.83,7.649611668053741,Medium,Auto Debit,Debit,Bills
Zomato POS Purchase Zomato,1813.41,7.503515624982089,Medium,Credit Card,Debit,Food
Faasos UPI/Paytm/Faasos,819.32,6.7096945080353905,Medium,Upi,Debit,Food
Credit Card Bill Payment Auto Debit Credit Card Bill Payment,6805.12,8.825577486407035,Large,Auto Debit,Debit,Bills
Amazon Prime Auto Debit Amazon Prime Subscription,313.7,5.751619804070361,Small,Auto Debit,Debit,Subscription
DMart UPI/DR/864717990/DMart,707.1,6.562585326657728,Medium,Upi,Debit,Groceries
Employer Salary Credit NEFT Salary Credit,50578.37,10.831299064630372,Large,Neft,Credit,Salary
KFC India UPI/Paytm/KFC India,1076.8,6.982677205499396,Medium,Upi,Debit,Food
EatClub UPI/Paytm/EatClub,1739.38,7.461858759169372,Medium,Upi,Debit,Food
Bharat Gas Net Banking Payment Bharat Gas,3765.97,8.23402624376333,Large,Net Banking,Debit,Bills
Spotify Auto Debit Spotify Subscription,850.0,6.7464121285733745,Medium,Auto Debit,Debit,Subscription
Reliance Fresh UPI/DR/692353117/Reliance Fresh,343.5,5.842094090453713,Small,Upi,Debit,Groceries
Mobile Repair Cash Withdrawal ATM,690.66,6.5390945053960206,Medium,Cash Withdrawal,Debit,Other
Indian Oil UPI/Indian Oil,2971.11,7.997027417265774,Large,Upi,Debit,Fuel
Tea Stall UPI/Tea Stall,131.76,4.888542986851774,Small,Upi,Debit,Other
Ajio UPI Payment Ajio,1143.09,7.042364840173987,Medium,Upi,Debit,Shopping
Reliance Fresh POS Purchase Reliance Fresh,941.07,6.848079581794282,Medium,Credit Card,Debit,Groceries
Credit Card Bill Payment Net Banking Payment Credit Card Bill Payment,2513.01,7.829634366867023,Medium,Net Banking,Debit,Bills
Employer Salary Credit NEFT Salary Credit,45739.84,10.730746832078017,Large,Neft,Credit,Salary
Blinkit POS Purchase Blinkit,300.0,5.707110264748875,Small,Credit Card,Debit,Groceries
Chaayos UPI/Paytm/Chaayos,1794.63,7.493111214275448,Medium,Upi,Debit,Food
Credit Card Bill Payment Net Banking Payment Credit Card Bill Payment,833.71,6.72708435913715,Medium,Net Banking,Debit,Bills
Spotify Auto Debit Spotify Subscription,149.0,5.0106352940962555,Small,Auto Debit,Debit,Subscription
BookMyShow POS Purchase BookMyShow,237.48,5.474285449369816,Small,Credit Card,Debit,Entertainment
Mobile Repair Debit Card Mobile Repair,412.32,6.0242221113461545,Small,Debit Card,Debit,Other
Jio Auto Debit Jio,7545.04,8.928778201331834,Large,Auto Debit,Debit,Bills
Indane Gas Net Banking Payment Indane Gas,187.0,5.236441962829949,Small,Net Banking,Debit,Bills
Credit Card Bill Payment Auto Debit Credit Card Bill Payment,712.64,6.570378633506502,Medium,Auto Debit,Debit,Bills
Credit Card Bill Payment Auto Debit Credit Card Bill Payment,489.1,6.194609451915502,Small,Auto Debit,Debit,Bills
BigBasket UPI/DR/109452902/BigBasket,1550.25,7.346816336518817,Medium,Upi,Debit,Groceries
Local Store UPI/Local Store,2272.87,7.729238504690402,Medium,Upi,Debit,Other
Netflix Auto Debit Netflix Subscription,175.31,5.172243809292668,Small,Auto Debit,Debit,Subscription
Credit Card Bill Payment Auto Debit Credit Card Bill Payment,4670.64,8.44926546674467,Large,Auto Debit,Debit,Bills
Zomato UPI/Paytm/Zomato,296.76,5.696287792893941,Small,Upi,Debit,Food
McDonald's India UPI/Paytm/McDonald's India,116.0,4.762173934797756,Small,Upi,Debit,Food
HPCL Cash Withdrawal ATM,4507.02,8.413613311707056,Large,Cash Withdrawal,Debit,Fuel
Indian Oil UPI/Indian Oil,4429.38,8.39624063814143,Large,Upi,Debit,Fuel
Faasos Debit Card Faasos,631.19,6.449189981877232,Small,Debit Card,Debit,Food
Domino's India UPI/Paytm/Domino's India,991.3,6.9000254809201955,Medium,Upi,Debit,Food
Street Vendor UPI/Street Vendor,272.74,5.61217875078312,Small,Upi,Debit,Other
HP Gas Net Banking Payment HP Gas,2421.9,7.792720448813383,Medium,Net Banking,Debit,Bills
Myntra POS Purchase Myntra,288.0,5.666426688112432,Small,Credit Card,Debit,Shopping
Indian Oil UPI/Indian Oil,3583.44,8.184357534416607,Large,Upi,Debit,Fuel
Bharat Gas Auto Debit Bharat Gas,322.01,5.777683282495735,Small,Auto Debit,Debit,Bills
Employer Salary Credit NEFT Salary Credit,51984.61,10.858722228497308,Large,Neft,Credit,Salary
Jio Fiber Auto Debit Jio Fiber,2594.14,7.861395744048406,Medium,Auto Debit,Debit,Bills
BigBasket POS Purchase BigBasket,346.91,5.851943825636722,Small,Credit Card,Debit,Groceries
House Rent Payment NEFT Rent Payment,7610.06,8.937357731563083,Large,Neft,Debit,Rent
Employer Salary Credit NEFT Salary Credit,38749.41,10.56489661537068,Large,Neft,Credit,Salary
Municipal Water Department UPI/Municipal Water Department,6837.82,8.830370481114354,Large,Upi,Debit,Bills
Jio Fiber Net Banking Payment Jio Fiber,5983.69,8.696959820493547,Large,Net Banking,Debit,Bills
Zomato POS Purchase Zomato,117.59,4.775672165976704,Small,Credit Card,Debit,Food
BookMyShow UPI Payment BookMyShow,243.93,5.50097245543491,Small,Upi,Debit,Entertainment
BEST Net Banking Payment BEST,779.77,6.660280612229586,Medium,Net Banking,Debit,Bills
BookMyShow Debit Card BookMyShow,267.34,5.592254833162325,Small,Debit Card,Debit,Entertainment
Laundry UPI/Laundry,2103.52,7.651842691610467,Medium,Upi,Debit,Other
KFC India UPI/Paytm/KFC India,145.6,4.987707789452551,Small,Upi,Debit,Food
Flower Shop UPI/Flower Shop,82.2,4.421247347827163,Small,Upi,Debit,Other
Employer Salary Credit NEFT Salary Credit,38906.12,10.568932546276988,Large,Neft,Credit,Salary
Nature's Basket Debit Card Nature's Basket,1240.28,7.123898384251603,Medium,Debit Card,Debit,Groceries
Unknown Merchant Debit Card Unknown Merchant,328.67,5.798092154126943,Small,Debit Card,Debit,Other
Zomato UPI/Paytm/Zomato,167.19,5.125094292739341,Small,Upi,Debit,Food
Blinkit POS Purchase Blinkit,439.44,6.08777422724539,Small,Credit Card,Debit,Groceries
HDFC Ergo Net Banking Payment HDFC Ergo Insurance Premium,8142.45,9.004969202128615,Large,Net Banking,Debit,Insurance
Laundry Debit Card Laundry,996.01,6.904760800001808,Medium,Debit Card,Debit,Other
Employer Salary Credit NEFT Salary Credit,42260.69,10.651636280905233,Large,Neft,Credit,Salary
BookMyShow POS Purchase BookMyShow,309.91,5.739503481230614,Small,Credit Card,Debit,Entertainment
Lakme Salon Debit Card Lakme Salon,101.55,4.63035048451839,Small,Debit Card,Debit,Miscellaneous
DMart POS Purchase DMart,432.03,6.070807009667125,Small,Credit Card,Debit,Groceries
Credit Card Bill Payment Auto Debit Credit Card Bill Payment,187.0,5.236441962829949,Small,Auto Debit,Debit,Bills
Nature's Basket UPI/DR/260142678/Nature's Basket,386.4,5.959457750972896,Small,Upi,Debit,Groceries
BSNL Auto Debit BSNL,3909.49,8.27141796482065,Large,Auto Debit,Debit,Bills
HPCL UPI/HPCL,2778.55,7.930044323078642,Large,Upi,Debit,Fuel
IRCTC UPI/IRCTC,746.78,6.617108817066341,Medium,Upi,Debit,Miscellaneous
Jio Net Banking Payment Jio,4062.01,8.309679357220238,Large,Net Banking,Debit,Bills
BEST Auto Debit BEST,1987.08,7.594924627855546,Medium,Auto Debit,Debit,Bills
Faasos UPI/Paytm/Faasos,116.0,4.762173934797756,Small,Upi,Debit,Food
Airtel Net Banking Payment Airtel,1797.25,7.4945692487474656,Medium,Net Banking,Debit,Bills
Toit Brewpub POS Purchase Toit Brewpub,523.46,6.262369161820452,Small,Credit Card,Debit,Food
BPCL UPI/BPCL,3058.43,8.025983903085372,Large,Upi,Debit,Fuel
House Rent Payment IMPS Rent Payment,41465.79,10.63264814489121,Large,Imps,Debit,Rent
Jio Net Banking Payment Jio,3034.93,8.01827308159622,Large,Net Banking,Debit,Bills
Airtel Auto Debit Airtel,632.42,6.451133709229659,Small,Auto Debit,Debit,Bills
Indane Gas Auto Debit Indane Gas,559.61,6.329025476602274,Small,Auto Debit,Debit,Bills
Employer Salary Credit NEFT Salary Credit,51917.28,10.857426222940171,Large,Neft,Credit,Salary
Municipal Water Department Auto Debit Municipal Water Department,1204.76,7.094865352507889,Medium,Auto Debit,Debit,Bills
Nykaa POS Purchase Nykaa,6245.92,8.73984382126462,Large,Credit Card,Debit,Shopping
Swiggy UPI/Paytm/Swiggy,272.38,5.610862768724507,Small,Upi,Debit,Food
Unknown Merchant UPI/Unknown Merchant,108.34,4.694462293466853,Small,Upi,Debit,Other
IRCTC UPI/IRCTC,1391.19,7.238633325832746,Medium,Upi,Debit,Miscellaneous
DMart UPI/DR/370484159/DMart,698.71,6.550665963489084,Medium,Upi,Debit,Groceries
Flipkart POS Purchase Flipkart,14508.05,9.582527871646628,Large,Credit Card,Debit,Shopping
Mobile Repair Cash Withdrawal ATM,1079.95,6.985595563100474,Medium,Cash Withdrawal,Debit,Other
DMart UPI/DR/760080817/DMart,651.08,6.480167253786202,Small,Upi,Debit,Groceries
House Rent Payment NEFT Rent Payment,7696.22,8.948614503690479,Large,Neft,Debit,Rent
Myntra POS Purchase Myntra,2958.71,7.992846569545468,Large,Credit Card,Debit,Shopping
DMart UPI/DR/212650803/DMart,491.94,6.20038746278222,Small,Upi,Debit,Groceries
Amazon India POS Purchase Amazon India,614.7,6.422759831917165,Small,Credit Card,Debit,Shopping
Tata Power Net Banking Payment Tata Power,1112.43,7.015200619880753,Medium,Net Banking,Debit,Bills
Credit Card Bill Payment Net Banking Payment Credit Card Bill Payment,8736.47,9.075375953059776,Large,Net Banking,Debit,Bills
Flower Shop UPI/Flower Shop,305.99,5.726815173766774,Small,Upi,Debit,Other
Zomato UPI/Paytm/Zomato,607.08,6.410306452257785,Small,Upi,Debit,Food
Airtel Auto Debit Airtel,3196.67,8.070177698576064,Large,Auto Debit,Debit,Bills
Blinkit UPI/DR/323009714/Blinkit,471.6,6.158249364752807,Small,Upi,Debit,Groceries
Ola Debit Card Ola,401.39,5.997421767582108,Small,Debit Card,Debit,Miscellaneous
Jio Fiber UPI/Jio Fiber,4260.32,8.357334250421912,Large,Upi,Debit,Bills
Credit Card Bill Payment UPI/Credit Card Bill Payment,2139.59,7.668836770951958,Medium,Upi,Debit,Bills
Indian Oil UPI/Indian Oil,2633.51,7.876452485428813,Medium,Upi,Debit,Fuel
Municipal Water Department Auto Debit Municipal Water Department,705.49,6.560309047742739,Medium,Auto Debit,Debit,Bills
Amazon India UPI Payment Amazon India,4570.0,8.427487278331744,Large,Upi,Debit,Shopping
HP Gas Auto Debit HP Gas,3015.27,8.011776247667362,Large,Auto Debit,Debit,Bills
Airtel Auto Debit Airtel,3757.07,8.231660806729149,Large,Auto Debit,Debit,Bills
Misc Vendor UPI/Misc Vendor,1301.93,7.172370853502172,Medium,Upi,Debit,Other
Barbeque Nation UPI/Paytm/Barbeque Nation,463.55,6.141069195087321,Small,Upi,Debit,Food
Airtel Auto Debit Airtel,4383.04,8.385725952673818,Large,Auto Debit,Debit,Bills
Amazon India UPI Payment Amazon India,288.0,5.666426688112432,Small,Upi,Debit,Shopping
Faasos UPI/Paytm/Faasos,116.0,4.762173934797756,Small,Upi,Debit,Food
Ajio Debit Card Ajio,288.0,5.666426688112432,Small,Debit Card,Debit,Shopping
Credit Card Bill Payment Net Banking Payment Credit Card Bill Payment,4641.64,8.443038448938031,Large,Net Banking,Debit,Bills
Jio Fiber Auto Debit Jio Fiber,937.52,6.84430416640152,Medium,Auto Debit,Debit,Bills
Tailor UPI/Tailor,90.12,4.512177319138927,Small,Upi,Debit,Other
Tata Power Auto Debit Tata Power,3291.18,8.099305238309464,Large,Auto Debit,Debit,Bills
Myntra Debit Card Myntra,417.21,6.035983698712472,Small,Debit Card,Debit,Shopping
Airtel Net Banking Payment Airtel,279.28,5.635789103502333,Small,Net Banking,Debit,Bills
Spotify Auto Debit Spotify Subscription,279.09,5.6351109800935815,Small,Auto Debit,Debit,Subscription
Credit Card Bill Payment Net Banking Payment Credit Card Bill Payment,1467.79,7.2921942115641825,Medium,Net Banking,Debit,Bills
KFC India UPI/Paytm/KFC India,210.57,5.3545559129952265,Small,Upi,Debit,Food
Tailor UPI/Tailor,1837.28,7.516585630812605,Medium,Upi,Debit,Other
Employer Salary Credit NEFT Salary Credit,39793.23,10.591477205888284,Large,Neft,Credit,Salary
Credit Card Bill Payment Auto Debit Credit Card Bill Payment,2613.51,7.868831978443973,Medium,Auto Debit,Debit,Bills
Airtel Auto Debit Airtel,948.23,6.855651129624742,Medium,Auto Debit,Debit,Bills
Credit Card Bill Payment Auto Debit Credit Card Bill Payment,989.27,6.897977633218041,Medium,Auto Debit,Debit,Bills
Jio Net Banking Payment Jio,4677.29,8.450687937527084,Large,Net Banking,Debit,Bills
DMart POS Purchase DMart,672.68,6.512755220721736,Medium,Credit Card,Debit,Groceries
Credit Card Bill Payment Auto Debit Credit Card Bill Payment,187.0,5.236441962829949,Small,Auto Debit,Debit,Bills
Bharat Gas Net Banking Payment Bharat Gas,3114.36,8.044099994367311,Large,Net Banking,Debit,Bills
Swiggy UPI/Paytm/Swiggy,668.07,6.50588868843626,Medium,Upi,Debit,Food
Airtel UPI/Airtel,2624.96,7.873201822454269,Medium,Upi,Debit,Bills
Nature's Basket UPI/DR/250248163/Nature's Basket,1679.85,7.427054896827507,Medium,Upi,Debit,Groceries
Unknown Merchant UPI/Unknown Merchant,1276.15,7.15238631193777,Medium,Upi,Debit,Other
Credit Card Bill Payment UPI/Credit Card Bill Payment,352.44,5.867713739671807,Small,Upi,Debit,Bills
Credit Card Bill Payment Auto Debit Credit Card Bill Payment,1444.72,7.276362746347502,Medium,Auto Debit,Debit,Bills
Credit Card Bill Payment UPI/Credit Card Bill Payment,4920.74,8.501417405500499,Large,Upi,Debit,Bills
Credit Card Bill Payment Auto Debit Credit Card Bill Payment,3113.57,8.04384637995937,Large,Auto Debit,Debit,Bills
Bajaj Allianz Auto Debit Bajaj Allianz Insurance Premium,8462.13,9.04347436053523,Large,Auto Debit,Debit,Insurance
Disney+ Hotstar Auto Debit Disney+ Hotstar Subscription,149.0,5.0106352940962555,Small,Auto Debit,Debit,Subscription
Tata Play Auto Debit Tata Play Subscription,172.02,5.153407194752228,Small,Auto Debit,Debit,Subscription
BigBasket UPI/DR/193974854/BigBasket,841.0,6.7357800142423265,Medium,Upi,Debit,Groceries
Lakme Salon UPI/Lakme Salon,294.65,5.689176322266839,Small,Upi,Debit,Miscellaneous
Employer Salary Credit NEFT Salary Credit,38622.51,10.561616437404192,Large,Neft,Credit,Salary
Local Services UPI/Local Services,401.93,5.9987628495890934,Small,Upi,Debit,Other
DMart UPI/DR/868706268/DMart,1263.38,7.142337162437177,Medium,Upi,Debit,Groceries
Swiggy UPI/Paytm/Swiggy,1230.59,7.116061296498057,Medium,Upi,Debit,Food
House Rent Payment IMPS Rent Payment,7676.24,8.946015386551046,Large,Imps,Debit,Rent
Myntra Debit Card Myntra,288.0,5.666426688112432,Small,Debit Card,Debit,Shopping
Nykaa POS Purchase Nykaa,437.16,6.082584140475466,Small,Credit Card,Debit,Shopping
BEST Net Banking Payment BEST,1499.25,7.313387039869622,Medium,Net Banking,Debit,Bills
BPCL Debit Card BPCL,4201.13,8.343346818575125,Large,Debit Card,Debit,Fuel
Credit Card Bill Payment Net Banking Payment Credit Card Bill Payment,5083.65,8.533981476221935,Large,Net Banking,Debit,Bills
Spotify Auto Debit Spotify Subscription,406.41,6.009820049392294,Small,Auto Debit,Debit,Subscription
HPCL Debit Card HPCL,4048.72,8.306403021908126,Large,Debit Card,Debit,Fuel
Credit Card Bill Payment Auto Debit Credit Card Bill Payment,1523.81,7.329625091115578,Medium,Auto Debit,Debit,Bills
Municipal Water Department Net Banking Payment Municipal Water Department,1437.86,7.271606412369837,Medium,Net Banking,Debit,Bills
BigBasket POS Purchase BigBasket,1456.69,7.284608269934326,Medium,Credit Card,Debit,Groceries
Indane Gas Auto Debit Indane Gas,1426.8,7.2638900770683605,Medium,Auto Debit,Debit,Bills
Starbucks India UPI/Paytm/Starbucks India,458.29,6.129681818832591,Small,Upi,Debit,Food
Flipkart Debit Card Flipkart,1358.66,7.214989947474889,Medium,Debit Card,Debit,Shopping
Credit Card Bill Payment Net Banking Payment Credit Card Bill Payment,924.06,6.829858600273655,Medium,Net Banking,Debit,Bills
Indane Gas Auto Debit Indane Gas,2304.39,7.743005138515446,Medium,Auto Debit,Debit,Bills
ICICI Lombard Auto Debit ICICI Lombard Insurance Premium,8531.19,9.051601348447836,Large,Auto Debit,Debit,Insurance
Cafe Coffee Day UPI/Paytm/Cafe Coffee Day,517.29,6.250534931164268,Small,Upi,Debit,Food
Tata Play Auto Debit Tata Play Subscription,517.22,6.250399862520249,Small,Auto Debit,Debit,Subscription
Blinkit UPI/DR/720608968/Blinkit,390.81,5.970777028410864,Small,Upi,Debit,Groceries
Ajio UPI Payment Ajio,288.0,5.666426688112432,Small,Upi,Debit,Shopping
Netflix Auto Debit Netflix Subscription,546.2,6.3048143663083405,Small,Auto Debit,Debit,Subscription
Credit Card Bill Payment Auto Debit Credit Card Bill Payment,3449.58,8.146297611837532,Large,Auto Debit,Debit,Bills
Chaayos UPI/Paytm/Chaayos,489.03,6.1944666137203255,Small,Upi,Debit,Food
DMart Debit Card DMart,1552.11,7.348014651290669,Medium,Debit Card,Debit,Groceries
DMart Debit Card DMart,843.17,6.7383538961142575,Medium,Debit Card,Debit,Groceries
Chaayos UPI/Paytm/Chaayos,234.13,5.460138552679514,Small,Upi,Debit,Food
HPCL Debit Card HPCL,3218.87,8.077096265052647,Large,Debit Card,Debit,Fuel
Nature's Basket Debit Card Nature's Basket,584.0,6.371611847231857,Small,Debit Card,Debit,Groceries
Employer Salary Credit NEFT Salary Credit,51651.89,10.852301426515842,Large,Neft,Credit,Salary
Fruit Vendor Cash Withdrawal ATM,140.08,4.949327105367852,Small,Cash Withdrawal,Debit,Other
Flower Shop UPI/Flower Shop,284.75,5.65511730267492,Small,Upi,Debit,Other
Credit Card Bill Payment Auto Debit Credit Card Bill Payment,242.85,5.496553282156062,Small,Auto Debit,Debit,Bills
Nature's Basket Debit Card Nature's Basket,1402.3,7.24658188475709,Medium,Debit Card,Debit,Groceries
McDonald's India POS Purchase McDonald's India,129.79,4.8735929835010605,Small,Credit Card,Debit,Food
Employer Salary Credit NEFT Salary Credit,58513.32,10.97702678958945,Large,Neft,Credit,Salary
BookMyShow UPI Payment BookMyShow,213.7,5.369241704884735,Small,Upi,Debit,Entertainment
BSNL Auto Debit BSNL,1673.6,7.423329609770332,Medium,Auto Debit,Debit,Bills
Third Wave Coffee UPI/Paytm/Third Wave Coffee,289.1,5.670225691127358,Small,Upi,Debit,Food
Airtel UPI/Airtel,3735.78,8.225979557000594,Large,Upi,Debit,Bills
KFC India UPI/Paytm/KFC India,116.0,4.762173934797756,Small,Upi,Debit,Food
HPCL Debit Card HPCL,2525.27,7.834499185559328,Medium,Debit Card,Debit,Fuel
House Rent Payment NEFT Rent Payment,47173.03,10.761598808287147,Large,Neft,Debit,Rent
Credit Card Bill Payment Auto Debit Credit Card Bill Payment,1038.68,6.946668252480736,Medium,Auto Debit,Debit,Bills
Kirana Shop UPI/Kirana Shop,2186.59,7.690555760242568,Medium,Upi,Debit,Other
General Store UPI/General Store,392.65,5.975462189630476,Small,Upi,Debit,Other
Municipal Water Department UPI/Municipal Water Department,2802.27,7.938541871891478,Large,Upi,Debit,Bills
Street Vendor UPI/Street Vendor,125.91,4.843478173822073,Small,Upi,Debit,Other
Credit Card Bill Payment UPI/Credit Card Bill Payment,14701.11,9.595746299881284,Large,Upi,Debit,Bills
Bharat Gas Auto Debit Bharat Gas,2967.41,7.9957817349085225,Large,Auto Debit,Debit,Bills
Chaayos Debit Card Chaayos,116.0,4.762173934797756,Small,Debit Card,Debit,Food
Swiggy POS Purchase Swiggy,432.0,6.07073772800249,Small,Credit Card,Debit,Food
Vegetable Market UPI/Vegetable Market,351.28,5.864426313937258,Small,Upi,Debit,Other
Zomato UPI/Paytm/Zomato,116.0,4.762173934797756,Small,Upi,Debit,Food
Credit Card Bill Payment Net Banking Payment Credit Card Bill Payment,852.76,6.749650123847149,Medium,Net Banking,Debit,Bills
Tata Power Auto Debit Tata Power,2609.63,7.867346850499786,Medium,Auto Debit,Debit,Bills
Jio Net Banking Payment Jio,5955.09,8.692169504502358,Large,Net Banking,Debit,Bills
Domino's India UPI/Paytm/Domino's India,336.3,5.820972742067605,Small,Upi,Debit,Food
EatClub UPI/Paytm/EatClub,160.23,5.082831916975648,Small,Upi,Debit,Food
Credit Card Bill Payment UPI/Credit Card Bill Payment,1715.11,7.447815380557529,Medium,Upi,Debit,Bills
Third Wave Coffee UPI/Paytm/Third Wave Coffee,1373.15,7.2255906371293275,Medium,Upi,Debit,Food
Zomato UPI/Paytm/Zomato,116.0,4.762173934797756,Small,Upi,Debit,Food
Zomato UPI/Paytm/Zomato,794.97,6.679561496691945,Medium,Upi,Debit,Food
BigBasket POS Purchase BigBasket,300.0,5.707110264748875,Small,Credit Card,Debit,Groceries
BigBasket UPI/DR/747975975/BigBasket,717.97,6.577819632233027,Medium,Upi,Debit,Groceries
Bharat Gas Auto Debit Bharat Gas,4120.65,8.324008847607578,Large,Auto Debit,Debit,Bills
Amazon Prime Auto Debit Amazon Prime Subscription,149.0,5.0106352940962555,Small,Auto Debit,Debit,Subscription
Bajaj Allianz Auto Debit Bajaj Allianz Insurance Premium,8637.27,9.06395761026762,Large,Auto Debit,Debit,Insurance
Credit Card Bill Payment Auto Debit Credit Card Bill Payment,5484.88,8.609932797397576,Large,Auto Debit,Debit,Bills
HP Gas Auto Debit HP Gas,3204.59,8.072651439776266,Large,Auto Debit,Debit,Bills
Jio Net Banking Payment Jio,205.02,5.327973251455547,Small,Net Banking,Debit,Bills
Dish TV Net Banking Payment Dish TV,289.07,5.670122273163566,Small,Net Banking,Debit,Subscription
Blinkit UPI/DR/894024006/Blinkit,753.67,6.62628056760634,Medium,Upi,Debit,Groceries
Burger King UPI/Paytm/Burger King,116.0,4.762173934797756,Small,Upi,Debit,Food
Employer Salary Credit NEFT Salary Credit,38309.59,10.553481638254778,Large,Neft,Credit,Salary
Credit Card Bill Payment Auto Debit Credit Card Bill Payment,1870.21,7.534340559419862,Medium,Auto Debit,Debit,Bills
BSNL Net Banking Payment BSNL,1493.53,7.309567055125732,Medium,Net Banking,Debit,Bills
Domino's India POS Purchase Domino's India,1304.01,7.173965982562684,Medium,Credit Card,Debit,Food
HPCL Debit Card HPCL,2135.52,7.666933616144875,Medium,Debit Card,Debit,Fuel
KFC India UPI/Paytm/KFC India,528.28,6.271517592395272,Small,Upi,Debit,Food
Ace Hardware India UPI/Ace Hardware India,2095.27,7.647914853938655,Medium,Upi,Debit,Miscellaneous
McDonald's India UPI/Paytm/McDonald's India,182.96,5.214718342671723,Small,Upi,Debit,Food
Meesho POS Purchase Meesho,288.0,5.666426688112432,Small,Credit Card,Debit,Shopping
DMart UPI/DR/521869399/DMart,1228.91,7.114696274957647,Medium,Upi,Debit,Groceries
Naturals Salon UPI/Naturals Salon,639.89,6.462857835330253,Small,Upi,Debit,Miscellaneous
ICICI Lombard Net Banking Payment ICICI Lombard Insurance Premium,8303.95,9.024607001559676,Large,Net Banking,Debit,Insurance
Airtel UPI/Airtel,1695.62,7.4363933155866,Medium,Upi,Debit,Bills
Myntra UPI Payment Myntra,288.0,5.666426688112432,Small,Upi,Debit,Shopping
Tea Stall Cash Withdrawal ATM,104.8,4.661550519424199,Small,Cash Withdrawal,Debit,Other
Local Wine & Beer Shop UPI/Paytm/Local Wine & Beer Shop,660.84,6.495023834881928,Medium,Upi,Debit,Food
Tata Power Auto Debit Tata Power,968.33,6.876605111189842,Medium,Auto Debit,Debit,Bills
Indane Gas Net Banking Payment Indane Gas,1351.34,7.2095917042772335,Medium,Net Banking,Debit,Bills
Swiggy POS Purchase Swiggy,272.64,5.611813373892797,Small,Credit Card,Debit,Food
Amazon Prime Auto Debit Amazon Prime Subscription,149.0,5.0106352940962555,Small,Auto Debit,Debit,Subscription
DMart UPI/DR/971887294/DMart,676.25,6.518040480965205,Medium,Upi,Debit,Groceries
Amazon India POS Purchase Amazon India,1073.62,6.979722389697928,Medium,Credit Card,Debit,Shopping
Credit Card Bill Payment Net Banking Payment Credit Card Bill Payment,321.92,5.777404614526815,Small,Net Banking,Debit,Bills
Indane Gas Auto Debit Indane Gas,720.7,6.581609540078228,Medium,Auto Debit,Debit,Bills
Nykaa UPI Payment Nykaa,288.0,5.666426688112432,Small,Upi,Debit,Shopping
Spotify Auto Debit Spotify Subscription,344.98,5.846380969918831,Small,Auto Debit,Debit,Subscription
Municipal Water Department Net Banking Payment Municipal Water Department,4832.44,8.483313708462557,Large,Net Banking,Debit,Bills
Domino's India UPI/Paytm/Domino's India,264.98,5.583421117985017,Small,Upi,Debit,Food
Tata Play Auto Debit Tata Play Subscription,346.74,5.851455074099643,Small,Auto Debit,Debit,Subscription
Jio Net Banking Payment Jio,1657.74,7.413813556992224,Medium,Net Banking,Debit,Bills
LIC Auto Debit LIC Insurance Premium,8419.12,9.03837935891629,Large,Auto Debit,Debit,Insurance
DMart Debit Card DMart,1092.72,6.997340008724225,Medium,Debit Card,Debit,Groceries
Vegetable Market UPI/Vegetable Market,180.72,5.202467040891203,Small,Upi,Debit,Other
ICICI Lombard Auto Debit ICICI Lombard Insurance Premium,8682.66,9.069198377767403,Large,Auto Debit,Debit,Insurance
Credit Card Bill Payment Net Banking Payment Credit Card Bill Payment,4031.43,8.302124450890233,Large,Net Banking,Debit,Bills
BookMyShow UPI Payment BookMyShow,417.74,6.037250202257115,Small,Upi,Debit,Entertainment
Tata Power Auto Debit Tata Power,1196.89,7.0883169547602085,Medium,Auto Debit,Debit,Bills
Faasos UPI/Paytm/Faasos,872.17,6.772130267695306,Medium,Upi,Debit,Food
Tata Power Auto Debit Tata Power,271.79,5.608702268405931,Small,Auto Debit,Debit,Bills
BookMyShow UPI Payment BookMyShow,473.5,6.162261618049983,Small,Upi,Debit,Entertainment
Social UPI/Paytm/Social,116.0,4.762173934797756,Small,Upi,Debit,Food
HDFC Ergo Net Banking Payment HDFC Ergo Insurance Premium,8411.77,9.03750606853453,Large,Net Banking,Debit,Insurance
Credit Card Bill Payment Auto Debit Credit Card Bill Payment,626.75,6.442141998037695,Small,Auto Debit,Debit,Bills
Flipkart Debit Card Flipkart,288.0,5.666426688112432,Small,Debit Card,Debit,Shopping
Starbucks India UPI/Paytm/Starbucks India,229.56,5.440511132251212,Small,Upi,Debit,Food
Chaayos POS Purchase Chaayos,448.26,6.1076017847370245,Small,Credit Card,Debit,Food
General Store UPI/General Store,1674.87,7.424087712401201,Medium,Upi,Debit,Other
Mobile Repair UPI/Mobile Repair,2486.88,7.81918622118464,Medium,Upi,Debit,Other
Local Wine & Beer Shop UPI/Paytm/Local Wine & Beer Shop,116.0,4.762173934797756,Small,Upi,Debit,Food
Blinkit UPI/DR/744192644/Blinkit,1318.17,7.184758029931623,Medium,Upi,Debit,Groceries
Burger King UPI/Paytm/Burger King,190.66,5.255722968915616,Small,Upi,Debit,Food
BPCL Debit Card BPCL,4261.96,8.357719033657618,Large,Debit Card,Debit,Fuel
Jio Fiber Auto Debit Jio Fiber,1856.68,7.527083676338436,Medium,Auto Debit,Debit,Bills
Blinkit UPI/DR/588169687/Blinkit,1269.29,7.147000499842246,Medium,Upi,Debit,Groceries
Barbeque Nation Debit Card Barbeque Nation,1049.71,6.9572214051139865,Medium,Debit Card,Debit,Food
Zepto UPI/DR/831017246/Zepto,1088.71,6.993666884778396,Medium,Upi,Debit,Groceries
Local Store Cash Withdrawal ATM,1495.47,7.310864280316004,Medium,Cash Withdrawal,Debit,Other
Credit Card Bill Payment Net Banking Payment Credit Card Bill Payment,2989.49,8.0031925325566,Large,Net Banking,Debit,Bills
Airtel Auto Debit Airtel,2817.89,7.944098469423369,Large,Auto Debit,Debit,Bills
DMart UPI/DR/928123020/DMart,305.82,5.7262612564166275,Small,Upi,Debit,Groceries
Kirana Shop UPI/Kirana Shop,1464.76,7.290129158266899,Medium,Upi,Debit,Other
Starbucks India UPI/Paytm/Starbucks India,1546.33,7.344286143920092,Medium,Upi,Debit,Food
Employer Salary Credit NEFT Salary Credit,42767.31,10.663552686762456,Large,Neft,Credit,Salary
Reliance Fresh UPI/DR/687639985/Reliance Fresh,559.27,6.328418810392817,Small,Upi,Debit,Groceries
HP Gas Auto Debit HP Gas,2759.86,7.923297504378702,Large,Auto Debit,Debit,Bills
Ola POS Purchase Ola,931.49,6.83785842759988,Medium,Credit Card,Debit,Miscellaneous
Flower Shop UPI/Flower Shop,63.11,4.160600357999166,Small,Upi,Debit,Other
BSNL Auto Debit BSNL,1583.3,7.367897948380997,Medium,Auto Debit,Debit,Bills
Reliance Fresh Debit Card Reliance Fresh,669.69,6.508307033198804,Medium,Debit Card,Debit,Groceries
Jio Fiber UPI/Jio Fiber,1241.52,7.1248968544207125,Medium,Upi,Debit,Bills
BSNL Auto Debit BSNL,2718.82,7.9083209806296955,Large,Auto Debit,Debit,Bills
Nature's Basket UPI/DR/424425818/Nature's Basket,425.12,6.054720996742997,Small,Upi,Debit,Groceries
Mobile Repair UPI/Mobile Repair,2362.83,7.7680384639266595,Medium,Upi,Debit,Other
Adani Electricity UPI/Adani Electricity,7041.49,8.859717079799218,Large,Upi,Debit,Bills
BEST Net Banking Payment BEST,5082.06,8.53366872142996,Large,Net Banking,Debit,Bills
HDFC Ergo Net Banking Payment HDFC Ergo Insurance Premium,7990.0,8.986071187374463,Large,Net Banking,Debit,Insurance
KFC India UPI/Paytm/KFC India,1253.44,7.1344445368428415,Medium,Upi,Debit,Food
BEST Net Banking Payment BEST,1523.8,7.3296185328999375,Medium,Net Banking,Debit,Bills
EatClub Debit Card EatClub,233.15,5.455961935629551,Small,Debit Card,Debit,Food
Burger King UPI/Paytm/Burger King,229.98,5.442331126686941,Small,Upi,Debit,Food
Domino's India UPI/Paytm/Domino's India,424.61,6.053523433992003,Small,Upi,Debit,Food
BookMyShow UPI Payment BookMyShow,165.7,5.116195789756748,Small,Upi,Debit,Entertainment
Spotify Auto Debit Spotify Subscription,335.12,5.817468239060018,Small,Auto Debit,Debit,Subscription
Netflix Auto Debit Netflix Subscription,183.32,5.216673377507527,Small,Auto Debit,Debit,Subscription
Jio Auto Debit Jio,2279.01,7.73193510790378,Medium,Auto Debit,Debit,Bills
Bharat Gas Auto Debit Bharat Gas,3573.84,8.181675698881808,Large,Auto Debit,Debit,Bills
House Rent Payment NEFT Rent Payment,35206.41,10.469011850795416,Large,Neft,Debit,Rent
Flipkart UPI Payment Flipkart,288.0,5.666426688112432,Small,Upi,Debit,Shopping
Airtel Auto Debit Airtel,2407.43,7.786730361915303,Medium,Auto Debit,Debit,Bills
BigBasket UPI/DR/999423880/BigBasket,1023.42,6.9318818777583715,Medium,Upi,Debit,Groceries
Uber UPI/Uber,2918.13,7.979040905662357,Large,Upi,Debit,Miscellaneous
Meesho UPI Payment Meesho,4411.32,8.392155907208354,Large,Upi,Debit,Shopping
Reliance Fresh UPI/DR/829835592/Reliance Fresh,635.91,6.45662835830603,Small,Upi,Debit,Groceries
Airtel Auto Debit Airtel,4730.86,8.462073638861792,Large,Auto Debit,Debit,Bills
BigBasket Debit Card BigBasket,523.85,6.263112507481806,Small,Debit Card,Debit,Groceries
Jio Auto Debit Jio,1916.49,7.558772318103953,Medium,Auto Debit,Debit,Bills
Zepto Debit Card Zepto,300.0,5.707110264748875,Small,Debit Card,Debit,Groceries
Indian Oil UPI/Indian Oil,3414.33,8.13602939983993,Large,Upi,Debit,Fuel
Reliance Fresh Debit Card Reliance Fresh,652.02,6.481607756678771,Small,Debit Card,Debit,Groceries
Mobile Repair Cash Withdrawal ATM,809.89,6.6981324098976565,Medium,Cash Withdrawal,Debit,Other
Disney+ Hotstar Auto Debit Disney+ Hotstar Subscription,371.79,5.921015258417331,Small,Auto Debit,Debit,Subscription
LIC Auto Debit LIC Insurance Premium,8420.62,9.038557487779931,Large,Auto Debit,Debit,Insurance
Municipal Water Department Auto Debit Municipal Water Department,1705.38,7.4421294465071135,Medium,Auto Debit,Debit,Bills
BookMyShow POS Purchase BookMyShow,209.49,5.349438146055751,Small,Credit Card,Debit,Entertainment
Uber Debit Card Uber,431.87,6.070437451977274,Small,Debit Card,Debit,Miscellaneous
Tata Power Net Banking Payment Tata Power,3482.54,8.155804297108425,Large,Net Banking,Debit,Bills
Blinkit UPI/DR/250721880/Blinkit,1504.26,7.316720919737205,Medium,Upi,Debit,Groceries
Zomato UPI/Paytm/Zomato,626.41,6.441600234424584,Small,Upi,Debit,Food
Flipkart UPI Payment Flipkart,288.0,5.666426688112432,Small,Upi,Debit,Shopping
Credit Card Bill Payment Auto Debit Credit Card Bill Payment,2844.84,7.953613557814341,Large,Auto Debit,Debit,Bills
Local Wine & Beer Shop UPI/Paytm/Local Wine & Beer Shop,726.27,6.589297797856571,Medium,Upi,Debit,Food
BigBasket UPI/DR/340501969/BigBasket,641.08,6.464712906518606,Small,Upi,Debit,Groceries
Indian Oil Debit Card Indian Oil,3138.36,8.051774236471791,Large,Debit Card,Debit,Fuel
Employer Salary Credit NEFT Salary Credit,42835.65,10.665149323558222,Large,Neft,Credit,Salary
Jio Auto Debit Jio,2964.71,7.994871743136763,Large,Auto Debit,Debit,Bills
BPCL Debit Card BPCL,3566.19,8.179533449990208,Large,Debit Card,Debit,Fuel
Amazon India Debit Card Amazon India,288.0,5.666426688112432,Small,Debit Card,Debit,Shopping
Chaayos Debit Card Chaayos,116.0,4.762173934797756,Small,Debit Card,Debit,Food
Amazon India POS Purchase Amazon India,1307.85,7.176904168052754,Medium,Credit Card,Debit,Shopping
Airtel UPI/Airtel,2688.47,7.897099427161403,Large,Upi,Debit,Bills
Nature's Basket UPI/DR/295296618/Nature's Basket,300.0,5.707110264748875,Small,Upi,Debit,Groceries
McDonald's India UPI/Paytm/McDonald's India,116.0,4.762173934797756,Small,Upi,Debit,Food
Indian Oil Debit Card Indian Oil,3325.09,8.109552718917739,Large,Debit Card,Debit,Fuel
Amazon India POS Purchase Amazon India,288.0,5.666426688112432,Small,Credit Card,Debit,Shopping
Credit Card Bill Payment UPI/Credit Card Bill Payment,937.74,6.844538550558225,Medium,Upi,Debit,Bills
Credit Card Bill Payment Auto Debit Credit Card Bill Payment,5887.05,8.680680152220482,Large,Auto Debit,Debit,Bills
Local Services Cash Withdrawal ATM,1756.65,7.471732968549245,Medium,Cash Withdrawal,Debit,Other
Bharat Gas Auto Debit Bharat Gas,187.0,5.236441962829949,Small,Auto Debit,Debit,Bills
Blinkit UPI/DR/587972689/Blinkit,300.0,5.707110264748875,Small,Upi,Debit,Groceries
BookMyShow Debit Card BookMyShow,278.24,5.632071627102201,Small,Debit Card,Debit,Entertainment
Social Debit Card Social,116.0,4.762173934797756,Small,Debit Card,Debit,Food
Swiggy UPI/Paytm/Swiggy,116.0,4.762173934797756,Small,Upi,Debit,Food
Faasos UPI/Paytm/Faasos,198.73,5.29696645447708,Small,Upi,Debit,Food
HPCL Debit Card HPCL,2851.31,7.955884471279416,Large,Debit Card,Debit,Fuel
BEST Auto Debit BEST,4525.56,8.41771754810214,Large,Auto Debit,Debit,Bills
Nykaa Debit Card Nykaa,971.3,6.879664398815612,Medium,Debit Card,Debit,Shopping
HPCL UPI/HPCL,3436.81,8.142589919726873,Large,Upi,Debit,Fuel
Local Services UPI/Local Services,1571.19,7.360224830825499,Medium,Upi,Debit,Other
Cafe Coffee Day UPI/Paytm/Cafe Coffee Day,373.41,5.925351453648457,Small,Upi,Debit,Food
KFC India UPI/Paytm/KFC India,116.0,4.762173934797756,Small,Upi,Debit,Food
Credit Card Bill Payment Net Banking Payment Credit Card Bill Payment,1288.29,7.161846958239966,Medium,Net Banking,Debit,Bills
Indane Gas Auto Debit Indane Gas,3814.04,8.246706428591507,Large,Auto Debit,Debit,Bills
Municipal Water Department UPI/Municipal Water Department,4390.38,8.387398807468623,Large,Upi,Debit,Bills
Chaayos UPI/Paytm/Chaayos,116.0,4.762173934797756,Small,Upi,Debit,Food
BookMyShow POS Purchase BookMyShow,371.33,5.919780557809539,Small,Credit Card,Debit,Entertainment
Bakery UPI/Bakery,264.12,5.580182553678253,Small,Upi,Debit,Other
Burger King Debit Card Burger King,270.42,5.603667436653224,Small,Debit Card,Debit,Food
Barbeque Nation UPI/Paytm/Barbeque Nation,276.62,5.626253272146963,Small,Upi,Debit,Food
BigBasket UPI/DR/887125715/BigBasket,306.21,5.727531552827043,Small,Upi,Debit,Groceries
Jio Auto Debit Jio,1097.85,7.00201945737222,Medium,Auto Debit,Debit,Bills
McDonald's India Debit Card McDonald's India,468.49,6.151646999166959,Small,Debit Card,Debit,Food
Jio Fiber Auto Debit Jio Fiber,4464.92,8.4042305191183,Large,Auto Debit,Debit,Bills
DMart UPI/DR/964454042/DMart,749.83,6.621179261292875,Medium,Upi,Debit,Groceries
BigBasket Debit Card BigBasket,1209.95,7.099160454509134,Medium,Debit Card,Debit,Groceries
Social UPI/Paytm/Social,545.7,6.303900205900954,Small,Upi,Debit,Food
Meesho UPI Payment Meesho,3737.46,8.22642904090433,Large,Upi,Debit,Shopping
Amazon India POS Purchase Amazon India,288.0,5.666426688112432,Small,Credit Card,Debit,Shopping
DMart Debit Card DMart,841.93,6.736883917780683,Medium,Debit Card,Debit,Groceries
Flower Shop UPI/Flower Shop,230.22,5.443369638247176,Small,Upi,Debit,Other
Credit Card Bill Payment Auto Debit Credit Card Bill Payment,552.36,6.316008784292329,Small,Auto Debit,Debit,Bills
EatClub UPI/Paytm/EatClub,452.47,6.116929115217096,Small,Upi,Debit,Food
Bharat Gas Auto Debit Bharat Gas,904.33,6.808299518118574,Medium,Auto Debit,Debit,Bills
Airtel Auto Debit Airtel,860.04,6.758140960956043,Medium,Auto Debit,Debit,Bills
Tata Power UPI/Tata Power,2467.37,7.811313292751277,Medium,Upi,Debit,Bills
HDFC Ergo Auto Debit HDFC Ergo Insurance Premium,8292.7,9.023251469426324,Large,Auto Debit,Debit,Insurance
Reliance Fresh Debit Card Reliance Fresh,976.2,6.884691339383585,Medium,Debit Card,Debit,Groceries
Jio Fiber Auto Debit Jio Fiber,1851.51,7.524296755266334,Medium,Auto Debit,Debit,Bills
Misc Vendor UPI/Misc Vendor,372.86,5.923881395784186,Small,Upi,Debit,Other
Mobile Repair UPI/Mobile Repair,2025.56,7.614095053328065,Medium,Upi,Debit,Other
Tata Power Auto Debit Tata Power,913.15,6.817994671774514,Medium,Auto Debit,Debit,Bills
House Rent Payment IMPS Rent Payment,8001.03,8.987450538472887,Large,Imps,Debit,Rent
Amazon India POS Purchase Amazon India,288.0,5.666426688112432,Small,Credit Card,Debit,Shopping
Tata Power Auto Debit Tata Power,1035.42,6.943527746070266,Medium,Auto Debit,Debit,Bills
Unknown Merchant UPI/Unknown Merchant,1488.39,7.3061219191409394,Medium,Upi,Debit,Other
DMart Debit Card DMart,300.0,5.707110264748875,Small,Debit Card,Debit,Groceries
Indian Oil UPI/Indian Oil,4155.1,8.332332413527332,Large,Upi,Debit,Fuel
Zepto POS Purchase Zepto,300.0,5.707110264748875,Small,Credit Card,Debit,Groceries
HPCL UPI/HPCL,2979.29,7.999775890200852,Large,Upi,Debit,Fuel
Reliance Fresh UPI/DR/956292577/Reliance Fresh,734.79,6.6009447519286875,Medium,Upi,Debit,Groceries
Ajio Debit Card Ajio,339.91,5.8316185128291975,Small,Debit Card,Debit,Shopping
Mobile Repair UPI/Mobile Repair,683.69,6.528966181083896,Medium,Upi,Debit,Other
DMart Debit Card DMart,443.56,6.097085028971666,Small,Debit Card,Debit,Groceries
Credit Card Bill Payment Net Banking Payment Credit Card Bill Payment,2477.96,7.815594396366488,Medium,Net Banking,Debit,Bills
Airtel UPI/Airtel,5385.57,8.591664097701399,Large,Upi,Debit,Bills
Swiggy Debit Card Swiggy,176.51,5.179026945356712,Small,Debit Card,Debit,Food
Credit Card Bill Payment UPI/Credit Card Bill Payment,1412.91,7.254114195208755,Medium,Upi,Debit,Bills
Blinkit Debit Card Blinkit,1591.64,7.373148295670189,Medium,Debit Card,Debit,Groceries
Employer Salary Credit NEFT Salary Credit,47566.28,10.769900408897291,Large,Neft,Credit,Salary
Myntra UPI Payment Myntra,288.0,5.666426688112432,Small,Upi,Debit,Shopping
Zomato UPI/Paytm/Zomato,286.65,5.661744463309303,Small,Upi,Debit,Food
HP Gas Auto Debit HP Gas,762.41,6.637795239517972,Medium,Auto Debit,Debit,Bills
Credit Card Bill Payment Auto Debit Credit Card Bill Payment,4004.28,8.295368769667926,Large,Auto Debit,Debit,Bills
BigBasket Debit Card BigBasket,479.91,6.175680142411356,Small,Debit Card,Debit,Groceries
Credit Card Bill Payment Auto Debit Credit Card Bill Payment,308.86,5.736120582568145,Small,Auto Debit,Debit,Bills
Ajio UPI Payment Ajio,288.0,5.666426688112432,Small,Upi,Debit,Shopping
Adani Electricity Auto Debit Adani Electricity,436.38,6.080802382460177,Small,Auto Debit,Debit,Bills
DMart UPI/DR/799506796/DMart,494.43,6.205426072347306,Small,Upi,Debit,Groceries
Employer Salary Credit NEFT Salary Credit,37608.1,10.535001321372157,Large,Neft,Credit,Salary
Social Debit Card Social,116.0,4.762173934797756,Small,Debit Card,Debit,Food
BEST Auto Debit BEST,1187.67,7.080590314013523,Medium,Auto Debit,Debit,Bills
Disney+ Hotstar Auto Debit Disney+ Hotstar Subscription,169.17,5.136797937383345,Small,Auto Debit,Debit,Subscription
Credit Card Bill Payment Net Banking Payment Credit Card Bill Payment,2664.41,7.888113170920685,Large,Net Banking,Debit,Bills
Local Wine & Beer Shop Debit Card Local Wine & Beer Shop,456.44,6.125645728574002,Small,Debit Card,Debit,Food
Employer Salary Credit NEFT Salary Credit,28930.95,10.272701799777439,Large,Neft,Credit,Salary
Laundry UPI/Laundry,1970.07,7.5863318214891,Medium,Upi,Debit,Other
Credit Card Bill Payment UPI/Credit Card Bill Payment,2674.21,7.8917831609216735,Large,Upi,Debit,Bills
Myntra POS Purchase Myntra,3640.8,8.200233343897743,Large,Credit Card,Debit,Shopping
Zomato UPI/Paytm/Zomato,116.0,4.762173934797756,Small,Upi,Debit,Food
BigBasket Debit Card BigBasket,1001.36,6.910112498555815,Medium,Debit Card,Debit,Groceries
Credit Card Bill Payment Auto Debit Credit Card Bill Payment,7603.84,8.936540165681805,Large,Auto Debit,Debit,Bills
Credit Card Bill Payment Auto Debit Credit Card Bill Payment,361.05,5.89178232383483,Small,Auto Debit,Debit,Bills
Credit Card Bill Payment Net Banking Payment Credit Card Bill Payment,2782.86,7.931593732833537,Large,Net Banking,Debit,Bills
Jio Auto Debit Jio,1292.2,7.164875045851278,Medium,Auto Debit,Debit,Bills
Ajio UPI Payment Ajio,416.17,6.033493812583302,Small,Upi,Debit,Shopping
Tata Power Auto Debit Tata Power,1057.11,6.964239576768017,Medium,Auto Debit,Debit,Bills
BPCL Debit Card BPCL,3529.76,8.169268424204597,Large,Debit Card,Debit,Fuel
Cafe Coffee Day UPI/Paytm/Cafe Coffee Day,963.42,6.871526884374851,Medium,Upi,Debit,Food
Jio Auto Debit Jio,2773.71,7.928301516215054,Large,Auto Debit,Debit,Bills
Indian Oil Cash Withdrawal ATM,1862.0,7.529943370601589,Medium,Cash Withdrawal,Debit,Fuel
Blinkit UPI/DR/677409188/Blinkit,678.63,6.521548532437367,Medium,Upi,Debit,Groceries
Bharat Gas Auto Debit Bharat Gas,443.78,6.097579777896684,Small,Auto Debit,Debit,Bills
Nature's Basket POS Purchase Nature's Basket,455.34,6.1232381457174245,Small,Credit Card,Debit,Groceries
Blinkit Debit Card Blinkit,729.45,6.593660782578523,Medium,Debit Card,Debit,Groceries
Credit Card Bill Payment Net Banking Payment Credit Card Bill Payment,3834.63,8.25208897671103,Large,Net Banking,Debit,Bills
Blinkit UPI/DR/244564312/Blinkit,863.63,6.762301669757867,Medium,Upi,Debit,Groceries
Domino's India UPI/Paytm/Domino's India,116.0,4.762173934797756,Small,Upi,Debit,Food
BookMyShow POS Purchase BookMyShow,558.74,6.327472390200925,Small,Credit Card,Debit,Entertainment
ICICI Lombard Auto Debit ICICI Lombard Insurance Premium,8796.7,9.082245602668507,Large,Auto Debit,Debit,Insurance
Amazon India POS Purchase Amazon India,288.0,5.666426688112432,Small,Credit Card,Debit,Shopping
Netflix Auto Debit Netflix Subscription,788.37,6.671235158959596,Medium,Auto Debit,Debit,Subscription
Burger King UPI/Paytm/Burger King,260.52,5.566510762415955,Small,Upi,Debit,Food
Credit Card Bill Payment Auto Debit Credit Card Bill Payment,12588.12,9.440588227852054,Large,Auto Debit,Debit,Bills
HPCL UPI/HPCL,2960.66,7.993505200933303,Large,Upi,Debit,Fuel
Burger King UPI/Paytm/Burger King,422.28,6.048033898595876,Small,Upi,Debit,Food
Lakme Salon Debit Card Lakme Salon,60.0,4.110873864173311,Small,Debit Card,Debit,Miscellaneous
Zepto UPI/DR/622702576/Zepto,560.08,6.329863497851471,Small,Upi,Debit,Groceries
EatClub Debit Card EatClub,116.0,4.762173934797756,Small,Debit Card,Debit,Food
Credit Card Bill Payment UPI/Credit Card Bill Payment,2856.68,7.9577653858110295,Large,Upi,Debit,Bills
Credit Card Bill Payment Auto Debit Credit Card Bill Payment,3985.4,8.290643846967194,Large,Auto Debit,Debit,Bills
KFC India Debit Card KFC India,145.6,4.987707789452551,Small,Debit Card,Debit,Food
Faasos UPI/Paytm/Faasos,116.0,4.762173934797756,Small,Upi,Debit,Food
Amazon India POS Purchase Amazon India,288.0,5.666426688112432,Small,Credit Card,Debit,Shopping
Uber POS Purchase Uber,478.76,6.173285978860254,Small,Credit Card,Debit,Miscellaneous
Zepto UPI/DR/862735437/Zepto,463.42,6.140789315218545,Small,Upi,Debit,Groceries
DMart POS Purchase DMart,658.51,6.491497135044686,Small,Credit Card,Debit,Groceries
Domino's India UPI/Paytm/Domino's India,379.56,5.9416438521240265,Small,Upi,Debit,Food
Adani Electricity UPI/Adani Electricity,2409.82,7.787722217575805,Medium,Upi,Debit,Bills
Swiggy Debit Card Swiggy,171.85,5.152424166367633,Small,Debit Card,Debit,Food
Blinkit Debit Card Blinkit,1049.51,6.957031039516282,Medium,Debit Card,Debit,Groceries
Ajio Debit Card Ajio,2373.78,7.772660080599224,Medium,Debit Card,Debit,Shopping
Employer Salary Credit NEFT Salary Credit,37667.92,10.536590630245893,Large,Neft,Credit,Salary
Airtel Auto Debit Airtel,3343.58,8.115096404140829,Large,Auto Debit,Debit,Bills
Netflix Auto Debit Netflix Subscription,333.8,5.81353333861532,Small,Auto Debit,Debit,Subscription
Cafe Coffee Day UPI/Paytm/Cafe Coffee Day,116.0,4.762173934797756,Small,Upi,Debit,Food
BigBasket Debit Card BigBasket,300.0,5.707110264748875,Small,Debit Card,Debit,Groceries
Credit Card Bill Payment Net Banking Payment Credit Card Bill Payment,5456.62,8.60476807627215,Large,Net Banking,Debit,Bills
BookMyShow POS Purchase BookMyShow,291.55,5.6786355922342455,Small,Credit Card,Debit,Entertainment
Domino's India POS Purchase Domino's India,460.8,6.135131896920395,Small,Credit Card,Debit,Food
Spotify UPI/Spotify,149.0,5.0106352940962555,Small,Upi,Debit,Subscription
General Store UPI/General Store,223.32,5.413073603846225,Small,Upi,Debit,Other
Vegetable Market UPI/Vegetable Market,590.48,6.382627870505287,Small,Upi,Debit,Other
Credit Card Bill Payment Auto Debit Credit Card Bill Payment,952.61,6.860254782833283,Medium,Auto Debit,Debit,Bills
Local Hardware Store UPI/Local Hardware Store,169.8,5.14049328135447,Small,Upi,Debit,Miscellaneous
PharmEasy POS Purchase PharmEasy,658.76,6.4918761325251,Small,Credit Card,Debit,Miscellaneous
The Beer Cafe Debit Card The Beer Cafe,116.0,4.762173934797756,Small,Debit Card,Debit,Food
KFC India UPI/Paytm/KFC India,277.66,5.629992400685445,Small,Upi,Debit,Food
Credit Card Bill Payment Auto Debit Credit Card Bill Payment,5700.34,8.648456513913152,Large,Auto Debit,Debit,Bills
Domino's India UPI/Paytm/Domino's India,116.0,4.762173934797756,Small,Upi,Debit,Food
Reliance Fresh POS Purchase Reliance Fresh,372.55,5.923051864421811,Small,Credit Card,Debit,Groceries
Credit Card Bill Payment Auto Debit Credit Card Bill Payment,2025.24,7.613937137812538,Medium,Auto Debit,Debit,Bills
Flower Shop UPI/Flower Shop,393.57,5.977796564342562,Small,Upi,Debit,Other
Jio Fiber Net Banking Payment Jio Fiber,261.09,5.568687956224928,Small,Net Banking,Debit,Bills
Domino's India UPI/Paytm/Domino's India,356.15,5.878155861600981,Small,Upi,Debit,Food
Tea Stall UPI/Tea Stall,34.72,3.575710756008298,Small,Upi,Debit,Other
Mobile Repair UPI/Mobile Repair,379.85,5.942405596818797,Small,Upi,Debit,Other
Local Services UPI/Local Services,1924.13,7.562748776909203,Medium,Upi,Debit,Other
House Rent Payment IMPS Rent Payment,8269.39,9.020436945309683,Large,Imps,Debit,Rent
HPCL UPI/HPCL,3048.13,8.022611583009468,Large,Upi,Debit,Fuel
Street Vendor UPI/Street Vendor,225.0,5.420534999272286,Small,Upi,Debit,Other
Barbeque Nation UPI/Paytm/Barbeque Nation,120.79,4.802298250099019,Small,Upi,Debit,Food
Municipal Water Department Net Banking Payment Municipal Water Department,1970.2,7.5863977733392005,Medium,Net Banking,Debit,Bills
Municipal Water Department Auto Debit Municipal Water Department,1219.46,7.106983115842451,Medium,Auto Debit,Debit,Bills
Zomato UPI/Paytm/Zomato,764.03,6.639915048743895,Medium,Upi,Debit,Food
BEST Net Banking Payment BEST,287.93,5.666184444240883,Small,Net Banking,Debit,Bills
BEST Auto Debit BEST,1583.13,7.367790639713825,Medium,Auto Debit,Debit,Bills
DMart Debit Card DMart,1030.99,6.9392442560720795,Medium,Debit Card,Debit,Groceries
Blinkit UPI/DR/211361103/Blinkit,1732.03,7.457626600587123,Medium,Upi,Debit,Groceries
Faasos UPI/Paytm/Faasos,247.48,5.515362359400377,Small,Upi,Debit,Food
McDonald's India UPI/Paytm/McDonald's India,769.31,6.646793031229738,Medium,Upi,Debit,Food
Tea Stall UPI/Tea Stall,145.32,4.98579600408261,Small,Upi,Debit,Other
Unknown Merchant UPI/Unknown Merchant,278.19,5.631892553627876,Small,Upi,Debit,Other
Municipal Water Department Net Banking Payment Municipal Water Department,12420.95,9.42722034799442,Large,Net Banking,Debit,Bills
Flipkart POS Purchase Flipkart,288.0,5.666426688112432,Small,Credit Card,Debit,Shopping
Zomato UPI/Paytm/Zomato,317.53,5.763716662099238,Small,Upi,Debit,Food
Tata Power Net Banking Payment Tata Power,1451.05,7.28073163005357,Medium,Net Banking,Debit,Bills
Social UPI/Paytm/Social,337.96,5.8258821063183035,Small,Upi,Debit,Food
Credit Card Bill Payment Net Banking Payment Credit Card Bill Payment,605.35,6.4074573771028005,Small,Net Banking,Debit,Bills
Zepto UPI/DR/260677223/Zepto,596.13,6.3921348451312126,Small,Upi,Debit,Groceries
Swiggy UPI/Paytm/Swiggy,302.5,5.715381610499553,Small,Upi,Debit,Food
KFC India Debit Card KFC India,683.57,6.528790903926442,Medium,Debit Card,Debit,Food
Credit Card Bill Payment Net Banking Payment Credit Card Bill Payment,2420.61,7.792187887200138,Medium,Net Banking,Debit,Bills
Swiggy POS Purchase Swiggy,116.0,4.762173934797756,Small,Credit Card,Debit,Food
BSNL Auto Debit BSNL,1207.76,7.09735031974259,Medium,Auto Debit,Debit,Bills
Employer Salary Credit NEFT Salary Credit,49436.77,10.80846998593631,Large,Neft,Credit,Salary
Credit Card Bill Payment Auto Debit Credit Card Bill Payment,1950.66,7.576435571474014,Medium,Auto Debit,Debit,Bills
DMart POS Purchase DMart,591.84,6.384924548088715,Small,Credit Card,Debit,Groceries
Laundry UPI/Laundry,2039.26,7.620832529697468,Medium,Upi,Debit,Other
Swiggy UPI/Paytm/Swiggy,423.36,6.050582151591071,Small,Upi,Debit,Food
Nykaa UPI Payment Nykaa,288.0,5.666426688112432,Small,Upi,Debit,Shopping
Credit Card Bill Payment Net Banking Payment Credit Card Bill Payment,2696.01,7.899899030956363,Large,Net Banking,Debit,Bills
BPCL UPI/BPCL,2743.85,7.917481707641806,Large,Upi,Debit,Fuel
Bharat Gas UPI/Bharat Gas,794.3,6.6787194019630896,Medium,Upi,Debit,Bills
BookMyShow POS Purchase BookMyShow,177.93,5.186994667903771,Small,Credit Card,Debit,Entertainment
HPCL Debit Card HPCL,3026.19,8.015390075469439,Large,Debit Card,Debit,Fuel
Cafe Coffee Day Debit Card Cafe Coffee Day,1396.41,7.242375802239875,Medium,Debit Card,Debit,Food
Credit Card Bill Payment Net Banking Payment Credit Card Bill Payment,1801.64,7.497007536045866,Medium,Net Banking,Debit,Bills
Jio Net Banking Payment Jio,394.47,5.980074930980508,Small,Net Banking,Debit,Bills
Airtel UPI/Airtel,4043.87,8.30520469053362,Large,Upi,Debit,Bills
Credit Card Bill Payment Net Banking Payment Credit Card Bill Payment,2479.88,7.816368614928339,Medium,Net Banking,Debit,Bills
BEST Auto Debit BEST,2199.04,7.696230820999301,Medium,Auto Debit,Debit,Bills
Reliance Fresh UPI/DR/887637532/Reliance Fresh,532.19,6.27887783344001,Small,Upi,Debit,Groceries
Employer Salary Credit NEFT Salary Credit,62799.59,11.047719747316616,Large,Neft,Credit,Salary
Employer Salary Credit NEFT Salary Credit,35678.35,10.482327369039217,Large,Neft,Credit,Salary
Domino's India Debit Card Domino's India,953.34,6.861020002084963,Medium,Debit Card,Debit,Food
Myntra POS Purchase Myntra,1152.98,7.0509721158953305,Medium,Credit Card,Debit,Shopping
Local Hardware Store POS Purchase Local Hardware Store,1341.12,7.2020057323119495,Medium,Credit Card,Debit,Miscellaneous
BigBasket POS Purchase BigBasket,1224.49,7.111096043000154,Medium,Credit Card,Debit,Groceries
EatClub UPI/Paytm/EatClub,1035.4,6.943508448687955,Medium,Upi,Debit,Food
Airtel Net Banking Payment Airtel,570.23,6.347791930654598,Small,Net Banking,Debit,Bills
BPCL UPI/BPCL,2530.05,7.8363895153875305,Medium,Upi,Debit,Fuel
Apollo Pharmacy UPI/Apollo Pharmacy,951.2,6.858775096760419,Medium,Upi,Debit,Miscellaneous
Cafe Coffee Day UPI/Paytm/Cafe Coffee Day,647.53,6.474708263287898,Small,Upi,Debit,Food
Municipal Water Department Auto Debit Municipal Water Department,1619.85,7.390705981982074,Medium,Auto Debit,Debit,Bills
Tata Power Auto Debit Tata Power,502.32,6.221226150723767,Small,Auto Debit,Debit,Bills
BSNL Auto Debit BSNL,1223.96,7.11066346938448,Medium,Auto Debit,Debit,Bills
Adani Electricity UPI/Adani Electricity,2127.44,7.663144596005496,Medium,Upi,Debit,Bills
HPCL Debit Card HPCL,2590.2,7.85987636785712,Medium,Debit Card,Debit,Fuel
BPCL Debit Card BPCL,2722.19,7.909559266221901,Large,Debit Card,Debit,Fuel
Credit Card Bill Payment Auto Debit Credit Card Bill Payment,338.81,5.828386637880732,Small,Auto Debit,Debit,Bills
Swiggy UPI/Paytm/Swiggy,2018.47,7.61059037973096,Medium,Upi,Debit,Food
Third Wave Coffee UPI/Paytm/Third Wave Coffee,116.0,4.762173934797756,Small,Upi,Debit,Food
House Rent Payment IMPS Rent Payment,8065.67,8.995496036699723,Large,Imps,Debit,Rent
Tata Power Net Banking Payment Tata Power,2652.14,7.883499123193977,Medium,Net Banking,Debit,Bills
Burger King POS Purchase Burger King,329.51,5.800636916020083,Small,Credit Card,Debit,Food
Dish TV Auto Debit Dish TV Subscription,850.0,6.7464121285733745,Medium,Auto Debit,Debit,Subscription
Credit Card Bill Payment Net Banking Payment Credit Card Bill Payment,1961.32,7.581882725704827,Medium,Net Banking,Debit,Bills
The Beer Cafe UPI/Paytm/The Beer Cafe,541.79,6.296722504799114,Small,Upi,Debit,Food
Employer Salary Credit NEFT Salary Credit,48722.46,10.793915917924513,Large,Neft,Credit,Salary
HPCL UPI/HPCL,2937.15,7.985535410570104,Large,Upi,Debit,Fuel
Myntra UPI Payment Myntra,3335.07,8.112548746471923,Large,Upi,Debit,Shopping
Nykaa POS Purchase Nykaa,2624.75,7.873121848502885,Medium,Credit Card,Debit,Shopping
EatClub Debit Card EatClub,192.72,5.266413817535028,Small,Debit Card,Debit,Food
Airtel Auto Debit Airtel,4157.99,8.33302753531588,Large,Auto Debit,Debit,Bills
BPCL Cash Withdrawal ATM,5000.0,8.517393171418904,Large,Cash Withdrawal,Debit,Fuel
Meesho Debit Card Meesho,288.0,5.666426688112432,Small,Debit Card,Debit,Shopping
Employer Salary Credit NEFT Salary Credit,45517.82,10.725881145792862,Large,Neft,Credit,Salary
Lakme Salon UPI/Lakme Salon,1286.53,7.160480933237301,Medium,Upi,Debit,Miscellaneous
Nature's Basket Debit Card Nature's Basket,1173.79,7.068844687201073,Medium,Debit Card,Debit,Groceries
Faasos POS Purchase Faasos,262.1,5.572534188046247,Small,Credit Card,Debit,Food
Swiggy UPI/Paytm/Swiggy,143.26,4.971617227075527,Small,Upi,Debit,Food
Employer Salary Credit NEFT Salary Credit,63990.66,11.066508041350398,Large,Neft,Credit,Salary
Rapido POS Purchase Rapido,370.99,5.918866972191396,Small,Credit Card,Debit,Miscellaneous
HPCL Debit Card HPCL,2498.61,7.823889998687027,Medium,Debit Card,Debit,Fuel
Credit Card Bill Payment Net Banking Payment Credit Card Bill Payment,661.27,6.495673327771666,Medium,Net Banking,Debit,Bills
Local Wine & Beer Shop UPI/Paytm/Local Wine & Beer Shop,814.45,6.703740108102926,Medium,Upi,Debit,Food
Tata Power Net Banking Payment Tata Power,393.94,5.978733854629164,Small,Net Banking,Debit,Bills
Domino's India UPI/Paytm/Domino's India,369.5,5.914853444736141,Small,Upi,Debit,Food
DMart UPI/DR/609874021/DMart,1166.98,7.063031039953896,Medium,Upi,Debit,Groceries
Employer Salary Credit NEFT Salary Credit,40246.74,10.602809132201969,Large,Neft,Credit,Salary
Credit Card Bill Payment Auto Debit Credit Card Bill Payment,1049.42,6.956945363172896,Medium,Auto Debit,Debit,Bills
BEST Net Banking Payment BEST,323.64,5.7827168760775045,Small,Net Banking,Debit,Bills
Street Vendor UPI/Street Vendor,231.48,5.448804199821973,Small,Upi,Debit,Other
Zomato Debit Card Zomato,116.0,4.762173934797756,Small,Debit Card,Debit,Food
BSNL UPI/BSNL,3713.76,8.22006935210403,Large,Upi,Debit,Bills
Barbeque Nation UPI/Paytm/Barbeque Nation,116.0,4.762173934797756,Small,Upi,Debit,Food
Local Wine & Beer Shop UPI/Paytm/Local Wine & Beer Shop,617.25,6.426892906401526,Small,Upi,Debit,Food
Amazon India Debit Card Amazon India,7434.08,8.913964618755669,Large,Debit Card,Debit,Shopping
Flipkart POS Purchase Flipkart,296.46,5.695279762164452,Small,Credit Card,Debit,Shopping
Unknown Merchant Cash Withdrawal ATM,2486.18,7.818904817541419,Medium,Cash Withdrawal,Debit,Other
House Rent Payment NEFT Rent Payment,41600.71,10.635896551173767,Large,Neft,Debit,Rent
Meesho Debit Card Meesho,330.35,5.803175218534236,Small,Debit Card,Debit,Shopping
Credit Card Bill Payment Net Banking Payment Credit Card Bill Payment,2916.36,7.978434376719701,Large,Net Banking,Debit,Bills
Zepto UPI/DR/149089708/Zepto,681.64,6.525967634228329,Medium,Upi,Debit,Groceries
Lakme Salon Debit Card Lakme Salon,485.41,6.187051889651146,Small,Debit Card,Debit,Miscellaneous
HPCL UPI/HPCL,2159.65,7.678164381335011,Medium,Upi,Debit,Fuel
Local Wine & Beer Shop Debit Card Local Wine & Beer Shop,229.66,5.440944764797792,Small,Debit Card,Debit,Food
EatClub UPI/Paytm/EatClub,511.62,6.2395348299460505,Small,Upi,Debit,Food
HPCL Debit Card HPCL,3497.7,8.1601467499094,Large,Debit Card,Debit,Fuel
Zepto Debit Card Zepto,1479.63,7.300222951859649,Medium,Debit Card,Debit,Groceries
Credit Card Bill Payment UPI/Credit Card Bill Payment,2712.4,7.905957740051209,Large,Upi,Debit,Bills
BSNL Net Banking Payment BSNL,2559.28,7.847871906492599,Medium,Net Banking,Debit,Bills
Domino's India Debit Card Domino's India,899.55,6.803005687783067,Medium,Debit Card,Debit,Food
Blinkit Debit Card Blinkit,823.98,6.7153591436165865,Medium,Debit Card,Debit,Groceries
Jio Net Banking Payment Jio,861.63,6.7599858621853794,Medium,Net Banking,Debit,Bills
Indian Oil Debit Card Indian Oil,2404.29,7.785425757391004,Medium,Debit Card,Debit,Fuel
Tata Power Net Banking Payment Tata Power,2025.93,7.614277612061911,Medium,Net Banking,Debit,Bills
DMart Debit Card DMart,614.14,6.421849884176369,Small,Debit Card,Debit,Groceries
General Store UPI/General Store,906.27,6.810440090490597,Medium,Upi,Debit,Other
BigBasket UPI/DR/849088260/BigBasket,300.0,5.707110264748875,Small,Upi,Debit,Groceries
Flipkart Debit Card Flipkart,2353.34,7.764015712394739,Medium,Debit Card,Debit,Shopping
Amazon Prime Auto Debit Amazon Prime Subscription,149.0,5.0106352940962555,Small,Auto Debit,Debit,Subscription
Flipkart UPI Payment Flipkart,288.0,5.666426688112432,Small,Upi,Debit,Shopping
House Rent Payment IMPS Rent Payment,46416.94,10.745441301420197,Large,Imps,Debit,Rent
Ajio Debit Card Ajio,288.0,5.666426688112432,Small,Debit Card,Debit,Shopping
Zepto Debit Card Zepto,1416.99,7.256995654881028,Medium,Debit Card,Debit,Groceries
Reliance Fresh Debit Card Reliance Fresh,300.0,5.707110264748875,Small,Debit Card,Debit,Groceries
Starbucks India POS Purchase Starbucks India,271.92,5.609178711947223,Small,Credit Card,Debit,Food
Swiggy UPI/Paytm/Swiggy,484.57,6.185323458594698,Small,Upi,Debit,Food
BookMyShow UPI Payment BookMyShow,310.07,5.7400179672382965,Small,Upi,Debit,Entertainment
Nature's Basket Debit Card Nature's Basket,1234.84,7.119506179800095,Medium,Debit Card,Debit,Groceries
Meesho Debit Card Meesho,3897.07,8.268236837833406,Large,Debit Card,Debit,Shopping
Credit Card Bill Payment Auto Debit Credit Card Bill Payment,1937.56,7.569700708398818,Medium,Auto Debit,Debit,Bills
Zomato UPI/Paytm/Zomato,853.93,6.7510195942400895,Medium,Upi,Debit,Food
Chaayos POS Purchase Chaayos,1351.8,7.20993179758437,Medium,Credit Card,Debit,Food
DMart UPI/DR/105400747/DMart,449.75,6.110912862083427,Small,Upi,Debit,Groceries
Tata Power Net Banking Payment Tata Power,187.0,5.236441962829949,Small,Net Banking,Debit,Bills
House Rent Payment NEFT Rent Payment,41317.41,10.629063442338307,Large,Neft,Debit,Rent
Airtel Digital TV UPI/Airtel Digital TV,463.29,6.140509356995097,Small,Upi,Debit,Subscription
Flipkart UPI Payment Flipkart,13480.45,9.509069945446987,Large,Upi,Debit,Shopping
BEST Net Banking Payment BEST,1336.42,7.198497663897176,Medium,Net Banking,Debit,Bills
Ola POS Purchase Ola,1625.65,7.394277964224954,Medium,Credit Card,Debit,Miscellaneous
Flipkart UPI Payment Flipkart,1391.55,7.2388918777995395,Medium,Upi,Debit,Shopping
Nature's Basket UPI/DR/280089806/Nature's Basket,407.79,6.0132015767507685,Small,Upi,Debit,Groceries
KFC India POS Purchase KFC India,289.98,5.673254536287243,Small,Credit Card,Debit,Food
Swiggy UPI/Paytm/Swiggy,817.46,6.707424525733084,Medium,Upi,Debit,Food
Disney+ Hotstar Auto Debit Disney+ Hotstar Subscription,354.61,5.873834624729162,Small,Auto Debit,Debit,Subscription
Faasos POS Purchase Faasos,131.42,4.8859786894967,Small,Credit Card,Debit,Food
Credit Card Bill Payment Auto Debit Credit Card Bill Payment,2107.6,7.653779499142849,Medium,Auto Debit,Debit,Bills
Kirana Shop Cash Withdrawal ATM,684.4,6.530002609440508,Medium,Cash Withdrawal,Debit,Other
HPCL Cash Withdrawal ATM,3337.03,8.11313609159901,Large,Cash Withdrawal,Debit,Fuel
Flower Shop UPI/Flower Shop,380.36,5.94374381089657,Small,Upi,Debit,Other
Tailor UPI/Tailor,1214.62,7.103009513687812,Medium,Upi,Debit,Other
BigBasket UPI/DR/583725630/BigBasket,300.0,5.707110264748875,Small,Upi,Debit,Groceries
Meesho UPI Payment Meesho,288.0,5.666426688112432,Small,Upi,Debit,Shopping
Myntra UPI Payment Myntra,288.0,5.666426688112432,Small,Upi,Debit,Shopping
Zomato POS Purchase Zomato,137.56,4.931303444814125,Small,Credit Card,Debit,Food
Indian Oil Debit Card Indian Oil,3097.93,8.038812169601046,Large,Debit Card,Debit,Fuel
Misc Vendor UPI/Misc Vendor,2067.24,7.634453283053164,Medium,Upi,Debit,Other
LIC Auto Debit LIC Insurance Premium,8380.51,9.03378336817448,Large,Auto Debit,Debit,Insurance
Indian Oil UPI/Indian Oil,3501.41,8.16120658194954,Large,Upi,Debit,Fuel
Ace Hardware India POS Purchase Ace Hardware India,1372.08,7.224811670640096,Medium,Credit Card,Debit,Miscellaneous
Credit Card Bill Payment Auto Debit Credit Card Bill Payment,5095.65,8.536338740138468,Large,Auto Debit,Debit,Bills
Chaayos UPI/Paytm/Chaayos,800.34,6.686285326419936,Medium,Upi,Debit,Food
Municipal Water Department Net Banking Payment Municipal Water Department,1365.34,7.219890911063163,Medium,Net Banking,Debit,Bills
Zomato UPI/Paytm/Zomato,811.42,6.700017447817776,Medium,Upi,Debit,Food
House Rent Payment NEFT Rent Payment,35931.76,10.489404693188536,Large,Neft,Debit,Rent
Credit Card Bill Payment Auto Debit Credit Card Bill Payment,730.89,6.595630229445115,Medium,Auto Debit,Debit,Bills
Myntra POS Purchase Myntra,288.0,5.666426688112432,Small,Credit Card,Debit,Shopping
House Rent Payment IMPS Rent Payment,34723.26,10.455193857100301,Large,Imps,Debit,Rent
Municipal Water Department Net Banking Payment Municipal Water Department,6907.28,8.840475971160833,Large,Net Banking,Debit,Bills
Nature's Basket UPI/DR/586909856/Nature's Basket,526.17,6.2675230771685735,Small,Upi,Debit,Groceries
Zepto UPI/DR/204922732/Zepto,2238.82,7.71415078447742,Medium,Upi,Debit,Groceries
Local Wine & Beer Shop Debit Card Local Wine & Beer Shop,931.02,6.837354273682813,Medium,Debit Card,Debit,Food
BigBasket UPI/DR/675132064/BigBasket,658.14,6.490935955035267,Small,Upi,Debit,Groceries
Swiggy UPI/Paytm/Swiggy,535.56,6.285178391791482,Small,Upi,Debit,Food
Faasos UPI/Paytm/Faasos,2304.44,7.743026826584624,Medium,Upi,Debit,Food
Starbucks India POS Purchase Starbucks India,1050.82,6.958277275996328,Medium,Credit Card,Debit,Food
BigBasket UPI/DR/837733572/BigBasket,675.16,6.516429734427692,Medium,Upi,Debit,Groceries
Fruit Vendor UPI/Fruit Vendor,167.54,5.1271731103442075,Small,Upi,Debit,Other
Employer Salary Credit NEFT Salary Credit,45843.78,10.733016621693995,Large,Neft,Credit,Salary
HDFC Ergo Net Banking Payment HDFC Ergo Insurance Premium,7998.52,8.9871368188619,Large,Net Banking,Debit,Insurance
Third Wave Coffee UPI/Paytm/Third Wave Coffee,278.8,5.634075062231381,Small,Upi,Debit,Food
House Rent Payment NEFT Rent Payment,36701.32,10.510595247303517,Large,Neft,Debit,Rent
Netflix Auto Debit Netflix Subscription,202.56,5.315960801720632,Small,Auto Debit,Debit,Subscription
Airtel Auto Debit Airtel,940.37,6.847336261027779,Medium,Auto Debit,Debit,Bills
Credit Card Bill Payment Auto Debit Credit Card Bill Payment,858.03,6.7558038457050325,Medium,Auto Debit,Debit,Bills
Cafe Coffee Day UPI/Paytm/Cafe Coffee Day,1130.63,7.0314143502106745,Medium,Upi,Debit,Food
Credit Card Bill Payment Auto Debit Credit Card Bill Payment,1420.08,7.259172424893828,Medium,Auto Debit,Debit,Bills
Airtel UPI/Airtel,2746.01,7.918268326423559,Large,Upi,Debit,Bills
Domino's India POS Purchase Domino's India,116.0,4.762173934797756,Small,Credit Card,Debit,Food
BEST Net Banking Payment BEST,1100.32,7.004264739361944,Medium,Net Banking,Debit,Bills
Blinkit Debit Card Blinkit,2629.42,7.874898808239281,Medium,Debit Card,Debit,Groceries
Jio Net Banking Payment Jio,250.6,5.527840524826286,Small,Net Banking,Debit,Bills
HPCL UPI/HPCL,3439.84,8.143470906605396,Large,Upi,Debit,Fuel
Airtel Auto Debit Airtel,2107.08,7.653532859605281,Medium,Auto Debit,Debit,Bills
Bharat Gas Auto Debit Bharat Gas,187.0,5.236441962829949,Small,Auto Debit,Debit,Bills
Local Wine & Beer Shop UPI/Paytm/Local Wine & Beer Shop,116.0,4.762173934797756,Small,Upi,Debit,Food
DMart Debit Card DMart,1261.11,7.140540202535628,Medium,Debit Card,Debit,Groceries
BEST Auto Debit BEST,1570.57,7.359830398675437,Medium,Auto Debit,Debit,Bills
Nature's Basket UPI/DR/140507249/Nature's Basket,629.93,6.447194921363696,Small,Upi,Debit,Groceries
Naturals Salon Debit Card Naturals Salon,3768.86,8.234793144474011,Large,Debit Card,Debit,Miscellaneous
Credit Card Bill Payment Auto Debit Credit Card Bill Payment,187.0,5.236441962829949,Small,Auto Debit,Debit,Bills
Domino's India UPI/Paytm/Domino's India,564.62,6.337922474636114,Small,Upi,Debit,Food
HPCL Debit Card HPCL,4489.62,8.409746055836012,Large,Debit Card,Debit,Fuel
ICICI Lombard Auto Debit ICICI Lombard Insurance Premium,8953.06,9.099862339694251,Large,Auto Debit,Debit,Insurance
BEST UPI/BEST,2867.93,7.961694416938503,Large,Upi,Debit,Bills
Credit Card Bill Payment Net Banking Payment Credit Card Bill Payment,6875.5,8.835865080554763,Large,Net Banking,Debit,Bills
KFC India Debit Card KFC India,130.03,4.875426304616494,Small,Debit Card,Debit,Food
Credit Card Bill Payment Auto Debit Credit Card Bill Payment,3370.65,8.123157517767787,Large,Auto Debit,Debit,Bills
EatClub POS Purchase EatClub,1019.6,6.928145968629871,Medium,Credit Card,Debit,Food
HP Gas Net Banking Payment HP Gas,3987.61,8.291198078261342,Large,Net Banking,Debit,Bills
Cafe Coffee Day UPI/Paytm/Cafe Coffee Day,742.29,6.611086278122653,Medium,Upi,Debit,Food
Netflix UPI/Netflix,245.93,5.509104895652662,Small,Upi,Debit,Subscription
McDonald's India Debit Card McDonald's India,455.27,6.123084739552387,Small,Debit Card,Debit,Food
Blinkit Debit Card Blinkit,962.59,6.870665892936763,Medium,Debit Card,Debit,Groceries
Jio Auto Debit Jio,838.21,6.732460973121673,Medium,Auto Debit,Debit,Bills
Credit Card Bill Payment Auto Debit Credit Card Bill Payment,1154.94,7.052669144771123,Medium,Auto Debit,Debit,Bills
Home Depot India UPI/Home Depot India,1439.87,7.273002376801509,Medium,Upi,Debit,Miscellaneous
Reliance Fresh Debit Card Reliance Fresh,642.17,6.4664090749859495,Small,Debit Card,Debit,Groceries
Airtel Net Banking Payment Airtel,1188.37,7.081179034152981,Medium,Net Banking,Debit,Bills
HPCL UPI/HPCL,4577.46,8.429117976023875,Large,Upi,Debit,Fuel
HP Gas Net Banking Payment HP Gas,187.0,5.236441962829949,Small,Net Banking,Debit,Bills
Indian Oil UPI/Indian Oil,3918.36,8.273683654149155,Large,Upi,Debit,Fuel
Burger King UPI/Paytm/Burger King,116.0,4.762173934797756,Small,Upi,Debit,Food
Blinkit Debit Card Blinkit,301.11,5.710791189466759,Small,Debit Card,Debit,Groceries
Bakery UPI/Bakery,150.62,5.021377390628158,Small,Upi,Debit,Other
Rapido Debit Card Rapido,881.0,6.782192056006791,Medium,Debit Card,Debit,Miscellaneous
BookMyShow Debit Card BookMyShow,437.94,6.084362729474712,Small,Debit Card,Debit,Entertainment
Bajaj Allianz Auto Debit Bajaj Allianz Insurance Premium,8075.36,8.996696554962256,Large,Auto Debit,Debit,Insurance
HPCL UPI/HPCL,2777.16,7.929544117048107,Large,Upi,Debit,Fuel
Flipkart POS Purchase Flipkart,288.0,5.666426688112432,Small,Credit Card,Debit,Shopping
Tea Stall UPI/Tea Stall,147.88,5.003140612333995,Small,Upi,Debit,Other
Indian Oil Debit Card Indian Oil,3195.47,8.069802354897606,Large,Debit Card,Debit,Fuel
EatClub UPI/Paytm/EatClub,383.91,5.953009540726433,Small,Upi,Debit,Food
Credit Card Bill Payment Net Banking Payment Credit Card Bill Payment,12214.53,9.410463372026035,Large,Net Banking,Debit,Bills
Cafe Coffee Day Debit Card Cafe Coffee Day,759.47,6.63393666318951,Medium,Debit Card,Debit,Food
Zomato UPI/Paytm/Zomato,116.0,4.762173934797756,Small,Upi,Debit,Food
Faasos UPI/Paytm/Faasos,353.87,5.871751525225755,Small,Upi,Debit,Food
Municipal Water Department UPI/Municipal Water Department,1106.87,7.010194531903844,Medium,Upi,Debit,Bills
Zomato POS Purchase Zomato,116.0,4.762173934797756,Small,Credit Card,Debit,Food
Credit Card Bill Payment Net Banking Payment Credit Card Bill Payment,785.88,6.668075759027828,Medium,Net Banking,Debit,Bills
Jio Fiber Auto Debit Jio Fiber,1315.09,7.182420498604588,Medium,Auto Debit,Debit,Bills
Tea Stall UPI/Tea Stall,69.16,4.250778348063927,Small,Upi,Debit,Other
Cafe Coffee Day UPI/Paytm/Cafe Coffee Day,1398.82,7.244098935908764,Medium,Upi,Debit,Food
Starbucks India Debit Card Starbucks India,145.02,4.98374359862794,Small,Debit Card,Debit,Food
Ajio POS Purchase Ajio,4036.78,8.303450314971524,Large,Credit Card,Debit,Shopping
Zepto UPI/DR/286669820/Zepto,779.4,6.659806608748956,Medium,Upi,Debit,Groceries
Employer Salary Credit NEFT Salary Credit,41362.59,10.630156304254967,Large,Neft,Credit,Salary
BSNL Auto Debit BSNL,3090.63,8.036453738898922,Large,Auto Debit,Debit,Bills
Misc Vendor Debit Card Misc Vendor,69.39,4.25405120762004,Small,Debit Card,Debit,Other
DMart UPI/DR/126527569/DMart,397.61,5.987983495271326,Small,Upi,Debit,Groceries
Naturals Salon Debit Card Naturals Salon,60.34,4.116432158686106,Small,Debit Card,Debit,Miscellaneous
Jio UPI/Jio,187.0,5.236441962829949,Small,Upi,Debit,Bills
Municipal Water Department Net Banking Payment Municipal Water Department,1290.54,7.163590583794569,Medium,Net Banking,Debit,Bills
Jio Auto Debit Jio,8783.69,9.08076571257684,Large,Auto Debit,Debit,Bills
House Rent Payment NEFT Rent Payment,43127.43,10.671937687402707,Large,Neft,Debit,Rent
Tata Power Net Banking Payment Tata Power,536.09,6.286165678231291,Small,Net Banking,Debit,Bills
Amazon Prime Auto Debit Amazon Prime Subscription,468.43,6.151519192750903,Small,Auto Debit,Debit,Subscription
Credit Card Bill Payment Net Banking Payment Credit Card Bill Payment,12749.75,9.453345372385948,Large,Net Banking,Debit,Bills
Tata Power Net Banking Payment Tata Power,6331.71,8.753483543584167,Large,Net Banking,Debit,Bills
Credit Card Bill Payment Auto Debit Credit Card Bill Payment,587.17,6.377016021759011,Small,Auto Debit,Debit,Bills
Cafe Coffee Day Debit Card Cafe Coffee Day,740.56,6.608756075364392,Medium,Debit Card,Debit,Food
Nykaa UPI Payment Nykaa,288.0,5.666426688112432,Small,Upi,Debit,Shopping
Indian Oil Debit Card Indian Oil,2791.73,7.934774891025261,Large,Debit Card,Debit,Fuel
HPCL Debit Card HPCL,3259.65,8.089681840988973,Large,Debit Card,Debit,Fuel
BPCL UPI/BPCL,3061.18,8.026882359597625,Large,Upi,Debit,Fuel
Social Debit Card Social,555.29,6.321289741007401,Small,Debit Card,Debit,Food
BEST Auto Debit BEST,1575.23,7.362791198856046,Medium,Auto Debit,Debit,Bills
Faasos POS Purchase Faasos,116.0,4.762173934797756,Small,Credit Card,Debit,Food
Chaayos Debit Card Chaayos,641.34,6.46511775851959,Small,Debit Card,Debit,Food
HPCL UPI/HPCL,2391.37,7.780039785382701,Medium,Upi,Debit,Fuel
Spotify Auto Debit Spotify Subscription,627.48,6.443304205726046,Small,Auto Debit,Debit,Subscription
Third Wave Coffee UPI/Paytm/Third Wave Coffee,825.39,6.717066817054577,Medium,Upi,Debit,Food
BSNL Auto Debit BSNL,490.4,6.197258460087078,Small,Auto Debit,Debit,Bills
Swiggy Debit Card Swiggy,1111.53,7.014391979968946,Medium,Debit Card,Debit,Food
BigBasket UPI/DR/807499502/BigBasket,736.06,6.602669300001818,Medium,Upi,Debit,Groceries
Nykaa POS Purchase Nykaa,288.0,5.666426688112432,Small,Credit Card,Debit,Shopping
KFC India UPI/Paytm/KFC India,497.59,6.21178411473109,Small,Upi,Debit,Food
Lakme Salon POS Purchase Lakme Salon,1086.31,6.991462035055129,Medium,Credit Card,Debit,Miscellaneous
Indian Oil UPI/Indian Oil,2941.09,7.986875492127873,Large,Upi,Debit,Fuel
Tata Play Auto Debit Tata Play Subscription,328.21,5.79669584501227,Small,Auto Debit,Debit,Subscription
Credit Card Bill Payment Net Banking Payment Credit Card Bill Payment,376.19,5.932749039273199,Small,Net Banking,Debit,Bills
Employer Salary Credit NEFT Salary Credit,55535.43,10.924794480797033,Large,Neft,Credit,Salary
Airtel Auto Debit Airtel,1029.24,6.937547063789873,Medium,Auto Debit,Debit,Bills
Airtel Net Banking Payment Airtel,1956.61,7.579479620411287,Medium,Net Banking,Debit,Bills
HPCL Debit Card HPCL,2652.67,7.883698866543282,Large,Debit Card,Debit,Fuel
Spotify Auto Debit Spotify Subscription,754.89,6.6278958629474936,Medium,Auto Debit,Debit,Subscription
Credit Card Bill Payment Auto Debit Credit Card Bill Payment,1058.94,6.965967581730474,Medium,Auto Debit,Debit,Bills
Misc Vendor UPI/Misc Vendor,1752.62,7.469437501798148,Medium,Upi,Debit,Other
Municipal Water Department Auto Debit Municipal Water Department,1404.76,7.248333360787415,Medium,Auto Debit,Debit,Bills
Bakery Debit Card Bakery,339.67,5.830914266783482,Small,Debit Card,Debit,Other
Starbucks India UPI/Paytm/Starbucks India,116.0,4.762173934797756,Small,Upi,Debit,Food
Cafe Coffee Day UPI/Paytm/Cafe Coffee Day,684.17,6.529666982654341,Medium,Upi,Debit,Food
Municipal Water Department Net Banking Payment Municipal Water Department,9894.69,9.199854587793464,Large,Net Banking,Debit,Bills
Misc Vendor UPI/Misc Vendor,1768.51,7.47845795108348,Medium,Upi,Debit,Other
Employer Salary Credit NEFT Salary Credit,41585.43,10.635529191110857,Large,Neft,Credit,Salary
Third Wave Coffee UPI/Paytm/Third Wave Coffee,187.09,5.236920571682713,Small,Upi,Debit,Food
Credit Card Bill Payment Auto Debit Credit Card Bill Payment,4119.21,8.323659411918388,Large,Auto Debit,Debit,Bills
Municipal Water Department Auto Debit Municipal Water Department,1233.33,7.118283591728759,Medium,Auto Debit,Debit,Bills
Bharat Gas UPI/Bharat Gas,3393.14,8.12980569420685,Large,Upi,Debit,Bills
HPCL UPI/HPCL,3117.55,8.045123429187012,Large,Upi,Debit,Fuel
Airtel Auto Debit Airtel,5941.61,8.689903709790835,Large,Auto Debit,Debit,Bills
Third Wave Coffee POS Purchase Third Wave Coffee,817.22,6.707131249097798,Medium,Credit Card,Debit,Food
Misc Vendor UPI/Misc Vendor,2411.64,7.788476862617485,Medium,Upi,Debit,Other
Credit Card Bill Payment UPI/Credit Card Bill Payment,4408.55,8.391527922418048,Large,Upi,Debit,Bills
Barbeque Nation UPI/Paytm/Barbeque Nation,147.38,4.999776550761379,Small,Upi,Debit,Food
BPCL Cash Withdrawal ATM,2407.53,7.786771881878107,Medium,Cash Withdrawal,Debit,Fuel
Burger King UPI/Paytm/Burger King,1932.25,7.566957803489145,Medium,Upi,Debit,Food
House Rent Payment NEFT Rent Payment,37016.08,10.519134706733501,Large,Neft,Debit,Rent
Employer Salary Credit NEFT Salary Credit,42818.28,10.664743747429677,Large,Neft,Credit,Salary
Flower Shop Cash Withdrawal ATM,388.21,5.964119043712501,Small,Cash Withdrawal,Debit,Other
Ace Hardware India Debit Card Ace Hardware India,74.56,4.324927042633309,Small,Debit Card,Debit,Miscellaneous
Reliance Fresh Debit Card Reliance Fresh,677.86,6.520414920732519,Medium,Debit Card,Debit,Groceries
BigBasket POS Purchase BigBasket,604.98,6.406846982224364,Small,Credit Card,Debit,Groceries
KFC India UPI/Paytm/KFC India,536.55,6.287021778931237,Small,Upi,Debit,Food
KFC India UPI/Paytm/KFC India,116.0,4.762173934797756,Small,Upi,Debit,Food
Zepto UPI/DR/661677752/Zepto,300.0,5.707110264748875,Small,Upi,Debit,Groceries
Third Wave Coffee Debit Card Third Wave Coffee,116.0,4.762173934797756,Small,Debit Card,Debit,Food
Indian Oil UPI/Indian Oil,2820.14,7.944896337562142,Large,Upi,Debit,Fuel
Credit Card Bill Payment Auto Debit Credit Card Bill Payment,5459.32,8.605262675080173,Large,Auto Debit,Debit,Bills
HPCL UPI/HPCL,2275.23,7.730275844622108,Medium,Upi,Debit,Fuel
Reliance Fresh Debit Card Reliance Fresh,1823.21,7.5089022955860925,Medium,Debit Card,Debit,Groceries
Zepto Debit Card Zepto,1561.95,7.354330340146517,Medium,Debit Card,Debit,Groceries
Airtel Net Banking Payment Airtel,1357.61,7.2142173972482935,Medium,Net Banking,Debit,Bills
Ajio POS Purchase Ajio,12498.14,9.433415120923565,Large,Credit Card,Debit,Shopping
Starbucks India UPI/Paytm/Starbucks India,956.71,6.864545018156259,Medium,Upi,Debit,Food
ICICI Lombard Auto Debit ICICI Lombard Insurance Premium,8081.03,8.997398357584016,Large,Auto Debit,Debit,Insurance
Credit Card Bill Payment Auto Debit Credit Card Bill Payment,981.71,6.8903140613621945,Medium,Auto Debit,Debit,Bills
McDonald's India POS Purchase McDonald's India,404.31,6.0046522064115555,Small,Credit Card,Debit,Food
Unknown Merchant UPI/Unknown Merchant,1008.58,6.917289681765058,Medium,Upi,Debit,Other
Credit Card Bill Payment Auto Debit Credit Card Bill Payment,4206.6,8.344647692865118,Large,Auto Debit,Debit,Bills
Flipkart UPI Payment Flipkart,288.0,5.666426688112432,Small,Upi,Debit,Shopping
House Rent Payment IMPS Rent Payment,46267.12,10.742208449997127,Large,Imps,Debit,Rent
Credit Card Bill Payment UPI/Credit Card Bill Payment,529.13,6.273122259488074,Small,Upi,Debit,Bills
IRCTC UPI/IRCTC,503.25,6.223072176834322,Small,Upi,Debit,Miscellaneous
Nature's Basket UPI/DR/177438788/Nature's Basket,613.49,6.420792655480674,Small,Upi,Debit,Groceries
EatClub Debit Card EatClub,547.34,6.306895532512165,Small,Debit Card,Debit,Food
Adani Electricity Auto Debit Adani Electricity,2768.35,7.926367914605402,Large,Auto Debit,Debit,Bills
Netflix Auto Debit Netflix Subscription,149.0,5.0106352940962555,Small,Auto Debit,Debit,Subscription
Jio Auto Debit Jio,920.0,6.825460036255307,Medium,Auto Debit,Debit,Bills
Bharat Gas Auto Debit Bharat Gas,1895.07,7.54753860196467,Medium,Auto Debit,Debit,Bills
Zomato Debit Card Zomato,427.85,6.0611072074364305,Small,Debit Card,Debit,Food
Zomato UPI/Paytm/Zomato,501.28,6.219157733120763,Small,Upi,Debit,Food
BookMyShow UPI Payment BookMyShow,223.08,5.412003130951853,Small,Upi,Debit,Entertainment
Flipkart POS Purchase Flipkart,288.0,5.666426688112432,Small,Credit Card,Debit,Shopping
Indian Oil Debit Card Indian Oil,2784.52,7.932189849474584,Large,Debit Card,Debit,Fuel
Airtel Net Banking Payment Airtel,491.67,6.199839578717014,Small,Net Banking,Debit,Bills
Indane Gas Auto Debit Indane Gas,1103.56,7.007202344607897,Medium,Auto Debit,Debit,Bills
Nature's Basket UPI/DR/224328383/Nature's Basket,921.02,6.826566915295296,Medium,Upi,Debit,Groceries
McDonald's India UPI/Paytm/McDonald's India,799.79,6.685598740410554,Medium,Upi,Debit,Food
Ola Cash Withdrawal ATM,1126.18,7.027474217346861,Medium,Cash Withdrawal,Debit,Miscellaneous
Local Services UPI/Local Services,2468.49,7.8117669305697675,Medium,Upi,Debit,Other
Chaayos UPI/Paytm/Chaayos,116.0,4.762173934797756,Small,Upi,Debit,Food
Burger King UPI/Paytm/Burger King,198.81,5.2973669150120415,Small,Upi,Debit,Food
BigBasket Debit Card BigBasket,605.32,6.407407899503774,Small,Debit Card,Debit,Groceries
Credit Card Bill Payment Auto Debit Credit Card Bill Payment,1910.61,7.555701097910241,Medium,Auto Debit,Debit,Bills
McDonald's India UPI/Paytm/McDonald's India,460.43,6.134330363131829,Small,Upi,Debit,Food
KFC India UPI/Paytm/KFC India,230.27,5.44358585913928,Small,Upi,Debit,Food
Blinkit Debit Card Blinkit,782.05,6.663196550912443,Medium,Debit Card,Debit,Groceries
DMart UPI/DR/338642889/DMart,516.94,6.249859405434827,Small,Upi,Debit,Groceries
Credit Card Bill Payment Net Banking Payment Credit Card Bill Payment,2553.24,7.845510002420315,Medium,Net Banking,Debit,Bills
Reliance Fresh POS Purchase Reliance Fresh,724.47,6.5868197206767185,Medium,Credit Card,Debit,Groceries
Spotify Auto Debit Spotify Subscription,149.0,5.0106352940962555,Small,Auto Debit,Debit,Subscription
Indane Gas Auto Debit Indane Gas,2533.4,7.837712201620107,Medium,Auto Debit,Debit,Bills
Jio Auto Debit Jio,1349.59,7.208296812996642,Medium,Auto Debit,Debit,Bills
BEST Net Banking Payment BEST,814.83,6.70420599992637,Medium,Net Banking,Debit,Bills
Bharat Gas Auto Debit Bharat Gas,599.75,6.398178874616578,Small,Auto Debit,Debit,Bills
Jio Fiber Net Banking Payment Jio Fiber,6735.91,8.81535664180953,Large,Net Banking,Debit,Bills
BEST Auto Debit BEST,453.36,6.118889835363221,Small,Auto Debit,Debit,Bills
Ola Debit Card Ola,353.46,5.870595504626993,Small,Debit Card,Debit,Miscellaneous
Bakery Debit Card Bakery,200.0,5.303304908059076,Small,Debit Card,Debit,Other
Airtel Auto Debit Airtel,2358.51,7.766209249343517,Medium,Auto Debit,Debit,Bills
Credit Card Bill Payment Auto Debit Credit Card Bill Payment,2174.78,7.68514249992341,Medium,Auto Debit,Debit,Bills
BigBasket UPI/DR/336079027/BigBasket,385.47,5.957054245351267,Small,Upi,Debit,Groceries
Netflix Auto Debit Netflix Subscription,149.0,5.0106352940962555,Small,Auto Debit,Debit,Subscription
ICICI Lombard Net Banking Payment ICICI Lombard Insurance Premium,8656.61,9.066193981942323,Large,Net Banking,Debit,Insurance
DMart UPI/DR/348839570/DMart,956.79,6.86462854726098,Medium,Upi,Debit,Groceries
Airtel UPI/Airtel,2775.24,7.9288527732210605,Large,Upi,Debit,Bills
Toit Brewpub UPI/Paytm/Toit Brewpub,159.72,5.079663720506679,Small,Upi,Debit,Food
BookMyShow UPI Payment BookMyShow,301.35,5.711585286719222,Small,Upi,Debit,Entertainment
Indian Oil Cash Withdrawal ATM,3113.54,8.043836747764722,Large,Cash Withdrawal,Debit,Fuel
Nature's Basket UPI/DR/526656677/Nature's Basket,648.18,6.475710028018628,Small,Upi,Debit,Groceries
Credit Card Bill Payment Auto Debit Credit Card Bill Payment,640.01,6.463045057423007,Small,Auto Debit,Debit,Bills
HPCL UPI/HPCL,2463.25,7.809642780545548,Medium,Upi,Debit,Fuel
Myntra UPI Payment Myntra,921.03,6.8265777609882,Medium,Upi,Debit,Shopping
House Rent Payment NEFT Rent Payment,42117.09,10.648232618591042,Large,Neft,Debit,Rent
Toit Brewpub Debit Card Toit Brewpub,2474.76,7.814302698573301,Medium,Debit Card,Debit,Food
Amazon India POS Purchase Amazon India,3854.44,8.25724041696803,Large,Credit Card,Debit,Shopping
Spotify Auto Debit Spotify Subscription,149.0,5.0106352940962555,Small,Auto Debit,Debit,Subscription
BSNL Auto Debit BSNL,527.05,6.269190976192483,Small,Auto Debit,Debit,Bills
Municipal Water Department Auto Debit Municipal Water Department,2815.32,7.943186347185447,Large,Auto Debit,Debit,Bills
Swiggy Debit Card Swiggy,1489.87,7.307115121157986,Medium,Debit Card,Debit,Food
Municipal Water Department Net Banking Payment Municipal Water Department,11583.88,9.35745607859099,Large,Net Banking,Debit,Bills
Cafe Coffee Day UPI/Paytm/Cafe Coffee Day,379.17,5.940618521102067,Small,Upi,Debit,Food
Burger King UPI/Paytm/Burger King,116.0,4.762173934797756,Small,Upi,Debit,Food
Indian Oil Debit Card Indian Oil,1662.31,7.416564871922948,Medium,Debit Card,Debit,Fuel
Tea Stall UPI/Tea Stall,33.31,3.5354368568703585,Small,Upi,Debit,Other
Credit Card Bill Payment UPI/Credit Card Bill Payment,481.36,6.178690723235392,Small,Upi,Debit,Bills
Credit Card Bill Payment Auto Debit Credit Card Bill Payment,2449.17,7.803912688886656,Medium,Auto Debit,Debit,Bills
PharmEasy Cash Withdrawal ATM,4126.45,8.325415061850528,Large,Cash Withdrawal,Debit,Miscellaneous
Nature's Basket Debit Card Nature's Basket,858.41,6.75624610729833,Medium,Debit Card,Debit,Groceries
Credit Card Bill Payment UPI/Credit Card Bill Payment,770.88,6.648829097528155,Medium,Upi,Debit,Bills
Employer Salary Credit NEFT Salary Credit,52762.45,10.873573995140697,Large,Neft,Credit,Salary
BPCL UPI/BPCL,2129.03,7.663891343111327,Medium,Upi,Debit,Fuel
Amazon India UPI Payment Amazon India,2426.73,7.794711943360003,Medium,Upi,Debit,Shopping
Employer Salary Credit NEFT Salary Credit,40113.86,10.59950211821532,Large,Neft,Credit,Salary
BookMyShow POS Purchase BookMyShow,243.45,5.499010789024655,Small,Credit Card,Debit,Entertainment
Zomato POS Purchase Zomato,1852.79,7.524987471102013,Medium,Credit Card,Debit,Food
Fruit Vendor UPI/Fruit Vendor,179.05,5.193234590094884,Small,Upi,Debit,Other
BEST Auto Debit BEST,2729.42,7.912210722499745,Large,Auto Debit,Debit,Bills
Misc Vendor UPI/Misc Vendor,931.62,6.837997829565674,Medium,Upi,Debit,Other
Zepto UPI/DR/898509546/Zepto,722.61,6.584252573215587,Medium,Upi,Debit,Groceries
Indane Gas Auto Debit Indane Gas,5950.44,8.691388486065055,Large,Auto Debit,Debit,Bills
Local Wine & Beer Shop UPI/Paytm/Local Wine & Beer Shop,368.13,5.911148885519248,Small,Upi,Debit,Food
The Beer Cafe UPI/Paytm/The Beer Cafe,729.52,6.593756609323841,Medium,Upi,Debit,Food
Bharat Gas Auto Debit Bharat Gas,1695.08,7.436074985050708,Medium,Auto Debit,Debit,Bills
Zepto UPI/DR/429730298/Zepto,300.0,5.707110264748875,Small,Upi,Debit,Groceries
Disney+ Hotstar Auto Debit Disney+ Hotstar Subscription,371.65,5.9206396413277025,Small,Auto Debit,Debit,Subscription
Adani Electricity Auto Debit Adani Electricity,187.44,5.23877965383184,Small,Auto Debit,Debit,Bills
Airtel Auto Debit Airtel,3244.95,8.085163344382272,Large,Auto Debit,Debit,Bills
Tata Power Auto Debit Tata Power,2135.37,7.6668634060528476,Medium,Auto Debit,Debit,Bills
House Rent Payment IMPS Rent Payment,37725.87,10.538127851658695,Large,Imps,Debit,Rent
Airtel UPI/Airtel,1462.29,7.288442604206376,Medium,Upi,Debit,Bills
Jio Net Banking Payment Jio,6153.99,8.725018413921864,Large,Net Banking,Debit,Bills
BEST Net Banking Payment BEST,3254.55,8.088116511182841,Large,Net Banking,Debit,Bills
BigBasket UPI/DR/999222522/BigBasket,1357.4,7.2140628155570825,Medium,Upi,Debit,Groceries
Airtel Auto Debit Airtel,3091.75,8.03681594174294,Large,Auto Debit,Debit,Bills
Laundry UPI/Laundry,168.05,5.130194529153895,Small,Upi,Debit,Other
Credit Card Bill Payment Auto Debit Credit Card Bill Payment,2149.78,7.67358584602675,Medium,Auto Debit,Debit,Bills
Indane Gas UPI/Indane Gas,2790.15,7.934208976269869,Large,Upi,Debit,Bills
KFC India UPI/Paytm/KFC India,143.06,4.9702298794612165,Small,Upi,Debit,Food
Domino's India Debit Card Domino's India,253.82,5.540557413553235,Small,Debit Card,Debit,Food
Credit Card Bill Payment Net Banking Payment Credit Card Bill Payment,5572.09,8.625704936730363,Large,Net Banking,Debit,Bills
Credit Card Bill Payment Net Banking Payment Credit Card Bill Payment,5256.29,8.567370963840455,Large,Net Banking,Debit,Bills
House Rent Payment NEFT Rent Payment,47421.89,10.766860302511391,Large,Neft,Debit,Rent
Credit Card Bill Payment Auto Debit Credit Card Bill Payment,2000.2,7.60150227961405,Medium,Auto Debit,Debit,Bills
Unknown Merchant UPI/Unknown Merchant,952.34,6.859971608128331,Medium,Upi,Debit,Other
Zomato UPI/Paytm/Zomato,116.0,4.762173934797756,Small,Upi,Debit,Food
Naturals Salon Debit Card Naturals Salon,1053.32,6.960651288335634,Medium,Debit Card,Debit,Miscellaneous
Street Vendor UPI/Street Vendor,164.41,5.10842724025413,Small,Upi,Debit,Other
Barbeque Nation UPI/Paytm/Barbeque Nation,259.51,5.562641248172563,Small,Upi,Debit,Food
Burger King Debit Card Burger King,152.15,5.031417833278784,Small,Debit Card,Debit,Food
Nature's Basket Debit Card Nature's Basket,300.0,5.707110264748875,Small,Debit Card,Debit,Groceries
Local Services UPI/Local Services,1715.8,7.448217371876434,Medium,Upi,Debit,Other
Zepto UPI/DR/501483027/Zepto,1176.57,7.0712082721066265,Medium,Upi,Debit,Groceries
BookMyShow UPI Payment BookMyShow,258.09,5.55717549168624,Small,Upi,Debit,Entertainment
Jio Auto Debit Jio,4214.62,8.346551953331666,Large,Auto Debit,Debit,Bills
McDonald's India Debit Card McDonald's India,531.96,6.27844637444537,Small,Debit Card,Debit,Food
Ola UPI/Ola,2116.02,7.657764718421368,Medium,Upi,Debit,Miscellaneous
Airtel Auto Debit Airtel,1782.67,7.486428318451017,Medium,Auto Debit,Debit,Bills
Flipkart POS Purchase Flipkart,5876.53,8.678891884612172,Large,Credit Card,Debit,Shopping
Uber POS Purchase Uber,945.12,6.852369410901402,Medium,Credit Card,Debit,Miscellaneous
Toit Brewpub POS Purchase Toit Brewpub,762.85,6.638371434811732,Medium,Credit Card,Debit,Food
Credit Card Bill Payment Auto Debit Credit Card Bill Payment,1941.2,7.571576630160254,Medium,Auto Debit,Debit,Bills
Municipal Water Department Net Banking Payment Municipal Water Department,187.0,5.236441962829949,Small,Net Banking,Debit,Bills
Credit Card Bill Payment UPI/Credit Card Bill Payment,669.16,6.507516489845554,Medium,Upi,Debit,Bills
Rapido UPI/Rapido,73.33,4.308514638737202,Small,Upi,Debit,Miscellaneous
Reliance Fresh UPI/DR/377304178/Reliance Fresh,1078.97,6.984688541954678,Medium,Upi,Debit,Groceries
Employer Salary Credit NEFT Salary Credit,45802.36,10.732112729856798,Large,Neft,Credit,Salary
Myntra POS Purchase Myntra,899.36,6.802794683345637,Medium,Credit Card,Debit,Shopping
Credit Card Bill Payment Auto Debit Credit Card Bill Payment,1949.91,7.576051209369435,Medium,Auto Debit,Debit,Bills
ICICI Lombard Net Banking Payment ICICI Lombard Insurance Premium,8590.92,9.058577505718334,Large,Net Banking,Debit,Insurance
General Store UPI/General Store,1372.6,7.225190309583266,Medium,Upi,Debit,Other
Misc Vendor UPI/Misc Vendor,1821.85,7.508156489340492,Medium,Upi,Debit,Other
Zomato UPI/Paytm/Zomato,180.31,5.200208273437718,Small,Upi,Debit,Food
DMart UPI/DR/759316106/DMart,682.66,6.5274607180159165,Medium,Upi,Debit,Groceries
Swiggy Debit Card Swiggy,667.25,6.504662355019028,Medium,Debit Card,Debit,Food
Indian Oil Debit Card Indian Oil,2935.64,7.985021349630649,Large,Debit Card,Debit,Fuel
ICICI Lombard Net Banking Payment ICICI Lombard Insurance Premium,8569.35,9.056063850897914,Large,Net Banking,Debit,Insurance
BigBasket UPI/DR/673273772/BigBasket,724.7,6.587136706284092,Medium,Upi,Debit,Groceries
Municipal Water Department Auto Debit Municipal Water Department,1977.66,7.590175126901194,Medium,Auto Debit,Debit,Bills
Flipkart Debit Card Flipkart,288.0,5.666426688112432,Small,Debit Card,Debit,Shopping
Nature's Basket UPI/DR/821955780/Nature's Basket,300.0,5.707110264748875,Small,Upi,Debit,Groceries
House Rent Payment NEFT Rent Payment,45435.29,10.724066403935046,Large,Neft,Debit,Rent
Tailor UPI/Tailor,1305.49,7.17509943089387,Medium,Upi,Debit,Other
KFC India UPI/Paytm/KFC India,541.52,6.296224951094514,Small,Upi,Debit,Food
Jio Net Banking Payment Jio,10344.12,9.244270189919035,Large,Net Banking,Debit,Bills
Amazon India POS Purchase Amazon India,288.0,5.666426688112432,Small,Credit Card,Debit,Shopping
Jio Fiber Auto Debit Jio Fiber,6443.89,8.771042847733455,Large,Auto Debit,Debit,Bills
Credit Card Bill Payment Auto Debit Credit Card Bill Payment,2144.03,7.6709088172783,Medium,Auto Debit,Debit,Bills
Vegetable Market UPI/Vegetable Market,195.46,5.280458848246724,Small,Upi,Debit,Other
Amazon India Debit Card Amazon India,2444.05,7.801820851597626,Medium,Debit Card,Debit,Shopping
Spotify Auto Debit Spotify Subscription,149.0,5.0106352940962555,Small,Auto Debit,Debit,Subscription
Credit Card Bill Payment Net Banking Payment Credit Card Bill Payment,6665.56,8.804859263740017,Large,Net Banking,Debit,Bills
McDonald's India POS Purchase McDonald's India,1713.54,7.446900102047857,Medium,Credit Card,Debit,Food
Faasos Debit Card Faasos,475.51,6.166488709232913,Small,Debit Card,Debit,Food
Social POS Purchase Social,151.7,5.028475212224587,Small,Credit Card,Debit,Food
Indian Oil Debit Card Indian Oil,2593.68,7.861218473930674,Medium,Debit Card,Debit,Fuel
Credit Card Bill Payment Auto Debit Credit Card Bill Payment,650.05,6.478586444174737,Small,Auto Debit,Debit,Bills
McDonald's India UPI/Paytm/McDonald's India,491.94,6.20038746278222,Small,Upi,Debit,Food
EatClub Debit Card EatClub,150.48,5.0204536030335944,Small,Debit Card,Debit,Food
Credit Card Bill Payment Net Banking Payment Credit Card Bill Payment,961.25,6.869274292163856,Medium,Net Banking,Debit,Bills
Employer Salary Credit NEFT Salary Credit,68241.2,11.13081842080181,Large,Neft,Credit,Salary
House Rent Payment NEFT Rent Payment,8046.59,8.993127946707817,Large,Neft,Debit,Rent
Starbucks India Debit Card Starbucks India,523.5,6.262445427836352,Small,Debit Card,Debit,Food
Credit Card Bill Payment Auto Debit Credit Card Bill Payment,3233.7,8.081691466931535,Large,Auto Debit,Debit,Bills
Tata Power Net Banking Payment Tata Power,5907.07,8.684074491922312,Large,Net Banking,Debit,Bills
Swiggy UPI/Paytm/Swiggy,1896.2,7.5481343940034265,Medium,Upi,Debit,Food
Credit Card Bill Payment Auto Debit Credit Card Bill Payment,3759.27,8.23224604231647,Large,Auto Debit,Debit,Bills
DMart UPI/DR/294493146/DMart,1323.74,7.188971492750307,Medium,Upi,Debit,Groceries
Jio Fiber Net Banking Payment Jio Fiber,5548.53,8.621468518469845,Large,Net Banking,Debit,Bills
Myntra UPI Payment Myntra,288.0,5.666426688112432,Small,Upi,Debit,Shopping
Tata Power Net Banking Payment Tata Power,4162.8,8.334183397841674,Large,Net Banking,Debit,Bills
Blinkit UPI/DR/342180853/Blinkit,1613.91,7.38703450654974,Medium,Upi,Debit,Groceries
Zomato UPI/Paytm/Zomato,340.93,5.834606037750557,Small,Upi,Debit,Food
Reliance Fresh UPI/DR/383614547/Reliance Fresh,1407.88,7.2505503414868295,Medium,Upi,Debit,Groceries
Credit Card Bill Payment UPI/Credit Card Bill Payment,3836.07,8.252464333499882,Large,Upi,Debit,Bills
Jio Fiber Net Banking Payment Jio Fiber,6373.81,8.760109565660912,Large,Net Banking,Debit,Bills
The Beer Cafe UPI/Paytm/The Beer Cafe,237.73,5.47533320621846,Small,Upi,Debit,Food
Tailor UPI/Tailor,754.47,6.627340072122261,Medium,Upi,Debit,Other
Credit Card Bill Payment Auto Debit Credit Card Bill Payment,657.62,6.49014673692728,Small,Auto Debit,Debit,Bills
Local Wine & Beer Shop UPI/Paytm/Local Wine & Beer Shop,776.0,6.655440350367647,Medium,Upi,Debit,Food
KFC India Debit Card KFC India,651.28,6.480473917593076,Small,Debit Card,Debit,Food
House Rent Payment IMPS Rent Payment,45894.24,10.734116686967331,Large,Imps,Debit,Rent
Reliance Fresh UPI/DR/308889819/Reliance Fresh,980.42,6.889000502498489,Medium,Upi,Debit,Groceries
Swiggy UPI/Paytm/Swiggy,218.29,5.390395054748945,Small,Upi,Debit,Food
Zepto Debit Card Zepto,1223.91,7.110622650892065,Medium,Debit Card,Debit,Groceries
Tata Power Net Banking Payment Tata Power,378.06,5.937694503898154,Small,Net Banking,Debit,Bills
Swiggy POS Purchase Swiggy,269.42,5.599976305930612,Small,Credit Card,Debit,Food
BPCL UPI/BPCL,2608.2,7.8667989399219405,Medium,Upi,Debit,Fuel
General Store UPI/General Store,1657.85,7.413879870189478,Medium,Upi,Debit,Other
KFC India Debit Card KFC India,703.5,6.557488331338735,Medium,Debit Card,Debit,Food
McDonald's India UPI/Paytm/McDonald's India,607.77,6.411440528066557,Small,Upi,Debit,Food
HP Gas Auto Debit HP Gas,3962.54,8.28489284431661,Large,Auto Debit,Debit,Bills
Ola POS Purchase Ola,60.0,4.110873864173311,Small,Credit Card,Debit,Miscellaneous
House Rent Payment IMPS Rent Payment,7881.55,8.972406734564338,Large,Imps,Debit,Rent
Domino's India UPI/Paytm/Domino's India,124.8,4.8346933442663405,Small,Upi,Debit,Food
HPCL UPI/HPCL,3827.59,8.250251868178138,Large,Upi,Debit,Fuel
Chaayos UPI/Paytm/Chaayos,161.91,5.093197901078078,Small,Upi,Debit,Food
BookMyShow Debit Card BookMyShow,540.12,6.293641065710215,Small,Debit Card,Debit,Entertainment
Zepto Debit Card Zepto,625.52,6.440180697210462,Small,Debit Card,Debit,Groceries
BookMyShow UPI Payment BookMyShow,254.91,5.544825820166979,Small,Upi,Debit,Entertainment
Blinkit UPI/DR/153312407/Blinkit,992.74,6.901475603024829,Medium,Upi,Debit,Groceries
Social UPI/Paytm/Social,116.0,4.762173934797756,Small,Upi,Debit,Food
General Store UPI/General Store,1580.0,7.365812837209472,Medium,Upi,Debit,Other
BPCL Debit Card BPCL,5000.0,8.517393171418904,Large,Debit Card,Debit,Fuel
IRCTC POS Purchase IRCTC,2250.69,7.719436324366797,Medium,Credit Card,Debit,Miscellaneous
Apollo Pharmacy Debit Card Apollo Pharmacy,3519.91,8.166474757908173,Large,Debit Card,Debit,Miscellaneous
BSNL Auto Debit BSNL,1090.93,6.995702051686091,Medium,Auto Debit,Debit,Bills
Tata Power Auto Debit Tata Power,1063.79,6.970532875601791,Medium,Auto Debit,Debit,Bills
Third Wave Coffee Debit Card Third Wave Coffee,698.37,6.55017992980024,Medium,Debit Card,Debit,Food
ICICI Lombard Auto Debit ICICI Lombard Insurance Premium,8336.57,9.028527085990733,Large,Auto Debit,Debit,Insurance
DMart UPI/DR/244658840/DMart,300.0,5.707110264748875,Small,Upi,Debit,Groceries
House Rent Payment IMPS Rent Payment,8171.27,9.008501995039293,Large,Imps,Debit,Rent
Employer Salary Credit NEFT Salary Credit,57328.47,10.956570081136165,Large,Neft,Credit,Salary
Blinkit Debit Card Blinkit,630.33,6.44782870523293,Small,Debit Card,Debit,Groceries
Tea Stall UPI/Tea Stall,105.08,4.664193526437552,Small,Upi,Debit,Other
Credit Card Bill Payment Auto Debit Credit Card Bill Payment,1512.87,7.322424565053166,Medium,Auto Debit,Debit,Bills
BEST Auto Debit BEST,609.5,6.414278293550759,Small,Auto Debit,Debit,Bills
Flipkart UPI Payment Flipkart,5674.55,8.643922753953081,Large,Upi,Debit,Shopping
Laundry UPI/Laundry,2231.92,7.71106542495566,Medium,Upi,Debit,Other
Cafe Coffee Day POS Purchase Cafe Coffee Day,116.0,4.762173934797756,Small,Credit Card,Debit,Food
Airtel Auto Debit Airtel,8177.52,9.009266484131794,Large,Auto Debit,Debit,Bills
Reliance Fresh UPI/DR/938511718/Reliance Fresh,382.48,5.949287468208796,Small,Upi,Debit,Groceries
Zomato UPI/Paytm/Zomato,454.58,6.121571332453198,Small,Upi,Debit,Food
Credit Card Bill Payment Auto Debit Credit Card Bill Payment,2884.37,7.967408420285651,Large,Auto Debit,Debit,Bills
DMart POS Purchase DMart,2159.76,7.678215290644716,Medium,Credit Card,Debit,Groceries
Employer Salary Credit NEFT Salary Credit,53031.42,10.878658703636434,Large,Neft,Credit,Salary
ICICI Lombard Net Banking Payment ICICI Lombard Insurance Premium,8860.99,9.089526623345348,Large,Net Banking,Debit,Insurance
Reliance Fresh UPI/DR/986721049/Reliance Fresh,345.02,5.846496576855376,Small,Upi,Debit,Groceries
Zomato POS Purchase Zomato,477.93,6.171554448944692,Small,Credit Card,Debit,Food
Cafe Coffee Day Debit Card Cafe Coffee Day,193.37,5.269763559129975,Small,Debit Card,Debit,Food
Blinkit Debit Card Blinkit,1081.48,6.987009983955389,Medium,Debit Card,Debit,Groceries
Jio Fiber Net Banking Payment Jio Fiber,5835.99,8.671970531993484,Large,Net Banking,Debit,Bills
Local Wine & Beer Shop UPI/Paytm/Local Wine & Beer Shop,309.52,5.73824831153748,Small,Upi,Debit,Food
Credit Card Bill Payment Auto Debit Credit Card Bill Payment,3397.04,8.130954073792964,Large,Auto Debit,Debit,Bills
Street Vendor UPI/Street Vendor,140.67,4.95350040939126,Small,Upi,Debit,Other
Chaayos UPI/Paytm/Chaayos,1046.83,6.954476637982458,Medium,Upi,Debit,Food
Cafe Coffee Day Debit Card Cafe Coffee Day,413.64,6.027410673881451,Small,Debit Card,Debit,Food
Starbucks India UPI/Paytm/Starbucks India,116.0,4.762173934797756,Small,Upi,Debit,Food
BigBasket Debit Card BigBasket,1567.0,7.357556200910353,Medium,Debit Card,Debit,Groceries
HPCL UPI/HPCL,3594.37,8.1874021855824,Large,Upi,Debit,Fuel
Credit Card Bill Payment Auto Debit Credit Card Bill Payment,4256.79,8.356505525308132,Large,Auto Debit,Debit,Bills
Chaayos POS Purchase Chaayos,149.79,5.0158881403777045,Small,Credit Card,Debit,Food
BigBasket UPI/DR/474423649/BigBasket,1527.84,7.332264556895662,Medium,Upi,Debit,Groceries
Cafe Coffee Day UPI/Paytm/Cafe Coffee Day,1659.67,7.414976414378016,Medium,Upi,Debit,Food
Third Wave Coffee UPI/Paytm/Third Wave Coffee,1130.9,7.031652915638374,Medium,Upi,Debit,Food
Local Wine & Beer Shop UPI/Paytm/Local Wine & Beer Shop,132.84,4.896645056678569,Small,Upi,Debit,Food
Myntra POS Purchase Myntra,288.0,5.666426688112432,Small,Credit Card,Debit,Shopping
Employer Salary Credit NEFT Salary Credit,46185.36,10.740439795383246,Large,Neft,Credit,Salary
Blinkit Debit Card Blinkit,1267.39,7.145503658684833,Medium,Debit Card,Debit,Groceries
Swiggy Debit Card Swiggy,2990.0,8.003363058629947,Large,Debit Card,Debit,Food
BigBasket UPI/DR/261319410/BigBasket,738.21,6.605582048374498,Medium,Upi,Debit,Groceries
BPCL UPI/BPCL,2292.74,7.737938952120352,Medium,Upi,Debit,Fuel
Flipkart POS Purchase Flipkart,288.0,5.666426688112432,Small,Credit Card,Debit,Shopping
HP Gas Auto Debit HP Gas,581.58,6.367466515065505,Small,Auto Debit,Debit,Bills
Chaayos POS Purchase Chaayos,172.07,5.153696136936908,Small,Credit Card,Debit,Food
Mobile Repair UPI/Mobile Repair,1363.66,7.218660592343342,Medium,Upi,Debit,Other
Jio Fiber Auto Debit Jio Fiber,3377.94,8.125317329823876,Large,Auto Debit,Debit,Bills
Mobile Repair Cash Withdrawal ATM,1800.58,7.496419336640413,Medium,Cash Withdrawal,Debit,Other
Tata Power Auto Debit Tata Power,2037.85,7.620141202395112,Medium,Auto Debit,Debit,Bills
Adani Electricity Auto Debit Adani Electricity,4755.64,8.467296815620275,Large,Auto Debit,Debit,Bills
Domino's India UPI/Paytm/Domino's India,116.0,4.762173934797756,Small,Upi,Debit,Food
Jio Net Banking Payment Jio,11004.5,9.306150426822159,Large,Net Banking,Debit,Bills
Flower Shop UPI/Flower Shop,201.13,5.308911054758907,Small,Upi,Debit,Other
Jio Auto Debit Jio,555.28,6.32127176461041,Small,Auto Debit,Debit,Bills
Lakme Salon Cash Withdrawal ATM,378.72,5.939434139013597,Small,Cash Withdrawal,Debit,Miscellaneous
Zomato UPI/Paytm/Zomato,205.45,5.330058252332099,Small,Upi,Debit,Food
Local Hardware Store UPI/Local Hardware Store,177.85,5.186547465705027,Small,Upi,Debit,Miscellaneous
Cafe Coffee Day Debit Card Cafe Coffee Day,196.86,5.287559709895077,Small,Debit Card,Debit,Food
Meesho UPI Payment Meesho,288.0,5.666426688112432,Small,Upi,Debit,Shopping
Apollo Pharmacy UPI/Apollo Pharmacy,1851.32,7.524194186457418,Medium,Upi,Debit,Miscellaneous
Mobile Repair Debit Card Mobile Repair,1654.32,7.41174962259511,Medium,Debit Card,Debit,Other
BigBasket POS Purchase BigBasket,546.6,6.305545093414294,Small,Credit Card,Debit,Groceries
Credit Card Bill Payment Auto Debit Credit Card Bill Payment,2406.7,7.786427213949783,Medium,Auto Debit,Debit,Bills
Dish TV Auto Debit Dish TV Subscription,149.0,5.0106352940962555,Small,Auto Debit,Debit,Subscription
Mobile Repair UPI/Mobile Repair,2368.36,7.770375155467125,Medium,Upi,Debit,Other
Vegetable Market Cash Withdrawal ATM,415.92,6.032894356871122,Small,Cash Withdrawal,Debit,Other
Zepto POS Purchase Zepto,769.16,6.646598285469711,Medium,Credit Card,Debit,Groceries
Credit Card Bill Payment Net Banking Payment Credit Card Bill Payment,187.0,5.236441962829949,Small,Net Banking,Debit,Bills
HPCL Debit Card HPCL,2408.53,7.787186986718794,Medium,Debit Card,Debit,Fuel
Reliance Fresh UPI/DR/827669728/Reliance Fresh,1221.7,7.108816807150144,Medium,Upi,Debit,Groceries
Local Store UPI/Local Store,2280.76,7.732702353988457,Medium,Upi,Debit,Other
HPCL UPI/HPCL,2326.44,7.752524230086399,Medium,Upi,Debit,Fuel
Naturals Salon Debit Card Naturals Salon,225.75,5.423848088995246,Small,Debit Card,Debit,Miscellaneous
Reliance Fresh POS Purchase Reliance Fresh,802.45,6.688914955487762,Medium,Credit Card,Debit,Groceries
Burger King UPI/Paytm/Burger King,213.6,5.368775830196598,Small,Upi,Debit,Food
Swiggy UPI/Paytm/Swiggy,1379.34,7.230085124617062,Medium,Upi,Debit,Food
Flipkart Debit Card Flipkart,927.51,6.833581150793999,Medium,Debit Card,Debit,Shopping
Lakme Salon Debit Card Lakme Salon,973.62,6.882047651438331,Medium,Debit Card,Debit,Miscellaneous
PharmEasy Debit Card PharmEasy,75.16,4.33283639048311,Small,Debit Card,Debit,Miscellaneous
Credit Card Bill Payment Net Banking Payment Credit Card Bill Payment,3020.37,8.013465649888422,Large,Net Banking,Debit,Bills
Flower Shop UPI/Flower Shop,332.13,5.808532804188332,Small,Upi,Debit,Other
EatClub UPI/Paytm/EatClub,344.71,5.845600273324364,Small,Upi,Debit,Food
Municipal Water Department Net Banking Payment Municipal Water Department,187.89,5.241164835043728,Small,Net Banking,Debit,Bills
BPCL UPI/BPCL,3601.82,8.189472151132106,Large,Upi,Debit,Fuel
Local Store UPI/Local Store,945.14,6.85239054964555,Medium,Upi,Debit,Other
Myntra UPI Payment Myntra,288.0,5.666426688112432,Small,Upi,Debit,Shopping
Meesho UPI Payment Meesho,288.0,5.666426688112432,Small,Upi,Debit,Shopping
Bharat Gas Auto Debit Bharat Gas,2222.43,7.706806327557277,Medium,Auto Debit,Debit,Bills
Adani Electricity Auto Debit Adani Electricity,4136.68,8.327890523270746,Large,Auto Debit,Debit,Bills
Uber Debit Card Uber,182.77,5.213684975707333,Small,Debit Card,Debit,Miscellaneous
McDonald's India Debit Card McDonald's India,116.0,4.762173934797756,Small,Debit Card,Debit,Food
Cafe Coffee Day Debit Card Cafe Coffee Day,929.11,6.835302858722717,Medium,Debit Card,Debit,Food
Vegetable Market UPI/Vegetable Market,248.78,5.520580530434939,Small,Upi,Debit,Other
Employer Salary Credit NEFT Salary Credit,48254.84,10.784272135712264,Large,Neft,Credit,Salary
BookMyShow UPI Payment BookMyShow,515.6,6.24726888066174,Small,Upi,Debit,Entertainment
Social Debit Card Social,214.21,5.371614295609493,Small,Debit Card,Debit,Food
Jio Fiber Auto Debit Jio Fiber,526.71,6.2685468903931465,Small,Auto Debit,Debit,Bills
Third Wave Coffee POS Purchase Third Wave Coffee,1364.58,7.219334525795947,Medium,Credit Card,Debit,Food
Myntra POS Purchase Myntra,3195.84,8.069918100888467,Large,Credit Card,Debit,Shopping
Reliance Fresh Debit Card Reliance Fresh,928.2,6.834324000896254,Medium,Debit Card,Debit,Groceries
EatClub Debit Card EatClub,550.57,6.312768757202979,Small,Debit Card,Debit,Food
Credit Card Bill Payment Net Banking Payment Credit Card Bill Payment,487.41,6.191155217047414,Small,Net Banking,Debit,Bills
McDonald's India UPI/Paytm/McDonald's India,506.08,6.2286687820705255,Small,Upi,Debit,Food
Reliance Fresh UPI/DR/188018583/Reliance Fresh,2141.69,7.669817327986876,Medium,Upi,Debit,Groceries
Indane Gas Net Banking Payment Indane Gas,1533.28,7.335816494605821,Medium,Net Banking,Debit,Bills
HPCL UPI/HPCL,2584.47,7.857662588597425,Medium,Upi,Debit,Fuel
Airtel Net Banking Payment Airtel,2538.45,7.839702801132329,Medium,Net Banking,Debit,Bills
Burger King Debit Card Burger King,212.37,5.363027747916792,Small,Debit Card,Debit,Food
Indian Oil UPI/Indian Oil,2886.57,7.968170596960449,Large,Upi,Debit,Fuel
Laundry Cash Withdrawal ATM,1647.86,7.407839419016038,Medium,Cash Withdrawal,Debit,Other
Nature's Basket UPI/DR/107871158/Nature's Basket,457.85,6.128723359265022,Small,Upi,Debit,Groceries
Meesho POS Purchase Meesho,288.0,5.666426688112432,Small,Credit Card,Debit,Shopping
Zomato Debit Card Zomato,195.19,5.279083577432737,Small,Debit Card,Debit,Food
Chaayos POS Purchase Chaayos,393.12,5.976655431454274,Small,Credit Card,Debit,Food
Credit Card Bill Payment Auto Debit Credit Card Bill Payment,2472.55,7.813409644734733,Medium,Auto Debit,Debit,Bills
Local Services UPI/Local Services,1406.75,7.249747964134728,Medium,Upi,Debit,Other
KFC India POS Purchase KFC India,117.66,4.776262260830497,Small,Credit Card,Debit,Food
Indian Oil UPI/Indian Oil,3273.45,8.093905195034733,Large,Upi,Debit,Fuel
General Store UPI/General Store,1248.8,7.130738817494981,Medium,Upi,Debit,Other
Zepto UPI/DR/486949792/Zepto,580.59,6.365765732123761,Small,Upi,Debit,Groceries
Bakery UPI/Bakery,296.46,5.695279762164452,Small,Upi,Debit,Other
McDonald's India UPI/Paytm/McDonald's India,340.31,5.832791155219735,Small,Upi,Debit,Food
Credit Card Bill Payment Auto Debit Credit Card Bill Payment,2382.42,7.776291709995166,Medium,Auto Debit,Debit,Bills
BPCL Cash Withdrawal ATM,2280.3,7.732500734898829,Medium,Cash Withdrawal,Debit,Fuel
Credit Card Bill Payment Auto Debit Credit Card Bill Payment,187.0,5.236441962829949,Small,Auto Debit,Debit,Bills
Credit Card Bill Payment UPI/Credit Card Bill Payment,472.82,6.160827502737544,Small,Upi,Debit,Bills
Airtel Auto Debit Airtel,982.15,6.890761702605566,Medium,Auto Debit,Debit,Bills
Municipal Water Department Net Banking Payment Municipal Water Department,1459.41,7.286472497197096,Medium,Net Banking,Debit,Bills
Third Wave Coffee Debit Card Third Wave Coffee,1300.61,7.1713572387271896,Medium,Debit Card,Debit,Food
BSNL Net Banking Payment BSNL,1503.48,7.316202602528767,Medium,Net Banking,Debit,Bills
Reliance Fresh UPI/DR/207169001/Reliance Fresh,452.52,6.117039370016048,Small,Upi,Debit,Groceries
Flipkart POS Purchase Flipkart,1024.15,6.9325942223290555,Medium,Credit Card,Debit,Shopping
Dish TV Auto Debit Dish TV Subscription,688.43,6.535865169236924,Medium,Auto Debit,Debit,Subscription
DMart POS Purchase DMart,866.58,6.765707726589275,Medium,Credit Card,Debit,Groceries
Tata Power Auto Debit Tata Power,1584.76,7.368819066658398,Medium,Auto Debit,Debit,Bills
Dish TV Auto Debit Dish TV Subscription,246.99,5.51338842277136,Small,Auto Debit,Debit,Subscription
Vegetable Market UPI/Vegetable Market,564.03,6.33687882708196,Small,Upi,Debit,Other
Credit Card Bill Payment Auto Debit Credit Card Bill Payment,1097.45,7.001655374175188,Medium,Auto Debit,Debit,Bills
Zomato UPI/Paytm/Zomato,1902.19,7.551286704666411,Medium,Upi,Debit,Food
HPCL UPI/HPCL,3928.01,8.27614276473211,Large,Upi,Debit,Fuel
Blinkit POS Purchase Blinkit,482.74,6.181547572295701,Small,Credit Card,Debit,Groceries
Nykaa Debit Card Nykaa,1021.45,6.9299569869658235,Medium,Debit Card,Debit,Shopping
Cafe Coffee Day UPI/Paytm/Cafe Coffee Day,289.48,5.6715347271060805,Small,Upi,Debit,Food
Municipal Water Department Auto Debit Municipal Water Department,4361.59,8.380821196670372,Large,Auto Debit,Debit,Bills
BookMyShow POS Purchase BookMyShow,205.24,5.329040539190878,Small,Credit Card,Debit,Entertainment
Indian Oil Debit Card Indian Oil,1763.48,7.4756113083953775,Medium,Debit Card,Debit,Fuel
McDonald's India UPI/Paytm/McDonald's India,396.6,5.985446474782419,Small,Upi,Debit,Food
Indian Oil UPI/Indian Oil,3850.66,8.25625950318643,Large,Upi,Debit,Fuel
Jio Net Banking Payment Jio,2923.96,7.981036084358775,Large,Net Banking,Debit,Bills
Credit Card Bill Payment Auto Debit Credit Card Bill Payment,1525.27,7.330582129352162,Medium,Auto Debit,Debit,Bills
Credit Card Bill Payment Auto Debit Credit Card Bill Payment,1145.86,7.04478305213833,Medium,Auto Debit,Debit,Bills
Flipkart Debit Card Flipkart,396.18,5.984389578436018,Small,Debit Card,Debit,Shopping
Misc Vendor UPI/Misc Vendor,731.22,6.596081015254363,Medium,Upi,Debit,Other
Home Depot India UPI/Home Depot India,1724.03,7.452999720618581,Medium,Upi,Debit,Miscellaneous
Spotify Auto Debit Spotify Subscription,249.62,5.523937847737139,Small,Auto Debit,Debit,Subscription
Credit Card Bill Payment UPI/Credit Card Bill Payment,12197.62,9.409078109569293,Large,Upi,Debit,Bills
Employer Salary Credit NEFT Salary Credit,44737.05,10.708579648935565,Large,Neft,Credit,Salary
Myntra UPI Payment Myntra,942.73,6.8498401082857,Medium,Upi,Debit,Shopping
Amazon India POS Purchase Amazon India,288.0,5.666426688112432,Small,Credit Card,Debit,Shopping
HPCL UPI/HPCL,2011.51,7.607137978224473,Medium,Upi,Debit,Fuel
Employer Salary Credit NEFT Salary Credit,58887.48,10.983400764771753,Large,Neft,Credit,Salary
Meesho UPI Payment Meesho,288.0,5.666426688112432,Small,Upi,Debit,Shopping
Adani Electricity Net Banking Payment Adani Electricity,3122.9,8.04683750020396,Large,Net Banking,Debit,Bills
Rapido Debit Card Rapido,78.1,4.370712874773608,Small,Debit Card,Debit,Miscellaneous
Flower Shop UPI/Flower Shop,127.89,4.858959327416688,Small,Upi,Debit,Other
Home Depot India UPI/Home Depot India,337.61,5.824849002635645,Small,Upi,Debit,Miscellaneous
Tata Power Auto Debit Tata Power,428.29,6.0621326812252265,Small,Auto Debit,Debit,Bills
Indian Oil UPI/Indian Oil,4791.24,8.474753222013604,Large,Upi,Debit,Fuel
Starbucks India POS Purchase Starbucks India,216.82,5.38366903364754,Small,Credit Card,Debit,Food
Credit Card Bill Payment Auto Debit Credit Card Bill Payment,4381.49,8.385372334990162,Large,Auto Debit,Debit,Bills
HDFC Ergo Auto Debit HDFC Ergo Insurance Premium,8316.46,9.026112198743707,Large,Auto Debit,Debit,Insurance
DMart Debit Card DMart,1008.65,6.917359015124831,Medium,Debit Card,Debit,Groceries
HPCL Debit Card HPCL,4914.92,8.500234197160509,Large,Debit Card,Debit,Fuel
DMart UPI/DR/344432632/DMart,300.0,5.707110264748875,Small,Upi,Debit,Groceries
Naturals Salon Cash Withdrawal ATM,1176.68,7.071301680449758,Medium,Cash Withdrawal,Debit,Miscellaneous
Credit Card Bill Payment Auto Debit Credit Card Bill Payment,1218.96,7.106573350304554,Medium,Auto Debit,Debit,Bills
Disney+ Hotstar Auto Debit Disney+ Hotstar Subscription,179.46,5.195509146566355,Small,Auto Debit,Debit,Subscription
Barbeque Nation Debit Card Barbeque Nation,727.16,6.590520804268332,Medium,Debit Card,Debit,Food
McDonald's India UPI/Paytm/McDonald's India,170.36,5.1437666066994385,Small,Upi,Debit,Food
Blinkit UPI/DR/506101350/Blinkit,821.77,6.71267669624875,Medium,Upi,Debit,Groceries
Municipal Water Department Auto Debit Municipal Water Department,1800.86,7.496574743696206,Medium,Auto Debit,Debit,Bills
McDonald's India UPI/Paytm/McDonald's India,701.41,6.5545172791216135,Medium,Upi,Debit,Food
Burger King UPI/Paytm/Burger King,129.56,4.871832891215797,Small,Upi,Debit,Food
Nature's Basket UPI/DR/756441105/Nature's Basket,859.14,6.75709516669626,Medium,Upi,Debit,Groceries
Jio Fiber Net Banking Payment Jio Fiber,316.15,5.759374848079906,Small,Net Banking,Debit,Bills
DMart UPI/DR/872608028/DMart,803.19,6.68983555966813,Medium,Upi,Debit,Groceries
Bakery UPI/Bakery,328.26,5.796847712219876,Small,Upi,Debit,Other
Bakery UPI/Bakery,401.64,5.998042862468105,Small,Upi,Debit,Other
Credit Card Bill Payment Net Banking Payment Credit Card Bill Payment,553.48,6.318030737609729,Small,Net Banking,Debit,Bills
Bharat Gas Auto Debit Bharat Gas,1908.86,7.554785219924895,Medium,Auto Debit,Debit,Bills
DMart Debit Card DMart,862.89,6.761445445884021,Medium,Debit Card,Debit,Groceries
Airtel Auto Debit Airtel,1096.92,7.001172759670085,Medium,Auto Debit,Debit,Bills
Adani Electricity Net Banking Payment Adani Electricity,2074.43,7.637923640111516,Medium,Net Banking,Debit,Bills
Credit Card Bill Payment Auto Debit Credit Card Bill Payment,1210.75,7.099820874725485,Medium,Auto Debit,Debit,Bills
Reliance Fresh UPI/DR/420486085/Reliance Fresh,922.53,6.828203284222655,Medium,Upi,Debit,Groceries
BookMyShow UPI Payment BookMyShow,546.43,6.305234599635373,Small,Upi,Debit,Entertainment
Jio Fiber Net Banking Payment Jio Fiber,2873.29,7.963560966210928,Large,Net Banking,Debit,Bills
Swiggy UPI/Paytm/Swiggy,2335.29,7.756319480078526,Medium,Upi,Debit,Food
BSNL Auto Debit BSNL,3653.69,8.203766553265378,Large,Auto Debit,Debit,Bills
Municipal Water Department UPI/Municipal Water Department,659.86,6.493542017116263,Medium,Upi,Debit,Bills
BSNL Net Banking Payment BSNL,3200.47,8.071365358307425,Large,Net Banking,Debit,Bills
Credit Card Bill Payment Auto Debit Credit Card Bill Payment,3406.1,8.13361676856571,Large,Auto Debit,Debit,Bills
Zomato UPI/Paytm/Zomato,239.98,5.48471394249513,Small,Upi,Debit,Food
Tata 1mg Debit Card Tata 1mg,4110.68,8.321586983095116,Large,Debit Card,Debit,Miscellaneous
Flower Shop UPI/Flower Shop,372.41,5.922677011680996,Small,Upi,Debit,Other
Vegetable Market UPI/Vegetable Market,311.39,5.744252407209914,Small,Upi,Debit,Other
Municipal Water Department Auto Debit Municipal Water Department,3474.71,8.153554053675872,Large,Auto Debit,Debit,Bills
Ajio UPI Payment Ajio,288.0,5.666426688112432,Small,Upi,Debit,Shopping
Credit Card Bill Payment Auto Debit Credit Card Bill Payment,2729.29,7.912163109643533,Large,Auto Debit,Debit,Bills
Credit Card Bill Payment Auto Debit Credit Card Bill Payment,187.0,5.236441962829949,Small,Auto Debit,Debit,Bills
Nature's Basket Debit Card Nature's Basket,574.41,6.355082830180891,Small,Debit Card,Debit,Groceries
Street Vendor UPI/Street Vendor,246.47,5.51128936254075,Small,Upi,Debit,Other
HP Gas Net Banking Payment HP Gas,1705.74,7.442340397192313,Medium,Net Banking,Debit,Bills
Jio Auto Debit Jio,1763.21,7.475458277100179,Medium,Auto Debit,Debit,Bills
Credit Card Bill Payment Net Banking Payment Credit Card Bill Payment,1238.2,7.122221289102659,Medium,Net Banking,Debit,Bills
Blinkit UPI/DR/777566277/Blinkit,979.76,6.888327781316039,Medium,Upi,Debit,Groceries
Third Wave Coffee UPI/Paytm/Third Wave Coffee,2123.36,7.661225859525188,Medium,Upi,Debit,Food
Zomato UPI/Paytm/Zomato,396.47,5.985119459548142,Small,Upi,Debit,Food
Barbeque Nation UPI/Paytm/Barbeque Nation,1200.93,7.091683877126477,Medium,Upi,Debit,Food
Spotify Auto Debit Spotify Subscription,149.0,5.0106352940962555,Small,Auto Debit,Debit,Subscription
Jio Auto Debit Jio,2472.08,7.813219616371417,Medium,Auto Debit,Debit,Bills
Domino's India UPI/Paytm/Domino's India,116.0,4.762173934797756,Small,Upi,Debit,Food
Municipal Water Department Net Banking Payment Municipal Water Department,187.0,5.236441962829949,Small,Net Banking,Debit,Bills
Flipkart Debit Card Flipkart,288.0,5.666426688112432,Small,Debit Card,Debit,Shopping
HP Gas Auto Debit HP Gas,1155.49,7.053144834855035,Medium,Auto Debit,Debit,Bills
Domino's India UPI/Paytm/Domino's India,116.0,4.762173934797756,Small,Upi,Debit,Food
Tata 1mg Debit Card Tata 1mg,586.63,6.376097498136003,Small,Debit Card,Debit,Miscellaneous
Domino's India POS Purchase Domino's India,116.0,4.762173934797756,Small,Credit Card,Debit,Food
Credit Card Bill Payment Auto Debit Credit Card Bill Payment,666.19,6.503074862922624,Medium,Auto Debit,Debit,Bills
Toit Brewpub Debit Card Toit Brewpub,249.9,5.525054453372377,Small,Debit Card,Debit,Food
BPCL UPI/BPCL,2540.6,7.840549082955306,Medium,Upi,Debit,Fuel
BEST Net Banking Payment BEST,2893.13,7.970439826707757,Large,Net Banking,Debit,Bills
Blinkit POS Purchase Blinkit,1496.16,7.311325259135844,Medium,Credit Card,Debit,Groceries
Third Wave Coffee POS Purchase Third Wave Coffee,268.5,5.596568390349052,Small,Credit Card,Debit,Food
EatClub Debit Card EatClub,522.43,6.260403305992625,Small,Debit Card,Debit,Food
Employer Salary Credit NEFT Salary Credit,50121.77,10.82223067484116,Large,Neft,Credit,Salary
Naturals Salon UPI/Naturals Salon,2875.04,7.964169626950061,Large,Upi,Debit,Miscellaneous
Kirana Shop UPI/Kirana Shop,2173.21,7.684420659152203,Medium,Upi,Debit,Other
McDonald's India UPI/Paytm/McDonald's India,330.55,5.803778627814877,Small,Upi,Debit,Food
Jio UPI/Jio,2938.35,7.985943747453702,Large,Upi,Debit,Bills
Barbeque Nation POS Purchase Barbeque Nation,159.38,5.0775459993788825,Small,Credit Card,Debit,Food
House Rent Payment NEFT Rent Payment,47390.24,10.76619268047709,Large,Neft,Debit,Rent
Myntra POS Purchase Myntra,288.0,5.666426688112432,Small,Credit Card,Debit,Shopping
Third Wave Coffee Debit Card Third Wave Coffee,528.1,6.271177449910086,Small,Debit Card,Debit,Food
Reliance Fresh Debit Card Reliance Fresh,596.89,6.393406790542107,Small,Debit Card,Debit,Groceries
Zomato UPI/Paytm/Zomato,225.15,5.421198495923853,Small,Upi,Debit,Food
Burger King UPI/Paytm/Burger King,2208.48,7.700512472708148,Medium,Upi,Debit,Food
Airtel Auto Debit Airtel,382.14,5.948400457636955,Small,Auto Debit,Debit,Bills
Nykaa POS Purchase Nykaa,288.0,5.666426688112432,Small,Credit Card,Debit,Shopping
Reliance Fresh UPI/DR/795720929/Reliance Fresh,714.23,6.572604169288307,Medium,Upi,Debit,Groceries
Home Depot India Debit Card Home Depot India,744.12,6.613545279234067,Medium,Debit Card,Debit,Miscellaneous
Meesho Debit Card Meesho,288.0,5.666426688112432,Small,Debit Card,Debit,Shopping
Indian Oil UPI/Indian Oil,3331.23,8.111397028515482,Large,Upi,Debit,Fuel
Indian Oil UPI/Indian Oil,2187.64,7.691035625341134,Medium,Upi,Debit,Fuel
Airtel Auto Debit Airtel,1495.74,7.311044688640667,Medium,Auto Debit,Debit,Bills
Credit Card Bill Payment Net Banking Payment Credit Card Bill Payment,3757.84,8.231865678146445,Large,Net Banking,Debit,Bills
Flipkart POS Purchase Flipkart,288.0,5.666426688112432,Small,Credit Card,Debit,Shopping
Reliance Fresh UPI/DR/250806165/Reliance Fresh,1444.23,7.276023757430576,Medium,Upi,Debit,Groceries
Flipkart Debit Card Flipkart,368.12,5.911121794425443,Small,Debit Card,Debit,Shopping
BookMyShow UPI Payment BookMyShow,318.83,5.767789604630494,Small,Upi,Debit,Entertainment
HPCL Cash Withdrawal ATM,4075.15,8.312908194450566,Large,Cash Withdrawal,Debit,Fuel
Domino's India UPI/Paytm/Domino's India,116.0,4.762173934797756,Small,Upi,Debit,Food
HPCL UPI/HPCL,1673.94,7.423532622722061,Medium,Upi,Debit,Fuel
Burger King UPI/Paytm/Burger King,1486.27,7.304697503615855,Medium,Upi,Debit,Food
Credit Card Bill Payment Auto Debit Credit Card Bill Payment,3739.66,8.22701734542771,Large,Auto Debit,Debit,Bills
Indane Gas Auto Debit Indane Gas,2434.27,7.797812912326508,Medium,Auto Debit,Debit,Bills
BookMyShow UPI Payment BookMyShow,149.0,5.0106352940962555,Small,Upi,Debit,Entertainment
Credit Card Bill Payment Net Banking Payment Credit Card Bill Payment,1635.66,7.400412858792405,Medium,Net Banking,Debit,Bills
HP Gas Net Banking Payment HP Gas,720.38,6.581166044214873,Medium,Net Banking,Debit,Bills
Burger King Debit Card Burger King,365.39,5.903698339851107,Small,Debit Card,Debit,Food
Nature's Basket UPI/DR/614345062/Nature's Basket,407.87,6.013397257107531,Small,Upi,Debit,Groceries
Kirana Shop UPI/Kirana Shop,45.82,3.846310462062765,Small,Upi,Debit,Other
Credit Card Bill Payment Net Banking Payment Credit Card Bill Payment,1227.02,7.113158395219413,Medium,Net Banking,Debit,Bills
Indian Oil Debit Card Indian Oil,1595.46,7.375543957033568,Medium,Debit Card,Debit,Fuel
Unknown Merchant Debit Card Unknown Merchant,855.88,6.753297885456374,Medium,Debit Card,Debit,Other
Jio Fiber UPI/Jio Fiber,4846.03,8.486121425221723,Large,Upi,Debit,Bills
Zepto UPI/DR/641051458/Zepto,655.84,6.487440457623637,Small,Upi,Debit,Groceries
Indian Oil UPI/Indian Oil,3707.69,8.218433993516634,Large,Upi,Debit,Fuel
Social UPI/Paytm/Social,1420.39,7.259390545050754,Medium,Upi,Debit,Food
Naturals Salon UPI/Naturals Salon,88.18,4.49065679919933,Small,Upi,Debit,Miscellaneous
Tea Stall Cash Withdrawal ATM,123.68,4.825750454899136,Small,Cash Withdrawal,Debit,Other
Kirana Shop UPI/Kirana Shop,2235.96,7.712873080239515,Medium,Upi,Debit,Other
Uber UPI/Uber,81.73,4.415582293202092,Small,Upi,Debit,Miscellaneous
Meesho POS Purchase Meesho,1842.74,7.519551396344608,Medium,Credit Card,Debit,Shopping
Municipal Water Department Auto Debit Municipal Water Department,3747.9,8.229217742600486,Large,Auto Debit,Debit,Bills
Indian Oil UPI/Indian Oil,3039.27,8.019701606245853,Large,Upi,Debit,Fuel
Airtel Auto Debit Airtel,403.48,6.002602291518438,Small,Auto Debit,Debit,Bills
Ace Hardware India Cash Withdrawal ATM,409.67,6.017789972275531,Small,Cash Withdrawal,Debit,Miscellaneous
HP Gas Auto Debit HP Gas,4131.23,8.32657249180753,Large,Auto Debit,Debit,Bills
Amazon India POS Purchase Amazon India,288.0,5.666426688112432,Small,Credit Card,Debit,Shopping
BigBasket UPI/DR/397302928/BigBasket,975.6,6.88407715162756,Medium,Upi,Debit,Groceries
Domino's India UPI/Paytm/Domino's India,236.72,5.47109351049846,Small,Upi,Debit,Food
BPCL Debit Card BPCL,3585.23,8.184856790423977,Large,Debit Card,Debit,Fuel
Credit Card Bill Payment Net Banking Payment Credit Card Bill Payment,1917.57,7.559335395860055,Medium,Net Banking,Debit,Bills
Airtel Auto Debit Airtel,3168.78,8.061417463832075,Large,Auto Debit,Debit,Bills
Flipkart UPI Payment Flipkart,288.0,5.666426688112432,Small,Upi,Debit,Shopping
Spotify Auto Debit Spotify Subscription,225.39,5.422259175742214,Small,Auto Debit,Debit,Subscription
Airtel Auto Debit Airtel,3492.03,8.158524833375733,Large,Auto Debit,Debit,Bills
House Rent Payment IMPS Rent Payment,8423.9,9.038946885713917,Large,Imps,Debit,Rent
Ajio UPI Payment Ajio,1620.18,7.390909558137224,Medium,Upi,Debit,Shopping
BSNL Auto Debit BSNL,2980.17,8.000071119895052,Large,Auto Debit,Debit,Bills
Bharat Gas UPI/Bharat Gas,3003.78,8.007959632974753,Large,Upi,Debit,Bills
House Rent Payment NEFT Rent Payment,8441.21,9.040999401654942,Large,Neft,Debit,Rent
Blinkit Debit Card Blinkit,300.0,5.707110264748875,Small,Debit Card,Debit,Groceries
Netflix Auto Debit Netflix Subscription,175.93,5.175754174124911,Small,Auto Debit,Debit,Subscription
HP Gas Auto Debit HP Gas,1887.9,7.543749928037774,Medium,Auto Debit,Debit,Bills
McDonald's India Debit Card McDonald's India,116.0,4.762173934797756,Small,Debit Card,Debit,Food
Bharat Gas UPI/Bharat Gas,2537.97,7.83951376595941,Medium,Upi,Debit,Bills
Street Vendor UPI/Street Vendor,167.21,5.125213198803691,Small,Upi,Debit,Other
Disney+ Hotstar Auto Debit Disney+ Hotstar Subscription,149.0,5.0106352940962555,Small,Auto Debit,Debit,Subscription
Domino's India UPI/Paytm/Domino's India,205.3,5.329331420077207,Small,Upi,Debit,Food
Reliance Fresh POS Purchase Reliance Fresh,614.49,6.422418698538829,Small,Credit Card,Debit,Groceries
BEST Auto Debit BEST,337.64,5.824937596212668,Small,Auto Debit,Debit,Bills
Misc Vendor UPI/Misc Vendor,703.43,6.557388965152966,Medium,Upi,Debit,Other
DMart UPI/DR/932010779/DMart,864.98,6.7638618136075275,Medium,Upi,Debit,Groceries
McDonald's India Debit Card McDonald's India,490.45,6.197360205012639,Small,Debit Card,Debit,Food
Swiggy POS Purchase Swiggy,116.0,4.762173934797756,Small,Credit Card,Debit,Food
Employer Salary Credit NEFT Salary Credit,48070.6,10.78044684512709,Large,Neft,Credit,Salary
Credit Card Bill Payment Auto Debit Credit Card Bill Payment,1697.05,7.437235812845294,Medium,Auto Debit,Debit,Bills
Netflix Auto Debit Netflix Subscription,380.44,5.943953564436931,Small,Auto Debit,Debit,Subscription
BookMyShow UPI Payment BookMyShow,429.07,6.063947986136315,Small,Upi,Debit,Entertainment
Credit Card Bill Payment Auto Debit Credit Card Bill Payment,234.5,5.461710913456472,Small,Auto Debit,Debit,Bills
Credit Card Bill Payment Net Banking Payment Credit Card Bill Payment,831.69,6.724661424042727,Medium,Net Banking,Debit,Bills
Local Hardware Store POS Purchase Local Hardware Store,150.66,5.02164117327279,Small,Credit Card,Debit,Miscellaneous
Jio Fiber Auto Debit Jio Fiber,1362.55,7.217846871947003,Medium,Auto Debit,Debit,Bills
Jio Auto Debit Jio,1523.77,7.3295988579949505,Medium,Auto Debit,Debit,Bills
Credit Card Bill Payment Net Banking Payment Credit Card Bill Payment,319.41,5.769601425693419,Small,Net Banking,Debit,Bills
Ajio POS Purchase Ajio,288.0,5.666426688112432,Small,Credit Card,Debit,Shopping
The Beer Cafe UPI/Paytm/The Beer Cafe,237.02,5.472354703754294,Small,Upi,Debit,Food
Credit Card Bill Payment Auto Debit Credit Card Bill Payment,997.5,6.90625415285587,Medium,Auto Debit,Debit,Bills
Local Wine & Beer Shop UPI/Paytm/Local Wine & Beer Shop,116.0,4.762173934797756,Small,Upi,Debit,Food
Municipal Water Department Net Banking Payment Municipal Water Department,1601.11,7.379076789440816,Medium,Net Banking,Debit,Bills
Nature's Basket Debit Card Nature's Basket,1147.5,7.046212022129153,Medium,Debit Card,Debit,Groceries
BEST Net Banking Payment BEST,787.9,6.670639570101044,Medium,Net Banking,Debit,Bills
Kirana Shop UPI/Kirana Shop,1842.15,7.519231343397524,Medium,Upi,Debit,Other
Municipal Water Department Auto Debit Municipal Water Department,918.19,6.8234928474501295,Medium,Auto Debit,Debit,Bills
Municipal Water Department Net Banking Payment Municipal Water Department,1344.72,7.204684464790581,Medium,Net Banking,Debit,Bills
Employer Salary Credit NEFT Salary Credit,45805.96,10.732191323622258,Large,Neft,Credit,Salary
General Store UPI/General Store,1695.79,7.436493509786619,Medium,Upi,Debit,Other
Cafe Coffee Day UPI/Paytm/Cafe Coffee Day,504.5,6.225548038460526,Small,Upi,Debit,Food
Credit Card Bill Payment Net Banking Payment Credit Card Bill Payment,213.6,5.368775830196598,Small,Net Banking,Debit,Bills
KFC India UPI/Paytm/KFC India,684.16,6.529652387629784,Medium,Upi,Debit,Food
Cafe Coffee Day POS Purchase Cafe Coffee Day,2053.09,7.6275882064711205,Medium,Credit Card,Debit,Food
Credit Card Bill Payment Auto Debit Credit Card Bill Payment,739.76,6.6076766861938045,Medium,Auto Debit,Debit,Bills
Domino's India Debit Card Domino's India,1345.3,7.205115367985189,Medium,Debit Card,Debit,Food
Municipal Water Department Auto Debit Municipal Water Department,591.32,6.384047029385132,Small,Auto Debit,Debit,Bills
Credit Card Bill Payment Net Banking Payment Credit Card Bill Payment,187.0,5.236441962829949,Small,Net Banking,Debit,Bills
Apollo Pharmacy UPI/Apollo Pharmacy,1260.27,7.139874428826533,Medium,Upi,Debit,Miscellaneous
Cafe Coffee Day POS Purchase Cafe Coffee Day,526.8,6.268717424069224,Small,Credit Card,Debit,Food
Street Vendor UPI/Street Vendor,157.47,5.065565300954717,Small,Upi,Debit,Other
IRCTC UPI/IRCTC,1321.61,7.187362336076942,Medium,Upi,Debit,Miscellaneous
House Rent Payment NEFT Rent Payment,42775.53,10.663744866677114,Large,Neft,Debit,Rent
BookMyShow UPI Payment BookMyShow,324.82,5.786345081638023,Small,Upi,Debit,Entertainment
Myntra UPI Payment Myntra,5505.56,8.6136953877592,Large,Upi,Debit,Shopping
Municipal Water Department Net Banking Payment Municipal Water Department,541.39,6.295985299878059,Small,Net Banking,Debit,Bills
BookMyShow Debit Card BookMyShow,263.45,5.577652197511989,Small,Debit Card,Debit,Entertainment
Reliance Fresh UPI/DR/256980036/Reliance Fresh,892.33,6.794956053486548,Medium,Upi,Debit,Groceries
Credit Card Bill Payment Net Banking Payment Credit Card Bill Payment,2965.1,7.995003237571197,Large,Net Banking,Debit,Bills
Vegetable Market UPI/Vegetable Market,306.58,5.728735216011778,Small,Upi,Debit,Other
House Rent Payment NEFT Rent Payment,33223.2,10.411033805037233,Large,Neft,Debit,Rent
Spotify Auto Debit Spotify Subscription,440.41,6.089974148754049,Small,Auto Debit,Debit,Subscription
Mobile Repair UPI/Mobile Repair,730.58,6.595206578800228,Medium,Upi,Debit,Other
House Rent Payment IMPS Rent Payment,35646.96,10.481447201203741,Large,Imps,Debit,Rent
KFC India UPI/Paytm/KFC India,541.01,6.295284451453946,Small,Upi,Debit,Food
Bakery UPI/Bakery,318.03,5.765285142250143,Small,Upi,Debit,Other
Tea Stall UPI/Tea Stall,57.16,4.063197833225264,Small,Upi,Debit,Other
BPCL UPI/BPCL,2459.33,7.808050766271056,Medium,Upi,Debit,Fuel
BEST Auto Debit BEST,3616.8,8.193621385267535,Large,Auto Debit,Debit,Bills
Bharat Gas Auto Debit Bharat Gas,1840.46,7.518314014226453,Medium,Auto Debit,Debit,Bills
Street Vendor UPI/Street Vendor,107.68,4.688407784558147,Small,Upi,Debit,Other
Local Services UPI/Local Services,400.75,5.995830004617622,Small,Upi,Debit,Other
Tea Stall UPI/Tea Stall,33.51,3.541249137109912,Small,Upi,Debit,Other
Ajio POS Purchase Ajio,288.0,5.666426688112432,Small,Credit Card,Debit,Shopping
BPCL Debit Card BPCL,3666.89,8.2073718438318,Large,Debit Card,Debit,Fuel
Domino's India UPI/Paytm/Domino's India,217.39,5.386282455276681,Small,Upi,Debit,Food
Bharat Gas Net Banking Payment Bharat Gas,537.83,6.28940012227348,Small,Net Banking,Debit,Bills
BigBasket Debit Card BigBasket,1304.04,7.173988970628047,Medium,Debit Card,Debit,Groceries
Third Wave Coffee Debit Card Third Wave Coffee,116.0,4.762173934797756,Small,Debit Card,Debit,Food
Jio Auto Debit Jio,599.24,6.397329575237474,Small,Auto Debit,Debit,Bills
Reliance Fresh Debit Card Reliance Fresh,880.71,6.781863203754876,Medium,Debit Card,Debit,Groceries
Flower Shop Cash Withdrawal ATM,330.97,5.805044603387864,Small,Cash Withdrawal,Debit,Other
KFC India UPI/Paytm/KFC India,139.34,4.944068049824143,Small,Upi,Debit,Food
Indian Oil Debit Card Indian Oil,3687.86,8.213072746212394,Large,Debit Card,Debit,Fuel
Credit Card Bill Payment UPI/Credit Card Bill Payment,644.11,6.469420844890689,Small,Upi,Debit,Bills
Credit Card Bill Payment Auto Debit Credit Card Bill Payment,804.79,6.691823162652939,Medium,Auto Debit,Debit,Bills
Zepto UPI/DR/711392447/Zepto,403.3,6.002157176646725,Small,Upi,Debit,Groceries
Spotify Auto Debit Spotify Subscription,294.24,5.687788584901852,Small,Auto Debit,Debit,Subscription
Cafe Coffee Day Debit Card Cafe Coffee Day,2137.1,7.667672863175935,Medium,Debit Card,Debit,Food
Nature's Basket POS Purchase Nature's Basket,916.82,6.822001292963229,Medium,Credit Card,Debit,Groceries
Nature's Basket POS Purchase Nature's Basket,1013.36,6.922013150728836,Medium,Credit Card,Debit,Groceries
BookMyShow UPI Payment BookMyShow,397.65,5.988083838948504,Small,Upi,Debit,Entertainment
HDFC Ergo Auto Debit HDFC Ergo Insurance Premium,7990.0,8.986071187374463,Large,Auto Debit,Debit,Insurance
Nature's Basket POS Purchase Nature's Basket,500.52,6.217643486965713,Small,Credit Card,Debit,Groceries
Bajaj Allianz Net Banking Payment Bajaj Allianz Insurance Premium,8042.74,8.992649428142421,Large,Net Banking,Debit,Insurance
DMart UPI/DR/203032434/DMart,746.38,6.616573757260643,Medium,Upi,Debit,Groceries
Adani Electricity Auto Debit Adani Electricity,2487.15,7.819294741430806,Medium,Auto Debit,Debit,Bills
Zomato POS Purchase Zomato,434.43,6.0763340485857364,Small,Credit Card,Debit,Food
HPCL Cash Withdrawal ATM,2118.4,7.658888308740735,Medium,Cash Withdrawal,Debit,Fuel
Misc Vendor UPI/Misc Vendor,910.47,6.81505868079595,Medium,Upi,Debit,Other
Amazon Prime UPI/Amazon Prime,683.41,6.528557153249692,Medium,Upi,Debit,Subscription
Credit Card Bill Payment Net Banking Payment Credit Card Bill Payment,2969.84,7.996600020091194,Large,Net Banking,Debit,Bills
BigBasket POS Purchase BigBasket,300.0,5.707110264748875,Small,Credit Card,Debit,Groceries
Nature's Basket POS Purchase Nature's Basket,414.11,6.028543545349403,Small,Credit Card,Debit,Groceries
BookMyShow Debit Card BookMyShow,362.25,5.895091302450393,Small,Debit Card,Debit,Entertainment
Misc Vendor UPI/Misc Vendor,1627.76,7.395574268097874,Medium,Upi,Debit,Other
Ace Hardware India UPI/Ace Hardware India,589.37,6.380749458987108,Small,Upi,Debit,Miscellaneous
Amazon India POS Purchase Amazon India,4699.21,8.455362467551055,Large,Credit Card,Debit,Shopping
Chaayos Debit Card Chaayos,1194.1,7.085985142872835,Medium,Debit Card,Debit,Food
DMart Debit Card DMart,1316.85,7.183756899784526,Medium,Debit Card,Debit,Groceries
Credit Card Bill Payment Auto Debit Credit Card Bill Payment,4056.12,8.308228641275297,Large,Auto Debit,Debit,Bills
Credit Card Bill Payment Auto Debit Credit Card Bill Payment,2096.43,7.648468064721298,Medium,Auto Debit,Debit,Bills
Credit Card Bill Payment Auto Debit Credit Card Bill Payment,676.18,6.517937116450151,Medium,Auto Debit,Debit,Bills
BookMyShow Debit Card BookMyShow,527.42,6.269891422045423,Small,Debit Card,Debit,Entertainment
Cafe Coffee Day UPI/Paytm/Cafe Coffee Day,139.18,4.942927311072179,Small,Upi,Debit,Food
Naturals Salon UPI/Naturals Salon,426.38,6.057673547218317,Small,Upi,Debit,Miscellaneous
Reliance Fresh Debit Card Reliance Fresh,673.77,6.514371892066472,Medium,Debit Card,Debit,Groceries
Domino's India UPI/Paytm/Domino's India,2990.0,8.003363058629947,Large,Upi,Debit,Food
BPCL UPI/BPCL,2020.3,7.611496147752952,Medium,Upi,Debit,Fuel
Ace Hardware India Debit Card Ace Hardware India,1477.67,7.298898314082745,Medium,Debit Card,Debit,Miscellaneous
Indian Oil UPI/Indian Oil,2129.05,7.66390073260636,Medium,Upi,Debit,Fuel
BPCL UPI/BPCL,2925.49,7.981559031674353,Large,Upi,Debit,Fuel
Local Hardware Store UPI/Local Hardware Store,5398.69,8.59409682349709,Large,Upi,Debit,Miscellaneous
Spotify Auto Debit Spotify Subscription,850.0,6.7464121285733745,Medium,Auto Debit,Debit,Subscription
Municipal Water Department Net Banking Payment Municipal Water Department,1855.72,7.526566769154839,Medium,Net Banking,Debit,Bills
Tata Power Net Banking Payment Tata Power,1479.86,7.3003782790770035,Medium,Net Banking,Debit,Bills
Starbucks India POS Purchase Starbucks India,116.0,4.762173934797756,Small,Credit Card,Debit,Food
Swiggy UPI/Paytm/Swiggy,116.0,4.762173934797756,Small,Upi,Debit,Food
Tata Power Net Banking Payment Tata Power,1846.37,7.521518284988006,Medium,Net Banking,Debit,Bills
Bakery UPI/Bakery,44.92,3.826900752011311,Small,Upi,Debit,Other
Credit Card Bill Payment UPI/Credit Card Bill Payment,4103.21,8.31976855513213,Large,Upi,Debit,Bills
Burger King POS Purchase Burger King,116.0,4.762173934797756,Small,Credit Card,Debit,Food
Domino's India UPI/Paytm/Domino's India,194.67,5.276429566790007,Small,Upi,Debit,Food
Swiggy UPI/Paytm/Swiggy,116.0,4.762173934797756,Small,Upi,Debit,Food
Swiggy UPI/Paytm/Swiggy,116.0,4.762173934797756,Small,Upi,Debit,Food
BSNL Net Banking Payment BSNL,2183.78,7.689270415961609,Medium,Net Banking,Debit,Bills
HPCL UPI/HPCL,2437.52,7.799146576879852,Medium,Upi,Debit,Fuel
Reliance Fresh Debit Card Reliance Fresh,1477.89,7.299047085367457,Medium,Debit Card,Debit,Groceries
Kirana Shop UPI/Kirana Shop,934.51,6.841091835127884,Medium,Upi,Debit,Other
Airtel Auto Debit Airtel,1309.1,7.177858749159625,Medium,Auto Debit,Debit,Bills
Laundry UPI/Laundry,1381.67,7.231771691478788,Medium,Upi,Debit,Other
Airtel UPI/Airtel,2166.55,7.681352776439383,Medium,Upi,Debit,Bills
Jio Auto Debit Jio,2426.95,7.794802558886624,Medium,Auto Debit,Debit,Bills
HDFC Ergo Auto Debit HDFC Ergo Insurance Premium,8577.76,9.057044659893155,Large,Auto Debit,Debit,Insurance
Spotify Auto Debit Spotify Subscription,243.74,5.500196422557522,Small,Auto Debit,Debit,Subscription
Burger King Debit Card Burger King,1176.78,7.071386589554612,Medium,Debit Card,Debit,Food
Airtel Net Banking Payment Airtel,2116.97,7.658213361755088,Medium,Net Banking,Debit,Bills
Tata Power Auto Debit Tata Power,3938.0,8.278682162970906,Large,Auto Debit,Debit,Bills
Lakme Salon UPI/Lakme Salon,789.58,6.672766853300004,Medium,Upi,Debit,Miscellaneous
Blinkit Debit Card Blinkit,836.34,6.730230200671724,Medium,Debit Card,Debit,Groceries
IRCTC POS Purchase IRCTC,336.88,5.822690802859296,Small,Credit Card,Debit,Miscellaneous
Amazon India POS Purchase Amazon India,5588.54,8.628652272959933,Large,Credit Card,Debit,Shopping
Disney+ Hotstar Auto Debit Disney+ Hotstar Subscription,309.9,5.739471317064708,Small,Auto Debit,Debit,Subscription
HPCL Debit Card HPCL,2751.95,7.920428342972591,Large,Debit Card,Debit,Fuel
Jio Fiber Net Banking Payment Jio Fiber,1344.71,7.204677033796648,Medium,Net Banking,Debit,Bills
LIC Net Banking Payment LIC Insurance Premium,8133.63,9.00388553613568,Large,Net Banking,Debit,Insurance
Blinkit Debit Card Blinkit,578.17,6.361596044149959,Small,Debit Card,Debit,Groceries
BookMyShow UPI Payment BookMyShow,253.31,5.5385539952884235,Small,Upi,Debit,Entertainment
Meesho UPI Payment Meesho,288.0,5.666426688112432,Small,Upi,Debit,Shopping
Rapido Debit Card Rapido,751.46,6.623347839064014,Medium,Debit Card,Debit,Miscellaneous
Airtel Auto Debit Airtel,4787.86,8.474047666254826,Large,Auto Debit,Debit,Bills
Adani Electricity UPI/Adani Electricity,2954.19,7.991318225573522,Large,Upi,Debit,Bills
Misc Vendor UPI/Misc Vendor,1847.06,7.521891719207038,Medium,Upi,Debit,Other
Third Wave Coffee UPI/Paytm/Third Wave Coffee,1194.96,7.086704489135233,Medium,Upi,Debit,Food
Credit Card Bill Payment Auto Debit Credit Card Bill Payment,2435.51,7.798321966523035,Medium,Auto Debit,Debit,Bills
Zepto UPI/DR/702859986/Zepto,714.09,6.572408408898399,Medium,Upi,Debit,Groceries
Airtel Net Banking Payment Airtel,3994.74,8.292984072586556,Large,Net Banking,Debit,Bills
Local Store UPI/Local Store,143.57,4.973763819320351,Small,Upi,Debit,Other
Blinkit UPI/DR/347332488/Blinkit,300.0,5.707110264748875,Small,Upi,Debit,Groceries
BEST Auto Debit BEST,1201.81,7.092415765013967,Medium,Auto Debit,Debit,Bills
Adani Electricity UPI/Adani Electricity,3002.16,8.007420346617279,Large,Upi,Debit,Bills
Nykaa POS Purchase Nykaa,6192.83,8.731308914241101,Large,Credit Card,Debit,Shopping
Indian Oil Debit Card Indian Oil,3048.29,8.022664055617138,Large,Debit Card,Debit,Fuel
Zepto POS Purchase Zepto,2058.92,7.630422426078074,Medium,Credit Card,Debit,Groceries
House Rent Payment IMPS Rent Payment,8298.96,9.024005974495967,Large,Imps,Debit,Rent
Credit Card Bill Payment Auto Debit Credit Card Bill Payment,1527.21,7.331852394838176,Medium,Auto Debit,Debit,Bills
Credit Card Bill Payment Auto Debit Credit Card Bill Payment,8910.56,9.095104589314493,Large,Auto Debit,Debit,Bills
HPCL UPI/HPCL,2527.04,7.835199577926379,Medium,Upi,Debit,Fuel
BPCL UPI/BPCL,3381.51,8.126373316433773,Large,Upi,Debit,Fuel
Amazon India Debit Card Amazon India,493.23,6.203000995880439,Small,Debit Card,Debit,Shopping
Reliance Fresh UPI/DR/704177085/Reliance Fresh,300.0,5.707110264748875,Small,Upi,Debit,Groceries
Domino's India UPI/Paytm/Domino's India,720.99,6.582011288381396,Medium,Upi,Debit,Food
Nature's Basket Debit Card Nature's Basket,1658.96,7.414548784674724,Medium,Debit Card,Debit,Groceries
Credit Card Bill Payment Net Banking Payment Credit Card Bill Payment,3223.38,8.07849596268583,Large,Net Banking,Debit,Bills
Credit Card Bill Payment UPI/Credit Card Bill Payment,2288.68,7.7361673487927565,Medium,Upi,Debit,Bills
BookMyShow POS Purchase BookMyShow,310.27,5.740660702742636,Small,Credit Card,Debit,Entertainment
Tata Power Auto Debit Tata Power,910.52,6.815113535732086,Medium,Auto Debit,Debit,Bills
Swiggy UPI/Paytm/Swiggy,504.34,6.225231470059323,Small,Upi,Debit,Food
KFC India UPI/Paytm/KFC India,116.0,4.762173934797756,Small,Upi,Debit,Food
Bakery UPI/Bakery,480.08,6.176033576442416,Small,Upi,Debit,Other
McDonald's India UPI/Paytm/McDonald's India,1781.11,7.485553334520698,Medium,Upi,Debit,Food
Flipkart POS Purchase Flipkart,340.03,5.831970449953397,Small,Credit Card,Debit,Shopping
Amazon India POS Purchase Amazon India,288.0,5.666426688112432,Small,Credit Card,Debit,Shopping
HDFC Ergo Net Banking Payment HDFC Ergo Insurance Premium,8182.07,9.009822664810725,Large,Net Banking,Debit,Insurance
Zepto Debit Card Zepto,1185.81,7.0790243144007166,Medium,Debit Card,Debit,Groceries
Credit Card Bill Payment Auto Debit Credit Card Bill Payment,1258.47,7.138446276533204,Medium,Auto Debit,Debit,Bills
Flower Shop UPI/Flower Shop,209.63,5.3501030396972675,Small,Upi,Debit,Other
Indian Oil Debit Card Indian Oil,3105.63,8.04129381636677,Large,Debit Card,Debit,Fuel
Bharat Gas Auto Debit Bharat Gas,1943.03,7.572518417000076,Medium,Auto Debit,Debit,Bills
BigBasket UPI/DR/790844104/BigBasket,1083.32,6.988708341387802,Medium,Upi,Debit,Groceries
Reliance Fresh POS Purchase Reliance Fresh,983.7,6.892337026253756,Medium,Credit Card,Debit,Groceries
Street Vendor Cash Withdrawal ATM,229.69,5.441074817902994,Small,Cash Withdrawal,Debit,Other
Zepto Debit Card Zepto,812.88,6.701812934987702,Medium,Debit Card,Debit,Groceries
Tea Stall UPI/Tea Stall,49.78,3.9275025762765323,Small,Upi,Debit,Other
House Rent Payment IMPS Rent Payment,7542.54,8.92844684684445,Large,Imps,Debit,Rent
Jio Auto Debit Jio,741.34,6.609807359240445,Medium,Auto Debit,Debit,Bills
Burger King Debit Card Burger King,240.51,5.48691088010284,Small,Debit Card,Debit,Food
Airtel Net Banking Payment Airtel,1408.91,7.251281151547772,Medium,Net Banking,Debit,Bills
DMart UPI/DR/748758323/DMart,810.77,6.699217048806944,Medium,Upi,Debit,Groceries
BSNL Auto Debit BSNL,1106.25,7.009634742803308,Medium,Auto Debit,Debit,Bills
McDonald's India Debit Card McDonald's India,116.0,4.762173934797756,Small,Debit Card,Debit,Food
Chaayos POS Purchase Chaayos,517.83,6.251576276522179,Small,Credit Card,Debit,Food
Bajaj Allianz Auto Debit Bajaj Allianz Insurance Premium,7990.0,8.986071187374463,Large,Auto Debit,Debit,Insurance
Rapido Debit Card Rapido,2812.02,7.94201391831172,Large,Debit Card,Debit,Miscellaneous
Social UPI/Paytm/Social,116.0,4.762173934797756,Small,Upi,Debit,Food
Blinkit Debit Card Blinkit,300.0,5.707110264748875,Small,Debit Card,Debit,Groceries
Rapido POS Purchase Rapido,4321.59,8.371610038624665,Large,Credit Card,Debit,Miscellaneous
Blinkit UPI/DR/358655621/Blinkit,857.23,6.754872128832953,Medium,Upi,Debit,Groceries
Swiggy UPI/Paytm/Swiggy,341.85,5.837293033730374,Small,Upi,Debit,Food
EatClub UPI/Paytm/EatClub,2611.07,7.867898289424667,Medium,Upi,Debit,Food
Cafe Coffee Day UPI/Paytm/Cafe Coffee Day,185.54,5.228645693298717,Small,Upi,Debit,Food
Employer Salary Credit NEFT Salary Credit,53993.7,10.896641172581418,Large,Neft,Credit,Salary
Local Wine & Beer Shop UPI/Paytm/Local Wine & Beer Shop,116.0,4.762173934797756,Small,Upi,Debit,Food
Local Wine & Beer Shop UPI/Paytm/Local Wine & Beer Shop,442.87,6.095531726767254,Small,Upi,Debit,Food
Credit Card Bill Payment UPI/Credit Card Bill Payment,782.2,6.663388091216301,Medium,Upi,Debit,Bills
Social UPI/Paytm/Social,234.97,5.463704678301283,Small,Upi,Debit,Food
Jio Auto Debit Jio,7454.14,8.916659006365233,Large,Auto Debit,Debit,Bills
Tata Play Auto Debit Tata Play Subscription,149.0,5.0106352940962555,Small,Auto Debit,Debit,Subscription
BookMyShow UPI Payment BookMyShow,363.13,5.897510946733554,Small,Upi,Debit,Entertainment
DMart UPI/DR/959922040/DMart,1031.74,6.939970743344495,Medium,Upi,Debit,Groceries
Adani Electricity Net Banking Payment Adani Electricity,6668.1,8.805240197271724,Large,Net Banking,Debit,Bills
HP Gas Auto Debit HP Gas,5861.25,8.676288767922015,Large,Auto Debit,Debit,Bills
Tata Play Auto Debit Tata Play Subscription,152.37,5.032853302662689,Small,Auto Debit,Debit,Subscription
Swiggy UPI/Paytm/Swiggy,116.0,4.762173934797756,Small,Upi,Debit,Food
House Rent Payment IMPS Rent Payment,42382.94,10.65452479588231,Large,Imps,Debit,Rent
Faasos UPI/Paytm/Faasos,352.93,5.8690991534676265,Small,Upi,Debit,Food
Unknown Merchant UPI/Unknown Merchant,694.54,6.544688522290589,Medium,Upi,Debit,Other
Credit Card Bill Payment Auto Debit Credit Card Bill Payment,626.15,6.441185746470683,Small,Auto Debit,Debit,Bills
Jio Net Banking Payment Jio,1500.38,7.314139964149685,Medium,Net Banking,Debit,Bills
DMart UPI/DR/958628444/DMart,1234.5,7.119231025428665,Medium,Upi,Debit,Groceries
Zepto UPI/DR/895583423/Zepto,1550.31,7.346855014255916,Medium,Upi,Debit,Groceries
Uber Cash Withdrawal ATM,65.52,4.197502654324727,Small,Cash Withdrawal,Debit,Miscellaneous
Credit Card Bill Payment Auto Debit Credit Card Bill Payment,4893.16,8.495797936561793,Large,Auto Debit,Debit,Bills
Credit Card Bill Payment Auto Debit Credit Card Bill Payment,4224.36,8.348859743261947,Large,Auto Debit,Debit,Bills
Vegetable Market UPI/Vegetable Market,334.89,5.81678372540998,Small,Upi,Debit,Other
Credit Card Bill Payment Auto Debit Credit Card Bill Payment,1922.02,7.5616521459507124,Medium,Auto Debit,Debit,Bills
Domino's India POS Purchase Domino's India,342.63,5.839565497125275,Small,Credit Card,Debit,Food
Indian Oil Debit Card Indian Oil,1974.23,7.588440126250987,Medium,Debit Card,Debit,Fuel
Local Wine & Beer Shop POS Purchase Local Wine & Beer Shop,547.77,6.307679410194473,Small,Credit Card,Debit,Food
Jio Fiber Auto Debit Jio Fiber,258.05,5.557021093260797,Small,Auto Debit,Debit,Bills
House Rent Payment NEFT Rent Payment,7601.0,8.936166649549195,Large,Neft,Debit,Rent
BPCL UPI/BPCL,3036.7,8.018855929102607,Large,Upi,Debit,Fuel
Credit Card Bill Payment Auto Debit Credit Card Bill Payment,187.0,5.236441962829949,Small,Auto Debit,Debit,Bills
Adani Electricity Auto Debit Adani Electricity,1435.57,7.27001360678309,Medium,Auto Debit,Debit,Bills
Jio Auto Debit Jio,230.35,5.443931715353009,Small,Auto Debit,Debit,Bills
Credit Card Bill Payment Auto Debit Credit Card Bill Payment,4353.92,8.379061519427866,Large,Auto Debit,Debit,Bills
Zomato UPI/Paytm/Zomato,605.95,6.408446415343812,Small,Upi,Debit,Food
Uber POS Purchase Uber,566.93,6.341998171689928,Small,Credit Card,Debit,Miscellaneous
Credit Card Bill Payment Auto Debit Credit Card Bill Payment,2319.46,7.749520720868364,Medium,Auto Debit,Debit,Bills
Cafe Coffee Day UPI/Paytm/Cafe Coffee Day,954.26,6.861983554735969,Medium,Upi,Debit,Food
Vegetable Market UPI/Vegetable Market,476.73,6.169045719345101,Small,Upi,Debit,Other
Local Services UPI/Local Services,1993.85,7.598324138527282,Medium,Upi,Debit,Other
Domino's India UPI/Paytm/Domino's India,116.0,4.762173934797756,Small,Upi,Debit,Food
Ajio POS Purchase Ajio,288.0,5.666426688112432,Small,Credit Card,Debit,Shopping
Starbucks India POS Purchase Starbucks India,864.58,6.763399802464841,Medium,Credit Card,Debit,Food
Jio Fiber Net Banking Payment Jio Fiber,957.51,6.865379995399455,Medium,Net Banking,Debit,Bills
Credit Card Bill Payment Net Banking Payment Credit Card Bill Payment,1920.7,7.560965489938382,Medium,Net Banking,Debit,Bills
The Beer Cafe UPI/Paytm/The Beer Cafe,116.0,4.762173934797756,Small,Upi,Debit,Food
Burger King UPI/Paytm/Burger King,1103.26,7.006930706355939,Medium,Upi,Debit,Food
Apollo Pharmacy POS Purchase Apollo Pharmacy,470.26,6.155409958696227,Small,Credit Card,Debit,Miscellaneous
Domino's India Debit Card Domino's India,992.92,6.9016567205202675,Medium,Debit Card,Debit,Food
Indane Gas Auto Debit Indane Gas,1048.49,6.9560596108684605,Medium,Auto Debit,Debit,Bills
Airtel UPI/Airtel,2215.6,7.703729769341552,Medium,Upi,Debit,Bills
Bakery UPI/Bakery,439.17,6.0871610159294605,Small,Upi,Debit,Other
Bharat Gas UPI/Bharat Gas,3557.66,8.177139348493741,Large,Upi,Debit,Bills
KFC India Debit Card KFC India,431.23,6.068957853972979,Small,Debit Card,Debit,Food
DMart POS Purchase DMart,1299.9,7.170811611607514,Medium,Credit Card,Debit,Groceries
General Store Debit Card General Store,90.46,4.515901718229909,Small,Debit Card,Debit,Other
Ajio UPI Payment Ajio,3838.33,8.253053151191846,Large,Upi,Debit,Shopping
Blinkit Debit Card Blinkit,643.47,6.468428273584459,Small,Debit Card,Debit,Groceries
Credit Card Bill Payment Net Banking Payment Credit Card Bill Payment,3037.99,8.019280502355276,Large,Net Banking,Debit,Bills
Credit Card Bill Payment Net Banking Payment Credit Card Bill Payment,4211.91,8.345908899301275,Large,Net Banking,Debit,Bills
Zepto UPI/DR/944552318/Zepto,1077.92,6.983715819784682,Medium,Upi,Debit,Groceries
Employer Salary Credit NEFT Salary Credit,48563.74,10.790653032172353,Large,Neft,Credit,Salary
Airtel UPI/Airtel,4028.97,8.301514210744287,Large,Upi,Debit,Bills
BEST Auto Debit BEST,13326.76,9.497604357041611,Large,Auto Debit,Debit,Bills
BigBasket UPI/DR/935327024/BigBasket,1208.95,7.098334315422947,Medium,Upi,Debit,Groceries
Indian Oil Debit Card Indian Oil,3464.06,8.1504852274914,Large,Debit Card,Debit,Fuel
Jio Net Banking Payment Jio,6143.15,8.72325568859199,Large,Net Banking,Debit,Bills
Misc Vendor UPI/Misc Vendor,1541.36,7.341068989910041,Medium,Upi,Debit,Other
House Rent Payment IMPS Rent Payment,36214.95,10.497254908509584,Large,Imps,Debit,Rent
Nature's Basket POS Purchase Nature's Basket,662.23,6.4971218380211635,Medium,Credit Card,Debit,Groceries
HP Gas Auto Debit HP Gas,2888.39,7.968800686163148,Large,Auto Debit,Debit,Bills
DMart UPI/DR/852399189/DMart,320.31,5.77240638919802,Small,Upi,Debit,Groceries
KFC India Debit Card KFC India,378.12,5.937852777659333,Small,Debit Card,Debit,Food
Employer Salary Credit NEFT Salary Credit,42163.19,10.649326561578759,Large,Neft,Credit,Salary
Zepto Debit Card Zepto,1260.85,7.140334177082832,Medium,Debit Card,Debit,Groceries
Nature's Basket UPI/DR/676637967/Nature's Basket,300.0,5.707110264748875,Small,Upi,Debit,Groceries
Myntra Debit Card Myntra,288.0,5.666426688112432,Small,Debit Card,Debit,Shopping
BookMyShow UPI Payment BookMyShow,237.41,5.473991880620198,Small,Upi,Debit,Entertainment
Credit Card Bill Payment Auto Debit Credit Card Bill Payment,15356.53,9.639361186479118,Large,Auto Debit,Debit,Bills
Jio Auto Debit Jio,270.5,5.60396213937399,Small,Auto Debit,Debit,Bills
Reliance Fresh Debit Card Reliance Fresh,300.0,5.707110264748875,Small,Debit Card,Debit,Groceries
Domino's India UPI/Paytm/Domino's India,1240.91,7.1244057960996825,Medium,Upi,Debit,Food
Local Store Debit Card Local Store,207.78,5.341281065980152,Small,Debit Card,Debit,Other
Burger King POS Purchase Burger King,550.95,6.313457462464361,Small,Credit Card,Debit,Food
General Store UPI/General Store,1162.32,7.05903326514463,Medium,Upi,Debit,Other
McDonald's India UPI/Paytm/McDonald's India,116.0,4.762173934797756,Small,Upi,Debit,Food
Local Services UPI/Local Services,1104.34,7.007908258931975,Medium,Upi,Debit,Other
Credit Card Bill Payment Auto Debit Credit Card Bill Payment,9335.72,9.141710291815356,Large,Auto Debit,Debit,Bills
Disney+ Hotstar UPI/Disney+ Hotstar,349.22,5.858561528443754,Small,Upi,Debit,Subscription
Laundry Debit Card Laundry,1853.7,7.525478236895241,Medium,Debit Card,Debit,Other
Credit Card Bill Payment Auto Debit Credit Card Bill Payment,2743.92,7.917507209620943,Large,Auto Debit,Debit,Bills
Credit Card Bill Payment Auto Debit Credit Card Bill Payment,1542.39,7.34173657480075,Medium,Auto Debit,Debit,Bills
Swiggy UPI/Paytm/Swiggy,311.96,5.746075386846452,Small,Upi,Debit,Food
Nature's Basket UPI/DR/366544373/Nature's Basket,590.39,6.382475698245996,Small,Upi,Debit,Groceries
Blinkit UPI/DR/376903372/Blinkit,814.29,6.7035438781698735,Medium,Upi,Debit,Groceries
Nature's Basket POS Purchase Nature's Basket,400.82,5.996004227150014,Small,Credit Card,Debit,Groceries
Local Store Debit Card Local Store,678.52,6.521386666564961,Medium,Debit Card,Debit,Other
Airtel UPI/Airtel,2088.89,7.644866711994819,Medium,Upi,Debit,Bills
Zomato UPI/Paytm/Zomato,336.54,5.8216840218083385,Small,Upi,Debit,Food
BigBasket UPI/DR/526439295/BigBasket,1491.49,7.308201145076807,Medium,Upi,Debit,Groceries
Vegetable Market UPI/Vegetable Market,404.52,6.005170194164094,Small,Upi,Debit,Other
HPCL Debit Card HPCL,3629.57,8.197144939725183,Large,Debit Card,Debit,Fuel
BSNL Auto Debit BSNL,6213.83,8.734693650392911,Large,Auto Debit,Debit,Bills
Amazon India POS Purchase Amazon India,9766.42,9.186807636468245,Large,Credit Card,Debit,Shopping
Home Depot India Debit Card Home Depot India,736.02,6.602615028863196,Medium,Debit Card,Debit,Miscellaneous
House Rent Payment IMPS Rent Payment,37323.22,10.527397724667267,Large,Imps,Debit,Rent
Swiggy UPI/Paytm/Swiggy,1389.15,7.237166933971541,Medium,Upi,Debit,Food
BPCL UPI/BPCL,1925.59,7.563506879819032,Medium,Upi,Debit,Fuel
Burger King Debit Card Burger King,270.24,5.603004037815642,Small,Debit Card,Debit,Food
EatClub UPI/Paytm/EatClub,484.37,6.184911486685355,Small,Upi,Debit,Food
HPCL UPI/HPCL,3543.1,8.173039528031177,Large,Upi,Debit,Fuel
Jio Net Banking Payment Jio,3854.75,8.257320819603724,Large,Net Banking,Debit,Bills
BPCL Debit Card BPCL,4777.55,8.471892432186074,Large,Debit Card,Debit,Fuel
Blinkit UPI/DR/327350811/Blinkit,770.03,6.647727283312172,Medium,Upi,Debit,Groceries
BookMyShow Debit Card BookMyShow,258.06,5.55705969510211,Small,Debit Card,Debit,Entertainment
Indian Oil Debit Card Indian Oil,3077.33,8.03214252112761,Large,Debit Card,Debit,Fuel
Jio Net Banking Payment Jio,2679.42,7.893728777644077,Large,Net Banking,Debit,Bills
Flipkart UPI Payment Flipkart,288.0,5.666426688112432,Small,Upi,Debit,Shopping
Tea Stall UPI/Tea Stall,104.07,4.654626794700683,Small,Upi,Debit,Other
KFC India Debit Card KFC India,633.44,6.452742720035359,Small,Debit Card,Debit,Food
Local Wine & Beer Shop Debit Card Local Wine & Beer Shop,116.0,4.762173934797756,Small,Debit Card,Debit,Food
Myntra POS Purchase Myntra,611.95,6.4182833665410035,Small,Credit Card,Debit,Shopping
Airtel UPI/Airtel,1183.54,7.077109792551668,Medium,Upi,Debit,Bills
McDonald's India UPI/Paytm/McDonald's India,116.0,4.762173934797756,Small,Upi,Debit,Food
Local Store UPI/Local Store,2150.23,7.673795050562138,Medium,Upi,Debit,Other
Local Wine & Beer Shop UPI/Paytm/Local Wine & Beer Shop,452.15,6.1162231965007905,Small,Upi,Debit,Food
Nature's Basket UPI/DR/258320719/Nature's Basket,1147.49,7.046203315082105,Medium,Upi,Debit,Groceries
Jio Fiber Net Banking Payment Jio Fiber,375.29,5.930360122704693,Small,Net Banking,Debit,Bills
House Rent Payment IMPS Rent Payment,8295.41,9.023578170096073,Large,Imps,Debit,Rent
Flipkart UPI Payment Flipkart,288.0,5.666426688112432,Small,Upi,Debit,Shopping
BigBasket Debit Card BigBasket,810.62,6.699032250329157,Medium,Debit Card,Debit,Groceries
The Beer Cafe Debit Card The Beer Cafe,1425.26,7.26281091254522,Medium,Debit Card,Debit,Food
Credit Card Bill Payment Auto Debit Credit Card Bill Payment,2459.75,7.808221460509321,Medium,Auto Debit,Debit,Bills
Credit Card Bill Payment Net Banking Payment Credit Card Bill Payment,5312.32,8.577972154262659,Large,Net Banking,Debit,Bills
Bharat Gas Auto Debit Bharat Gas,187.0,5.236441962829949,Small,Auto Debit,Debit,Bills
Myntra Debit Card Myntra,288.0,5.666426688112432,Small,Debit Card,Debit,Shopping
Amazon India POS Purchase Amazon India,288.0,5.666426688112432,Small,Credit Card,Debit,Shopping
McDonald's India Debit Card McDonald's India,390.15,5.9690911181310895,Small,Debit Card,Debit,Food
BEST Auto Debit BEST,1681.41,7.427982568260506,Medium,Auto Debit,Debit,Bills
Uber UPI/Uber,1064.92,6.971593555005315,Medium,Upi,Debit,Miscellaneous
Third Wave Coffee Debit Card Third Wave Coffee,116.0,4.762173934797756,Small,Debit Card,Debit,Food
Credit Card Bill Payment Auto Debit Credit Card Bill Payment,1865.54,7.531841728609874,Medium,Auto Debit,Debit,Bills
Reliance Fresh UPI/DR/839647637/Reliance Fresh,447.6,6.106131622086108,Small,Upi,Debit,Groceries
Tata Power Auto Debit Tata Power,1981.89,7.592310655473379,Medium,Auto Debit,Debit,Bills
Blinkit Debit Card Blinkit,1484.68,7.303627858884798,Medium,Debit Card,Debit,Groceries
Swiggy UPI/Paytm/Swiggy,483.02,6.182126228176938,Small,Upi,Debit,Food
Nature's Basket UPI/DR/306978174/Nature's Basket,349.21,5.858532974555427,Small,Upi,Debit,Groceries
Cafe Coffee Day Debit Card Cafe Coffee Day,1274.53,7.151117057493432,Medium,Debit Card,Debit,Food
Swiggy UPI/Paytm/Swiggy,551.79,6.314978182564803,Small,Upi,Debit,Food
Zepto UPI/DR/168006560/Zepto,300.0,5.707110264748875,Small,Upi,Debit,Groceries
Reliance Fresh UPI/DR/802867083/Reliance Fresh,2928.96,7.982744050040792,Large,Upi,Debit,Groceries
Zomato POS Purchase Zomato,324.23,5.78453262434131,Small,Credit Card,Debit,Food
HP Gas UPI/HP Gas,427.33,6.059893926529762,Small,Upi,Debit,Bills
Cafe Coffee Day UPI/Paytm/Cafe Coffee Day,1171.22,7.066654665831599,Medium,Upi,Debit,Food
Reliance Fresh UPI/DR/359779054/Reliance Fresh,300.0,5.707110264748875,Small,Upi,Debit,Groceries
Domino's India UPI/Paytm/Domino's India,152.9,5.0363030408448335,Small,Upi,Debit,Food
Airtel Net Banking Payment Airtel,1105.61,7.009056567112136,Medium,Net Banking,Debit,Bills
Street Vendor UPI/Street Vendor,61.72,4.138680376042152,Small,Upi,Debit,Other
Credit Card Bill Payment Auto Debit Credit Card Bill Payment,7286.14,8.893866429781598,Large,Auto Debit,Debit,Bills
Chaayos UPI/Paytm/Chaayos,728.78,6.5927431188584,Medium,Upi,Debit,Food
Unknown Merchant Debit Card Unknown Merchant,451.42,6.11461095192969,Small,Debit Card,Debit,Other
Zepto UPI/DR/306938058/Zepto,1085.95,6.991130887903188,Medium,Upi,Debit,Groceries
BPCL UPI/BPCL,2784.02,7.932010333664144,Large,Upi,Debit,Fuel
Local Hardware Store Cash Withdrawal ATM,96.86,4.583537885860977,Small,Cash Withdrawal,Debit,Miscellaneous
BigBasket Debit Card BigBasket,926.74,6.832751521116784,Medium,Debit Card,Debit,Groceries
Local Store UPI/Local Store,2433.13,7.797344682145859,Medium,Upi,Debit,Other
Credit Card Bill Payment Auto Debit Credit Card Bill Payment,2941.95,7.987167758622619,Large,Auto Debit,Debit,Bills
Bakery UPI/Bakery,355.49,5.8763061889700445,Small,Upi,Debit,Other
Jio Net Banking Payment Jio,9054.4,9.111116543831082,Large,Net Banking,Debit,Bills
Jio UPI/Jio,318.0,5.765191102784844,Small,Upi,Debit,Bills
Indian Oil UPI/Indian Oil,2499.92,7.824413943160899,Medium,Upi,Debit,Fuel
Credit Card Bill Payment Auto Debit Credit Card Bill Payment,3527.9,8.168741486634506,Large,Auto Debit,Debit,Bills
BEST UPI/BEST,1210.5,7.099614540256581,Medium,Upi,Debit,Bills
Tailor UPI/Tailor,1328.54,7.192588296729169,Medium,Upi,Debit,Other
Spotify Auto Debit Spotify Subscription,343.94,5.843370488863255,Small,Auto Debit,Debit,Subscription
Fruit Vendor UPI/Fruit Vendor,358.14,5.883712284613752,Small,Upi,Debit,Other
DMart UPI/DR/937252824/DMart,1213.3,7.101923058059773,Medium,Upi,Debit,Groceries
Jio Fiber UPI/Jio Fiber,2315.5,7.747812704856703,Medium,Upi,Debit,Bills
Barbeque Nation Debit Card Barbeque Nation,687.91,6.5351106383887005,Medium,Debit Card,Debit,Food
Flower Shop UPI/Flower Shop,371.02,5.918947616268805,Small,Upi,Debit,Other
Blinkit UPI/DR/304632391/Blinkit,1652.68,7.410758386490981,Medium,Upi,Debit,Groceries
Flipkart Debit Card Flipkart,485.28,6.186784589687593,Small,Debit Card,Debit,Shopping
HDFC Ergo Net Banking Payment HDFC Ergo Insurance Premium,8337.12,9.028593050277692,Large,Net Banking,Debit,Insurance
Local Wine & Beer Shop Debit Card Local Wine & Beer Shop,116.0,4.762173934797756,Small,Debit Card,Debit,Food
Indian Oil Debit Card Indian Oil,2364.91,7.768918004930643,Medium,Debit Card,Debit,Fuel
Nature's Basket UPI/DR/253235987/Nature's Basket,300.0,5.707110264748875,Small,Upi,Debit,Groceries
HP Gas Auto Debit HP Gas,403.59,6.002874208659545,Small,Auto Debit,Debit,Bills
DMart UPI/DR/811335671/DMart,951.37,6.8589536147465795,Medium,Upi,Debit,Groceries
Ola UPI/Ola,372.22,5.922168058105326,Small,Upi,Debit,Miscellaneous
BigBasket UPI/DR/921921869/BigBasket,567.66,6.34328271598537,Small,Upi,Debit,Groceries
Myntra POS Purchase Myntra,411.52,6.0222846894478685,Small,Credit Card,Debit,Shopping
Zomato Debit Card Zomato,399.09,5.9916895217992785,Small,Debit Card,Debit,Food
House Rent Payment IMPS Rent Payment,36295.24,10.499469433620815,Large,Imps,Debit,Rent
Jio Fiber Auto Debit Jio Fiber,1831.51,7.513441890771838,Medium,Auto Debit,Debit,Bills
EatClub UPI/Paytm/EatClub,685.65,6.531824700976291,Medium,Upi,Debit,Food
BigBasket UPI/DR/140118673/BigBasket,721.38,6.5825513162267235,Medium,Upi,Debit,Groceries
Credit Card Bill Payment Auto Debit Credit Card Bill Payment,1981.5,7.592113953509003,Medium,Auto Debit,Debit,Bills
Credit Card Bill Payment Net Banking Payment Credit Card Bill Payment,5290.63,8.573881605934918,Large,Net Banking,Debit,Bills
Domino's India POS Purchase Domino's India,225.85,5.424289006109973,Small,Credit Card,Debit,Food
BEST Net Banking Payment BEST,3514.28,8.164874459678162,Large,Net Banking,Debit,Bills
Local Wine & Beer Shop Debit Card Local Wine & Beer Shop,1613.93,7.387046891064143,Medium,Debit Card,Debit,Food
Amazon India POS Purchase Amazon India,3517.35,8.165747408694518,Large,Credit Card,Debit,Shopping
General Store UPI/General Store,593.0,6.386879319362645,Small,Upi,Debit,Other
Flipkart UPI Payment Flipkart,288.0,5.666426688112432,Small,Upi,Debit,Shopping
Municipal Water Department Net Banking Payment Municipal Water Department,718.0,6.577861357721047,Medium,Net Banking,Debit,Bills
Credit Card Bill Payment Auto Debit Credit Card Bill Payment,2503.66,7.825908275764099,Medium,Auto Debit,Debit,Bills
Credit Card Bill Payment UPI/Credit Card Bill Payment,3507.04,8.162812755935617,Large,Upi,Debit,Bills
Credit Card Bill Payment Auto Debit Credit Card Bill Payment,6221.93,8.735996135912027,Large,Auto Debit,Debit,Bills
Employer Salary Credit NEFT Salary Credit,55998.36,10.93309554108055,Large,Neft,Credit,Salary
Amazon Prime Auto Debit Amazon Prime Subscription,149.0,5.0106352940962555,Small,Auto Debit,Debit,Subscription
Naturals Salon UPI/Naturals Salon,4640.69,8.442833803044723,Large,Upi,Debit,Miscellaneous
Employer Salary Credit NEFT Salary Credit,62172.08,11.03767738761578,Large,Neft,Credit,Salary
Airtel Net Banking Payment Airtel,1060.74,6.96766435073603,Medium,Net Banking,Debit,Bills
Chaayos UPI/Paytm/Chaayos,116.0,4.762173934797756,Small,Upi,Debit,Food
Jio Auto Debit Jio,2724.38,7.9103631469164455,Large,Auto Debit,Debit,Bills
HPCL UPI/HPCL,2424.69,7.793871298981344,Medium,Upi,Debit,Fuel
Rapido POS Purchase Rapido,3475.39,8.153749678020219,Large,Credit Card,Debit,Miscellaneous
Zepto UPI/DR/977357994/Zepto,1932.15,7.566906075783774,Medium,Upi,Debit,Groceries
Home Depot India UPI/Home Depot India,453.14,6.118405520549131,Small,Upi,Debit,Miscellaneous
Third Wave Coffee UPI/Paytm/Third Wave Coffee,908.73,6.8131478521890605,Medium,Upi,Debit,Food
Bharat Gas Auto Debit Bharat Gas,1662.79,7.416853411493944,Medium,Auto Debit,Debit,Bills
BigBasket Debit Card BigBasket,1407.74,7.250450966837221,Medium,Debit Card,Debit,Groceries
BookMyShow Debit Card BookMyShow,547.9,6.3079162755558436,Small,Debit Card,Debit,Entertainment
Kirana Shop UPI/Kirana Shop,2273.6,7.7295594917503445,Medium,Upi,Debit,Other
Credit Card Bill Payment Auto Debit Credit Card Bill Payment,187.0,5.236441962829949,Small,Auto Debit,Debit,Bills
House Rent Payment IMPS Rent Payment,7715.14,8.951069517977139,Large,Imps,Debit,Rent
Local Wine & Beer Shop UPI/Paytm/Local Wine & Beer Shop,263.8,5.578974824062853,Small,Upi,Debit,Food
Myntra POS Purchase Myntra,288.0,5.666426688112432,Small,Credit Card,Debit,Shopping
Myntra POS Purchase Myntra,288.0,5.666426688112432,Small,Credit Card,Debit,Shopping
BigBasket POS Purchase BigBasket,1330.86,7.1943317404713,Medium,Credit Card,Debit,Groceries
Airtel Net Banking Payment Airtel,2385.84,7.777725594347787,Medium,Net Banking,Debit,Bills
Flipkart POS Purchase Flipkart,405.6,6.007829901194246,Small,Credit Card,Debit,Shopping
Tata Play UPI/Tata Play,333.18,5.8116797699659974,Small,Upi,Debit,Subscription
Zomato UPI/Paytm/Zomato,746.46,6.616680792127354,Medium,Upi,Debit,Food
HDFC Ergo Auto Debit HDFC Ergo Insurance Premium,8829.58,9.085975976605043,Large,Auto Debit,Debit,Insurance
Ajio Debit Card Ajio,288.0,5.666426688112432,Small,Debit Card,Debit,Shopping
Local Services UPI/Local Services,902.64,6.806431050989022,Medium,Upi,Debit,Other
BEST Net Banking Payment BEST,2170.57,7.683205687237033,Medium,Net Banking,Debit,Bills
DMart Debit Card DMart,683.58,6.528805511529701,Medium,Debit Card,Debit,Groceries
HPCL UPI/HPCL,2587.4,7.858795203183111,Medium,Upi,Debit,Fuel
Faasos UPI/Paytm/Faasos,1094.2,6.998692273974239,Medium,Upi,Debit,Food
Cafe Coffee Day UPI/Paytm/Cafe Coffee Day,116.0,4.762173934797756,Small,Upi,Debit,Food
DMart Debit Card DMart,853.73,6.75078562959108,Medium,Debit Card,Debit,Groceries
House Rent Payment IMPS Rent Payment,8178.67,9.009407086484732,Large,Imps,Debit,Rent
McDonald's India UPI/Paytm/McDonald's India,116.0,4.762173934797756,Small,Upi,Debit,Food
Nykaa UPI Payment Nykaa,288.0,5.666426688112432,Small,Upi,Debit,Shopping
BEST Auto Debit BEST,327.75,5.795297583491974,Small,Auto Debit,Debit,Bills
Adani Electricity Auto Debit Adani Electricity,1550.28,7.346835675574362,Medium,Auto Debit,Debit,Bills
McDonald's India POS Purchase McDonald's India,534.01,6.282285438310106,Small,Credit Card,Debit,Food
Credit Card Bill Payment Auto Debit Credit Card Bill Payment,6614.26,8.797134380387384,Large,Auto Debit,Debit,Bills
BEST Auto Debit BEST,7639.04,8.941158117748955,Large,Auto Debit,Debit,Bills
Credit Card Bill Payment Net Banking Payment Credit Card Bill Payment,5381.68,8.590941670388599,Large,Net Banking,Debit,Bills
BEST Net Banking Payment BEST,1114.28,7.016860773444833,Medium,Net Banking,Debit,Bills
Blinkit UPI/DR/688078280/Blinkit,1190.69,7.083127746687885,Medium,Upi,Debit,Groceries
LIC Auto Debit LIC Insurance Premium,8405.16,9.036720049407235,Large,Auto Debit,Debit,Insurance
Reliance Fresh UPI/DR/146325879/Reliance Fresh,677.75,6.520252871248145,Medium,Upi,Debit,Groceries
BookMyShow Debit Card BookMyShow,326.07,5.79017421526641,Small,Debit Card,Debit,Entertainment
BPCL UPI/BPCL,1757.97,7.472483689447149,Medium,Upi,Debit,Fuel
BEST Auto Debit BEST,1648.91,7.408476019952423,Medium,Auto Debit,Debit,Bills
HP Gas Net Banking Payment HP Gas,3410.97,8.135045116075846,Large,Net Banking,Debit,Bills
Zepto Debit Card Zepto,300.0,5.707110264748875,Small,Debit Card,Debit,Groceries
Zepto UPI/DR/161877074/Zepto,699.19,6.551351726784763,Medium,Upi,Debit,Groceries
Domino's India UPI/Paytm/Domino's India,156.26,5.05790048656337,Small,Upi,Debit,Food
The Beer Cafe UPI/Paytm/The Beer Cafe,394.12,5.97918951623237,Small,Upi,Debit,Food
DMart Debit Card DMart,1101.76,7.005571407182428,Medium,Debit Card,Debit,Groceries
Credit Card Bill Payment Net Banking Payment Credit Card Bill Payment,341.39,5.835950438233619,Small,Net Banking,Debit,Bills
Ola UPI/Ola,60.0,4.110873864173311,Small,Upi,Debit,Miscellaneous
Indian Oil UPI/Indian Oil,2947.67,7.989109500213966,Large,Upi,Debit,Fuel
Credit Card Bill Payment Net Banking Payment Credit Card Bill Payment,656.96,6.489144139203957,Small,Net Banking,Debit,Bills
Indane Gas UPI/Indane Gas,1399.12,7.244313226215804,Medium,Upi,Debit,Bills
Starbucks India UPI/Paytm/Starbucks India,354.1,5.872399439949042,Small,Upi,Debit,Food
McDonald's India UPI/Paytm/McDonald's India,116.0,4.762173934797756,Small,Upi,Debit,Food
House Rent Payment IMPS Rent Payment,7870.76,8.971036950462448,Large,Imps,Debit,Rent
Rapido Debit Card Rapido,1400.09,7.245005784102411,Medium,Debit Card,Debit,Miscellaneous
Indian Oil UPI/Indian Oil,4110.45,8.321531043325209,Large,Upi,Debit,Fuel
HDFC Ergo Auto Debit HDFC Ergo Insurance Premium,8629.73,9.06308436914432,Large,Auto Debit,Debit,Insurance
Reliance Fresh UPI/DR/218574293/Reliance Fresh,300.0,5.707110264748875,Small,Upi,Debit,Groceries
Bakery UPI/Bakery,356.79,5.879946222109427,Small,Upi,Debit,Other
Local Store UPI/Local Store,2303.89,7.742788231949269,Medium,Upi,Debit,Other
Indian Oil UPI/Indian Oil,4380.55,8.38515782204782,Large,Upi,Debit,Fuel
Reliance Fresh Debit Card Reliance Fresh,1268.01,7.145992347903985,Medium,Debit Card,Debit,Groceries
Cafe Coffee Day POS Purchase Cafe Coffee Day,566.42,6.341099770255476,Small,Credit Card,Debit,Food
Spotify Auto Debit Spotify Subscription,149.0,5.0106352940962555,Small,Auto Debit,Debit,Subscription
House Rent Payment NEFT Rent Payment,7807.94,8.963024510190975,Large,Neft,Debit,Rent
Myntra POS Purchase Myntra,1052.31,6.959692865768757,Medium,Credit Card,Debit,Shopping
Credit Card Bill Payment Auto Debit Credit Card Bill Payment,2149.2,7.673316140051128,Medium,Auto Debit,Debit,Bills
Municipal Water Department Auto Debit Municipal Water Department,527.24,6.269550725886316,Small,Auto Debit,Debit,Bills
Rapido POS Purchase Rapido,277.54,5.629561675624946,Small,Credit Card,Debit,Miscellaneous
McDonald's India UPI/Paytm/McDonald's India,549.8,6.311371766854499,Small,Upi,Debit,Food
McDonald's India POS Purchase McDonald's India,1330.85,7.194324232146445,Medium,Credit Card,Debit,Food
Amazon India Debit Card Amazon India,288.0,5.666426688112432,Small,Debit Card,Debit,Shopping
BookMyShow Debit Card BookMyShow,383.96,5.953139432786314,Small,Debit Card,Debit,Entertainment
Ajio POS Purchase Ajio,1765.9,7.476981877622604,Medium,Credit Card,Debit,Shopping
Swiggy POS Purchase Swiggy,817.66,6.7076688572432905,Medium,Credit Card,Debit,Food
Barbeque Nation Debit Card Barbeque Nation,579.29,6.363527978582116,Small,Debit Card,Debit,Food
EatClub Debit Card EatClub,359.85,5.888462359518282,Small,Debit Card,Debit,Food
Jio Fiber UPI/Jio Fiber,2711.69,7.905696041478552,Large,Upi,Debit,Bills
Blinkit UPI/DR/221265692/Blinkit,503.83,6.224221738938162,Small,Upi,Debit,Groceries
Indian Oil Debit Card Indian Oil,2476.33,7.814936646291828,Medium,Debit Card,Debit,Fuel
Credit Card Bill Payment Net Banking Payment Credit Card Bill Payment,874.81,6.775149172434105,Medium,Net Banking,Debit,Bills
Fruit Vendor UPI/Fruit Vendor,132.27,4.892377145591635,Small,Upi,Debit,Other
BookMyShow UPI Payment BookMyShow,263.12,5.576403545326371,Small,Upi,Debit,Entertainment
Local Services Debit Card Local Services,2037.32,7.619881218139864,Medium,Debit Card,Debit,Other
Swiggy POS Purchase Swiggy,513.11,6.242437250340868,Small,Credit Card,Debit,Food
Flipkart Debit Card Flipkart,3206.47,8.07323774336733,Large,Debit Card,Debit,Shopping
Amazon India UPI Payment Amazon India,697.32,6.548677450427094,Medium,Upi,Debit,Shopping
Street Vendor UPI/Street Vendor,58.19,4.080752608702634,Small,Upi,Debit,Other
Credit Card Bill Payment Auto Debit Credit Card Bill Payment,9824.77,9.192763805167848,Large,Auto Debit,Debit,Bills
Toit Brewpub UPI/Paytm/Toit Brewpub,1343.09,7.203472483126801,Medium,Upi,Debit,Food
Credit Card Bill Payment Auto Debit Credit Card Bill Payment,3252.37,8.08744666116732,Large,Auto Debit,Debit,Bills
Credit Card Bill Payment Auto Debit Credit Card Bill Payment,2214.49,7.703228876975555,Medium,Auto Debit,Debit,Bills
Zepto UPI/DR/320648482/Zepto,894.72,6.797627864136631,Medium,Upi,Debit,Groceries
General Store UPI/General Store,809.51,6.697663679162542,Medium,Upi,Debit,Other
BigBasket Debit Card BigBasket,395.39,5.982398575094235,Small,Debit Card,Debit,Groceries
Burger King POS Purchase Burger King,173.45,5.161638167632783,Small,Credit Card,Debit,Food
Ola Debit Card Ola,3049.47,8.02305095609018,Large,Debit Card,Debit,Miscellaneous
Zepto Debit Card Zepto,942.02,6.849087491316293,Medium,Debit Card,Debit,Groceries
Swiggy UPI/Paytm/Swiggy,388.27,5.964273190254786,Small,Upi,Debit,Food
BigBasket UPI/DR/966878665/BigBasket,889.23,6.7914798563059815,Medium,Upi,Debit,Groceries
HP Gas Auto Debit HP Gas,5131.85,8.543416339456515,Large,Auto Debit,Debit,Bills
Toit Brewpub UPI/Paytm/Toit Brewpub,586.43,6.375757089983345,Small,Upi,Debit,Food
Flipkart Debit Card Flipkart,288.0,5.666426688112432,Small,Debit Card,Debit,Shopping
Starbucks India UPI/Paytm/Starbucks India,284.72,5.6550123102867715,Small,Upi,Debit,Food
Amazon India POS Purchase Amazon India,802.39,6.68884027474789,Medium,Credit Card,Debit,Shopping
Employer Salary Credit NEFT Salary Credit,44019.33,10.692406851644812,Large,Neft,Credit,Salary
HDFC Ergo Auto Debit HDFC Ergo Insurance Premium,8317.03,9.026180726932564,Large,Auto Debit,Debit,Insurance
Zomato UPI/Paytm/Zomato,116.0,4.762173934797756,Small,Upi,Debit,Food
Fruit Vendor UPI/Fruit Vendor,51.68,3.9642358768750805,Small,Upi,Debit,Other
Flipkart UPI Payment Flipkart,11805.73,9.376424986855344,Large,Upi,Debit,Shopping
Credit Card Bill Payment Auto Debit Credit Card Bill Payment,751.22,6.623028834355988,Medium,Auto Debit,Debit,Bills
Naturals Salon Debit Card Naturals Salon,273.07,5.613383548212584,Small,Debit Card,Debit,Miscellaneous
House Rent Payment NEFT Rent Payment,7969.53,8.983506268945924,Large,Neft,Debit,Rent
Credit Card Bill Payment Auto Debit Credit Card Bill Payment,2174.05,7.6848069317643,Medium,Auto Debit,Debit,Bills
Bharat Gas Auto Debit Bharat Gas,1424.23,7.2620884831873775,Medium,Auto Debit,Debit,Bills
DMart UPI/DR/961425250/DMart,795.92,6.680754297340623,Medium,Upi,Debit,Groceries
Chaayos POS Purchase Chaayos,1127.29,7.0284584912140495,Medium,Credit Card,Debit,Food
HPCL Debit Card HPCL,3998.7,8.293974637289386,Large,Debit Card,Debit,Fuel
McDonald's India UPI/Paytm/McDonald's India,384.47,5.954463368963499,Small,Upi,Debit,Food
The Beer Cafe UPI/Paytm/The Beer Cafe,190.58,5.255305475954746,Small,Upi,Debit,Food
Disney+ Hotstar Net Banking Payment Disney+ Hotstar,243.36,5.498642547781566,Small,Net Banking,Debit,Subscription
Airtel Net Banking Payment Airtel,4571.52,8.427819754230304,Large,Net Banking,Debit,Bills
Flipkart POS Purchase Flipkart,1338.16,7.199797830710881,Medium,Credit Card,Debit,Shopping
Adani Electricity Auto Debit Adani Electricity,4769.81,8.470271380786832,Large,Auto Debit,Debit,Bills
Amazon India POS Purchase Amazon India,614.11,6.421801113601274,Small,Credit Card,Debit,Shopping
Street Vendor UPI/Street Vendor,39.35,3.6975913947159578,Small,Upi,Debit,Other
Credit Card Bill Payment Net Banking Payment Credit Card Bill Payment,2200.54,7.69691239446068,Medium,Net Banking,Debit,Bills
Zepto UPI/DR/834834366/Zepto,2040.49,7.621435212388584,Medium,Upi,Debit,Groceries
Zomato UPI/Paytm/Zomato,1523.28,7.3292774464049675,Medium,Upi,Debit,Food
Indian Oil Debit Card Indian Oil,2918.02,7.97900322249217,Large,Debit Card,Debit,Fuel
Bharat Gas Auto Debit Bharat Gas,1336.99,7.19892376681869,Medium,Auto Debit,Debit,Bills
PharmEasy UPI/PharmEasy,1229.34,7.115045832932958,Medium,Upi,Debit,Miscellaneous
McDonald's India Debit Card McDonald's India,203.22,5.319197844127392,Small,Debit Card,Debit,Food
Myntra UPI Payment Myntra,824.5,6.715989263360183,Medium,Upi,Debit,Shopping
McDonald's India Debit Card McDonald's India,421.6,6.046426105181957,Small,Debit Card,Debit,Food
BookMyShow UPI Payment BookMyShow,200.42,5.305392280219999,Small,Upi,Debit,Entertainment
Airtel Net Banking Payment Airtel,983.11,6.891737679422258,Medium,Net Banking,Debit,Bills
Reliance Fresh Debit Card Reliance Fresh,974.66,6.883114165065686,Medium,Debit Card,Debit,Groceries
Dish TV Auto Debit Dish TV Subscription,226.62,5.427677571853744,Small,Auto Debit,Debit,Subscription
Cafe Coffee Day Debit Card Cafe Coffee Day,1891.1,7.545442602337715,Medium,Debit Card,Debit,Food
Myntra Debit Card Myntra,288.0,5.666426688112432,Small,Debit Card,Debit,Shopping
EatClub UPI/Paytm/EatClub,309.47,5.738087278348192,Small,Upi,Debit,Food
Meesho POS Purchase Meesho,803.32,6.689997199944266,Medium,Credit Card,Debit,Shopping
Lakme Salon Debit Card Lakme Salon,1371.98,7.224738839019488,Medium,Debit Card,Debit,Miscellaneous
Reliance Fresh Debit Card Reliance Fresh,753.39,6.625909475664054,Medium,Debit Card,Debit,Groceries
Tata Power Auto Debit Tata Power,4164.36,8.33455798543952,Large,Auto Debit,Debit,Bills
Zomato UPI/Paytm/Zomato,266.71,5.589904305077029,Small,Upi,Debit,Food
Ola Debit Card Ola,159.54,5.078543132703431,Small,Debit Card,Debit,Miscellaneous
Vegetable Market Cash Withdrawal ATM,418.43,6.038896646667843,Small,Cash Withdrawal,Debit,Other
Credit Card Bill Payment Auto Debit Credit Card Bill Payment,3490.54,8.158098178614566,Large,Auto Debit,Debit,Bills
Bharat Gas Auto Debit Bharat Gas,195.94,5.282899113819656,Small,Auto Debit,Debit,Bills
BigBasket POS Purchase BigBasket,537.14,6.288118749357967,Small,Credit Card,Debit,Groceries
Adani Electricity Auto Debit Adani Electricity,2307.1,7.744179954245705,Medium,Auto Debit,Debit,Bills
Employer Salary Credit NEFT Salary Credit,43972.5,10.691342458734052,Large,Neft,Credit,Salary
Jio Fiber Auto Debit Jio Fiber,4064.7,8.310341208878913,Large,Auto Debit,Debit,Bills
Zomato UPI/Paytm/Zomato,454.2,6.120736882812121,Small,Upi,Debit,Food
BigBasket POS Purchase BigBasket,753.31,6.62580342409638,Medium,Credit Card,Debit,Groceries
Myntra POS Purchase Myntra,313.71,5.75165157986039,Small,Credit Card,Debit,Shopping
Credit Card Bill Payment Auto Debit Credit Card Bill Payment,469.82,6.154475855367437,Small,Auto Debit,Debit,Bills
Tata Power Auto Debit Tata Power,1234.52,7.119247213075871,Medium,Auto Debit,Debit,Bills
Credit Card Bill Payment Net Banking Payment Credit Card Bill Payment,4265.19,8.358476436248594,Large,Net Banking,Debit,Bills
Chaayos UPI/Paytm/Chaayos,116.0,4.762173934797756,Small,Upi,Debit,Food
Blinkit UPI/DR/533190034/Blinkit,1729.48,7.456154105655246,Medium,Upi,Debit,Groceries
Zepto UPI/DR/515973568/Zepto,300.0,5.707110264748875,Small,Upi,Debit,Groceries
Zomato UPI/Paytm/Zomato,656.59,6.488581636813693,Small,Upi,Debit,Food
Reliance Fresh UPI/DR/143630672/Reliance Fresh,998.68,6.907435227771212,Medium,Upi,Debit,Groceries
Flipkart POS Purchase Flipkart,288.0,5.666426688112432,Small,Credit Card,Debit,Shopping
Employer Salary Credit NEFT Salary Credit,41103.99,10.623884804306797,Large,Neft,Credit,Salary
Burger King UPI/Paytm/Burger King,116.0,4.762173934797756,Small,Upi,Debit,Food
Dish TV Auto Debit Dish TV Subscription,290.46,5.674902775105551,Small,Auto Debit,Debit,Subscription
DMart Debit Card DMart,1691.59,7.434015179148129,Medium,Debit Card,Debit,Groceries
BSNL Auto Debit BSNL,1175.72,7.070486186011087,Medium,Auto Debit,Debit,Bills
Indian Oil UPI/Indian Oil,3020.39,8.013472269380179,Large,Upi,Debit,Fuel
Indane Gas Auto Debit Indane Gas,3114.95,8.044289360648802,Large,Auto Debit,Debit,Bills
Jio Auto Debit Jio,1108.76,7.011899054712067,Medium,Auto Debit,Debit,Bills
Jio Net Banking Payment Jio,1454.08,7.282816160911962,Medium,Net Banking,Debit,Bills
Jio Auto Debit Jio,4412.37,8.392393848945476,Large,Auto Debit,Debit,Bills
McDonald's India Debit Card McDonald's India,713.51,6.571596993073241,Medium,Debit Card,Debit,Food
Amazon India POS Purchase Amazon India,334.33,5.815115121584316,Small,Credit Card,Debit,Shopping
Social UPI/Paytm/Social,116.0,4.762173934797756,Small,Upi,Debit,Food
Credit Card Bill Payment Auto Debit Credit Card Bill Payment,3771.2,8.23541366461707,Large,Auto Debit,Debit,Bills
Blinkit UPI/DR/250325647/Blinkit,1089.31,6.994217338457857,Medium,Upi,Debit,Groceries
Credit Card Bill Payment Net Banking Payment Credit Card Bill Payment,2406.76,7.786452133687463,Medium,Net Banking,Debit,Bills
Jio Fiber UPI/Jio Fiber,12175.1,9.407230292945535,Large,Upi,Debit,Bills
BPCL Cash Withdrawal ATM,2104.04,7.652089748311236,Medium,Cash Withdrawal,Debit,Fuel
Employer Salary Credit NEFT Salary Credit,38433.18,10.556702446834686,Large,Neft,Credit,Salary
DMart Debit Card DMart,300.0,5.707110264748875,Small,Debit Card,Debit,Groceries
Credit Card Bill Payment Auto Debit Credit Card Bill Payment,7116.05,8.870248592706657,Large,Auto Debit,Debit,Bills
Jio Fiber Net Banking Payment Jio Fiber,5659.7,8.641302838461778,Large,Net Banking,Debit,Bills
Nykaa POS Purchase Nykaa,957.32,6.8651817514230755,Medium,Credit Card,Debit,Shopping
Nykaa UPI Payment Nykaa,1626.39,7.394732783472878,Medium,Upi,Debit,Shopping
Tailor UPI/Tailor,2299.56,7.740907850542089,Medium,Upi,Debit,Other
House Rent Payment NEFT Rent Payment,7570.9,8.932199305691556,Large,Neft,Debit,Rent
Ajio UPI Payment Ajio,288.0,5.666426688112432,Small,Upi,Debit,Shopping
Credit Card Bill Payment UPI/Credit Card Bill Payment,187.0,5.236441962829949,Small,Upi,Debit,Bills
Jio Net Banking Payment Jio,1742.82,7.463833388133128,Medium,Net Banking,Debit,Bills
Social Debit Card Social,971.45,6.879818660289114,Medium,Debit Card,Debit,Food
Amazon India POS Purchase Amazon India,288.0,5.666426688112432,Small,Credit Card,Debit,Shopping
Local Hardware Store Debit Card Local Hardware Store,278.22,5.632000001560502,Small,Debit Card,Debit,Miscellaneous
Apollo Pharmacy UPI/Apollo Pharmacy,60.0,4.110873864173311,Small,Upi,Debit,Miscellaneous
BookMyShow Debit Card BookMyShow,361.03,5.891727081320177,Small,Debit Card,Debit,Entertainment
Blinkit UPI/DR/111372730/Blinkit,595.83,6.391632315722667,Small,Upi,Debit,Groceries
Myntra UPI Payment Myntra,288.0,5.666426688112432,Small,Upi,Debit,Shopping
Credit Card Bill Payment Net Banking Payment Credit Card Bill Payment,629.07,6.445830924324308,Small,Net Banking,Debit,Bills
DMart UPI/DR/145965208/DMart,999.54,6.908295133234604,Medium,Upi,Debit,Groceries
Zomato UPI/Paytm/Zomato,696.24,6.547129684346665,Medium,Upi,Debit,Food
Zepto Debit Card Zepto,1635.68,7.4004250787267845,Medium,Debit Card,Debit,Groceries
Flipkart Debit Card Flipkart,288.0,5.666426688112432,Small,Debit Card,Debit,Shopping
BPCL Cash Withdrawal ATM,3465.44,8.150883409708303,Large,Cash Withdrawal,Debit,Fuel
House Rent Payment IMPS Rent Payment,8441.52,9.041036121223454,Large,Imps,Debit,Rent
Adani Electricity Auto Debit Adani Electricity,1615.87,7.38824746055051,Medium,Auto Debit,Debit,Bills
Credit Card Bill Payment Auto Debit Credit Card Bill Payment,4094.41,8.317622113375409,Large,Auto Debit,Debit,Bills
Nykaa UPI Payment Nykaa,288.0,5.666426688112432,Small,Upi,Debit,Shopping
Credit Card Bill Payment Auto Debit Credit Card Bill Payment,196.07,5.283558995572491,Small,Auto Debit,Debit,Bills
HPCL UPI/HPCL,2785.17,7.932423171860772,Large,Upi,Debit,Fuel
Nykaa Debit Card Nykaa,615.71,6.424398897205691,Small,Debit Card,Debit,Shopping
General Store Cash Withdrawal ATM,1952.61,7.577434222098458,Medium,Cash Withdrawal,Debit,Other
Flipkart Debit Card Flipkart,692.67,6.541996343096007,Medium,Debit Card,Debit,Shopping
BookMyShow UPI Payment BookMyShow,267.12,5.591434641489757,Small,Upi,Debit,Entertainment
Faasos Debit Card Faasos,795.19,6.679837850828966,Medium,Debit Card,Debit,Food
Domino's India POS Purchase Domino's India,322.89,5.780403951974222,Small,Credit Card,Debit,Food
Misc Vendor Debit Card Misc Vendor,711.56,6.568864119123614,Medium,Debit Card,Debit,Other
HP Gas UPI/HP Gas,3077.87,8.032317925532661,Large,Upi,Debit,Bills
Credit Card Bill Payment Auto Debit Credit Card Bill Payment,3279.33,8.095699306073465,Large,Auto Debit,Debit,Bills
Amazon India POS Purchase Amazon India,288.0,5.666426688112432,Small,Credit Card,Debit,Shopping
McDonald's India Debit Card McDonald's India,116.0,4.762173934797756,Small,Debit Card,Debit,Food
Chaayos UPI/Paytm/Chaayos,899.51,6.80296126949605,Medium,Upi,Debit,Food
Credit Card Bill Payment Auto Debit Credit Card Bill Payment,187.0,5.236441962829949,Small,Auto Debit,Debit,Bills
BEST Auto Debit BEST,1516.07,7.324536121988625,Medium,Auto Debit,Debit,Bills
Swiggy UPI/Paytm/Swiggy,499.87,6.216346586375911,Small,Upi,Debit,Food
Uber UPI/Uber,283.34,5.650170705207552,Small,Upi,Debit,Miscellaneous
Ola Debit Card Ola,60.0,4.110873864173311,Small,Debit Card,Debit,Miscellaneous
Jio Auto Debit Jio,432.92,6.072860185311976,Small,Auto Debit,Debit,Bills
BigBasket UPI/DR/339129305/BigBasket,981.2,6.889794953605144,Medium,Upi,Debit,Groceries
Zomato UPI/Paytm/Zomato,116.0,4.762173934797756,Small,Upi,Debit,Food
Indian Oil Debit Card Indian Oil,2501.16,7.8249096378231435,Medium,Debit Card,Debit,Fuel
Ola Debit Card Ola,884.8,6.786491191489098,Medium,Debit Card,Debit,Miscellaneous
Jio Auto Debit Jio,2704.05,7.902875675398104,Large,Auto Debit,Debit,Bills
DMart POS Purchase DMart,300.0,5.707110264748875,Small,Credit Card,Debit,Groceries
Blinkit UPI/DR/290679038/Blinkit,975.51,6.883984990919701,Medium,Upi,Debit,Groceries
Meesho Debit Card Meesho,1152.69,7.050720780131095,Medium,Debit Card,Debit,Shopping
Credit Card Bill Payment Net Banking Payment Credit Card Bill Payment,1167.86,7.063784193821168,Medium,Net Banking,Debit,Bills
IRCTC Debit Card IRCTC,2875.28,7.9642530715429,Large,Debit Card,Debit,Miscellaneous
KFC India POS Purchase KFC India,148.05,5.00428182012408,Small,Credit Card,Debit,Food
Social UPI/Paytm/Social,450.74,6.113106793090086,Small,Upi,Debit,Food
DMart UPI/DR/731015334/DMart,1185.57,7.078822071185709,Medium,Upi,Debit,Groceries
House Rent Payment IMPS Rent Payment,46257.98,10.7420108862557,Large,Imps,Debit,Rent
Local Wine & Beer Shop UPI/Paytm/Local Wine & Beer Shop,328.54,5.7976977426292855,Small,Upi,Debit,Food
Local Barbershop Debit Card Local Barbershop,812.93,6.701874367218756,Medium,Debit Card,Debit,Miscellaneous
DMart UPI/DR/914115345/DMart,2114.55,7.6570701049552685,Medium,Upi,Debit,Groceries
Employer Salary Credit NEFT Salary Credit,48418.28,10.787653360493016,Large,Neft,Credit,Salary
BookMyShow UPI Payment BookMyShow,164.36,5.108124915373513,Small,Upi,Debit,Entertainment
Kirana Shop UPI/Kirana Shop,869.43,6.768987342419472,Medium,Upi,Debit,Other
BookMyShow POS Purchase BookMyShow,149.0,5.0106352940962555,Small,Credit Card,Debit,Entertainment
Bajaj Allianz Auto Debit Bajaj Allianz Insurance Premium,7990.0,8.986071187374463,Large,Auto Debit,Debit,Insurance
Local Services Debit Card Local Services,335.01,5.817140921425089,Small,Debit Card,Debit,Other
BSNL Net Banking Payment BSNL,920.64,6.826154691777531,Medium,Net Banking,Debit,Bills
Zepto POS Purchase Zepto,440.27,6.089656932999361,Small,Credit Card,Debit,Groceries
Zepto UPI/DR/847462287/Zepto,741.23,6.609659168181484,Medium,Upi,Debit,Groceries
Credit Card Bill Payment Net Banking Payment Credit Card Bill Payment,3188.69,8.06767901237335,Large,Net Banking,Debit,Bills
BSNL Net Banking Payment BSNL,2642.16,7.879730450040238,Medium,Net Banking,Debit,Bills
Domino's India UPI/Paytm/Domino's India,1501.08,7.314606093222604,Medium,Upi,Debit,Food
Employer Salary Credit NEFT Salary Credit,56002.56,10.93317053912528,Large,Neft,Credit,Salary
Naturals Salon UPI/Naturals Salon,328.43,5.797363888277731,Small,Upi,Debit,Miscellaneous
Indian Oil Debit Card Indian Oil,4057.51,8.308571190162715,Large,Debit Card,Debit,Fuel
Vegetable Market UPI/Vegetable Market,542.68,6.298360838483567,Small,Upi,Debit,Other
Credit Card Bill Payment Auto Debit Credit Card Bill Payment,1405.74,7.249030249704507,Medium,Auto Debit,Debit,Bills
Credit Card Bill Payment UPI/Credit Card Bill Payment,7531.63,8.92699952940183,Large,Upi,Debit,Bills
Zomato Debit Card Zomato,345.65,5.8483156253885,Small,Debit Card,Debit,Food
Jio Fiber Auto Debit Jio Fiber,3720.62,8.221914336342579,Large,Auto Debit,Debit,Bills
Indian Oil UPI/Indian Oil,3883.96,8.264867966738448,Large,Upi,Debit,Fuel
Employer Salary Credit NEFT Salary Credit,43706.26,10.685269500008282,Large,Neft,Credit,Salary
Credit Card Bill Payment Auto Debit Credit Card Bill Payment,2890.79,7.96963096653424,Large,Auto Debit,Debit,Bills
Reliance Fresh UPI/DR/821216549/Reliance Fresh,1309.79,7.178385287866661,Medium,Upi,Debit,Groceries
Adani Electricity Auto Debit Adani Electricity,4495.9,8.41114354947654,Large,Auto Debit,Debit,Bills
Chaayos Debit Card Chaayos,785.09,6.667071289690939,Medium,Debit Card,Debit,Food
Nature's Basket Debit Card Nature's Basket,745.14,6.614913250156729,Medium,Debit Card,Debit,Groceries
Jio Auto Debit Jio,187.0,5.236441962829949,Small,Auto Debit,Debit,Bills
DMart UPI/DR/415223070/DMart,951.75,6.85935253975397,Medium,Upi,Debit,Groceries
Nature's Basket Debit Card Nature's Basket,1490.71,7.307678391898224,Medium,Debit Card,Debit,Groceries
Indian Oil UPI/Indian Oil,4295.38,8.365528086653008,Large,Upi,Debit,Fuel
Swiggy POS Purchase Swiggy,189.85,5.251487779191239,Small,Credit Card,Debit,Food
Tata Power Net Banking Payment Tata Power,1225.18,7.111658924642641,Medium,Net Banking,Debit,Bills
HDFC Ergo Auto Debit HDFC Ergo Insurance Premium,8771.0,9.079320109537779,Large,Auto Debit,Debit,Insurance
Bharat Gas Net Banking Payment Bharat Gas,2078.99,7.6401183649914985,Medium,Net Banking,Debit,Bills
Domino's India UPI/Paytm/Domino's India,1175.3,7.070129197966396,Medium,Upi,Debit,Food
Indian Oil Debit Card Indian Oil,2668.35,7.889590276063698,Large,Debit Card,Debit,Fuel
Tailor UPI/Tailor,1483.92,7.303116177731777,Medium,Upi,Debit,Other
Employer Salary Credit NEFT Salary Credit,50014.14,10.820081038575616,Large,Neft,Credit,Salary
Credit Card Bill Payment Net Banking Payment Credit Card Bill Payment,6893.07,8.838416900782152,Large,Net Banking,Debit,Bills
Jio Auto Debit Jio,4869.69,8.49099088981867,Large,Auto Debit,Debit,Bills
BEST Auto Debit BEST,4889.78,8.495107078951131,Large,Auto Debit,Debit,Bills
Spotify Auto Debit Spotify Subscription,149.0,5.0106352940962555,Small,Auto Debit,Debit,Subscription
Domino's India Debit Card Domino's India,227.75,5.432629704155631,Small,Debit Card,Debit,Food
DMart POS Purchase DMart,975.04,6.883503569179845,Medium,Credit Card,Debit,Groceries
McDonald's India POS Purchase McDonald's India,116.0,4.762173934797756,Small,Credit Card,Debit,Food
Toit Brewpub UPI/Paytm/Toit Brewpub,153.16,5.037991024106111,Small,Upi,Debit,Food
Credit Card Bill Payment Net Banking Payment Credit Card Bill Payment,1891.52,7.545664553287467,Medium,Net Banking,Debit,Bills
Adani Electricity Net Banking Payment Adani Electricity,3897.25,8.268283013464995,Large,Net Banking,Debit,Bills
Barbeque Nation Debit Card Barbeque Nation,169.0,5.135798437050262,Small,Debit Card,Debit,Food
Tailor UPI/Tailor,2320.53,7.749981730055781,Medium,Upi,Debit,Other
Tailor UPI/Tailor,839.36,6.733830371455427,Medium,Upi,Debit,Other
Jio Fiber Auto Debit Jio Fiber,977.34,6.885857257880921,Medium,Auto Debit,Debit,Bills
Swiggy UPI/Paytm/Swiggy,168.79,5.13456237932792,Small,Upi,Debit,Food
Local Barbershop Debit Card Local Barbershop,4937.58,8.50483311946776,Large,Debit Card,Debit,Miscellaneous
BookMyShow POS Purchase BookMyShow,520.83,6.2573418643424015,Small,Credit Card,Debit,Entertainment
Toit Brewpub UPI/Paytm/Toit Brewpub,116.0,4.762173934797756,Small,Upi,Debit,Food
Blinkit Debit Card Blinkit,1029.93,6.938216586464641,Medium,Debit Card,Debit,Groceries
DMart Debit Card DMart,1126.24,7.027527446115249,Medium,Debit Card,Debit,Groceries
Credit Card Bill Payment Auto Debit Credit Card Bill Payment,580.17,6.36504331302048,Small,Auto Debit,Debit,Bills
Chaayos POS Purchase Chaayos,455.52,6.1236325106853995,Small,Credit Card,Debit,Food
Amazon India POS Purchase Amazon India,288.0,5.666426688112432,Small,Credit Card,Debit,Shopping
Third Wave Coffee Debit Card Third Wave Coffee,382.96,5.9505383804953365,Small,Debit Card,Debit,Food
Adani Electricity Net Banking Payment Adani Electricity,1976.96,7.589821289531265,Medium,Net Banking,Debit,Bills
BookMyShow POS Purchase BookMyShow,181.74,5.208064377570475,Small,Credit Card,Debit,Entertainment
HP Gas Net Banking Payment HP Gas,515.05,6.246203660011942,Small,Net Banking,Debit,Bills
Credit Card Bill Payment Auto Debit Credit Card Bill Payment,495.87,6.208328422464883,Small,Auto Debit,Debit,Bills
Adani Electricity Auto Debit Adani Electricity,6157.99,8.725668082045523,Large,Auto Debit,Debit,Bills
The Beer Cafe POS Purchase The Beer Cafe,116.0,4.762173934797756,Small,Credit Card,Debit,Food
Employer Salary Credit NEFT Salary Credit,52336.86,10.865475288736988,Large,Neft,Credit,Salary
Zomato UPI/Paytm/Zomato,502.47,6.221524127463922,Small,Upi,Debit,Food
BSNL Auto Debit BSNL,2578.79,7.855463279254045,Medium,Auto Debit,Debit,Bills
Amazon India UPI Payment Amazon India,288.0,5.666426688112432,Small,Upi,Debit,Shopping
Vegetable Market UPI/Vegetable Market,330.51,5.803657975083454,Small,Upi,Debit,Other
Jio UPI/Jio,965.61,6.873795104898541,Medium,Upi,Debit,Bills
Municipal Water Department Net Banking Payment Municipal Water Department,1809.71,7.501474312537364,Medium,Net Banking,Debit,Bills
Ajio UPI Payment Ajio,288.0,5.666426688112432,Small,Upi,Debit,Shopping
BSNL Auto Debit BSNL,4443.37,8.399393405619572,Large,Auto Debit,Debit,Bills
EatClub UPI/Paytm/EatClub,116.0,4.762173934797756,Small,Upi,Debit,Food
Municipal Water Department Net Banking Payment Municipal Water Department,3520.66,8.16668774833719,Large,Net Banking,Debit,Bills
Credit Card Bill Payment Auto Debit Credit Card Bill Payment,2095.05,7.64780990011824,Medium,Auto Debit,Debit,Bills
Municipal Water Department Net Banking Payment Municipal Water Department,13683.17,9.523994969288378,Large,Net Banking,Debit,Bills
Tata Power UPI/Tata Power,2552.03,7.845036168053759,Medium,Upi,Debit,Bills
Faasos Debit Card Faasos,839.28,6.733735169627479,Medium,Debit Card,Debit,Food
Credit Card Bill Payment Net Banking Payment Credit Card Bill Payment,1477.78,7.298972702491713,Medium,Net Banking,Debit,Bills
Credit Card Bill Payment Net Banking Payment Credit Card Bill Payment,4412.58,8.392441430499703,Large,Net Banking,Debit,Bills
PharmEasy POS Purchase PharmEasy,130.43,4.878474390493917,Small,Credit Card,Debit,Miscellaneous
Zomato Debit Card Zomato,308.71,5.735636375770106,Small,Debit Card,Debit,Food
Credit Card Bill Payment Auto Debit Credit Card Bill Payment,881.87,6.783177964397178,Medium,Auto Debit,Debit,Bills
LIC Net Banking Payment LIC Insurance Premium,8612.36,9.061069765198868,Large,Net Banking,Debit,Insurance
BookMyShow POS Purchase BookMyShow,466.34,6.147057044159912,Small,Credit Card,Debit,Entertainment
Credit Card Bill Payment Net Banking Payment Credit Card Bill Payment,401.24,5.997048925401883,Small,Net Banking,Debit,Bills
Unknown Merchant UPI/Unknown Merchant,2228.36,7.709469827747375,Medium,Upi,Debit,Other
Jio Auto Debit Jio,1427.12,7.264114172982349,Medium,Auto Debit,Debit,Bills
Adani Electricity UPI/Adani Electricity,1208.7,7.098127673965803,Medium,Upi,Debit,Bills
Nature's Basket UPI/DR/330122826/Nature's Basket,673.68,6.514238504389814,Medium,Upi,Debit,Groceries
Starbucks India UPI/Paytm/Starbucks India,116.0,4.762173934797756,Small,Upi,Debit,Food
Apollo Pharmacy POS Purchase Apollo Pharmacy,3485.28,8.156590544139526,Large,Credit Card,Debit,Miscellaneous
Starbucks India UPI/Paytm/Starbucks India,116.0,4.762173934797756,Small,Upi,Debit,Food
HPCL UPI/HPCL,2970.72,7.996896188747946,Large,Upi,Debit,Fuel
Chaayos UPI/Paytm/Chaayos,116.38,4.765416535130188,Small,Upi,Debit,Food
Third Wave Coffee POS Purchase Third Wave Coffee,1410.15,7.252160253785838,Medium,Credit Card,Debit,Food
Meesho UPI Payment Meesho,288.0,5.666426688112432,Small,Upi,Debit,Shopping
Starbucks India UPI/Paytm/Starbucks India,538.39,6.29043887141624,Small,Upi,Debit,Food
McDonald's India UPI/Paytm/McDonald's India,116.0,4.762173934797756,Small,Upi,Debit,Food
Burger King Debit Card Burger King,1053.47,6.960793550012001,Medium,Debit Card,Debit,Food
Jio Auto Debit Jio,1459.27,7.286376629111508,Medium,Auto Debit,Debit,Bills
Nature's Basket UPI/DR/395685474/Nature's Basket,388.74,5.9654798501359885,Small,Upi,Debit,Groceries
BookMyShow UPI Payment BookMyShow,477.96,6.171617086617097,Small,Upi,Debit,Entertainment
Zomato UPI/Paytm/Zomato,116.0,4.762173934797756,Small,Upi,Debit,Food
BigBasket Debit Card BigBasket,742.11,6.610844082211889,Medium,Debit Card,Debit,Groceries
Netflix Auto Debit Netflix Subscription,149.0,5.0106352940962555,Small,Auto Debit,Debit,Subscription
Amazon India Debit Card Amazon India,288.0,5.666426688112432,Small,Debit Card,Debit,Shopping
Adani Electricity Net Banking Payment Adani Electricity,1678.84,7.426453829766631,Medium,Net Banking,Debit,Bills
House Rent Payment NEFT Rent Payment,34802.44,10.457471511451882,Large,Neft,Debit,Rent
Myntra Debit Card Myntra,1587.67,7.370652467183929,Medium,Debit Card,Debit,Shopping
Airtel Auto Debit Airtel,506.27,6.229043406218447,Small,Auto Debit,Debit,Bills
Credit Card Bill Payment Net Banking Payment Credit Card Bill Payment,2416.51,7.790493363823548,Medium,Net Banking,Debit,Bills
Reliance Fresh UPI/DR/549537843/Reliance Fresh,790.82,6.674334093256793,Medium,Upi,Debit,Groceries
Nature's Basket UPI/DR/597959181/Nature's Basket,954.11,6.861826517093723,Medium,Upi,Debit,Groceries
ICICI Lombard Auto Debit ICICI Lombard Insurance Premium,8670.81,9.067832813845312,Large,Auto Debit,Debit,Insurance
DMart Debit Card DMart,956.49,6.864315277136034,Medium,Debit Card,Debit,Groceries
Local Store Cash Withdrawal ATM,541.72,6.296593533163484,Small,Cash Withdrawal,Debit,Other
Amazon Prime Auto Debit Amazon Prime Subscription,149.0,5.0106352940962555,Small,Auto Debit,Debit,Subscription
Reliance Fresh UPI/DR/329086910/Reliance Fresh,471.64,6.158333999343015,Small,Upi,Debit,Groceries
Burger King UPI/Paytm/Burger King,505.67,6.227859904097939,Small,Upi,Debit,Food
BPCL Debit Card BPCL,3208.3,8.073808123807837,Large,Debit Card,Debit,Fuel
Credit Card Bill Payment UPI/Credit Card Bill Payment,2612.71,7.868525946943292,Medium,Upi,Debit,Bills
Credit Card Bill Payment Net Banking Payment Credit Card Bill Payment,839.91,6.734484638788597,Medium,Net Banking,Debit,Bills
BSNL Net Banking Payment BSNL,6485.93,8.77754466234244,Large,Net Banking,Debit,Bills
Jio Fiber Auto Debit Jio Fiber,538.96,6.291495062740626,Small,Auto Debit,Debit,Bills
Credit Card Bill Payment Auto Debit Credit Card Bill Payment,910.08,6.814630708991662,Medium,Auto Debit,Debit,Bills
Credit Card Bill Payment Auto Debit Credit Card Bill Payment,1240.25,7.123874215359383,Medium,Auto Debit,Debit,Bills
Misc Vendor Debit Card Misc Vendor,1925.63,7.563527641675351,Medium,Debit Card,Debit,Other
Chaayos UPI/Paytm/Chaayos,626.4,6.441584295756578,Small,Upi,Debit,Food
HPCL UPI/HPCL,3187.85,8.06741562921518,Large,Upi,Debit,Fuel
Credit Card Bill Payment Auto Debit Credit Card Bill Payment,2700.86,7.901695703706277,Large,Auto Debit,Debit,Bills
Mobile Repair Cash Withdrawal ATM,2237.96,7.713766751320815,Medium,Cash Withdrawal,Debit,Other
Tata 1mg Debit Card Tata 1mg,60.0,4.110873864173311,Small,Debit Card,Debit,Miscellaneous
BigBasket UPI/DR/476365632/BigBasket,1680.8,7.427619927398798,Medium,Upi,Debit,Groceries
McDonald's India UPI/Paytm/McDonald's India,151.83,5.029326192539745,Small,Upi,Debit,Food
KFC India UPI/Paytm/KFC India,882.1,6.783438444474757,Medium,Upi,Debit,Food
Employer Salary Credit NEFT Salary Credit,51185.37,10.843228564649678,Large,Neft,Credit,Salary
BigBasket Debit Card BigBasket,867.72,6.767020863908645,Medium,Debit Card,Debit,Groceries
Cafe Coffee Day UPI/Paytm/Cafe Coffee Day,232.9,5.454893673590133,Small,Upi,Debit,Food
McDonald's India UPI/Paytm/McDonald's India,988.18,6.896876317084598,Medium,Upi,Debit,Food
BPCL Cash Withdrawal ATM,1827.58,7.511294988341409,Medium,Cash Withdrawal,Debit,Fuel
Ajio POS Purchase Ajio,1007.05,6.91577305057572,Medium,Credit Card,Debit,Shopping
HP Gas Net Banking Payment HP Gas,3766.41,8.234143041695077,Large,Net Banking,Debit,Bills
Nature's Basket Debit Card Nature's Basket,320.61,5.77333963134875,Small,Debit Card,Debit,Groceries
Tata Power Net Banking Payment Tata Power,5170.3,8.550879386571035,Large,Net Banking,Debit,Bills
Zepto UPI/DR/565644493/Zepto,472.58,6.160320852948366,Small,Upi,Debit,Groceries
Reliance Fresh UPI/DR/339336253/Reliance Fresh,450.36,6.112265247253686,Small,Upi,Debit,Groceries
Zepto UPI/DR/724800158/Zepto,796.09,6.680967595877827,Medium,Upi,Debit,Groceries
BSNL Auto Debit BSNL,4915.58,8.500368445825853,Large,Auto Debit,Debit,Bills
Municipal Water Department Net Banking Payment Municipal Water Department,2046.63,7.624438305775181,Medium,Net Banking,Debit,Bills
Local Services UPI/Local Services,2046.49,7.624369931710413,Medium,Upi,Debit,Other
Employer Salary Credit NEFT Salary Credit,52963.61,10.877379233650329,Large,Neft,Credit,Salary
Ace Hardware India Debit Card Ace Hardware India,269.59,5.600604760138834,Small,Debit Card,Debit,Miscellaneous
Cafe Coffee Day Debit Card Cafe Coffee Day,539.18,6.291902417348441,Small,Debit Card,Debit,Food
Tata 1mg POS Purchase Tata 1mg,1074.59,6.9806246272150085,Medium,Credit Card,Debit,Miscellaneous
House Rent Payment IMPS Rent Payment,8043.07,8.99269045299292,Large,Imps,Debit,Rent
McDonald's India UPI/Paytm/McDonald's India,116.0,4.762173934797756,Small,Upi,Debit,Food
Credit Card Bill Payment Auto Debit Credit Card Bill Payment,1379.13,7.229932976612987,Medium,Auto Debit,Debit,Bills
House Rent Payment IMPS Rent Payment,42343.13,10.653585083625686,Large,Imps,Debit,Rent
Swiggy UPI/Paytm/Swiggy,1810.81,7.502081624592955,Medium,Upi,Debit,Food
Bharat Gas Auto Debit Bharat Gas,8793.4,9.081870434264655,Large,Auto Debit,Debit,Bills
KFC India Debit Card KFC India,116.0,4.762173934797756,Small,Debit Card,Debit,Food
BSNL UPI/BSNL,8857.85,9.089172238335058,Large,Upi,Debit,Bills
Cafe Coffee Day UPI/Paytm/Cafe Coffee Day,376.11,5.932536922077654,Small,Upi,Debit,Food
Indian Oil Debit Card Indian Oil,2012.33,7.607545346630241,Medium,Debit Card,Debit,Fuel
Jio Net Banking Payment Jio,2836.16,7.950558830821668,Large,Net Banking,Debit,Bills
Credit Card Bill Payment Auto Debit Credit Card Bill Payment,2209.24,7.700856385900608,Medium,Auto Debit,Debit,Bills
BookMyShow POS Purchase BookMyShow,292.8,5.682899263739777,Small,Credit Card,Debit,Entertainment
BEST Auto Debit BEST,3972.57,8.28742021393577,Large,Auto Debit,Debit,Bills
BookMyShow POS Purchase BookMyShow,554.2,6.319328409192595,Small,Credit Card,Debit,Entertainment
Nature's Basket POS Purchase Nature's Basket,370.42,5.917333497764907,Small,Credit Card,Debit,Groceries
Zepto UPI/DR/118136542/Zepto,300.0,5.707110264748875,Small,Upi,Debit,Groceries
Spotify Auto Debit Spotify Subscription,674.41,6.515319913882724,Medium,Auto Debit,Debit,Subscription
HDFC Ergo Net Banking Payment HDFC Ergo Insurance Premium,8536.28,9.052197734879385,Large,Net Banking,Debit,Insurance
HPCL UPI/HPCL,3266.91,8.091905915820986,Large,Upi,Debit,Fuel
Reliance Fresh POS Purchase Reliance Fresh,353.98,5.8720614498602,Small,Credit Card,Debit,Groceries
Tata Power Net Banking Payment Tata Power,5519.43,8.61621103478793,Large,Net Banking,Debit,Bills
Laundry UPI/Laundry,627.63,6.4435428483280655,Small,Upi,Debit,Other
BigBasket UPI/DR/564766900/BigBasket,1669.6,7.420938122321806,Medium,Upi,Debit,Groceries
Reliance Fresh Debit Card Reliance Fresh,425.91,6.056573218179185,Small,Debit Card,Debit,Groceries
Adani Electricity UPI/Adani Electricity,385.96,5.958321328514728,Small,Upi,Debit,Bills
Tata Power UPI/Tata Power,1132.82,7.033347741530002,Medium,Upi,Debit,Bills
Myntra Debit Card Myntra,1909.72,7.555235413358628,Medium,Debit Card,Debit,Shopping
Reliance Fresh UPI/DR/351798116/Reliance Fresh,1081.68,6.987194727808562,Medium,Upi,Debit,Groceries
Flower Shop UPI/Flower Shop,45.21,3.833196224882175,Small,Upi,Debit,Other
Starbucks India UPI/Paytm/Starbucks India,487.19,6.190704674340632,Small,Upi,Debit,Food
McDonald's India UPI/Paytm/McDonald's India,501.26,6.21911791390002,Small,Upi,Debit,Food
Credit Card Bill Payment Auto Debit Credit Card Bill Payment,1960.69,7.5815616256029355,Medium,Auto Debit,Debit,Bills
Zomato UPI/Paytm/Zomato,890.92,6.793376442459316,Medium,Upi,Debit,Food
Amazon India Debit Card Amazon India,288.0,5.666426688112432,Small,Debit Card,Debit,Shopping
Flipkart POS Purchase Flipkart,288.0,5.666426688112432,Small,Credit Card,Debit,Shopping
Adani Electricity Auto Debit Adani Electricity,6021.68,8.70328762196269,Large,Auto Debit,Debit,Bills
Laundry UPI/Laundry,89.28,4.502915951949335,Small,Upi,Debit,Other
BigBasket Debit Card BigBasket,636.29,6.457224810999902,Small,Debit Card,Debit,Groceries
ICICI Lombard Auto Debit ICICI Lombard Insurance Premium,8351.92,9.0303664573127,Large,Auto Debit,Debit,Insurance
Indian Oil Cash Withdrawal ATM,4526.25,8.417869970121451,Large,Cash Withdrawal,Debit,Fuel
Lakme Salon UPI/Lakme Salon,3379.76,8.125855815272633,Large,Upi,Debit,Miscellaneous
Myntra UPI Payment Myntra,288.0,5.666426688112432,Small,Upi,Debit,Shopping
Laundry UPI/Laundry,1504.6,7.316946768831115,Medium,Upi,Debit,Other
Credit Card Bill Payment Net Banking Payment Credit Card Bill Payment,4345.72,8.37717681667591,Large,Net Banking,Debit,Bills
Credit Card Bill Payment Net Banking Payment Credit Card Bill Payment,1926.23,7.563839017804659,Medium,Net Banking,Debit,Bills
Misc Vendor Debit Card Misc Vendor,1426.96,7.2640021313027265,Medium,Debit Card,Debit,Other
Indian Oil Debit Card Indian Oil,2316.95,7.748438453347814,Medium,Debit Card,Debit,Fuel
PharmEasy UPI/PharmEasy,262.69,5.574774170759263,Small,Upi,Debit,Miscellaneous
Netflix UPI/Netflix,461.3,6.1362140309941795,Small,Upi,Debit,Subscription
House Rent Payment NEFT Rent Payment,34377.77,10.445194501682531,Large,Neft,Debit,Rent
EatClub Debit Card EatClub,116.0,4.762173934797756,Small,Debit Card,Debit,Food
BSNL Net Banking Payment BSNL,4887.51,8.4946428325609,Large,Net Banking,Debit,Bills
Reliance Fresh UPI/DR/411994135/Reliance Fresh,300.0,5.707110264748875,Small,Upi,Debit,Groceries
BSNL Net Banking Payment BSNL,2594.44,7.86151133806693,Medium,Net Banking,Debit,Bills
Vegetable Market UPI/Vegetable Market,499.85,6.216306655057774,Small,Upi,Debit,Other
BEST Auto Debit BEST,2128.66,7.663717621548993,Medium,Auto Debit,Debit,Bills
Starbucks India Debit Card Starbucks India,116.0,4.762173934797756,Small,Debit Card,Debit,Food
Indian Oil UPI/Indian Oil,1702.15,7.440234756642957,Medium,Upi,Debit,Fuel
HPCL Debit Card HPCL,2740.09,7.916110930495588,Large,Debit Card,Debit,Fuel
Spotify Auto Debit Spotify Subscription,850.0,6.7464121285733745,Medium,Auto Debit,Debit,Subscription
Flipkart Debit Card Flipkart,426.74,6.058515534357592,Small,Debit Card,Debit,Shopping
BEST Auto Debit BEST,10254.46,9.235565525668196,Large,Auto Debit,Debit,Bills
Airtel Auto Debit Airtel,6443.68,8.771010263248478,Large,Auto Debit,Debit,Bills
Jio Net Banking Payment Jio,3109.44,8.042519474265735,Large,Net Banking,Debit,Bills
Chaayos POS Purchase Chaayos,427.25,6.05970713720423,Small,Credit Card,Debit,Food
Myntra UPI Payment Myntra,288.0,5.666426688112432,Small,Upi,Debit,Shopping
Ace Hardware India Debit Card Ace Hardware India,141.87,4.9619351258770665,Small,Debit Card,Debit,Miscellaneous
PharmEasy UPI/PharmEasy,395.01,5.981439463460894,Small,Upi,Debit,Miscellaneous
BookMyShow POS Purchase BookMyShow,343.17,5.8411357213502,Small,Credit Card,Debit,Entertainment
Jio UPI/Jio,1476.19,7.297896913391455,Medium,Upi,Debit,Bills
IRCTC Debit Card IRCTC,60.0,4.110873864173311,Small,Debit Card,Debit,Miscellaneous
Domino's India UPI/Paytm/Domino's India,382.2,5.948557046096705,Small,Upi,Debit,Food
Credit Card Bill Payment UPI/Credit Card Bill Payment,1130.02,7.0308751594257295,Medium,Upi,Debit,Bills
Meesho UPI Payment Meesho,288.0,5.666426688112432,Small,Upi,Debit,Shopping
Street Vendor UPI/Street Vendor,248.37,5.518937737317808,Small,Upi,Debit,Other
Tailor UPI/Tailor,2353.08,7.763905271949636,Medium,Upi,Debit,Other
Bharat Gas Net Banking Payment Bharat Gas,2385.52,7.777591516884332,Medium,Net Banking,Debit,Bills
Blinkit Debit Card Blinkit,908.62,6.813026929881496,Medium,Debit Card,Debit,Groceries
House Rent Payment NEFT Rent Payment,43761.7,10.6865371353753,Large,Neft,Debit,Rent
Bakery UPI/Bakery,239.49,5.482678508639762,Small,Upi,Debit,Other
Vegetable Market UPI/Vegetable Market,476.64,6.168857310665184,Small,Upi,Debit,Other
Reliance Fresh Debit Card Reliance Fresh,928.74,6.834904977167881,Medium,Debit Card,Debit,Groceries
DMart Debit Card DMart,928.02,6.834130267107399,Medium,Debit Card,Debit,Groceries
Jio Fiber Net Banking Payment Jio Fiber,12768.3,9.454799131549192,Large,Net Banking,Debit,Bills
Credit Card Bill Payment Net Banking Payment Credit Card Bill Payment,2043.99,7.623148178489396,Medium,Net Banking,Debit,Bills
Municipal Water Department Auto Debit Municipal Water Department,3317.0,8.10711747075039,Large,Auto Debit,Debit,Bills
Myntra Debit Card Myntra,14738.39,9.598278780897841,Large,Debit Card,Debit,Shopping
BPCL UPI/BPCL,1788.73,7.48982004946878,Medium,Upi,Debit,Fuel
Credit Card Bill Payment Net Banking Payment Credit Card Bill Payment,6776.91,8.821424073825668,Large,Net Banking,Debit,Bills
Credit Card Bill Payment Auto Debit Credit Card Bill Payment,5975.77,8.695635567240615,Large,Auto Debit,Debit,Bills
Credit Card Bill Payment Auto Debit Credit Card Bill Payment,517.04,6.250052459355387,Small,Auto Debit,Debit,Bills
Credit Card Bill Payment Net Banking Payment Credit Card Bill Payment,367.43,5.909250734290403,Small,Net Banking,Debit,Bills
Myntra Debit Card Myntra,288.0,5.666426688112432,Small,Debit Card,Debit,Shopping
Local Store UPI/Local Store,1570.22,7.359607666643423,Medium,Upi,Debit,Other
Reliance Fresh Debit Card Reliance Fresh,610.66,6.416176572578603,Small,Debit Card,Debit,Groceries
Domino's India UPI/Paytm/Domino's India,116.0,4.762173934797756,Small,Upi,Debit,Food
BPCL UPI/BPCL,4463.25,8.403856506077235,Large,Upi,Debit,Fuel
Tata Power Net Banking Payment Tata Power,1575.94,7.3632415393146955,Medium,Net Banking,Debit,Bills
Credit Card Bill Payment Auto Debit Credit Card Bill Payment,2036.41,7.619434672360275,Medium,Auto Debit,Debit,Bills
Credit Card Bill Payment Net Banking Payment Credit Card Bill Payment,2251.07,7.71960507225785,Medium,Net Banking,Debit,Bills
Airtel Auto Debit Airtel,305.14,5.724042513663561,Small,Auto Debit,Debit,Bills
DMart UPI/DR/509721231/DMart,1261.94,7.141197615283806,Medium,Upi,Debit,Groceries
Airtel Auto Debit Airtel,204.0,5.3230099791384085,Small,Auto Debit,Debit,Bills
Fruit Vendor UPI/Fruit Vendor,102.3,4.637637376125593,Small,Upi,Debit,Other
Street Vendor UPI/Street Vendor,235.18,5.464594226173135,Small,Upi,Debit,Other
Amazon India UPI Payment Amazon India,288.0,5.666426688112432,Small,Upi,Debit,Shopping
Tata Power UPI/Tata Power,380.95,5.945289709987368,Small,Upi,Debit,Bills
Bharat Gas UPI/Bharat Gas,2581.5,7.856513200993794,Medium,Upi,Debit,Bills
PharmEasy Debit Card PharmEasy,60.0,4.110873864173311,Small,Debit Card,Debit,Miscellaneous
BEST Auto Debit BEST,1252.05,7.133335858329764,Medium,Auto Debit,Debit,Bills
Indian Oil Debit Card Indian Oil,3695.52,8.215147115505985,Large,Debit Card,Debit,Fuel
PharmEasy Debit Card PharmEasy,2026.71,7.614662356458267,Medium,Debit Card,Debit,Miscellaneous
Flipkart Debit Card Flipkart,288.0,5.666426688112432,Small,Debit Card,Debit,Shopping
Zepto UPI/DR/106333920/Zepto,1012.97,6.921628597914643,Medium,Upi,Debit,Groceries
Cafe Coffee Day UPI/Paytm/Cafe Coffee Day,451.13,6.113969749099694,Small,Upi,Debit,Food
Credit Card Bill Payment Net Banking Payment Credit Card Bill Payment,2942.96,7.987510892799942,Large,Net Banking,Debit,Bills
EatClub Debit Card EatClub,1816.26,7.5050851511698,Medium,Debit Card,Debit,Food
Bharat Gas UPI/Bharat Gas,2640.71,7.87918171372832,Medium,Upi,Debit,Bills
BigBasket POS Purchase BigBasket,449.83,6.111090328309851,Small,Credit Card,Debit,Groceries
Municipal Water Department UPI/Municipal Water Department,2324.76,7.751802146327697,Medium,Upi,Debit,Bills
Amazon Prime Net Banking Payment Amazon Prime,305.04,5.723715812363651,Small,Net Banking,Debit,Subscription
IRCTC Debit Card IRCTC,60.0,4.110873864173311,Small,Debit Card,Debit,Miscellaneous
Spotify Auto Debit Spotify Subscription,149.0,5.0106352940962555,Small,Auto Debit,Debit,Subscription
Nature's Basket UPI/DR/809446097/Nature's Basket,300.0,5.707110264748875,Small,Upi,Debit,Groceries
Tata 1mg Debit Card Tata 1mg,2655.63,7.884813681264319,Large,Debit Card,Debit,Miscellaneous
BookMyShow POS Purchase BookMyShow,271.09,5.606132893919445,Small,Credit Card,Debit,Entertainment
Meesho UPI Payment Meesho,2003.45,7.603124987895179,Medium,Upi,Debit,Shopping
Jio Auto Debit Jio,13960.69,9.544072429161092,Large,Auto Debit,Debit,Bills
Jio Fiber Auto Debit Jio Fiber,546.94,6.306165791902557,Small,Auto Debit,Debit,Bills
Zomato UPI/Paytm/Zomato,866.68,6.76582298309275,Medium,Upi,Debit,Food
Credit Card Bill Payment Net Banking Payment Credit Card Bill Payment,1966.52,7.5845291454241375,Medium,Net Banking,Debit,Bills
Nykaa UPI Payment Nykaa,11751.02,9.37178041969025,Large,Upi,Debit,Shopping
Rapido POS Purchase Rapido,3377.64,8.125228540641892,Large,Credit Card,Debit,Miscellaneous
Airtel UPI/Airtel,696.75,6.5478608724164316,Medium,Upi,Debit,Bills
DMart Debit Card DMart,300.0,5.707110264748875,Small,Debit Card,Debit,Groceries
HPCL Debit Card HPCL,3704.43,8.217554590375036,Large,Debit Card,Debit,Fuel
Netflix Auto Debit Netflix Subscription,294.67,5.689243967535078,Small,Auto Debit,Debit,Subscription
House Rent Payment NEFT Rent Payment,7920.8,8.977373731713211,Large,Neft,Debit,Rent
Local Barbershop UPI/Local Barbershop,650.05,6.478586444174737,Small,Upi,Debit,Miscellaneous
Indane Gas Net Banking Payment Indane Gas,1580.03,7.365831812361511,Medium,Net Banking,Debit,Bills
HPCL UPI/HPCL,2785.38,7.932498541305676,Large,Upi,Debit,Fuel
BSNL Net Banking Payment BSNL,9754.07,9.185542428838744,Large,Net Banking,Debit,Bills
Adani Electricity Auto Debit Adani Electricity,1221.47,7.108628681170619,Medium,Auto Debit,Debit,Bills
BookMyShow Debit Card BookMyShow,252.07,5.533666130300609,Small,Debit Card,Debit,Entertainment
House Rent Payment IMPS Rent Payment,8289.52,9.022867972338252,Large,Imps,Debit,Rent
BSNL Auto Debit BSNL,534.97,6.284078189355161,Small,Auto Debit,Debit,Bills
Tata 1mg UPI/Tata 1mg,60.0,4.110873864173311,Small,Upi,Debit,Miscellaneous
KFC India UPI/Paytm/KFC India,791.4,6.675066314824396,Medium,Upi,Debit,Food
Nature's Basket Debit Card Nature's Basket,300.0,5.707110264748875,Small,Debit Card,Debit,Groceries
Credit Card Bill Payment UPI/Credit Card Bill Payment,2139.49,7.668790053768435,Medium,Upi,Debit,Bills
Spotify Auto Debit Spotify Subscription,196.53,5.2858904715399095,Small,Auto Debit,Debit,Subscription
Netflix Auto Debit Netflix Subscription,530.94,6.276530701026394,Small,Auto Debit,Debit,Subscription
Jio Auto Debit Jio,762.82,6.638332159313746,Medium,Auto Debit,Debit,Bills
Jio Fiber Net Banking Payment Jio Fiber,2441.18,7.800646362027906,Medium,Net Banking,Debit,Bills
McDonald's India UPI/Paytm/McDonald's India,225.81,5.424112662592345,Small,Upi,Debit,Food
Swiggy UPI/Paytm/Swiggy,485.25,6.1867228949326565,Small,Upi,Debit,Food
Tata 1mg POS Purchase Tata 1mg,889.47,6.791749413223433,Medium,Credit Card,Debit,Miscellaneous
Swiggy UPI/Paytm/Swiggy,893.09,6.795806441247454,Medium,Upi,Debit,Food
Credit Card Bill Payment Net Banking Payment Credit Card Bill Payment,486.44,6.1891672059402385,Small,Net Banking,Debit,Bills
ICICI Lombard Auto Debit ICICI Lombard Insurance Premium,8473.54,9.04482165348945,Large,Auto Debit,Debit,Insurance
Flipkart POS Purchase Flipkart,288.0,5.666426688112432,Small,Credit Card,Debit,Shopping
Myntra UPI Payment Myntra,2165.0,7.680637427560936,Medium,Upi,Debit,Shopping
Employer Salary Credit NEFT Salary Credit,33983.8,10.43366864481418,Large,Neft,Credit,Salary
Credit Card Bill Payment Net Banking Payment Credit Card Bill Payment,3122.66,8.046760670209492,Large,Net Banking,Debit,Bills
Nature's Basket UPI/DR/955675121/Nature's Basket,300.0,5.707110264748875,Small,Upi,Debit,Groceries
Chaayos Debit Card Chaayos,582.73,6.369438547154207,Small,Debit Card,Debit,Food
Unknown Merchant UPI/Unknown Merchant,720.14,6.580833293192752,Medium,Upi,Debit,Other
Municipal Water Department Auto Debit Municipal Water Department,2082.75,7.641924434065004,Medium,Auto Debit,Debit,Bills
Barbeque Nation UPI/Paytm/Barbeque Nation,602.39,6.402563753833239,Small,Upi,Debit,Food
Zepto Debit Card Zepto,1414.28,7.255082670360358,Medium,Debit Card,Debit,Groceries
Tata Play Auto Debit Tata Play Subscription,182.41,5.211724083962941,Small,Auto Debit,Debit,Subscription
Indian Oil UPI/Indian Oil,1793.82,7.492660017342617,Medium,Upi,Debit,Fuel
Credit Card Bill Payment Auto Debit Credit Card Bill Payment,8265.34,9.019947126575149,Large,Auto Debit,Debit,Bills
Flower Shop UPI/Flower Shop,245.95,5.509185886986634,Small,Upi,Debit,Other
Local Wine & Beer Shop UPI/Paytm/Local Wine & Beer Shop,440.37,6.089883525948758,Small,Upi,Debit,Food
Adani Electricity Auto Debit Adani Electricity,2629.92,7.8750888738885285,Medium,Auto Debit,Debit,Bills
Blinkit Debit Card Blinkit,955.27,6.863040299954709,Medium,Debit Card,Debit,Groceries
Nature's Basket UPI/DR/584392493/Nature's Basket,1037.04,6.945089598628827,Medium,Upi,Debit,Groceries
Flower Shop UPI/Flower Shop,37.96,3.6625354787743345,Small,Upi,Debit,Other
Cafe Coffee Day UPI/Paytm/Cafe Coffee Day,116.0,4.762173934797756,Small,Upi,Debit,Food
Zepto UPI/DR/795389979/Zepto,943.63,6.850793316432605,Medium,Upi,Debit,Groceries
Flower Shop UPI/Flower Shop,72.83,4.3017651530710745,Small,Upi,Debit,Other
Rapido UPI/Rapido,60.0,4.110873864173311,Small,Upi,Debit,Miscellaneous
Burger King UPI/Paytm/Burger King,293.47,5.685177130330632,Small,Upi,Debit,Food
Cafe Coffee Day UPI/Paytm/Cafe Coffee Day,959.68,6.867641367045562,Medium,Upi,Debit,Food
Domino's India POS Purchase Domino's India,1354.39,7.211844514778972,Medium,Credit Card,Debit,Food
Blinkit UPI/DR/290509600/Blinkit,902.76,6.806563838418674,Medium,Upi,Debit,Groceries
Adani Electricity Auto Debit Adani Electricity,4332.87,8.374216186261108,Large,Auto Debit,Debit,Bills
Municipal Water Department Net Banking Payment Municipal Water Department,841.11,6.735910647039658,Medium,Net Banking,Debit,Bills
Zomato Debit Card Zomato,134.92,4.912066477363677,Small,Debit Card,Debit,Food
Amazon India POS Purchase Amazon India,539.44,6.292383622591759,Small,Credit Card,Debit,Shopping
Credit Card Bill Payment Net Banking Payment Credit Card Bill Payment,2975.46,7.99848995390076,Large,Net Banking,Debit,Bills
Credit Card Bill Payment Auto Debit Credit Card Bill Payment,2624.31,7.872954263291126,Medium,Auto Debit,Debit,Bills
House Rent Payment IMPS Rent Payment,47647.26,10.771601392151185,Large,Imps,Debit,Rent
Employer Salary Credit NEFT Salary Credit,45507.89,10.725662970469338,Large,Neft,Credit,Salary
Chaayos Debit Card Chaayos,316.76,5.761296380856808,Small,Debit Card,Debit,Food
Zomato Debit Card Zomato,140.43,4.951804895032408,Small,Debit Card,Debit,Food
PharmEasy UPI/PharmEasy,3115.38,8.044427350774706,Large,Upi,Debit,Miscellaneous
Swiggy UPI/Paytm/Swiggy,347.57,5.85383907086288,Small,Upi,Debit,Food
Nykaa Debit Card Nykaa,288.0,5.666426688112432,Small,Debit Card,Debit,Shopping
Credit Card Bill Payment Auto Debit Credit Card Bill Payment,1497.07,7.311932891957363,Medium,Auto Debit,Debit,Bills
Airtel Auto Debit Airtel,1275.54,7.151908571874096,Medium,Auto Debit,Debit,Bills
Mobile Repair UPI/Mobile Repair,2452.73,7.805364594767846,Medium,Upi,Debit,Other
Barbeque Nation UPI/Paytm/Barbeque Nation,620.15,6.431572598659686,Small,Upi,Debit,Food
Third Wave Coffee UPI/Paytm/Third Wave Coffee,163.09,5.100415057787059,Small,Upi,Debit,Food
BookMyShow Debit Card BookMyShow,154.0,5.043425116919247,Small,Debit Card,Debit,Entertainment
Uber POS Purchase Uber,1498.7,7.313020367087635,Medium,Credit Card,Debit,Miscellaneous
Flipkart Debit Card Flipkart,1941.68,7.571823742041415,Medium,Debit Card,Debit,Shopping
Netflix Auto Debit Netflix Subscription,319.22,5.7690082595739085,Small,Auto Debit,Debit,Subscription
BSNL Auto Debit BSNL,1839.87,7.517993564942957,Medium,Auto Debit,Debit,Bills
Airtel Net Banking Payment Airtel,5789.19,8.663920385227252,Large,Net Banking,Debit,Bills
BigBasket UPI/DR/373821508/BigBasket,1293.2,7.165648022623166,Medium,Upi,Debit,Groceries
Nature's Basket UPI/DR/105061082/Nature's Basket,690.02,6.538168766908871,Medium,Upi,Debit,Groceries
Cafe Coffee Day UPI/Paytm/Cafe Coffee Day,1247.46,7.12966607076045,Medium,Upi,Debit,Food
Adani Electricity Net Banking Payment Adani Electricity,1840.01,7.518069613048852,Medium,Net Banking,Debit,Bills
BigBasket UPI/DR/651131533/BigBasket,300.0,5.707110264748875,Small,Upi,Debit,Groceries
Blinkit UPI/DR/338760659/Blinkit,525.77,6.266764020639349,Small,Upi,Debit,Groceries
BPCL UPI/BPCL,3788.65,8.240028945527147,Large,Upi,Debit,Fuel
Nykaa POS Purchase Nykaa,1504.3,7.316747492866458,Medium,Credit Card,Debit,Shopping
HP Gas Auto Debit HP Gas,2546.74,7.842961970669209,Medium,Auto Debit,Debit,Bills
Swiggy UPI/Paytm/Swiggy,182.49,5.212160170096862,Small,Upi,Debit,Food
Vegetable Market UPI/Vegetable Market,572.38,6.351548673175804,Small,Upi,Debit,Other
Zepto Debit Card Zepto,1186.25,7.0793949874292315,Medium,Debit Card,Debit,Groceries
Zomato UPI/Paytm/Zomato,678.24,6.5209745260781,Medium,Upi,Debit,Food
Airtel Auto Debit Airtel,5915.83,8.685556111488227,Large,Auto Debit,Debit,Bills
Zepto UPI/DR/856524312/Zepto,561.27,6.331982161571831,Small,Upi,Debit,Groceries
Airtel Auto Debit Airtel,5317.58,8.578961629413696,Large,Auto Debit,Debit,Bills
EatClub Debit Card EatClub,388.45,5.9647354873659575,Small,Debit Card,Debit,Food
BSNL Auto Debit BSNL,3169.36,8.061600425092116,Large,Auto Debit,Debit,Bills
PharmEasy UPI/PharmEasy,3342.03,8.114632860355304,Large,Upi,Debit,Miscellaneous
Airtel Auto Debit Airtel,187.0,5.236441962829949,Small,Auto Debit,Debit,Bills
Airtel Auto Debit Airtel,2875.69,7.964395606616329,Large,Auto Debit,Debit,Bills
Indane Gas Net Banking Payment Indane Gas,4504.05,8.412954268759982,Large,Net Banking,Debit,Bills
Swiggy UPI/Paytm/Swiggy,116.0,4.762173934797756,Small,Upi,Debit,Food
Spotify Auto Debit Spotify Subscription,149.0,5.0106352940962555,Small,Auto Debit,Debit,Subscription
Adani Electricity Auto Debit Adani Electricity,8769.27,9.079122871665415,Large,Auto Debit,Debit,Bills
Local Services Debit Card Local Services,1645.44,7.406370660217115,Medium,Debit Card,Debit,Other
Jio UPI/Jio,719.84,6.58041719865007,Medium,Upi,Debit,Bills
Jio Fiber Auto Debit Jio Fiber,1410.16,7.252167340179607,Medium,Auto Debit,Debit,Bills
Swiggy UPI/Paytm/Swiggy,1207.05,7.0967627683666645,Medium,Upi,Debit,Food
Indian Oil UPI/Indian Oil,2711.16,7.905500644370176,Large,Upi,Debit,Fuel
Airtel Net Banking Payment Airtel,8486.41,9.04633916798157,Large,Net Banking,Debit,Bills
Myntra UPI Payment Myntra,288.0,5.666426688112432,Small,Upi,Debit,Shopping
Municipal Water Department Auto Debit Municipal Water Department,278.37,5.632537068115956,Small,Auto Debit,Debit,Bills
Employer Salary Credit NEFT Salary Credit,51158.94,10.842712082900848,Large,Neft,Credit,Salary
Indian Oil UPI/Indian Oil,3191.42,8.068534528861317,Large,Upi,Debit,Fuel
Netflix Auto Debit Netflix Subscription,149.0,5.0106352940962555,Small,Auto Debit,Debit,Subscription
Third Wave Coffee Debit Card Third Wave Coffee,1118.87,7.020967886123759,Medium,Debit Card,Debit,Food
Credit Card Bill Payment Net Banking Payment Credit Card Bill Payment,7707.07,8.950023110966814,Large,Net Banking,Debit,Bills
Tata Power Auto Debit Tata Power,2457.95,7.807489708540575,Medium,Auto Debit,Debit,Bills
Tata Power Auto Debit Tata Power,1914.55,7.5577600666452405,Medium,Auto Debit,Debit,Bills
Vegetable Market UPI/Vegetable Market,535.7,6.285439279182783,Small,Upi,Debit,Other
Zomato POS Purchase Zomato,116.0,4.762173934797756,Small,Credit Card,Debit,Food
Reliance Fresh Debit Card Reliance Fresh,350.63,5.862579486403199,Small,Debit Card,Debit,Groceries
BPCL UPI/BPCL,3008.67,8.00958571718112,Large,Upi,Debit,Fuel
Tata Power Auto Debit Tata Power,1620.18,7.390909558137224,Medium,Auto Debit,Debit,Bills
Jio Net Banking Payment Jio,2897.56,7.971969340927794,Large,Net Banking,Debit,Bills
McDonald's India POS Purchase McDonald's India,406.52,6.010090011231147,Small,Credit Card,Debit,Food
BEST Auto Debit BEST,2684.03,7.895447180064903,Large,Auto Debit,Debit,Bills
Tea Stall UPI/Tea Stall,141.69,4.960674444942484,Small,Upi,Debit,Other
Credit Card Bill Payment UPI/Credit Card Bill Payment,5402.58,8.594816975852464,Large,Upi,Debit,Bills
Airtel Net Banking Payment Airtel,463.29,6.140509356995097,Small,Net Banking,Debit,Bills
Faasos Debit Card Faasos,446.89,6.104547666551871,Small,Debit Card,Debit,Food
Naturals Salon POS Purchase Naturals Salon,129.83,4.873898770522785,Small,Credit Card,Debit,Miscellaneous
Street Vendor UPI/Street Vendor,99.29,4.608065989100117,Small,Upi,Debit,Other
Burger King UPI/Paytm/Burger King,116.0,4.762173934797756,Small,Upi,Debit,Food
Zomato POS Purchase Zomato,845.15,6.740696648854095,Medium,Credit Card,Debit,Food
Starbucks India Debit Card Starbucks India,931.94,6.83834089009778,Medium,Debit Card,Debit,Food
IRCTC Cash Withdrawal ATM,592.35,6.385784444111148,Small,Cash Withdrawal,Debit,Miscellaneous
LIC Net Banking Payment LIC Insurance Premium,8349.36,9.030059930687985,Large,Net Banking,Debit,Insurance
HDFC Ergo Auto Debit HDFC Ergo Insurance Premium,8348.61,9.02997011016729,Large,Auto Debit,Debit,Insurance
Burger King UPI/Paytm/Burger King,638.15,6.460139168614031,Small,Upi,Debit,Food
Reliance Fresh UPI/DR/115115189/Reliance Fresh,492.46,6.201441801890433,Small,Upi,Debit,Groceries
McDonald's India Debit Card McDonald's India,116.0,4.762173934797756,Small,Debit Card,Debit,Food
Mobile Repair UPI/Mobile Repair,344.63,5.845368838718072,Small,Upi,Debit,Other
Amazon India POS Purchase Amazon India,947.34,6.85471308774459,Medium,Credit Card,Debit,Shopping
Flipkart UPI Payment Flipkart,2131.07,7.664848617767381,Medium,Upi,Debit,Shopping
The Beer Cafe UPI/Paytm/The Beer Cafe,227.76,5.4326734190471155,Small,Upi,Debit,Food
EatClub UPI/Paytm/EatClub,220.13,5.398750763869307,Small,Upi,Debit,Food
Credit Card Bill Payment UPI/Credit Card Bill Payment,305.24,5.72436910826459,Small,Upi,Debit,Bills
Indian Oil UPI/Indian Oil,4246.81,8.354158834991177,Large,Upi,Debit,Fuel
Nykaa UPI Payment Nykaa,3682.91,8.211729967109354,Large,Upi,Debit,Shopping
Local Services UPI/Local Services,810.01,6.698280384495621,Medium,Upi,Debit,Other
Jio Auto Debit Jio,842.17,6.737168598406531,Medium,Auto Debit,Debit,Bills
Municipal Water Department Auto Debit Municipal Water Department,430.1,6.066340081753089,Small,Auto Debit,Debit,Bills
BSNL Auto Debit BSNL,5268.34,8.569660396500925,Large,Auto Debit,Debit,Bills
Credit Card Bill Payment UPI/Credit Card Bill Payment,613.57,6.420922836269428,Small,Upi,Debit,Bills
Zomato POS Purchase Zomato,983.7,6.892337026253756,Medium,Credit Card,Debit,Food
Employer Salary Credit NEFT Salary Credit,49657.84,10.812931699949223,Large,Neft,Credit,Salary
DMart UPI/DR/244295352/DMart,1265.11,7.143704486765295,Medium,Upi,Debit,Groceries
Credit Card Bill Payment Auto Debit Credit Card Bill Payment,10162.95,9.226602425104854,Large,Auto Debit,Debit,Bills
Nykaa POS Purchase Nykaa,288.0,5.666426688112432,Small,Credit Card,Debit,Shopping
Credit Card Bill Payment Net Banking Payment Credit Card Bill Payment,7669.15,8.945091450884544,Large,Net Banking,Debit,Bills
Netflix Auto Debit Netflix Subscription,389.59,5.967658416476346,Small,Auto Debit,Debit,Subscription
Bajaj Allianz Net Banking Payment Bajaj Allianz Insurance Premium,8821.05,9.085009548297883,Large,Net Banking,Debit,Insurance
Ola Debit Card Ola,4341.65,8.376240039833023,Large,Debit Card,Debit,Miscellaneous
Third Wave Coffee UPI/Paytm/Third Wave Coffee,853.9,6.750984503032188,Medium,Upi,Debit,Food
Local Wine & Beer Shop UPI/Paytm/Local Wine & Beer Shop,116.0,4.762173934797756,Small,Upi,Debit,Food
Airtel Auto Debit Airtel,3710.16,8.219099775194495,Large,Auto Debit,Debit,Bills
Municipal Water Department Auto Debit Municipal Water Department,2813.39,7.942500820821779,Large,Auto Debit,Debit,Bills
Tata Power Net Banking Payment Tata Power,3904.71,8.270194863928682,Large,Net Banking,Debit,Bills
Jio Net Banking Payment Jio,10671.02,9.275380642216618,Large,Net Banking,Debit,Bills
BookMyShow POS Purchase BookMyShow,269.08,5.598718211407593,Small,Credit Card,Debit,Entertainment
Tata Play Auto Debit Tata Play Subscription,149.0,5.0106352940962555,Small,Auto Debit,Debit,Subscription
Myntra POS Purchase Myntra,2711.98,7.905802940718748,Large,Credit Card,Debit,Shopping
Airtel Auto Debit Airtel,2955.95,7.991913610680096,Large,Auto Debit,Debit,Bills
Nykaa POS Purchase Nykaa,374.67,5.928711098446764,Small,Credit Card,Debit,Shopping
Ace Hardware India POS Purchase Ace Hardware India,502.65,6.22188158238869,Small,Credit Card,Debit,Miscellaneous
Credit Card Bill Payment UPI/Credit Card Bill Payment,2501.87,7.825193352408176,Medium,Upi,Debit,Bills
Ola UPI/Ola,60.0,4.110873864173311,Small,Upi,Debit,Miscellaneous
Reliance Fresh Debit Card Reliance Fresh,638.97,6.461421300255051,Small,Debit Card,Debit,Groceries
Municipal Water Department Auto Debit Municipal Water Department,2992.01,8.004034848976419,Large,Auto Debit,Debit,Bills
BPCL UPI/BPCL,3564.98,8.1791941898824,Large,Upi,Debit,Fuel
Credit Card Bill Payment Net Banking Payment Credit Card Bill Payment,1441.76,7.274313224774818,Medium,Net Banking,Debit,Bills
Ace Hardware India UPI/Ace Hardware India,60.0,4.110873864173311,Small,Upi,Debit,Miscellaneous
Ace Hardware India UPI/Ace Hardware India,60.0,4.110873864173311,Small,Upi,Debit,Miscellaneous
Employer Salary Credit NEFT Salary Credit,35672.4,10.482160592005007,Large,Neft,Credit,Salary
Reliance Fresh Debit Card Reliance Fresh,398.64,5.990564141864818,Small,Debit Card,Debit,Groceries
LIC Net Banking Payment LIC Insurance Premium,8277.49,9.021415863598635,Large,Net Banking,Debit,Insurance
Indian Oil UPI/Indian Oil,3582.74,8.184162226820474,Large,Upi,Debit,Fuel
Credit Card Bill Payment Auto Debit Credit Card Bill Payment,1042.89,6.950709398906735,Medium,Auto Debit,Debit,Bills
General Store UPI/General Store,30.74,3.457577715098263,Small,Upi,Debit,Other
Airtel Net Banking Payment Airtel,2742.33,7.916927789935439,Large,Net Banking,Debit,Bills
Myntra Debit Card Myntra,288.0,5.666426688112432,Small,Debit Card,Debit,Shopping
Faasos UPI/Paytm/Faasos,209.25,5.3482972988530575,Small,Upi,Debit,Food
Jio Net Banking Payment Jio,1831.59,7.513485545788079,Medium,Net Banking,Debit,Bills
HP Gas Auto Debit HP Gas,2041.04,7.621704587171346,Medium,Auto Debit,Debit,Bills
BookMyShow POS Purchase BookMyShow,262.8,5.575191240283214,Small,Credit Card,Debit,Entertainment
Indane Gas Net Banking Payment Indane Gas,563.36,6.335692345744957,Small,Net Banking,Debit,Bills
Airtel Auto Debit Airtel,1750.41,7.468176456789764,Medium,Auto Debit,Debit,Bills
Credit Card Bill Payment Auto Debit Credit Card Bill Payment,3356.46,8.118940014700215,Large,Auto Debit,Debit,Bills
Credit Card Bill Payment Net Banking Payment Credit Card Bill Payment,2563.37,7.8494681134017155,Medium,Net Banking,Debit,Bills
Amazon Prime Auto Debit Amazon Prime Subscription,498.32,6.21324717278285,Small,Auto Debit,Debit,Subscription
Burger King Debit Card Burger King,1628.67,7.396132819316503,Medium,Debit Card,Debit,Food
Credit Card Bill Payment Auto Debit Credit Card Bill Payment,2362.53,7.767911543192718,Medium,Auto Debit,Debit,Bills
Cafe Coffee Day UPI/Paytm/Cafe Coffee Day,136.81,4.925875924887054,Small,Upi,Debit,Food
Zepto POS Purchase Zepto,2009.78,7.606277985478922,Medium,Credit Card,Debit,Groceries
Tata Power UPI/Tata Power,690.03,6.538183238165338,Medium,Upi,Debit,Bills
McDonald's India Debit Card McDonald's India,318.78,5.767633259357274,Small,Debit Card,Debit,Food
Amazon India UPI Payment Amazon India,288.0,5.666426688112432,Small,Upi,Debit,Shopping
Credit Card Bill Payment UPI/Credit Card Bill Payment,2890.58,7.9695583445162494,Large,Upi,Debit,Bills
BSNL Auto Debit BSNL,1268.51,7.146386278230684,Medium,Auto Debit,Debit,Bills
Employer Salary Credit NEFT Salary Credit,52599.6,10.87048280550485,Large,Neft,Credit,Salary
Amazon Prime Auto Debit Amazon Prime Subscription,149.0,5.0106352940962555,Small,Auto Debit,Debit,Subscription
Credit Card Bill Payment Auto Debit Credit Card Bill Payment,6359.62,8.757881135859614,Large,Auto Debit,Debit,Bills
Credit Card Bill Payment Net Banking Payment Credit Card Bill Payment,207.06,5.337826499642749,Small,Net Banking,Debit,Bills
Swiggy UPI/Paytm/Swiggy,1216.43,7.104497358437322,Medium,Upi,Debit,Food
Faasos Debit Card Faasos,116.0,4.762173934797756,Small,Debit Card,Debit,Food
Mobile Repair Cash Withdrawal ATM,1437.8,7.271564711821469,Medium,Cash Withdrawal,Debit,Other
Indian Oil Cash Withdrawal ATM,2005.49,7.604142205891911,Medium,Cash Withdrawal,Debit,Fuel
Indane Gas UPI/Indane Gas,7419.9,8.912055622606466,Large,Upi,Debit,Bills
House Rent Payment IMPS Rent Payment,7775.62,8.958877075472095,Large,Imps,Debit,Rent
LIC Net Banking Payment LIC Insurance Premium,8547.9,9.053557898683286,Large,Net Banking,Debit,Insurance
Credit Card Bill Payment Auto Debit Credit Card Bill Payment,212.11,5.3618084643292345,Small,Auto Debit,Debit,Bills
Credit Card Bill Payment Auto Debit Credit Card Bill Payment,187.0,5.236441962829949,Small,Auto Debit,Debit,Bills
House Rent Payment IMPS Rent Payment,7798.14,8.961768750188742,Large,Imps,Debit,Rent
Dish TV Auto Debit Dish TV Subscription,149.0,5.0106352940962555,Small,Auto Debit,Debit,Subscription
Zomato POS Purchase Zomato,116.0,4.762173934797756,Small,Credit Card,Debit,Food
Tata Power UPI/Tata Power,187.0,5.236441962829949,Small,Upi,Debit,Bills
Burger King Debit Card Burger King,983.91,6.892550266439169,Medium,Debit Card,Debit,Food
BPCL Debit Card BPCL,3701.95,8.216885078256965,Large,Debit Card,Debit,Fuel
Ace Hardware India POS Purchase Ace Hardware India,1481.26,7.301323229064972,Medium,Credit Card,Debit,Miscellaneous
Credit Card Bill Payment Auto Debit Credit Card Bill Payment,3119.58,8.045774160962639,Large,Auto Debit,Debit,Bills
Tata Power Net Banking Payment Tata Power,469.96,6.154773164720006,Small,Net Banking,Debit,Bills
Local Services UPI/Local Services,542.99,6.298930864334044,Small,Upi,Debit,Other
Myntra Debit Card Myntra,288.0,5.666426688112432,Small,Debit Card,Debit,Shopping
Third Wave Coffee UPI/Paytm/Third Wave Coffee,464.88,6.143928090234451,Small,Upi,Debit,Food
BookMyShow UPI Payment BookMyShow,202.95,5.317874865763567,Small,Upi,Debit,Entertainment
Indian Oil UPI/Indian Oil,3389.76,8.128809364038505,Large,Upi,Debit,Fuel
Disney+ Hotstar Auto Debit Disney+ Hotstar Subscription,612.62,6.419375844045977,Small,Auto Debit,Debit,Subscription
Employer Salary Credit NEFT Salary Credit,37104.74,10.521526953609222,Large,Neft,Credit,Salary
Bajaj Allianz Net Banking Payment Bajaj Allianz Insurance Premium,8258.18,9.019080587979325,Large,Net Banking,Debit,Insurance
Municipal Water Department Net Banking Payment Municipal Water Department,617.49,6.42728102355309,Small,Net Banking,Debit,Bills
BigBasket UPI/DR/780287364/BigBasket,384.44,5.954385538866561,Small,Upi,Debit,Groceries
Municipal Water Department Net Banking Payment Municipal Water Department,4052.04,8.307222495812276,Large,Net Banking,Debit,Bills
House Rent Payment NEFT Rent Payment,8078.93,8.997138488111277,Large,Neft,Debit,Rent
House Rent Payment IMPS Rent Payment,8458.82,9.043083175778174,Large,Imps,Debit,Rent
Domino's India UPI/Paytm/Domino's India,1103.95,7.007555364059314,Medium,Upi,Debit,Food
KFC India POS Purchase KFC India,173.53,5.162096646636745,Small,Credit Card,Debit,Food
Chaayos UPI/Paytm/Chaayos,116.0,4.762173934797756,Small,Upi,Debit,Food
Domino's India UPI/Paytm/Domino's India,269.91,5.601786662400147,Small,Upi,Debit,Food
Nature's Basket UPI/DR/892904680/Nature's Basket,341.19,5.835366138354305,Small,Upi,Debit,Groceries
Swiggy UPI/Paytm/Swiggy,119.24,4.789489745444719,Small,Upi,Debit,Food
Municipal Water Department Auto Debit Municipal Water Department,2001.62,7.60221160224071,Medium,Auto Debit,Debit,Bills
LIC Auto Debit LIC Insurance Premium,8427.55,9.03938003145643,Large,Auto Debit,Debit,Insurance
Laundry UPI/Laundry,1268.98,7.146756431297139,Medium,Upi,Debit,Other
BookMyShow UPI Payment BookMyShow,248.13,5.517974848577414,Small,Upi,Debit,Entertainment
Jio Fiber Auto Debit Jio Fiber,2854.83,7.957117797878339,Large,Auto Debit,Debit,Bills
Credit Card Bill Payment Auto Debit Credit Card Bill Payment,5126.57,8.542387141730483,Large,Auto Debit,Debit,Bills
Third Wave Coffee UPI/Paytm/Third Wave Coffee,868.78,6.768240306107501,Medium,Upi,Debit,Food
Netflix Auto Debit Netflix Subscription,149.0,5.0106352940962555,Small,Auto Debit,Debit,Subscription
Blinkit Debit Card Blinkit,517.68,6.251287122680683,Small,Debit Card,Debit,Groceries
Myntra UPI Payment Myntra,1181.94,7.075758144179902,Medium,Upi,Debit,Shopping
BigBasket POS Purchase BigBasket,461.49,6.136624935097108,Small,Credit Card,Debit,Groceries
Faasos Debit Card Faasos,1546.33,7.344286143920092,Medium,Debit Card,Debit,Food
Amazon India POS Purchase Amazon India,3404.51,8.133149987103431,Large,Credit Card,Debit,Shopping
BEST Auto Debit BEST,1454.83,7.283331463698099,Medium,Auto Debit,Debit,Bills
Tata Play Auto Debit Tata Play Subscription,502.62,6.221822015440386,Small,Auto Debit,Debit,Subscription
Credit Card Bill Payment Net Banking Payment Credit Card Bill Payment,1832.31,7.513878355198733,Medium,Net Banking,Debit,Bills
HDFC Ergo Auto Debit HDFC Ergo Insurance Premium,8646.26,9.064997786740147,Large,Auto Debit,Debit,Insurance
Nykaa UPI Payment Nykaa,861.29,6.759591640999001,Medium,Upi,Debit,Shopping
Myntra UPI Payment Myntra,288.0,5.666426688112432,Small,Upi,Debit,Shopping
BSNL Net Banking Payment BSNL,3620.57,8.194662912455895,Large,Net Banking,Debit,Bills
Jio Auto Debit Jio,2426.05,7.7944318070801115,Medium,Auto Debit,Debit,Bills
Tata Play Net Banking Payment Tata Play,310.81,5.74239402795031,Small,Net Banking,Debit,Subscription
Blinkit UPI/DR/470475638/Blinkit,312.73,5.748532743394273,Small,Upi,Debit,Groceries
Fruit Vendor UPI/Fruit Vendor,101.56,4.63044799317236,Small,Upi,Debit,Other
Blinkit POS Purchase Blinkit,601.22,6.400622827053764,Small,Credit Card,Debit,Groceries
Indian Oil UPI/Indian Oil,2662.2,7.887283686260815,Large,Upi,Debit,Fuel
Tata Power Auto Debit Tata Power,989.69,6.898401670055022,Medium,Auto Debit,Debit,Bills
Adani Electricity Auto Debit Adani Electricity,187.0,5.236441962829949,Small,Auto Debit,Debit,Bills
Adani Electricity Auto Debit Adani Electricity,4892.57,8.495677377453458,Large,Auto Debit,Debit,Bills
Bakery UPI/Bakery,330.08,5.802360038017195,Small,Upi,Debit,Other
Flipkart POS Purchase Flipkart,288.0,5.666426688112432,Small,Credit Card,Debit,Shopping
Cafe Coffee Day Debit Card Cafe Coffee Day,561.25,6.331946590839425,Small,Debit Card,Debit,Food
Fruit Vendor UPI/Fruit Vendor,239.89,5.484340397758805,Small,Upi,Debit,Other
Airtel Net Banking Payment Airtel,1195.92,7.087506869573454,Medium,Net Banking,Debit,Bills
Vegetable Market UPI/Vegetable Market,239.93,5.48450643486848,Small,Upi,Debit,Other
Indian Oil Debit Card Indian Oil,2329.72,7.753932511700637,Medium,Debit Card,Debit,Fuel
Jio Net Banking Payment Jio,1431.16,7.266939073122629,Medium,Net Banking,Debit,Bills
Airtel Auto Debit Airtel,1730.89,7.4569685767129,Medium,Auto Debit,Debit,Bills
BPCL UPI/BPCL,2161.67,7.67909884843298,Medium,Upi,Debit,Fuel
Zepto POS Purchase Zepto,300.0,5.707110264748875,Small,Credit Card,Debit,Groceries
Employer Salary Credit NEFT Salary Credit,54192.35,10.900313486173308,Large,Neft,Credit,Salary
Zepto Debit Card Zepto,563.89,6.336631021926344,Small,Debit Card,Debit,Groceries
BPCL UPI/BPCL,2341.86,7.759127684268428,Medium,Upi,Debit,Fuel
HPCL Debit Card HPCL,3653.03,8.203585947084873,Large,Debit Card,Debit,Fuel
Local Wine & Beer Shop POS Purchase Local Wine & Beer Shop,725.29,6.587949384102082,Medium,Credit Card,Debit,Food
Uber POS Purchase Uber,60.0,4.110873864173311,Small,Credit Card,Debit,Miscellaneous
Swiggy Debit Card Swiggy,348.8,5.857361562584502,Small,Debit Card,Debit,Food
Zepto UPI/DR/835948208/Zepto,645.81,6.472052588313182,Small,Upi,Debit,Groceries
DMart POS Purchase DMart,1086.93,6.992032087110801,Medium,Credit Card,Debit,Groceries
Blinkit POS Purchase Blinkit,1542.36,7.341717136880607,Medium,Credit Card,Debit,Groceries
Jio UPI/Jio,1155.69,7.053317756979988,Medium,Upi,Debit,Bills
Credit Card Bill Payment Net Banking Payment Credit Card Bill Payment,3829.87,8.250847210426114,Large,Net Banking,Debit,Bills
Amazon Prime Auto Debit Amazon Prime Subscription,177.41,5.184084272386612,Small,Auto Debit,Debit,Subscription
Credit Card Bill Payment UPI/Credit Card Bill Payment,10638.34,9.272313730896503,Large,Upi,Debit,Bills
Burger King POS Purchase Burger King,131.92,4.889747443486393,Small,Credit Card,Debit,Food
Employer Salary Credit NEFT Salary Credit,42295.15,10.652451344343648,Large,Neft,Credit,Salary
Tata Play Auto Debit Tata Play Subscription,149.0,5.0106352940962555,Small,Auto Debit,Debit,Subscription
DMart UPI/DR/864369269/DMart,850.19,6.74663537039807,Medium,Upi,Debit,Groceries
General Store UPI/General Store,1722.34,7.452019547298836,Medium,Upi,Debit,Other
Vegetable Market UPI/Vegetable Market,103.21,4.646408094004336,Small,Upi,Debit,Other
BEST UPI/BEST,7450.46,8.916165265327738,Large,Upi,Debit,Bills
Naturals Salon UPI/Naturals Salon,3582.41,8.184070140007659,Large,Upi,Debit,Miscellaneous
BookMyShow UPI Payment BookMyShow,276.84,5.627045408435818,Small,Upi,Debit,Entertainment
Cafe Coffee Day UPI/Paytm/Cafe Coffee Day,116.0,4.762173934797756,Small,Upi,Debit,Food
Flipkart Debit Card Flipkart,492.29,6.2010972363942445,Small,Debit Card,Debit,Shopping
Nature's Basket POS Purchase Nature's Basket,300.0,5.707110264748875,Small,Credit Card,Debit,Groceries
Unknown Merchant Cash Withdrawal ATM,1864.74,7.531413036222244,Medium,Cash Withdrawal,Debit,Other
Nature's Basket UPI/DR/369037833/Nature's Basket,730.24,6.594741723238885,Medium,Upi,Debit,Groceries
Zepto UPI/DR/178255153/Zepto,409.0,6.016157159698354,Small,Upi,Debit,Groceries
Street Vendor UPI/Street Vendor,43.15,3.787592927049969,Small,Upi,Debit,Other
Amazon India UPI Payment Amazon India,288.0,5.666426688112432,Small,Upi,Debit,Shopping
Amazon India UPI Payment Amazon India,288.0,5.666426688112432,Small,Upi,Debit,Shopping
Indian Oil UPI/Indian Oil,2876.18,7.9645659267664835,Large,Upi,Debit,Fuel
Ajio UPI Payment Ajio,11499.28,9.350126661881024,Large,Upi,Debit,Shopping
Local Services UPI/Local Services,1154.96,7.052686446557533,Medium,Upi,Debit,Other
BSNL Auto Debit BSNL,967.53,6.875779458102986,Medium,Auto Debit,Debit,Bills
BEST Net Banking Payment BEST,9833.53,9.19365494117083,Large,Net Banking,Debit,Bills
DMart UPI/DR/353018691/DMart,1182.65,7.076358163635153,Medium,Upi,Debit,Groceries
Bakery Debit Card Bakery,124.14,4.829433110570218,Small,Debit Card,Debit,Other
Credit Card Bill Payment UPI/Credit Card Bill Payment,1183.07,7.076712935317959,Medium,Upi,Debit,Bills
Third Wave Coffee Debit Card Third Wave Coffee,223.32,5.413073603846225,Small,Debit Card,Debit,Food
Jio Auto Debit Jio,1805.42,7.499102265079014,Medium,Auto Debit,Debit,Bills
McDonald's India Debit Card McDonald's India,681.11,6.525190935160158,Medium,Debit Card,Debit,Food
Indane Gas Net Banking Payment Indane Gas,2053.87,7.627967864588682,Medium,Net Banking,Debit,Bills
Toit Brewpub UPI/Paytm/Toit Brewpub,298.02,5.7005104607857815,Small,Upi,Debit,Food
Adani Electricity Auto Debit Adani Electricity,1900.8,7.5505560851053435,Medium,Auto Debit,Debit,Bills
BigBasket UPI/DR/232244172/BigBasket,1322.48,7.188019910106056,Medium,Upi,Debit,Groceries
House Rent Payment IMPS Rent Payment,7665.2,8.944576334825333,Large,Imps,Debit,Rent
Municipal Water Department Auto Debit Municipal Water Department,2174.94,7.685216034066265,Medium,Auto Debit,Debit,Bills
Indane Gas Net Banking Payment Indane Gas,187.0,5.236441962829949,Small,Net Banking,Debit,Bills
Indane Gas Net Banking Payment Indane Gas,5899.79,8.682841519235318,Large,Net Banking,Debit,Bills
Meesho POS Purchase Meesho,288.0,5.666426688112432,Small,Credit Card,Debit,Shopping
Kirana Shop UPI/Kirana Shop,2444.8,7.80212754675527,Medium,Upi,Debit,Other
McDonald's India UPI/Paytm/McDonald's India,717.23,6.576789852013997,Medium,Upi,Debit,Food
Credit Card Bill Payment Auto Debit Credit Card Bill Payment,423.65,6.051265300226018,Small,Auto Debit,Debit,Bills
Blinkit UPI/DR/296354549/Blinkit,731.59,6.596586200237902,Medium,Upi,Debit,Groceries
Zomato UPI/Paytm/Zomato,116.0,4.762173934797756,Small,Upi,Debit,Food
Third Wave Coffee UPI/Paytm/Third Wave Coffee,150.09,5.01787568575175,Small,Upi,Debit,Food
Jio Net Banking Payment Jio,1066.93,6.973477474300938,Medium,Net Banking,Debit,Bills
Employer Salary Credit NEFT Salary Credit,55679.65,10.927387968790738,Large,Neft,Credit,Salary
Starbucks India POS Purchase Starbucks India,213.12,5.36653660552518,Small,Credit Card,Debit,Food
Flower Shop UPI/Flower Shop,61.47,4.134686441505479,Small,Upi,Debit,Other
BookMyShow Debit Card BookMyShow,206.27,5.3340222911688135,Small,Debit Card,Debit,Entertainment
Jio Fiber Auto Debit Jio Fiber,1193.52,7.085499710032979,Medium,Auto Debit,Debit,Bills
Bajaj Allianz Net Banking Payment Bajaj Allianz Insurance Premium,8838.68,9.087005955881464,Large,Net Banking,Debit,Insurance
Jio Fiber Auto Debit Jio Fiber,827.34,6.719423698119971,Medium,Auto Debit,Debit,Bills
Indian Oil Debit Card Indian Oil,3750.96,8.230033649088476,Large,Debit Card,Debit,Fuel
Swiggy UPI/Paytm/Swiggy,116.0,4.762173934797756,Small,Upi,Debit,Food
Local Wine & Beer Shop POS Purchase Local Wine & Beer Shop,531.83,6.278202423947345,Small,Credit Card,Debit,Food
KFC India UPI/Paytm/KFC India,628.11,6.444306122173699,Small,Upi,Debit,Food
Credit Card Bill Payment Auto Debit Credit Card Bill Payment,5278.61,8.571607510335891,Large,Auto Debit,Debit,Bills
Kirana Shop UPI/Kirana Shop,1226.06,7.112376343270858,Medium,Upi,Debit,Other
Reliance Fresh UPI/DR/379834642/Reliance Fresh,584.61,6.372654039004032,Small,Upi,Debit,Groceries
Credit Card Bill Payment Net Banking Payment Credit Card Bill Payment,1079.61,6.985280975485229,Medium,Net Banking,Debit,Bills
McDonald's India Debit Card McDonald's India,768.66,6.645948858890535,Medium,Debit Card,Debit,Food
DMart UPI/DR/960347752/DMart,749.02,6.6200998728414735,Medium,Upi,Debit,Groceries
Swiggy Debit Card Swiggy,378.2,5.938063770380866,Small,Debit Card,Debit,Food
Disney+ Hotstar Auto Debit Disney+ Hotstar Subscription,705.04,6.559671893112078,Medium,Auto Debit,Debit,Subscription
Ace Hardware India UPI/Ace Hardware India,1906.78,7.553695541376988,Medium,Upi,Debit,Miscellaneous
Zomato UPI/Paytm/Zomato,935.57,6.8422242654869265,Medium,Upi,Debit,Food
Third Wave Coffee POS Purchase Third Wave Coffee,116.0,4.762173934797756,Small,Credit Card,Debit,Food
Blinkit Debit Card Blinkit,874.45,6.774738039872326,Medium,Debit Card,Debit,Groceries
Airtel Auto Debit Airtel,2144.1,7.670941450322057,Medium,Auto Debit,Debit,Bills
Airtel Auto Debit Airtel,683.87,6.52922903922963,Medium,Auto Debit,Debit,Bills
Municipal Water Department Auto Debit Municipal Water Department,3410.59,8.13493373726467,Large,Auto Debit,Debit,Bills
Zepto UPI/DR/847520637/Zepto,879.26,6.7802173183796075,Medium,Upi,Debit,Groceries
Burger King Debit Card Burger King,700.41,6.553092594804331,Medium,Debit Card,Debit,Food
Zomato POS Purchase Zomato,470.88,6.156724715973642,Small,Credit Card,Debit,Food
Jio Fiber Net Banking Payment Jio Fiber,2094.44,7.647518834170662,Medium,Net Banking,Debit,Bills
Credit Card Bill Payment Auto Debit Credit Card Bill Payment,3283.63,8.097009291393992,Large,Auto Debit,Debit,Bills
Blinkit UPI/DR/749591392/Blinkit,300.0,5.707110264748875,Small,Upi,Debit,Groceries
Third Wave Coffee UPI/Paytm/Third Wave Coffee,416.09,6.0333020258495615,Small,Upi,Debit,Food
KFC India UPI/Paytm/KFC India,984.25,6.892895416075113,Medium,Upi,Debit,Food
Bajaj Allianz Auto Debit Bajaj Allianz Insurance Premium,7990.0,8.986071187374463,Large,Auto Debit,Debit,Insurance
Municipal Water Department Auto Debit Municipal Water Department,1728.35,7.455500894347073,Medium,Auto Debit,Debit,Bills
House Rent Payment NEFT Rent Payment,40188.34,10.601357065312882,Large,Neft,Debit,Rent
Zepto UPI/DR/699517559/Zepto,714.11,6.572436377014748,Medium,Upi,Debit,Groceries
Nykaa Debit Card Nykaa,2173.54,7.684572426901847,Medium,Debit Card,Debit,Shopping
Fruit Vendor Cash Withdrawal ATM,64.29,4.178838885198542,Small,Cash Withdrawal,Debit,Other
Airtel Net Banking Payment Airtel,1679.89,7.4270786940277675,Medium,Net Banking,Debit,Bills
Mobile Repair Debit Card Mobile Repair,45.64,3.842458542042237,Small,Debit Card,Debit,Other
General Store UPI/General Store,416.93,6.035313954386243,Small,Upi,Debit,Other
Jio UPI/Jio,2662.23,7.887294950841407,Large,Upi,Debit,Bills
Indian Oil Debit Card Indian Oil,4681.64,8.451617332429754,Large,Debit Card,Debit,Fuel
Bakery Cash Withdrawal ATM,57.52,4.069368576151923,Small,Cash Withdrawal,Debit,Other
Employer Salary Credit NEFT Salary Credit,51961.53,10.858278160900154,Large,Neft,Credit,Salary
Indian Oil UPI/Indian Oil,3208.1,8.073745802980195,Large,Upi,Debit,Fuel
Dish TV Auto Debit Dish TV Subscription,178.16,5.188279261339099,Small,Auto Debit,Debit,Subscription
Reliance Fresh UPI/DR/662948033/Reliance Fresh,300.0,5.707110264748875,Small,Upi,Debit,Groceries
HP Gas Net Banking Payment HP Gas,2496.57,7.823073538157959,Medium,Net Banking,Debit,Bills
Credit Card Bill Payment Auto Debit Credit Card Bill Payment,2378.38,7.774595228526726,Medium,Auto Debit,Debit,Bills
Nature's Basket POS Purchase Nature's Basket,467.82,6.150218899468841,Small,Credit Card,Debit,Groceries
Reliance Fresh UPI/DR/104427929/Reliance Fresh,410.23,6.019152668678152,Small,Upi,Debit,Groceries
Unknown Merchant UPI/Unknown Merchant,2387.89,7.778584101895706,Medium,Upi,Debit,Other
HPCL UPI/HPCL,2988.95,8.003011943836885,Large,Upi,Debit,Fuel
DMart UPI/DR/105872776/DMart,1437.46,7.271328375861853,Medium,Upi,Debit,Groceries
DMart UPI/DR/658010933/DMart,307.58,5.73198112901488,Small,Upi,Debit,Groceries
Apollo Pharmacy UPI/Apollo Pharmacy,6102.61,8.716635678393589,Large,Upi,Debit,Miscellaneous
Zomato UPI/Paytm/Zomato,262.03,5.572268094113519,Small,Upi,Debit,Food
Myntra UPI Payment Myntra,2462.54,7.80935461891329,Medium,Upi,Debit,Shopping
BigBasket UPI/DR/635213213/BigBasket,600.91,6.4001079324712045,Small,Upi,Debit,Groceries
Jio Fiber Auto Debit Jio Fiber,1421.33,7.260051650950235,Medium,Auto Debit,Debit,Bills
BSNL Auto Debit BSNL,4776.79,8.471733375475743,Large,Auto Debit,Debit,Bills
EatClub POS Purchase EatClub,930.99,6.837322085014295,Medium,Credit Card,Debit,Food
Airtel Net Banking Payment Airtel,819.6,6.710035780008086,Medium,Net Banking,Debit,Bills
BookMyShow UPI Payment BookMyShow,183.32,5.216673377507527,Small,Upi,Debit,Entertainment
Flower Shop UPI/Flower Shop,102.23,4.636959508477498,Small,Upi,Debit,Other
Bakery Cash Withdrawal ATM,220.97,5.402542237605569,Small,Cash Withdrawal,Debit,Other
Municipal Water Department Net Banking Payment Municipal Water Department,4143.82,8.329614640812233,Large,Net Banking,Debit,Bills
Local Wine & Beer Shop Debit Card Local Wine & Beer Shop,123.75,4.826311734631628,Small,Debit Card,Debit,Food
Municipal Water Department Auto Debit Municipal Water Department,187.0,5.236441962829949,Small,Auto Debit,Debit,Bills
Tata Power Auto Debit Tata Power,1789.8,7.49041772636681,Medium,Auto Debit,Debit,Bills
Municipal Water Department Auto Debit Municipal Water Department,251.19,5.530182771674116,Small,Auto Debit,Debit,Bills
Meesho Debit Card Meesho,1015.07,6.92369752340289,Medium,Debit Card,Debit,Shopping
Municipal Water Department Net Banking Payment Municipal Water Department,1409.62,7.251784603037383,Medium,Net Banking,Debit,Bills
BigBasket UPI/DR/905505027/BigBasket,300.0,5.707110264748875,Small,Upi,Debit,Groceries
Employer Salary Credit NEFT Salary Credit,46862.71,10.754998880929556,Large,Neft,Credit,Salary
PharmEasy Debit Card PharmEasy,60.0,4.110873864173311,Small,Debit Card,Debit,Miscellaneous
Credit Card Bill Payment Net Banking Payment Credit Card Bill Payment,1171.71,7.067072588760754,Medium,Net Banking,Debit,Bills
Employer Salary Credit NEFT Salary Credit,41048.69,10.622538563085921,Large,Neft,Credit,Salary
Disney+ Hotstar Auto Debit Disney+ Hotstar Subscription,592.51,6.38605406310744,Small,Auto Debit,Debit,Subscription
LIC Auto Debit LIC Insurance Premium,8330.25,9.02776878392702,Large,Auto Debit,Debit,Insurance
HPCL UPI/HPCL,2698.27,7.900736645065392,Large,Upi,Debit,Fuel
DMart POS Purchase DMart,1168.27,7.064134901441533,Medium,Credit Card,Debit,Groceries
Meesho POS Purchase Meesho,288.0,5.666426688112432,Small,Credit Card,Debit,Shopping
Flower Shop UPI/Flower Shop,287.16,5.663515881427646,Small,Upi,Debit,Other
Indian Oil UPI/Indian Oil,3094.71,8.037772561071733,Large,Upi,Debit,Fuel
BookMyShow UPI Payment BookMyShow,180.12,5.199159795014818,Small,Upi,Debit,Entertainment
Municipal Water Department Auto Debit Municipal Water Department,2825.33,7.946734329250837,Large,Auto Debit,Debit,Bills
Toit Brewpub POS Purchase Toit Brewpub,1110.03,7.013042791975334,Medium,Credit Card,Debit,Food
Bakery Debit Card Bakery,375.93,5.9320594938154425,Small,Debit Card,Debit,Other
Credit Card Bill Payment Auto Debit Credit Card Bill Payment,1615.3,7.387894865415763,Medium,Auto Debit,Debit,Bills
Swiggy POS Purchase Swiggy,2781.67,7.931166177419975,Large,Credit Card,Debit,Food
McDonald's India UPI/Paytm/McDonald's India,559.41,6.328668658700502,Small,Upi,Debit,Food
Indian Oil Debit Card Indian Oil,4154.02,8.332072520755702,Large,Debit Card,Debit,Fuel
Reliance Fresh Debit Card Reliance Fresh,786.16,6.668431531438889,Medium,Debit Card,Debit,Groceries
Swiggy UPI/Paytm/Swiggy,116.0,4.762173934797756,Small,Upi,Debit,Food
HPCL UPI/HPCL,4135.57,8.327622221006092,Large,Upi,Debit,Fuel
Blinkit POS Purchase Blinkit,300.0,5.707110264748875,Small,Credit Card,Debit,Groceries
Jio Fiber Auto Debit Jio Fiber,3973.05,8.287541004814193,Large,Auto Debit,Debit,Bills
Credit Card Bill Payment Auto Debit Credit Card Bill Payment,1942.47,7.572230314104193,Medium,Auto Debit,Debit,Bills
Nature's Basket UPI/DR/782266083/Nature's Basket,1616.32,7.388525737338766,Medium,Upi,Debit,Groceries
Spotify Auto Debit Spotify Subscription,281.68,5.644315515822654,Small,Auto Debit,Debit,Subscription
Credit Card Bill Payment Auto Debit Credit Card Bill Payment,941.33,6.848355531700512,Medium,Auto Debit,Debit,Bills
Uber Debit Card Uber,1329.1,7.19300940635925,Medium,Debit Card,Debit,Miscellaneous
KFC India UPI/Paytm/KFC India,116.0,4.762173934797756,Small,Upi,Debit,Food
Credit Card Bill Payment Net Banking Payment Credit Card Bill Payment,1270.28,7.147779545904381,Medium,Net Banking,Debit,Bills
Credit Card Bill Payment UPI/Credit Card Bill Payment,187.0,5.236441962829949,Small,Upi,Debit,Bills
Employer Salary Credit NEFT Salary Credit,59365.71,10.991488910536384,Large,Neft,Credit,Salary
Employer Salary Credit NEFT Salary Credit,35534.17,10.47827818926531,Large,Neft,Credit,Salary
HDFC Ergo Net Banking Payment HDFC Ergo Insurance Premium,8139.61,9.00462039476377,Large,Net Banking,Debit,Insurance
Bharat Gas Net Banking Payment Bharat Gas,3535.28,8.170830606142887,Large,Net Banking,Debit,Bills
IRCTC UPI/IRCTC,99.15,4.606669062111827,Small,Upi,Debit,Miscellaneous
DMart POS Purchase DMart,960.5,6.8684945650288345,Medium,Credit Card,Debit,Groceries
House Rent Payment NEFT Rent Payment,44273.13,10.69815581254267,Large,Neft,Debit,Rent
Credit Card Bill Payment Auto Debit Credit Card Bill Payment,4226.3,8.34931877036917,Large,Auto Debit,Debit,Bills
Credit Card Bill Payment Auto Debit Credit Card Bill Payment,3993.82,8.292753800864908,Large,Auto Debit,Debit,Bills
Laundry UPI/Laundry,1381.0,7.231287004327616,Medium,Upi,Debit,Other
Reliance Fresh UPI/DR/890503688/Reliance Fresh,660.09,6.493889987920485,Medium,Upi,Debit,Groceries
Tata Power UPI/Tata Power,794.88,6.679448420711047,Medium,Upi,Debit,Bills
Credit Card Bill Payment UPI/Credit Card Bill Payment,4819.09,8.480547879069492,Large,Upi,Debit,Bills
Credit Card Bill Payment Net Banking Payment Credit Card Bill Payment,2782.8,7.9315721797933,Large,Net Banking,Debit,Bills
Swiggy UPI/Paytm/Swiggy,116.0,4.762173934797756,Small,Upi,Debit,Food
BSNL Auto Debit BSNL,1447.24,7.278104305067688,Medium,Auto Debit,Debit,Bills
Zepto Debit Card Zepto,914.42,6.8193829763531655,Medium,Debit Card,Debit,Groceries
Apollo Pharmacy Debit Card Apollo Pharmacy,695.28,6.545751878284508,Medium,Debit Card,Debit,Miscellaneous
McDonald's India Debit Card McDonald's India,116.0,4.762173934797756,Small,Debit Card,Debit,Food
Unknown Merchant UPI/Unknown Merchant,806.54,6.693992589473679,Medium,Upi,Debit,Other
DMart Debit Card DMart,548.91,6.30975462847299,Small,Debit Card,Debit,Groceries
Unknown Merchant Debit Card Unknown Merchant,2153.41,7.675272183150189,Medium,Debit Card,Debit,Other
Credit Card Bill Payment UPI/Credit Card Bill Payment,2191.16,7.6926426381047985,Medium,Upi,Debit,Bills
Misc Vendor Debit Card Misc Vendor,500.94,6.218480590636066,Small,Debit Card,Debit,Other
Indian Oil Debit Card Indian Oil,2386.93,7.778182160850021,Medium,Debit Card,Debit,Fuel
HDFC Ergo Auto Debit HDFC Ergo Insurance Premium,8480.02,9.045586004571394,Large,Auto Debit,Debit,Insurance
Employer Salary Credit NEFT Salary Credit,43056.95,10.670302161796204,Large,Neft,Credit,Salary
Credit Card Bill Payment Auto Debit Credit Card Bill Payment,3455.68,8.148063869828642,Large,Auto Debit,Debit,Bills
Domino's India UPI/Paytm/Domino's India,116.0,4.762173934797756,Small,Upi,Debit,Food
Cafe Coffee Day Debit Card Cafe Coffee Day,302.22,5.714458614653435,Small,Debit Card,Debit,Food
BigBasket POS Purchase BigBasket,735.36,6.6017191295783615,Medium,Credit Card,Debit,Groceries
BigBasket UPI/DR/879095530/BigBasket,692.95,6.542399911801849,Medium,Upi,Debit,Groceries
Spotify Auto Debit Spotify Subscription,149.0,5.0106352940962555,Small,Auto Debit,Debit,Subscription
Credit Card Bill Payment Auto Debit Credit Card Bill Payment,3981.79,8.289737857714352,Large,Auto Debit,Debit,Bills
Burger King UPI/Paytm/Burger King,116.0,4.762173934797756,Small,Upi,Debit,Food
Reliance Fresh Debit Card Reliance Fresh,676.56,6.518498109718181,Medium,Debit Card,Debit,Groceries
Blinkit Debit Card Blinkit,457.96,6.128963060293615,Small,Debit Card,Debit,Groceries
McDonald's India POS Purchase McDonald's India,1251.11,7.132585407225551,Medium,Credit Card,Debit,Food
Street Vendor UPI/Street Vendor,32.02,3.497113438491982,Small,Upi,Debit,Other
BigBasket UPI/DR/182772849/BigBasket,330.15,5.802571444930988,Small,Upi,Debit,Groceries
Zepto UPI/DR/732080338/Zepto,1058.89,6.965920408136356,Medium,Upi,Debit,Groceries
Local Services UPI/Local Services,1906.78,7.553695541376988,Medium,Upi,Debit,Other
Dish TV Auto Debit Dish TV Subscription,149.0,5.0106352940962555,Small,Auto Debit,Debit,Subscription
Amazon Prime Auto Debit Amazon Prime Subscription,765.11,6.641325762563808,Medium,Auto Debit,Debit,Subscription
Flipkart POS Purchase Flipkart,1164.91,7.061257176967391,Medium,Credit Card,Debit,Shopping
Third Wave Coffee UPI/Paytm/Third Wave Coffee,821.31,6.712117452914701,Medium,Upi,Debit,Food
Spotify Net Banking Payment Spotify,768.56,6.645818922948772,Medium,Net Banking,Debit,Subscription
Swiggy UPI/Paytm/Swiggy,262.21,5.5729521926503836,Small,Upi,Debit,Food
Jio Net Banking Payment Jio,633.28,6.452490497321366,Small,Net Banking,Debit,Bills
Indian Oil Debit Card Indian Oil,4773.25,8.470992172515523,Large,Debit Card,Debit,Fuel
Zomato Debit Card Zomato,116.0,4.762173934797756,Small,Debit Card,Debit,Food
Myntra POS Purchase Myntra,4505.92,8.413369272366705,Large,Credit Card,Debit,Shopping
Nature's Basket UPI/DR/944238354/Nature's Basket,379.37,5.941144463207967,Small,Upi,Debit,Groceries
Flower Shop UPI/Flower Shop,172.36,5.1553703572281036,Small,Upi,Debit,Other
Vegetable Market UPI/Vegetable Market,229.58,5.4405978738048075,Small,Upi,Debit,Other
Mobile Repair UPI/Mobile Repair,441.33,6.092056209840677,Small,Upi,Debit,Other
Domino's India UPI/Paytm/Domino's India,121.35,4.806885789888681,Small,Upi,Debit,Food
Nature's Basket Debit Card Nature's Basket,566.59,6.341399327089814,Small,Debit Card,Debit,Groceries
Adani Electricity Auto Debit Adani Electricity,3680.32,8.211026662499245,Large,Auto Debit,Debit,Bills
Bakery UPI/Bakery,80.02,4.394696037774544,Small,Upi,Debit,Other
Municipal Water Department Net Banking Payment Municipal Water Department,4326.89,8.37283540430684,Large,Net Banking,Debit,Bills
Third Wave Coffee UPI/Paytm/Third Wave Coffee,265.62,5.585824423685531,Small,Upi,Debit,Food
Ace Hardware India POS Purchase Ace Hardware India,3263.04,8.090720970910867,Large,Credit Card,Debit,Miscellaneous
Myntra UPI Payment Myntra,488.24,6.192853166619162,Small,Upi,Debit,Shopping
Bharat Gas Auto Debit Bharat Gas,2113.78,7.656706067157507,Medium,Auto Debit,Debit,Bills
Tata Power Net Banking Payment Tata Power,2537.25,7.8392301461813325,Medium,Net Banking,Debit,Bills
Credit Card Bill Payment Auto Debit Credit Card Bill Payment,2405.65,7.785991017987027,Medium,Auto Debit,Debit,Bills
BSNL Auto Debit BSNL,4178.27,8.337891869118936,Large,Auto Debit,Debit,Bills
Bharat Gas Auto Debit Bharat Gas,1703.89,7.44125587150733,Medium,Auto Debit,Debit,Bills
Jio Fiber Net Banking Payment Jio Fiber,2012.72,7.607739036801071,Medium,Net Banking,Debit,Bills
Credit Card Bill Payment UPI/Credit Card Bill Payment,9262.51,9.133838305495072,Large,Upi,Debit,Bills
Tata Power Auto Debit Tata Power,2022.25,7.612460408375811,Medium,Auto Debit,Debit,Bills
Bajaj Allianz Net Banking Payment Bajaj Allianz Insurance Premium,8358.89,9.031200548097445,Large,Net Banking,Debit,Insurance
Nature's Basket POS Purchase Nature's Basket,427.94,6.061317049006815,Small,Credit Card,Debit,Groceries
Nature's Basket UPI/DR/317270101/Nature's Basket,371.56,5.920398098674122,Small,Upi,Debit,Groceries
Swiggy Debit Card Swiggy,405.95,6.00869032777305,Small,Debit Card,Debit,Food
Barbeque Nation POS Purchase Barbeque Nation,238.86,5.480055419803575,Small,Credit Card,Debit,Food
Blinkit UPI/DR/310369078/Blinkit,1271.12,7.148440079073007,Medium,Upi,Debit,Groceries
Mobile Repair UPI/Mobile Repair,2485.92,7.818800276016224,Medium,Upi,Debit,Other
HPCL Debit Card HPCL,3811.46,8.246029929057348,Large,Debit Card,Debit,Fuel
House Rent Payment NEFT Rent Payment,37950.45,10.544062990262505,Large,Neft,Debit,Rent
House Rent Payment IMPS Rent Payment,42005.78,10.645586312808744,Large,Imps,Debit,Rent
Starbucks India POS Purchase Starbucks India,823.13,6.71432828445586,Medium,Credit Card,Debit,Food
Swiggy Debit Card Swiggy,747.98,6.618712280891015,Medium,Debit Card,Debit,Food
HPCL Cash Withdrawal ATM,2259.97,7.723549203724662,Medium,Cash Withdrawal,Debit,Fuel
Adani Electricity Auto Debit Adani Electricity,11840.36,9.379353766706398,Large,Auto Debit,Debit,Bills
Bharat Gas UPI/Bharat Gas,2098.14,7.6492830160242145,Medium,Upi,Debit,Bills
Airtel UPI/Airtel,1196.77,7.088216773599193,Medium,Upi,Debit,Bills
Amazon India Debit Card Amazon India,288.0,5.666426688112432,Small,Debit Card,Debit,Shopping
Flipkart Debit Card Flipkart,705.36,6.5601250225449235,Medium,Debit Card,Debit,Shopping
BookMyShow UPI Payment BookMyShow,216.75,5.383347615732612,Small,Upi,Debit,Entertainment
Indian Oil Debit Card Indian Oil,3458.62,8.148914035430794,Large,Debit Card,Debit,Fuel
Credit Card Bill Payment Auto Debit Credit Card Bill Payment,1268.88,7.146677686799371,Medium,Auto Debit,Debit,Bills
Zepto UPI/DR/277601056/Zepto,1087.22,6.992298612857387,Medium,Upi,Debit,Groceries
House Rent Payment IMPS Rent Payment,7867.17,8.970580785782904,Large,Imps,Debit,Rent
Local Store Cash Withdrawal ATM,388.33,5.964427313039576,Small,Cash Withdrawal,Debit,Other
Credit Card Bill Payment Net Banking Payment Credit Card Bill Payment,187.0,5.236441962829949,Small,Net Banking,Debit,Bills
Chaayos UPI/Paytm/Chaayos,646.93,6.473782665825829,Small,Upi,Debit,Food
Reliance Fresh POS Purchase Reliance Fresh,758.42,6.632554984032412,Medium,Credit Card,Debit,Groceries
Faasos Debit Card Faasos,514.99,6.24608738544881,Small,Debit Card,Debit,Food
Zomato Debit Card Zomato,918.86,6.824221484550418,Medium,Debit Card,Debit,Food
Burger King Debit Card Burger King,369.42,5.914637496994656,Small,Debit Card,Debit,Food
DMart UPI/DR/585969649/DMart,300.0,5.707110264748875,Small,Upi,Debit,Groceries
Swiggy POS Purchase Swiggy,1038.88,6.946860600862717,Medium,Credit Card,Debit,Food
LIC Auto Debit LIC Insurance Premium,8492.32,9.047035251158045,Large,Auto Debit,Debit,Insurance
BPCL UPI/BPCL,2798.2,7.937088941053478,Large,Upi,Debit,Fuel
McDonald's India UPI/Paytm/McDonald's India,119.09,4.788241461672592,Small,Upi,Debit,Food
BigBasket UPI/DR/903477338/BigBasket,300.0,5.707110264748875,Small,Upi,Debit,Groceries
Kirana Shop Cash Withdrawal ATM,1758.04,7.472523484672296,Medium,Cash Withdrawal,Debit,Other
BookMyShow UPI Payment BookMyShow,608.28,6.4122779321629455,Small,Upi,Debit,Entertainment
BEST Auto Debit BEST,6283.15,8.745785869237029,Large,Auto Debit,Debit,Bills
Credit Card Bill Payment Auto Debit Credit Card Bill Payment,11001.92,9.305915971099138,Large,Auto Debit,Debit,Bills
Mobile Repair UPI/Mobile Repair,930.82,6.837139662985792,Medium,Upi,Debit,Other
Credit Card Bill Payment Net Banking Payment Credit Card Bill Payment,1198.03,7.0892681755652065,Medium,Net Banking,Debit,Bills
Zepto Debit Card Zepto,1243.4,7.126408765023482,Medium,Debit Card,Debit,Groceries
BigBasket Debit Card BigBasket,812.21,6.700989378776468,Medium,Debit Card,Debit,Groceries
Blinkit UPI/DR/395723682/Blinkit,1262.95,7.14199701696238,Medium,Upi,Debit,Groceries
Jio Fiber Auto Debit Jio Fiber,1371.46,7.224360029060998,Medium,Auto Debit,Debit,Bills
PharmEasy UPI/PharmEasy,97.92,4.594311442653216,Small,Upi,Debit,Miscellaneous
Domino's India POS Purchase Domino's India,749.27,6.620433141745904,Medium,Credit Card,Debit,Food
Swiggy POS Purchase Swiggy,178.32,5.189171919287238,Small,Credit Card,Debit,Food
Bharat Gas Auto Debit Bharat Gas,4641.25,8.442954441480705,Large,Auto Debit,Debit,Bills
Jio Fiber Auto Debit Jio Fiber,1157.52,7.0548986074264795,Medium,Auto Debit,Debit,Bills
Myntra Debit Card Myntra,288.0,5.666426688112432,Small,Debit Card,Debit,Shopping
DMart POS Purchase DMart,670.33,6.5092608193547745,Medium,Credit Card,Debit,Groceries
DMart Debit Card DMart,636.77,6.45797771678108,Small,Debit Card,Debit,Groceries
Jio Fiber Auto Debit Jio Fiber,2362.36,7.767839614292289,Medium,Auto Debit,Debit,Bills
Nature's Basket Debit Card Nature's Basket,1415.95,7.256261953253019,Medium,Debit Card,Debit,Groceries
Jio Auto Debit Jio,1744.3,7.464681739630791,Medium,Auto Debit,Debit,Bills
BigBasket UPI/DR/949824193/BigBasket,520.08,6.255903580829363,Small,Upi,Debit,Groceries
Adani Electricity Auto Debit Adani Electricity,2091.87,7.64629160871574,Medium,Auto Debit,Debit,Bills
Zomato Debit Card Zomato,308.61,5.735313440935549,Small,Debit Card,Debit,Food
Tailor Debit Card Tailor,1993.51,7.598153685120809,Medium,Debit Card,Debit,Other
Credit Card Bill Payment Auto Debit Credit Card Bill Payment,3827.17,8.250142161200142,Large,Auto Debit,Debit,Bills
Rapido UPI/Rapido,3288.47,8.098481736557424,Large,Upi,Debit,Miscellaneous
Cafe Coffee Day POS Purchase Cafe Coffee Day,806.18,6.693546691725507,Medium,Credit Card,Debit,Food
BPCL UPI/BPCL,3083.55,8.034161058600983,Large,Upi,Debit,Fuel
Myntra UPI Payment Myntra,288.0,5.666426688112432,Small,Upi,Debit,Shopping
Adani Electricity Auto Debit Adani Electricity,1917.24,7.559163377959344,Medium,Auto Debit,Debit,Bills
Zepto POS Purchase Zepto,804.04,6.690891965625077,Medium,Credit Card,Debit,Groceries
Faasos UPI/Paytm/Faasos,116.0,4.762173934797756,Small,Upi,Debit,Food
Zepto UPI/DR/485995156/Zepto,562.29,6.333794593213355,Small,Upi,Debit,Groceries
Amazon India POS Purchase Amazon India,288.0,5.666426688112432,Small,Credit Card,Debit,Shopping
Zomato UPI/Paytm/Zomato,184.06,5.220680096820884,Small,Upi,Debit,Food
Credit Card Bill Payment Auto Debit Credit Card Bill Payment,8771.99,9.079432962266797,Large,Auto Debit,Debit,Bills
HP Gas Net Banking Payment HP Gas,3453.36,8.147392480258578,Large,Net Banking,Debit,Bills
Fruit Vendor UPI/Fruit Vendor,257.07,5.553230865951049,Small,Upi,Debit,Other
Airtel Net Banking Payment Airtel,2931.56,7.983631040676377,Large,Net Banking,Debit,Bills
Cafe Coffee Day UPI/Paytm/Cafe Coffee Day,228.27,5.434900348334571,Small,Upi,Debit,Food
Toit Brewpub Debit Card Toit Brewpub,1366.25,7.220556702226882,Medium,Debit Card,Debit,Food
Airtel Auto Debit Airtel,894.77,6.797683683594191,Medium,Auto Debit,Debit,Bills
Tata 1mg Cash Withdrawal ATM,227.7,5.432411101028736,Small,Cash Withdrawal,Debit,Miscellaneous
Employer Salary Credit NEFT Salary Credit,44524.99,10.703828342610283,Large,Neft,Credit,Salary
Apollo Pharmacy UPI/Apollo Pharmacy,870.5,6.770215864960075,Medium,Upi,Debit,Miscellaneous
Vegetable Market UPI/Vegetable Market,216.8,5.38357721049886,Small,Upi,Debit,Other
Credit Card Bill Payment UPI/Credit Card Bill Payment,1417.91,7.25764425020145,Medium,Upi,Debit,Bills
Zepto UPI/DR/355098831/Zepto,754.06,6.626797216290111,Medium,Upi,Debit,Groceries
Employer Salary Credit NEFT Salary Credit,42608.88,10.659841430249672,Large,Neft,Credit,Salary
Zomato UPI/Paytm/Zomato,374.04,5.927032686948593,Small,Upi,Debit,Food
Credit Card Bill Payment Net Banking Payment Credit Card Bill Payment,4758.52,8.467902101804603,Large,Net Banking,Debit,Bills
Local Services UPI/Local Services,1792.17,7.491740282272947,Medium,Upi,Debit,Other
Credit Card Bill Payment Auto Debit Credit Card Bill Payment,4572.7,8.428077784325042,Large,Auto Debit,Debit,Bills
Zepto UPI/DR/502608133/Zepto,724.16,6.586392320161467,Medium,Upi,Debit,Groceries
DMart POS Purchase DMart,520.69,6.257073541740362,Small,Credit Card,Debit,Groceries
Third Wave Coffee POS Purchase Third Wave Coffee,116.0,4.762173934797756,Small,Credit Card,Debit,Food
Jio Auto Debit Jio,2558.76,7.847668783078802,Medium,Auto Debit,Debit,Bills
Reliance Fresh UPI/DR/120912992/Reliance Fresh,2869.54,7.962255444365157,Large,Upi,Debit,Groceries
Naturals Salon UPI/Naturals Salon,4808.72,8.478394149347206,Large,Upi,Debit,Miscellaneous
House Rent Payment Net Banking House Rent Payment,20861.36,9.94570185734242,Large,Net Banking,Debit,Rent
Income Tax Payment NEFT Income Tax Payment,39289.29,10.578732693538246,Large,Neft,Debit,Bills
House Rent Payment UPI House Rent Payment,27481.17,10.2212927097397,Large,Upi,Debit,Rent
Bajaj Allianz Insurance Premium Bajaj Allianz,14085.55,9.552975720404225,Large,Auto Debit,Debit,Insurance
Myntra POS Purchase Myntra,4337.21,8.375217099620379,Large,Debit Card,Debit,Shopping
KFC POS Purchase KFC,1821.89,7.5081784327593875,Medium,Debit Card,Debit,Food
House Rent Payment Net Banking House Rent Payment,10110.06,9.221385153204936,Large,Net Banking,Debit,Rent
Income Tax Payment UPI/Income Tax Payment,13211.55,9.488922414466508,Large,Upi,Debit,Bills
ICICI Prudential MF SIP Investment ICICI Prudential MF,41358.08,10.630047265221183,Large,Auto Debit,Debit,Investment
Myntra POS Purchase Myntra,5037.16,8.52479621504264,Large,Credit Card,Debit,Shopping
BookMyShow UPI/BookMyShow,628.96,6.44565632530638,Small,Upi,Debit,Entertainment
Tailor UPI/Paytm/Tailor,2088.68,7.64476622318847,Medium,Upi,Debit,Other
Jio Fiber Auto Debit Jio Fiber,7236.33,8.887007632831637,Large,Auto Debit,Debit,Bills
Faasos POS Purchase Faasos,188.96,5.246813523680921,Small,Credit Card,Debit,Food
Barbeque Nation UPI/DR/466534208/Barbeque Nation,539.78,6.293012541796373,Small,Upi,Debit,Food
Credit Card Bill Payment Net Banking Credit Card Bill Payment,9711.58,9.181177231450217,Large,Net Banking,Debit,Bills
Reliance Fresh UPI/Paytm/Reliance Fresh,1079.14,6.984845941346701,Medium,Upi,Debit,Groceries
Street Vendor UPI/Paytm/Street Vendor,1348.43,7.207437560049352,Medium,Upi,Debit,Other
Zomato UPI/Zomato,2451.99,7.805062967609332,Medium,Upi,Debit,Food
Third Wave Coffee POS Purchase Third Wave Coffee,2587.05,7.85865997537234,Medium,Credit Card,Debit,Food
BPCL UPI/DR/188707067/BPCL,2574.75,7.853896032825177,Medium,Upi,Debit,Fuel
Reliance Fresh POS Purchase Reliance Fresh,3149.39,8.055281533679722,Large,Debit Card,Debit,Groceries
Street Vendor UPI/Paytm/Street Vendor,783.33,6.66482985015647,Medium,Upi,Debit,Other
Local Store UPI/DR/741027901/Local Store,453.6,6.119417911418443,Small,Upi,Debit,Other
Reliance Fresh UPI/DR/578531560/Reliance Fresh,2597.58,7.862720420967083,Medium,Upi,Debit,Groceries
Reliance Fresh POS Purchase Reliance Fresh,617.78,6.427749797556032,Small,Debit Card,Debit,Groceries
Third Wave Coffee UPI/DR/439223200/Third Wave Coffee,1560.56,7.353440600576667,Medium,Upi,Debit,Food
BigBasket UPI/BigBasket,1106.89,7.010212584400505,Medium,Upi,Debit,Groceries
BPCL POS Purchase BPCL,4393.55,8.38812041579866,Large,Debit Card,Debit,Fuel
Municipal Water Department Net Banking Municipal Water Department,8197.48,9.011704050216313,Large,Net Banking,Debit,Bills
Amazon India POS Purchase Amazon India,10485.16,9.257811571455894,Large,Net Banking,Debit,Shopping
Starbucks India UPI/Starbucks India,2573.36,7.853356238516414,Medium,Upi,Debit,Food
Amazon Prime UPI/Paytm/Amazon Prime,512.88,6.241989775163409,Small,Upi,Debit,Subscription
BEST Net Banking BEST,6126.27,8.72050457899807,Large,Net Banking,Debit,Bills
Zomato POS Purchase Zomato,1182.37,7.0761215792367915,Medium,Debit Card,Debit,Food
Third Wave Coffee UPI/DR/936626463/Third Wave Coffee,1267.79,7.145818969386725,Medium,Upi,Debit,Food
LIC Insurance Premium LIC,40473.78,10.60843434307708,Large,Auto Debit,Debit,Insurance
Home Depot India POS Purchase Home Depot India,2146.94,7.672264522277729,Medium,Debit Card,Debit,Miscellaneous
Reliance Fresh UPI/Paytm/Reliance Fresh,968.04,6.876305890708546,Medium,Upi,Debit,Groceries
Third Wave Coffee UPI/Third Wave Coffee,1964.81,7.583659653107076,Medium,Upi,Debit,Food
Cafe Coffee Day UPI/DR/112864905/Cafe Coffee Day,278.63,5.6334673007411755,Small,Upi,Debit,Food
BigBasket POS Purchase BigBasket,353.12,5.869635838742848,Small,Debit Card,Debit,Groceries
Local Wine & Beer Shop UPI/Local Wine & Beer Shop,1536.37,7.337828443260351,Medium,Upi,Debit,Food
BigBasket POS Purchase BigBasket,3271.64,8.093352277617647,Large,Credit Card,Debit,Groceries
HP Gas Auto Debit HP Gas,5988.71,8.697798275914126,Large,Auto Debit,Debit,Bills
IRCTC UPI/IRCTC,1927.81,7.564658511424239,Medium,Upi,Debit,Miscellaneous
HDFC Ergo Net Banking Insurance Premium HDFC Ergo,40338.28,10.60508096305938,Large,Net Banking,Debit,Insurance
Local Hardware Store POS Purchase Local Hardware Store,6208.42,8.733822772820112,Large,Debit Card,Debit,Miscellaneous
Income Tax Payment Auto Debit Income Tax Payment,5973.58,8.69526908144202,Large,Auto Debit,Debit,Bills
Credit Card Bill Payment Auto Debit Credit Card Bill Payment,14781.61,9.601206768898484,Large,Auto Debit,Debit,Bills
Indian Oil POS Purchase Indian Oil,1337.62,7.199394511538043,Medium,Debit Card,Debit,Fuel
Blinkit UPI/Blinkit,680.92,6.524912348910252,Medium,Upi,Debit,Groceries
DMart POS Purchase DMart,4893.35,8.495836757587675,Large,Debit Card,Debit,Groceries
Amazon India UPI/DR/877817678/Amazon India,8142.1,9.004926221878033,Large,Upi,Debit,Shopping
BigBasket UPI/DR/182653501/BigBasket,4550.49,8.423209930865044,Large,Upi,Debit,Groceries
BPCL POS Purchase BPCL,1576.68,7.363710692501813,Medium,Debit Card,Debit,Fuel
Rapido POS Purchase Rapido,2850.59,7.955632012434126,Large,Credit Card,Debit,Miscellaneous
Blinkit UPI/DR/208652175/Blinkit,2224.24,7.7076200539518505,Medium,Upi,Debit,Groceries
PharmEasy UPI/DR/785960873/PharmEasy,639.69,6.462545720594343,Small,Upi,Debit,Miscellaneous
Laundry UPI/Paytm/Laundry,1312.81,7.180686591938006,Medium,Upi,Debit,Other
Indian Oil POS Purchase Indian Oil,592.36,6.385801297428302,Small,Credit Card,Debit,Fuel
Indian Oil POS Purchase Indian Oil,2286.82,7.735354678076266,Medium,Debit Card,Debit,Fuel
Domino's India POS Purchase Domino's India,2848.35,7.9548461770753,Large,Debit Card,Debit,Food
Ace Hardware India POS Purchase Ace Hardware India,1287.28,7.161063274342581,Medium,Debit Card,Debit,Miscellaneous
Jio Fiber Net Banking Jio Fiber,15758.74,9.665213865813856,Large,Net Banking,Debit,Bills
Adani Electricity Net Banking Adani Electricity,8540.02,9.052635717589583,Large,Net Banking,Debit,Bills
Tata Power Auto Debit Tata Power,11784.38,9.374615059228839,Large,Auto Debit,Debit,Bills
DMart UPI/DMart,1262.94,7.141989105225714,Medium,Upi,Debit,Groceries
Jio Auto Debit Jio,13750.97,9.528937365559432,Large,Auto Debit,Debit,Bills
Apollo Pharmacy UPI/Apollo Pharmacy,666.2,6.503089851044537,Medium,Upi,Debit,Miscellaneous
Municipal Water Department Net Banking Municipal Water Department,14826.14,9.604214564207211,Large,Net Banking,Debit,Bills
Indane Gas Auto Debit Indane Gas,11736.95,9.370582461439758,Large,Auto Debit,Debit,Bills
HPCL UPI/DR/787790914/HPCL,4966.24,8.5106196328448,Large,Upi,Debit,Fuel
Municipal Water Department NEFT Municipal Water Department,7816.65,8.964139276867774,Large,Neft,Debit,Bills
Jio NEFT Jio,5568.2,8.62500669603513,Large,Neft,Debit,Bills
Reliance Fresh POS Purchase Reliance Fresh,708.84,6.565039592527082,Medium,Debit Card,Debit,Groceries
Naturals Salon UPI/Naturals Salon,6788.36,8.823111959851136,Large,Upi,Debit,Miscellaneous
Domino's India UPI/Domino's India,2758.73,7.922888127838956,Large,Upi,Debit,Food
Netflix UPI/DR/291735734/Netflix,747.25,6.617737146732808,Medium,Upi,Debit,Entertainment
Nature's Basket POS Purchase Nature's Basket,2613.93,7.868992607498289,Medium,Debit Card,Debit,Groceries
BEST UPI/BEST,564.13,6.337055793175718,Small,Upi,Debit,Bills
Nature's Basket UPI/DR/511769051/Nature's Basket,2830.16,7.948441800646622,Large,Upi,Debit,Groceries
EatClub UPI/DR/629408646/EatClub,1328.33,7.1924303348879075,Medium,Upi,Debit,Food
EMI Home Loan NEFT EMI Home Loan,14813.44,9.60335765976574,Large,Neft,Debit,Bills
Municipal Water Department UPI/Municipal Water Department,2004.41,7.603603807613744,Medium,Upi,Debit,Bills
EMI Home Loan NEFT EMI Home Loan,7898.87,8.974601582623514,Large,Neft,Debit,Bills
Bharat Gas Net Banking Bharat Gas,5258.57,8.56780455334069,Large,Net Banking,Debit,Bills
Bharat Gas Auto Debit Bharat Gas,2618.8,7.870853257963549,Medium,Auto Debit,Debit,Bills
Tata Power NEFT Tata Power,6950.31,8.846685410005612,Large,Neft,Debit,Bills
Amazon India Cashback Amazon India,3936.5,8.278301283133889,Large,Upi,Credit,Shopping
EMI Personal Loan UPI/DR/696950800/EMI Personal Loan,17292.23,9.75807037441674,Large,Upi,Debit,Bills
Flipkart POS Purchase Flipkart,5438.76,8.601490221229717,Large,Net Banking,Debit,Shopping
Zomato POS Purchase Zomato,564.94,6.338488065516899,Small,Debit Card,Debit,Food
House Rent Payment NEFT House Rent Payment,20226.82,9.914814163603825,Large,Neft,Debit,Rent
Jio Net Banking Jio,7816.14,8.964074037743975,Large,Net Banking,Debit,Bills
Employer Salary Credit NEFT Salary Credit,160155.48,11.98390661628555,Large,Neft,Credit,Salary
Nature's Basket UPI/Paytm/Nature's Basket,4325.5,8.372514180046794,Large,Upi,Debit,Groceries
Dish TV Auto Debit Dish TV,220.9,5.402226829938548,Small,Auto Debit,Debit,Subscription
ICICI Prudential MF SIP Investment ICICI Prudential MF,6045.93,8.707305984218117,Large,Auto Debit,Debit,Investment
EMI Personal Loan Net Banking EMI Personal Loan,12012.76,9.393807938516712,Large,Net Banking,Debit,Bills
DMart UPI/Paytm/DMart,1925.65,7.5635380224418665,Medium,Upi,Debit,Groceries
Flipkart POS Purchase Flipkart,9632.4,9.172991505823692,Large,Credit Card,Debit,Shopping
Starbucks India UPI/DR/446627326/Starbucks India,2398.52,7.78302399633337,Medium,Upi,Debit,Food
KFC UPI/Paytm/KFC,1470.14,7.2937928894242035,Medium,Upi,Debit,Food
Reliance Fresh POS Purchase Reliance Fresh,3963.73,8.285193035911734,Large,Credit Card,Debit,Groceries
Zepto UPI/Zepto,3483.96,8.156211845366919,Large,Upi,Debit,Groceries
Ola POS Purchase Ola,3413.44,8.135768776127847,Large,Credit Card,Debit,Miscellaneous
Home Depot India POS Purchase Home Depot India,903.44,6.807315967643379,Medium,Debit Card,Debit,Miscellaneous
EMI Home Loan Net Banking EMI Home Loan,16275.87,9.697500360629864,Large,Net Banking,Debit,Bills
Third Wave Coffee UPI/Third Wave Coffee,949.59,6.8570828444527905,Medium,Upi,Debit,Food
Zepto UPI/DR/963251765/Zepto,1973.65,7.588146446440882,Medium,Upi,Debit,Groceries
Fruit Vendor UPI/DR/311147379/Fruit Vendor,995.12,6.903867732254945,Medium,Upi,Debit,Other
Tata 1mg POS Purchase Tata 1mg,2698.66,7.90088111813716,Large,Credit Card,Debit,Miscellaneous
Swiggy UPI/Paytm/Swiggy,2783.31,7.931755365830008,Large,Upi,Debit,Food
BPCL POS Purchase BPCL,3601.68,8.189433291927326,Large,Credit Card,Debit,Fuel
Misc Vendor UPI/Misc Vendor,1836.35,7.516079595101804,Medium,Upi,Debit,Other
Chaayos POS Purchase Chaayos,2772.71,7.927941053232502,Large,Credit Card,Debit,Food
BSNL Net Banking BSNL,7733.28,8.953417675287438,Large,Net Banking,Debit,Bills
Amazon Prime UPI/Amazon Prime,789.18,6.672260767608897,Medium,Upi,Debit,Subscription
BEST Net Banking BEST,10753.43,9.283073041692054,Large,Net Banking,Debit,Bills
Barbeque Nation UPI/Barbeque Nation,198.35,5.295062073827364,Small,Upi,Debit,Food
Disney+ Hotstar UPI/DR/873309842/Disney+ Hotstar,595.04,6.3903077789072595,Small,Upi,Debit,Subscription
BPCL POS Purchase BPCL,2921.58,7.980222066795348,Large,Credit Card,Debit,Fuel
PharmEasy POS Purchase PharmEasy,2488.51,7.819841182945027,Medium,Credit Card,Debit,Miscellaneous
Indian Oil FASTag Recharge,1523.35,7.329323368671699,Medium,Upi,Debit,Fuel
Municipal Water Department Auto Debit Municipal Water Department,10746.88,9.282463804805172,Large,Auto Debit,Debit,Bills
ICICI Lombard Net Banking Insurance Premium ICICI Lombard,41957.25,10.644430355253462,Large,Net Banking,Debit,Insurance
BigBasket POS Purchase BigBasket,1217.64,7.105490761828445,Medium,Credit Card,Debit,Groceries
Tata Play Auto Debit Tata Play,318.63,5.767164076821024,Small,Auto Debit,Debit,Subscription
DMart POS Purchase DMart,4267.6,8.359041183609468,Large,Credit Card,Debit,Groceries
Adani Electricity Auto Debit Adani Electricity,9071.01,9.112949128259695,Large,Auto Debit,Debit,Bills
McDonald's India UPI/McDonald's India,2115.21,7.657382031910177,Medium,Upi,Debit,Food
Blinkit POS Purchase Blinkit,536.14,6.286258768165544,Small,Debit Card,Debit,Groceries
Flipkart UPI/Flipkart,13223.34,9.489814349999138,Large,Upi,Debit,Shopping
Jio Fiber UPI/DR/957905637/Jio Fiber,10434.48,9.252966817495064,Large,Upi,Debit,Bills
Blinkit POS Purchase Blinkit,2803.17,7.9388628739914475,Large,Debit Card,Debit,Groceries
Bajaj Allianz Insurance Premium Bajaj Allianz,44421.72,10.701506329252236,Large,Auto Debit,Debit,Insurance
Zomato UPI/Paytm/Zomato,1050.58,6.958049074036604,Medium,Upi,Debit,Food
BPCL POS Purchase BPCL,3836.16,8.252487788621764,Large,Credit Card,Debit,Fuel
Third Wave Coffee UPI/Third Wave Coffee,2731.18,7.912855104318257,Large,Upi,Debit,Food
Income Tax Payment UPI/Income Tax Payment,27240.34,10.212490951417715,Large,Upi,Debit,Bills
Zepto UPI/Paytm/Zepto,1436.9,7.2709389948336955,Medium,Upi,Debit,Groceries
Jio Fiber Auto Debit Jio Fiber,11674.12,9.365215360856867,Large,Auto Debit,Debit,Bills
Bharat Gas Net Banking Bharat Gas,294.22,5.687720841108851,Small,Net Banking,Debit,Bills
Amazon Prime UPI/DR/783165158/Amazon Prime,1669.04,7.420602857219762,Medium,Upi,Debit,Entertainment
Netflix POS Purchase Netflix,1664.49,7.417874653412767,Medium,Debit Card,Debit,Entertainment
HP Gas Auto Debit HP Gas,1268.27,7.146197211040368,Medium,Auto Debit,Debit,Bills
Income Tax Payment NEFT Income Tax Payment,6421.92,8.767628121941241,Large,Neft,Debit,Bills
HP Gas Auto Debit HP Gas,6572.7,8.79083211886588,Large,Auto Debit,Debit,Bills
Income Tax Payment Auto Debit Income Tax Payment,30499.16,10.325487208483382,Large,Auto Debit,Debit,Bills
BigBasket UPI/BigBasket,795.73,6.680515851005605,Medium,Upi,Debit,Groceries
Indane Gas Auto Debit Indane Gas,3653.39,8.203684463590571,Large,Auto Debit,Debit,Bills
The Beer Cafe POS Purchase The Beer Cafe,2923.32,7.980817254006132,Large,Credit Card,Debit,Food
Credit Card Bill Payment NEFT Credit Card Bill Payment,7756.86,8.956461801948969,Large,Neft,Debit,Bills
EMI Home Loan Net Banking EMI Home Loan,24067.76,10.088670013039632,Large,Net Banking,Debit,Bills
Indane Gas Net Banking Indane Gas,5651.26,8.639810744161814,Large,Net Banking,Debit,Bills
Domino's India UPI/DR/857526651/Domino's India,2044.72,7.623505084751511,Medium,Upi,Debit,Food
Nykaa UPI/DR/456452891/Nykaa,9657.62,9.175606059858653,Large,Upi,Debit,Shopping
Municipal Water Department UPI/Municipal Water Department,4914.76,8.500201649315175,Large,Upi,Debit,Bills
HP Gas UPI/HP Gas,6096.7,8.71566692988016,Large,Upi,Debit,Bills
HP Gas NEFT HP Gas,3529.38,8.169160792858847,Large,Neft,Debit,Bills
Adani Electricity Auto Debit Adani Electricity,5411.17,8.596405400475096,Large,Auto Debit,Debit,Bills
EMI Home Loan Auto Debit EMI Home Loan,9094.28,9.115510876624572,Large,Auto Debit,Debit,Bills
Vegetable Market UPI/Paytm/Vegetable Market,642.48,6.466890946522107,Small,Upi,Debit,Other
Indane Gas Auto Debit Indane Gas,727.51,6.5910013523770115,Medium,Auto Debit,Debit,Bills
ICICI Lombard Insurance Premium ICICI Lombard,20441.92,9.925391891257387,Large,Auto Debit,Debit,Insurance
DMart UPI/DR/509584709/DMart,1985.32,7.59403895952068,Medium,Upi,Debit,Groceries
Blinkit UPI/Blinkit,1763.15,7.475424266965155,Medium,Upi,Debit,Groceries
BEST Auto Debit BEST,3163.35,8.059702942238689,Large,Auto Debit,Debit,Bills
PharmEasy POS Purchase PharmEasy,14131.51,9.556233096138087,Large,Debit Card,Debit,Miscellaneous
BSNL Net Banking BSNL,2404.53,7.7855255324814046,Medium,Net Banking,Debit,Bills
Adani Electricity Auto Debit Adani Electricity,5276.21,8.571152827952115,Large,Auto Debit,Debit,Bills
Adani Electricity Auto Debit Adani Electricity,7782.98,8.959823054489467,Large,Auto Debit,Debit,Bills
Blinkit UPI/Blinkit,2716.25,7.907375618443297,Large,Upi,Debit,Groceries
Jio Auto Debit Jio,11511.81,9.351215607454016,Large,Auto Debit,Debit,Bills
Airtel NEFT Airtel,13822.72,9.534141236209079,Large,Neft,Debit,Bills
Netflix UPI/DR/889913429/Netflix,291.05,5.676925020486318,Small,Upi,Debit,Subscription
House Rent Payment NEFT House Rent Payment,45695.16,10.729769547093687,Large,Neft,Debit,Rent
Amazon India POS Purchase Amazon India,6991.26,8.852559101998704,Large,Debit Card,Debit,Shopping
Employer Salary Credit NEFT Salary Credit,177208.79,12.085089563933984,Large,Neft,Credit,Salary
ATM ATM Cash Withdrawal,3214.18,8.075638622662796,Large,Cash Withdrawal,Debit,Other
McDonald's India UPI/McDonald's India,895.86,6.79889977406945,Medium,Upi,Debit,Food
House Rent Payment Net Banking House Rent Payment,18777.66,9.84047639771388,Large,Net Banking,Debit,Rent
House Rent Payment Net Banking House Rent Payment,9992.57,9.209697165163025,Large,Net Banking,Debit,Rent
Employer Salary Credit NEFT Salary Credit,105918.84,11.570437860595677,Large,Imps,Credit,Salary
Barbeque Nation UPI/Paytm/Barbeque Nation,260.7,5.5671988095361,Small,Upi,Debit,Food
BookMyShow POS Purchase BookMyShow,1373.95,7.2261726458031355,Medium,Debit Card,Debit,Entertainment
House Rent Payment Net Banking House Rent Payment,12266.41,9.414701431479026,Large,Net Banking,Debit,Rent
House Rent Payment NEFT House Rent Payment,24343.91,10.100078071752296,Large,Neft,Debit,Rent
Employer Salary Credit NEFT Salary Credit,100003.05,11.512965964150126,Large,Neft,Credit,Salary
ICICI Lombard Insurance Premium ICICI Lombard,32438.82,10.387141959508654,Large,Auto Debit,Debit,Insurance
Street Vendor UPI/Street Vendor,1512.77,7.322358507001326,Medium,Upi,Debit,Other
IRCTC POS Purchase IRCTC,1650.69,7.40955428514049,Medium,Debit Card,Debit,Miscellaneous
Chaayos UPI/Chaayos,2221.78,7.706513943704679,Medium,Upi,Debit,Food
HDFC Ergo Net Banking Insurance Premium HDFC Ergo,45456.83,10.72454036199533,Large,Net Banking,Debit,Insurance
DMart POS Purchase DMart,1978.47,7.590584411089083,Medium,Debit Card,Debit,Groceries
Laundry UPI/Paytm/Laundry,1257.26,7.137485093171083,Medium,Upi,Debit,Other
BigBasket UPI/DR/422076028/BigBasket,3437.52,8.142796425232724,Large,Upi,Debit,Groceries
Dish TV Auto Debit Dish TV,791.56,6.675268212664775,Medium,Auto Debit,Debit,Subscription
Faasos POS Purchase Faasos,2222.64,7.706900771764432,Medium,Debit Card,Debit,Food
Municipal Water Department NEFT Municipal Water Department,669.57,6.508128096974179,Medium,Neft,Debit,Bills
Nature's Basket UPI/Nature's Basket,3573.22,8.18150224950481,Large,Upi,Debit,Groceries
EatClub POS Purchase EatClub,2830.35,7.948508908695905,Large,Debit Card,Debit,Food
Adani Electricity Net Banking Adani Electricity,4469.36,8.405224221277443,Large,Net Banking,Debit,Bills
Tata Power Auto Debit Tata Power,14367.17,9.572770622320537,Large,Auto Debit,Debit,Bills
Mobile Repair UPI/Paytm/Mobile Repair,515.19,6.246474914760563,Small,Upi,Debit,Other
Disney+ Hotstar UPI/Disney+ Hotstar,1210.43,7.099556758975223,Medium,Upi,Debit,Entertainment
BEST Net Banking BEST,6898.52,8.839207122948187,Large,Net Banking,Debit,Bills
Nature's Basket UPI/Paytm/Nature's Basket,3659.34,8.205311318255692,Large,Upi,Debit,Groceries
Tata Play UPI/Tata Play,539.49,6.2924761355205066,Small,Credit Card,Debit,Subscription
The Beer Cafe UPI/Paytm/The Beer Cafe,2274.2,7.729823239608922,Medium,Upi,Debit,Food
Jio UPI/DR/134075063/Jio,14838.04,9.605016824601927,Large,Upi,Debit,Bills
Cafe Coffee Day UPI/DR/417476097/Cafe Coffee Day,675.35,6.516710693535203,Medium,Upi,Debit,Food
Kirana Shop UPI/Paytm/Kirana Shop,1553.18,7.348703354335633,Medium,Upi,Debit,Other
EMI Home Loan Net Banking EMI Home Loan,15314.63,9.636629154561845,Large,Net Banking,Debit,Bills
Swiggy UPI/DR/876587717/Swiggy,798.51,6.683999040013172,Medium,Upi,Debit,Food
Amazon Prime Auto Debit Amazon Prime,812.66,6.701542588327909,Medium,Auto Debit,Debit,Subscription
DMart POS Purchase DMart,457.98,6.129006636126466,Small,Debit Card,Debit,Groceries
Indane Gas Auto Debit Indane Gas,14262.23,9.565440176033173,Large,Auto Debit,Debit,Bills
Tata Power Net Banking Tata Power,10984.35,9.304317845940634,Large,Net Banking,Debit,Bills
Social POS Purchase Social,2914.7,7.977865207177534,Large,Debit Card,Debit,Food
HPCL POS Purchase HPCL,3892.55,8.267076616850598,Large,Debit Card,Debit,Fuel
Zepto UPI/Zepto,839.41,6.73388986799572,Medium,Upi,Debit,Groceries
Adani Electricity Auto Debit Adani Electricity,11059.08,9.311097508323222,Large,Auto Debit,Debit,Bills
Jio Fiber NEFT Jio Fiber,15567.58,9.65301005964136,Large,Neft,Debit,Bills
Zomato UPI/Paytm/Zomato,1443.8,7.275726182662721,Medium,Upi,Debit,Food
Nykaa POS Purchase Nykaa,2705.51,7.903415261039001,Large,Credit Card,Debit,Shopping
Tata Power Net Banking Tata Power,14753.88,9.599329154507641,Large,Net Banking,Debit,Bills
Tata Power Net Banking Tata Power,2625.7,7.873483584458623,Medium,Net Banking,Debit,Bills
DMart UPI/Paytm/DMart,4297.7,8.366067930390667,Large,Upi,Debit,Groceries
Local Wine & Beer Shop POS Purchase Local Wine & Beer Shop,1743.85,7.464423871056378,Medium,Debit Card,Debit,Food
Street Food Vendor UPI/DR/502926308/Street Food Vendor,85.53,4.460491174618648,Small,Upi,Debit,Other
BigBasket UPI/BigBasket,1770.06,7.479333516373262,Medium,Upi,Debit,Groceries
Reliance Fresh POS Purchase Reliance Fresh,2377.9,7.7743934749512205,Medium,Credit Card,Debit,Groceries
Starbucks India POS Purchase Starbucks India,2462.91,7.809504798012295,Medium,Credit Card,Debit,Food
EatClub UPI/Paytm/EatClub,1348.79,7.207704303776899,Medium,Upi,Debit,Food
Tata Power Net Banking Tata Power,3238.98,8.083322435927817,Large,Net Banking,Debit,Bills
DMart POS Purchase DMart,4090.1,8.316569161531898,Large,Debit Card,Debit,Groceries
Myntra POS Purchase Myntra,646.9,6.473736363455911,Small,Debit Card,Debit,Shopping
KFC UPI/DR/157656107/KFC,361.29,5.89244499608483,Small,Upi,Debit,Food
Indian Oil UPI/DR/473587211/Indian Oil,495.86,6.208308296273664,Small,Upi,Debit,Fuel
Indian Oil POS Purchase Indian Oil,1437.08,7.27106416955691,Medium,Credit Card,Debit,Fuel
Zepto UPI/Zepto,1735.96,7.459891737766395,Medium,Upi,Debit,Groceries
Unknown Merchant UPI/DR/795561982/Unknown Merchant,484.78,6.185755846515162,Small,Upi,Debit,Other
Myntra POS Purchase Myntra,13438.39,9.505945226142362,Large,Debit Card,Debit,Shopping
Reliance Fresh UPI/Reliance Fresh,1364.53,7.219297910646792,Medium,Upi,Debit,Groceries
Ace Hardware India UPI/Paytm/Ace Hardware India,5979.02,8.69617919142069,Large,Upi,Debit,Miscellaneous
Blinkit POS Purchase Blinkit,556.78,6.3239646194053645,Small,Debit Card,Debit,Groceries
Myntra Cashback Myntra,3585.32,8.184881886101248,Large,Net Banking,Credit,Shopping
HP Gas Auto Debit HP Gas,6715.57,8.812332886543599,Large,Auto Debit,Debit,Bills
ICICI Lombard Insurance Premium ICICI Lombard,42421.71,10.65543911103804,Large,Auto Debit,Debit,Insurance
Jio NEFT Jio,15539.69,9.65121702448032,Large,Neft,Debit,Bills
Jio Fiber UPI/Jio Fiber,3093.39,8.037346073609493,Large,Upi,Debit,Bills
Income Tax Payment Auto Debit Income Tax Payment,3194.31,8.069439388708927,Large,Auto Debit,Debit,Bills
Jio Net Banking Jio,10672.19,9.275490268685617,Large,Net Banking,Debit,Bills
Jio Auto Debit Jio,13211.3,9.488903492883225,Large,Auto Debit,Debit,Bills
EMI Personal Loan NEFT EMI Personal Loan,24781.18,10.117880125486353,Large,Neft,Debit,Bills
HP Gas Net Banking HP Gas,664.84,6.5010494014378395,Medium,Net Banking,Debit,Bills
Myntra POS Purchase Myntra,6038.12,8.706013584950021,Large,Credit Card,Debit,Shopping
Adani Electricity Net Banking Adani Electricity,14256.9,9.565066418046582,Large,Net Banking,Debit,Bills
BookMyShow POS Purchase BookMyShow,1805.33,7.49905244153738,Medium,Debit Card,Debit,Entertainment
Netflix POS Purchase Netflix,1842.41,7.5193723963034484,Medium,Credit Card,Debit,Entertainment
Income Tax Payment NEFT Income Tax Payment,7706.42,8.949938780205951,Large,Neft,Debit,Bills
Kirana Shop UPI/DR/956905222/Kirana Shop,540.57,6.2944723286311115,Small,Upi,Debit,Other
Flipkart POS Purchase Flipkart,5693.36,8.647231490286188,Large,Debit Card,Debit,Shopping
Income Tax Payment NEFT Income Tax Payment,22191.48,10.007508771736706,Large,Neft,Debit,Bills
HP Gas Auto Debit HP Gas,13147.28,9.484046230571956,Large,Auto Debit,Debit,Bills
Indane Gas NEFT Indane Gas,8748.89,9.076796407844068,Large,Neft,Debit,Bills
BookMyShow POS Purchase BookMyShow,1422.28,7.26071934612652,Medium,Debit Card,Debit,Entertainment
Dish TV UPI/Dish TV,662.29,6.497212300283385,Medium,Credit Card,Debit,Subscription
Jio Fiber NEFT Jio Fiber,4878.72,8.492843120151887,Large,Neft,Debit,Bills
Chaayos UPI/DR/259091651/Chaayos,893.11,6.795828810109999,Medium,Upi,Debit,Food
Local Barbershop UPI/Paytm/Local Barbershop,210.91,5.356161656232475,Small,Upi,Debit,Miscellaneous
Jio Fiber Net Banking Jio Fiber,11305.77,9.333156940346912,Large,Net Banking,Debit,Bills
Adani Electricity Net Banking Adani Electricity,11853.56,9.380467882669432,Large,Net Banking,Debit,Bills
Credit Card Bill Payment UPI/DR/479167941/Credit Card Bill Payment,11023.61,9.307885325539708,Large,Upi,Debit,Bills
BEST Net Banking BEST,14847.81,9.605675006339755,Large,Net Banking,Debit,Bills
Apollo Pharmacy UPI/Apollo Pharmacy,2839.38,7.951693125021355,Large,Upi,Debit,Miscellaneous
HP Gas Net Banking HP Gas,14210.47,9.561804664016604,Large,Net Banking,Debit,Bills
EatClub UPI/EatClub,1632.55,7.398510839694193,Medium,Upi,Debit,Food
EMI Home Loan NEFT EMI Home Loan,5455.05,8.60448036370418,Large,Neft,Debit,Bills
Tata Power Auto Debit Tata Power,2631.55,7.875708237180086,Medium,Auto Debit,Debit,Bills
Jio UPI/DR/755335262/Jio,3795.47,8.241826966607054,Large,Upi,Debit,Bills
LIC Net Banking Insurance Premium LIC,37983.29,10.544927932173847,Large,Net Banking,Debit,Insurance
Municipal Water Department Auto Debit Municipal Water Department,10107.86,9.221167546012754,Large,Auto Debit,Debit,Bills
Local Wine & Beer Shop POS Purchase Local Wine & Beer Shop,2693.37,7.898919689781747,Large,Debit Card,Debit,Food
Meesho UPI/Paytm/Meesho,11829.17,9.378408327114322,Large,Upi,Debit,Shopping
Indian Oil POS Purchase Indian Oil,2930.35,7.983218346751274,Large,Debit Card,Debit,Fuel
ICICI Prudential MF SIP Investment ICICI Prudential MF,48875.36,10.797049122987485,Large,Auto Debit,Debit,Investment
House Rent Payment Net Banking House Rent Payment,14993.98,9.615470757404294,Large,Net Banking,Debit,Rent
Netflix UPI/Netflix,513.51,6.243214991431188,Small,Upi,Debit,Entertainment
Tata 1mg POS Purchase Tata 1mg,2969.41,7.996455269407163,Large,Debit Card,Debit,Miscellaneous
DMart UPI/Paytm/DMart,1715.95,7.448304739914349,Medium,Upi,Debit,Groceries
House Rent Payment UPI House Rent Payment,35207.19,10.469034004977162,Large,Upi,Debit,Rent
Nykaa POS Purchase Nykaa,5843.63,8.673278569935022,Large,Credit Card,Debit,Shopping
Employer Salary Credit NEFT Salary Credit,103650.59,11.548790457833098,Large,Imps,Credit,Salary
Interest Credit Interest Credit Savings Account,284.25,5.653365988742185,Small,Neft,Credit,Salary
EMI Personal Loan Net Banking EMI Personal Loan,24324.66,10.099287039265775,Large,Net Banking,Debit,Bills
Employer Salary Credit NEFT Salary Credit,98319.03,11.49598304936599,Large,Imps,Credit,Salary
Unknown Merchant UPI/Unknown Merchant,191.23,5.258692571764769,Small,Upi,Debit,Other
Chaayos UPI/Chaayos,1901.59,7.550971394793023,Medium,Upi,Debit,Food
House Rent Payment Net Banking House Rent Payment,32283.24,10.382334464439676,Large,Net Banking,Debit,Rent
Street Food Vendor UPI/DR/457887167/Street Food Vendor,208.99,5.347059910536027,Small,Upi,Debit,Other
Employer Salary Credit NEFT Salary Credit,122159.85,11.71309389795606,Large,Neft,Credit,Salary
Swiggy POS Purchase Swiggy,1818.41,7.506267551690324,Medium,Debit Card,Debit,Food
House Rent Payment NEFT House Rent Payment,29378.56,10.288054473441456,Large,Neft,Debit,Rent
Income Tax Payment Net Banking Income Tax Payment,8126.41,9.002997578600906,Large,Net Banking,Debit,Bills
ATM ATM Cash Withdrawal,760.29,6.635014362799652,Medium,Cash Withdrawal,Debit,Other
Disney+ Hotstar UPI/Disney+ Hotstar,1332.01,7.195194822026038,Medium,Upi,Debit,Entertainment
BigBasket POS Purchase BigBasket,4932.56,8.50381611597456,Large,Debit Card,Debit,Groceries
Zomato UPI/DR/693458652/Zomato,2235.58,7.712703192409781,Medium,Upi,Debit,Food
Uber UPI/Paytm/Uber,1815.54,7.504688871787653,Medium,Upi,Debit,Miscellaneous
Social UPI/DR/597706044/Social,1799.78,7.4959751833558155,Medium,Upi,Debit,Food
Zepto UPI/Zepto,4088.16,8.316094848970593,Large,Upi,Debit,Groceries
Burger King UPI/Burger King,967.59,6.875841405736606,Medium,Upi,Debit,Food
Indian Oil UPI/DR/517817593/Indian Oil,4923.29,8.501935380777239,Large,Upi,Debit,Fuel
PharmEasy UPI/DR/183686071/PharmEasy,12191.82,9.40860253288261,Large,Upi,Debit,Miscellaneous
Reliance Fresh UPI/Reliance Fresh,4845.07,8.485923346175158,Large,Upi,Debit,Groceries
Local Wine & Beer Shop POS Purchase Local Wine & Beer Shop,2283.76,7.734016264989215,Medium,Debit Card,Debit,Food
BEST Net Banking BEST,704.39,6.558750841347624,Medium,Net Banking,Debit,Bills
Zomato UPI/DR/292879335/Zomato,1134.62,7.034934036278883,Medium,Upi,Debit,Food
Indian Oil POS Purchase Indian Oil,4174.45,8.33697741590777,Large,Debit Card,Debit,Fuel
Bharat Gas Auto Debit Bharat Gas,7798.19,8.961775161131452,Large,Auto Debit,Debit,Bills
Airtel Digital TV UPI/Airtel Digital TV,286.85,5.662439511121819,Small,Credit Card,Debit,Subscription
KFC POS Purchase KFC,1914.72,7.557848810064582,Medium,Credit Card,Debit,Food
DMart UPI/DMart,753.71,6.6263335695011705,Medium,Upi,Debit,Groceries
Adani Electricity UPI/Adani Electricity,10795.3,9.28695876182147,Large,Upi,Debit,Bills
ATM ATM Cash Withdrawal,3095.86,8.038143973914291,Large,Cash Withdrawal,Debit,Other
Credit Card Bill Payment Auto Debit Credit Card Bill Payment,15571.58,9.653266954376303,Large,Auto Debit,Debit,Bills
Blinkit UPI/Paytm/Blinkit,1311.45,7.179650898502041,Medium,Upi,Debit,Groceries
Bharat Gas Auto Debit Bharat Gas,3339.94,8.114007483500496,Large,Auto Debit,Debit,Bills
Indian Oil UPI/Paytm/Indian Oil,2222.08,7.706648900721074,Medium,Upi,Debit,Fuel
EatClub UPI/EatClub,2034.66,7.618575369619255,Medium,Upi,Debit,Food
Cafe Coffee Day UPI/DR/944048177/Cafe Coffee Day,1801.91,7.497157305152108,Medium,Upi,Debit,Food
Reliance Fresh UPI/Reliance Fresh,2309.44,7.745193261568029,Medium,Upi,Debit,Groceries
Social POS Purchase Social,700.06,6.552593475383215,Medium,Debit Card,Debit,Food
Disney+ Hotstar POS Purchase Disney+ Hotstar,1075.24,6.981228764177287,Medium,Debit Card,Debit,Entertainment
Bharat Gas Net Banking Bharat Gas,2320.91,7.750145401816738,Medium,Net Banking,Debit,Bills
Blinkit UPI/Blinkit,2365.7,7.769251858769153,Medium,Upi,Debit,Groceries
Social UPI/Paytm/Social,2611.04,7.867886804214746,Medium,Upi,Debit,Food
Zepto POS Purchase Zepto,4436.74,8.3979005168282,Large,Debit Card,Debit,Groceries
Domino's India UPI/Domino's India,1520.36,7.327359950644021,Medium,Upi,Debit,Food
Nature's Basket UPI/DR/259092607/Nature's Basket,4252.27,8.355443377837679,Large,Upi,Debit,Groceries
Misc Vendor UPI/DR/293947512/Misc Vendor,931.13,6.837472289937007,Medium,Upi,Debit,Other
HPCL FASTag Recharge,4972.45,8.511869043259537,Large,Net Banking,Debit,Fuel
Airtel Net Banking Airtel,14194.56,9.560684518639663,Large,Net Banking,Debit,Bills
BigBasket POS Purchase BigBasket,2195.08,7.694429231838365,Medium,Debit Card,Debit,Groceries
Mobile Repair UPI/Mobile Repair,413.34,6.026686892817743,Small,Upi,Debit,Other
Amazon India UPI/Amazon India,9392.73,9.147797724423835,Large,Upi,Debit,Shopping
Zepto UPI/Paytm/Zepto,2938.98,7.9861580575885,Large,Upi,Debit,Groceries
Burger King POS Purchase Burger King,2426.16,7.794477128563944,Medium,Credit Card,Debit,Food
Reliance Fresh POS Purchase Reliance Fresh,4703.07,8.456183370420124,Large,Debit Card,Debit,Groceries
Income Tax Payment Auto Debit Income Tax Payment,12205.36,9.409712406361137,Large,Auto Debit,Debit,Bills
ATM ATM Cash Withdrawal,3689.45,8.21350368081864,Large,Cash Withdrawal,Debit,Other
EatClub UPI/EatClub,1439.07,7.272447002499676,Medium,Upi,Debit,Food
Stationery Shop UPI/DR/801402523/Stationery Shop,2396.13,7.78202746742349,Medium,Upi,Debit,Other
BigBasket UPI/Paytm/BigBasket,4839.36,8.4847443771099,Large,Upi,Debit,Groceries
Barbeque Nation UPI/Barbeque Nation,466.74,6.147912585983923,Small,Upi,Debit,Food
Airtel Auto Debit Airtel,11349.5,9.337017074802686,Large,Auto Debit,Debit,Bills
Tata Power Net Banking Tata Power,2196.11,7.694898139406156,Medium,Net Banking,Debit,Bills
Tata Power Auto Debit Tata Power,9134.3,9.119901308995358,Large,Auto Debit,Debit,Bills
Jio Fiber Auto Debit Jio Fiber,1837.47,7.516688982957934,Medium,Auto Debit,Debit,Bills
Reliance Fresh UPI/DR/762888128/Reliance Fresh,4504.4,8.413031956333894,Large,Upi,Debit,Groceries
BEST Auto Debit BEST,2039.25,7.620827628349352,Medium,Auto Debit,Debit,Bills
ATM ATM Cash Withdrawal,3502.46,8.161506330591138,Large,Cash Withdrawal,Debit,Other
Reliance Fresh UPI/Paytm/Reliance Fresh,4978.56,8.51309681270165,Large,Upi,Debit,Groceries
Indane Gas Net Banking Indane Gas,9318.66,9.139881426327506,Large,Net Banking,Debit,Bills
Flipkart POS Purchase Flipkart,4166.44,8.335057217400733,Large,Credit Card,Debit,Shopping
Jio Fiber NEFT Jio Fiber,12497.61,9.433372717107215,Large,Neft,Debit,Bills
Credit Card Bill Payment Net Banking Credit Card Bill Payment,10853.51,9.292335940805275,Large,Net Banking,Debit,Bills
Jio Auto Debit Jio,6198.08,8.732156172925954,Large,Auto Debit,Debit,Bills
BEST Auto Debit BEST,4610.78,8.436369178603314,Large,Auto Debit,Debit,Bills
Municipal Water Department NEFT Municipal Water Department,8149.04,9.005778114198325,Large,Neft,Debit,Bills
Indane Gas NEFT Indane Gas,8289.76,9.022896920646225,Large,Neft,Debit,Bills
Tata Power Auto Debit Tata Power,13959.33,9.543975015005449,Large,Auto Debit,Debit,Bills
Municipal Water Department Auto Debit Municipal Water Department,6584.46,8.79261946747031,Large,Auto Debit,Debit,Bills
HP Gas Net Banking HP Gas,2789.63,7.934022655776585,Large,Net Banking,Debit,Bills
Adani Electricity Net Banking Adani Electricity,7462.28,8.917750274851816,Large,Net Banking,Debit,Bills
Nature's Basket POS Purchase Nature's Basket,1716.48,7.448613379196098,Medium,Debit Card,Debit,Groceries
Adani Electricity Net Banking Adani Electricity,5397.44,8.593865301927043,Large,Net Banking,Debit,Bills
Ajio UPI/Ajio,9207.49,9.127881163581876,Large,Upi,Debit,Shopping
Employer Salary Credit NEFT Salary Credit,79766.06,11.28686591626509,Large,Imps,Credit,Salary
House Rent Payment NEFT House Rent Payment,35917.83,10.48901694950257,Large,Neft,Debit,Rent
Jio Fiber UPI/DR/619595468/Jio Fiber,13812.9,9.533430610589852,Large,Upi,Debit,Bills
Myntra UPI/DR/360482447/Myntra,7835.39,8.966533548116896,Large,Upi,Debit,Shopping
BSNL Net Banking BSNL,3744.96,8.228433204890429,Large,Net Banking,Debit,Bills
Employer Salary Credit NEFT Salary Credit,94651.28,11.457965245095359,Large,Imps,Credit,Salary
Reliance Fresh UPI/DR/918375813/Reliance Fresh,2049.21,7.625697505910326,Medium,Upi,Debit,Groceries
Stationery Shop UPI/Stationery Shop,1945.59,7.573834402816966,Medium,Upi,Debit,Other
BPCL POS Purchase BPCL,3157.15,8.057741692104292,Large,Debit Card,Debit,Fuel
HPCL FASTag Recharge,1897.41,7.548771972701443,Medium,Upi,Debit,Fuel
SBI Mutual Fund UPI/Paytm/SBI Mutual Fund,27993.87,10.23977655808584,Large,Upi,Debit,Investment
Blinkit UPI/Blinkit,3975.21,8.28808438328311,Large,Upi,Debit,Groceries
Ace Hardware India UPI/DR/297615674/Ace Hardware India,6938.25,8.844948978496692,Large,Upi,Debit,Miscellaneous
General Store UPI/Paytm/General Store,1777.69,7.483632417282084,Medium,Upi,Debit,Other
Nature's Basket UPI/DR/458028166/Nature's Basket,3680.96,8.211200498072959,Large,Upi,Debit,Groceries
Chaayos UPI/Chaayos,2367.2,7.769885451896856,Medium,Upi,Debit,Food
Third Wave Coffee UPI/DR/878678109/Third Wave Coffee,1032.42,6.940628969255897,Medium,Upi,Debit,Food
HPCL POS Purchase HPCL,2060.4,7.631140642602692,Medium,Debit Card,Debit,Fuel
HDFC Ergo Net Banking Insurance Premium HDFC Ergo,24320.46,10.099114367172938,Large,Net Banking,Debit,Insurance
Laundry UPI/Paytm/Laundry,1394.48,7.240993721092952,Medium,Upi,Debit,Other
Municipal Water Department Net Banking Municipal Water Department,5930.75,8.688074558067637,Large,Net Banking,Debit,Bills
Jio NEFT Jio,2019.51,7.6111052337762635,Medium,Neft,Debit,Bills
Income Tax Payment Net Banking Income Tax Payment,25860.21,10.160499441641111,Large,Net Banking,Debit,Bills
Reliance Fresh UPI/DR/578869802/Reliance Fresh,2334.24,7.755869948547023,Medium,Upi,Debit,Groceries
Home Depot India UPI/Home Depot India,92.01,4.532707014254376,Small,Upi,Debit,Miscellaneous
Chaayos UPI/Paytm/Chaayos,2003.52,7.603159909583297,Medium,Upi,Debit,Food
HPCL POS Purchase HPCL,1269.38,7.1470713472959,Medium,Debit Card,Debit,Fuel
Flipkart UPI/Flipkart,8235.19,9.016293137332774,Large,Upi,Debit,Shopping
The Beer Cafe UPI/The Beer Cafe,261.49,5.570212986067941,Small,Upi,Debit,Food
Spotify Auto Debit Spotify,347.02,5.852259949387432,Small,Auto Debit,Debit,Subscription
Starbucks India POS Purchase Starbucks India,1982.15,7.592441768624216,Medium,Credit Card,Debit,Food
Pet Shop UPI/DR/238926282/Pet Shop,1155.83,7.053438784678188,Medium,Upi,Debit,Other
Tata Power Net Banking Tata Power,15376.84,9.640682791064075,Large,Net Banking,Debit,Bills
Nykaa UPI/DR/964062922/Nykaa,10396.72,9.249341830325655,Large,Upi,Debit,Shopping
Airtel Auto Debit Airtel,6283.57,8.745852701818254,Large,Auto Debit,Debit,Bills
Tailor UPI/Tailor,360.03,5.888961057373135,Small,Upi,Debit,Other
Laundry UPI/Paytm/Laundry,953.12,6.860789449701392,Medium,Upi,Debit,Other
Amazon India UPI/Amazon India,5646.41,8.638952311960194,Large,Upi,Debit,Shopping
Third Wave Coffee UPI/Third Wave Coffee,1793.43,7.492442701746582,Medium,Upi,Debit,Food
BookMyShow UPI/DR/514008800/BookMyShow,1786.87,7.488780246155059,Medium,Upi,Debit,Entertainment
Indane Gas Net Banking Indane Gas,10791.08,9.28656781075856,Large,Net Banking,Debit,Bills
Meesho POS Purchase Meesho,7002.46,8.854159591632792,Large,Debit Card,Debit,Shopping
Uber POS Purchase Uber,2694.69,7.899409480257693,Large,Debit Card,Debit,Miscellaneous
EatClub POS Purchase EatClub,404.11,6.004158635166867,Small,Credit Card,Debit,Food
DMart UPI/DMart,1704.01,7.441326254803057,Medium,Upi,Debit,Groceries
ATM ATM Cash Withdrawal,3890.43,8.266531978315264,Large,Cash Withdrawal,Debit,Other
BSNL UPI/BSNL,15707.89,9.661982073120086,Large,Upi,Debit,Bills
Zomato UPI/Paytm/Zomato,2088.5,7.64468008188797,Medium,Upi,Debit,Food
Indian Oil POS Purchase Indian Oil,1327.96,7.192151960442389,Medium,Debit Card,Debit,Fuel
EMI Home Loan Net Banking EMI Home Loan,6010.01,8.70134806665448,Large,Net Banking,Debit,Bills
BigBasket UPI/Paytm/BigBasket,2084.99,7.6429988416853725,Medium,Upi,Debit,Groceries
Cafe Coffee Day POS Purchase Cafe Coffee Day,2423.9,7.793545565407908,Medium,Debit Card,Debit,Food
BigBasket POS Purchase BigBasket,327.07,5.793227000248627,Small,Debit Card,Debit,Groceries
The Beer Cafe POS Purchase The Beer Cafe,2787.47,7.933248337299439,Large,Credit Card,Debit,Food
Street Food Vendor UPI/Paytm/Street Food Vendor,252.62,5.535837083806753,Small,Upi,Debit,Other
Local Services UPI/DR/577283948/Local Services,2124.09,7.661569433402834,Medium,Upi,Debit,Other
Blinkit UPI/Blinkit,3156.44,8.057516851668803,Large,Upi,Debit,Groceries
Stationery Shop UPI/DR/584135007/Stationery Shop,1547.64,7.345132405400778,Medium,Upi,Debit,Other
Bharat Gas Auto Debit Bharat Gas,471.06,6.157106096150733,Small,Auto Debit,Debit,Bills
Third Wave Coffee POS Purchase Third Wave Coffee,1951.12,7.576671240493338,Medium,Debit Card,Debit,Food
PharmEasy UPI/PharmEasy,1466.73,7.2914722685527,Medium,Upi,Debit,Miscellaneous
Cafe Coffee Day UPI/Cafe Coffee Day,306.16,5.727368784462343,Small,Upi,Debit,Food
HDFC Ergo Net Banking Insurance Premium HDFC Ergo,5629.04,8.635871825904234,Large,Net Banking,Debit,Insurance
Reliance Fresh UPI/DR/299451515/Reliance Fresh,3277.35,8.095095526026213,Large,Upi,Debit,Groceries
General Store UPI/Paytm/General Store,1438.68,7.272176145652807,Medium,Upi,Debit,Other
EMI Personal Loan Auto Debit EMI Personal Loan,4375.58,8.384022876452473,Large,Auto Debit,Debit,Bills
LIC Insurance Premium LIC,17904.66,9.792872142965127,Large,Auto Debit,Debit,Insurance
HPCL POS Purchase HPCL,3657.34,8.204764771597064,Large,Debit Card,Debit,Fuel
Ajio POS Purchase Ajio,7933.98,8.979036112478441,Large,Credit Card,Debit,Shopping
BPCL POS Purchase BPCL,2798.39,7.937156815286124,Large,Debit Card,Debit,Fuel
Indian Oil UPI/DR/378556835/Indian Oil,2322.44,7.7508041250799256,Medium,Upi,Debit,Fuel
Cafe Coffee Day UPI/DR/106238675/Cafe Coffee Day,2981.9,8.000651260654138,Large,Upi,Debit,Food
Reliance Fresh UPI/Reliance Fresh,420.52,6.04386722590103,Small,Upi,Debit,Groceries
Blinkit UPI/DR/512477736/Blinkit,1439.61,7.272821913983301,Medium,Upi,Debit,Groceries
Airtel NEFT Airtel,13456.46,9.507288878110428,Large,Neft,Debit,Bills
Ajio POS Purchase Ajio,1273.55,7.15034845411766,Medium,Credit Card,Debit,Shopping
Indane Gas Net Banking Indane Gas,9912.34,9.201636603840766,Large,Net Banking,Debit,Bills
Local Barbershop POS Purchase Local Barbershop,2400.61,7.783894624761268,Medium,Debit Card,Debit,Miscellaneous
Income Tax Payment Net Banking Income Tax Payment,9503.88,9.159560629908588,Large,Net Banking,Debit,Bills
Jio Auto Debit Jio,10530.67,9.262142187045171,Large,Auto Debit,Debit,Bills
Third Wave Coffee POS Purchase Third Wave Coffee,1413.29,7.254382917365807,Medium,Debit Card,Debit,Food
Jio Net Banking Jio,2770.87,7.927277461663172,Large,Net Banking,Debit,Bills
BEST UPI/DR/837502201/BEST,15742.03,9.664153006621655,Large,Upi,Debit,Bills
Starbucks India POS Purchase Starbucks India,2494.39,7.822200308595324,Medium,Debit Card,Debit,Food
Reliance Fresh UPI/Paytm/Reliance Fresh,3866.25,8.260298939116774,Large,Upi,Debit,Groceries
Jio NEFT Jio,8215.42,9.013889870068134,Large,Neft,Debit,Bills
Jio Fiber Auto Debit Jio Fiber,10658.14,9.27417301904326,Large,Auto Debit,Debit,Bills
Spotify Auto Debit Spotify,300.93,5.710195202428391,Small,Auto Debit,Debit,Subscription
EMI Personal Loan NEFT EMI Personal Loan,9351.26,9.143373304305227,Large,Neft,Debit,Bills
Indian Oil POS Purchase Indian Oil,1106.96,7.010275765572537,Medium,Credit Card,Debit,Fuel
HP Gas Auto Debit HP Gas,11048.44,9.310135026928657,Large,Auto Debit,Debit,Bills
BEST Auto Debit BEST,11740.33,9.370870374870098,Large,Auto Debit,Debit,Bills
HP Gas Auto Debit HP Gas,1977.19,7.5899375641923665,Medium,Auto Debit,Debit,Bills
Local Services UPI/DR/722503273/Local Services,318.98,5.768258493840566,Small,Upi,Debit,Other
Local Wine & Beer Shop UPI/Local Wine & Beer Shop,2326.75,7.752657414768639,Medium,Upi,Debit,Food
EMI Personal Loan Auto Debit EMI Personal Loan,20176.75,9.912335791160181,Large,Auto Debit,Debit,Bills
EMI Home Loan Auto Debit EMI Home Loan,16160.96,9.69041561184911,Large,Auto Debit,Debit,Bills
Uber POS Purchase Uber,1682.93,7.42888562624235,Medium,Debit Card,Debit,Miscellaneous
Bharat Gas Auto Debit Bharat Gas,10664.92,9.274808890663639,Large,Auto Debit,Debit,Bills
BSNL Auto Debit BSNL,13382.34,9.50176592883868,Large,Auto Debit,Debit,Bills
Reliance Fresh POS Purchase Reliance Fresh,2200.16,7.69673977311426,Medium,Debit Card,Debit,Groceries
Indane Gas NEFT Indane Gas,7202.96,8.882386153809582,Large,Neft,Debit,Bills
Spotify Auto Debit Spotify,549.81,6.3113899221000045,Small,Auto Debit,Debit,Subscription
Disney+ Hotstar UPI/DR/443328397/Disney+ Hotstar,831.42,6.7243371211409775,Medium,Credit Card,Debit,Subscription
BigBasket UPI/BigBasket,927.36,6.833419588594894,Medium,Upi,Debit,Groceries
EMI Personal Loan NEFT EMI Personal Loan,16629.58,9.718998448307598,Large,Neft,Debit,Bills
ATM ATM Cash Withdrawal,4785.0,8.47345026846832,Large,Cash Withdrawal,Debit,Other
SBI Mutual Fund SIP Investment SBI Mutual Fund,7945.64,8.980504476800848,Large,Auto Debit,Debit,Investment
Employer Salary Credit NEFT Salary Credit,82756.63,11.323671494426716,Large,Imps,Credit,Salary
Street Food Vendor UPI/DR/470574014/Street Food Vendor,293.72,5.686025753066942,Small,Upi,Debit,Other
Employer Salary Credit NEFT Salary Credit,148020.81,11.905114906753981,Large,Imps,Credit,Salary
Indian Oil POS Purchase Indian Oil,3211.6,8.074835857123666,Large,Debit Card,Debit,Fuel
Disney+ Hotstar POS Purchase Disney+ Hotstar,458.78,6.130748114210368,Small,Debit Card,Debit,Entertainment
Interest Credit Interest Credit Savings Account,1155.43,7.05309295238611,Medium,Neft,Credit,Salary
EatClub UPI/DR/125673445/EatClub,1326.98,7.191414269682009,Medium,Upi,Debit,Food
PharmEasy UPI/Paytm/PharmEasy,461.52,6.136689799260761,Small,Upi,Debit,Miscellaneous
Employer Salary Credit NEFT Salary Credit,47528.1,10.769097434019562,Large,Imps,Credit,Salary
House Rent Payment NEFT House Rent Payment,45770.84,10.731424333844673,Large,Neft,Debit,Rent
Bharat Gas UPI/Paytm/Bharat Gas,8634.69,9.063658894742149,Large,Upi,Debit,Bills
Amazon Prime UPI/Paytm/Amazon Prime,1514.13,7.323256522842982,Medium,Upi,Debit,Entertainment
Jio Fiber Auto Debit Jio Fiber,14062.72,9.551353710739287,Large,Auto Debit,Debit,Bills
BookMyShow POS Purchase BookMyShow,1936.38,7.56909182382555,Medium,Debit Card,Debit,Entertainment
Airtel NEFT Airtel,7419.23,8.911965332985602,Large,Neft,Debit,Bills
Interest Credit Interest Credit Savings Account,655.16,6.486404661643749,Small,Neft,Credit,Salary
BPCL POS Purchase BPCL,4507.05,8.413619966491236,Large,Debit Card,Debit,Fuel
EatClub UPI/DR/872172887/EatClub,767.02,6.643815774475261,Medium,Upi,Debit,Food
Local Hardware Store UPI/Local Hardware Store,5798.73,8.665566643726807,Large,Upi,Debit,Miscellaneous
BookMyShow UPI/DR/600422869/BookMyShow,1604.52,7.381202970630428,Medium,Upi,Debit,Entertainment
EMI Personal Loan Auto Debit EMI Personal Loan,22342.09,10.01427237997861,Large,Auto Debit,Debit,Bills
Adani Electricity Net Banking Adani Electricity,15589.49,9.654416391962002,Large,Net Banking,Debit,Bills
Myntra UPI/Paytm/Myntra,4781.87,8.472796063716528,Large,Upi,Debit,Shopping
McDonald's India UPI/DR/840206617/McDonald's India,2562.17,7.849000052685696,Medium,Upi,Debit,Food
Spotify UPI/DR/987325945/Spotify,811.26,6.69982048595388,Medium,Credit Card,Debit,Subscription
BPCL POS Purchase BPCL,963.75,6.871869000417728,Medium,Credit Card,Debit,Fuel
Income Tax Payment NEFT Income Tax Payment,29671.17,10.297964848460104,Large,Neft,Debit,Bills
Tata Play UPI/Paytm/Tata Play,719.7,6.580222961930396,Medium,Credit Card,Debit,Subscription
Indian Oil FASTag Recharge,1336.37,7.1984602777846165,Medium,Upi,Debit,Fuel
Jio Fiber Auto Debit Jio Fiber,9274.23,9.13510268501184,Large,Auto Debit,Debit,Bills
KFC UPI/KFC,1517.56,7.325517796382182,Medium,Upi,Debit,Food
Myntra POS Purchase Myntra,5915.14,8.685439488188957,Large,Debit Card,Debit,Shopping
HP Gas Auto Debit HP Gas,2600.62,7.863889606900818,Medium,Auto Debit,Debit,Bills
Tata 1mg POS Purchase Tata 1mg,2898.58,7.972321177899831,Large,Debit Card,Debit,Miscellaneous
Faasos UPI/Faasos,2062.04,7.6319359021222555,Medium,Upi,Debit,Food
HP Gas Net Banking HP Gas,4661.64,8.447337090310928,Large,Net Banking,Debit,Bills
Flipkart UPI/Flipkart,6564.52,8.789586991520906,Large,Upi,Debit,Shopping
Faasos POS Purchase Faasos,712.47,6.570140389782047,Medium,Debit Card,Debit,Food
Starbucks India POS Purchase Starbucks India,2692.07,7.898437085789783,Large,Debit Card,Debit,Food
Netflix POS Purchase Netflix,730.15,6.594618637057888,Medium,Debit Card,Debit,Entertainment
Airtel Digital TV UPI/DR/506639535/Airtel Digital TV,760.16,6.634843585433806,Medium,Credit Card,Debit,Subscription
DMart UPI/Paytm/DMart,3680.25,8.211007647399898,Large,Upi,Debit,Groceries
Home Depot India POS Purchase Home Depot India,2686.17,7.8962438741988485,Large,Credit Card,Debit,Miscellaneous
Cafe Coffee Day UPI/Paytm/Cafe Coffee Day,312.45,5.747639857719977,Small,Upi,Debit,Food
BEST Net Banking BEST,4202.84,8.343753672281144,Large,Net Banking,Debit,Bills
Nykaa POS Purchase Nykaa,1720.03,7.45067822778535,Medium,Debit Card,Debit,Shopping
Nature's Basket POS Purchase Nature's Basket,621.76,6.434161211821474,Small,Credit Card,Debit,Groceries
Ajio POS Purchase Ajio,13932.55,9.542054879963068,Large,Net Banking,Debit,Shopping
ATM ATM Cash Withdrawal,4180.85,8.338509011339568,Large,Cash Withdrawal,Debit,Other
HDFC Ergo Net Banking Insurance Premium HDFC Ergo,18171.0,9.807637226879294,Large,Net Banking,Debit,Insurance
EatClub UPI/Paytm/EatClub,716.84,6.576246702989803,Medium,Upi,Debit,Food
Spotify Auto Debit Spotify,341.12,5.835161552712581,Small,Auto Debit,Debit,Subscription
Swiggy UPI/DR/792463878/Swiggy,761.51,6.636615623149668,Medium,Upi,Debit,Food
Netflix POS Purchase Netflix,1386.53,7.235280467008467,Medium,Debit Card,Debit,Entertainment
Adani Electricity Auto Debit Adani Electricity,5624.76,8.635111329057048,Large,Auto Debit,Debit,Bills
Credit Card Bill Payment Net Banking Credit Card Bill Payment,10176.84,9.227968086844433,Large,Net Banking,Debit,Bills
Credit Card Bill Payment NEFT Credit Card Bill Payment,2674.14,7.891756994409201,Large,Neft,Debit,Bills
BEST Net Banking BEST,681.85,6.526275216124434,Medium,Net Banking,Debit,Bills
EMI Home Loan Net Banking EMI Home Loan,19672.61,9.88703342275942,Large,Net Banking,Debit,Bills
Swiggy POS Purchase Swiggy,1410.31,7.252273630060556,Medium,Debit Card,Debit,Food
Jio Fiber Auto Debit Jio Fiber,13338.65,9.498496082243863,Large,Auto Debit,Debit,Bills
Jio Auto Debit Jio,2445.77,7.802524066381032,Medium,Auto Debit,Debit,Bills
Jio NEFT Jio,13759.86,9.52958360953429,Large,Neft,Debit,Bills
Dish TV UPI/Dish TV,693.39,6.543033762320787,Medium,Upi,Debit,Subscription
EMI Personal Loan Auto Debit EMI Personal Loan,11951.98,9.388735898656469,Large,Auto Debit,Debit,Bills
Indane Gas Net Banking Indane Gas,2359.42,7.766594848287262,Medium,Net Banking,Debit,Bills
Swiggy UPI/Swiggy,904.09,6.808034386269162,Medium,Upi,Debit,Food
Mobile Repair UPI/Mobile Repair,2020.95,7.611817671282588,Medium,Upi,Debit,Other
BEST Net Banking BEST,9739.87,9.184085715029505,Large,Net Banking,Debit,Bills
BSNL NEFT BSNL,5934.78,8.688753722165794,Large,Neft,Debit,Bills
Income Tax Payment NEFT Income Tax Payment,3553.01,8.175831822441646,Large,Neft,Debit,Bills
BEST Net Banking BEST,14743.22,9.598606420562266,Large,Net Banking,Debit,Bills
HP Gas Net Banking HP Gas,11812.24,9.376976215342497,Large,Net Banking,Debit,Bills
Adani Electricity Auto Debit Adani Electricity,11464.4,9.34708908347538,Large,Auto Debit,Debit,Bills
Tata Power Auto Debit Tata Power,306.47,5.7283775215115815,Small,Auto Debit,Debit,Bills
HPCL UPI/HPCL,3873.07,8.262060912982838,Large,Upi,Debit,Fuel
Jio Net Banking Jio,6380.31,8.761128684415295,Large,Net Banking,Debit,Bills
Swiggy UPI/DR/822062338/Swiggy,1363.37,7.218448062615862,Medium,Upi,Debit,Food
Jio Fiber Net Banking Jio Fiber,11478.72,9.348337279332208,Large,Net Banking,Debit,Bills
Income Tax Payment Net Banking Income Tax Payment,6325.86,8.752559341511521,Large,Net Banking,Debit,Bills
BSNL Auto Debit BSNL,11631.68,9.361573657486899,Large,Auto Debit,Debit,Bills
Local Hardware Store UPI/DR/965661638/Local Hardware Store,5551.58,8.622017963589148,Large,Upi,Debit,Miscellaneous
Zepto POS Purchase Zepto,1698.48,7.438077600899818,Medium,Credit Card,Debit,Groceries
House Rent Payment Net Banking House Rent Payment,18194.25,9.808915849990338,Large,Net Banking,Debit,Rent
House Rent Payment UPI House Rent Payment,16716.97,9.724239467784468,Large,Upi,Debit,Rent
Jio Auto Debit Jio,12118.25,9.402550376520466,Large,Auto Debit,Debit,Bills
Airtel NEFT Airtel,15122.41,9.623999153406189,Large,Neft,Debit,Bills
Ace Hardware India UPI/DR/792944501/Ace Hardware India,1582.11,7.36714654578014,Medium,Upi,Debit,Miscellaneous
Mutual Fund SIP UPI/DR/809182681/Mutual Fund SIP,7465.22,8.918144125957078,Large,Upi,Debit,Investment
Indian Oil POS Purchase Indian Oil,4197.65,8.342518324030795,Large,Debit Card,Debit,Fuel
Social UPI/Social,2423.4,7.79333935007713,Medium,Upi,Debit,Food
Income Tax Payment NEFT Income Tax Payment,15720.84,9.66280610747963,Large,Neft,Debit,Bills
Airtel Digital TV Auto Debit Airtel Digital TV,798.45,6.683923991231429,Medium,Auto Debit,Debit,Subscription
Employer Salary Credit NEFT Salary Credit,238163.14,12.38071537881032,Large,Imps,Credit,Salary
Nature's Basket UPI/DR/977516280/Nature's Basket,573.37,6.353273787957807,Small,Upi,Debit,Groceries
Tata Play Auto Debit Tata Play,456.84,6.126519778100847,Small,Auto Debit,Debit,Subscription
Tailor UPI/Tailor,42.45,3.7716108517114013,Small,Upi,Debit,Other
Myntra POS Purchase Myntra,6436.47,8.769890884766959,Large,Credit Card,Debit,Shopping
Amazon India POS Purchase Amazon India,14282.7,9.566874305973482,Large,Credit Card,Debit,Shopping
Third Wave Coffee POS Purchase Third Wave Coffee,2251.94,7.719991308919173,Medium,Debit Card,Debit,Food
Airtel Auto Debit Airtel,12728.27,9.4516593450525,Large,Auto Debit,Debit,Bills
The Beer Cafe UPI/The Beer Cafe,1012.16,6.920829438469409,Medium,Upi,Debit,Food
EatClub POS Purchase EatClub,463.83,6.141671747344679,Small,Debit Card,Debit,Food
Amazon India POS Purchase Amazon India,10256.64,9.235778072773043,Large,Credit Card,Debit,Shopping
Local Store UPI/DR/950901243/Local Store,711.32,6.568527248647126,Medium,Upi,Debit,Other
EMI Home Loan NEFT EMI Home Loan,19842.03,9.895608090952274,Large,Neft,Debit,Bills
Jio UPI/Paytm/Jio,12136.2,9.404030395507299,Large,Upi,Debit,Bills
Meesho POS Purchase Meesho,8227.89,9.01540641215703,Large,Debit Card,Debit,Shopping
Dish TV Auto Debit Dish TV,526.91,6.26892581463178,Small,Auto Debit,Debit,Subscription
Ajio POS Purchase Ajio,14727.2,9.59751930239703,Large,Debit Card,Debit,Shopping
HPCL UPI/Paytm/HPCL,4042.33,8.304823888867338,Large,Upi,Debit,Fuel
Nykaa POS Purchase Nykaa,1156.91,7.054371934905315,Medium,Debit Card,Debit,Shopping
Amazon India Cashback Amazon India,1774.75,7.4819781478779195,Medium,Net Banking,Credit,Shopping
Credit Card Bill Payment Auto Debit Credit Card Bill Payment,413.74,6.027651817869694,Small,Auto Debit,Debit,Bills
ATM ATM Cash Withdrawal,1104.96,7.008469015062981,Medium,Cash Withdrawal,Debit,Other
Fruit Vendor UPI/Paytm/Fruit Vendor,420.95,6.044886823603975,Small,Upi,Debit,Other
BPCL FASTag Recharge,4858.59,8.488709351195936,Large,Upi,Debit,Fuel
Myntra Refund Myntra,3841.56,8.253894090124932,Large,Net Banking,Credit,Shopping
McDonald's India POS Purchase McDonald's India,1351.7,7.209857874095148,Medium,Credit Card,Debit,Food
Social UPI/DR/289671239/Social,866.25,6.765327285849859,Medium,Upi,Debit,Food
Faasos UPI/Faasos,2780.55,7.930763605266061,Large,Upi,Debit,Food
Nykaa POS Purchase Nykaa,10644.77,9.272917909140881,Large,Credit Card,Debit,Shopping
Faasos UPI/Paytm/Faasos,1824.52,7.509620156938168,Medium,Upi,Debit,Food
DMart UPI/DR/143224883/DMart,1809.46,7.501336235617254,Medium,Upi,Debit,Groceries
KFC POS Purchase KFC,1972.37,7.587498020118397,Medium,Debit Card,Debit,Food
BPCL POS Purchase BPCL,1765.04,7.4764950309640215,Medium,Debit Card,Debit,Fuel
Reliance Fresh UPI/Paytm/Reliance Fresh,1721.37,7.451456528341568,Medium,Upi,Debit,Groceries
Amazon India POS Purchase Amazon India,633.36,6.4526166166304,Small,Credit Card,Debit,Shopping
Disney+ Hotstar Auto Debit Disney+ Hotstar,532.2,6.278896588304554,Small,Auto Debit,Debit,Subscription
KFC UPI/DR/410808710/KFC,1574.3,7.3622010093119234,Medium,Upi,Debit,Food
Zepto UPI/Zepto,2188.36,7.691364542657942,Medium,Upi,Debit,Groceries
Jio Fiber NEFT Jio Fiber,5727.09,8.653137420807548,Large,Neft,Debit,Bills
Third Wave Coffee POS Purchase Third Wave Coffee,997.68,6.906434407014721,Medium,Credit Card,Debit,Food
BSNL Auto Debit BSNL,11721.37,9.369254261117646,Large,Auto Debit,Debit,Bills
Pet Shop UPI/Pet Shop,708.11,6.564010662593816,Medium,Upi,Debit,Other
Bharat Gas Auto Debit Bharat Gas,8467.4,9.044096867794785,Large,Auto Debit,Debit,Bills
Adani Electricity Auto Debit Adani Electricity,10249.27,9.23505932568304,Large,Auto Debit,Debit,Bills
McDonald's India UPI/Paytm/McDonald's India,2266.28,7.7263361541289886,Medium,Upi,Debit,Food
EMI Home Loan Net Banking EMI Home Loan,9986.91,9.20913064054609,Large,Net Banking,Debit,Bills
Third Wave Coffee UPI/Paytm/Third Wave Coffee,2480.19,7.8164935627829255,Medium,Upi,Debit,Food
Unknown Merchant UPI/DR/642678844/Unknown Merchant,587.42,6.377440978632284,Small,Upi,Debit,Other
Home Depot India POS Purchase Home Depot India,7994.76,8.986666680162328,Large,Credit Card,Debit,Miscellaneous
BigBasket UPI/DR/149086585/BigBasket,3574.26,8.181793179756335,Large,Upi,Debit,Groceries
Municipal Water Department Auto Debit Municipal Water Department,1365.27,7.219839677992937,Medium,Auto Debit,Debit,Bills
Airtel Auto Debit Airtel,6364.02,8.758572653170388,Large,Auto Debit,Debit,Bills
Mobile Repair UPI/DR/356287095/Mobile Repair,1411.97,7.253449151036632,Medium,Upi,Debit,Other
Bharat Gas Net Banking Bharat Gas,4375.41,8.383984032583115,Large,Net Banking,Debit,Bills
Airtel Net Banking Airtel,6810.0,8.826294231241318,Large,Net Banking,Debit,Bills
Third Wave Coffee POS Purchase Third Wave Coffee,2529.76,7.836274931868862,Medium,Debit Card,Debit,Food
Interest Credit Interest Credit Savings Account,392.61,5.975360571359424,Small,Neft,Credit,Salary
Municipal Water Department Net Banking Municipal Water Department,286.44,5.661014142805263,Small,Net Banking,Debit,Bills
Indane Gas UPI/DR/628311983/Indane Gas,5715.2,8.651059527940788,Large,Upi,Debit,Bills
Airtel UPI/DR/708910536/Airtel,6958.91,8.847921822210376,Large,Upi,Debit,Bills
Nature's Basket UPI/Nature's Basket,4751.33,8.466390303075771,Large,Upi,Debit,Groceries
Airtel Auto Debit Airtel,4099.32,8.318820298427239,Large,Auto Debit,Debit,Bills
Indane Gas Auto Debit Indane Gas,793.88,6.678191159865005,Medium,Auto Debit,Debit,Bills
BEST Auto Debit BEST,13942.99,9.542803870045269,Large,Auto Debit,Debit,Bills
Burger King UPI/Burger King,1073.05,6.979191828919986,Medium,Upi,Debit,Food
Adani Electricity Auto Debit Adani Electricity,14008.27,9.547474532334677,Large,Auto Debit,Debit,Bills
Indane Gas Auto Debit Indane Gas,10974.76,9.303444483837392,Large,Auto Debit,Debit,Bills
Stationery Shop UPI/Stationery Shop,2012.63,7.6076943423990375,Medium,Upi,Debit,Other
Tailor UPI/Tailor,2417.78,7.791018559801949,Medium,Upi,Debit,Other
Mutual Fund SIP UPI/Mutual Fund SIP,42645.54,10.660701424189353,Large,Upi,Debit,Investment
Local Wine & Beer Shop UPI/Local Wine & Beer Shop,1993.19,7.597993231839947,Medium,Upi,Debit,Food
SBI Mutual Fund UPI/Paytm/SBI Mutual Fund,15938.03,9.676526097293078,Large,Upi,Debit,Investment
Swiggy UPI/DR/958494527/Swiggy,1944.37,7.573207469323323,Medium,Upi,Debit,Food
House Rent Payment UPI House Rent Payment,21438.09,9.972971170254114,Large,Upi,Debit,Rent
Flipkart UPI/DR/763688866/Flipkart,5849.25,8.67423967435552,Large,Upi,Debit,Shopping
Tata 1mg UPI/Tata 1mg,953.9,6.861606622956157,Medium,Upi,Debit,Miscellaneous
HDFC Mutual Fund SIP Investment HDFC Mutual Fund,6855.52,8.832955303375785,Large,Auto Debit,Debit,Investment
Reliance Fresh POS Purchase Reliance Fresh,537.69,6.289140266306467,Small,Debit Card,Debit,Groceries
Employer Salary Credit NEFT Salary Credit,176264.99,12.079749439963651,Large,Imps,Credit,Salary
Bajaj Allianz Net Banking Insurance Premium Bajaj Allianz,38446.04,10.557036988875511,Large,Net Banking,Debit,Insurance
Pet Shop UPI/DR/340781088/Pet Shop,1978.25,7.5904732640515435,Medium,Upi,Debit,Other
Domino's India UPI/Domino's India,986.58,6.895257506152157,Medium,Upi,Debit,Food
Faasos UPI/Paytm/Faasos,2340.45,7.758525674562587,Medium,Upi,Debit,Food
Disney+ Hotstar UPI/Paytm/Disney+ Hotstar,480.72,6.177363032392279,Small,Credit Card,Debit,Subscription
Swiggy UPI/Paytm/Swiggy,962.29,6.8703545087276545,Medium,Upi,Debit,Food
Bajaj Allianz Net Banking Insurance Premium Bajaj Allianz,10686.89,9.276866603807298,Large,Net Banking,Debit,Insurance
Starbucks India UPI/Paytm/Starbucks India,2508.21,7.827723241548618,Medium,Upi,Debit,Food
Zepto POS Purchase Zepto,3183.03,8.06590296903044,Large,Debit Card,Debit,Groceries
Local Hardware Store POS Purchase Local Hardware Store,7653.92,8.94310385735135,Large,Debit Card,Debit,Miscellaneous
Naturals Salon UPI/Naturals Salon,255.04,5.545333682273802,Small,Upi,Debit,Miscellaneous
Home Depot India UPI/DR/550535651/Home Depot India,2778.2,7.92991839548684,Large,Upi,Debit,Miscellaneous
BSNL UPI/DR/264481748/BSNL,12885.41,9.463928546668754,Large,Upi,Debit,Bills
Ajio POS Purchase Ajio,9686.18,9.178558640857961,Large,Credit Card,Debit,Shopping
Airtel Net Banking Airtel,12944.73,9.468521283025154,Large,Net Banking,Debit,Bills
Reliance Fresh UPI/Reliance Fresh,1221.66,7.108784092130676,Medium,Upi,Debit,Groceries
BPCL POS Purchase BPCL,2151.16,7.674227267960271,Medium,Debit Card,Debit,Fuel
Local Wine & Beer Shop UPI/Local Wine & Beer Shop,205.52,5.330397260011448,Small,Upi,Debit,Food
DMart UPI/DR/489767404/DMart,3676.16,8.2098959940886,Large,Upi,Debit,Groceries
Amazon Prime UPI/Amazon Prime,645.56,6.4716660013301635,Small,Upi,Debit,Subscription
Local Barbershop POS Purchase Local Barbershop,1067.47,6.973982997621945,Medium,Debit Card,Debit,Miscellaneous
Nature's Basket POS Purchase Nature's Basket,3074.63,8.031265037304758,Large,Debit Card,Debit,Groceries
McDonald's India UPI/DR/258927104/McDonald's India,968.24,6.876512259242205,Medium,Upi,Debit,Food
Ajio Refund Ajio,5639.27,8.637687215686686,Large,Net Banking,Credit,Shopping
HPCL POS Purchase HPCL,2001.02,7.601911949835256,Medium,Debit Card,Debit,Fuel
BSNL Auto Debit BSNL,6305.58,8.749348811771455,Large,Auto Debit,Debit,Bills
Cafe Coffee Day POS Purchase Cafe Coffee Day,2320.9,7.7501410950083205,Medium,Debit Card,Debit,Food
Zepto POS Purchase Zepto,1262.0,7.141245122350491,Medium,Debit Card,Debit,Groceries
Nature's Basket UPI/DR/873403266/Nature's Basket,4713.62,8.458423597970283,Large,Upi,Debit,Groceries
Rapido UPI/Rapido,3134.37,8.050502468431482,Large,Upi,Debit,Miscellaneous
Dish TV Auto Debit Dish TV,514.53,6.245195497689982,Small,Auto Debit,Debit,Subscription
BigBasket UPI/Paytm/BigBasket,2035.62,7.619046849978063,Medium,Upi,Debit,Groceries
Faasos POS Purchase Faasos,2327.52,7.752988151606073,Medium,Credit Card,Debit,Food
BigBasket UPI/BigBasket,1588.06,7.370897925421072,Medium,Upi,Debit,Groceries
BSNL Auto Debit BSNL,13805.22,9.53287449423714,Large,Auto Debit,Debit,Bills
Flipkart POS Purchase Flipkart,10562.25,9.265136275061788,Large,Credit Card,Debit,Shopping
EMI Home Loan Auto Debit EMI Home Loan,3662.29,8.2061169297242,Large,Auto Debit,Debit,Bills
Local Wine & Beer Shop UPI/DR/559520342/Local Wine & Beer Shop,2050.11,7.626136389008668,Medium,Upi,Debit,Food
EatClub POS Purchase EatClub,211.43,5.358612522331792,Small,Debit Card,Debit,Food
General Store UPI/General Store,992.39,6.901123336184089,Medium,Upi,Debit,Other
Myntra POS Purchase Myntra,10688.19,9.276988229398968,Large,Debit Card,Debit,Shopping
Faasos POS Purchase Faasos,2860.28,7.959024356139726,Large,Debit Card,Debit,Food
Disney+ Hotstar Auto Debit Disney+ Hotstar,601.71,6.401436152354007,Small,Auto Debit,Debit,Subscription
BigBasket UPI/DR/115191689/BigBasket,3011.45,8.010508980150798,Large,Upi,Debit,Groceries
BPCL POS Purchase BPCL,2636.72,7.877670186627983,Medium,Credit Card,Debit,Fuel
Social UPI/DR/543894981/Social,1173.02,7.068189036018063,Medium,Upi,Debit,Food
Income Tax Payment NEFT Income Tax Payment,15567.12,9.652980512515297,Large,Neft,Debit,Bills
Zomato POS Purchase Zomato,1426.75,7.263855057544973,Medium,Debit Card,Debit,Food
McDonald's India POS Purchase McDonald's India,959.78,6.86774545456244,Medium,Credit Card,Debit,Food
EatClub POS Purchase EatClub,315.52,5.7573864307409925,Small,Debit Card,Debit,Food
Bharat Gas Net Banking Bharat Gas,2240.52,7.714909486152163,Medium,Net Banking,Debit,Bills
The Beer Cafe UPI/DR/351275639/The Beer Cafe,1783.42,7.486848711440569,Medium,Upi,Debit,Food
Bajaj Allianz Insurance Premium Bajaj Allianz,38529.81,10.55921345997904,Large,Auto Debit,Debit,Insurance
Zomato UPI/DR/854827139/Zomato,603.12,6.403772853698141,Small,Upi,Debit,Food
Airtel NEFT Airtel,2150.52,7.67392984807556,Medium,Neft,Debit,Bills
Jio Fiber NEFT Jio Fiber,6106.95,8.717346480319424,Large,Neft,Debit,Bills
BSNL Net Banking BSNL,3580.22,8.183458803464612,Large,Net Banking,Debit,Bills
Myntra Cashback Myntra,3352.78,8.11784334691041,Large,Net Banking,Credit,Shopping
Jio Net Banking Jio,4518.45,8.416145584006564,Large,Net Banking,Debit,Bills
Municipal Water Department NEFT Municipal Water Department,14244.57,9.564201260171483,Large,Neft,Debit,Bills
Jio Fiber Net Banking Jio Fiber,1201.09,7.091816987500131,Medium,Net Banking,Debit,Bills
BEST Auto Debit BEST,9358.82,9.144181338517493,Large,Auto Debit,Debit,Bills
Disney+ Hotstar POS Purchase Disney+ Hotstar,1701.05,7.439588685905108,Medium,Debit Card,Debit,Entertainment
Indane Gas UPI/Indane Gas,6845.18,8.831446111470163,Large,Upi,Debit,Bills
ATM ATM Cash Withdrawal,2475.37,7.814549057212143,Medium,Cash Withdrawal,Debit,Other
DMart POS Purchase DMart,4699.93,8.455515640464426,Large,Credit Card,Debit,Groceries
Indane Gas UPI/Indane Gas,4929.83,8.503262609864258,Large,Upi,Debit,Bills
Barbeque Nation UPI/Paytm/Barbeque Nation,1965.64,7.584081781811739,Medium,Upi,Debit,Food
HP Gas Net Banking HP Gas,13680.25,9.523781561271173,Large,Net Banking,Debit,Bills
Netflix Auto Debit Netflix,480.02,6.175908849282915,Small,Auto Debit,Debit,Subscription
Barbeque Nation UPI/DR/751089619/Barbeque Nation,157.14,5.063480716642781,Small,Upi,Debit,Food
EMI Personal Loan Auto Debit EMI Personal Loan,21592.66,9.980155032068746,Large,Auto Debit,Debit,Bills
HDFC Ergo Insurance Premium HDFC Ergo,19993.79,9.90322701860011,Large,Auto Debit,Debit,Insurance
Jio Auto Debit Jio,6696.67,8.80951498370208,Large,Auto Debit,Debit,Bills
Nature's Basket UPI/DR/453932473/Nature's Basket,4256.6,8.356460900223425,Large,Upi,Debit,Groceries
Zepto POS Purchase Zepto,1845.13,7.5208468351184585,Medium,Debit Card,Debit,Groceries
HDFC Ergo Insurance Premium HDFC Ergo,30974.59,10.340954753934987,Large,Auto Debit,Debit,Insurance
Faasos POS Purchase Faasos,1378.85,7.2297300765912755,Medium,Credit Card,Debit,Food
Jio UPI/DR/198716092/Jio,11179.41,9.321918418666362,Large,Upi,Debit,Bills
EMI Personal Loan Net Banking EMI Personal Loan,5681.49,8.645144795936325,Large,Net Banking,Debit,Bills
Meesho POS Purchase Meesho,3419.03,8.137404601948003,Large,Credit Card,Debit,Shopping
Bharat Gas NEFT Bharat Gas,4529.94,8.418684702469552,Large,Neft,Debit,Bills
Adani Electricity Auto Debit Adani Electricity,1509.54,7.320222481773687,Medium,Auto Debit,Debit,Bills
KFC UPI/DR/959870518/KFC,1220.55,7.107875823138807,Medium,Upi,Debit,Food
Indane Gas Net Banking Indane Gas,4323.17,8.371975493434926,Large,Net Banking,Debit,Bills
EMI Personal Loan UPI/Paytm/EMI Personal Loan,4585.86,8.43095097309368,Large,Upi,Debit,Bills
Employer Salary Credit NEFT Salary Credit,168889.74,12.03700727595249,Large,Imps,Credit,Salary
Uber UPI/DR/330035022/Uber,1300.1,7.17096533950943,Medium,Upi,Debit,Miscellaneous
Flipkart UPI/Flipkart,2768.91,7.9265701076788115,Large,Upi,Debit,Shopping
BigBasket UPI/Paytm/BigBasket,3410.99,8.135050977774918,Large,Upi,Debit,Groceries
ICICI Prudential MF UPI/Paytm/ICICI Prudential MF,11127.45,9.317260171319093,Large,Upi,Debit,Investment
Burger King UPI/Burger King,2784.88,7.93231908090672,Large,Upi,Debit,Food
HDFC Mutual Fund SIP Investment HDFC Mutual Fund,2723.11,7.909897048245564,Large,Auto Debit,Debit,Investment
House Rent Payment NEFT House Rent Payment,11654.9,9.36356776856576,Large,Neft,Debit,Rent
Mutual Fund SIP UPI/Mutual Fund SIP,40791.53,10.616254255394262,Large,Upi,Debit,Investment
Tata Power Net Banking Tata Power,769.22,6.64667618832489,Medium,Net Banking,Debit,Bills
Zomato UPI/DR/432074523/Zomato,2636.76,7.877685351124863,Medium,Upi,Debit,Food
Reliance Fresh UPI/Paytm/Reliance Fresh,3943.65,8.280115509445526,Large,Upi,Debit,Groceries
Zepto UPI/Paytm/Zepto,2188.87,7.691597460318035,Medium,Upi,Debit,Groceries
Naturals Salon POS Purchase Naturals Salon,4685.53,8.452447715531676,Large,Debit Card,Debit,Miscellaneous
Mutual Fund SIP UPI/Mutual Fund SIP,3360.14,8.120035481127154,Large,Upi,Debit,Investment
Amazon India UPI/Paytm/Amazon India,12069.76,9.398541278140783,Large,Upi,Debit,Shopping
Social UPI/DR/135084096/Social,2307.27,7.744253605187929,Medium,Upi,Debit,Food
General Store UPI/General Store,1793.45,7.492453847285023,Medium,Upi,Debit,Other
BPCL POS Purchase BPCL,392.64,5.975436786030785,Small,Debit Card,Debit,Fuel
BigBasket UPI/DR/236660341/BigBasket,1692.88,7.434777034450196,Medium,Upi,Debit,Groceries
The Beer Cafe POS Purchase The Beer Cafe,1675.71,7.4245888190221185,Medium,Debit Card,Debit,Food
Reliance Fresh UPI/Reliance Fresh,1029.63,6.937925544727201,Medium,Upi,Debit,Groceries
Bajaj Allianz Insurance Premium Bajaj Allianz,5240.12,8.564290494933866,Large,Auto Debit,Debit,Insurance
EatClub UPI/Paytm/EatClub,2762.28,7.924173658913094,Large,Upi,Debit,Food
Faasos UPI/DR/442372191/Faasos,2209.34,7.700901628832539,Medium,Upi,Debit,Food
HPCL UPI/DR/127876667/HPCL,536.06,6.2861098201109025,Small,Upi,Debit,Fuel
EatClub UPI/Paytm/EatClub,2499.68,7.824317973870999,Medium,Upi,Debit,Food
Zepto UPI/DR/126474585/Zepto,1988.28,7.595528043204627,Medium,Upi,Debit,Groceries
Tea Stall UPI/Tea Stall,136.62,4.9244962637743335,Small,Upi,Debit,Other
Blinkit POS Purchase Blinkit,616.1,6.425031085327022,Small,Debit Card,Debit,Groceries
Misc Vendor UPI/Paytm/Misc Vendor,512.81,6.241853547312387,Small,Upi,Debit,Other
Indian Oil UPI/Indian Oil,4165.91,8.33493003291707,Large,Upi,Debit,Fuel
Zomato POS Purchase Zomato,1258.74,7.138660629446248,Medium,Debit Card,Debit,Food
Adani Electricity NEFT Adani Electricity,13072.1,9.478311962886233,Large,Neft,Debit,Bills
BigBasket UPI/Paytm/BigBasket,3743.85,8.228136841744622,Large,Upi,Debit,Groceries
Nykaa POS Purchase Nykaa,9402.04,9.14878832022953,Large,Credit Card,Debit,Shopping
HP Gas Auto Debit HP Gas,4690.43,8.453492719017705,Large,Auto Debit,Debit,Bills
Starbucks India POS Purchase Starbucks India,2690.17,7.897731322272976,Large,Debit Card,Debit,Food
Myntra POS Purchase Myntra,10748.27,9.282593124273282,Large,Credit Card,Debit,Shopping
BigBasket UPI/Paytm/BigBasket,3535.49,8.170889988817587,Large,Upi,Debit,Groceries
HP Gas Auto Debit HP Gas,7765.29,8.957547851855546,Large,Auto Debit,Debit,Bills
Bharat Gas NEFT Bharat Gas,5385.92,8.591729072004085,Large,Neft,Debit,Bills
Meesho UPI/Paytm/Meesho,4522.03,8.41693740222171,Large,Upi,Debit,Shopping
The Beer Cafe POS Purchase The Beer Cafe,2034.54,7.618516418941305,Medium,Credit Card,Debit,Food
Third Wave Coffee POS Purchase Third Wave Coffee,1678.17,7.426054902696521,Medium,Debit Card,Debit,Food
Nature's Basket UPI/DR/195765217/Nature's Basket,1362.34,7.217692850332332,Medium,Upi,Debit,Groceries
Nature's Basket UPI/Nature's Basket,4910.64,8.499363177238862,Large,Upi,Debit,Groceries
EatClub UPI/Paytm/EatClub,637.91,6.4597635993875135,Small,Upi,Debit,Food
Zomato UPI/DR/315495749/Zomato,2932.43,7.983927665800653,Large,Upi,Debit,Food
Myntra UPI/Paytm/Myntra,3877.91,8.263309465314652,Large,Upi,Debit,Shopping
Reliance Fresh POS Purchase Reliance Fresh,1058.41,6.965467428371143,Medium,Credit Card,Debit,Groceries
Nykaa UPI/Nykaa,4685.14,8.452364494848515,Large,Upi,Debit,Shopping
Tea Stall UPI/Tea Stall,142.82,4.968562517674348,Small,Upi,Debit,Other
Disney+ Hotstar Auto Debit Disney+ Hotstar,316.4,5.760162808092309,Small,Auto Debit,Debit,Subscription
HDFC Ergo Net Banking Insurance Premium HDFC Ergo,14042.87,9.549941280623434,Large,Net Banking,Debit,Insurance
BPCL POS Purchase BPCL,2031.23,7.616888991269362,Medium,Credit Card,Debit,Fuel
Zomato POS Purchase Zomato,1884.37,7.541879367092591,Medium,Credit Card,Debit,Food
Bajaj Allianz Insurance Premium Bajaj Allianz,22052.53,10.00122795876479,Large,Auto Debit,Debit,Insurance
Bajaj Allianz Insurance Premium Bajaj Allianz,29420.5,10.289480978579698,Large,Auto Debit,Debit,Insurance
Reliance Fresh POS Purchase Reliance Fresh,4085.53,8.315451478174802,Large,Debit Card,Debit,Groceries
Laundry UPI/DR/464188244/Laundry,1653.18,7.411060696748251,Medium,Upi,Debit,Other
Reliance Fresh POS Purchase Reliance Fresh,1948.85,7.5755077255221375,Medium,Debit Card,Debit,Groceries
HPCL UPI/HPCL,2218.31,7.704951615743823,Medium,Upi,Debit,Fuel
Indian Oil POS Purchase Indian Oil,4911.38,8.499513828398245,Large,Credit Card,Debit,Fuel
Barbeque Nation POS Purchase Barbeque Nation,2324.9,7.751862339893023,Medium,Debit Card,Debit,Food
Credit Card Bill Payment Auto Debit Credit Card Bill Payment,4290.76,8.364452184200168,Large,Auto Debit,Debit,Bills
Home Depot India POS Purchase Home Depot India,3250.0,8.086717920303906,Large,Debit Card,Debit,Miscellaneous
Indane Gas NEFT Indane Gas,8675.16,9.068334313454912,Large,Neft,Debit,Bills
The Beer Cafe UPI/DR/112737840/The Beer Cafe,2345.11,7.760513916434744,Medium,Upi,Debit,Food
Bharat Gas Net Banking Bharat Gas,4951.06,8.50755893060767,Large,Net Banking,Debit,Bills
Airtel Auto Debit Airtel,12899.23,9.465000419648185,Large,Auto Debit,Debit,Bills
Airtel NEFT Airtel,2138.52,7.668336783791679,Medium,Neft,Debit,Bills
Income Tax Payment NEFT Income Tax Payment,7275.43,8.892395636297488,Large,Neft,Debit,Bills
Adani Electricity Auto Debit Adani Electricity,10980.11,9.303931802850155,Large,Auto Debit,Debit,Bills
Tata Power Auto Debit Tata Power,556.58,6.3236059907973035,Small,Auto Debit,Debit,Bills
Jio NEFT Jio,3468.59,8.151791710340383,Large,Neft,Debit,Bills
DMart POS Purchase DMart,461.63,6.1369275985376746,Small,Credit Card,Debit,Groceries
BSNL Net Banking BSNL,7207.83,8.883061942492459,Large,Net Banking,Debit,Bills
Indane Gas Net Banking Indane Gas,1127.83,7.028936977081264,Medium,Net Banking,Debit,Bills
BSNL Net Banking BSNL,1085.67,6.990873253172602,Medium,Net Banking,Debit,Bills
Municipal Water Department Auto Debit Municipal Water Department,14852.89,9.606017062789139,Large,Auto Debit,Debit,Bills
Chaayos POS Purchase Chaayos,1405.55,7.248895176533744,Medium,Debit Card,Debit,Food
Social POS Purchase Social,2069.45,7.635521253937697,Medium,Debit Card,Debit,Food
DMart UPI/DMart,2986.58,8.002218974123913,Large,Upi,Debit,Groceries
Adani Electricity NEFT Adani Electricity,9398.43,9.148404328121647,Large,Neft,Debit,Bills
BEST Net Banking BEST,14041.69,9.549857254669336,Large,Net Banking,Debit,Bills
HP Gas Net Banking HP Gas,8625.27,9.062567477436689,Large,Net Banking,Debit,Bills
ATM ATM Cash Withdrawal,1795.75,7.493734756348552,Medium,Cash Withdrawal,Debit,Other
DMart UPI/Paytm/DMart,4826.06,8.481992865664036,Large,Upi,Debit,Groceries
Third Wave Coffee POS Purchase Third Wave Coffee,449.01,6.109269804739678,Small,Credit Card,Debit,Food
BigBasket UPI/Paytm/BigBasket,655.79,6.4873643326873545,Small,Upi,Debit,Groceries
Bharat Gas Net Banking Bharat Gas,5248.37,8.565863348385093,Large,Net Banking,Debit,Bills
Income Tax Payment NEFT Income Tax Payment,7935.66,8.979247810829246,Large,Neft,Debit,Bills
HP Gas UPI/DR/912727686/HP Gas,13865.88,9.537258542078288,Large,Upi,Debit,Bills
Ajio POS Purchase Ajio,2906.35,7.974997292348301,Large,Credit Card,Debit,Shopping
BSNL Net Banking BSNL,3065.24,8.028207334254702,Large,Net Banking,Debit,Bills
Municipal Water Department Auto Debit Municipal Water Department,10502.53,9.25946667012245,Large,Auto Debit,Debit,Bills
Netflix Auto Debit Netflix,394.99,5.981388958410378,Small,Auto Debit,Debit,Subscription
Reliance Fresh POS Purchase Reliance Fresh,3295.92,8.10074397829448,Large,Debit Card,Debit,Groceries
Faasos POS Purchase Faasos,1401.26,7.245840499758989,Medium,Debit Card,Debit,Food
Jio Auto Debit Jio,11975.61,9.390710860006052,Large,Auto Debit,Debit,Bills
Bajaj Allianz Net Banking Insurance Premium Bajaj Allianz,28770.02,10.267123909514627,Large,Net Banking,Debit,Insurance
Tata 1mg POS Purchase Tata 1mg,2566.01,7.850497076461527,Medium,Credit Card,Debit,Miscellaneous
House Rent Payment Net Banking House Rent Payment,9960.05,9.206437766708916,Large,Net Banking,Debit,Rent
EMI Personal Loan Net Banking EMI Personal Loan,6310.39,8.750111216537514,Large,Net Banking,Debit,Bills
Faasos POS Purchase Faasos,1059.34,6.966344890392297,Medium,Credit Card,Debit,Food
ICICI Prudential MF UPI/Paytm/ICICI Prudential MF,16456.52,9.708537794592699,Large,Upi,Debit,Investment
KFC POS Purchase KFC,1666.5,7.4190807777897785,Medium,Debit Card,Debit,Food
Flipkart UPI/Paytm/Flipkart,2863.78,7.960246837369711,Large,Upi,Debit,Shopping
Ace Hardware India UPI/Paytm/Ace Hardware India,3912.45,8.272174616876065,Large,Upi,Debit,Miscellaneous
House Rent Payment UPI House Rent Payment,30940.78,10.33986265317682,Large,Upi,Debit,Rent
Unknown Merchant UPI/Unknown Merchant,1452.43,7.281681559224496,Medium,Upi,Debit,Other
ICICI Prudential MF SIP Investment ICICI Prudential MF,32650.69,10.39365189446762,Large,Auto Debit,Debit,Investment
House Rent Payment Net Banking House Rent Payment,9149.25,9.121536480300689,Large,Net Banking,Debit,Rent
House Rent Payment UPI House Rent Payment,22081.97,10.002562002214821,Large,Upi,Debit,Rent
Tata Power Net Banking Tata Power,9599.57,9.169577750693302,Large,Net Banking,Debit,Bills
Airtel Digital TV Auto Debit Airtel Digital TV,668.28,6.506202507693888,Medium,Auto Debit,Debit,Subscription
Reliance Fresh UPI/Paytm/Reliance Fresh,1025.5,6.933910236458988,Medium,Upi,Debit,Groceries
Barbeque Nation UPI/DR/569172971/Barbeque Nation,1811.42,7.502418247823688,Medium,Upi,Debit,Food
DMart UPI/DMart,4927.95,8.502881262608481,Large,Upi,Debit,Groceries
Meesho POS Purchase Meesho,5215.26,8.559535948989954,Large,Credit Card,Debit,Shopping
Mobile Repair UPI/Mobile Repair,397.08,5.98665299011076,Small,Upi,Debit,Other
McDonald's India UPI/DR/864726126/McDonald's India,2053.06,7.627573601356896,Medium,Upi,Debit,Food
Street Food Vendor UPI/Street Food Vendor,154.19,5.044650172683533,Small,Upi,Debit,Other
HPCL UPI/HPCL,377.96,5.937430658615496,Small,Upi,Debit,Fuel
Local Store UPI/DR/474423649/Local Store,2115.06,7.657311147963707,Medium,Upi,Debit,Other
Nykaa POS Purchase Nykaa,10084.71,9.218874849496752,Large,Credit Card,Debit,Shopping
DMart POS Purchase DMart,3294.85,8.100419380285027,Large,Credit Card,Debit,Groceries
Home Depot India POS Purchase Home Depot India,8314.1,9.02582841801292,Large,Credit Card,Debit,Miscellaneous
Swiggy POS Purchase Swiggy,625.96,6.440882742744609,Small,Credit Card,Debit,Food
Local Wine & Beer Shop UPI/Local Wine & Beer Shop,1435.52,7.269978801051279,Medium,Upi,Debit,Food
HPCL UPI/Paytm/HPCL,4291.22,8.364559360591642,Large,Upi,Debit,Fuel
Unknown Merchant UPI/Paytm/Unknown Merchant,1214.18,7.102647492949944,Medium,Upi,Debit,Other
Adani Electricity NEFT Adani Electricity,12510.26,9.434384317813556,Large,Neft,Debit,Bills
Tata Play Auto Debit Tata Play,554.65,6.3201385996316555,Small,Auto Debit,Debit,Subscription
Reliance Fresh POS Purchase Reliance Fresh,3419.25,8.137468926800224,Large,Debit Card,Debit,Groceries
Meesho POS Purchase Meesho,19326.75,9.86929716604824,Large,Credit Card,Debit,Shopping
Nature's Basket UPI/Paytm/Nature's Basket,2657.13,7.885378147031288,Large,Upi,Debit,Groceries
Disney+ Hotstar Auto Debit Disney+ Hotstar,765.59,6.641952108248798,Medium,Auto Debit,Debit,Subscription
Amazon India POS Purchase Amazon India,45837.77,10.73288551856789,Large,Net Banking,Debit,Shopping
HPCL POS Purchase HPCL,1415.07,7.255640708060043,Medium,Credit Card,Debit,Fuel
Amazon India UPI/DR/403788949/Amazon India,1784.77,7.487604973748369,Medium,Upi,Debit,Shopping
McDonald's India POS Purchase McDonald's India,2114.77,7.657174091418216,Medium,Credit Card,Debit,Food
Flower Shop UPI/DR/502911719/Flower Shop,313.47,5.750888682083473,Small,Upi,Debit,Other
Reliance Fresh UPI/Paytm/Reliance Fresh,842.35,6.737382055704024,Medium,Upi,Debit,Groceries
Street Vendor UPI/Street Vendor,1302.83,7.1730613658897795,Medium,Upi,Debit,Other
HPCL FASTag Recharge,4678.31,8.450905942144516,Large,Net Banking,Debit,Fuel
Faasos POS Purchase Faasos,1006.38,6.91510818002732,Medium,Debit Card,Debit,Food
Local Wine & Beer Shop POS Purchase Local Wine & Beer Shop,1495.16,7.310657104687137,Medium,Debit Card,Debit,Food
Meesho POS Purchase Meesho,15472.79,9.646902903865701,Large,Debit Card,Debit,Shopping
Domino's India UPI/Domino's India,2457.81,7.8074327720491485,Medium,Upi,Debit,Food
Myntra POS Purchase Myntra,762.6,6.638044091851593,Medium,Credit Card,Debit,Shopping
HPCL FASTag Recharge,4028.33,8.301355388017413,Large,Upi,Debit,Fuel
Flipkart POS Purchase Flipkart,10884.18,9.295157510050066,Large,Net Banking,Debit,Shopping
Spotify UPI/Paytm/Spotify,308.88,5.7361851257637015,Small,Upi,Debit,Subscription
Social POS Purchase Social,1662.28,7.416546835435133,Medium,Debit Card,Debit,Food
Swiggy UPI/Paytm/Swiggy,2527.8,7.835500160901408,Medium,Upi,Debit,Food
Indian Oil POS Purchase Indian Oil,1572.03,7.360758974713666,Medium,Debit Card,Debit,Fuel
Credit Card Bill Payment Net Banking Credit Card Bill Payment,13295.35,9.495244840455145,Large,Net Banking,Debit,Bills
Stationery Shop UPI/Paytm/Stationery Shop,1737.24,7.460628386050168,Medium,Upi,Debit,Other
Fruit Vendor UPI/DR/458946122/Fruit Vendor,1975.35,7.589006988129015,Medium,Upi,Debit,Other
Flipkart UPI/Flipkart,29443.81,10.290272942649413,Large,Upi,Debit,Shopping
Social UPI/DR/913144918/Social,565.25,6.339035676797244,Small,Upi,Debit,Food
The Beer Cafe POS Purchase The Beer Cafe,1885.95,7.542717047932175,Medium,Debit Card,Debit,Food
Street Vendor UPI/DR/929773829/Street Vendor,1156.3,7.053844984854032,Medium,Upi,Debit,Other
KFC UPI/Paytm/KFC,1814.05,7.503868294528872,Medium,Upi,Debit,Food
Tata Power Auto Debit Tata Power,4469.79,8.4053204057728,Large,Auto Debit,Debit,Bills
Burger King UPI/Paytm/Burger King,1574.87,7.3625627797059146,Medium,Upi,Debit,Food
EMI Personal Loan Auto Debit EMI Personal Loan,16530.29,9.713010227697518,Large,Auto Debit,Debit,Bills
ICICI Lombard Net Banking Insurance Premium ICICI Lombard,23442.3,10.062340018764608,Large,Net Banking,Debit,Insurance
Fruit Vendor UPI/Fruit Vendor,1637.68,7.401646318681214,Medium,Upi,Debit,Other
Local Hardware Store POS Purchase Local Hardware Store,4763.61,8.46897096593909,Large,Credit Card,Debit,Miscellaneous
Reliance Fresh UPI/Paytm/Reliance Fresh,4541.34,8.421197576755103,Large,Upi,Debit,Groceries
Reliance Fresh UPI/DR/618558050/Reliance Fresh,3813.11,8.246462626856161,Large,Upi,Debit,Groceries
Myntra UPI/Myntra,7337.85,8.900937433584316,Large,Upi,Debit,Shopping
EatClub POS Purchase EatClub,599.42,6.39762941033042,Small,Credit Card,Debit,Food
Netflix UPI/Netflix,1974.09,7.588369245917212,Medium,Upi,Debit,Entertainment
Zepto POS Purchase Zepto,3770.71,8.235283758507192,Large,Debit Card,Debit,Groceries
Indane Gas Auto Debit Indane Gas,10896.94,9.29632905953053,Large,Auto Debit,Debit,Bills
Zepto UPI/Zepto,2316.59,7.748283131637409,Medium,Upi,Debit,Groceries
Zomato UPI/Paytm/Zomato,359.04,5.886215136388884,Small,Upi,Debit,Food
HPCL FASTag Recharge,2309.73,7.745318770908902,Medium,Upi,Debit,Fuel
Indian Oil UPI/Indian Oil,4572.45,8.428023122490469,Large,Upi,Debit,Fuel
EatClub POS Purchase EatClub,1080.54,6.986141230377214,Medium,Debit Card,Debit,Food
The Beer Cafe POS Purchase The Beer Cafe,2497.27,7.823353771313776,Medium,Credit Card,Debit,Food
Bharat Gas UPI/DR/477040284/Bharat Gas,5450.08,8.603569033162787,Large,Upi,Debit,Bills
BEST Auto Debit BEST,309.24,5.737346191494342,Small,Auto Debit,Debit,Bills
Adani Electricity UPI/Paytm/Adani Electricity,5046.44,8.526636463043532,Large,Upi,Debit,Bills
KFC POS Purchase KFC,418.82,6.03982604798586,Small,Debit Card,Debit,Food
Jio Auto Debit Jio,10201.67,9.230404729723842,Large,Auto Debit,Debit,Bills
Zepto UPI/Paytm/Zepto,2323.01,7.751049420888534,Medium,Upi,Debit,Groceries
Jio Net Banking Jio,15150.3,9.625841615837027,Large,Net Banking,Debit,Bills
BSNL NEFT BSNL,6680.84,8.80714867770335,Large,Neft,Debit,Bills
Tata Play Auto Debit Tata Play,467.77,6.150112243041091,Small,Auto Debit,Debit,Subscription
McDonald's India POS Purchase McDonald's India,2708.18,7.904401285060436,Large,Debit Card,Debit,Food
Netflix Auto Debit Netflix,708.0,6.5638555265321274,Medium,Auto Debit,Debit,Subscription
Airtel Auto Debit Airtel,13621.38,9.519469307462682,Large,Auto Debit,Debit,Bills
Jio Fiber Auto Debit Jio Fiber,9170.76,9.123884477041463,Large,Auto Debit,Debit,Bills
Myntra Cashback Myntra,3453.61,8.14746484994613,Large,Upi,Credit,Shopping
Bakery UPI/Paytm/Bakery,1746.13,7.4657297206454345,Medium,Upi,Debit,Other
HP Gas Net Banking HP Gas,8996.11,9.104658693640033,Large,Net Banking,Debit,Bills
Jio Auto Debit Jio,5493.68,8.611535630383141,Large,Auto Debit,Debit,Bills
Credit Card Bill Payment Auto Debit Credit Card Bill Payment,10977.1,9.303657658195693,Large,Auto Debit,Debit,Bills
Airtel Auto Debit Airtel,4741.24,8.464264876900934,Large,Auto Debit,Debit,Bills
HP Gas NEFT HP Gas,3021.47,8.013829656881377,Large,Neft,Debit,Bills
EMI Personal Loan Net Banking EMI Personal Loan,19939.86,9.900526171973949,Large,Net Banking,Debit,Bills
Jio Auto Debit Jio,7894.52,8.974050788991958,Large,Auto Debit,Debit,Bills
Ace Hardware India UPI/DR/849530830/Ace Hardware India,5656.87,8.640802775280832,Large,Upi,Debit,Miscellaneous
Nature's Basket UPI/DR/319457073/Nature's Basket,1143.01,7.04229491316028,Medium,Upi,Debit,Groceries
Nykaa POS Purchase Nykaa,4267.15,8.358935757071167,Large,Credit Card,Debit,Shopping
Myntra UPI/Paytm/Myntra,20793.23,9.942430823359691,Large,Upi,Debit,Shopping
Ajio POS Purchase Ajio,14867.05,9.60696989433858,Large,Debit Card,Debit,Shopping
Interest Credit Interest Credit Savings Account,813.4,6.702451645796258,Medium,Neft,Credit,Salary
ICICI Prudential MF SIP Investment ICICI Prudential MF,20675.42,9.936749199516465,Large,Auto Debit,Debit,Investment
Reliance Fresh POS Purchase Reliance Fresh,4565.56,8.426515465211079,Large,Credit Card,Debit,Groceries
Disney+ Hotstar UPI/Disney+ Hotstar,840.0,6.734591659972948,Medium,Upi,Debit,Entertainment
Myntra POS Purchase Myntra,4195.62,8.342034718371998,Large,Credit Card,Debit,Shopping
Employer Salary Credit NEFT Salary Credit,240125.84,12.38892256271719,Large,Imps,Credit,Salary
House Rent Payment Net Banking House Rent Payment,17662.41,9.779250547250872,Large,Net Banking,Debit,Rent
Zepto UPI/Zepto,1734.96,7.459315853480183,Medium,Upi,Debit,Groceries
House Rent Payment UPI House Rent Payment,33323.0,10.4140331370948,Large,Upi,Debit,Rent
Nature's Basket UPI/DR/618840705/Nature's Basket,759.82,6.634396799003425,Medium,Upi,Debit,Groceries
Vegetable Market UPI/Paytm/Vegetable Market,1573.03,7.361394488516172,Medium,Upi,Debit,Other
Zepto POS Purchase Zepto,1740.38,7.462433181316503,Medium,Credit Card,Debit,Groceries
Disney+ Hotstar UPI/DR/630536354/Disney+ Hotstar,494.98,6.2065356033313055,Small,Credit Card,Debit,Subscription
Fruit Vendor UPI/Fruit Vendor,1195.05,7.086779739656796,Medium,Upi,Debit,Other
KFC POS Purchase KFC,2433.02,7.797299490440583,Medium,Debit Card,Debit,Food
The Beer Cafe POS Purchase The Beer Cafe,2218.32,7.70495612163866,Medium,Debit Card,Debit,Food
Amazon India POS Purchase Amazon India,48761.33,10.794713367523267,Large,Debit Card,Debit,Shopping
Zepto UPI/Zepto,1977.36,7.590023497644544,Medium,Upi,Debit,Groceries
Amazon India POS Purchase Amazon India,9984.92,9.208931379812762,Large,Credit Card,Debit,Shopping
EatClub POS Purchase EatClub,168.09,5.130431117550338,Small,Debit Card,Debit,Food
Ajio UPI/Paytm/Ajio,49971.86,10.819235337041032,Large,Upi,Debit,Shopping
Jio Fiber Auto Debit Jio Fiber,15274.97,9.634036284478592,Large,Auto Debit,Debit,Bills
Chaayos UPI/DR/969180872/Chaayos,2109.46,7.654661212188172,Medium,Upi,Debit,Food
Chaayos POS Purchase Chaayos,2425.37,7.794151592301893,Medium,Credit Card,Debit,Food
Bajaj Allianz Insurance Premium Bajaj Allianz,48253.76,10.784249754751,Large,Auto Debit,Debit,Insurance
Third Wave Coffee POS Purchase Third Wave Coffee,824.16,6.715577306924807,Medium,Debit Card,Debit,Food
Faasos UPI/Paytm/Faasos,1903.88,7.552174293450729,Medium,Upi,Debit,Food
Netflix UPI/DR/202585894/Netflix,591.62,6.384553384148091,Small,Upi,Debit,Subscription
Flipkart POS Purchase Flipkart,11551.62,9.354667530052517,Large,Credit Card,Debit,Shopping
Income Tax Payment Auto Debit Income Tax Payment,31455.05,10.356346612467501,Large,Auto Debit,Debit,Bills
Cafe Coffee Day POS Purchase Cafe Coffee Day,2884.7,7.96752278382668,Large,Credit Card,Debit,Food
Tata Power Auto Debit Tata Power,9935.27,9.203946977717099,Large,Auto Debit,Debit,Bills
Interest Credit Interest Credit Savings Account,1641.06,7.403706830148672,Medium,Neft,Credit,Salary
Adani Electricity NEFT Adani Electricity,12050.66,9.396957688766955,Large,Neft,Debit,Bills
DMart UPI/DMart,990.72,6.899440809378052,Medium,Upi,Debit,Groceries
Airtel Digital TV Auto Debit Airtel Digital TV,757.51,6.631355982617303,Medium,Auto Debit,Debit,Subscription
Amazon India POS Purchase Amazon India,5688.3,8.646342496705346,Large,Net Banking,Debit,Shopping
Netflix POS Purchase Netflix,1225.58,7.111985087824971,Medium,Debit Card,Debit,Entertainment
Apollo Pharmacy UPI/Apollo Pharmacy,1091.27,6.99601337849018,Medium,Upi,Debit,Miscellaneous
Barbeque Nation POS Purchase Barbeque Nation,2553.47,7.8456000447206815,Medium,Debit Card,Debit,Food
Cafe Coffee Day UPI/Paytm/Cafe Coffee Day,2745.97,7.918253765030907,Large,Upi,Debit,Food
Domino's India UPI/Paytm/Domino's India,2846.48,7.954189671591666,Large,Upi,Debit,Food
Nature's Basket UPI/Paytm/Nature's Basket,4436.37,8.397817137579894,Large,Upi,Debit,Groceries
Municipal Water Department UPI/Municipal Water Department,6635.28,8.800306844513017,Large,Upi,Debit,Bills
Zomato UPI/Paytm/Zomato,1762.92,7.4752938840644045,Medium,Upi,Debit,Food
Zepto UPI/Zepto,1912.89,7.556893099096995,Medium,Upi,Debit,Groceries
Faasos POS Purchase Faasos,1759.56,7.473387219241279,Medium,Debit Card,Debit,Food
Local Hardware Store POS Purchase Local Hardware Store,8310.27,9.025367704090668,Large,Debit Card,Debit,Miscellaneous
HPCL POS Purchase HPCL,1300.93,7.171603057882349,Medium,Credit Card,Debit,Fuel
Local Wine & Beer Shop UPI/Paytm/Local Wine & Beer Shop,2618.36,7.870685292106032,Medium,Upi,Debit,Food
BigBasket UPI/DR/258362512/BigBasket,4077.88,8.313577719909572,Large,Upi,Debit,Groceries
BPCL POS Purchase BPCL,4083.45,8.314942359306581,Large,Debit Card,Debit,Fuel
The Beer Cafe UPI/Paytm/The Beer Cafe,2064.62,7.633185702462235,Medium,Upi,Debit,Food
Jio Auto Debit Jio,7161.71,8.876643679964918,Large,Auto Debit,Debit,Bills
Pet Shop UPI/DR/260221190/Pet Shop,1805.69,7.499251720811334,Medium,Upi,Debit,Other
Social POS Purchase Social,892.69,6.795358958887573,Medium,Credit Card,Debit,Food
Fruit Vendor UPI/DR/844554951/Fruit Vendor,1116.89,7.019198258892322,Medium,Upi,Debit,Other
Chaayos UPI/Paytm/Chaayos,2410.29,7.787917152988514,Medium,Upi,Debit,Food
Amazon India POS Purchase Amazon India,4462.26,8.403634719710363,Large,Credit Card,Debit,Shopping
Bakery UPI/Paytm/Bakery,47.36,3.878673025746592,Small,Upi,Debit,Other
EMI Home Loan Net Banking EMI Home Loan,22981.85,10.042503564600521,Large,Net Banking,Debit,Bills
Indane Gas Net Banking Indane Gas,12567.95,9.438984765875713,Large,Net Banking,Debit,Bills
BEST Auto Debit BEST,5865.6,8.677030528657204,Large,Auto Debit,Debit,Bills
Ajio POS Purchase Ajio,12457.87,9.43018809802017,Large,Credit Card,Debit,Shopping
Zepto POS Purchase Zepto,4956.19,8.508594326920871,Large,Credit Card,Debit,Groceries
Zomato UPI/DR/394243484/Zomato,2553.27,7.845521747527988,Medium,Upi,Debit,Food
Municipal Water Department Auto Debit Municipal Water Department,15120.24,9.62385565695285,Large,Auto Debit,Debit,Bills
Jio Fiber Auto Debit Jio Fiber,15306.44,9.636094263697196,Large,Auto Debit,Debit,Bills
Jio Fiber Auto Debit Jio Fiber,13864.02,9.537124400529905,Large,Auto Debit,Debit,Bills
Cafe Coffee Day POS Purchase Cafe Coffee Day,1607.37,7.3829765227725686,Medium,Credit Card,Debit,Food
Flipkart POS Purchase Flipkart,14581.69,9.587590487858872,Large,Debit Card,Debit,Shopping
Jio Fiber Auto Debit Jio Fiber,15117.99,9.623706848560577,Large,Auto Debit,Debit,Bills
BEST Auto Debit BEST,8743.16,9.076141327950628,Large,Auto Debit,Debit,Bills
BSNL Net Banking BSNL,4426.42,8.39557230060611,Large,Net Banking,Debit,Bills
Nature's Basket POS Purchase Nature's Basket,3537.76,8.171531662278705,Large,Credit Card,Debit,Groceries
EMI Home Loan Net Banking EMI Home Loan,15159.56,9.626452597828107,Large,Net Banking,Debit,Bills
BSNL Net Banking BSNL,8999.93,9.105083184313168,Large,Net Banking,Debit,Bills
Bharat Gas UPI/Bharat Gas,598.03,6.395311680333768,Small,Upi,Debit,Bills
Municipal Water Department Net Banking Municipal Water Department,375.76,5.931608379954616,Small,Net Banking,Debit,Bills
Tata Power NEFT Tata Power,12102.5,9.401249945956671,Large,Neft,Debit,Bills
Amazon India Cashback Amazon India,4264.93,8.358415490082793,Large,Net Banking,Credit,Shopping
Starbucks India POS Purchase Starbucks India,348.56,5.856675220759343,Small,Credit Card,Debit,Food
KFC UPI/Paytm/KFC,763.75,6.639548983031013,Medium,Upi,Debit,Food
Reliance Fresh UPI/Paytm/Reliance Fresh,821.65,6.712530836832659,Medium,Upi,Debit,Groceries
BPCL POS Purchase BPCL,1325.79,7.190517770113533,Medium,Debit Card,Debit,Fuel
Employer Salary Credit NEFT Salary Credit,129662.04,11.77269436438966,Large,Neft,Credit,Salary
House Rent Payment Net Banking House Rent Payment,44310.63,10.69900244979543,Large,Net Banking,Debit,Rent
Indian Oil UPI/Indian Oil,1065.79,6.972409418435653,Medium,Upi,Debit,Fuel
Tata Power NEFT Tata Power,1890.32,7.54503027697545,Medium,Neft,Debit,Bills
House Rent Payment UPI House Rent Payment,39965.41,10.595794630308527,Large,Upi,Debit,Rent
EMI Personal Loan UPI/Paytm/EMI Personal Loan,3441.57,8.143973564455626,Large,Upi,Debit,Bills
Tea Stall UPI/Tea Stall,101.55,4.63035048451839,Small,Upi,Debit,Other
General Store UPI/DR/947387796/General Store,1201.31,7.09199998533794,Medium,Upi,Debit,Other
Bajaj Allianz Insurance Premium Bajaj Allianz,7438.57,8.914568330457977,Large,Auto Debit,Debit,Insurance
Ola POS Purchase Ola,2687.02,7.89656014209155,Large,Debit Card,Debit,Miscellaneous
HPCL UPI/Paytm/HPCL,4040.23,8.304304380063586,Large,Upi,Debit,Fuel
HP Gas Auto Debit HP Gas,11348.29,9.33691046588682,Large,Auto Debit,Debit,Bills
Employer Salary Credit NEFT Salary Credit,49110.75,10.801853592688772,Large,Imps,Credit,Salary
Meesho POS Purchase Meesho,1440.38,7.273356266995159,Medium,Debit Card,Debit,Shopping
Employer Salary Credit NEFT Salary Credit,126948.02,11.751540867528393,Large,Imps,Credit,Salary
Employer Salary Credit NEFT Salary Credit,71346.11,11.175312117529641,Large,Neft,Credit,Salary
BigBasket POS Purchase BigBasket,2852.22,7.956203460052665,Large,Debit Card,Debit,Groceries
DMart UPI/Paytm/DMart,1714.13,7.447244158476504,Medium,Upi,Debit,Groceries
Mutual Fund SIP UPI/DR/131810311/Mutual Fund SIP,25358.65,10.140914607194095,Large,Upi,Debit,Investment
Tata Power UPI/DR/213757100/Tata Power,1519.99,7.327116717615721,Medium,Upi,Debit,Bills
Lakme Salon UPI/Lakme Salon,7251.09,8.889044982167286,Large,Upi,Debit,Miscellaneous
Nature's Basket UPI/Paytm/Nature's Basket,3120.1,8.045940782769973,Large,Upi,Debit,Groceries
Jio Net Banking Jio,4152.71,8.331757189769894,Large,Net Banking,Debit,Bills
Myntra UPI/DR/320456760/Myntra,3198.97,8.070896713743872,Large,Upi,Debit,Shopping
Reliance Fresh UPI/DR/686277792/Reliance Fresh,4420.27,8.394182264117036,Large,Upi,Debit,Groceries
Tailor UPI/Tailor,941.88,6.8489390210896035,Medium,Upi,Debit,Other
BPCL POS Purchase BPCL,2129.38,7.664055646547282,Medium,Debit Card,Debit,Fuel
McDonald's India UPI/McDonald's India,2624.23,7.872923790235019,Medium,Upi,Debit,Food
LIC Insurance Premium LIC,22699.23,10.030130335576754,Large,Auto Debit,Debit,Insurance
Reliance Fresh UPI/Paytm/Reliance Fresh,3484.45,8.156352439679392,Large,Upi,Debit,Groceries
Stationery Shop UPI/DR/897344195/Stationery Shop,2495.9,7.822805241420159,Medium,Upi,Debit,Other
Tea Stall UPI/DR/662484182/Tea Stall,61.44,4.134206095647231,Small,Upi,Debit,Other
Home Depot India POS Purchase Home Depot India,8438.63,9.040693747766493,Large,Debit Card,Debit,Miscellaneous
Tea Stall UPI/Paytm/Tea Stall,51.04,3.9520126536443043,Small,Upi,Debit,Other
HPCL UPI/HPCL,3207.47,8.073549466983229,Large,Upi,Debit,Fuel
Third Wave Coffee UPI/DR/295249057/Third Wave Coffee,2261.42,7.724190315832911,Medium,Upi,Debit,Food
BPCL UPI/BPCL,3348.6,8.116596214704934,Large,Upi,Debit,Fuel
McDonald's India UPI/Paytm/McDonald's India,266.47,5.589007410514122,Small,Upi,Debit,Food
Airtel Auto Debit Airtel,14793.24,9.60199319480925,Large,Auto Debit,Debit,Bills
DMart UPI/DMart,4723.27,8.4604683306374,Large,Upi,Debit,Groceries
Income Tax Payment Net Banking Income Tax Payment,12518.94,9.435077852310338,Large,Net Banking,Debit,Bills
HP Gas Auto Debit HP Gas,10307.54,9.240727956896057,Large,Auto Debit,Debit,Bills
Third Wave Coffee POS Purchase Third Wave Coffee,1373.3,7.225699789560806,Medium,Credit Card,Debit,Food
Myntra POS Purchase Myntra,10767.05,9.284338695261544,Large,Credit Card,Debit,Shopping
Bharat Gas Net Banking Bharat Gas,10838.32,9.290935542398683,Large,Net Banking,Debit,Bills
Meesho UPI/DR/301698698/Meesho,4800.12,8.476604503011327,Large,Upi,Debit,Shopping
BigBasket POS Purchase BigBasket,1588.56,7.371212527357839,Medium,Credit Card,Debit,Groceries
The Beer Cafe UPI/The Beer Cafe,2165.76,7.680988243210912,Medium,Upi,Debit,Food
BigBasket UPI/Paytm/BigBasket,1519.85,7.327024668066699,Medium,Upi,Debit,Groceries
Blinkit POS Purchase Blinkit,1754.78,7.470668481608232,Medium,Credit Card,Debit,Groceries
HPCL POS Purchase HPCL,4062.76,8.309863932396386,Large,Credit Card,Debit,Fuel
IRCTC POS Purchase IRCTC,582.47,6.368993036523124,Small,Credit Card,Debit,Miscellaneous
Ajio POS Purchase Ajio,8972.56,9.102037754801243,Large,Net Banking,Debit,Shopping
Myntra Cashback Myntra,1276.18,7.1524098014634,Medium,Net Banking,Credit,Shopping
Local Services UPI/Paytm/Local Services,1146.78,7.0455849208840124,Medium,Upi,Debit,Other
ATM ATM Cash Withdrawal,2506.56,7.827065447765169,Medium,Cash Withdrawal,Debit,Other
Social UPI/Social,1130.67,7.0314496968284494,Medium,Upi,Debit,Food
ATM ATM Cash Withdrawal,1531.63,7.334740492923871,Medium,Cash Withdrawal,Debit,Other
BigBasket POS Purchase BigBasket,2800.93,7.93806374442929,Large,Credit Card,Debit,Groceries
Airtel Digital TV UPI/DR/786055206/Airtel Digital TV,642.26,6.466548997096203,Small,Credit Card,Debit,Subscription
Apollo Pharmacy POS Purchase Apollo Pharmacy,10764.6,9.284111144427332,Large,Credit Card,Debit,Miscellaneous
ICICI Lombard Net Banking Insurance Premium ICICI Lombard,32766.66,10.397197332368787,Large,Net Banking,Debit,Insurance
The Beer Cafe UPI/Paytm/The Beer Cafe,1365.03,7.219664001822226,Medium,Upi,Debit,Food
BookMyShow UPI/DR/293976787/BookMyShow,1116.29,7.018661389365562,Medium,Upi,Debit,Entertainment
Local Wine & Beer Shop POS Purchase Local Wine & Beer Shop,901.77,6.805467814439991,Medium,Credit Card,Debit,Food
Chaayos POS Purchase Chaayos,2796.16,7.936359895713165,Large,Credit Card,Debit,Food
Local Wine & Beer Shop UPI/Local Wine & Beer Shop,754.34,6.627167979006223,Medium,Upi,Debit,Food
Zomato UPI/Zomato,1119.63,7.021646306145317,Medium,Upi,Debit,Food
Jio Fiber Auto Debit Jio Fiber,7415.59,8.911474661794196,Large,Auto Debit,Debit,Bills
Bakery UPI/Paytm/Bakery,1304.54,7.1743720272714855,Medium,Upi,Debit,Other
Municipal Water Department Auto Debit Municipal Water Department,2416.1,7.7903237534512595,Medium,Auto Debit,Debit,Bills
Misc Vendor UPI/Misc Vendor,1135.35,7.035576650420022,Medium,Upi,Debit,Other
IRCTC POS Purchase IRCTC,2333.04,7.755355950660231,Medium,Credit Card,Debit,Miscellaneous
The Beer Cafe POS Purchase The Beer Cafe,1272.52,7.149539999046881,Medium,Credit Card,Debit,Food
Airtel Digital TV Auto Debit Airtel Digital TV,814.61,6.7039362995373475,Medium,Auto Debit,Debit,Subscription
Starbucks India UPI/DR/162193817/Starbucks India,2745.88,7.91822100112217,Large,Upi,Debit,Food
Starbucks India POS Purchase Starbucks India,1433.53,7.2685925484129195,Medium,Debit Card,Debit,Food
Local Services UPI/Paytm/Local Services,978.62,6.887164741366128,Medium,Upi,Debit,Other
HP Gas Auto Debit HP Gas,14001.69,9.547004732997465,Large,Auto Debit,Debit,Bills
Meesho UPI/Paytm/Meesho,12816.97,9.458603371602702,Large,Upi,Debit,Shopping
Indane Gas UPI/Paytm/Indane Gas,1332.74,7.1957423049308735,Medium,Upi,Debit,Bills
HP Gas NEFT HP Gas,2688.45,7.897091990724349,Large,Neft,Debit,Bills
Indane Gas Net Banking Indane Gas,661.9,6.496624149247346,Medium,Net Banking,Debit,Bills
Credit Card Bill Payment Auto Debit Credit Card Bill Payment,12577.29,9.439727590967411,Large,Auto Debit,Debit,Bills
Indian Oil UPI/DR/595299904/Indian Oil,2801.77,7.938363492856963,Large,Upi,Debit,Fuel
Income Tax Payment Net Banking Income Tax Payment,15481.31,9.647453360817005,Large,Net Banking,Debit,Bills
Airtel Net Banking Airtel,11580.49,9.357163412970595,Large,Net Banking,Debit,Bills
BSNL NEFT BSNL,14173.7,9.559213964350828,Large,Neft,Debit,Bills
Domino's India POS Purchase Domino's India,1065.24,6.971893720098368,Medium,Debit Card,Debit,Food
HP Gas Auto Debit HP Gas,536.6,6.28711478920894,Small,Auto Debit,Debit,Bills
Domino's India POS Purchase Domino's India,432.29,6.071407249781185,Small,Debit Card,Debit,Food
EMI Personal Loan Auto Debit EMI Personal Loan,15284.89,9.634685459649761,Large,Auto Debit,Debit,Bills
Airtel Net Banking Airtel,8103.17,9.000134023003662,Large,Net Banking,Debit,Bills
Jio Fiber Auto Debit Jio Fiber,8066.54,8.995603882079305,Large,Auto Debit,Debit,Bills
BEST UPI/DR/777350700/BEST,14000.2,9.54689831920985,Large,Upi,Debit,Bills
Adani Electricity Net Banking Adani Electricity,10475.49,9.256888978111455,Large,Net Banking,Debit,Bills
BEST Auto Debit BEST,2104.5,7.652308247601982,Medium,Auto Debit,Debit,Bills
Jio NEFT Jio,10280.48,9.238099497518228,Large,Neft,Debit,Bills
Indane Gas Net Banking Indane Gas,15638.33,9.657544174307011,Large,Net Banking,Debit,Bills
Credit Card Bill Payment Auto Debit Credit Card Bill Payment,8074.38,8.996575205807154,Large,Auto Debit,Debit,Bills
Municipal Water Department Net Banking Municipal Water Department,10187.41,9.229006078713239,Large,Net Banking,Debit,Bills
Tea Stall UPI/DR/289768018/Tea Stall,118.91,4.786741461391342,Small,Upi,Debit,Other
Amazon India POS Purchase Amazon India,1472.61,7.29547045158008,Medium,Debit Card,Debit,Shopping
Reliance Fresh UPI/Paytm/Reliance Fresh,1555.03,7.349892984758132,Medium,Upi,Debit,Groceries
ICICI Prudential MF SIP Investment ICICI Prudential MF,38587.72,10.560715284766731,Large,Auto Debit,Debit,Investment
Tata Power NEFT Tata Power,673.11,6.513393302343635,Medium,Neft,Debit,Bills
Tata Power Auto Debit Tata Power,13059.01,9.477310168526913,Large,Auto Debit,Debit,Bills
Reliance Fresh UPI/Paytm/Reliance Fresh,2525.32,7.834518977388865,Medium,Upi,Debit,Groceries
DMart UPI/Paytm/DMart,3638.14,8.199502668979848,Large,Upi,Debit,Groceries
HDFC Mutual Fund SIP Investment HDFC Mutual Fund,39760.57,10.590656146912451,Large,Auto Debit,Debit,Investment
Employer Salary Credit NEFT Salary Credit,156886.81,11.963286242904921,Large,Imps,Credit,Salary
Bajaj Allianz Insurance Premium Bajaj Allianz,33215.63,10.4108059331087,Large,Auto Debit,Debit,Insurance
Nature's Basket POS Purchase Nature's Basket,2954.75,7.991507704743222,Large,Debit Card,Debit,Groceries
House Rent Payment NEFT House Rent Payment,24721.6,10.115473084034337,Large,Neft,Debit,Rent
Employer Salary Credit NEFT Salary Credit,141025.68,11.856704371318642,Large,Imps,Credit,Salary
Reliance Fresh UPI/DR/149861842/Reliance Fresh,3157.15,8.057741692104292,Large,Upi,Debit,Groceries
Indane Gas Net Banking Indane Gas,14064.56,9.55148453527533,Large,Net Banking,Debit,Bills
Employer Salary Credit NEFT Salary Credit,140146.77,11.850452644942976,Large,Imps,Credit,Salary
BPCL UPI/Paytm/BPCL,594.64,6.389636457722005,Small,Upi,Debit,Fuel
Employer Salary Credit NEFT Salary Credit,90145.28,11.40918896322099,Large,Neft,Credit,Salary
Ajio POS Purchase Ajio,10666.52,9.274958889913925,Large,Debit Card,Debit,Shopping
Amazon India UPI/Paytm/Amazon India,7977.35,8.984486902147335,Large,Upi,Debit,Shopping
Mobile Repair UPI/DR/864059216/Mobile Repair,441.3,6.0919883848742815,Small,Upi,Debit,Other
Income Tax Payment Auto Debit Income Tax Payment,36437.67,10.503385852354356,Large,Auto Debit,Debit,Bills
Indian Oil POS Purchase Indian Oil,4038.61,8.303903431641961,Large,Credit Card,Debit,Fuel
Tata Play Auto Debit Tata Play,776.79,6.656456564863477,Medium,Auto Debit,Debit,Subscription
Nature's Basket UPI/DR/324956459/Nature's Basket,2330.14,7.754112697292284,Medium,Upi,Debit,Groceries
HPCL POS Purchase HPCL,2053.68,7.627875397043509,Medium,Debit Card,Debit,Fuel
BigBasket POS Purchase BigBasket,708.53,6.564602779004281,Medium,Debit Card,Debit,Groceries
Unknown Merchant UPI/DR/326057528/Unknown Merchant,881.98,6.783302550290818,Medium,Upi,Debit,Other
Adani Electricity Auto Debit Adani Electricity,3920.72,8.274285612060886,Large,Auto Debit,Debit,Bills
Uber UPI/Uber,785.96,6.668177421204502,Medium,Upi,Debit,Miscellaneous
Social POS Purchase Social,2164.07,7.680207972477414,Medium,Debit Card,Debit,Food
The Beer Cafe UPI/Paytm/The Beer Cafe,996.34,6.905091734895896,Medium,Upi,Debit,Food
Flipkart POS Purchase Flipkart,13168.32,9.485645160906222,Large,Credit Card,Debit,Shopping
Nykaa POS Purchase Nykaa,11553.39,9.35482073031542,Large,Net Banking,Debit,Shopping
Third Wave Coffee UPI/Third Wave Coffee,1934.16,7.567945289383974,Medium,Upi,Debit,Food
Zepto UPI/Paytm/Zepto,4370.68,8.382902653571026,Large,Upi,Debit,Groceries
Unknown Merchant UPI/DR/438468976/Unknown Merchant,54.09,4.008968211484625,Small,Upi,Debit,Other
Disney+ Hotstar POS Purchase Disney+ Hotstar,1926.21,7.563828640162251,Medium,Credit Card,Debit,Entertainment
EMI Home Loan Net Banking EMI Home Loan,17304.42,9.758775026216991,Large,Net Banking,Debit,Bills
Amazon India POS Purchase Amazon India,3174.91,8.063349484434024,Large,Debit Card,Debit,Shopping
Starbucks India POS Purchase Starbucks India,2847.48,7.954540797656552,Large,Credit Card,Debit,Food
Myntra POS Purchase Myntra,2045.6,7.623935158652655,Medium,Net Banking,Debit,Shopping
Kirana Shop UPI/Kirana Shop,1310.01,7.1785531114996735,Medium,Upi,Debit,Other
Reliance Fresh UPI/Paytm/Reliance Fresh,2173.72,7.6846551996034576,Medium,Upi,Debit,Groceries
Cafe Coffee Day POS Purchase Cafe Coffee Day,643.21,6.468024759906079,Small,Credit Card,Debit,Food
McDonald's India POS Purchase McDonald's India,1660.47,7.41545803165812,Medium,Credit Card,Debit,Food
Cafe Coffee Day UPI/Cafe Coffee Day,1491.29,7.3080671318495005,Medium,Upi,Debit,Food
Zepto POS Purchase Zepto,2558.76,7.847668783078802,Medium,Debit Card,Debit,Groceries
BPCL UPI/Paytm/BPCL,1576.01,7.3632859280970235,Medium,Upi,Debit,Fuel
Ajio POS Purchase Ajio,6584.2,8.792579985773866,Large,Debit Card,Debit,Shopping
Domino's India POS Purchase Domino's India,1077.39,6.983224467118015,Medium,Debit Card,Debit,Food
HPCL UPI/DR/486556226/HPCL,2356.73,7.76545457072446,Medium,Upi,Debit,Fuel
Cafe Coffee Day POS Purchase Cafe Coffee Day,1706.39,7.4427211677006735,Medium,Debit Card,Debit,Food
Indian Oil UPI/DR/246733633/Indian Oil,3621.16,8.194825811956926,Large,Upi,Debit,Fuel
BookMyShow UPI/DR/697643222/BookMyShow,221.82,5.406364270631171,Small,Upi,Debit,Entertainment
KFC UPI/KFC,1184.38,7.077818677269445,Medium,Upi,Debit,Food
Barbeque Nation UPI/DR/714758692/Barbeque Nation,947.29,6.854660362647958,Medium,Upi,Debit,Food
Reliance Fresh UPI/DR/302563940/Reliance Fresh,1817.9,7.5059872017457945,Medium,Upi,Debit,Groceries
Blinkit POS Purchase Blinkit,2236.2,7.712980362947433,Medium,Credit Card,Debit,Groceries
Local Hardware Store POS Purchase Local Hardware Store,7065.06,8.863058319250149,Large,Debit Card,Debit,Miscellaneous
Bakery UPI/Paytm/Bakery,2033.19,7.617852984241943,Medium,Upi,Debit,Other
Swiggy UPI/Paytm/Swiggy,830.8,6.723592027308811,Medium,Upi,Debit,Food
Airtel Digital TV Auto Debit Airtel Digital TV,259.25,5.5616427074950785,Small,Auto Debit,Debit,Subscription
Local Hardware Store POS Purchase Local Hardware Store,1940.01,7.5709637351392525,Medium,Debit Card,Debit,Miscellaneous
Jio Auto Debit Jio,13667.16,9.522824319341673,Large,Auto Debit,Debit,Bills
EMI Personal Loan Auto Debit EMI Personal Loan,14348.96,9.571502433727437,Large,Auto Debit,Debit,Bills
EMI Home Loan Net Banking EMI Home Loan,23759.55,10.075781921356816,Large,Net Banking,Debit,Bills
BSNL Net Banking BSNL,2693.84,7.89909411237845,Large,Net Banking,Debit,Bills
Tata Power Auto Debit Tata Power,9699.8,9.179963635317467,Large,Auto Debit,Debit,Bills
Bajaj Allianz Net Banking Insurance Premium Bajaj Allianz,11780.79,9.374310398123772,Large,Net Banking,Debit,Insurance
The Beer Cafe UPI/The Beer Cafe,1146.95,7.04573302192404,Medium,Upi,Debit,Food
BEST Net Banking BEST,555.5,6.3216671707156,Small,Net Banking,Debit,Bills
Jio Fiber Auto Debit Jio Fiber,12584.42,9.440294280075719,Large,Auto Debit,Debit,Bills
BSNL Net Banking BSNL,3478.24,8.154569158113178,Large,Net Banking,Debit,Bills
BPCL UPI/DR/576762564/BPCL,3533.81,8.170414828654218,Large,Upi,Debit,Fuel
Municipal Water Department NEFT Municipal Water Department,9595.41,9.169144349182739,Large,Neft,Debit,Bills
EMI Personal Loan NEFT EMI Personal Loan,19249.14,9.865273612416757,Large,Neft,Debit,Bills
Spotify UPI/DR/847197907/Spotify,723.16,6.585012362445172,Medium,Upi,Debit,Subscription
Indane Gas UPI/Paytm/Indane Gas,582.19,6.368513033771035,Small,Upi,Debit,Bills
Home Depot India UPI/DR/668132202/Home Depot India,2612.97,7.868625417454194,Medium,Upi,Debit,Miscellaneous
Domino's India POS Purchase Domino's India,2908.9,7.975873995313905,Large,Credit Card,Debit,Food
Indane Gas NEFT Indane Gas,3242.18,8.08430960892983,Large,Neft,Debit,Bills
EMI Home Loan Auto Debit EMI Home Loan,16720.27,9.72443684069191,Large,Auto Debit,Debit,Bills
EMI Home Loan Auto Debit EMI Home Loan,3806.77,8.24479899492749,Large,Auto Debit,Debit,Bills
Jio Fiber Auto Debit Jio Fiber,4860.59,8.489120823883042,Large,Auto Debit,Debit,Bills
Home Depot India UPI/Paytm/Home Depot India,5863.78,8.676720249727596,Large,Upi,Debit,Miscellaneous
Indane Gas Net Banking Indane Gas,5715.89,8.651180230218273,Large,Net Banking,Debit,Bills
BEST Net Banking BEST,12050.08,9.396909561458598,Large,Net Banking,Debit,Bills
HP Gas Auto Debit HP Gas,10727.93,9.280699110242269,Large,Auto Debit,Debit,Bills
BSNL Net Banking BSNL,13064.57,9.477735805016817,Large,Net Banking,Debit,Bills
Credit Card Bill Payment Net Banking Credit Card Bill Payment,694.05,6.5439837854231016,Medium,Net Banking,Debit,Bills
BPCL FASTag Recharge,3726.21,8.223415243478168,Large,Net Banking,Debit,Fuel
Ajio UPI/Ajio,14174.6,9.559277455742475,Large,Upi,Debit,Shopping
Amazon India UPI/Paytm/Amazon India,13099.12,9.480376669452632,Large,Upi,Debit,Shopping
Employer Salary Credit NEFT Salary Credit,188574.21,12.147252198336483,Large,Imps,Credit,Salary
Myntra POS Purchase Myntra,2199.46,7.696421708399041,Medium,Credit Card,Debit,Shopping
Airtel NEFT Airtel,5916.49,8.68566765148388,Large,Neft,Debit,Bills
House Rent Payment Net Banking House Rent Payment,47459.69,10.767657068442857,Large,Net Banking,Debit,Rent
Employer Salary Credit NEFT Salary Credit,225266.29,12.325042931681244,Large,Neft,Credit,Salary
Indian Oil FASTag Recharge,3717.17,8.220986890743363,Large,Net Banking,Debit,Fuel
Bharat Gas Auto Debit Bharat Gas,9037.3,9.109226382604676,Large,Auto Debit,Debit,Bills
Blinkit UPI/DR/856320718/Blinkit,1636.09,7.4006755544792915,Medium,Upi,Debit,Groceries
Airtel Auto Debit Airtel,15584.6,9.65410269001669,Large,Auto Debit,Debit,Bills
HP Gas UPI/DR/512357040/HP Gas,9504.05,9.159578515297962,Large,Upi,Debit,Bills
Amazon Prime POS Purchase Amazon Prime,1214.2,7.1026639512815635,Medium,Credit Card,Debit,Entertainment
Bharat Gas Net Banking Bharat Gas,6946.12,8.846082464186992,Large,Net Banking,Debit,Bills
EMI Personal Loan UPI/DR/274429624/EMI Personal Loan,6916.79,8.841851633442271,Large,Upi,Debit,Bills
Starbucks India UPI/Starbucks India,1831.52,7.5134473477530905,Medium,Upi,Debit,Food
HPCL UPI/HPCL,1170.42,7.065971967097091,Medium,Upi,Debit,Fuel
Local Services UPI/Local Services,973.2,6.881616621372443,Medium,Upi,Debit,Other
Local Services UPI/DR/181635326/Local Services,599.61,6.39794580542727,Small,Upi,Debit,Other
Cafe Coffee Day UPI/DR/826413906/Cafe Coffee Day,789.1,6.672159519728687,Medium,Upi,Debit,Food
Barbeque Nation UPI/Paytm/Barbeque Nation,1450.22,7.280159860963811,Medium,Upi,Debit,Food
Chaayos POS Purchase Chaayos,2035.14,7.618811137585375,Medium,Debit Card,Debit,Food
Rapido UPI/Paytm/Rapido,1438.37,7.271960796838998,Medium,Upi,Debit,Miscellaneous
Zomato POS Purchase Zomato,1582.98,7.367695946032033,Medium,Debit Card,Debit,Food
Lakme Salon UPI/Paytm/Lakme Salon,582.92,6.369763987143377,Small,Upi,Debit,Miscellaneous
Kirana Shop UPI/Kirana Shop,2059.61,7.630757334454642,Medium,Upi,Debit,Other
Reliance Fresh UPI/Paytm/Reliance Fresh,3989.58,8.291691862728193,Large,Upi,Debit,Groceries
Cafe Coffee Day UPI/Cafe Coffee Day,1673.02,7.422983198409353,Medium,Upi,Debit,Food
Street Food Vendor UPI/Street Food Vendor,236.18,5.468819346536649,Small,Upi,Debit,Other
Third Wave Coffee POS Purchase Third Wave Coffee,2200.39,7.696844258015151,Medium,Debit Card,Debit,Food
Myntra POS Purchase Myntra,14695.23,9.595346277289641,Large,Credit Card,Debit,Shopping
Jio Fiber Auto Debit Jio Fiber,1626.81,7.394990832134914,Medium,Auto Debit,Debit,Bills
BSNL NEFT BSNL,12332.43,9.420068740765373,Large,Neft,Debit,Bills
EMI Home Loan NEFT EMI Home Loan,24196.98,10.094024437586494,Large,Neft,Debit,Bills
EatClub POS Purchase EatClub,878.19,6.779001029048385,Medium,Debit Card,Debit,Food
Meesho POS Purchase Meesho,10731.0,9.280985211545515,Large,Net Banking,Debit,Shopping
Indian Oil POS Purchase Indian Oil,1086.41,6.991554000917466,Medium,Credit Card,Debit,Fuel
EatClub UPI/EatClub,1784.26,7.4873193418699096,Medium,Upi,Debit,Food
BSNL Auto Debit BSNL,2544.79,7.842196293390281,Medium,Auto Debit,Debit,Bills
DMart UPI/Paytm/DMart,1513.75,7.323005687825098,Medium,Upi,Debit,Groceries
Ace Hardware India UPI/Paytm/Ace Hardware India,2869.38,7.9621997041701915,Large,Upi,Debit,Miscellaneous
Credit Card Bill Payment UPI/Credit Card Bill Payment,380.37,5.943770032495302,Small,Upi,Debit,Bills
BEST Auto Debit BEST,9239.52,9.131353440108512,Large,Auto Debit,Debit,Bills
Starbucks India UPI/Starbucks India,1303.46,7.173544441017355,Medium,Upi,Debit,Food
Uber UPI/Uber,1311.85,7.17995562558321,Medium,Upi,Debit,Miscellaneous
Nature's Basket UPI/Paytm/Nature's Basket,959.53,6.8674852154532795,Medium,Upi,Debit,Groceries
Ace Hardware India POS Purchase Ace Hardware India,6201.61,8.732725450193058,Large,Debit Card,Debit,Miscellaneous
Local Services UPI/Local Services,401.67,5.998117367938082,Small,Upi,Debit,Other
HP Gas NEFT HP Gas,7677.62,8.946195122495984,Large,Neft,Debit,Bills
Adani Electricity Auto Debit Adani Electricity,3890.06,8.266436893066127,Large,Auto Debit,Debit,Bills
Municipal Water Department NEFT Municipal Water Department,576.28,6.358327417434204,Small,Neft,Debit,Bills
ICICI Lombard Insurance Premium ICICI Lombard,10905.22,9.297088547664721,Large,Auto Debit,Debit,Insurance
Airtel Auto Debit Airtel,4627.88,8.440070217169652,Large,Auto Debit,Debit,Bills
Credit Card Bill Payment Net Banking Credit Card Bill Payment,10943.49,9.300591412251846,Large,Net Banking,Debit,Bills
Netflix POS Purchase Netflix,1722.3,7.451996336287531,Medium,Credit Card,Debit,Entertainment
Domino's India UPI/Paytm/Domino's India,1060.58,6.967513643352967,Medium,Upi,Debit,Food
Tata Power Auto Debit Tata Power,756.77,6.630379909518995,Medium,Auto Debit,Debit,Bills
Bharat Gas Net Banking Bharat Gas,5434.32,8.600673675466984,Large,Net Banking,Debit,Bills
The Beer Cafe UPI/The Beer Cafe,1427.22,7.264184192657906,Medium,Upi,Debit,Food
Jio Fiber Auto Debit Jio Fiber,4237.23,8.351901008238125,Large,Auto Debit,Debit,Bills
EMI Home Loan NEFT EMI Home Loan,19660.23,9.886403955325013,Large,Neft,Debit,Bills
Airtel Net Banking Airtel,2938.9,7.986130846148809,Large,Net Banking,Debit,Bills
Zepto UPI/Zepto,1042.39,6.950230306490228,Medium,Upi,Debit,Groceries
HP Gas Net Banking HP Gas,2381.98,7.776107084281315,Medium,Net Banking,Debit,Bills
BSNL Auto Debit BSNL,3789.23,8.24018198225098,Large,Auto Debit,Debit,Bills
Jio Fiber Auto Debit Jio Fiber,6774.11,8.821010881778458,Large,Auto Debit,Debit,Bills
Apollo Pharmacy POS Purchase Apollo Pharmacy,2596.12,7.862158417757341,Medium,Debit Card,Debit,Miscellaneous
HP Gas NEFT HP Gas,10669.99,9.27528412349683,Large,Neft,Debit,Bills
BSNL Net Banking BSNL,8072.74,8.996372098764091,Large,Net Banking,Debit,Bills
BEST Auto Debit BEST,513.51,6.243214991431188,Small,Auto Debit,Debit,Bills
Indane Gas Auto Debit Indane Gas,3977.81,8.2887380585957,Large,Auto Debit,Debit,Bills
Flower Shop UPI/Paytm/Flower Shop,344.57,5.845195227606525,Small,Upi,Debit,Other
Nature's Basket POS Purchase Nature's Basket,4239.68,8.35247891272542,Large,Credit Card,Debit,Groceries
Jio Fiber Net Banking Jio Fiber,13347.43,9.499154053916365,Large,Net Banking,Debit,Bills
Nykaa POS Purchase Nykaa,3072.72,8.030643833417706,Large,Net Banking,Debit,Shopping
Tata Power Net Banking Tata Power,4492.21,8.410322647350267,Large,Net Banking,Debit,Bills
General Store UPI/DR/701741560/General Store,1775.05,7.482147076308976,Medium,Upi,Debit,Other
Airtel Net Banking Airtel,13076.9,9.47867906166287,Large,Net Banking,Debit,Bills
Meesho POS Purchase Meesho,3028.31,8.01609014979837,Large,Debit Card,Debit,Shopping
Spotify Auto Debit Spotify,494.09,6.204739564223586,Small,Auto Debit,Debit,Subscription
Local Wine & Beer Shop POS Purchase Local Wine & Beer Shop,1969.25,7.585915717233759,Medium,Debit Card,Debit,Food
Faasos POS Purchase Faasos,2681.54,7.894519385856866,Large,Credit Card,Debit,Food
House Rent Payment Net Banking House Rent Payment,24955.79,10.124901208443703,Large,Net Banking,Debit,Rent
Stationery Shop UPI/Paytm/Stationery Shop,1200.52,7.091342700897325,Medium,Upi,Debit,Other
Social POS Purchase Social,2886.76,7.968236394066438,Large,Debit Card,Debit,Food
Indian Oil UPI/Paytm/Indian Oil,2758.41,7.922772167743593,Large,Upi,Debit,Fuel
Indane Gas NEFT Indane Gas,8729.14,9.074536685360274,Large,Neft,Debit,Bills
Employer Salary Credit NEFT Salary Credit,141643.43,11.861075182212312,Large,Imps,Credit,Salary
HDFC Mutual Fund UPI/DR/595367749/HDFC Mutual Fund,5409.32,8.596063519813987,Large,Upi,Debit,Investment
Domino's India UPI/Domino's India,2274.89,7.730126463674052,Medium,Upi,Debit,Food
HP Gas Auto Debit HP Gas,7866.53,8.970499442086679,Large,Auto Debit,Debit,Bills
Airtel Digital TV Auto Debit Airtel Digital TV,353.84,5.8716669836523865,Small,Auto Debit,Debit,Subscription
Mutual Fund SIP UPI/Mutual Fund SIP,35059.0,10.464816158475225,Large,Upi,Debit,Investment
Barbeque Nation UPI/Paytm/Barbeque Nation,2902.26,7.9735895225356765,Large,Upi,Debit,Food
Employer Salary Credit NEFT Salary Credit,38976.83,10.570748301937803,Large,Imps,Credit,Salary
House Rent Payment NEFT House Rent Payment,42290.22,10.65233477847795,Large,Neft,Debit,Rent
Jio Fiber Auto Debit Jio Fiber,531.88,6.278296258104924,Small,Auto Debit,Debit,Bills
Flipkart UPI/DR/945876699/Flipkart,8574.74,9.056692565686829,Large,Upi,Debit,Shopping
EatClub POS Purchase EatClub,487.2,6.19072515795886,Small,Debit Card,Debit,Food
Faasos UPI/Paytm/Faasos,171.55,5.150687049544013,Small,Upi,Debit,Food
Starbucks India UPI/Paytm/Starbucks India,2601.03,7.864047188598606,Medium,Upi,Debit,Food
Indane Gas Net Banking Indane Gas,10834.39,9.290572907785064,Large,Net Banking,Debit,Bills
Income Tax Payment Net Banking Income Tax Payment,6311.99,8.750364694333424,Large,Net Banking,Debit,Bills
Myntra POS Purchase Myntra,5356.13,8.586183662900309,Large,Credit Card,Debit,Shopping
Burger King UPI/DR/105539736/Burger King,199.83,5.302458779048587,Small,Upi,Debit,Food
Meesho UPI/Meesho,4467.79,8.404872957451209,Large,Upi,Debit,Shopping
EMI Personal Loan Auto Debit EMI Personal Loan,23140.74,10.049393192389159,Large,Auto Debit,Debit,Bills
Credit Card Bill Payment Auto Debit Credit Card Bill Payment,2876.47,7.964666714824921,Large,Auto Debit,Debit,Bills
KFC UPI/Paytm/KFC,2347.41,7.761493782399326,Medium,Upi,Debit,Food
Domino's India UPI/DR/958800276/Domino's India,313.48,5.750920481113605,Small,Upi,Debit,Food
Airtel Auto Debit Airtel,1086.99,6.992087236197178,Medium,Auto Debit,Debit,Bills
Third Wave Coffee UPI/DR/848321488/Third Wave Coffee,2119.65,7.659477924446311,Medium,Upi,Debit,Food
Ajio POS Purchase Ajio,10705.93,9.278646474357876,Large,Debit Card,Debit,Shopping
Meesho Cashback Meesho,2185.97,7.690272303161558,Medium,Net Banking,Credit,Shopping
ICICI Lombard Insurance Premium ICICI Lombard,8026.41,8.990617214440215,Large,Auto Debit,Debit,Insurance
Indane Gas Auto Debit Indane Gas,15215.25,9.630119214723805,Large,Auto Debit,Debit,Bills
Uber UPI/DR/355164255/Uber,925.93,6.83187805030904,Medium,Upi,Debit,Miscellaneous
Interest Credit Interest Credit Savings Account,1891.5,7.545653985311604,Medium,Neft,Credit,Salary
Flower Shop UPI/Flower Shop,2142.13,7.670022656256166,Medium,Upi,Debit,Other
BPCL UPI/BPCL,4193.81,8.34160332586129,Large,Upi,Debit,Fuel
Municipal Water Department Net Banking Municipal Water Department,12354.61,9.42186548992751,Large,Net Banking,Debit,Bills
IRCTC UPI/DR/956328583/IRCTC,1079.95,6.985595563100474,Medium,Upi,Debit,Miscellaneous
Ajio UPI/DR/695020389/Ajio,9189.88,9.125966967022196,Large,Upi,Debit,Shopping
HPCL POS Purchase HPCL,2979.29,7.999775890200852,Large,Debit Card,Debit,Fuel
BPCL POS Purchase BPCL,3092.94,8.037200638572644,Large,Debit Card,Debit,Fuel
Meesho POS Purchase Meesho,12378.24,9.423776155016544,Large,Credit Card,Debit,Shopping
Tata Play UPI/Tata Play,302.67,5.715941585480011,Small,Upi,Debit,Subscription
Indian Oil UPI/Paytm/Indian Oil,3216.23,8.076276019865213,Large,Upi,Debit,Fuel
Flower Shop UPI/Flower Shop,2011.45,7.607108164263586,Medium,Upi,Debit,Other
McDonald's India UPI/Paytm/McDonald's India,2705.36,7.9033598375760175,Large,Upi,Debit,Food
Interest Credit Interest Credit Savings Account,1092.59,6.997221141256739,Medium,Neft,Credit,Salary
Disney+ Hotstar POS Purchase Disney+ Hotstar,484.46,6.185096895047804,Small,Debit Card,Debit,Entertainment
Amazon India POS Purchase Amazon India,13136.18,9.483201657134032,Large,Debit Card,Debit,Shopping
Local Wine & Beer Shop POS Purchase Local Wine & Beer Shop,1249.72,7.13147466447202,Medium,Credit Card,Debit,Food
Apollo Pharmacy UPI/Apollo Pharmacy,1350.77,7.209170123787947,Medium,Upi,Debit,Miscellaneous
Cafe Coffee Day UPI/DR/637565427/Cafe Coffee Day,2529.59,7.836207756115332,Medium,Upi,Debit,Food
The Beer Cafe UPI/The Beer Cafe,1223.96,7.11066346938448,Medium,Upi,Debit,Food
Social POS Purchase Social,576.49,6.358691126228709,Small,Debit Card,Debit,Food
Income Tax Payment Net Banking Income Tax Payment,35971.61,10.490513094524342,Large,Net Banking,Debit,Bills
Zepto UPI/DR/295130056/Zepto,1436.71,7.270806848958367,Medium,Upi,Debit,Groceries
Third Wave Coffee UPI/Third Wave Coffee,2085.97,7.643468532273356,Medium,Upi,Debit,Food
Tata 1mg POS Purchase Tata 1mg,12521.77,9.43530386618919,Large,Credit Card,Debit,Miscellaneous
Bakery UPI/Paytm/Bakery,1380.08,7.2306210807684,Medium,Upi,Debit,Other
Nature's Basket UPI/DR/501537013/Nature's Basket,3874.71,8.262484150810101,Large,Upi,Debit,Groceries
General Store UPI/DR/753278884/General Store,802.21,6.688616199059165,Medium,Upi,Debit,Other
Starbucks India POS Purchase Starbucks India,976.43,6.884926678042116,Medium,Credit Card,Debit,Food
Street Vendor UPI/Paytm/Street Vendor,913.98,6.818902207113136,Medium,Upi,Debit,Other
Zepto UPI/DR/146641502/Zepto,504.04,6.22463763405937,Small,Upi,Debit,Groceries
Disney+ Hotstar Auto Debit Disney+ Hotstar,610.99,6.416715942509548,Small,Auto Debit,Debit,Subscription
Ajio POS Purchase Ajio,6462.26,8.773889113449554,Large,Debit Card,Debit,Shopping
Domino's India UPI/Domino's India,2431.62,7.7967241448063795,Medium,Upi,Debit,Food
Netflix UPI/Paytm/Netflix,1990.41,7.596598209534225,Medium,Upi,Debit,Entertainment
Chaayos UPI/Chaayos,1055.21,6.962442308131819,Medium,Upi,Debit,Food
Income Tax Payment Net Banking Income Tax Payment,33050.87,10.405833424617164,Large,Net Banking,Debit,Bills
Flipkart UPI/DR/121271982/Flipkart,4377.33,8.384422652126537,Large,Upi,Debit,Shopping
Faasos POS Purchase Faasos,1672.01,7.422379678255272,Medium,Debit Card,Debit,Food
HPCL POS Purchase HPCL,4169.38,8.335762437739346,Large,Debit Card,Debit,Fuel
ATM ATM Cash Withdrawal,1182.18,7.075961007940678,Medium,Cash Withdrawal,Debit,Other
Amazon India POS Purchase Amazon India,2825.3,7.946723714722732,Large,Credit Card,Debit,Shopping
BSNL Auto Debit BSNL,14631.57,9.591005145025452,Large,Auto Debit,Debit,Bills
BPCL POS Purchase BPCL,3432.01,8.141192706357614,Large,Debit Card,Debit,Fuel
Airtel Auto Debit Airtel,12786.58,9.456229666349795,Large,Auto Debit,Debit,Bills
EatClub POS Purchase EatClub,408.84,6.015766839630947,Small,Debit Card,Debit,Food
Ajio UPI/Ajio,3835.13,8.25221932489729,Large,Upi,Debit,Shopping
Netflix UPI/Netflix,655.69,6.487212065427567,Small,Credit Card,Debit,Subscription
Indian Oil POS Purchase Indian Oil,1313.67,7.181340962548159,Medium,Debit Card,Debit,Fuel
Kirana Shop UPI/Paytm/Kirana Shop,1127.12,7.02830780937846,Medium,Upi,Debit,Other
Bakery UPI/DR/273265999/Bakery,641.16,6.464837493823321,Small,Upi,Debit,Other
Blinkit UPI/Paytm/Blinkit,4358.67,8.3801516454052,Large,Upi,Debit,Groceries
Jio Fiber Auto Debit Jio Fiber,8267.24,9.020176947956564,Large,Auto Debit,Debit,Bills
Income Tax Payment Auto Debit Income Tax Payment,7596.47,8.935570576115827,Large,Auto Debit,Debit,Bills
Municipal Water Department Auto Debit Municipal Water Department,6597.06,8.794530945411926,Large,Auto Debit,Debit,Bills
Zomato UPI/Zomato,342.87,5.840263678971818,Small,Upi,Debit,Food
Municipal Water Department Net Banking Municipal Water Department,12905.02,9.465449148161406,Large,Net Banking,Debit,Bills
Home Depot India UPI/DR/378965689/Home Depot India,1170.69,7.066202430029855,Medium,Upi,Debit,Miscellaneous
EMI Personal Loan Auto Debit EMI Personal Loan,8642.19,9.06452700661873,Large,Auto Debit,Debit,Bills
Nature's Basket POS Purchase Nature's Basket,2850.43,7.95557590181202,Large,Debit Card,Debit,Groceries
BEST Auto Debit BEST,12692.45,9.448841391371424,Large,Auto Debit,Debit,Bills
Pet Shop UPI/Paytm/Pet Shop,100.46,4.6196646321385435,Small,Upi,Debit,Other
Amazon India Refund Amazon India,1995.46,7.599130891241214,Medium,Net Banking,Credit,Shopping
Flipkart Cashback Flipkart,497.26,6.21112202913736,Small,Upi,Credit,Shopping
HP Gas Net Banking HP Gas,10523.24,9.261436446917257,Large,Net Banking,Debit,Bills
Jio Auto Debit Jio,1498.14,7.312646889338565,Medium,Auto Debit,Debit,Bills
Disney+ Hotstar UPI/Paytm/Disney+ Hotstar,293.29,5.684565675729068,Small,Credit Card,Debit,Subscription
Indane Gas Auto Debit Indane Gas,5469.5,8.607125298916845,Large,Auto Debit,Debit,Bills
Misc Vendor UPI/DR/131081879/Misc Vendor,1394.8,7.241223006583051,Medium,Upi,Debit,Other
DMart POS Purchase DMart,4368.21,8.382337493715282,Large,Debit Card,Debit,Groceries
HP Gas Auto Debit HP Gas,14817.74,9.603647874992737,Large,Auto Debit,Debit,Bills
HDFC Ergo Net Banking Insurance Premium HDFC Ergo,48355.87,10.786363579722615,Large,Net Banking,Debit,Insurance
EMI Personal Loan Auto Debit EMI Personal Loan,13581.4,9.516530115983704,Large,Auto Debit,Debit,Bills
Tata Power Auto Debit Tata Power,3095.39,8.037992195768439,Large,Auto Debit,Debit,Bills
Bakery UPI/DR/488566940/Bakery,147.21,4.998630186968824,Small,Upi,Debit,Other
Netflix Auto Debit Netflix,623.54,6.437015378755432,Small,Auto Debit,Debit,Subscription
BPCL POS Purchase BPCL,1579.08,7.365230757650602,Medium,Debit Card,Debit,Fuel
Mutual Fund SIP UPI/Paytm/Mutual Fund SIP,20762.03,9.940929280386836,Large,Upi,Debit,Investment
ICICI Prudential MF SIP Investment ICICI Prudential MF,46386.55,10.744786383244856,Large,Auto Debit,Debit,Investment
Flipkart POS Purchase Flipkart,9653.96,9.175227051922908,Large,Debit Card,Debit,Shopping
HDFC Mutual Fund UPI/HDFC Mutual Fund,33562.04,10.421180740507262,Large,Upi,Debit,Investment
Jio Fiber Net Banking Jio Fiber,11900.19,9.384393674099954,Large,Net Banking,Debit,Bills
Faasos UPI/Faasos,1055.6,6.962811484730215,Medium,Upi,Debit,Food
Local Wine & Beer Shop UPI/DR/622881542/Local Wine & Beer Shop,1169.21,7.064938498865392,Medium,Upi,Debit,Food
KFC UPI/KFC,2946.86,7.988834762357941,Large,Upi,Debit,Food
Employer Salary Credit NEFT Salary Credit,222120.88,12.310981519213115,Large,Neft,Credit,Salary
Nature's Basket POS Purchase Nature's Basket,3235.69,8.082306481654097,Large,Debit Card,Debit,Groceries
ICICI Prudential MF UPI/ICICI Prudential MF,38529.53,10.55920619304078,Large,Upi,Debit,Investment
Reliance Fresh UPI/DR/580035742/Reliance Fresh,4405.09,8.390742953844542,Large,Upi,Debit,Groceries
Mutual Fund SIP UPI/Mutual Fund SIP,13353.71,9.499624410594702,Large,Upi,Debit,Investment
EatClub POS Purchase EatClub,1250.0,7.1316985104669115,Medium,Debit Card,Debit,Food
Blinkit UPI/Paytm/Blinkit,977.17,6.885683479060033,Medium,Upi,Debit,Groceries
HP Gas Auto Debit HP Gas,7331.45,8.900064981871656,Large,Auto Debit,Debit,Bills
Indian Oil FASTag Recharge,3867.32,8.26057558324431,Large,Upi,Debit,Fuel
Local Store UPI/DR/324422284/Local Store,1616.88,7.388871929231442,Medium,Upi,Debit,Other
Pet Shop UPI/DR/986171278/Pet Shop,1090.52,6.995326499230281,Medium,Upi,Debit,Other
BigBasket UPI/Paytm/BigBasket,4793.42,8.475208020668731,Large,Upi,Debit,Groceries
Nature's Basket UPI/DR/993027458/Nature's Basket,4966.93,8.510758533336913,Large,Upi,Debit,Groceries
Zepto UPI/Zepto,3205.33,8.07288225987486,Large,Upi,Debit,Groceries
Fruit Vendor UPI/Paytm/Fruit Vendor,346.29,5.850160165785241,Small,Upi,Debit,Other
Starbucks India UPI/DR/347538338/Starbucks India,2679.74,7.8938481547939405,Large,Upi,Debit,Food
Nykaa POS Purchase Nykaa,3720.1,8.221774602481613,Large,Credit Card,Debit,Shopping
EMI Home Loan NEFT EMI Home Loan,18129.88,9.805371840905202,Large,Neft,Debit,Bills
Adani Electricity UPI/Adani Electricity,15625.29,9.656710031196713,Large,Upi,Debit,Bills
Starbucks India UPI/Paytm/Starbucks India,1306.21,7.175650374015278,Medium,Upi,Debit,Food
Indian Oil POS Purchase Indian Oil,4182.5,8.338903495735654,Large,Debit Card,Debit,Fuel
The Beer Cafe UPI/The Beer Cafe,1405.31,7.2487245317092,Medium,Upi,Debit,Food
KFC UPI/KFC,1460.12,7.286958543901376,Medium,Upi,Debit,Food
Amazon India POS Purchase Amazon India,4575.22,8.428628608827053,Large,Debit Card,Debit,Shopping
Local Services UPI/Paytm/Local Services,609.34,6.4140161789396455,Small,Upi,Debit,Other
Unknown Merchant UPI/Unknown Merchant,1889.59,7.544644228651156,Medium,Upi,Debit,Other
Nature's Basket POS Purchase Nature's Basket,343.86,5.843138537571986,Small,Debit Card,Debit,Groceries
Misc Vendor UPI/Paytm/Misc Vendor,1634.85,7.399917825917614,Medium,Upi,Debit,Other
BPCL UPI/Paytm/BPCL,1926.67,7.564067298694908,Medium,Upi,Debit,Fuel
Indian Oil POS Purchase Indian Oil,2641.52,7.879488286306101,Medium,Debit Card,Debit,Fuel
Municipal Water Department Auto Debit Municipal Water Department,11156.98,9.319910215967948,Large,Auto Debit,Debit,Bills
Local Store UPI/Local Store,1244.61,7.127380648747035,Medium,Upi,Debit,Other
Jio Auto Debit Jio,12443.16,9.429006715536927,Large,Auto Debit,Debit,Bills
Blinkit POS Purchase Blinkit,3280.29,8.095991916741822,Large,Credit Card,Debit,Groceries
Indane Gas UPI/Indane Gas,843.19,6.738377587744006,Medium,Upi,Debit,Bills
Meesho POS Purchase Meesho,5346.54,8.584391921059487,Large,Credit Card,Debit,Shopping
Swiggy POS Purchase Swiggy,2720.86,7.909070749118679,Large,Credit Card,Debit,Food
Jio Fiber Net Banking Jio Fiber,13266.13,9.493044826617684,Large,Net Banking,Debit,Bills
Ajio POS Purchase Ajio,3953.65,8.282647380710568,Large,Net Banking,Debit,Shopping
Local Wine & Beer Shop POS Purchase Local Wine & Beer Shop,2445.53,7.802425973069691,Medium,Debit Card,Debit,Food
Bajaj Allianz Net Banking Insurance Premium Bajaj Allianz,36880.21,10.515457486242951,Large,Net Banking,Debit,Insurance
Reliance Fresh UPI/Reliance Fresh,468.93,6.152583747441799,Small,Upi,Debit,Groceries
Zomato UPI/Paytm/Zomato,494.55,6.205668256852717,Small,Upi,Debit,Food
Zepto POS Purchase Zepto,1211.16,7.100159171117604,Medium,Credit Card,Debit,Groceries
Tata Play Auto Debit Tata Play,620.56,6.432232446918533,Small,Auto Debit,Debit,Subscription
Indian Oil POS Purchase Indian Oil,4507.47,8.413713128820008,Large,Debit Card,Debit,Fuel
EMI Home Loan Net Banking EMI Home Loan,16777.16,9.727833319658302,Large,Net Banking,Debit,Bills
Cafe Coffee Day POS Purchase Cafe Coffee Day,501.16,6.2189187940092765,Small,Credit Card,Debit,Food
Meesho Cashback Meesho,4244.2,8.353544211887668,Large,Net Banking,Credit,Shopping
Tata Power Net Banking Tata Power,4586.01,8.430983674668918,Large,Net Banking,Debit,Bills
Zomato UPI/DR/557523905/Zomato,986.62,6.895298008379784,Medium,Upi,Debit,Food
Municipal Water Department UPI/Paytm/Municipal Water Department,821.92,6.71285899060603,Medium,Upi,Debit,Bills
Faasos POS Purchase Faasos,1125.4,7.026781985403778,Medium,Debit Card,Debit,Food
PharmEasy UPI/Paytm/PharmEasy,1377.28,7.228591623966077,Medium,Upi,Debit,Miscellaneous
BookMyShow POS Purchase BookMyShow,1052.02,6.959417505305931,Medium,Credit Card,Debit,Entertainment
Ajio UPI/Ajio,10338.25,9.243702611582584,Large,Upi,Debit,Shopping
EMI Home Loan Auto Debit EMI Home Loan,16646.81,9.720033955226027,Large,Auto Debit,Debit,Bills
Tata Power Net Banking Tata Power,4122.24,8.324394541053993,Large,Net Banking,Debit,Bills
Tata Power Auto Debit Tata Power,5801.17,8.665987264493403,Large,Auto Debit,Debit,Bills
Pet Shop UPI/DR/552062605/Pet Shop,519.38,6.254559313924419,Small,Upi,Debit,Other
KFC UPI/DR/412527533/KFC,1783.18,7.486714204911196,Medium,Upi,Debit,Food
BEST Auto Debit BEST,3473.05,8.15307633932845,Large,Auto Debit,Debit,Bills
EMI Personal Loan Net Banking EMI Personal Loan,23396.43,10.060381466254311,Large,Net Banking,Debit,Bills
BPCL FASTag Recharge,4009.1,8.296571457645538,Large,Upi,Debit,Fuel
Domino's India UPI/Paytm/Domino's India,2113.38,7.656516904297178,Medium,Upi,Debit,Food
HP Gas Net Banking HP Gas,8779.03,9.080235103479817,Large,Net Banking,Debit,Bills
Municipal Water Department Auto Debit Municipal Water Department,15112.66,9.623354249628282,Large,Auto Debit,Debit,Bills
Adani Electricity Auto Debit Adani Electricity,6106.02,8.71719420814818,Large,Auto Debit,Debit,Bills
Street Food Vendor UPI/DR/728381921/Street Food Vendor,271.89,5.609068783583762,Small,Upi,Debit,Other
Amazon Prime UPI/Paytm/Amazon Prime,863.68,6.762359496289852,Medium,Upi,Debit,Entertainment
EMI Home Loan NEFT EMI Home Loan,16697.87,9.72309633144483,Large,Neft,Debit,Bills
Spotify UPI/Paytm/Spotify,695.68,6.5463261948635845,Medium,Credit Card,Debit,Subscription
Jio Fiber Net Banking Jio Fiber,13761.12,9.529675169387248,Large,Net Banking,Debit,Bills
Fruit Vendor UPI/Fruit Vendor,1617.49,7.3892488947868165,Medium,Upi,Debit,Other
EMI Home Loan UPI/Paytm/EMI Home Loan,14957.84,9.613057708415127,Large,Upi,Debit,Bills
Dish TV UPI/Paytm/Dish TV,695.69,6.546340548552841,Medium,Upi,Debit,Subscription
Indane Gas NEFT Indane Gas,10001.17,9.210557348435088,Large,Neft,Debit,Bills
BPCL POS Purchase BPCL,819.03,6.709340924954924,Medium,Credit Card,Debit,Fuel
BEST Auto Debit BEST,9460.08,9.15494182043447,Large,Auto Debit,Debit,Bills
BSNL Auto Debit BSNL,759.45,6.633910363318378,Medium,Auto Debit,Debit,Bills
Faasos POS Purchase Faasos,810.07,6.698354363584232,Medium,Credit Card,Debit,Food
Jio Fiber Net Banking Jio Fiber,8128.38,9.003239938871248,Large,Net Banking,Debit,Bills
DMart UPI/Paytm/DMart,3012.84,8.01097029217682,Large,Upi,Debit,Groceries
DMart UPI/Paytm/DMart,2088.43,7.644646580489283,Medium,Upi,Debit,Groceries
SBI Mutual Fund SIP Investment SBI Mutual Fund,2485.4,7.8185911601733284,Medium,Auto Debit,Debit,Investment
BigBasket POS Purchase BigBasket,1679.4,7.426787139295227,Medium,Credit Card,Debit,Groceries
DMart UPI/DR/581223755/DMart,740.27,6.608364931398195,Medium,Upi,Debit,Groceries
Bharat Gas NEFT Bharat Gas,11960.91,9.38948271375075,Large,Neft,Debit,Bills
Amazon India UPI/Paytm/Amazon India,12420.5,9.427184121141865,Large,Upi,Debit,Shopping
Mutual Fund SIP SIP Investment Mutual Fund SIP,7553.53,8.929902662315039,Large,Auto Debit,Debit,Investment
Jio UPI/Paytm/Jio,9259.35,9.13349712390218,Large,Upi,Debit,Bills
HPCL UPI/DR/227051781/HPCL,3226.64,8.079506499006989,Large,Upi,Debit,Fuel
Third Wave Coffee UPI/DR/110197828/Third Wave Coffee,526.53,6.268205735770983,Small,Upi,Debit,Food
Third Wave Coffee UPI/DR/420632895/Third Wave Coffee,2808.16,7.940640785254258,Large,Upi,Debit,Food
Employer Salary Credit NEFT Salary Credit,202071.67,12.216382664163184,Large,Imps,Credit,Salary
Amazon Prime UPI/DR/425545658/Amazon Prime,432.85,6.0726988522394985,Small,Upi,Debit,Entertainment
HP Gas Net Banking HP Gas,7370.08,8.905319514474579,Large,Net Banking,Debit,Bills
Third Wave Coffee POS Purchase Third Wave Coffee,228.86,5.437470427940613,Small,Debit Card,Debit,Food
Local Wine & Beer Shop UPI/DR/738021964/Local Wine & Beer Shop,783.87,6.6655180989728295,Medium,Upi,Debit,Food
Street Food Vendor UPI/DR/162959284/Street Food Vendor,59.25,4.098502572370764,Small,Upi,Debit,Other
Swiggy UPI/Swiggy,767.41,6.644323444864899,Medium,Upi,Debit,Food
BSNL Net Banking BSNL,7761.25,8.957027519603944,Large,Net Banking,Debit,Bills
Myntra UPI/DR/476365632/Myntra,14295.35,9.567759538912266,Large,Upi,Debit,Shopping
Bakery UPI/Paytm/Bakery,1075.22,6.9812101807889775,Medium,Upi,Debit,Other
Indane Gas Auto Debit Indane Gas,5799.83,8.665756289744465,Large,Auto Debit,Debit,Bills
KFC POS Purchase KFC,1208.68,7.098111140804414,Medium,Credit Card,Debit,Food
BEST Auto Debit BEST,7601.07,8.93617585760993,Large,Auto Debit,Debit,Bills
Bakery UPI/Paytm/Bakery,87.38,4.481645699702594,Small,Upi,Debit,Other
Bakery UPI/DR/942764719/Bakery,1052.93,6.960281313233584,Medium,Upi,Debit,Other
BPCL FASTag Recharge,3402.93,8.13268592543952,Large,Upi,Debit,Fuel
Home Depot India POS Purchase Home Depot India,7257.3,8.889900920619546,Large,Debit Card,Debit,Miscellaneous
HP Gas Net Banking HP Gas,5159.51,8.548790690800836,Large,Net Banking,Debit,Bills
Nykaa POS Purchase Nykaa,2282.35,7.733398941831594,Medium,Debit Card,Debit,Shopping
Nature's Basket UPI/DR/782454310/Nature's Basket,3551.91,8.175522264993754,Large,Upi,Debit,Groceries
Flipkart POS Purchase Flipkart,3137.26,8.051423785182527,Large,Credit Card,Debit,Shopping
Mobile Repair UPI/Paytm/Mobile Repair,1173.71,7.068776587605388,Medium,Upi,Debit,Other
Street Food Vendor UPI/Paytm/Street Food Vendor,282.94,5.648762948235428,Small,Upi,Debit,Other
Amazon Prime Auto Debit Amazon Prime,448.67,6.108513980410614,Small,Auto Debit,Debit,Subscription
Municipal Water Department Net Banking Municipal Water Department,10254.73,9.235591852760873,Large,Net Banking,Debit,Bills
Flower Shop UPI/Flower Shop,716.32,6.575522045080223,Medium,Upi,Debit,Other
Zepto UPI/Zepto,1562.11,7.354432705424305,Medium,Upi,Debit,Groceries
Domino's India UPI/Domino's India,2368.46,7.770417360066589,Medium,Upi,Debit,Food
Nykaa POS Purchase Nykaa,5942.28,8.69001644850888,Large,Debit Card,Debit,Shopping
Street Vendor UPI/Paytm/Street Vendor,2159.35,7.678025524588665,Medium,Upi,Debit,Other
Reliance Fresh UPI/Reliance Fresh,3738.47,8.226699169136646,Large,Upi,Debit,Groceries
HP Gas Auto Debit HP Gas,9463.67,9.15532119774243,Large,Auto Debit,Debit,Bills
Amazon Prime UPI/Amazon Prime,221.98,5.407082081339426,Small,Upi,Debit,Entertainment
Jio Net Banking Jio,209.98,5.351763342253663,Small,Net Banking,Debit,Bills
Kirana Shop UPI/Kirana Shop,932.1,6.838512376239977,Medium,Upi,Debit,Other
DMart UPI/DMart,1390.15,7.237886022198694,Medium,Upi,Debit,Groceries
Meesho POS Purchase Meesho,1540.75,7.3406734138716025,Medium,Debit Card,Debit,Shopping
Vegetable Market UPI/Vegetable Market,256.59,5.551369173600911,Small,Upi,Debit,Other
Adani Electricity Auto Debit Adani Electricity,14059.86,9.551150329923654,Large,Auto Debit,Debit,Bills
Flipkart POS Purchase Flipkart,13346.68,9.499097865954884,Large,Debit Card,Debit,Shopping
Burger King POS Purchase Burger King,229.41,5.43986033065764,Small,Credit Card,Debit,Food
Airtel Net Banking Airtel,13048.7,9.476520423980853,Large,Net Banking,Debit,Bills
Disney+ Hotstar UPI/Paytm/Disney+ Hotstar,1761.6,7.47454527066556,Medium,Upi,Debit,Entertainment
Faasos UPI/DR/642716859/Faasos,460.2,6.133831788394904,Small,Upi,Debit,Food
Flower Shop UPI/DR/993733419/Flower Shop,1850.04,7.523502922280579,Medium,Upi,Debit,Other
Local Services UPI/DR/282232921/Local Services,730.57,6.5951929096617254,Medium,Upi,Debit,Other
Starbucks India UPI/Starbucks India,989.53,6.8982401534134095,Medium,Upi,Debit,Food
Cafe Coffee Day POS Purchase Cafe Coffee Day,723.7,6.585757776115236,Medium,Credit Card,Debit,Food
Home Depot India UPI/Paytm/Home Depot India,411.29,6.02172698523487,Small,Upi,Debit,Miscellaneous
BookMyShow POS Purchase BookMyShow,1271.03,7.148369328527608,Medium,Debit Card,Debit,Entertainment
Airtel Auto Debit Airtel,2913.23,7.977360912947191,Large,Auto Debit,Debit,Bills
DMart UPI/Paytm/DMart,3084.35,8.034420382092282,Large,Upi,Debit,Groceries
BSNL Net Banking BSNL,8875.33,9.091143462270784,Large,Net Banking,Debit,Bills
Home Depot India POS Purchase Home Depot India,537.54,6.288861774246333,Small,Debit Card,Debit,Miscellaneous
Adani Electricity Auto Debit Adani Electricity,8840.22,9.08718015515909,Large,Auto Debit,Debit,Bills
Flipkart POS Purchase Flipkart,6649.89,8.802505959281318,Large,Debit Card,Debit,Shopping
Jio Fiber NEFT Jio Fiber,7924.85,8.977884848514524,Large,Neft,Debit,Bills
ICICI Lombard Net Banking Insurance Premium ICICI Lombard,47324.79,10.764810669017963,Large,Net Banking,Debit,Insurance
Jio Net Banking Jio,8239.85,9.016858772923177,Large,Net Banking,Debit,Bills
Indane Gas Net Banking Indane Gas,5232.84,8.562900513268616,Large,Net Banking,Debit,Bills
Airtel Net Banking Airtel,2738.23,7.915432137990253,Large,Net Banking,Debit,Bills
Tata Power NEFT Tata Power,6698.01,8.809715033267267,Large,Neft,Debit,Bills
HDFC Ergo Net Banking Insurance Premium HDFC Ergo,42127.05,10.648469068594482,Large,Net Banking,Debit,Insurance
The Beer Cafe POS Purchase The Beer Cafe,2053.45,7.627763451205708,Medium,Credit Card,Debit,Food
Tata Power Net Banking Tata Power,473.69,6.162661959399002,Small,Net Banking,Debit,Bills
Income Tax Payment Net Banking Income Tax Payment,28453.93,10.256076711009598,Large,Net Banking,Debit,Bills
Jio Fiber Net Banking Jio Fiber,672.35,6.512265253896051,Medium,Net Banking,Debit,Bills
Blinkit POS Purchase Blinkit,1459.3,7.286397173046426,Medium,Credit Card,Debit,Groceries
Local Services UPI/Paytm/Local Services,693.1,6.542616042345538,Medium,Upi,Debit,Other
Reliance Fresh UPI/Reliance Fresh,3494.22,8.159151599754066,Large,Upi,Debit,Groceries
ICICI Lombard Net Banking Insurance Premium ICICI Lombard,14390.4,9.574386084933641,Large,Net Banking,Debit,Insurance
Adani Electricity Auto Debit Adani Electricity,11156.76,9.319890498943101,Large,Auto Debit,Debit,Bills
Local Wine & Beer Shop POS Purchase Local Wine & Beer Shop,2689.73,7.897567811244908,Large,Debit Card,Debit,Food
Mutual Fund SIP SIP Investment Mutual Fund SIP,15056.34,9.619620858927501,Large,Auto Debit,Debit,Investment
SBI Mutual Fund SIP Investment SBI Mutual Fund,19026.4,9.85363532457656,Large,Auto Debit,Debit,Investment
Bajaj Allianz Net Banking Insurance Premium Bajaj Allianz,41214.75,10.62657574384004,Large,Net Banking,Debit,Insurance
Faasos UPI/DR/450236225/Faasos,222.01,5.407216613504026,Small,Upi,Debit,Food
BEST Net Banking BEST,6005.62,8.700617473318646,Large,Net Banking,Debit,Bills
Employer Salary Credit NEFT Salary Credit,203265.19,12.222271679834275,Large,Imps,Credit,Salary
Tailor UPI/Tailor,1601.14,7.379095514571502,Medium,Upi,Debit,Other
Flower Shop UPI/Paytm/Flower Shop,182.11,5.210087065153623,Small,Upi,Debit,Other
Employer Salary Credit NEFT Salary Credit,43618.74,10.68326507916931,Large,Neft,Credit,Salary
The Beer Cafe POS Purchase The Beer Cafe,1820.14,7.507217957607135,Medium,Debit Card,Debit,Food
House Rent Payment Net Banking House Rent Payment,15994.19,9.680043331025164,Large,Net Banking,Debit,Rent
HDFC Ergo Net Banking Insurance Premium HDFC Ergo,12854.02,9.461489675513638,Large,Net Banking,Debit,Insurance
Income Tax Payment Auto Debit Income Tax Payment,11140.2,9.318405227608087,Large,Auto Debit,Debit,Bills
Netflix POS Purchase Netflix,1512.33,7.322067799721686,Medium,Debit Card,Debit,Entertainment
Local Services UPI/Local Services,1266.75,7.1449989546751285,Medium,Upi,Debit,Other
Home Depot India POS Purchase Home Depot India,2734.38,7.9140256448757915,Large,Credit Card,Debit,Miscellaneous
Airtel Auto Debit Airtel,10804.95,9.287852187334265,Large,Auto Debit,Debit,Bills
Starbucks India POS Purchase Starbucks India,308.61,5.735313440935549,Small,Debit Card,Debit,Food
Tailor UPI/DR/543476209/Tailor,1390.2,7.2379219630400735,Medium,Upi,Debit,Other
Starbucks India UPI/DR/640992677/Starbucks India,2791.0,7.934513463882263,Large,Upi,Debit,Food
Tata Play UPI/DR/205879779/Tata Play,802.41,6.688865168947543,Medium,Credit Card,Debit,Subscription
Indian Oil POS Purchase Indian Oil,1248.71,7.130666803380183,Medium,Credit Card,Debit,Fuel
Municipal Water Department UPI/Paytm/Municipal Water Department,2779.19,7.930274549672989,Large,Upi,Debit,Bills
Third Wave Coffee POS Purchase Third Wave Coffee,386.1,5.9586830575836025,Small,Debit Card,Debit,Food
KFC UPI/KFC,2390.94,7.779860031143883,Medium,Upi,Debit,Food
Zepto POS Purchase Zepto,3880.94,8.26409030765897,Large,Credit Card,Debit,Groceries
Nature's Basket UPI/Paytm/Nature's Basket,592.68,6.386340453661878,Small,Upi,Debit,Groceries
Amazon India POS Purchase Amazon India,3832.49,8.25153089441331,Large,Credit Card,Debit,Shopping
Pet Shop UPI/Paytm/Pet Shop,182.08,5.209923215785442,Small,Upi,Debit,Other
BigBasket UPI/BigBasket,664.95,6.50121459264704,Medium,Upi,Debit,Groceries
DMart UPI/DR/943244821/DMart,4257.56,8.356686353950003,Large,Upi,Debit,Groceries
Zomato POS Purchase Zomato,2415.4,7.790034108264586,Medium,Credit Card,Debit,Food
HP Gas NEFT HP Gas,589.38,6.380766397373727,Small,Neft,Debit,Bills
ICICI Lombard Insurance Premium ICICI Lombard,43113.79,10.671621372679908,Large,Auto Debit,Debit,Insurance
Chaayos UPI/Paytm/Chaayos,1346.65,7.206117613842021,Medium,Upi,Debit,Food
Uber POS Purchase Uber,160.69,5.085680921751723,Small,Debit Card,Debit,Miscellaneous
The Beer Cafe UPI/Paytm/The Beer Cafe,2514.56,7.830250721763791,Medium,Upi,Debit,Food
BSNL Net Banking BSNL,12007.56,9.393375007802176,Large,Net Banking,Debit,Bills
KFC POS Purchase KFC,178.98,5.192845733605802,Small,Debit Card,Debit,Food
McDonald's India POS Purchase McDonald's India,559.92,6.32957829285845,Small,Debit Card,Debit,Food
Jio Fiber Auto Debit Jio Fiber,3387.94,8.128272467112765,Large,Auto Debit,Debit,Bills
Zomato POS Purchase Zomato,2236.68,7.713194893840704,Medium,Debit Card,Debit,Food
HDFC Ergo Insurance Premium HDFC Ergo,2237.12,7.713391506737356,Medium,Auto Debit,Debit,Insurance
Amazon India POS Purchase Amazon India,9302.86,9.138184646793801,Large,Credit Card,Debit,Shopping
Netflix Auto Debit Netflix,449.72,6.110846304128063,Small,Auto Debit,Debit,Subscription
Misc Vendor UPI/DR/996437267/Misc Vendor,2036.2,7.61933159501045,Medium,Upi,Debit,Other
Amazon Prime UPI/Paytm/Amazon Prime,658.75,6.4918609753834335,Small,Upi,Debit,Subscription
Spotify UPI/Spotify,795.85,6.6806664553056425,Medium,Credit Card,Debit,Subscription
Bharat Gas UPI/DR/855309458/Bharat Gas,14136.3,9.556571973551542,Large,Upi,Debit,Bills
Adani Electricity UPI/DR/750872368/Adani Electricity,5709.74,8.650103891450962,Large,Upi,Debit,Bills
Adani Electricity Net Banking Adani Electricity,10694.3,9.277559671613982,Large,Net Banking,Debit,Bills
Ola UPI/DR/253861882/Ola,1013.9,6.9225453644547725,Medium,Upi,Debit,Miscellaneous
Local Hardware Store POS Purchase Local Hardware Store,4125.58,8.325204255734432,Large,Credit Card,Debit,Miscellaneous
Chaayos POS Purchase Chaayos,1499.38,7.3134736883401645,Medium,Debit Card,Debit,Food
Stationery Shop UPI/Paytm/Stationery Shop,416.98,6.0354335844901055,Small,Upi,Debit,Other
Flipkart POS Purchase Flipkart,5205.42,8.557647758443277,Large,Credit Card,Debit,Shopping
Zepto POS Purchase Zepto,4034.22,8.30281610214214,Large,Debit Card,Debit,Groceries
PharmEasy POS Purchase PharmEasy,2391.09,7.779922739780765,Medium,Debit Card,Debit,Miscellaneous
EMI Personal Loan Auto Debit EMI Personal Loan,21095.82,9.956877597205654,Large,Auto Debit,Debit,Bills
KFC POS Purchase KFC,1986.9,7.594834084140476,Medium,Credit Card,Debit,Food
Local Barbershop POS Purchase Local Barbershop,6944.06,8.845785894459981,Large,Debit Card,Debit,Miscellaneous
DMart POS Purchase DMart,3547.15,8.174181619875155,Large,Debit Card,Debit,Groceries
HPCL FASTag Recharge,4648.67,8.444551528321137,Large,Net Banking,Debit,Fuel
Domino's India POS Purchase Domino's India,520.82,6.257322700829729,Small,Credit Card,Debit,Food
Tata Power UPI/DR/740992546/Tata Power,13725.55,9.52708719260606,Large,Upi,Debit,Bills
BPCL UPI/Paytm/BPCL,3393.35,8.129867563635859,Large,Upi,Debit,Fuel
LIC Insurance Premium LIC,5195.11,8.555665547697275,Large,Auto Debit,Debit,Insurance
Burger King UPI/Burger King,2542.68,7.841367130384747,Medium,Upi,Debit,Food
Bharat Gas Net Banking Bharat Gas,15583.76,9.654048792660344,Large,Net Banking,Debit,Bills
Jio Net Banking Jio,11004.98,9.30619404042743,Large,Net Banking,Debit,Bills
Airtel Digital TV Auto Debit Airtel Digital TV,335.19,5.817676476332267,Small,Auto Debit,Debit,Subscription
BigBasket UPI/Paytm/BigBasket,712.97,6.570840944650131,Medium,Upi,Debit,Groceries
Tata Power Auto Debit Tata Power,15201.0,9.629182277125986,Large,Auto Debit,Debit,Bills
Unknown Merchant UPI/DR/225458204/Unknown Merchant,2117.89,7.658647645641957,Medium,Upi,Debit,Other
Municipal Water Department Net Banking Municipal Water Department,14074.55,9.552194528620984,Large,Net Banking,Debit,Bills
Swiggy POS Purchase Swiggy,1595.59,7.375625383882551,Medium,Debit Card,Debit,Food
BSNL Auto Debit BSNL,12193.0,9.408699306467762,Large,Auto Debit,Debit,Bills
BSNL Auto Debit BSNL,15355.26,9.639278487469928,Large,Auto Debit,Debit,Bills
Misc Vendor UPI/DR/476990466/Misc Vendor,1466.75,7.291485894944295,Medium,Upi,Debit,Other
Zepto UPI/Zepto,3078.99,8.032681629209103,Large,Upi,Debit,Groceries
Amazon India POS Purchase Amazon India,2357.39,7.765734461823206,Medium,Credit Card,Debit,Shopping
Ajio UPI/Paytm/Ajio,2166.53,7.681343549389363,Medium,Upi,Debit,Shopping
BEST Net Banking BEST,10980.18,9.303938177413098,Large,Net Banking,Debit,Bills
HP Gas Net Banking HP Gas,8818.81,9.084755606818693,Large,Net Banking,Debit,Bills
Credit Card Bill Payment NEFT Credit Card Bill Payment,9030.83,9.108510283686021,Large,Neft,Debit,Bills
Zepto UPI/DR/755503884/Zepto,1649.55,7.408863844684746,Medium,Upi,Debit,Groceries
EMI Home Loan Auto Debit EMI Home Loan,23931.79,10.083004764160652,Large,Auto Debit,Debit,Bills
Airtel Net Banking Airtel,342.56,5.839361768898024,Small,Net Banking,Debit,Bills
Jio Fiber Net Banking Jio Fiber,8019.34,8.989736093976921,Large,Net Banking,Debit,Bills
Bharat Gas Net Banking Bharat Gas,600.61,6.399609394837906,Small,Net Banking,Debit,Bills
Indian Oil POS Purchase Indian Oil,4668.07,8.448715187362298,Large,Debit Card,Debit,Fuel
HDFC Mutual Fund SIP Investment HDFC Mutual Fund,12454.08,9.429883850798896,Large,Auto Debit,Debit,Investment
Mutual Fund SIP UPI/Paytm/Mutual Fund SIP,9910.33,9.2014338261898,Large,Upi,Debit,Investment
Social UPI/DR/967910655/Social,2498.21,7.823729960917771,Medium,Upi,Debit,Food
Nature's Basket UPI/Nature's Basket,4388.86,8.387052614900107,Large,Upi,Debit,Groceries
Myntra POS Purchase Myntra,14370.91,9.573030886037348,Large,Credit Card,Debit,Shopping
Rapido UPI/DR/735540030/Rapido,1978.79,7.590746057457697,Medium,Upi,Debit,Miscellaneous
Employer Salary Credit NEFT Salary Credit,157900.42,11.969726193236863,Large,Neft,Credit,Salary
Employer Salary Credit NEFT Salary Credit,162222.58,11.996730786176286,Large,Neft,Credit,Salary
BookMyShow POS Purchase BookMyShow,424.42,6.053076916235504,Small,Credit Card,Debit,Entertainment
HDFC Mutual Fund SIP Investment HDFC Mutual Fund,44075.58,10.693683854609935,Large,Auto Debit,Debit,Investment
Laundry UPI/Paytm/Laundry,562.41,6.334007604663525,Small,Upi,Debit,Other
Burger King POS Purchase Burger King,273.38,5.614514006898019,Small,Credit Card,Debit,Food
House Rent Payment NEFT House Rent Payment,40743.21,10.615069022684281,Large,Neft,Debit,Rent
Blinkit UPI/Blinkit,789.86,6.67312096095243,Medium,Upi,Debit,Groceries
Indian Oil UPI/Indian Oil,1263.43,7.142376706728766,Medium,Upi,Debit,Fuel
Zepto UPI/Zepto,4351.6,8.378528646679968,Large,Upi,Debit,Groceries
BookMyShow UPI/DR/311606895/BookMyShow,1562.43,7.354637404549291,Medium,Upi,Debit,Entertainment
Myntra Cashback Myntra,2328.98,7.753614962831919,Medium,Net Banking,Credit,Shopping
House Rent Payment Net Banking House Rent Payment,25630.58,10.151580463966047,Large,Net Banking,Debit,Rent
Tata Power Auto Debit Tata Power,11286.59,9.33145917111538,Large,Auto Debit,Debit,Bills
Blinkit UPI/DR/823814870/Blinkit,1058.43,6.965486306625283,Medium,Upi,Debit,Groceries
ATM ATM Cash Withdrawal,3977.47,8.288652602258809,Large,Cash Withdrawal,Debit,Other
Jio Fiber Auto Debit Jio Fiber,4912.47,8.49973569215649,Large,Auto Debit,Debit,Bills
Swiggy UPI/DR/806272779/Swiggy,575.91,6.357686275139305,Small,Upi,Debit,Food
Tailor UPI/Tailor,1655.37,7.412383739940141,Medium,Upi,Debit,Other
Bakery UPI/Bakery,2194.38,7.694110431254537,Medium,Upi,Debit,Other
Dish TV UPI/Dish TV,767.67,6.6446617486649355,Medium,Credit Card,Debit,Subscription
Unknown Merchant UPI/Unknown Merchant,1918.47,7.559804385248647,Medium,Upi,Debit,Other
BPCL POS Purchase BPCL,3726.33,8.22344743862368,Large,Credit Card,Debit,Fuel
Bajaj Allianz Net Banking Insurance Premium Bajaj Allianz,9135.81,9.120066588210888,Large,Net Banking,Debit,Insurance
Flower Shop UPI/Flower Shop,1272.91,7.149846189994657,Medium,Upi,Debit,Other
Interest Credit Interest Credit Savings Account,1145.83,7.044756893415921,Medium,Neft,Credit,Salary
Barbeque Nation POS Purchase Barbeque Nation,1114.26,7.016842840567592,Medium,Debit Card,Debit,Food
Lakme Salon POS Purchase Lakme Salon,1064.81,6.971490352442046,Medium,Credit Card,Debit,Miscellaneous
Naturals Salon POS Purchase Naturals Salon,2422.22,7.792852513227993,Medium,Credit Card,Debit,Miscellaneous
Misc Vendor UPI/DR/134126396/Misc Vendor,1504.67,7.3169932608428,Medium,Upi,Debit,Other
Blinkit UPI/Blinkit,3983.17,8.290084288476852,Large,Upi,Debit,Groceries
LIC Insurance Premium LIC,23107.54,10.047957525158495,Large,Auto Debit,Debit,Insurance
Flower Shop UPI/DR/725464884/Flower Shop,482.69,6.181444205643758,Small,Upi,Debit,Other
BSNL Net Banking BSNL,4392.13,8.387797236071505,Large,Net Banking,Debit,Bills
Blinkit UPI/DR/689269569/Blinkit,497.17,6.210941384234568,Small,Upi,Debit,Groceries
BookMyShow UPI/BookMyShow,1602.39,7.37987541684249,Medium,Upi,Debit,Entertainment
Bakery UPI/Paytm/Bakery,2217.77,7.704708267267606,Medium,Upi,Debit,Other
Burger King UPI/Paytm/Burger King,614.71,6.422776073461411,Small,Upi,Debit,Food
Social UPI/Social,652.05,6.48165369602353,Small,Upi,Debit,Food
Zepto UPI/Zepto,4141.3,8.32900646811106,Large,Upi,Debit,Groceries
Nature's Basket UPI/Paytm/Nature's Basket,3361.68,8.120493554075843,Large,Upi,Debit,Groceries
BPCL FASTag Recharge,4130.22,8.32632804184897,Large,Net Banking,Debit,Fuel
Blinkit UPI/Blinkit,3544.86,8.173536004749282,Large,Upi,Debit,Groceries
Domino's India POS Purchase Domino's India,147.15,4.998225274019575,Small,Debit Card,Debit,Food
McDonald's India UPI/McDonald's India,2278.39,7.731663142292594,Medium,Upi,Debit,Food
Vegetable Market UPI/Vegetable Market,1241.57,7.124937094412026,Medium,Upi,Debit,Other
PharmEasy UPI/Paytm/PharmEasy,1797.53,7.494724943563699,Medium,Upi,Debit,Miscellaneous
ICICI Lombard Insurance Premium ICICI Lombard,23781.9,10.07672211402884,Large,Auto Debit,Debit,Insurance
Laundry UPI/Paytm/Laundry,2158.26,7.677520849387369,Medium,Upi,Debit,Other
EMI Home Loan Auto Debit EMI Home Loan,14446.77,9.578295356371694,Large,Auto Debit,Debit,Bills
Starbucks India UPI/Paytm/Starbucks India,1623.1,7.392709095180557,Medium,Upi,Debit,Food
Amazon India POS Purchase Amazon India,6022.92,8.703493489179063,Large,Net Banking,Debit,Shopping
Reliance Fresh POS Purchase Reliance Fresh,3258.17,8.089227840717365,Large,Credit Card,Debit,Groceries
EatClub UPI/DR/310521278/EatClub,554.04,6.319040183221439,Small,Upi,Debit,Food
Social UPI/Social,717.2,6.576748081791982,Medium,Upi,Debit,Food
Airtel Digital TV UPI/DR/266211829/Airtel Digital TV,585.93,6.374905562291304,Small,Upi,Debit,Subscription
Rapido UPI/DR/627317852/Rapido,2866.17,7.961080759556229,Large,Upi,Debit,Miscellaneous
KFC POS Purchase KFC,1286.02,7.160084747490922,Medium,Credit Card,Debit,Food
Chaayos UPI/Chaayos,1431.43,7.2671275817753855,Medium,Upi,Debit,Food
ICICI Lombard Insurance Premium ICICI Lombard,34057.66,10.435839611105697,Large,Auto Debit,Debit,Insurance
BSNL NEFT BSNL,6348.7,8.756162846676212,Large,Neft,Debit,Bills
Tata Power Auto Debit Tata Power,8154.99,9.006507905602373,Large,Auto Debit,Debit,Bills
Burger King POS Purchase Burger King,149.4,5.0132984115157395,Small,Debit Card,Debit,Food
BSNL UPI/BSNL,2228.75,7.709644750546317,Medium,Upi,Debit,Bills
Adani Electricity Net Banking Adani Electricity,13208.53,9.488693817776682,Large,Net Banking,Debit,Bills
Jio Fiber Net Banking Jio Fiber,1569.78,7.359327590257124,Medium,Net Banking,Debit,Bills
HP Gas Net Banking HP Gas,12565.06,9.438754807740606,Large,Net Banking,Debit,Bills
EMI Personal Loan Auto Debit EMI Personal Loan,9827.96,9.193088408968359,Large,Auto Debit,Debit,Bills
Airtel Auto Debit Airtel,1174.95,7.0698316105478956,Medium,Auto Debit,Debit,Bills
Adani Electricity Auto Debit Adani Electricity,9897.24,9.20011224254056,Large,Auto Debit,Debit,Bills
Jio Auto Debit Jio,485.2,6.186620061882023,Small,Auto Debit,Debit,Bills
Jio Net Banking Jio,4021.24,8.299594240357377,Large,Net Banking,Debit,Bills
Airtel Net Banking Airtel,8056.26,8.99432882733224,Large,Net Banking,Debit,Bills
Flipkart POS Purchase Flipkart,13526.6,9.512487321838487,Large,Credit Card,Debit,Shopping
Local Services UPI/Local Services,105.98,4.672641901103104,Small,Upi,Debit,Other
Jio Net Banking Jio,11534.85,9.353214856666268,Large,Net Banking,Debit,Bills
Airtel UPI/DR/664226794/Airtel,2850.97,7.955765262544781,Large,Upi,Debit,Bills
BEST Auto Debit BEST,4987.32,8.514854458711676,Large,Auto Debit,Debit,Bills
Bakery UPI/Paytm/Bakery,1666.24,7.418924843593693,Medium,Upi,Debit,Other
Netflix UPI/DR/220786160/Netflix,282.86,5.648481158871112,Small,Upi,Debit,Entertainment
Unknown Merchant UPI/Paytm/Unknown Merchant,728.68,6.592606081871903,Medium,Upi,Debit,Other
Jio Net Banking Jio,9491.32,9.158238329587482,Large,Net Banking,Debit,Bills
Amazon India POS Purchase Amazon India,4101.56,8.319366448085818,Large,Net Banking,Debit,Shopping
Zepto UPI/DR/698382096/Zepto,1483.46,7.302806348741429,Medium,Upi,Debit,Groceries
Tata Power NEFT Tata Power,9888.71,9.199250101638816,Large,Neft,Debit,Bills
Airtel Net Banking Airtel,12276.7,9.415539887742032,Large,Net Banking,Debit,Bills
Burger King POS Purchase Burger King,336.9,5.822749993720244,Small,Credit Card,Debit,Food
Airtel Auto Debit Airtel,9658.02,9.175647472784876,Large,Auto Debit,Debit,Bills
KFC POS Purchase KFC,1187.11,7.080119088228753,Medium,Credit Card,Debit,Food
Barbeque Nation UPI/Barbeque Nation,1508.52,7.319546998479458,Medium,Upi,Debit,Food
Blinkit UPI/DR/963696719/Blinkit,857.93,6.755687428558983,Medium,Upi,Debit,Groceries
House Rent Payment Net Banking House Rent Payment,23795.53,10.07729505071063,Large,Net Banking,Debit,Rent
ATM ATM Cash Withdrawal,4288.99,8.364039680917015,Large,Cash Withdrawal,Debit,Other
Income Tax Payment Net Banking Income Tax Payment,37355.14,10.528252567947181,Large,Net Banking,Debit,Bills
House Rent Payment Net Banking House Rent Payment,16956.31,9.73845428827567,Large,Net Banking,Debit,Rent
Flower Shop UPI/DR/559891563/Flower Shop,1100.25,7.00420117725039,Medium,Upi,Debit,Other
ICICI Prudential MF SIP Investment ICICI Prudential MF,20924.58,9.94872761301416,Large,Auto Debit,Debit,Investment
Social POS Purchase Social,861.33,6.759638028029196,Medium,Debit Card,Debit,Food
Amazon India POS Purchase Amazon India,8911.25,9.095182013838246,Large,Debit Card,Debit,Shopping
House Rent Payment Net Banking House Rent Payment,23471.04,10.063565204539456,Large,Net Banking,Debit,Rent
EMI Personal Loan Net Banking EMI Personal Loan,12216.36,9.41061317010587,Large,Net Banking,Debit,Bills
Employer Salary Credit NEFT Salary Credit,46667.27,10.750819769475996,Large,Neft,Credit,Salary
Dish TV UPI/Paytm/Dish TV,697.45,6.54886359417356,Medium,Credit Card,Debit,Subscription
House Rent Payment Net Banking House Rent Payment,19197.62,9.862593680432742,Large,Net Banking,Debit,Rent
House Rent Payment UPI House Rent Payment,44820.94,10.710453030666285,Large,Upi,Debit,Rent
HDFC Mutual Fund UPI/DR/610271691/HDFC Mutual Fund,27451.88,10.220226359466952,Large,Upi,Debit,Investment
Indian Oil UPI/Indian Oil,641.99,6.466129172017151,Small,Upi,Debit,Fuel
Amazon India Refund Amazon India,1624.86,7.393792185539855,Medium,Net Banking,Credit,Shopping
Employer Salary Credit NEFT Salary Credit,121657.37,11.708972149790531,Large,Imps,Credit,Salary
HPCL UPI/Paytm/HPCL,2472.79,7.813506666568765,Medium,Upi,Debit,Fuel
Flipkart POS Purchase Flipkart,12833.44,9.459887461656082,Large,Credit Card,Debit,Shopping
Reliance Fresh UPI/Reliance Fresh,3230.85,8.080810007672879,Large,Upi,Debit,Groceries
DMart POS Purchase DMart,971.52,6.879890640833833,Medium,Debit Card,Debit,Groceries
Amazon India UPI/Paytm/Amazon India,5786.61,8.66347470469335,Large,Upi,Debit,Shopping
Zepto UPI/DR/694018597/Zepto,3058.15,8.025892378581256,Large,Upi,Debit,Groceries
Stationery Shop UPI/Paytm/Stationery Shop,2389.7,7.779341489071812,Medium,Upi,Debit,Other
Cafe Coffee Day POS Purchase Cafe Coffee Day,2529.59,7.836207756115332,Medium,Debit Card,Debit,Food
Indian Oil UPI/DR/638339044/Indian Oil,2436.34,7.798662559691895,Medium,Upi,Debit,Fuel
The Beer Cafe POS Purchase The Beer Cafe,2981.74,8.000597620139445,Large,Debit Card,Debit,Food
The Beer Cafe POS Purchase The Beer Cafe,2342.35,7.759336808486841,Medium,Debit Card,Debit,Food
McDonald's India UPI/Paytm/McDonald's India,744.57,6.614149026510388,Medium,Upi,Debit,Food
Local Services UPI/Paytm/Local Services,2494.88,7.822396651410509,Medium,Upi,Debit,Other
Airtel NEFT Airtel,9802.04,9.190447820636958,Large,Neft,Debit,Bills
Zepto POS Purchase Zepto,3413.44,8.135768776127847,Large,Debit Card,Debit,Groceries
Indian Oil POS Purchase Indian Oil,616.55,6.425760036884023,Small,Credit Card,Debit,Fuel
LIC Net Banking Insurance Premium LIC,6890.87,8.838097735020705,Large,Net Banking,Debit,Insurance
Chaayos UPI/Chaayos,1199.34,7.090360128978117,Medium,Upi,Debit,Food
Lakme Salon POS Purchase Lakme Salon,1067.46,6.973973638401007,Medium,Debit Card,Debit,Miscellaneous
Ajio POS Purchase Ajio,4273.43,8.360406039147849,Large,Debit Card,Debit,Shopping
BigBasket UPI/BigBasket,2353.2,7.76395624597838,Medium,Upi,Debit,Groceries
KFC POS Purchase KFC,2624.29,7.872946645114156,Medium,Credit Card,Debit,Food
Lakme Salon UPI/Lakme Salon,8307.01,9.024975388654402,Large,Upi,Debit,Miscellaneous
Faasos POS Purchase Faasos,1473.95,7.296379369894275,Medium,Debit Card,Debit,Food
Interest Credit Interest Credit Savings Account,114.38,4.7482310288287435,Small,Neft,Credit,Salary
Home Depot India UPI/Paytm/Home Depot India,2194.14,7.694001104796514,Medium,Upi,Debit,Miscellaneous
Jio Auto Debit Jio,1522.33,7.328654007033939,Medium,Auto Debit,Debit,Bills
Blinkit UPI/Paytm/Blinkit,2935.19,7.98486810153701,Large,Upi,Debit,Groceries
Amazon Prime POS Purchase Amazon Prime,1744.8,7.4649681823012495,Medium,Credit Card,Debit,Entertainment
Cafe Coffee Day POS Purchase Cafe Coffee Day,579.34,6.363614138684873,Small,Debit Card,Debit,Food
EatClub UPI/Paytm/EatClub,2476.29,7.814920499745776,Medium,Upi,Debit,Food
Mobile Repair UPI/Mobile Repair,2493.15,7.8217032687778145,Medium,Upi,Debit,Other
Netflix UPI/Paytm/Netflix,699.29,6.551494534965058,Medium,Upi,Debit,Entertainment
Blinkit POS Purchase Blinkit,686.68,6.5333236134541455,Medium,Credit Card,Debit,Groceries
Zepto UPI/Paytm/Zepto,2601.23,7.8641240487093995,Medium,Upi,Debit,Groceries
KFC POS Purchase KFC,2182.54,7.688702691970095,Medium,Debit Card,Debit,Food
BEST Net Banking BEST,13060.66,9.477436500419337,Large,Net Banking,Debit,Bills
Spotify Auto Debit Spotify,560.44,6.330504911834905,Small,Auto Debit,Debit,Subscription
The Beer Cafe UPI/The Beer Cafe,2290.9,7.737136446865361,Medium,Upi,Debit,Food
Airtel NEFT Airtel,6025.83,8.703976446680723,Large,Neft,Debit,Bills
Zomato POS Purchase Zomato,298.67,5.702681869212168,Small,Debit Card,Debit,Food
BPCL FASTag Recharge,838.09,6.7323179712743215,Medium,Upi,Debit,Fuel
Dish TV Auto Debit Dish TV,742.41,6.611247709481045,Medium,Auto Debit,Debit,Subscription
Netflix Auto Debit Netflix,432.3,6.071430328745864,Small,Auto Debit,Debit,Subscription
Netflix UPI/Paytm/Netflix,1504.99,7.317205768231552,Medium,Upi,Debit,Entertainment
DMart UPI/Paytm/DMart,2044.51,7.623402426137752,Medium,Upi,Debit,Groceries
Starbucks India UPI/DR/376930400/Starbucks India,2724.47,7.910396169289106,Large,Upi,Debit,Food
Cafe Coffee Day UPI/DR/595042189/Cafe Coffee Day,2483.57,7.8178548853285115,Medium,Upi,Debit,Food
EMI Home Loan Net Banking EMI Home Loan,9452.79,9.154170998286503,Large,Net Banking,Debit,Bills
Domino's India UPI/Paytm/Domino's India,2055.34,7.628682982552808,Medium,Upi,Debit,Food
HPCL FASTag Recharge,729.54,6.593783986707386,Medium,Upi,Debit,Fuel
Amazon India POS Purchase Amazon India,4809.95,8.478649848795728,Large,Credit Card,Debit,Shopping
Tata Power Auto Debit Tata Power,1564.83,7.356171313825334,Medium,Auto Debit,Debit,Bills
Burger King UPI/Paytm/Burger King,1684.1,7.429580188206496,Medium,Upi,Debit,Food
DMart UPI/DMart,442.82,6.095419074827832,Small,Upi,Debit,Groceries
Reliance Fresh UPI/DR/508992977/Reliance Fresh,4184.35,8.33934561144573,Large,Upi,Debit,Groceries
IRCTC POS Purchase IRCTC,206.57,5.335468632178829,Small,Debit Card,Debit,Miscellaneous
BEST NEFT BEST,6467.39,8.774682515725226,Large,Neft,Debit,Bills
Nature's Basket UPI/DR/432133365/Nature's Basket,1709.73,7.444675458985372,Medium,Upi,Debit,Groceries
Income Tax Payment Net Banking Income Tax Payment,38388.08,10.555528323133581,Large,Net Banking,Debit,Bills
Nature's Basket UPI/Nature's Basket,4483.66,8.408417963369585,Large,Upi,Debit,Groceries
Income Tax Payment Auto Debit Income Tax Payment,28943.76,10.273144464891237,Large,Auto Debit,Debit,Bills
Jio Auto Debit Jio,3947.09,8.280987196646123,Large,Auto Debit,Debit,Bills
Bharat Gas Auto Debit Bharat Gas,1996.46,7.599631652408637,Medium,Auto Debit,Debit,Bills
Indane Gas Auto Debit Indane Gas,7850.47,8.96845605439177,Large,Auto Debit,Debit,Bills
Bharat Gas Net Banking Bharat Gas,1720.89,7.4511778037370915,Medium,Net Banking,Debit,Bills
Municipal Water Department Auto Debit Municipal Water Department,1296.29,7.168032752229983,Medium,Auto Debit,Debit,Bills
HP Gas NEFT HP Gas,13689.82,9.52448081422427,Large,Neft,Debit,Bills
BEST Auto Debit BEST,6374.64,8.760239757144534,Large,Auto Debit,Debit,Bills
Burger King UPI/Burger King,1686.52,7.4310152745283045,Medium,Upi,Debit,Food
Municipal Water Department Auto Debit Municipal Water Department,14079.03,9.552512760391581,Large,Auto Debit,Debit,Bills
ATM ATM Cash Withdrawal,1442.07,7.274528067645806,Medium,Cash Withdrawal,Debit,Other
BSNL NEFT BSNL,8486.91,9.04639807703308,Large,Neft,Debit,Bills
Indane Gas NEFT Indane Gas,1476.78,7.298296240631894,Medium,Neft,Debit,Bills
Domino's India UPI/Domino's India,2878.3,7.965302488031647,Large,Upi,Debit,Food
EMI Personal Loan UPI/EMI Personal Loan,10106.6,9.221042895109319,Large,Upi,Debit,Bills
Airtel NEFT Airtel,15718.85,9.66267952395294,Large,Neft,Debit,Bills
Income Tax Payment UPI/Income Tax Payment,8784.7,9.080880678721714,Large,Upi,Debit,Bills
BSNL Auto Debit BSNL,3960.24,8.28431238654628,Large,Auto Debit,Debit,Bills
BSNL Auto Debit BSNL,9276.03,9.135296731452074,Large,Auto Debit,Debit,Bills
Netflix UPI/DR/844643743/Netflix,308.25,5.734150011272598,Small,Credit Card,Debit,Subscription
Tata Power Auto Debit Tata Power,15202.68,9.629292782794776,Large,Auto Debit,Debit,Bills
Tata Power Auto Debit Tata Power,7398.83,8.909212305955405,Large,Auto Debit,Debit,Bills
Zepto UPI/Paytm/Zepto,1170.77,7.066270705144456,Medium,Upi,Debit,Groceries
Ace Hardware India UPI/DR/726162060/Ace Hardware India,6404.82,8.76496223111682,Large,Upi,Debit,Miscellaneous
House Rent Payment UPI House Rent Payment,21649.81,9.982798146125692,Large,Upi,Debit,Rent
Indane Gas Net Banking Indane Gas,10226.31,9.232816872266044,Large,Net Banking,Debit,Bills
Employer Salary Credit NEFT Salary Credit,196659.2,12.189232645317256,Large,Imps,Credit,Salary
BPCL POS Purchase BPCL,427.35,6.059940618410053,Small,Debit Card,Debit,Fuel
House Rent Payment NEFT House Rent Payment,42742.61,10.662974989508392,Large,Neft,Debit,Rent
Jio Fiber Net Banking Jio Fiber,9845.78,9.19489977716822,Large,Net Banking,Debit,Bills
Employer Salary Credit NEFT Salary Credit,195608.36,12.183874888198684,Large,Neft,Credit,Salary
Misc Vendor UPI/Misc Vendor,1290.31,7.163412485956439,Medium,Upi,Debit,Other
Nykaa UPI/DR/696776072/Nykaa,12813.74,9.4583513498682,Large,Upi,Debit,Shopping
BPCL UPI/DR/289165396/BPCL,4827.95,8.482384331709357,Large,Upi,Debit,Fuel
EatClub POS Purchase EatClub,2637.07,7.877802868179186,Medium,Credit Card,Debit,Food
Zepto UPI/Paytm/Zepto,3604.19,8.190129752907188,Large,Upi,Debit,Groceries
Adani Electricity Net Banking Adani Electricity,9034.39,9.108904367562353,Large,Net Banking,Debit,Bills
Amazon Prime UPI/Amazon Prime,1492.31,7.30875041161885,Medium,Upi,Debit,Entertainment
Employer Salary Credit NEFT Salary Credit,73911.72,11.21064021661713,Large,Imps,Credit,Salary
Amazon Prime UPI/DR/301588378/Amazon Prime,1141.02,7.040553903197454,Medium,Upi,Debit,Entertainment
Swiggy UPI/Paytm/Swiggy,614.28,6.422077448748798,Small,Upi,Debit,Food
ICICI Prudential MF SIP Investment ICICI Prudential MF,30485.85,10.325050722083695,Large,Auto Debit,Debit,Investment
Bajaj Allianz Net Banking Insurance Premium Bajaj Allianz,34344.27,10.4442195880234,Large,Net Banking,Debit,Insurance
House Rent Payment NEFT House Rent Payment,42443.98,10.655963927973936,Large,Neft,Debit,Rent
Amazon India UPI/Paytm/Amazon India,3985.78,8.290739166526087,Large,Upi,Debit,Shopping
Barbeque Nation UPI/Paytm/Barbeque Nation,1338.11,7.199760493175825,Medium,Upi,Debit,Food
Cafe Coffee Day UPI/Cafe Coffee Day,2477.94,7.815586328434501,Medium,Upi,Debit,Food
Chaayos POS Purchase Chaayos,2579.53,7.855750083175147,Medium,Debit Card,Debit,Food
Tailor UPI/Tailor,779.95,6.660511127303732,Medium,Upi,Debit,Other
Adani Electricity Auto Debit Adani Electricity,15198.07,9.628989520752011,Large,Auto Debit,Debit,Bills
Indane Gas NEFT Indane Gas,10530.33,9.262109902945088,Large,Neft,Debit,Bills
Kirana Shop UPI/Kirana Shop,2271.59,7.728675429227814,Medium,Upi,Debit,Other
Ajio POS Purchase Ajio,13168.63,9.485668700189299,Large,Credit Card,Debit,Shopping
Cafe Coffee Day UPI/Paytm/Cafe Coffee Day,2612.35,7.8683882022070275,Medium,Upi,Debit,Food
Blinkit UPI/Paytm/Blinkit,3667.07,8.207420917163725,Large,Upi,Debit,Groceries
Netflix POS Purchase Netflix,1449.4,7.279594659440641,Medium,Credit Card,Debit,Entertainment
Faasos UPI/Paytm/Faasos,2461.03,7.808741491885432,Medium,Upi,Debit,Food
Ajio POS Purchase Ajio,3864.26,8.259784229134134,Large,Credit Card,Debit,Shopping
Nykaa Cashback Nykaa,8865.21,9.090002701015917,Large,Upi,Credit,Shopping
DMart POS Purchase DMart,3136.39,8.051146523064475,Large,Credit Card,Debit,Groceries
Apollo Pharmacy POS Purchase Apollo Pharmacy,592.21,6.385548467842524,Small,Debit Card,Debit,Miscellaneous
Income Tax Payment Auto Debit Income Tax Payment,27330.82,10.215806870191876,Large,Auto Debit,Debit,Bills
Social UPI/Paytm/Social,160.42,5.084009663896226,Small,Upi,Debit,Food
BPCL UPI/BPCL,4068.12,8.311182038842329,Large,Upi,Debit,Fuel
BigBasket POS Purchase BigBasket,1593.62,7.374390742320106,Medium,Debit Card,Debit,Groceries
Reliance Fresh UPI/DR/509437695/Reliance Fresh,4628.67,8.440240870242091,Large,Upi,Debit,Groceries
Spotify UPI/Spotify,847.43,6.743387582744278,Medium,Credit Card,Debit,Subscription
Blinkit POS Purchase Blinkit,4906.15,8.498448604198199,Large,Debit Card,Debit,Groceries
BigBasket POS Purchase BigBasket,3191.11,8.06843741912881,Large,Credit Card,Debit,Groceries
McDonald's India POS Purchase McDonald's India,1874.47,7.536614573659538,Medium,Debit Card,Debit,Food
Blinkit UPI/DR/307828574/Blinkit,662.17,6.497031367574781,Medium,Upi,Debit,Groceries
Indian Oil UPI/Indian Oil,1124.25,7.025760512173042,Medium,Upi,Debit,Fuel
BookMyShow POS Purchase BookMyShow,974.56,6.883011665091221,Medium,Debit Card,Debit,Entertainment
Myntra UPI/Paytm/Myntra,10565.18,9.265413613354282,Large,Upi,Debit,Shopping
Zepto POS Purchase Zepto,4868.43,8.490732166105404,Large,Credit Card,Debit,Groceries
Reliance Fresh POS Purchase Reliance Fresh,2121.95,7.660561909847957,Medium,Credit Card,Debit,Groceries
BookMyShow POS Purchase BookMyShow,228.91,5.437687927995845,Small,Debit Card,Debit,Entertainment
Flipkart POS Purchase Flipkart,5058.16,8.528955740595535,Large,Net Banking,Debit,Shopping
Disney+ Hotstar UPI/Paytm/Disney+ Hotstar,721.77,6.583091052599374,Medium,Credit Card,Debit,Subscription
BigBasket UPI/DR/674487589/BigBasket,544.2,6.301152699822378,Small,Upi,Debit,Groceries
BigBasket POS Purchase BigBasket,4666.98,8.448481708907122,Large,Debit Card,Debit,Groceries
Bajaj Allianz Insurance Premium Bajaj Allianz,23007.74,10.043629422729571,Large,Auto Debit,Debit,Insurance
Flipkart POS Purchase Flipkart,6790.74,8.823462446928673,Large,Credit Card,Debit,Shopping
EMI Home Loan Net Banking EMI Home Loan,12713.67,9.450511723921307,Large,Net Banking,Debit,Bills
Local Store UPI/Paytm/Local Store,1074.53,6.980568842321544,Medium,Upi,Debit,Other
Blinkit UPI/Blinkit,4942.59,8.505847066896154,Large,Upi,Debit,Groceries
DMart POS Purchase DMart,495.39,6.207361908083219,Small,Debit Card,Debit,Groceries
Swiggy POS Purchase Swiggy,1357.62,7.214224757685209,Medium,Debit Card,Debit,Food
Third Wave Coffee POS Purchase Third Wave Coffee,2094.1,7.6473565639139665,Medium,Debit Card,Debit,Food
Airtel Net Banking Airtel,7492.95,8.921851307327104,Large,Net Banking,Debit,Bills
Local Barbershop UPI/Local Barbershop,5389.94,8.592475045729188,Large,Upi,Debit,Miscellaneous
Reliance Fresh POS Purchase Reliance Fresh,3097.12,8.038550754894173,Large,Debit Card,Debit,Groceries
Adani Electricity Auto Debit Adani Electricity,2400.2,7.783723891377688,Medium,Auto Debit,Debit,Bills
BEST Auto Debit BEST,1386.62,7.235345328367336,Medium,Auto Debit,Debit,Bills
DMart POS Purchase DMart,2228.87,7.709698566790763,Medium,Debit Card,Debit,Groceries
BEST Auto Debit BEST,218.06,5.3893456648956,Small,Auto Debit,Debit,Bills
Jio Fiber Net Banking Jio Fiber,14317.45,9.569304194432776,Large,Net Banking,Debit,Bills
HP Gas Auto Debit HP Gas,14501.43,9.582071500574562,Large,Auto Debit,Debit,Bills
BSNL Net Banking BSNL,1773.69,7.481381038769474,Medium,Net Banking,Debit,Bills
Municipal Water Department Net Banking Municipal Water Department,2754.61,7.921394112686182,Large,Net Banking,Debit,Bills
Income Tax Payment NEFT Income Tax Payment,19786.62,9.892811768605497,Large,Neft,Debit,Bills
HP Gas Auto Debit HP Gas,2918.53,7.979177923402943,Large,Auto Debit,Debit,Bills
BPCL FASTag Recharge,956.36,6.864179496265261,Medium,Net Banking,Debit,Fuel
HP Gas Auto Debit HP Gas,13640.26,9.52085430249768,Large,Auto Debit,Debit,Bills
Jio Auto Debit Jio,10384.93,9.248207284539456,Large,Auto Debit,Debit,Bills
Zomato POS Purchase Zomato,2425.21,7.794085648000075,Medium,Credit Card,Debit,Food
Meesho POS Purchase Meesho,44286.7,10.698462265110468,Large,Debit Card,Debit,Shopping
Flipkart POS Purchase Flipkart,26128.59,10.170823667614671,Large,Debit Card,Debit,Shopping
Nykaa POS Purchase Nykaa,37692.51,10.537243210075728,Large,Credit Card,Debit,Shopping
Nykaa UPI/Paytm/Nykaa,40150.94,10.600426037012076,Large,Upi,Debit,Shopping
Ajio UPI/Paytm/Ajio,18914.0,9.84771053706713,Large,Upi,Debit,Shopping
Nykaa UPI/Nykaa,18776.31,9.840404505016098,Large,Upi,Debit,Shopping
Nykaa UPI/Nykaa,29956.29,10.307527979601367,Large,Upi,Debit,Shopping
Amazon India UPI/Paytm/Amazon India,27919.3,10.237109301804255,Large,Upi,Debit,Shopping
Amazon India POS Purchase Amazon India,5557.06,8.623004405494271,Large,Credit Card,Debit,Shopping
Amazon India Refund Amazon India,22387.39,10.016297799905976,Large,Upi,Credit,Shopping
Meesho UPI/DR/928123020/Meesho,35910.83,10.488822046656846,Large,Upi,Debit,Shopping
Ajio UPI/Paytm/Ajio,29330.11,10.286404006465068,Large,Upi,Debit,Shopping
Meesho POS Purchase Meesho,16700.17,9.723234055831007,Large,Credit Card,Debit,Shopping
Myntra POS Purchase Myntra,46249.96,10.74183749948191,Large,Net Banking,Debit,Shopping
Flipkart UPI/Paytm/Flipkart,13526.99,9.512516151370573,Large,Upi,Debit,Shopping
Nykaa UPI/Nykaa,13617.06,9.51915213196653,Large,Upi,Debit,Shopping
Amazon India UPI/Paytm/Amazon India,12764.93,9.454535182485914,Large,Upi,Debit,Shopping
Nykaa POS Purchase Nykaa,34231.0,10.440916158096654,Large,Net Banking,Debit,Shopping
