transaction_date,amount,day,week,month,weekend,month_end,salary_week,festival_season
2018-01-01,4361.84,1,1,1,0,0,1,0
2018-01-01,1226.03,1,1,1,0,0,1,0
2018-01-01,523.73,1,1,1,0,0,1,0
2018-01-01,1290.29,1,1,1,0,0,1,0
2018-01-02,44800.94,2,1,1,0,0,1,0
2018-01-02,2761.36,2,1,1,0,0,1,0
2018-01-02,268.49,2,1,1,0,0,1,0
2018-01-02,306.84,2,1,1,0,0,1,0
2018-01-02,323.91,2,1,1,0,0,1,0
2018-01-02,491.31,2,1,1,0,0,1,0
2018-01-02,144.85,2,1,1,0,0,1,0
2018-01-03,2801.01,3,1,1,0,0,0,0
2018-01-03,5154.86,3,1,1,0,0,0,0
2018-01-04,524.73,4,1,1,0,0,0,0
2018-01-04,332.16,4,1,1,0,0,0,0
2018-01-04,2855.13,4,1,1,0,0,0,0
2018-01-05,478.83,5,1,1,0,0,0,0
2018-01-05,42338.57,5,1,1,0,0,0,0
2018-01-05,3363.4,5,1,1,0,0,0,0
2018-01-05,154.29,5,1,1,0,0,0,0
2018-01-06,4209.68,6,1,1,1,0,0,0
2018-01-07,153.74,7,1,1,1,0,0,0
2018-01-07,376.36,7,1,1,1,0,0,0
2018-01-08,763.99,8,2,1,0,0,0,0
2018-01-09,1614.1,9,2,1,0,0,0,0
2018-01-09,2943.71,9,2,1,0,0,0,0
2018-01-10,14999.79,10,2,1,0,0,0,0
2018-01-10,1269.56,10,2,1,0,0,0,0
2018-01-10,2862.19,10,2,1,0,0,0,0
2018-01-10,545.07,10,2,1,0,0,0,0
2018-01-11,4310.62,11,2,1,0,0,0,0
2018-01-11,766.94,11,2,1,0,0,0,0
2018-01-12,46314.09,12,2,1,0,0,0,0
2018-01-12,2959.23,12,2,1,0,0,0,0
2018-01-13,214.83,13,2,1,1,0,0,0
2018-01-13,138.51,13,2,1,1,0,0,0
2018-01-13,320.8,13,2,1,1,0,0,0
2018-01-14,4362.49,14,2,1,1,0,0,0
2018-01-15,14256.14,15,3,1,0,0,0,0
2018-01-16,1365.12,16,3,1,0,0,0,0
2018-01-17,630.2,17,3,1,0,0,0,0
2018-01-17,740.72,17,3,1,0,0,0,0
2018-01-17,152.69,17,3,1,0,0,0,0
2018-01-18,719.03,18,3,1,0,0,0,0
2018-01-19,4425.22,19,3,1,0,0,0,0
2018-01-19,43239.03,19,3,1,0,0,0,0
2018-01-19,486.59,19,3,1,0,0,0,0
2018-01-20,15776.17,20,3,1,1,0,0,0
2018-01-20,46734.63,20,3,1,1,0,0,0
2018-01-20,517.81,20,3,1,1,0,0,0
2018-01-20,162.04,20,3,1,1,0,0,0
2018-01-20,520.99,20,3,1,1,0,0,0
2018-01-21,716.67,21,3,1,1,0,0,0
2018-01-21,506.48,21,3,1,1,0,0,0
2018-01-21,530.22,21,3,1,1,0,0,0
2018-01-22,327.31,22,4,1,0,0,0,0
2018-01-22,675.94,22,4,1,0,0,0,0
2018-01-22,339.7,22,4,1,0,0,0,0
2018-01-23,624.65,23,4,1,0,0,0,0
2018-01-23,324.49,23,4,1,0,0,0,0
2018-01-23,649.89,23,4,1,0,0,0,0
2018-01-24,590.54,24,4,1,0,0,0,0
2018-01-24,1295.04,24,4,1,0,0,0,0
2018-01-24,1285.81,24,4,1,0,0,0,0
2018-01-25,525.95,25,4,1,0,0,1,0
2018-01-26,5504.99,26,4,1,0,0,1,0
2018-01-26,313.18,26,4,1,0,0,1,0
2018-01-27,1538.01,27,4,1,1,0,1,0
2018-01-28,2846.64,28,4,1,1,0,1,0
2018-01-28,383.34,28,4,1,1,0,1,0
2018-01-29,4438.24,29,5,1,0,0,1,0
2018-01-29,646.11,29,5,1,0,0,1,0
2018-01-29,495.96,29,5,1,0,0,1,0
2018-01-29,1522.08,29,5,1,0,0,1,0
2018-01-29,338.88,29,5,1,0,0,1,0
2018-01-29,408.98,29,5,1,0,0,1,0
2018-01-29,674.01,29,5,1,0,0,1,0
2018-01-29,504.17,29,5,1,0,0,1,0
2018-01-29,1327.84,29,5,1,0,0,1,0
2018-01-29,297.72,29,5,1,0,0,1,0
2018-01-30,645.12,30,5,1,0,0,1,0
2018-01-31,2794.01,31,5,1,0,1,1,0
2018-01-31,479.36,31,5,1,0,1,1,0
2018-02-01,5361.8,1,5,2,0,0,1,0
2018-02-01,1944.21,1,5,2,0,0,1,0
2018-02-01,895.88,1,5,2,0,0,1,0
2018-02-01,647.96,1,5,2,0,0,1,0
2018-02-02,46027.55,2,5,2,0,0,1,0
2018-02-02,4954.67,2,5,2,0,0,1,0
2018-02-02,213.06,2,5,2,0,0,1,0
2018-02-02,626.7,2,5,2,0,0,1,0
2018-02-02,1740.69,2,5,2,0,0,1,0
2018-02-02,205.29,2,5,2,0,0,1,0
2018-02-02,169.79,2,5,2,0,0,1,0
2018-02-03,46992.92,3,5,2,1,0,0,0
2018-02-03,168.54,3,5,2,1,0,0,0
2018-02-03,940.6,3,5,2,1,0,0,0
2018-02-03,950.12,3,5,2,1,0,0,0
2018-02-04,5742.74,4,5,2,1,0,0,0
2018-02-04,1804.15,4,5,2,1,0,0,0
2018-02-04,311.82,4,5,2,1,0,0,0
2018-02-04,1148.99,4,5,2,1,0,0,0
2018-02-05,165.66,5,6,2,0,0,0,0
2018-02-06,1818.08,6,6,2,0,0,0,0
2018-02-06,616.18,6,6,2,0,0,0,0
2018-02-06,208.37,6,6,2,0,0,0,0
2018-02-06,178.25,6,6,2,0,0,0,0
2018-02-07,1138.47,7,6,2,0,0,0,0
2018-02-07,1260.98,7,6,2,0,0,0,0
2018-02-07,518.04,7,6,2,0,0,0,0
2018-02-08,1501.5,8,6,2,0,0,0,0
2018-02-08,3640.36,8,6,2,0,0,0,0
2018-02-09,1804.35,9,6,2,0,0,0,0
2018-02-09,5319.18,9,6,2,0,0,0,0
2018-02-09,330.9,9,6,2,0,0,0,0
2018-02-10,979.73,10,6,2,1,0,0,0
2018-02-10,1784.99,10,6,2,1,0,0,0
2018-02-11,156.6,11,6,2,1,0,0,0
2018-02-11,314.87,11,6,2,1,0,0,0
2018-02-12,301.82,12,7,2,0,0,0,0
2018-02-13,226.88,13,7,2,0,0,0,0
2018-02-13,1950.44,13,7,2,0,0,0,0
2018-02-13,621.07,13,7,2,0,0,0,0
2018-02-14,5087.95,14,7,2,0,0,0,0
2018-02-14,506.73,14,7,2,0,0,0,0
2018-02-14,994.63,14,7,2,0,0,0,0
2018-02-15,315.98,15,7,2,0,0,0,0
2018-02-15,186.32,15,7,2,0,0,0,0
2018-02-15,303.22,15,7,2,0,0,0,0
2018-02-15,881.02,15,7,2,0,0,0,0
2018-02-16,47492.08,16,7,2,0,0,0,0
2018-02-16,195.76,16,7,2,0,0,0,0
2018-02-16,1448.66,16,7,2,0,0,0,0
2018-02-17,1837.5,17,7,2,1,0,0,0
2018-02-17,3443.57,17,7,2,1,0,0,0
2018-02-17,46175.24,17,7,2,1,0,0,0
2018-02-17,921.26,17,7,2,1,0,0,0
2018-02-17,949.38,17,7,2,1,0,0,0
2018-02-17,118.22,17,7,2,1,0,0,0
2018-02-18,1798.21,18,7,2,1,0,0,0
2018-02-18,1867.33,18,7,2,1,0,0,0
2018-02-18,1911.32,18,7,2,1,0,0,0
2018-02-19,2958.98,19,8,2,0,0,0,0
2018-02-20,800.13,20,8,2,0,0,0,0
2018-02-21,1933.82,21,8,2,0,0,0,0
2018-02-21,1912.07,21,8,2,0,0,0,0
2018-02-21,1854.11,21,8,2,0,0,0,0
2018-02-21,1185.37,21,8,2,0,0,0,0
2018-02-21,1580.72,21,8,2,0,0,0,0
2018-02-22,196.41,22,8,2,0,0,0,0
2018-02-22,1403.43,22,8,2,0,0,0,0
2018-02-23,1254.24,23,8,2,0,0,0,0
2018-02-23,3175.63,23,8,2,0,0,0,0
2018-02-24,184.23,24,8,2,1,0,0,0
2018-02-24,43912.33,24,8,2,1,0,0,0
2018-02-24,153.2,24,8,2,1,0,0,0
2018-02-25,1870.76,25,8,2,1,0,1,0
2018-02-25,324.62,25,8,2,1,0,1,0
2018-02-26,1900.74,26,9,2,0,0,1,0
2018-02-26,177.5,26,9,2,0,0,1,0
2018-02-27,5404.62,27,9,2,0,0,1,0
2018-02-27,960.06,27,9,2,0,0,1,0
2018-02-27,120.79,27,9,2,0,0,1,0
2018-02-28,1921.76,28,9,2,0,1,1,0
2018-02-28,3638.47,28,9,2,0,1,1,0
2018-03-01,5873.21,1,9,3,0,0,1,0
2018-03-01,522.85,1,9,3,0,0,1,0
2018-03-01,793.5,1,9,3,0,0,1,0
2018-03-01,1029.01,1,9,3,0,0,1,0
2018-03-02,44709.1,2,9,3,0,0,1,0
2018-03-02,445.18,2,9,3,0,0,1,0
2018-03-02,5508.79,2,9,3,0,0,1,0
2018-03-02,834.36,2,9,3,0,0,1,0
2018-03-03,1314.17,3,9,3,1,0,0,0
2018-03-03,481.0,3,9,3,1,0,0,0
2018-03-04,5928.55,4,9,3,1,0,0,0
2018-03-04,449.62,4,9,3,1,0,0,0
2018-03-04,748.9,4,9,3,1,0,0,0
2018-03-04,451.84,4,9,3,1,0,0,0
2018-03-04,425.27,4,9,3,1,0,0,0
2018-03-05,223.94,5,10,3,0,0,0,0
2018-03-05,167.2,5,10,3,0,0,0,0
2018-03-05,323.83,5,10,3,0,0,0,0
2018-03-05,148.04,5,10,3,0,0,0,0
2018-03-05,588.34,5,10,3,0,0,0,0
2018-03-06,150.52,6,10,3,0,0,0,0
2018-03-06,44629.34,6,10,3,0,0,0,0
2018-03-06,220.77,6,10,3,0,0,0,0
2018-03-06,1291.75,6,10,3,0,0,0,0
2018-03-06,461.61,6,10,3,0,0,0,0
2018-03-06,262.5,6,10,3,0,0,0,0
2018-03-06,151.45,6,10,3,0,0,0,0
2018-03-07,5483.01,7,10,3,0,0,0,0
2018-03-07,143.33,7,10,3,0,0,0,0
2018-03-08,4628.44,8,10,3,0,0,0,0
2018-03-08,582.43,8,10,3,0,0,0,0
2018-03-08,163.66,8,10,3,0,0,0,0
2018-03-09,3283.62,9,10,3,0,0,0,0
2018-03-09,1040.75,9,10,3,0,0,0,0
2018-03-09,453.51,9,10,3,0,0,0,0
2018-03-10,708.95,10,10,3,1,0,0,0
2018-03-10,1507.48,10,10,3,1,0,0,0
2018-03-11,5532.28,11,10,3,1,0,0,0
2018-03-11,3312.7,11,10,3,1,0,0,0
2018-03-11,533.4,11,10,3,1,0,0,0
2018-03-11,665.45,11,10,3,1,0,0,0
2018-03-11,185.72,11,10,3,1,0,0,0
2018-03-12,4608.84,12,11,3,0,0,0,0
2018-03-12,218.82,12,11,3,0,0,0,0
2018-03-12,1340.46,12,11,3,0,0,0,0
2018-03-12,330.51,12,11,3,0,0,0,0
2018-03-12,288.3,12,11,3,0,0,0,0
2018-03-12,833.29,12,11,3,0,0,0,0
2018-03-12,589.21,12,11,3,0,0,0,0
2018-03-13,167.16,13,11,3,0,0,0,0
2018-03-13,201.62,13,11,3,0,0,0,0
2018-03-13,405.17,13,11,3,0,0,0,0
2018-03-13,457.13,13,11,3,0,0,0,0
2018-03-14,1050.66,14,11,3,0,0,0,0
2018-03-14,598.72,14,11,3,0,0,0,0
2018-03-15,226.65,15,11,3,0,0,0,0
2018-03-15,257.67,15,11,3,0,0,0,0
2018-03-15,444.09,15,11,3,0,0,0,0
2018-03-16,42912.35,16,11,3,0,0,0,0
2018-03-16,608.7,16,11,3,0,0,0,0
2018-03-17,648.07,17,11,3,1,0,0,0
2018-03-17,47664.75,17,11,3,1,0,0,0
2018-03-17,313.79,17,11,3,1,0,0,0
2018-03-18,854.6,18,11,3,1,0,0,0
2018-03-19,5313.58,19,12,3,0,0,0,0
2018-03-19,443.8,19,12,3,0,0,0,0
2018-03-19,186.78,19,12,3,0,0,0,0
2018-03-20,1255.5,20,12,3,0,0,0,0
2018-03-20,435.28,20,12,3,0,0,0,0
2018-03-20,157.6,20,12,3,0,0,0,0
2018-03-21,1476.96,21,12,3,0,0,0,0
2018-03-21,580.86,21,12,3,0,0,0,0
2018-03-21,321.6,21,12,3,0,0,0,0
2018-03-22,756.51,22,12,3,0,0,0,0
2018-03-24,310.46,24,12,3,1,0,0,0
2018-03-24,629.02,24,12,3,1,0,0,0
2018-03-25,551.82,25,12,3,1,0,1,0
2018-03-25,4499.66,25,12,3,1,0,1,0
2018-03-25,4345.66,25,12,3,1,0,1,0
2018-03-25,808.0,25,12,3,1,0,1,0
2018-03-26,820.12,26,13,3,0,0,1,0
2018-03-26,669.71,26,13,3,0,0,1,0
2018-03-26,275.29,26,13,3,0,0,1,0
2018-03-27,4444.05,27,13,3,0,0,1,0
2018-03-27,163.0,27,13,3,0,0,1,0
2018-03-27,464.71,27,13,3,0,0,1,0
2018-03-27,607.3,27,13,3,0,0,1,0
2018-03-28,588.04,28,13,3,0,0,1,0
2018-03-28,553.98,28,13,3,0,0,1,0
2018-03-28,137.57,28,13,3,0,0,1,0
2018-03-29,683.22,29,13,3,0,0,1,0
2018-03-29,1458.35,29,13,3,0,0,1,0
2018-03-29,2807.98,29,13,3,0,0,1,0
2018-03-30,45807.43,30,13,3,0,0,1,0
2018-03-30,616.73,30,13,3,0,0,1,0
2018-03-30,2939.47,30,13,3,0,0,1,0
2018-03-31,208.62,31,13,3,1,1,1,0
2018-03-31,4218.9,31,13,3,1,1,1,0
2018-03-31,488.23,31,13,3,1,1,1,0
2018-03-31,870.88,31,13,3,1,1,1,0
2018-03-31,309.77,31,13,3,1,1,1,0
2018-03-31,3461.38,31,13,3,1,1,1,0
2018-04-01,232.12,1,13,4,1,0,1,0
2018-04-01,387.5,1,13,4,1,0,1,0
2018-04-01,2125.78,1,13,4,1,0,1,0
2018-04-01,314.79,1,13,4,1,0,1,0
2018-04-01,800.73,1,13,4,1,0,1,0
2018-04-02,2128.13,2,14,4,0,0,1,0
2018-04-02,1494.81,2,14,4,0,0,1,0
2018-04-02,1268.58,2,14,4,0,0,1,0
2018-04-02,482.11,2,14,4,0,0,1,0
2018-04-03,150.71,3,14,4,0,0,0,0
2018-04-03,655.61,3,14,4,0,0,0,0
2018-04-03,324.97,3,14,4,0,0,0,0
2018-04-04,8644.67,4,14,4,0,0,0,0
2018-04-04,559.09,4,14,4,0,0,0,0
2018-04-04,322.61,4,14,4,0,0,0,0
2018-04-05,5223.03,5,14,4,0,0,0,0
2018-04-05,328.02,5,14,4,0,0,0,0
2018-04-05,503.41,5,14,4,0,0,0,0
2018-04-06,328.13,6,14,4,0,0,0,0
2018-04-07,5456.25,7,14,4,1,0,0,0
2018-04-07,210.1,7,14,4,1,0,0,0
2018-04-07,150.71,7,14,4,1,0,0,0
2018-04-07,477.61,7,14,4,1,0,0,0
2018-04-07,1419.61,7,14,4,1,0,0,0
2018-04-08,834.26,8,14,4,1,0,0,0
2018-04-09,214.43,9,15,4,0,0,0,0
2018-04-09,697.29,9,15,4,0,0,0,0
2018-04-09,3537.81,9,15,4,0,0,0,0
2018-04-10,1387.75,10,15,4,0,0,0,0
2018-04-10,5363.4,10,15,4,0,0,0,0
2018-04-10,315.35,10,15,4,0,0,0,0
2018-04-10,767.31,10,15,4,0,0,0,0
2018-04-11,8224.91,11,15,4,0,0,0,0
2018-04-11,5584.9,11,15,4,0,0,0,0
2018-04-11,5400.26,11,15,4,0,0,0,0
2018-04-11,532.32,11,15,4,0,0,0,0
2018-04-12,463.33,12,15,4,0,0,0,0
2018-04-12,44519.57,12,15,4,0,0,0,0
2018-04-12,6081.22,12,15,4,0,0,0,0
2018-04-12,559.98,12,15,4,0,0,0,0
2018-04-12,481.96,12,15,4,0,0,0,0
2018-04-12,314.07,12,15,4,0,0,0,0
2018-04-12,2068.94,12,15,4,0,0,0,0
2018-04-13,43093.36,13,15,4,0,0,0,0
2018-04-13,5196.62,13,15,4,0,0,0,0
2018-04-14,1317.46,14,15,4,1,0,0,0
2018-04-14,449.87,14,15,4,1,0,0,0
2018-04-14,296.67,14,15,4,1,0,0,0
2018-04-14,342.99,14,15,4,1,0,0,0
2018-04-15,618.89,15,15,4,1,0,0,0
2018-04-15,312.95,15,15,4,1,0,0,0
2018-04-15,647.81,15,15,4,1,0,0,0
2018-04-16,230.39,16,16,4,0,0,0,0
2018-04-17,5418.16,17,16,4,0,0,0,0
2018-04-17,622.16,17,16,4,0,0,0,0
2018-04-17,1500.01,17,16,4,0,0,0,0
2018-04-17,699.36,17,16,4,0,0,0,0
2018-04-17,160.98,17,16,4,0,0,0,0
2018-04-18,3056.79,18,16,4,0,0,0,0
2018-04-18,3534.48,18,16,4,0,0,0,0
2018-04-18,8465.93,18,16,4,0,0,0,0
2018-04-18,567.33,18,16,4,0,0,0,0
2018-04-18,1385.11,18,16,4,0,0,0,0
2018-04-18,579.48,18,16,4,0,0,0,0
2018-04-18,517.96,18,16,4,0,0,0,0
2018-04-19,158.9,19,16,4,0,0,0,0
2018-04-19,213.36,19,16,4,0,0,0,0
2018-04-20,6033.8,20,16,4,0,0,0,0
2018-04-20,442.31,20,16,4,0,0,0,0
2018-04-20,5608.83,20,16,4,0,0,0,0
2018-04-20,2061.38,20,16,4,0,0,0,0
2018-04-20,529.11,20,16,4,0,0,0,0
2018-04-21,5757.15,21,16,4,1,0,0,0
2018-04-21,349.09,21,16,4,1,0,0,0
2018-04-21,489.32,21,16,4,1,0,0,0
2018-04-21,578.25,21,16,4,1,0,0,0
2018-04-22,8744.79,22,16,4,1,0,0,0
2018-04-22,449.3,22,16,4,1,0,0,0
2018-04-22,3472.43,22,16,4,1,0,0,0
2018-04-22,1365.94,22,16,4,1,0,0,0
2018-04-22,316.28,22,16,4,1,0,0,0
2018-04-23,5428.52,23,17,4,0,0,0,0
2018-04-23,5164.19,23,17,4,0,0,0,0
2018-04-25,221.81,25,17,4,0,0,1,0
2018-04-25,473.51,25,17,4,0,0,1,0
2018-04-25,513.3,25,17,4,0,0,1,0
2018-04-26,8071.75,26,17,4,0,0,1,0
2018-04-26,8217.65,26,17,4,0,0,1,0
2018-04-26,291.12,26,17,4,0,0,1,0
2018-04-26,5678.44,26,17,4,0,0,1,0
2018-04-26,619.97,26,17,4,0,0,1,0
2018-04-26,448.52,26,17,4,0,0,1,0
2018-04-26,838.24,26,17,4,0,0,1,0
2018-04-27,43146.0,27,17,4,0,0,1,0
2018-04-27,45242.49,27,17,4,0,0,1,0
2018-04-27,8241.9,27,17,4,0,0,1,0
2018-04-27,1407.73,27,17,4,0,0,1,0
2018-04-27,414.3,27,17,4,0,0,1,0
2018-04-28,3005.93,28,17,4,1,0,1,0
2018-04-28,3320.08,28,17,4,1,0,1,0
2018-04-28,8301.91,28,17,4,1,0,1,0
2018-04-28,443.23,28,17,4,1,0,1,0
2018-04-29,589.38,29,17,4,1,0,1,0
2018-04-29,617.81,29,17,4,1,0,1,0
2018-04-29,2120.77,29,17,4,1,0,1,0
2018-04-29,477.39,29,17,4,1,0,1,0
2018-04-29,811.59,29,17,4,1,0,1,0
2018-04-30,320.22,30,18,4,0,1,1,0
2018-04-30,316.82,30,18,4,0,1,1,0
2018-04-30,608.36,30,18,4,0,1,1,0
2018-04-30,5579.52,30,18,4,0,1,1,0
2018-04-30,318.78,30,18,4,0,1,1,0
2018-04-30,512.5,30,18,4,0,1,1,0
2018-04-30,1434.99,30,18,4,0,1,1,0
2018-04-30,509.27,30,18,4,0,1,1,0
2018-05-01,755.77,1,18,5,0,0,1,0
2018-05-01,379.5,1,18,5,0,0,1,0
2018-05-01,42982.49,1,18,5,0,0,1,0
2018-05-01,318.64,1,18,5,0,0,1,0
2018-05-01,1814.03,1,18,5,0,0,1,0
2018-05-02,6894.47,2,18,5,0,0,1,0
2018-05-02,1034.63,2,18,5,0,0,1,0
2018-05-02,507.2,2,18,5,0,0,1,0
2018-05-03,2977.68,3,18,5,0,0,0,0
2018-05-03,1711.45,3,18,5,0,0,0,0
2018-05-03,153.63,3,18,5,0,0,0,0
2018-05-03,971.0,3,18,5,0,0,0,0
2018-05-04,2569.92,4,18,5,0,0,0,0
2018-05-04,1424.33,4,18,5,0,0,0,0
2018-05-04,157.74,4,18,5,0,0,0,0
2018-05-04,147.21,4,18,5,0,0,0,0
2018-05-04,3939.03,4,18,5,0,0,0,0
2018-05-06,2543.0,6,18,5,1,0,0,0
2018-05-06,985.75,6,18,5,1,0,0,0
2018-05-06,333.23,6,18,5,1,0,0,0
2018-05-06,313.35,6,18,5,1,0,0,0
2018-05-07,215.14,7,19,5,0,0,0,0
2018-05-07,1267.07,7,19,5,0,0,0,0
2018-05-07,8182.16,7,19,5,0,0,0,0
2018-05-07,983.31,7,19,5,0,0,0,0
2018-05-07,3169.63,7,19,5,0,0,0,0
2018-05-08,601.51,8,19,5,0,0,0,0
2018-05-08,3314.7,8,19,5,0,0,0,0
2018-05-09,3268.03,9,19,5,0,0,0,0
2018-05-09,158.56,9,19,5,0,0,0,0
2018-05-09,8424.07,9,19,5,0,0,0,0
2018-05-09,558.23,9,19,5,0,0,0,0
2018-05-10,584.59,10,19,5,0,0,0,0
2018-05-10,1816.83,10,19,5,0,0,0,0
2018-05-11,47228.53,11,19,5,0,0,0,0
2018-05-11,1353.35,11,19,5,0,0,0,0
2018-05-11,389.21,11,19,5,0,0,0,0
2018-05-12,377.13,12,19,5,1,0,0,0
2018-05-12,166.69,12,19,5,1,0,0,0
2018-05-12,3592.11,12,19,5,1,0,0,0
2018-05-12,300.24,12,19,5,1,0,0,0
2018-05-12,153.52,12,19,5,1,0,0,0
2018-05-12,1785.69,12,19,5,1,0,0,0
2018-05-13,4400.29,13,19,5,1,0,0,0
2018-05-13,287.51,13,19,5,1,0,0,0
2018-05-14,1372.12,14,20,5,0,0,0,0
2018-05-15,2273.11,15,20,5,0,0,0,0
2018-05-15,381.48,15,20,5,0,0,0,0
2018-05-15,2800.57,15,20,5,0,0,0,0
2018-05-15,718.91,15,20,5,0,0,0,0
2018-05-15,1834.44,15,20,5,0,0,0,0
2018-05-16,47210.31,16,20,5,0,0,0,0
2018-05-17,4698.91,17,20,5,0,0,0,0
2018-05-17,1502.5,17,20,5,0,0,0,0
2018-05-17,3613.74,17,20,5,0,0,0,0
2018-05-17,3530.74,17,20,5,0,0,0,0
2018-05-17,1054.45,17,20,5,0,0,0,0
2018-05-18,984.51,18,20,5,0,0,0,0
2018-05-18,3400.66,18,20,5,0,0,0,0
2018-05-19,301.09,19,20,5,1,0,0,0
2018-05-19,7428.3,19,20,5,1,0,0,0
2018-05-19,582.48,19,20,5,1,0,0,0
2018-05-20,1486.13,20,20,5,1,0,0,0
2018-05-21,2664.18,21,21,5,0,0,0,0
2018-05-21,45677.86,21,21,5,0,0,0,0
2018-05-21,4800.68,21,21,5,0,0,0,0
2018-05-21,2790.14,21,21,5,0,0,0,0
2018-05-21,1407.58,21,21,5,0,0,0,0
2018-05-21,155.91,21,21,5,0,0,0,0
2018-05-21,772.67,21,21,5,0,0,0,0
2018-05-22,457.69,22,21,5,0,0,0,0
2018-05-22,3822.93,22,21,5,0,0,0,0
2018-05-22,722.33,22,21,5,0,0,0,0
2018-05-22,6964.98,22,21,5,0,0,0,0
2018-05-23,4814.19,23,21,5,0,0,0,0
2018-05-23,1450.9,23,21,5,0,0,0,0
2018-05-23,1030.24,23,21,5,0,0,0,0
2018-05-24,216.09,24,21,5,0,0,0,0
2018-05-24,1196.88,24,21,5,0,0,0,0
2018-05-24,1605.07,24,21,5,0,0,0,0
2018-05-25,42733.93,25,21,5,0,0,1,0
2018-05-25,971.65,25,21,5,0,0,1,0
2018-05-25,561.13,25,21,5,0,0,1,0
2018-05-25,6908.66,25,21,5,0,0,1,0
2018-05-26,155.83,26,21,5,1,0,1,0
2018-05-26,1707.52,26,21,5,1,0,1,0
2018-05-27,4981.77,27,21,5,1,0,1,0
2018-05-27,2648.74,27,21,5,1,0,1,0
2018-05-27,1219.07,27,21,5,1,0,1,0
2018-05-27,2223.97,27,21,5,1,0,1,0
2018-05-28,150.19,28,22,5,0,0,1,0
2018-05-28,491.08,28,22,5,0,0,1,0
2018-05-28,1058.69,28,22,5,0,0,1,0
2018-05-28,333.49,28,22,5,0,0,1,0
2018-05-29,4559.95,29,22,5,0,0,1,0
2018-05-29,492.03,29,22,5,0,0,1,0
2018-05-29,274.02,29,22,5,0,0,1,0
2018-05-30,5177.4,30,22,5,0,0,1,0
2018-05-30,8179.32,30,22,5,0,0,1,0
2018-05-30,4755.63,30,22,5,0,0,1,0
2018-05-30,396.59,30,22,5,0,0,1,0
2018-05-31,383.12,31,22,5,0,1,1,0
2018-05-31,3526.48,31,22,5,0,1,1,0
2018-05-31,1631.56,31,22,5,0,1,1,0
2018-06-01,8261.33,1,22,6,0,0,1,0
2018-06-01,224.81,1,22,6,0,0,1,0
2018-06-01,189.4,1,22,6,0,0,1,0
2018-06-01,484.11,1,22,6,0,0,1,0
2018-06-02,203.93,2,22,6,1,0,1,0
2018-06-02,2731.75,2,22,6,1,0,1,0
2018-06-02,145.62,2,22,6,1,0,1,0
2018-06-03,2296.35,3,22,6,1,0,0,0
2018-06-03,632.04,3,22,6,1,0,0,0
2018-06-03,2624.81,3,22,6,1,0,0,0
2018-06-03,304.71,3,22,6,1,0,0,0
2018-06-03,667.72,3,22,6,1,0,0,0
2018-06-04,423.41,4,23,6,0,0,0,0
2018-06-04,666.41,4,23,6,0,0,0,0
2018-06-04,647.43,4,23,6,0,0,0,0
2018-06-05,165.53,5,23,6,0,0,0,0
2018-06-05,238.84,5,23,6,0,0,0,0
2018-06-05,820.45,5,23,6,0,0,0,0
2018-06-05,3749.88,5,23,6,0,0,0,0
2018-06-06,5337.38,6,23,6,0,0,0,0
2018-06-06,618.41,6,23,6,0,0,0,0
2018-06-07,2327.76,7,23,6,0,0,0,0
2018-06-07,560.76,7,23,6,0,0,0,0
2018-06-07,563.39,7,23,6,0,0,0,0
2018-06-07,3577.34,7,23,6,0,0,0,0
2018-06-07,585.83,7,23,6,0,0,0,0
2018-06-08,44660.86,8,23,6,0,0,0,0
2018-06-08,2388.37,8,23,6,0,0,0,0
2018-06-08,6584.9,8,23,6,0,0,0,0
2018-06-08,543.81,8,23,6,0,0,0,0
2018-06-08,1368.55,8,23,6,0,0,0,0
2018-06-09,162.56,9,23,6,1,0,0,0
2018-06-09,236.06,9,23,6,1,0,0,0
2018-06-09,528.34,9,23,6,1,0,0,0
2018-06-09,320.11,9,23,6,1,0,0,0
2018-06-09,625.58,9,23,6,1,0,0,0
2018-06-10,546.94,10,23,6,1,0,0,0
2018-06-10,43665.4,10,23,6,1,0,0,0
2018-06-10,2595.99,10,23,6,1,0,0,0
2018-06-10,2352.16,10,23,6,1,0,0,0
2018-06-10,461.07,10,23,6,1,0,0,0
2018-06-10,198.84,10,23,6,1,0,0,0
2018-06-10,244.99,10,23,6,1,0,0,0
2018-06-11,1406.8,11,24,6,0,0,0,0
2018-06-11,306.28,11,24,6,0,0,0,0
2018-06-11,537.21,11,24,6,0,0,0,0
2018-06-12,1474.8,12,24,6,0,0,0,0
2018-06-12,1366.51,12,24,6,0,0,0,0
2018-06-12,3868.48,12,24,6,0,0,0,0
2018-06-12,3607.41,12,24,6,0,0,0,0
2018-06-13,1474.52,13,24,6,0,0,0,0
2018-06-13,2565.26,13,24,6,0,0,0,0
2018-06-13,221.27,13,24,6,0,0,0,0
2018-06-13,516.71,13,24,6,0,0,0,0
2018-06-13,533.71,13,24,6,0,0,0,0
2018-06-14,210.18,14,24,6,0,0,0,0
2018-06-14,303.76,14,24,6,0,0,0,0
2018-06-15,6462.93,15,24,6,0,0,0,0
2018-06-15,166.32,15,24,6,0,0,0,0
2018-06-15,1587.97,15,24,6,0,0,0,0
2018-06-15,223.52,15,24,6,0,0,0,0
2018-06-15,2344.12,15,24,6,0,0,0,0
2018-06-15,534.44,15,24,6,0,0,0,0
2018-06-15,162.9,15,24,6,0,0,0,0
2018-06-16,213.46,16,24,6,1,0,0,0
2018-06-16,162.54,16,24,6,1,0,0,0
2018-06-16,1338.18,16,24,6,1,0,0,0
2018-06-17,166.4,17,24,6,1,0,0,0
2018-06-18,6470.5,18,25,6,0,0,0,0
2018-06-18,8911.0,18,25,6,0,0,0,0
2018-06-18,614.82,18,25,6,0,0,0,0
2018-06-18,824.96,18,25,6,0,0,0,0
2018-06-19,3994.65,19,25,6,0,0,0,0
2018-06-19,1315.74,19,25,6,0,0,0,0
2018-06-19,8595.67,19,25,6,0,0,0,0
2018-06-19,647.02,19,25,6,0,0,0,0
2018-06-20,149.36,20,25,6,0,0,0,0
2018-06-20,515.3,20,25,6,0,0,0,0
2018-06-22,47610.41,22,25,6,0,0,0,0
2018-06-22,568.49,22,25,6,0,0,0,0
2018-06-22,1307.9,22,25,6,0,0,0,0
2018-06-23,42719.73,23,25,6,1,0,0,0
2018-06-23,2258.21,23,25,6,1,0,0,0
2018-06-24,1449.92,24,25,6,1,0,0,0
2018-06-24,2447.57,24,25,6,1,0,0,0
2018-06-24,162.49,24,25,6,1,0,0,0
2018-06-25,43616.28,25,26,6,0,0,1,0
2018-06-25,1446.77,25,26,6,0,0,1,0
2018-06-25,308.19,25,26,6,0,0,1,0
2018-06-25,3596.67,25,26,6,0,0,1,0
2018-06-25,154.33,25,26,6,0,0,1,0
2018-06-26,1541.45,26,26,6,0,0,1,0
2018-06-26,681.03,26,26,6,0,0,1,0
2018-06-26,1501.24,26,26,6,0,0,1,0
2018-06-26,516.16,26,26,6,0,0,1,0
2018-06-26,397.38,26,26,6,0,0,1,0
2018-06-27,638.69,27,26,6,0,0,1,0
2018-06-27,1577.39,27,26,6,0,0,1,0
2018-06-28,2701.22,28,26,6,0,0,1,0
2018-06-28,146.91,28,26,6,0,0,1,0
2018-06-28,1546.73,28,26,6,0,0,1,0
2018-06-28,464.83,28,26,6,0,0,1,0
2018-06-28,326.09,28,26,6,0,0,1,0
2018-06-28,658.16,28,26,6,0,0,1,0
2018-06-29,217.41,29,26,6,0,0,1,0
2018-06-29,1480.35,29,26,6,0,0,1,0
2018-06-29,3904.33,29,26,6,0,0,1,0
2018-06-29,295.94,29,26,6,0,0,1,0
2018-06-29,3750.81,29,26,6,0,0,1,0
2018-06-30,3576.46,30,26,6,1,1,1,0
2018-06-30,2362.12,30,26,6,1,1,1,0
2018-07-01,2420.11,1,26,7,1,0,1,0
2018-07-01,1247.24,1,26,7,1,0,1,0
2018-07-01,3336.12,1,26,7,1,0,1,0
2018-07-01,1254.23,1,26,7,1,0,1,0
2018-07-01,1520.48,1,26,7,1,0,1,0
2018-07-01,6021.86,1,26,7,1,0,1,0
2018-07-02,2280.48,2,27,7,0,0,1,0
2018-07-02,1299.0,2,27,7,0,0,1,0
2018-07-02,1254.27,2,27,7,0,0,1,0
2018-07-02,577.47,2,27,7,0,0,1,0
2018-07-03,1367.71,3,27,7,0,0,0,0
2018-07-03,162.6,3,27,7,0,0,0,0
2018-07-03,2388.61,3,27,7,0,0,0,0
2018-07-03,3354.94,3,27,7,0,0,0,0
2018-07-04,1295.05,4,27,7,0,0,0,0
2018-07-04,149.13,4,27,7,0,0,0,0
2018-07-05,1325.37,5,27,7,0,0,0,0
2018-07-06,43599.35,6,27,7,0,0,0,0
2018-07-06,8748.91,6,27,7,0,0,0,0
2018-07-06,3291.7,6,27,7,0,0,0,0
2018-07-07,446.92,7,27,7,1,0,0,0
2018-07-08,2337.48,8,27,7,1,0,0,0
2018-07-09,395.8,9,28,7,0,0,0,0
2018-07-09,577.49,9,28,7,0,0,0,0
2018-07-09,434.5,9,28,7,0,0,0,0
2018-07-09,2523.03,9,28,7,0,0,0,0
2018-07-09,3201.0,9,28,7,0,0,0,0
2018-07-10,382.12,10,28,7,0,0,0,0
2018-07-10,2585.38,10,28,7,0,0,0,0
2018-07-10,426.95,10,28,7,0,0,0,0
2018-07-10,316.11,10,28,7,0,0,0,0
2018-07-10,221.04,10,28,7,0,0,0,0
2018-07-10,1668.35,10,28,7,0,0,0,0
2018-07-10,3285.43,10,28,7,0,0,0,0
2018-07-11,217.72,11,28,7,0,0,0,0
2018-07-11,526.31,11,28,7,0,0,0,0
2018-07-12,1267.1,12,28,7,0,0,0,0
2018-07-12,2304.24,12,28,7,0,0,0,0
2018-07-12,484.79,12,28,7,0,0,0,0
2018-07-12,706.29,12,28,7,0,0,0,0
2018-07-12,3198.51,12,28,7,0,0,0,0
2018-07-13,42894.11,13,28,7,0,0,0,0
2018-07-13,1350.83,13,28,7,0,0,0,0
2018-07-13,1276.08,13,28,7,0,0,0,0
2018-07-13,5852.59,13,28,7,0,0,0,0
2018-07-14,215.41,14,28,7,1,0,0,0
2018-07-15,42974.07,15,28,7,1,0,0,0
2018-07-15,1314.96,15,28,7,1,0,0,0
2018-07-15,202.25,15,28,7,1,0,0,0
2018-07-16,526.15,16,29,7,0,0,0,0
2018-07-17,1336.39,17,29,7,0,0,0,0
2018-07-17,5134.2,17,29,7,0,0,0,0
2018-07-17,481.99,17,29,7,0,0,0,0
2018-07-17,177.37,17,29,7,0,0,0,0
2018-07-18,632.02,18,29,7,0,0,0,0
2018-07-18,318.31,18,29,7,0,0,0,0
2018-07-19,150.52,19,29,7,0,0,0,0
2018-07-19,330.62,19,29,7,0,0,0,0
2018-07-19,530.69,19,29,7,0,0,0,0
2018-07-20,47291.68,20,29,7,0,0,0,0
2018-07-20,8406.07,20,29,7,0,0,0,0
2018-07-20,640.68,20,29,7,0,0,0,0
2018-07-20,1644.51,20,29,7,0,0,0,0
2018-07-21,1478.69,21,29,7,1,0,0,0
2018-07-21,359.66,21,29,7,1,0,0,0
2018-07-21,1004.08,21,29,7,1,0,0,0
2018-07-22,160.79,22,29,7,1,0,0,0
2018-07-22,490.12,22,29,7,1,0,0,0
2018-07-23,412.84,23,30,7,0,0,0,0
2018-07-23,713.08,23,30,7,0,0,0,0
2018-07-23,1554.91,23,30,7,0,0,0,0
2018-07-23,346.75,23,30,7,0,0,0,0
2018-07-24,8830.08,24,30,7,0,0,0,0
2018-07-24,1661.33,24,30,7,0,0,0,0
2018-07-24,211.12,24,30,7,0,0,0,0
2018-07-25,5111.45,25,30,7,0,0,1,0
2018-07-25,614.23,25,30,7,0,0,1,0
2018-07-25,465.69,25,30,7,0,0,1,0
2018-07-25,1698.31,25,30,7,0,0,1,0
2018-07-26,43485.0,26,30,7,0,0,1,0
2018-07-26,3027.32,26,30,7,0,0,1,0
2018-07-26,319.96,26,30,7,0,0,1,0
2018-07-26,1804.91,26,30,7,0,0,1,0
2018-07-26,3270.59,26,30,7,0,0,1,0
2018-07-27,1281.97,27,30,7,0,0,1,0
2018-07-27,3373.49,27,30,7,0,0,1,0
2018-07-27,415.08,27,30,7,0,0,1,0
2018-07-27,169.77,27,30,7,0,0,1,0
2018-07-28,419.26,28,30,7,1,0,1,0
2018-07-28,3062.25,28,30,7,1,0,1,0
2018-07-29,1368.44,29,30,7,1,0,1,0
2018-07-29,1566.84,29,30,7,1,0,1,0
2018-07-30,1340.07,30,31,7,0,0,1,0
2018-07-31,995.31,31,31,7,0,1,1,0
2018-07-31,5641.04,31,31,7,0,1,1,0
2018-07-31,1527.2,31,31,7,0,1,1,0
2018-07-31,311.18,31,31,7,0,1,1,0
2018-07-31,665.54,31,31,7,0,1,1,0
2018-07-31,163.72,31,31,7,0,1,1,0
2018-08-01,1189.92,1,31,8,0,0,1,0
2018-08-01,478.22,1,31,8,0,0,1,0
2018-08-01,449.09,1,31,8,0,0,1,0
2018-08-02,2662.02,2,31,8,0,0,1,0
2018-08-02,614.88,2,31,8,0,0,1,0
2018-08-03,44682.35,3,31,8,0,0,0,0
2018-08-03,5150.03,3,31,8,0,0,0,0
2018-08-03,630.89,3,31,8,0,0,0,0
2018-08-03,645.23,3,31,8,0,0,0,0
2018-08-03,3550.71,3,31,8,0,0,0,0
2018-08-03,3961.15,3,31,8,0,0,0,0
2018-08-04,387.63,4,31,8,1,0,0,0
2018-08-04,2664.95,4,31,8,1,0,0,0
2018-08-04,486.47,4,31,8,1,0,0,0
2018-08-04,593.55,4,31,8,1,0,0,0
2018-08-06,447.69,6,32,8,0,0,0,0
2018-08-06,152.25,6,32,8,0,0,0,0
2018-08-06,604.65,6,32,8,0,0,0,0
2018-08-07,160.86,7,32,8,0,0,0,0
2018-08-07,321.81,7,32,8,0,0,0,0
2018-08-07,1380.94,7,32,8,0,0,0,0
2018-08-07,1343.81,7,32,8,0,0,0,0
2018-08-08,1537.78,8,32,8,0,0,0,0
2018-08-08,1139.35,8,32,8,0,0,0,0
2018-08-08,5237.62,8,32,8,0,0,0,0
2018-08-08,619.83,8,32,8,0,0,0,0
2018-08-09,5803.34,9,32,8,0,0,0,0
2018-08-09,151.53,9,32,8,0,0,0,0
2018-08-10,4080.38,10,32,8,0,0,0,0
2018-08-11,4008.64,11,32,8,1,0,0,0
2018-08-12,500.52,12,32,8,1,0,0,0
2018-08-13,43897.05,13,33,8,0,0,0,0
2018-08-13,642.32,13,33,8,0,0,0,0
2018-08-13,625.75,13,33,8,0,0,0,0
2018-08-14,3362.94,14,33,8,0,0,0,0
2018-08-15,1204.77,15,33,8,0,0,0,0
2018-08-15,42678.72,15,33,8,0,0,0,0
2018-08-15,211.64,15,33,8,0,0,0,0
2018-08-16,2186.98,16,33,8,0,0,0,0
2018-08-16,5394.61,16,33,8,0,0,0,0
2018-08-16,223.79,16,33,8,0,0,0,0
2018-08-16,1136.72,16,33,8,0,0,0,0
2018-08-16,605.15,16,33,8,0,0,0,0
2018-08-16,586.53,16,33,8,0,0,0,0
2018-08-17,46530.38,17,33,8,0,0,0,0
2018-08-17,8319.52,17,33,8,0,0,0,0
2018-08-17,1404.45,17,33,8,0,0,0,0
2018-08-17,42866.76,17,33,8,0,0,0,0
2018-08-17,2187.79,17,33,8,0,0,0,0
2018-08-18,593.41,18,33,8,1,0,0,0
2018-08-18,205.22,18,33,8,1,0,0,0
2018-08-20,1103.19,20,34,8,0,0,0,0
2018-08-20,1577.81,20,34,8,0,0,0,0
2018-08-21,461.3,21,34,8,0,0,0,0
2018-08-21,401.43,21,34,8,0,0,0,0
2018-08-21,1524.91,21,34,8,0,0,0,0
2018-08-21,3203.68,21,34,8,0,0,0,0
2018-08-22,8758.84,22,34,8,0,0,0,0
2018-08-22,3902.17,22,34,8,0,0,0,0
2018-08-22,3791.73,22,34,8,0,0,0,0
2018-08-22,200.18,22,34,8,0,0,0,0
2018-08-23,2699.98,23,34,8,0,0,0,0
2018-08-24,539.42,24,34,8,0,0,0,0
2018-08-24,319.43,24,34,8,0,0,0,0
2018-08-25,1085.47,25,34,8,1,0,1,0
2018-08-25,493.8,25,34,8,1,0,1,0
2018-08-25,475.41,25,34,8,1,0,1,0
2018-08-26,1113.71,26,34,8,1,0,1,0
2018-08-26,319.18,26,34,8,1,0,1,0
2018-08-28,1084.31,28,35,8,0,0,1,0
2018-08-28,5857.63,28,35,8,0,0,1,0
2018-08-28,636.02,28,35,8,0,0,1,0
2018-08-28,3340.55,28,35,8,0,0,1,0
2018-08-29,2708.78,29,35,8,0,0,1,0
2018-08-29,8877.3,29,35,8,0,0,1,0
2018-08-30,1882.66,30,35,8,0,0,1,0
2018-08-30,555.7,30,35,8,0,0,1,0
2018-08-31,43979.98,31,35,8,0,1,1,0
2018-08-31,1853.94,31,35,8,0,1,1,0
2018-08-31,1851.55,31,35,8,0,1,1,0
2018-08-31,395.14,31,35,8,0,1,1,0
2018-08-31,201.34,31,35,8,0,1,1,0
2018-08-31,3348.68,31,35,8,0,1,1,0
2018-09-01,154.1,1,35,9,1,0,1,0
2018-09-01,5194.29,1,35,9,1,0,1,0
2018-09-01,160.49,1,35,9,1,0,1,0
2018-09-01,385.44,1,35,9,1,0,1,0
2018-09-01,612.48,1,35,9,1,0,1,0
2018-09-01,562.58,1,35,9,1,0,1,0
2018-09-02,5067.72,2,35,9,1,0,1,0
2018-09-02,1362.57,2,35,9,1,0,1,0
2018-09-02,1729.85,2,35,9,1,0,1,0
2018-09-02,1482.08,2,35,9,1,0,1,0
2018-09-02,501.63,2,35,9,1,0,1,0
2018-09-02,308.31,2,35,9,1,0,1,0
2018-09-02,2761.13,2,35,9,1,0,1,0
2018-09-03,3301.54,3,36,9,0,0,0,0
2018-09-03,639.1,3,36,9,0,0,0,0
2018-09-03,3499.64,3,36,9,0,0,0,0
2018-09-03,1409.68,3,36,9,0,0,0,0
2018-09-03,1540.32,3,36,9,0,0,0,0
2018-09-04,585.96,4,36,9,0,0,0,0
2018-09-04,494.42,4,36,9,0,0,0,0
2018-09-04,1518.29,4,36,9,0,0,0,0
2018-09-05,5446.96,5,36,9,0,0,0,0
2018-09-05,639.49,5,36,9,0,0,0,0
2018-09-05,1351.14,5,36,9,0,0,0,0
2018-09-05,2864.35,5,36,9,0,0,0,0
2018-09-05,508.71,5,36,9,0,0,0,0
2018-09-05,1523.94,5,36,9,0,0,0,0
2018-09-05,2965.51,5,36,9,0,0,0,0
2018-09-05,3755.57,5,36,9,0,0,0,0
2018-09-06,5499.99,6,36,9,0,0,0,0
2018-09-06,1704.5,6,36,9,0,0,0,0
2018-09-06,46991.86,6,36,9,0,0,0,0
2018-09-06,659.3,6,36,9,0,0,0,0
2018-09-08,503.91,8,36,9,1,0,0,0
2018-09-08,469.68,8,36,9,1,0,0,0
2018-09-09,1770.94,9,36,9,1,0,0,0
2018-09-09,313.36,9,36,9,1,0,0,0
2018-09-10,452.58,10,37,9,0,0,0,0
2018-09-10,309.01,10,37,9,0,0,0,0
2018-09-11,513.67,11,37,9,0,0,0,0
2018-09-11,583.2,11,37,9,0,0,0,0
2018-09-12,5439.07,12,37,9,0,0,0,0
2018-09-12,1162.31,12,37,9,0,0,0,0
2018-09-12,439.51,12,37,9,0,0,0,0
2018-09-12,1511.81,12,37,9,0,0,0,0
2018-09-13,8064.82,13,37,9,0,0,0,0
2018-09-13,42770.72,13,37,9,0,0,0,0
2018-09-13,3555.62,13,37,9,0,0,0,0
2018-09-14,43148.79,14,37,9,0,0,0,0
2018-09-14,475.21,14,37,9,0,0,0,0
2018-09-14,1428.96,14,37,9,0,0,0,0
2018-09-15,5473.28,15,37,9,1,0,0,0
2018-09-15,1762.92,15,37,9,1,0,0,0
2018-09-15,517.01,15,37,9,1,0,0,0
2018-09-15,532.78,15,37,9,1,0,0,0
2018-09-16,8514.92,16,37,9,1,0,0,0
2018-09-16,181.24,16,37,9,1,0,0,0
2018-09-16,296.94,16,37,9,1,0,0,0
2018-09-17,2569.94,17,38,9,0,0,0,0
2018-09-17,504.33,17,38,9,0,0,0,0
2018-09-17,307.91,17,38,9,0,0,0,0
2018-09-19,2629.97,19,38,9,0,0,0,0
2018-09-19,478.26,19,38,9,0,0,0,0
2018-09-20,5180.11,20,38,9,0,0,0,0
2018-09-20,555.63,20,38,9,0,0,0,0
2018-09-21,332.28,21,38,9,0,0,0,0
2018-09-21,4012.65,21,38,9,0,0,0,0
2018-09-21,3736.29,21,38,9,0,0,0,0
2018-09-22,158.31,22,38,9,1,0,0,0
2018-09-22,494.91,22,38,9,1,0,0,0
2018-09-22,495.85,22,38,9,1,0,0,0
2018-09-23,180.49,23,38,9,1,0,0,0
2018-09-23,525.72,23,38,9,1,0,0,0
2018-09-23,1512.92,23,38,9,1,0,0,0
2018-09-24,47003.52,24,39,9,0,0,0,0
2018-09-24,1524.34,24,39,9,0,0,0,0
2018-09-24,1748.2,24,39,9,0,0,0,0
2018-09-24,8247.96,24,39,9,0,0,0,0
2018-09-24,624.64,24,39,9,0,0,0,0
2018-09-24,1580.1,24,39,9,0,0,0,0
2018-09-24,327.1,24,39,9,0,0,0,0
2018-09-25,392.78,25,39,9,0,0,1,0
2018-09-25,596.99,25,39,9,0,0,1,0
2018-09-25,184.64,25,39,9,0,0,1,0
2018-09-27,1679.25,27,39,9,0,0,1,0
2018-09-27,3742.95,27,39,9,0,0,1,0
2018-09-27,448.63,27,39,9,0,0,1,0
2018-09-28,2655.6,28,39,9,0,0,1,0
2018-09-28,5234.84,28,39,9,0,0,1,0
2018-09-28,44069.77,28,39,9,0,0,1,0
2018-09-28,223.88,28,39,9,0,0,1,0
2018-09-28,315.68,28,39,9,0,0,1,0
2018-09-28,547.54,28,39,9,0,0,1,0
2018-09-29,2980.34,29,39,9,1,0,1,0
2018-09-29,2640.31,29,39,9,1,0,1,0
2018-09-29,1868.9,29,39,9,1,0,1,0
2018-09-29,3574.52,29,39,9,1,0,1,0
2018-09-29,3443.63,29,39,9,1,0,1,0
2018-09-30,418.3,30,39,9,1,1,1,0
2018-09-30,1389.87,30,39,9,1,1,1,0
2018-09-30,569.22,30,39,9,1,1,1,0
2018-10-01,527.39,1,40,10,0,0,1,1
2018-10-01,824.08,1,40,10,0,0,1,1
2018-10-01,139.87,1,40,10,0,0,1,1
2018-10-02,366.54,2,40,10,0,0,1,1
2018-10-03,202.81,3,40,10,0,0,0,1
2018-10-03,767.69,3,40,10,0,0,0,1
2018-10-03,326.55,3,40,10,0,0,0,1
2018-10-03,467.71,3,40,10,0,0,0,1
2018-10-04,480.53,4,40,10,0,0,0,1
2018-10-05,37184.06,5,40,10,0,0,0,1
2018-10-05,351.64,5,40,10,0,0,0,1
2018-10-05,478.99,5,40,10,0,0,0,1
2018-10-06,3046.88,6,40,10,1,0,0,1
2018-10-06,183.51,6,40,10,1,0,0,1
2018-10-06,155.91,6,40,10,1,0,0,1
2018-10-06,561.84,6,40,10,1,0,0,1
2018-10-07,155.39,7,40,10,1,0,0,1
2018-10-07,2969.0,7,40,10,1,0,0,1
2018-10-07,1002.09,7,40,10,1,0,0,1
2018-10-07,366.9,7,40,10,1,0,0,1
2018-10-08,8691.83,8,41,10,0,0,0,1
2018-10-08,878.19,8,41,10,0,0,0,1
2018-10-09,493.77,9,41,10,0,0,0,1
2018-10-10,164.84,10,41,10,0,0,0,1
2018-10-10,735.32,10,41,10,0,0,0,1
2018-10-11,33955.28,11,41,10,0,0,0,1
2018-10-11,606.97,11,41,10,0,0,0,1
2018-10-11,297.03,11,41,10,0,0,0,1
2018-10-12,348.96,12,41,10,0,0,0,1
2018-10-12,47321.64,12,41,10,0,0,0,1
2018-10-12,5035.76,12,41,10,0,0,0,1
2018-10-12,4020.55,12,41,10,0,0,0,1
2018-10-12,565.53,12,41,10,0,0,0,1
2018-10-12,3223.32,12,41,10,0,0,0,1
2018-10-12,340.08,12,41,10,0,0,0,1
2018-10-13,3786.34,13,41,10,1,0,0,1
2018-10-13,36629.5,13,41,10,1,0,0,1
2018-10-13,147.01,13,41,10,1,0,0,1
2018-10-14,683.14,14,41,10,1,0,0,1
2018-10-15,1001.89,15,42,10,0,0,0,1
2018-10-15,225.65,15,42,10,0,0,0,1
2018-10-15,4124.8,15,42,10,0,0,0,1
2018-10-15,319.73,15,42,10,0,0,0,1
2018-10-16,5399.27,16,42,10,0,0,0,1
2018-10-16,1268.37,16,42,10,0,0,0,1
2018-10-16,716.37,16,42,10,0,0,0,1
2018-10-16,553.34,16,42,10,0,0,0,1
2018-10-16,590.1,16,42,10,0,0,0,1
2018-10-16,1742.44,16,42,10,0,0,0,1
2018-10-16,692.76,16,42,10,0,0,0,1
2018-10-17,1777.27,17,42,10,0,0,0,1
2018-10-17,527.35,17,42,10,0,0,0,1
2018-10-18,658.32,18,42,10,0,0,0,1
2018-10-18,1634.35,18,42,10,0,0,0,1
2018-10-18,517.85,18,42,10,0,0,0,1
2018-10-19,379.78,19,42,10,0,0,0,1
2018-10-19,329.26,19,42,10,0,0,0,1
2018-10-20,1777.45,20,42,10,1,0,0,1
2018-10-20,1469.11,20,42,10,1,0,0,1
2018-10-20,510.12,20,42,10,1,0,0,1
2018-10-20,3455.11,20,42,10,1,0,0,1
2018-10-21,3188.09,21,42,10,1,0,0,1
2018-10-21,1344.73,21,42,10,1,0,0,1
2018-10-21,313.41,21,42,10,1,0,0,1
2018-10-22,206.8,22,43,10,0,0,0,1
2018-10-22,167.03,22,43,10,0,0,0,1
2018-10-22,1086.21,22,43,10,0,0,0,1
2018-10-23,1789.78,23,43,10,0,0,0,1
2018-10-23,504.71,23,43,10,0,0,0,1
2018-10-23,3081.25,23,43,10,0,0,0,1
2018-10-23,143.32,23,43,10,0,0,0,1
2018-10-23,474.49,23,43,10,0,0,0,1
2018-10-24,5121.78,24,43,10,0,0,0,1
2018-10-24,777.85,24,43,10,0,0,0,1
2018-10-24,3418.3,24,43,10,0,0,0,1
2018-10-25,1734.05,25,43,10,0,0,1,1
2018-10-25,1080.06,25,43,10,0,0,1,1
2018-10-25,549.54,25,43,10,0,0,1,1
2018-10-26,43257.38,26,43,10,0,0,1,1
2018-10-26,1132.92,26,43,10,0,0,1,1
2018-10-27,183.83,27,43,10,1,0,1,1
2018-10-28,3089.02,28,43,10,1,0,1,1
2018-10-29,7996.21,29,44,10,0,0,1,1
2018-10-29,145.09,29,44,10,0,0,1,1
2018-10-29,1016.07,29,44,10,0,0,1,1
2018-10-29,1029.87,29,44,10,0,0,1,1
2018-10-30,1326.45,30,44,10,0,0,1,1
2018-10-30,539.81,30,44,10,0,0,1,1
2018-10-30,3108.81,30,44,10,0,0,1,1
2018-10-30,1125.77,30,44,10,0,0,1,1
2018-10-30,979.0,30,44,10,0,0,1,1
2018-10-31,3116.17,31,44,10,0,1,1,1
2018-10-31,1724.33,31,44,10,0,1,1,1
2018-10-31,404.08,31,44,10,0,1,1,1
2018-10-31,562.34,31,44,10,0,1,1,1
2018-11-01,1267.7,1,44,11,0,0,1,1
2018-11-01,3626.73,1,44,11,0,0,1,1
2018-11-02,5293.45,2,44,11,0,0,1,1
2018-11-02,4521.28,2,44,11,0,0,1,1
2018-11-02,359.66,2,44,11,0,0,1,1
2018-11-04,561.44,4,44,11,1,0,0,1
2018-11-04,5261.72,4,44,11,1,0,0,1
2018-11-04,504.7,4,44,11,1,0,0,1
2018-11-04,4735.75,4,44,11,1,0,0,1
2018-11-04,481.31,4,44,11,1,0,0,1
2018-11-04,315.53,4,44,11,1,0,0,1
2018-11-04,293.29,4,44,11,1,0,0,1
2018-11-04,1112.88,4,44,11,1,0,0,1
2018-11-05,36944.2,5,45,11,0,0,0,1
2018-11-05,448.12,5,45,11,0,0,0,1
2018-11-05,523.61,5,45,11,0,0,0,1
2018-11-05,470.81,5,45,11,0,0,0,1
2018-11-05,1779.1,5,45,11,0,0,0,1
2018-11-06,405.79,6,45,11,0,0,0,1
2018-11-06,556.42,6,45,11,0,0,0,1
2018-11-06,506.3,6,45,11,0,0,0,1
2018-11-06,469.9,6,45,11,0,0,0,1
2018-11-06,484.36,6,45,11,0,0,0,1
2018-11-07,161.44,7,45,11,0,0,0,1
2018-11-07,8766.29,7,45,11,0,0,0,1
2018-11-07,1773.92,7,45,11,0,0,0,1
2018-11-07,8837.97,7,45,11,0,0,0,1
2018-11-07,551.33,7,45,11,0,0,0,1
2018-11-07,311.12,7,45,11,0,0,0,1
2018-11-08,571.26,8,45,11,0,0,0,1
2018-11-08,3556.06,8,45,11,0,0,0,1
2018-11-08,2822.94,8,45,11,0,0,0,1
2018-11-08,1389.0,8,45,11,0,0,0,1
2018-11-09,4261.72,9,45,11,0,0,0,1
2018-11-09,5187.31,9,45,11,0,0,0,1
2018-11-09,318.78,9,45,11,0,0,0,1
2018-11-09,153.32,9,45,11,0,0,0,1
2018-11-09,45909.56,9,45,11,0,0,0,1
2018-11-09,473.16,9,45,11,0,0,0,1
2018-11-10,551.56,10,45,11,1,0,0,1
2018-11-10,2411.38,10,45,11,1,0,0,1
2018-11-10,1082.28,10,45,11,1,0,0,1
2018-11-10,604.65,10,45,11,1,0,0,1
2018-11-10,1086.98,10,45,11,1,0,0,1
2018-11-10,513.86,10,45,11,1,0,0,1
2018-11-10,485.11,10,45,11,1,0,0,1
2018-11-11,5481.5,11,45,11,1,0,0,1
2018-11-11,2594.12,11,45,11,1,0,0,1
2018-11-11,35502.8,11,45,11,1,0,0,1
2018-11-11,509.7,11,45,11,1,0,0,1
2018-11-11,1250.82,11,45,11,1,0,0,1
2018-11-11,548.31,11,45,11,1,0,0,1
2018-11-12,500.83,12,46,11,0,0,0,1
2018-11-12,540.44,12,46,11,0,0,0,1
2018-11-13,288.29,13,46,11,0,0,0,1
2018-11-14,5252.32,14,46,11,0,0,0,1
2018-11-14,2431.4,14,46,11,0,0,0,1
2018-11-15,8736.68,15,46,11,0,0,0,1
2018-11-15,5839.94,15,46,11,0,0,0,1
2018-11-15,476.97,15,46,11,0,0,0,1
2018-11-16,4374.81,16,46,11,0,0,0,1
2018-11-16,306.03,16,46,11,0,0,0,1
2018-11-16,887.98,16,46,11,0,0,0,1
2018-11-17,3420.41,17,46,11,1,0,0,1
2018-11-17,509.82,17,46,11,1,0,0,1
2018-11-18,5677.07,18,46,11,1,0,0,1
2018-11-18,298.35,18,46,11,1,0,0,1
2018-11-18,594.13,18,46,11,1,0,0,1
2018-11-18,465.99,18,46,11,1,0,0,1
2018-11-19,292.72,19,47,11,0,0,0,1
2018-11-19,295.77,19,47,11,0,0,0,1
2018-11-20,1387.53,20,47,11,0,0,0,1
2018-11-20,494.16,20,47,11,0,0,0,1
2018-11-20,564.4,20,47,11,0,0,0,1
2018-11-21,4567.15,21,47,11,0,0,0,1
2018-11-21,2647.46,21,47,11,0,0,0,1
2018-11-21,1599.82,21,47,11,0,0,0,1
2018-11-21,1666.96,21,47,11,0,0,0,1
2018-11-22,649.46,22,47,11,0,0,0,1
2018-11-23,1519.38,23,47,11,0,0,0,1
2018-11-23,45221.46,23,47,11,0,0,0,1
2018-11-23,5240.42,23,47,11,0,0,0,1
2018-11-23,449.27,23,47,11,0,0,0,1
2018-11-23,2631.16,23,47,11,0,0,0,1
2018-11-24,295.71,24,47,11,1,0,0,1
2018-11-24,325.25,24,47,11,1,0,0,1
2018-11-24,1408.53,24,47,11,1,0,0,1
2018-11-24,1397.04,24,47,11,1,0,0,1
2018-11-26,5802.38,26,48,11,0,0,1,1
2018-11-26,375.14,26,48,11,0,0,1,1
2018-11-26,364.78,26,48,11,0,0,1,1
2018-11-27,512.76,27,48,11,0,0,1,1
2018-11-27,487.06,27,48,11,0,0,1,1
2018-11-27,484.85,27,48,11,0,0,1,1
2018-11-28,3316.39,28,48,11,0,0,1,1
2018-11-28,578.96,28,48,11,0,0,1,1
2018-11-28,1264.74,28,48,11,0,0,1,1
2018-11-29,4769.98,29,48,11,0,0,1,1
2018-11-29,3568.44,29,48,11,0,0,1,1
2018-11-29,515.27,29,48,11,0,0,1,1
2018-11-29,552.59,29,48,11,0,0,1,1
2018-11-30,406.09,30,48,11,0,1,1,1
2018-11-30,299.15,30,48,11,0,1,1,1
2018-11-30,368.75,30,48,11,0,1,1,1
2018-12-01,674.45,1,48,12,1,0,1,1
2018-12-01,598.67,1,48,12,1,0,1,1
2018-12-01,818.9,1,48,12,1,0,1,1
2018-12-01,530.92,1,48,12,1,0,1,1
2018-12-01,555.83,1,48,12,1,0,1,1
2018-12-01,650.12,1,48,12,1,0,1,1
2018-12-02,2877.4,2,48,12,1,0,1,1
2018-12-02,934.48,2,48,12,1,0,1,1
2018-12-02,1359.49,2,48,12,1,0,1,1
2018-12-02,1795.62,2,48,12,1,0,1,1
2018-12-03,262.01,3,49,12,0,0,0,1
2018-12-03,464.78,3,49,12,0,0,0,1
2018-12-04,5304.78,4,49,12,0,0,0,1
2018-12-04,918.98,4,49,12,0,0,0,1
2018-12-04,2727.12,4,49,12,0,0,0,1
2018-12-05,2744.91,5,49,12,0,0,0,1
2018-12-05,621.04,5,49,12,0,0,0,1
2018-12-05,827.96,5,49,12,0,0,0,1
2018-12-05,619.11,5,49,12,0,0,0,1
2018-12-06,2754.12,6,49,12,0,0,0,1
2018-12-06,35440.28,6,49,12,0,0,0,1
2018-12-06,947.85,6,49,12,0,0,0,1
2018-12-06,816.89,6,49,12,0,0,0,1
2018-12-07,43192.48,7,49,12,0,0,0,1
2018-12-07,633.9,7,49,12,0,0,0,1
2018-12-07,2872.37,7,49,12,0,0,0,1
2018-12-07,165.24,7,49,12,0,0,0,1
2018-12-07,483.6,7,49,12,0,0,0,1
2018-12-07,196.06,7,49,12,0,0,0,1
2018-12-07,861.89,7,49,12,0,0,0,1
2018-12-07,582.15,7,49,12,0,0,0,1
2018-12-07,143.62,7,49,12,0,0,0,1
2018-12-08,650.01,8,49,12,1,0,0,1
2018-12-08,2714.52,8,49,12,1,0,0,1
2018-12-08,636.73,8,49,12,1,0,0,1
2018-12-08,2810.58,8,49,12,1,0,0,1
2018-12-08,304.97,8,49,12,1,0,0,1
2018-12-08,554.18,8,49,12,1,0,0,1
2018-12-08,1607.57,8,49,12,1,0,0,1
2018-12-09,209.32,9,49,12,1,0,0,1
2018-12-09,769.63,9,49,12,1,0,0,1
2018-12-09,580.56,9,49,12,1,0,0,1
2018-12-09,481.0,9,49,12,1,0,0,1
2018-12-10,1658.93,10,50,12,0,0,0,1
2018-12-10,1601.77,10,50,12,0,0,0,1
2018-12-11,618.37,11,50,12,0,0,0,1
2018-12-11,622.35,11,50,12,0,0,0,1
2018-12-11,926.04,11,50,12,0,0,0,1
2018-12-12,776.35,12,50,12,0,0,0,1
2018-12-12,197.09,12,50,12,0,0,0,1
2018-12-12,2983.71,12,50,12,0,0,0,1
2018-12-12,215.99,12,50,12,0,0,0,1
2018-12-12,523.23,12,50,12,0,0,0,1
2018-12-13,1555.41,13,50,12,0,0,0,1
2018-12-13,2982.58,13,50,12,0,0,0,1
2018-12-13,142.07,13,50,12,0,0,0,1
2018-12-14,5132.18,14,50,12,0,0,0,1
2018-12-14,8185.52,14,50,12,0,0,0,1
2018-12-14,653.11,14,50,12,0,0,0,1
2018-12-14,604.07,14,50,12,0,0,0,1
2018-12-14,3066.9,14,50,12,0,0,0,1
2018-12-14,320.81,14,50,12,0,0,0,1
2018-12-14,2946.14,14,50,12,0,0,0,1
2018-12-15,613.09,15,50,12,1,0,0,1
2018-12-15,788.08,15,50,12,1,0,0,1
2018-12-15,634.55,15,50,12,1,0,0,1
2018-12-15,281.29,15,50,12,1,0,0,1
2018-12-15,486.42,15,50,12,1,0,0,1
2018-12-16,3976.73,16,50,12,1,0,0,1
2018-12-16,3973.79,16,50,12,1,0,0,1
2018-12-16,36912.26,16,50,12,1,0,0,1
2018-12-16,2993.91,16,50,12,1,0,0,1
2018-12-17,889.26,17,51,12,0,0,0,1
2018-12-17,768.46,17,51,12,0,0,0,1
2018-12-18,618.98,18,51,12,0,0,0,1
2018-12-18,1344.6,18,51,12,0,0,0,1
2018-12-18,140.09,18,51,12,0,0,0,1
2018-12-18,498.72,18,51,12,0,0,0,1
2018-12-18,1537.58,18,51,12,0,0,0,1
2018-12-19,35938.24,19,51,12,0,0,0,1
2018-12-19,1432.92,19,51,12,0,0,0,1
2018-12-20,605.92,20,51,12,0,0,0,1
2018-12-20,605.22,20,51,12,0,0,0,1
2018-12-21,43021.08,21,51,12,0,0,0,1
2018-12-21,619.81,21,51,12,0,0,0,1
2018-12-21,808.4,21,51,12,0,0,0,1
2018-12-21,1869.23,21,51,12,0,0,0,1
2018-12-22,463.27,22,51,12,1,0,0,1
2018-12-22,496.33,22,51,12,1,0,0,1
2018-12-22,568.44,22,51,12,1,0,0,1
2018-12-23,504.3,23,51,12,1,0,0,1
2018-12-23,3807.92,23,51,12,1,0,0,1
2018-12-23,1412.66,23,51,12,1,0,0,1
2018-12-23,150.41,23,51,12,1,0,0,1
2018-12-24,155.98,24,52,12,0,0,0,1
2018-12-24,210.37,24,52,12,0,0,0,1
2018-12-24,844.18,24,52,12,0,0,0,1
2018-12-24,512.04,24,52,12,0,0,0,1
2018-12-25,497.52,25,52,12,0,0,1,1
2018-12-25,599.38,25,52,12,0,0,1,1
2018-12-26,6169.13,26,52,12,0,0,1,1
2018-12-26,529.35,26,52,12,0,0,1,1
2018-12-26,5500.8,26,52,12,0,0,1,1
2018-12-26,850.11,26,52,12,0,0,1,1
2018-12-27,794.56,27,52,12,0,0,1,1
2018-12-27,8464.53,27,52,12,0,0,1,1
2018-12-27,198.97,27,52,12,0,0,1,1
2018-12-27,598.87,27,52,12,0,0,1,1
2018-12-28,6382.13,28,52,12,0,0,1,1
2018-12-28,215.22,28,52,12,0,0,1,1
2018-12-28,1501.86,28,52,12,0,0,1,1
2018-12-28,2770.52,28,52,12,0,0,1,1
2018-12-28,1568.88,28,52,12,0,0,1,1
2018-12-29,2681.27,29,52,12,1,0,1,1
2018-12-29,204.03,29,52,12,1,0,1,1
2018-12-29,1443.06,29,52,12,1,0,1,1
2018-12-30,891.76,30,52,12,1,0,1,1
2018-12-30,190.89,30,52,12,1,0,1,1
2018-12-31,3643.83,31,1,12,0,1,1,1
2018-12-31,284.36,31,1,12,0,1,1,1
2018-12-31,1585.78,31,1,12,0,1,1,1
2018-12-31,1901.01,31,1,12,0,1,1,1
2018-12-31,561.28,31,1,12,0,1,1,1
2018-12-31,140.53,31,1,12,0,1,1,1
2019-01-01,506.82,1,1,1,0,0,1,0
2019-01-02,3862.23,2,1,1,0,0,1,0
2019-01-02,8417.29,2,1,1,0,0,1,0
2019-01-02,2600.25,2,1,1,0,0,1,0
2019-01-04,47629.13,4,1,1,0,0,0,0
2019-01-04,2980.44,4,1,1,0,0,0,0
2019-01-04,557.1,4,1,1,0,0,0,0
2019-01-04,341.83,4,1,1,0,0,0,0
2019-01-05,2653.0,5,1,1,1,0,0,0
2019-01-05,2767.37,5,1,1,1,0,0,0
2019-01-06,3992.9,6,1,1,1,0,0,0
2019-01-06,323.45,6,1,1,1,0,0,0
2019-01-06,807.49,6,1,1,1,0,0,0
2019-01-08,217.17,8,2,1,0,0,0,0
2019-01-08,487.95,8,2,1,0,0,0,0
2019-01-09,3974.1,9,2,1,0,0,0,0
2019-01-09,8205.32,9,2,1,0,0,0,0
2019-01-09,206.86,9,2,1,0,0,0,0
2019-01-09,158.79,9,2,1,0,0,0,0
2019-01-10,1646.73,10,2,1,0,0,0,0
2019-01-10,327.07,10,2,1,0,0,0,0
2019-01-10,505.29,10,2,1,0,0,0,0
2019-01-11,2750.46,11,2,1,0,0,0,0
2019-01-11,709.99,11,2,1,0,0,0,0
2019-01-11,1396.17,11,2,1,0,0,0,0
2019-01-11,1487.7,11,2,1,0,0,0,0
2019-01-12,2917.53,12,2,1,1,0,0,0
2019-01-13,3769.36,13,2,1,1,0,0,0
2019-01-14,716.92,14,3,1,0,0,0,0
2019-01-14,8142.13,14,3,1,0,0,0,0
2019-01-14,464.29,14,3,1,0,0,0,0
2019-01-15,193.09,15,3,1,0,0,0,0
2019-01-15,7683.66,15,3,1,0,0,0,0
2019-01-15,12909.44,15,3,1,0,0,0,0
2019-01-17,4184.85,17,3,1,0,0,0,0
2019-01-18,2631.84,18,3,1,0,0,0,0
2019-01-18,4940.38,18,3,1,0,0,0,0
2019-01-18,46672.79,18,3,1,0,0,0,0
2019-01-18,189.02,18,3,1,0,0,0,0
2019-01-18,2864.57,18,3,1,0,0,0,0
2019-01-19,2774.32,19,3,1,1,0,0,0
2019-01-20,1348.78,20,3,1,1,0,0,0
2019-01-21,5128.33,21,4,1,0,0,0,0
2019-01-22,5034.48,22,4,1,0,0,0,0
2019-01-22,834.96,22,4,1,0,0,0,0
2019-01-24,4107.1,24,4,1,0,0,0,0
2019-01-24,12734.71,24,4,1,0,0,0,0
2019-01-24,1297.35,24,4,1,0,0,0,0
2019-01-25,5528.32,25,4,1,0,0,1,0
2019-01-25,2804.23,25,4,1,0,0,1,0
2019-01-25,3913.21,25,4,1,0,0,1,0
2019-01-26,4190.36,26,4,1,1,0,1,0
2019-01-26,538.24,26,4,1,1,0,1,0
2019-01-27,549.88,27,4,1,1,0,1,0
2019-01-27,562.61,27,4,1,1,0,1,0
2019-01-27,843.15,27,4,1,1,0,1,0
2019-01-27,1521.11,27,4,1,1,0,1,0
2019-01-28,810.03,28,5,1,0,0,1,0
2019-01-29,551.16,29,5,1,0,0,1,0
2019-01-29,4185.17,29,5,1,0,0,1,0
2019-01-29,312.38,29,5,1,0,0,1,0
2019-01-30,2732.35,30,5,1,0,0,1,0
2019-01-30,149.74,30,5,1,0,0,1,0
2019-01-30,13167.99,30,5,1,0,0,1,0
2019-01-30,582.32,30,5,1,0,0,1,0
2019-02-01,47470.07,1,5,2,0,0,1,0
2019-02-01,140.73,1,5,2,0,0,1,0
2019-02-01,592.08,1,5,2,0,0,1,0
2019-02-01,570.94,1,5,2,0,0,1,0
2019-02-01,557.21,1,5,2,0,0,1,0
2019-02-01,1418.74,1,5,2,0,0,1,0
2019-02-01,2377.18,1,5,2,0,0,1,0
2019-02-03,191.4,3,5,2,1,0,0,0
2019-02-03,1035.68,3,5,2,1,0,0,0
2019-02-04,302.93,4,6,2,0,0,0,0
2019-02-04,2863.97,4,6,2,0,0,0,0
2019-02-04,1383.29,4,6,2,0,0,0,0
2019-02-05,1734.88,5,6,2,0,0,0,0
2019-02-05,1549.97,5,6,2,0,0,0,0
2019-02-05,519.82,5,6,2,0,0,0,0
2019-02-06,211.18,6,6,2,0,0,0,0
2019-02-06,609.07,6,6,2,0,0,0,0
2019-02-07,155.87,7,6,2,0,0,0,0
2019-02-07,5293.45,7,6,2,0,0,0,0
2019-02-07,1303.83,7,6,2,0,0,0,0
2019-02-08,206.2,8,6,2,0,0,0,0
2019-02-08,5511.21,8,6,2,0,0,0,0
2019-02-08,3123.49,8,6,2,0,0,0,0
2019-02-08,1384.93,8,6,2,0,0,0,0
2019-02-08,330.42,8,6,2,0,0,0,0
2019-02-09,8241.22,9,6,2,1,0,0,0
2019-02-10,2302.29,10,6,2,1,0,0,0
2019-02-10,203.16,10,6,2,1,0,0,0
2019-02-11,1370.51,11,7,2,0,0,0,0
2019-02-11,215.37,11,7,2,0,0,0,0
2019-02-11,1741.12,11,7,2,0,0,0,0
2019-02-11,429.28,11,7,2,0,0,0,0
2019-02-11,478.12,11,7,2,0,0,0,0
2019-02-12,8033.57,12,7,2,0,0,0,0
2019-02-12,2611.84,12,7,2,0,0,0,0
2019-02-12,355.15,12,7,2,0,0,0,0
2019-02-12,1183.9,12,7,2,0,0,0,0
2019-02-13,139.64,13,7,2,0,0,0,0
2019-02-13,440.64,13,7,2,0,0,0,0
2019-02-14,359.97,14,7,2,0,0,0,0
2019-02-14,406.35,14,7,2,0,0,0,0
2019-02-15,45113.26,15,7,2,0,0,0,0
2019-02-15,2230.95,15,7,2,0,0,0,0
2019-02-15,2134.04,15,7,2,0,0,0,0
2019-02-15,2210.16,15,7,2,0,0,0,0
2019-02-16,5454.75,16,7,2,1,0,0,0
2019-02-17,1252.66,17,7,2,1,0,0,0
2019-02-18,2129.89,18,8,2,0,0,0,0
2019-02-18,168.3,18,8,2,0,0,0,0
2019-02-18,147.88,18,8,2,0,0,0,0
2019-02-18,148.91,18,8,2,0,0,0,0
2019-02-19,5241.98,19,8,2,0,0,0,0
2019-02-19,335.13,19,8,2,0,0,0,0
2019-02-19,579.11,19,8,2,0,0,0,0
2019-02-19,1361.83,19,8,2,0,0,0,0
2019-02-20,1291.23,20,8,2,0,0,0,0
2019-02-20,998.98,20,8,2,0,0,0,0
2019-02-22,307.75,22,8,2,0,0,0,0
2019-02-22,7562.85,22,8,2,0,0,0,0
2019-02-22,2861.49,22,8,2,0,0,0,0
2019-02-22,195.02,22,8,2,0,0,0,0
2019-02-22,473.8,22,8,2,0,0,0,0
2019-02-22,603.44,22,8,2,0,0,0,0
2019-02-22,1073.64,22,8,2,0,0,0,0
2019-02-23,2884.01,23,8,2,1,0,0,0
2019-02-23,969.0,23,8,2,1,0,0,0
2019-02-24,4379.95,24,8,2,1,0,0,0
2019-02-24,2842.66,24,8,2,1,0,0,0
2019-02-24,1251.79,24,8,2,1,0,0,0
2019-02-24,8247.75,24,8,2,1,0,0,0
2019-02-24,1557.24,24,8,2,1,0,0,0
2019-02-25,2236.24,25,9,2,0,0,1,0
2019-02-25,2636.98,25,9,2,0,0,1,0
2019-02-26,2276.12,26,9,2,0,0,1,0
2019-02-26,1864.76,26,9,2,0,0,1,0
2019-02-26,5207.05,26,9,2,0,0,1,0
2019-02-26,3056.39,26,9,2,0,0,1,0
2019-02-27,5176.8,27,9,2,0,0,1,0
2019-02-27,351.84,27,9,2,0,0,1,0
2019-02-28,146.35,28,9,2,0,1,1,0
2019-02-28,334.14,28,9,2,0,1,1,0
2019-03-01,46079.52,1,9,3,0,0,1,0
2019-03-01,223.63,1,9,3,0,0,1,0
2019-03-01,196.47,1,9,3,0,0,1,0
2019-03-02,307.34,2,9,3,1,0,1,0
2019-03-02,941.25,2,9,3,1,0,1,0
2019-03-03,2677.34,3,9,3,1,0,0,0
2019-03-03,824.94,3,9,3,1,0,0,0
2019-03-03,2971.52,3,9,3,1,0,0,0
2019-03-03,626.9,3,9,3,1,0,0,0
2019-03-04,6927.22,4,10,3,0,0,0,0
2019-03-04,625.1,4,10,3,0,0,0,0
2019-03-04,626.58,4,10,3,0,0,0,0
2019-03-04,2927.52,4,10,3,0,0,0,0
2019-03-05,4387.47,5,10,3,0,0,0,0
2019-03-06,5519.31,6,10,3,0,0,0,0
2019-03-06,23465.16,6,10,3,0,0,0,0
2019-03-06,3230.58,6,10,3,0,0,0,0
2019-03-06,182.27,6,10,3,0,0,0,0
2019-03-06,181.57,6,10,3,0,0,0,0
2019-03-07,206.14,7,10,3,0,0,0,0
2019-03-07,160.61,7,10,3,0,0,0,0
2019-03-07,434.59,7,10,3,0,0,0,0
2019-03-07,352.89,7,10,3,0,0,0,0
2019-03-08,23232.05,8,10,3,0,0,0,0
2019-03-09,2870.64,9,10,3,1,0,0,0
2019-03-09,8351.13,9,10,3,1,0,0,0
2019-03-09,8448.99,9,10,3,1,0,0,0
2019-03-09,165.96,9,10,3,1,0,0,0
2019-03-09,181.57,9,10,3,1,0,0,0
2019-03-11,1295.71,11,11,3,0,0,0,0
2019-03-12,2205.68,12,11,3,0,0,0,0
2019-03-12,3450.89,12,11,3,0,0,0,0
2019-03-12,474.05,12,11,3,0,0,0,0
2019-03-13,2794.2,13,11,3,0,0,0,0
2019-03-14,2683.09,14,11,3,0,0,0,0
2019-03-14,207.92,14,11,3,0,0,0,0
2019-03-15,44565.02,15,11,3,0,0,0,0
2019-03-15,2426.06,15,11,3,0,0,0,0
2019-03-15,2667.26,15,11,3,0,0,0,0
2019-03-16,8252.31,16,11,3,1,0,0,0
2019-03-16,192.49,16,11,3,1,0,0,0
2019-03-16,2424.61,16,11,3,1,0,0,0
2019-03-16,463.89,16,11,3,1,0,0,0
2019-03-17,1319.01,17,11,3,1,0,0,0
2019-03-17,6956.02,17,11,3,1,0,0,0
2019-03-17,197.52,17,11,3,1,0,0,0
2019-03-17,562.87,17,11,3,1,0,0,0
2019-03-18,3796.41,18,12,3,0,0,0,0
2019-03-18,5188.22,18,12,3,0,0,0,0
2019-03-18,365.1,18,12,3,0,0,0,0
2019-03-19,212.27,19,12,3,0,0,0,0
2019-03-19,191.9,19,12,3,0,0,0,0
2019-03-20,150.5,20,12,3,0,0,0,0
2019-03-20,144.31,20,12,3,0,0,0,0
2019-03-20,8675.42,20,12,3,0,0,0,0
2019-03-20,4130.01,20,12,3,0,0,0,0
2019-03-20,570.7,20,12,3,0,0,0,0
2019-03-20,539.87,20,12,3,0,0,0,0
2019-03-20,569.72,20,12,3,0,0,0,0
2019-03-21,2787.0,21,12,3,0,0,0,0
2019-03-21,3373.49,21,12,3,0,0,0,0
2019-03-21,193.66,21,12,3,0,0,0,0
2019-03-21,728.41,21,12,3,0,0,0,0
2019-03-22,6998.92,22,12,3,0,0,0,0
2019-03-23,880.77,23,12,3,1,0,0,0
2019-03-23,3514.06,23,12,3,1,0,0,0
2019-03-24,1269.07,24,12,3,1,0,0,0
2019-03-24,2728.77,24,12,3,1,0,0,0
2019-03-24,3294.51,24,12,3,1,0,0,0
2019-03-26,296.46,26,13,3,0,0,1,0
2019-03-26,653.84,26,13,3,0,0,1,0
2019-03-27,7965.89,27,13,3,0,0,1,0
2019-03-27,697.43,27,13,3,0,0,1,0
2019-03-27,2734.38,27,13,3,0,0,1,0
2019-03-29,44479.59,29,13,3,0,0,1,0
2019-03-29,190.83,29,13,3,0,0,1,0
2019-03-29,2659.6,29,13,3,0,0,1,0
2019-03-30,176.49,30,13,3,1,0,1,0
2019-03-30,636.3,30,13,3,1,0,1,0
2019-03-30,193.51,30,13,3,1,0,1,0
2019-03-30,184.08,30,13,3,1,0,1,0
2019-03-31,225.02,31,13,3,1,1,1,0
2019-04-01,3557.34,1,14,4,0,0,1,0
2019-04-01,1205.33,1,14,4,0,0,1,0
2019-04-01,475.75,1,14,4,0,0,1,0
2019-04-02,454.3,2,14,4,0,0,1,0
2019-04-02,1182.78,2,14,4,0,0,1,0
2019-04-02,4645.18,2,14,4,0,0,1,0
2019-04-02,309.86,2,14,4,0,0,1,0
2019-04-03,163.24,3,14,4,0,0,0,0
2019-04-03,1335.95,3,14,4,0,0,0,0
2019-04-03,524.96,3,14,4,0,0,0,0
2019-04-03,727.83,3,14,4,0,0,0,0
2019-04-03,448.69,3,14,4,0,0,0,0
2019-04-04,2661.76,4,14,4,0,0,0,0
2019-04-04,467.05,4,14,4,0,0,0,0
2019-04-06,3600.63,6,14,4,1,0,0,0
2019-04-06,301.98,6,14,4,1,0,0,0
2019-04-06,3566.5,6,14,4,1,0,0,0
2019-04-06,2964.03,6,14,4,1,0,0,0
2019-04-06,1535.77,6,14,4,1,0,0,0
2019-04-07,421.85,7,14,4,1,0,0,0
2019-04-07,8600.84,7,14,4,1,0,0,0
2019-04-07,4823.08,7,14,4,1,0,0,0
2019-04-07,1448.56,7,14,4,1,0,0,0
2019-04-07,703.5,7,14,4,1,0,0,0
2019-04-08,8639.82,8,15,4,0,0,0,0
2019-04-08,3783.73,8,15,4,0,0,0,0
2019-04-08,623.73,8,15,4,0,0,0,0
2019-04-09,3810.92,9,15,4,0,0,0,0
2019-04-10,2562.65,10,15,4,0,0,0,0
2019-04-11,287.99,11,15,4,0,0,0,0
2019-04-11,505.76,11,15,4,0,0,0,0
2019-04-11,569.53,11,15,4,0,0,0,0
2019-04-12,190.78,12,15,4,0,0,0,0
2019-04-12,5246.0,12,15,4,0,0,0,0
2019-04-12,45024.58,12,15,4,0,0,0,0
2019-04-12,1411.53,12,15,4,0,0,0,0
2019-04-13,8141.15,13,15,4,1,0,0,0
2019-04-14,8404.06,14,15,4,1,0,0,0
2019-04-14,743.01,14,15,4,1,0,0,0
2019-04-14,488.81,14,15,4,1,0,0,0
2019-04-15,2527.02,15,16,4,0,0,0,0
2019-04-15,1164.25,15,16,4,0,0,0,0
2019-04-15,691.86,15,16,4,0,0,0,0
2019-04-16,4788.63,16,16,4,0,0,0,0
2019-04-16,3540.34,16,16,4,0,0,0,0
2019-04-16,243.58,16,16,4,0,0,0,0
2019-04-16,4667.24,16,16,4,0,0,0,0
2019-04-16,463.09,16,16,4,0,0,0,0
2019-04-16,916.81,16,16,4,0,0,0,0
2019-04-16,3776.72,16,16,4,0,0,0,0
2019-04-16,1179.34,16,16,4,0,0,0,0
2019-04-16,1228.11,16,16,4,0,0,0,0
2019-04-17,1302.67,17,16,4,0,0,0,0
2019-04-17,211.71,17,16,4,0,0,0,0
2019-04-17,957.01,17,16,4,0,0,0,0
2019-04-17,3613.89,17,16,4,0,0,0,0
2019-04-18,7592.08,18,16,4,0,0,0,0
2019-04-18,1559.99,18,16,4,0,0,0,0
2019-04-18,3896.18,18,16,4,0,0,0,0
2019-04-18,2400.0,18,16,4,0,0,0,0
2019-04-19,755.97,19,16,4,0,0,0,0
2019-04-20,294.4,20,16,4,1,0,0,0
2019-04-20,2690.99,20,16,4,1,0,0,0
2019-04-20,1196.02,20,16,4,1,0,0,0
2019-04-21,167.15,21,16,4,1,0,0,0
2019-04-21,235.31,21,16,4,1,0,0,0
2019-04-21,609.69,21,16,4,1,0,0,0
2019-04-21,956.14,21,16,4,1,0,0,0
2019-04-21,939.75,21,16,4,1,0,0,0
2019-04-22,4354.13,22,17,4,0,0,0,0
2019-04-22,4804.61,22,17,4,0,0,0,0
2019-04-22,568.8,22,17,4,0,0,0,0
2019-04-22,4865.74,22,17,4,0,0,0,0
2019-04-23,2718.47,23,17,4,0,0,0,0
2019-04-23,2531.75,23,17,4,0,0,0,0
2019-04-23,2975.04,23,17,4,0,0,0,0
2019-04-23,676.95,23,17,4,0,0,0,0
2019-04-24,277.8,24,17,4,0,0,0,0
2019-04-26,42783.69,26,17,4,0,0,1,0
2019-04-26,2499.95,26,17,4,0,0,1,0
2019-04-26,3735.87,26,17,4,0,0,1,0
2019-04-26,678.62,26,17,4,0,0,1,0
2019-04-27,206.63,27,17,4,1,0,1,0
2019-04-27,207.68,27,17,4,1,0,1,0
2019-04-28,285.83,28,17,4,1,0,1,0
2019-04-28,8103.93,28,17,4,1,0,1,0
2019-04-28,3628.34,28,17,4,1,0,1,0
2019-04-28,570.13,28,17,4,1,0,1,0
2019-04-28,210.81,28,17,4,1,0,1,0
2019-04-28,469.52,28,17,4,1,0,1,0
2019-04-29,3680.65,29,18,4,0,0,1,0
2019-04-29,10541.12,29,18,4,0,0,1,0
2019-04-29,152.75,29,18,4,0,0,1,0
2019-04-29,419.7,29,18,4,0,0,1,0
2019-04-29,196.8,29,18,4,0,0,1,0
2019-04-30,213.7,30,18,4,0,1,1,0
2019-04-30,3577.22,30,18,4,0,1,1,0
2019-04-30,5111.07,30,18,4,0,1,1,0
2019-05-01,3728.75,1,18,5,0,0,1,0
2019-05-03,8084.36,3,18,5,0,0,0,0
2019-05-03,1288.64,3,18,5,0,0,0,0
2019-05-03,290.2,3,18,5,0,0,0,0
2019-05-03,5623.17,3,18,5,0,0,0,0
2019-05-03,4017.31,3,18,5,0,0,0,0
2019-05-04,5410.64,4,18,5,1,0,0,0
2019-05-04,5216.66,4,18,5,1,0,0,0
2019-05-05,779.14,5,18,5,1,0,0,0
2019-05-06,3824.97,6,19,5,0,0,0,0
2019-05-06,5583.16,6,19,5,0,0,0,0
2019-05-06,3669.23,6,19,5,0,0,0,0
2019-05-06,5457.87,6,19,5,0,0,0,0
2019-05-06,409.19,6,19,5,0,0,0,0
2019-05-06,1250.66,6,19,5,0,0,0,0
2019-05-07,3415.94,7,19,5,0,0,0,0
2019-05-07,494.32,7,19,5,0,0,0,0
2019-05-07,23543.32,7,19,5,0,0,0,0
2019-05-08,402.81,8,19,5,0,0,0,0
2019-05-08,398.22,8,19,5,0,0,0,0
2019-05-09,5714.58,9,19,5,0,0,0,0
2019-05-09,7783.46,9,19,5,0,0,0,0
2019-05-09,180.93,9,19,5,0,0,0,0
2019-05-09,3419.84,9,19,5,0,0,0,0
2019-05-10,43452.98,10,19,5,0,0,0,0
2019-05-10,932.22,10,19,5,0,0,0,0
2019-05-10,383.56,10,19,5,0,0,0,0
2019-05-11,215.21,11,19,5,1,0,0,0
2019-05-11,154.11,11,19,5,1,0,0,0
2019-05-11,195.45,11,19,5,1,0,0,0
2019-05-11,673.02,11,19,5,1,0,0,0
2019-05-11,288.14,11,19,5,1,0,0,0
2019-05-12,23730.95,12,19,5,1,0,0,0
2019-05-13,308.96,13,20,5,0,0,0,0
2019-05-15,8156.13,15,20,5,0,0,0,0
2019-05-15,379.16,15,20,5,0,0,0,0
2019-05-15,8444.78,15,20,5,0,0,0,0
2019-05-15,5764.07,15,20,5,0,0,0,0
2019-05-15,3597.81,15,20,5,0,0,0,0
2019-05-15,644.02,15,20,5,0,0,0,0
2019-05-16,413.96,16,20,5,0,0,0,0
2019-05-16,578.93,16,20,5,0,0,0,0
2019-05-17,8080.37,17,20,5,0,0,0,0
2019-05-17,383.03,17,20,5,0,0,0,0
2019-05-17,1006.7,17,20,5,0,0,0,0
2019-05-17,405.6,17,20,5,0,0,0,0
2019-05-18,8214.63,18,20,5,1,0,0,0
2019-05-18,194.16,18,20,5,1,0,0,0
2019-05-18,422.08,18,20,5,1,0,0,0
2019-05-18,3300.86,18,20,5,1,0,0,0
2019-05-20,153.49,20,21,5,0,0,0,0
2019-05-20,395.0,20,21,5,0,0,0,0
2019-05-21,710.48,21,21,5,0,0,0,0
2019-05-22,489.03,22,21,5,0,0,0,0
2019-05-22,188.33,22,21,5,0,0,0,0
2019-05-23,5437.47,23,21,5,0,0,0,0
2019-05-23,833.67,23,21,5,0,0,0,0
2019-05-23,515.52,23,21,5,0,0,0,0
2019-05-23,396.33,23,21,5,0,0,0,0
2019-05-23,218.41,23,21,5,0,0,0,0
2019-05-23,3317.35,23,21,5,0,0,0,0
2019-05-24,43478.43,24,21,5,0,0,0,0
2019-05-24,828.21,24,21,5,0,0,0,0
2019-05-24,158.95,24,21,5,0,0,0,0
2019-05-25,3653.56,25,21,5,1,0,1,0
2019-05-25,399.51,25,21,5,1,0,1,0
2019-05-26,207.24,26,21,5,1,0,1,0
2019-05-26,1377.91,26,21,5,1,0,1,0
2019-05-26,223.5,26,21,5,1,0,1,0
2019-05-26,433.75,26,21,5,1,0,1,0
2019-05-26,415.12,26,21,5,1,0,1,0
2019-05-26,545.18,26,21,5,1,0,1,0
2019-05-26,706.05,26,21,5,1,0,1,0
2019-05-27,3415.45,27,22,5,0,0,1,0
2019-05-28,420.52,28,22,5,0,0,1,0
2019-05-28,958.01,28,22,5,0,0,1,0
2019-05-28,410.9,28,22,5,0,0,1,0
2019-05-28,975.18,28,22,5,0,0,1,0
2019-05-29,3445.44,29,22,5,0,0,1,0
2019-05-29,671.11,29,22,5,0,0,1,0
2019-05-30,1393.67,30,22,5,0,0,1,0
2019-05-30,3528.95,30,22,5,0,0,1,0
2019-05-30,5570.15,30,22,5,0,0,1,0
2019-05-30,539.62,30,22,5,0,0,1,0
2019-05-31,996.69,31,22,5,0,1,1,0
2019-05-31,902.76,31,22,5,0,1,1,0
2019-06-01,1547.21,1,22,6,1,0,1,0
2019-06-01,194.97,1,22,6,1,0,1,0
2019-06-01,1918.91,1,22,6,1,0,1,0
2019-06-01,842.48,1,22,6,1,0,1,0
2019-06-01,309.76,1,22,6,1,0,1,0
2019-06-02,2420.56,2,22,6,1,0,1,0
2019-06-02,147.36,2,22,6,1,0,1,0
2019-06-02,8217.82,2,22,6,1,0,1,0
2019-06-02,1982.53,2,22,6,1,0,1,0
2019-06-02,604.94,2,22,6,1,0,1,0
2019-06-02,3290.82,2,22,6,1,0,1,0
2019-06-03,1774.19,3,23,6,0,0,0,0
2019-06-03,154.03,3,23,6,0,0,0,0
2019-06-03,997.22,3,23,6,0,0,0,0
2019-06-04,5023.96,4,23,6,0,0,0,0
2019-06-04,148.97,4,23,6,0,0,0,0
2019-06-05,216.12,5,23,6,0,0,0,0
2019-06-05,1884.67,5,23,6,0,0,0,0
2019-06-05,1027.42,5,23,6,0,0,0,0
2019-06-05,3234.15,5,23,6,0,0,0,0
2019-06-06,1486.42,6,23,6,0,0,0,0
2019-06-06,3390.54,6,23,6,0,0,0,0
2019-06-06,8441.15,6,23,6,0,0,0,0
2019-06-06,3747.24,6,23,6,0,0,0,0
2019-06-06,1517.87,6,23,6,0,0,0,0
2019-06-06,3269.48,6,23,6,0,0,0,0
2019-06-07,46265.66,7,23,6,0,0,0,0
2019-06-07,549.27,7,23,6,0,0,0,0
2019-06-07,188.56,7,23,6,0,0,0,0
2019-06-07,879.25,7,23,6,0,0,0,0
2019-06-08,4963.3,8,23,6,1,0,0,0
2019-06-08,8311.09,8,23,6,1,0,0,0
2019-06-09,1402.24,9,23,6,1,0,0,0
2019-06-09,824.41,9,23,6,1,0,0,0
2019-06-10,1476.41,10,24,6,0,0,0,0
2019-06-10,1020.72,10,24,6,0,0,0,0
2019-06-11,7658.91,11,24,6,0,0,0,0
2019-06-11,1585.54,11,24,6,0,0,0,0
2019-06-11,312.06,11,24,6,0,0,0,0
2019-06-11,1534.72,11,24,6,0,0,0,0
2019-06-11,807.7,11,24,6,0,0,0,0
2019-06-11,577.3,11,24,6,0,0,0,0
2019-06-11,1000.34,11,24,6,0,0,0,0
2019-06-12,159.71,12,24,6,0,0,0,0
2019-06-12,313.98,12,24,6,0,0,0,0
2019-06-14,1803.02,14,24,6,0,0,0,0
2019-06-16,206.73,16,24,6,1,0,0,0
2019-06-16,2908.65,16,24,6,1,0,0,0
2019-06-16,811.61,16,24,6,1,0,0,0
2019-06-16,154.93,16,24,6,1,0,0,0
2019-06-17,1326.07,17,25,6,0,0,0,0
2019-06-17,833.46,17,25,6,0,0,0,0
2019-06-18,420.78,18,25,6,0,0,0,0
2019-06-18,3951.02,18,25,6,0,0,0,0
2019-06-19,8967.86,19,25,6,0,0,0,0
2019-06-19,1489.25,19,25,6,0,0,0,0
2019-06-19,8286.68,19,25,6,0,0,0,0
2019-06-19,3352.5,19,25,6,0,0,0,0
2019-06-19,157.19,19,25,6,0,0,0,0
2019-06-20,3295.5,20,25,6,0,0,0,0
2019-06-20,155.62,20,25,6,0,0,0,0
2019-06-20,159.92,20,25,6,0,0,0,0
2019-06-20,2650.73,20,25,6,0,0,0,0
2019-06-21,43178.85,21,25,6,0,0,0,0
2019-06-21,404.09,21,25,6,0,0,0,0
2019-06-21,5427.54,21,25,6,0,0,0,0
2019-06-22,8989.75,22,25,6,1,0,0,0
2019-06-23,212.97,23,25,6,1,0,0,0
2019-06-23,452.86,23,25,6,1,0,0,0
2019-06-24,208.94,24,26,6,0,0,0,0
2019-06-25,2408.91,25,26,6,0,0,1,0
2019-06-25,1041.05,25,26,6,0,0,1,0
2019-06-25,537.66,25,26,6,0,0,1,0
2019-06-26,8843.13,26,26,6,0,0,1,0
2019-06-26,8334.9,26,26,6,0,0,1,0
2019-06-26,3223.81,26,26,6,0,0,1,0
2019-06-26,3009.19,26,26,6,0,0,1,0
2019-06-27,3021.93,27,26,6,0,0,1,0
2019-06-28,2724.63,28,26,6,0,0,1,0
2019-06-30,1289.35,30,26,6,1,1,1,0
2019-06-30,1502.87,30,26,6,1,1,1,0
2019-06-30,827.88,30,26,6,1,1,1,0
2019-06-30,454.09,30,26,6,1,1,1,0
2019-06-30,454.94,30,26,6,1,1,1,0
2019-07-01,5967.97,1,27,7,0,0,1,0
2019-07-01,2504.6,1,27,7,0,0,1,0
2019-07-02,336.45,2,27,7,0,0,1,0
2019-07-02,140.44,2,27,7,0,0,1,0
2019-07-02,488.21,2,27,7,0,0,1,0
2019-07-03,201.17,3,27,7,0,0,0,0
2019-07-03,2693.4,3,27,7,0,0,0,0
2019-07-04,206.5,4,27,7,0,0,0,0
2019-07-04,2465.61,4,27,7,0,0,0,0
2019-07-04,226.02,4,27,7,0,0,0,0
2019-07-04,313.23,4,27,7,0,0,0,0
2019-07-05,2539.75,5,27,7,0,0,0,0
2019-07-05,3368.81,5,27,7,0,0,0,0
2019-07-05,62918.91,5,27,7,0,0,0,0
2019-07-05,2279.9,5,27,7,0,0,0,0
2019-07-05,3357.47,5,27,7,0,0,0,0
2019-07-06,1581.99,6,27,7,1,0,0,0
2019-07-06,478.21,6,27,7,1,0,0,0
2019-07-07,381.3,7,27,7,1,0,0,0
2019-07-07,8358.0,7,27,7,1,0,0,0
2019-07-07,660.68,7,27,7,1,0,0,0
2019-07-08,2372.47,8,28,7,0,0,0,0
2019-07-08,8425.93,8,28,7,0,0,0,0
2019-07-09,388.13,9,28,7,0,0,0,0
2019-07-09,343.18,9,28,7,0,0,0,0
2019-07-09,203.85,9,28,7,0,0,0,0
2019-07-10,1717.06,10,28,7,0,0,0,0
2019-07-10,530.73,10,28,7,0,0,0,0
2019-07-10,536.43,10,28,7,0,0,0,0
2019-07-10,709.38,10,28,7,0,0,0,0
2019-07-10,2651.57,10,28,7,0,0,0,0
2019-07-11,800.26,11,28,7,0,0,0,0
2019-07-11,411.05,11,28,7,0,0,0,0
2019-07-11,355.32,11,28,7,0,0,0,0
2019-07-11,1410.12,11,28,7,0,0,0,0
2019-07-11,1288.99,11,28,7,0,0,0,0
2019-07-12,1691.09,12,28,7,0,0,0,0
2019-07-12,332.1,12,28,7,0,0,0,0
2019-07-12,2595.06,12,28,7,0,0,0,0
2019-07-12,324.45,12,28,7,0,0,0,0
2019-07-12,188.77,12,28,7,0,0,0,0
2019-07-12,585.72,12,28,7,0,0,0,0
2019-07-13,2313.05,13,28,7,1,0,0,0
2019-07-13,1507.28,13,28,7,1,0,0,0
2019-07-13,2279.74,13,28,7,1,0,0,0
2019-07-13,345.13,13,28,7,1,0,0,0
2019-07-14,8993.8,14,28,7,1,0,0,0
2019-07-14,349.96,14,28,7,1,0,0,0
2019-07-14,2813.54,14,28,7,1,0,0,0
2019-07-14,732.58,14,28,7,1,0,0,0
2019-07-14,710.31,14,28,7,1,0,0,0
2019-07-14,659.9,14,28,7,1,0,0,0
2019-07-15,329.79,15,29,7,0,0,0,0
2019-07-16,2729.35,16,29,7,0,0,0,0
2019-07-16,161.8,16,29,7,0,0,0,0
2019-07-16,224.43,16,29,7,0,0,0,0
2019-07-17,2719.3,17,29,7,0,0,0,0
2019-07-17,506.16,17,29,7,0,0,0,0
2019-07-17,2488.31,17,29,7,0,0,0,0
2019-07-18,209.41,18,29,7,0,0,0,0
2019-07-18,532.26,18,29,7,0,0,0,0
2019-07-18,483.25,18,29,7,0,0,0,0
2019-07-18,319.84,18,29,7,0,0,0,0
2019-07-19,65194.21,19,29,7,0,0,0,0
2019-07-19,384.66,19,29,7,0,0,0,0
2019-07-19,217.33,19,29,7,0,0,0,0
2019-07-19,2181.51,19,29,7,0,0,0,0
2019-07-19,692.36,19,29,7,0,0,0,0
2019-07-19,680.69,19,29,7,0,0,0,0
2019-07-20,8033.08,20,29,7,1,0,0,0
2019-07-20,559.45,20,29,7,1,0,0,0
2019-07-20,1526.97,20,29,7,1,0,0,0
2019-07-20,1273.6,20,29,7,1,0,0,0
2019-07-21,8314.94,21,29,7,1,0,0,0
2019-07-21,151.8,21,29,7,1,0,0,0
2019-07-21,844.91,21,29,7,1,0,0,0
2019-07-21,486.1,21,29,7,1,0,0,0
2019-07-21,2330.56,21,29,7,1,0,0,0
2019-07-21,1265.59,21,29,7,1,0,0,0
2019-07-22,2515.51,22,30,7,0,0,0,0
2019-07-22,651.86,22,30,7,0,0,0,0
2019-07-23,5083.78,23,30,7,0,0,0,0
2019-07-24,1298.54,24,30,7,0,0,0,0
2019-07-24,2307.5,24,30,7,0,0,0,0
2019-07-24,2786.75,24,30,7,0,0,0,0
2019-07-24,345.83,24,30,7,0,0,0,0
2019-07-24,2589.62,24,30,7,0,0,0,0
2019-07-25,2373.59,25,30,7,0,0,1,0
2019-07-25,139.24,25,30,7,0,0,1,0
2019-07-25,577.92,25,30,7,0,0,1,0
2019-07-25,336.25,25,30,7,0,0,1,0
2019-07-26,226.25,26,30,7,0,0,1,0
2019-07-26,318.1,26,30,7,0,0,1,0
2019-07-26,3568.22,26,30,7,0,0,1,0
2019-07-27,2359.1,27,30,7,1,0,1,0
2019-07-27,662.98,27,30,7,1,0,1,0
2019-07-28,976.44,28,30,7,1,0,1,0
2019-07-28,942.31,28,30,7,1,0,1,0
2019-07-29,1733.23,29,31,7,0,0,1,0
2019-07-30,1260.72,30,31,7,0,0,1,0
2019-07-30,2433.02,30,31,7,0,0,1,0
2019-07-30,565.9,30,31,7,0,0,1,0
2019-07-31,194.56,31,31,7,0,1,1,0
2019-07-31,223.08,31,31,7,0,1,1,0
2019-08-01,466.97,1,31,8,0,0,1,0
2019-08-02,64085.11,2,31,8,0,0,1,0
2019-08-02,3144.96,2,31,8,0,0,1,0
2019-08-02,3326.2,2,31,8,0,0,1,0
2019-08-02,343.06,2,31,8,0,0,1,0
2019-08-03,8122.37,3,31,8,1,0,0,0
2019-08-03,463.69,3,31,8,1,0,0,0
2019-08-04,166.92,4,31,8,1,0,0,0
2019-08-04,529.16,4,31,8,1,0,0,0
2019-08-04,1690.06,4,31,8,1,0,0,0
2019-08-04,619.17,4,31,8,1,0,0,0
2019-08-04,3094.4,4,31,8,1,0,0,0
2019-08-04,3112.24,4,31,8,1,0,0,0
2019-08-05,3006.56,5,32,8,0,0,0,0
2019-08-05,187.74,5,32,8,0,0,0,0
2019-08-05,1337.57,5,32,8,0,0,0,0
2019-08-05,1168.68,5,32,8,0,0,0,0
2019-08-06,142.07,6,32,8,0,0,0,0
2019-08-06,600.06,6,32,8,0,0,0,0
2019-08-06,597.31,6,32,8,0,0,0,0
2019-08-07,1579.57,7,32,8,0,0,0,0
2019-08-07,476.85,7,32,8,0,0,0,0
2019-08-07,143.5,7,32,8,0,0,0,0
2019-08-08,1721.41,8,32,8,0,0,0,0
2019-08-08,611.9,8,32,8,0,0,0,0
2019-08-09,4001.14,9,32,8,0,0,0,0
2019-08-09,137.34,9,32,8,0,0,0,0
2019-08-10,626.82,10,32,8,1,0,0,0
2019-08-11,138.41,11,32,8,1,0,0,0
2019-08-11,3403.18,11,32,8,1,0,0,0
2019-08-12,1742.7,12,33,8,0,0,0,0
2019-08-12,5416.43,12,33,8,0,0,0,0
2019-08-12,191.42,12,33,8,0,0,0,0
2019-08-12,192.12,12,33,8,0,0,0,0
2019-08-12,570.6,12,33,8,0,0,0,0
2019-08-12,436.46,12,33,8,0,0,0,0
2019-08-13,780.34,13,33,8,0,0,0,0
2019-08-13,1405.66,13,33,8,0,0,0,0
2019-08-13,139.43,13,33,8,0,0,0,0
2019-08-14,305.64,14,33,8,0,0,0,0
2019-08-14,7822.56,14,33,8,0,0,0,0
2019-08-14,1759.74,14,33,8,0,0,0,0
2019-08-14,148.84,14,33,8,0,0,0,0
2019-08-15,147.5,15,33,8,0,0,0,0
2019-08-15,227.07,15,33,8,0,0,0,0
2019-08-16,66323.7,16,33,8,0,0,0,0
2019-08-16,407.33,16,33,8,0,0,0,0
2019-08-16,347.16,16,33,8,0,0,0,0
2019-08-17,541.21,17,33,8,1,0,0,0
2019-08-17,138.43,17,33,8,1,0,0,0
2019-08-17,143.24,17,33,8,1,0,0,0
2019-08-18,1126.34,18,33,8,1,0,0,0
2019-08-18,490.45,18,33,8,1,0,0,0
2019-08-18,813.9,18,33,8,1,0,0,0
2019-08-18,468.39,18,33,8,1,0,0,0
2019-08-19,8770.03,19,34,8,0,0,0,0
2019-08-19,3322.95,19,34,8,0,0,0,0
2019-08-20,8907.87,20,34,8,0,0,0,0
2019-08-20,1563.41,20,34,8,0,0,0,0
2019-08-21,1325.42,21,34,8,0,0,0,0
2019-08-21,226.83,21,34,8,0,0,0,0
2019-08-21,8359.8,21,34,8,0,0,0,0
2019-08-21,302.25,21,34,8,0,0,0,0
2019-08-21,8456.97,21,34,8,0,0,0,0
2019-08-22,386.79,22,34,8,0,0,0,0
2019-08-22,8106.69,22,34,8,0,0,0,0
2019-08-23,639.31,23,34,8,0,0,0,0
2019-08-23,332.28,23,34,8,0,0,0,0
2019-08-23,152.71,23,34,8,0,0,0,0
2019-08-24,8269.12,24,34,8,1,0,0,0
2019-08-24,597.19,24,34,8,1,0,0,0
2019-08-24,561.58,24,34,8,1,0,0,0
2019-08-25,3167.36,25,34,8,1,0,1,0
2019-08-25,576.09,25,34,8,1,0,1,0
2019-08-25,140.52,25,34,8,1,0,1,0
2019-08-25,144.9,25,34,8,1,0,1,0
2019-08-26,456.35,26,35,8,0,0,1,0
2019-08-26,1007.38,26,35,8,0,0,1,0
2019-08-26,146.86,26,35,8,0,0,1,0
2019-08-26,137.41,26,35,8,0,0,1,0
2019-08-27,1739.21,27,35,8,0,0,1,0
2019-08-27,150.05,27,35,8,0,0,1,0
2019-08-27,548.96,27,35,8,0,0,1,0
2019-08-28,605.77,28,35,8,0,0,1,0
2019-08-29,376.96,29,35,8,0,0,1,0
2019-08-29,157.17,29,35,8,0,0,1,0
2019-08-29,196.57,29,35,8,0,0,1,0
2019-08-30,67511.5,30,35,8,0,0,1,0
2019-08-30,419.34,30,35,8,0,0,1,0
2019-08-30,220.75,30,35,8,0,0,1,0
2019-08-30,337.24,30,35,8,0,0,1,0
2019-08-31,3071.03,31,35,8,1,1,1,0
2019-08-31,144.84,31,35,8,1,1,1,0
2019-08-31,3490.36,31,35,8,1,1,1,0
2019-09-01,7646.7,1,35,9,1,0,1,0
2019-09-01,167.35,1,35,9,1,0,1,0
2019-09-01,1824.12,1,35,9,1,0,1,0
2019-09-01,1484.04,1,35,9,1,0,1,0
2019-09-03,959.07,3,36,9,0,0,0,0
2019-09-05,9504.31,5,36,9,0,0,0,0
2019-09-05,3305.27,5,36,9,0,0,0,0
2019-09-05,3144.55,5,36,9,0,0,0,0
2019-09-06,792.72,6,36,9,0,0,0,0
2019-09-06,3147.49,6,36,9,0,0,0,0
2019-09-06,9935.19,6,36,9,0,0,0,0
2019-09-06,387.22,6,36,9,0,0,0,0
2019-09-06,8076.08,6,36,9,0,0,0,0
2019-09-06,2039.07,6,36,9,0,0,0,0
2019-09-06,152.48,6,36,9,0,0,0,0
2019-09-06,472.9,6,36,9,0,0,0,0
2019-09-06,145.16,6,36,9,0,0,0,0
2019-09-06,1219.38,6,36,9,0,0,0,0
2019-09-07,992.67,7,36,9,1,0,0,0
2019-09-07,995.52,7,36,9,1,0,0,0
2019-09-07,911.46,7,36,9,1,0,0,0
2019-09-07,155.75,7,36,9,1,0,0,0
2019-09-08,10946.9,8,36,9,1,0,0,0
2019-09-08,116.81,8,36,9,1,0,0,0
2019-09-08,1224.64,8,36,9,1,0,0,0
2019-09-09,10130.0,9,37,9,0,0,0,0
2019-09-09,160.77,9,37,9,0,0,0,0
2019-09-09,1501.08,9,37,9,0,0,0,0
2019-09-09,1501.37,9,37,9,0,0,0,0
2019-09-10,4138.51,10,37,9,0,0,0,0
2019-09-10,593.85,10,37,9,0,0,0,0
2019-09-11,189.72,11,37,9,0,0,0,0
2019-09-11,3249.57,11,37,9,0,0,0,0
2019-09-11,282.59,11,37,9,0,0,0,0
2019-09-11,2532.28,11,37,9,0,0,0,0
2019-09-11,1199.09,11,37,9,0,0,0,0
2019-09-12,957.64,12,37,9,0,0,0,0
2019-09-12,1218.11,12,37,9,0,0,0,0
2019-09-12,888.8,12,37,9,0,0,0,0
2019-09-13,68118.93,13,37,9,0,0,0,0
2019-09-13,158.06,13,37,9,0,0,0,0
2019-09-14,3315.8,14,37,9,1,0,0,0
2019-09-14,1023.54,14,37,9,1,0,0,0
2019-09-14,2067.55,14,37,9,1,0,0,0
2019-09-14,222.14,14,37,9,1,0,0,0
2019-09-14,1490.46,14,37,9,1,0,0,0
2019-09-14,3272.83,14,37,9,1,0,0,0
2019-09-14,9199.89,14,37,9,1,0,0,0
2019-09-14,1327.69,14,37,9,1,0,0,0
2019-09-14,2812.36,14,37,9,1,0,0,0
2019-09-14,3135.32,14,37,9,1,0,0,0
2019-09-14,450.7,14,37,9,1,0,0,0
2019-09-15,905.17,15,37,9,1,0,0,0
2019-09-15,9844.44,15,37,9,1,0,0,0
2019-09-15,8163.2,15,37,9,1,0,0,0
2019-09-15,919.77,15,37,9,1,0,0,0
2019-09-16,192.49,16,38,9,0,0,0,0
2019-09-16,5068.43,16,38,9,0,0,0,0
2019-09-16,803.15,16,38,9,0,0,0,0
2019-09-16,544.02,16,38,9,0,0,0,0
2019-09-17,778.22,17,38,9,0,0,0,0
2019-09-17,1257.95,17,38,9,0,0,0,0
2019-09-17,8073.43,17,38,9,0,0,0,0
2019-09-17,5409.28,17,38,9,0,0,0,0
2019-09-18,9691.96,18,38,9,0,0,0,0
2019-09-19,3261.73,19,38,9,0,0,0,0
2019-09-19,406.28,19,38,9,0,0,0,0
2019-09-19,1310.55,19,38,9,0,0,0,0
2019-09-19,535.3,19,38,9,0,0,0,0
2019-09-19,2692.36,19,38,9,0,0,0,0
2019-09-19,1310.43,19,38,9,0,0,0,0
2019-09-19,1148.04,19,38,9,0,0,0,0
2019-09-21,951.04,21,38,9,1,0,0,0
2019-09-21,1266.06,21,38,9,1,0,0,0
2019-09-22,134.84,22,38,9,1,0,0,0
2019-09-22,1208.26,22,38,9,1,0,0,0
2019-09-22,1253.33,22,38,9,1,0,0,0
2019-09-23,1518.33,23,39,9,0,0,0,0
2019-09-23,163.21,23,39,9,0,0,0,0
2019-09-23,144.95,23,39,9,0,0,0,0
2019-09-23,509.16,23,39,9,0,0,0,0
2019-09-24,118.72,24,39,9,0,0,0,0
2019-09-25,8259.41,25,39,9,0,0,1,0
2019-09-25,9600.09,25,39,9,0,0,1,0
2019-09-25,297.14,25,39,9,0,0,1,0
2019-09-25,133.25,25,39,9,0,0,1,0
2019-09-26,407.47,26,39,9,0,0,1,0
2019-09-26,1282.72,26,39,9,0,0,1,0
2019-09-26,3054.74,26,39,9,0,0,1,0
2019-09-27,62150.48,27,39,9,0,0,1,0
2019-09-27,201.62,27,39,9,0,0,1,0
2019-09-27,210.24,27,39,9,0,0,1,0
2019-09-27,9024.34,27,39,9,0,0,1,0
2019-09-27,922.46,27,39,9,0,0,1,0
2019-09-28,1318.5,28,39,9,1,0,1,0
2019-09-28,1015.24,28,39,9,1,0,1,0
2019-09-28,1289.31,28,39,9,1,0,1,0
2019-09-29,1359.88,29,39,9,1,0,1,0
2019-09-29,225.44,29,39,9,1,0,1,0
2019-09-30,9542.5,30,40,9,0,1,1,0
2019-09-30,973.88,30,40,9,0,1,1,0
2019-09-30,1440.81,30,40,9,0,1,1,0
2019-09-30,142.2,30,40,9,0,1,1,0
2018-01-01,34.47,1,1,1,0,0,1,0
2018-01-01,1722.01,1,1,1,0,0,1,0
2018-01-01,116.0,1,1,1,0,0,1,0
2018-01-02,3690.12,2,1,1,0,0,1,0
2018-01-02,720.95,2,1,1,0,0,1,0
2018-01-02,188.77,2,1,1,0,0,1,0
2018-01-03,381.19,3,1,1,0,0,0,0
2018-01-03,1301.4,3,1,1,0,0,0,0
2018-01-03,554.73,3,1,1,0,0,0,0
2018-01-03,6710.98,3,1,1,0,0,0,0
2018-01-04,1423.08,4,1,1,0,0,0,0
2018-01-04,2366.08,4,1,1,0,0,0,0
2018-01-04,559.61,4,1,1,0,0,0,0
2018-01-04,220.19,4,1,1,0,0,0,0
2018-01-04,390.94,4,1,1,0,0,0,0
2018-01-04,43271.2,4,1,1,0,0,0,0
2018-01-04,329.01,4,1,1,0,0,0,0
2018-01-05,298.19,5,1,1,0,0,0,0
2018-01-05,5251.36,5,1,1,0,0,0,0
2018-01-05,564.79,5,1,1,0,0,0,0
2018-01-05,784.01,5,1,1,0,0,0,0
2018-01-05,2904.21,5,1,1,0,0,0,0
2018-01-05,712.26,5,1,1,0,0,0,0
2018-01-05,289.32,5,1,1,0,0,0,0
2018-01-06,592.19,6,1,1,1,0,0,0
2018-01-06,2138.69,6,1,1,1,0,0,0
2018-01-06,127.88,6,1,1,1,0,0,0
2018-01-06,367.77,6,1,1,1,0,0,0
2018-01-06,7953.52,6,1,1,1,0,0,0
2018-01-07,1434.85,7,1,1,1,0,0,0
2018-01-08,798.3,8,2,1,0,0,0,0
2018-01-08,1157.01,8,2,1,0,0,0,0
2018-01-09,4782.61,9,2,1,0,0,0,0
2018-01-09,1305.89,9,2,1,0,0,0,0
2018-01-09,1200.42,9,2,1,0,0,0,0
2018-01-09,1983.91,9,2,1,0,0,0,0
2018-01-09,300.0,9,2,1,0,0,0,0
2018-01-09,559.29,9,2,1,0,0,0,0
2018-01-10,2158.4,10,2,1,0,0,0,0
2018-01-10,264.37,10,2,1,0,0,0,0
2018-01-10,439.88,10,2,1,0,0,0,0
2018-01-10,773.07,10,2,1,0,0,0,0
2018-01-10,2098.83,10,2,1,0,0,0,0
2018-01-10,1813.41,10,2,1,0,0,0,0
2018-01-10,819.32,10,2,1,0,0,0,0
2018-01-10,6805.12,10,2,1,0,0,0,0
2018-01-11,313.7,11,2,1,0,0,0,0
2018-01-11,707.1,11,2,1,0,0,0,0
2018-01-11,50578.37,11,2,1,0,0,0,0
2018-01-11,1076.8,11,2,1,0,0,0,0
2018-01-12,1739.38,12,2,1,0,0,0,0
2018-01-12,3765.97,12,2,1,0,0,0,0
2018-01-12,850.0,12,2,1,0,0,0,0
2018-01-12,343.5,12,2,1,0,0,0,0
2018-01-12,690.66,12,2,1,0,0,0,0
2018-01-12,2971.11,12,2,1,0,0,0,0
2018-01-13,131.76,13,2,1,1,0,0,0
2018-01-13,1143.09,13,2,1,1,0,0,0
2018-01-13,941.07,13,2,1,1,0,0,0
2018-01-13,2513.01,13,2,1,1,0,0,0
2018-01-14,45739.84,14,2,1,1,0,0,0
2018-01-14,300.0,14,2,1,1,0,0,0
2018-01-15,1794.63,15,3,1,0,0,0,0
2018-01-15,833.71,15,3,1,0,0,0,0
2018-01-15,149.0,15,3,1,0,0,0,0
2018-01-15,237.48,15,3,1,0,0,0,0
2018-01-16,412.32,16,3,1,0,0,0,0
2018-01-16,7545.04,16,3,1,0,0,0,0
2018-01-16,187.0,16,3,1,0,0,0,0
2018-01-17,712.64,17,3,1,0,0,0,0
2018-01-17,489.1,17,3,1,0,0,0,0
2018-01-18,1550.25,18,3,1,0,0,0,0
2018-01-18,2272.87,18,3,1,0,0,0,0
2018-01-18,175.31,18,3,1,0,0,0,0
2018-01-18,4670.64,18,3,1,0,0,0,0
2018-01-18,296.76,18,3,1,0,0,0,0
2018-01-19,116.0,19,3,1,0,0,0,0
2018-01-20,4507.02,20,3,1,1,0,0,0
2018-01-20,4429.38,20,3,1,1,0,0,0
2018-01-20,631.19,20,3,1,1,0,0,0
2018-01-20,991.3,20,3,1,1,0,0,0
2018-01-20,272.74,20,3,1,1,0,0,0
2018-01-20,2421.9,20,3,1,1,0,0,0
2018-01-21,288.0,21,3,1,1,0,0,0
2018-01-21,3583.44,21,3,1,1,0,0,0
2018-01-21,322.01,21,3,1,1,0,0,0
2018-01-21,51984.61,21,3,1,1,0,0,0
2018-01-21,2594.14,21,3,1,1,0,0,0
2018-01-21,346.91,21,3,1,1,0,0,0
2018-01-22,7610.06,22,4,1,0,0,0,0
2018-01-22,38749.41,22,4,1,0,0,0,0
2018-01-22,6837.82,22,4,1,0,0,0,0
2018-01-22,5983.69,22,4,1,0,0,0,0
2018-01-22,117.59,22,4,1,0,0,0,0
2018-01-23,243.93,23,4,1,0,0,0,0
2018-01-23,779.77,23,4,1,0,0,0,0
2018-01-23,267.34,23,4,1,0,0,0,0
2018-01-23,2103.52,23,4,1,0,0,0,0
2018-01-24,145.6,24,4,1,0,0,0,0
2018-01-24,82.2,24,4,1,0,0,0,0
2018-01-24,38906.12,24,4,1,0,0,0,0
2018-01-24,1240.28,24,4,1,0,0,0,0
2018-01-24,328.67,24,4,1,0,0,0,0
2018-01-25,167.19,25,4,1,0,0,1,0
2018-01-25,439.44,25,4,1,0,0,1,0
2018-01-26,8142.45,26,4,1,0,0,1,0
2018-01-26,996.01,26,4,1,0,0,1,0
2018-01-26,42260.69,26,4,1,0,0,1,0
2018-01-26,309.91,26,4,1,0,0,1,0
2018-01-26,101.55,26,4,1,0,0,1,0
2018-01-27,432.03,27,4,1,1,0,1,0
2018-01-27,187.0,27,4,1,1,0,1,0
2018-01-27,386.4,27,4,1,1,0,1,0
2018-01-27,3909.49,27,4,1,1,0,1,0
2018-01-27,2778.55,27,4,1,1,0,1,0
2018-01-29,746.78,29,5,1,0,0,1,0
2018-01-29,4062.01,29,5,1,0,0,1,0
2018-01-29,1987.08,29,5,1,0,0,1,0
2018-01-30,116.0,30,5,1,0,0,1,0
2018-01-30,1797.25,30,5,1,0,0,1,0
2018-02-01,523.46,1,5,2,0,0,1,0
2018-02-01,3058.43,1,5,2,0,0,1,0
2018-02-02,41465.79,2,5,2,0,0,1,0
2018-02-02,3034.93,2,5,2,0,0,1,0
2018-02-02,632.42,2,5,2,0,0,1,0
2018-02-02,559.61,2,5,2,0,0,1,0
2018-02-02,51917.28,2,5,2,0,0,1,0
2018-02-03,1204.76,3,5,2,1,0,0,0
2018-02-03,6245.92,3,5,2,1,0,0,0
2018-02-03,272.38,3,5,2,1,0,0,0
2018-02-03,108.34,3,5,2,1,0,0,0
2018-02-03,1391.19,3,5,2,1,0,0,0
2018-02-03,698.71,3,5,2,1,0,0,0
2018-02-04,14508.05,4,5,2,1,0,0,0
2018-02-04,1079.95,4,5,2,1,0,0,0
2018-02-04,651.08,4,5,2,1,0,0,0
2018-02-04,7696.22,4,5,2,1,0,0,0
2018-02-05,2958.71,5,6,2,0,0,0,0
2018-02-05,491.94,5,6,2,0,0,0,0
2018-02-05,614.7,5,6,2,0,0,0,0
2018-02-05,1112.43,5,6,2,0,0,0,0
2018-02-05,8736.47,5,6,2,0,0,0,0
2018-02-05,305.99,5,6,2,0,0,0,0
2018-02-05,607.08,5,6,2,0,0,0,0
2018-02-06,3196.67,6,6,2,0,0,0,0
2018-02-06,471.6,6,6,2,0,0,0,0
2018-02-06,401.39,6,6,2,0,0,0,0
2018-02-06,4260.32,6,6,2,0,0,0,0
2018-02-07,2139.59,7,6,2,0,0,0,0
2018-02-08,2633.51,8,6,2,0,0,0,0
2018-02-08,705.49,8,6,2,0,0,0,0
2018-02-08,4570.0,8,6,2,0,0,0,0
2018-02-08,3015.27,8,6,2,0,0,0,0
2018-02-09,3757.07,9,6,2,0,0,0,0
2018-02-09,1301.93,9,6,2,0,0,0,0
2018-02-09,463.55,9,6,2,0,0,0,0
2018-02-10,4383.04,10,6,2,1,0,0,0
2018-02-10,288.0,10,6,2,1,0,0,0
2018-02-10,116.0,10,6,2,1,0,0,0
2018-02-10,288.0,10,6,2,1,0,0,0
2018-02-10,4641.64,10,6,2,1,0,0,0
2018-02-10,937.52,10,6,2,1,0,0,0
2018-02-10,90.12,10,6,2,1,0,0,0
2018-02-10,3291.18,10,6,2,1,0,0,0
2018-02-11,417.21,11,6,2,1,0,0,0
2018-02-11,279.28,11,6,2,1,0,0,0
2018-02-11,279.09,11,6,2,1,0,0,0
2018-02-11,1467.79,11,6,2,1,0,0,0
2018-02-11,210.57,11,6,2,1,0,0,0
2018-02-11,1837.28,11,6,2,1,0,0,0
2018-02-12,39793.23,12,7,2,0,0,0,0
2018-02-12,2613.51,12,7,2,0,0,0,0
2018-02-12,948.23,12,7,2,0,0,0,0
2018-02-12,989.27,12,7,2,0,0,0,0
2018-02-12,4677.29,12,7,2,0,0,0,0
2018-02-12,672.68,12,7,2,0,0,0,0
2018-02-12,187.0,12,7,2,0,0,0,0
2018-02-13,3114.36,13,7,2,0,0,0,0
2018-02-13,668.07,13,7,2,0,0,0,0
2018-02-13,2624.96,13,7,2,0,0,0,0
2018-02-13,1679.85,13,7,2,0,0,0,0
2018-02-14,1276.15,14,7,2,0,0,0,0
2018-02-14,352.44,14,7,2,0,0,0,0
2018-02-14,1444.72,14,7,2,0,0,0,0
2018-02-15,4920.74,15,7,2,0,0,0,0
2018-02-15,3113.57,15,7,2,0,0,0,0
2018-02-15,8462.13,15,7,2,0,0,0,0
2018-02-15,149.0,15,7,2,0,0,0,0
2018-02-15,172.02,15,7,2,0,0,0,0
2018-02-15,841.0,15,7,2,0,0,0,0
2018-02-15,294.65,15,7,2,0,0,0,0
2018-02-15,38622.51,15,7,2,0,0,0,0
2018-02-16,401.93,16,7,2,0,0,0,0
2018-02-16,1263.38,16,7,2,0,0,0,0
2018-02-16,1230.59,16,7,2,0,0,0,0
2018-02-17,7676.24,17,7,2,1,0,0,0
2018-02-17,288.0,17,7,2,1,0,0,0
2018-02-18,437.16,18,7,2,1,0,0,0
2018-02-18,1499.25,18,7,2,1,0,0,0
2018-02-18,4201.13,18,7,2,1,0,0,0
2018-02-18,5083.65,18,7,2,1,0,0,0
2018-02-19,406.41,19,8,2,0,0,0,0
2018-02-19,4048.72,19,8,2,0,0,0,0
2018-02-19,1523.81,19,8,2,0,0,0,0
2018-02-19,1437.86,19,8,2,0,0,0,0
2018-02-20,1456.69,20,8,2,0,0,0,0
2018-02-20,1426.8,20,8,2,0,0,0,0
2018-02-20,458.29,20,8,2,0,0,0,0
2018-02-20,1358.66,20,8,2,0,0,0,0
2018-02-21,924.06,21,8,2,0,0,0,0
2018-02-21,2304.39,21,8,2,0,0,0,0
2018-02-22,8531.19,22,8,2,0,0,0,0
2018-02-22,517.29,22,8,2,0,0,0,0
2018-02-22,517.22,22,8,2,0,0,0,0
2018-02-23,390.81,23,8,2,0,0,0,0
2018-02-23,288.0,23,8,2,0,0,0,0
2018-02-23,546.2,23,8,2,0,0,0,0
2018-02-23,3449.58,23,8,2,0,0,0,0
2018-02-24,489.03,24,8,2,1,0,0,0
2018-02-24,1552.11,24,8,2,1,0,0,0
2018-02-24,843.17,24,8,2,1,0,0,0
2018-02-24,234.13,24,8,2,1,0,0,0
2018-02-24,3218.87,24,8,2,1,0,0,0
2018-02-24,584.0,24,8,2,1,0,0,0
2018-02-24,51651.89,24,8,2,1,0,0,0
2018-02-25,140.08,25,8,2,1,0,1,0
2018-02-25,284.75,25,8,2,1,0,1,0
2018-02-25,242.85,25,8,2,1,0,1,0
2018-02-26,1402.3,26,9,2,0,0,1,0
2018-02-26,129.79,26,9,2,0,0,1,0
2018-02-26,58513.32,26,9,2,0,0,1,0
2018-02-26,213.7,26,9,2,0,0,1,0
2018-02-26,1673.6,26,9,2,0,0,1,0
2018-02-26,289.1,26,9,2,0,0,1,0
2018-02-26,3735.78,26,9,2,0,0,1,0
2018-02-26,116.0,26,9,2,0,0,1,0
2018-02-27,2525.27,27,9,2,0,0,1,0
2018-02-27,47173.03,27,9,2,0,0,1,0
2018-02-27,1038.68,27,9,2,0,0,1,0
2018-02-27,2186.59,27,9,2,0,0,1,0
2018-02-27,392.65,27,9,2,0,0,1,0
2018-02-27,2802.27,27,9,2,0,0,1,0
2018-02-28,125.91,28,9,2,0,1,1,0
2018-02-28,14701.11,28,9,2,0,1,1,0
2018-02-28,2967.41,28,9,2,0,1,1,0
2018-02-28,116.0,28,9,2,0,1,1,0
2018-02-28,432.0,28,9,2,0,1,1,0
2018-02-28,351.28,28,9,2,0,1,1,0
2018-02-28,116.0,28,9,2,0,1,1,0
2018-02-28,852.76,28,9,2,0,1,1,0
2018-03-01,2609.63,1,9,3,0,0,1,0
2018-03-01,5955.09,1,9,3,0,0,1,0
2018-03-01,336.3,1,9,3,0,0,1,0
2018-03-01,160.23,1,9,3,0,0,1,0
2018-03-01,1715.11,1,9,3,0,0,1,0
2018-03-02,1373.15,2,9,3,0,0,1,0
2018-03-02,116.0,2,9,3,0,0,1,0
2018-03-02,794.97,2,9,3,0,0,1,0
2018-03-02,300.0,2,9,3,0,0,1,0
2018-03-03,717.97,3,9,3,1,0,0,0
2018-03-03,4120.65,3,9,3,1,0,0,0
2018-03-03,149.0,3,9,3,1,0,0,0
2018-03-04,8637.27,4,9,3,1,0,0,0
2018-03-04,5484.88,4,9,3,1,0,0,0
2018-03-04,3204.59,4,9,3,1,0,0,0
2018-03-04,205.02,4,9,3,1,0,0,0
2018-03-04,289.07,4,9,3,1,0,0,0
2018-03-04,753.67,4,9,3,1,0,0,0
2018-03-04,116.0,4,9,3,1,0,0,0
2018-03-04,38309.59,4,9,3,1,0,0,0
2018-03-05,1870.21,5,10,3,0,0,0,0
2018-03-05,1493.53,5,10,3,0,0,0,0
2018-03-05,1304.01,5,10,3,0,0,0,0
2018-03-05,2135.52,5,10,3,0,0,0,0
2018-03-05,528.28,5,10,3,0,0,0,0
2018-03-06,2095.27,6,10,3,0,0,0,0
2018-03-06,182.96,6,10,3,0,0,0,0
2018-03-06,288.0,6,10,3,0,0,0,0
2018-03-07,1228.91,7,10,3,0,0,0,0
2018-03-07,639.89,7,10,3,0,0,0,0
2018-03-07,8303.95,7,10,3,0,0,0,0
2018-03-07,1695.62,7,10,3,0,0,0,0
2018-03-07,288.0,7,10,3,0,0,0,0
2018-03-07,104.8,7,10,3,0,0,0,0
2018-03-07,660.84,7,10,3,0,0,0,0
2018-03-07,968.33,7,10,3,0,0,0,0
2018-03-07,1351.34,7,10,3,0,0,0,0
2018-03-07,272.64,7,10,3,0,0,0,0
2018-03-07,149.0,7,10,3,0,0,0,0
2018-03-07,676.25,7,10,3,0,0,0,0
2018-03-08,1073.62,8,10,3,0,0,0,0
2018-03-08,321.92,8,10,3,0,0,0,0
2018-03-08,720.7,8,10,3,0,0,0,0
2018-03-08,288.0,8,10,3,0,0,0,0
2018-03-08,344.98,8,10,3,0,0,0,0
2018-03-08,4832.44,8,10,3,0,0,0,0
2018-03-08,264.98,8,10,3,0,0,0,0
2018-03-09,346.74,9,10,3,0,0,0,0
2018-03-09,1657.74,9,10,3,0,0,0,0
2018-03-09,8419.12,9,10,3,0,0,0,0
2018-03-10,1092.72,10,10,3,1,0,0,0
2018-03-10,180.72,10,10,3,1,0,0,0
2018-03-10,8682.66,10,10,3,1,0,0,0
2018-03-10,4031.43,10,10,3,1,0,0,0
2018-03-10,417.74,10,10,3,1,0,0,0
2018-03-10,1196.89,10,10,3,1,0,0,0
2018-03-11,872.17,11,10,3,1,0,0,0
2018-03-11,271.79,11,10,3,1,0,0,0
2018-03-11,473.5,11,10,3,1,0,0,0
2018-03-11,116.0,11,10,3,1,0,0,0
2018-03-11,8411.77,11,10,3,1,0,0,0
2018-03-11,626.75,11,10,3,1,0,0,0
2018-03-11,288.0,11,10,3,1,0,0,0
2018-03-11,229.56,11,10,3,1,0,0,0
2018-03-11,448.26,11,10,3,1,0,0,0
2018-03-11,1674.87,11,10,3,1,0,0,0
2018-03-11,2486.88,11,10,3,1,0,0,0
2018-03-11,116.0,11,10,3,1,0,0,0
2018-03-11,1318.17,11,10,3,1,0,0,0
2018-03-12,190.66,12,11,3,0,0,0,0
2018-03-12,4261.96,12,11,3,0,0,0,0
2018-03-12,1856.68,12,11,3,0,0,0,0
2018-03-12,1269.29,12,11,3,0,0,0,0
2018-03-12,1049.71,12,11,3,0,0,0,0
2018-03-13,1088.71,13,11,3,0,0,0,0
2018-03-13,1495.47,13,11,3,0,0,0,0
2018-03-13,2989.49,13,11,3,0,0,0,0
2018-03-13,2817.89,13,11,3,0,0,0,0
2018-03-13,305.82,13,11,3,0,0,0,0
2018-03-13,1464.76,13,11,3,0,0,0,0
2018-03-14,1546.33,14,11,3,0,0,0,0
2018-03-14,42767.31,14,11,3,0,0,0,0
2018-03-14,559.27,14,11,3,0,0,0,0
2018-03-14,2759.86,14,11,3,0,0,0,0
2018-03-14,931.49,14,11,3,0,0,0,0
2018-03-14,63.11,14,11,3,0,0,0,0
2018-03-14,1583.3,14,11,3,0,0,0,0
2018-03-14,669.69,14,11,3,0,0,0,0
2018-03-15,1241.52,15,11,3,0,0,0,0
2018-03-15,2718.82,15,11,3,0,0,0,0
2018-03-15,425.12,15,11,3,0,0,0,0
2018-03-15,2362.83,15,11,3,0,0,0,0
2018-03-15,7041.49,15,11,3,0,0,0,0
2018-03-15,5082.06,15,11,3,0,0,0,0
2018-03-15,7990.0,15,11,3,0,0,0,0
2018-03-15,1253.44,15,11,3,0,0,0,0
2018-03-15,1523.8,15,11,3,0,0,0,0
2018-03-16,233.15,16,11,3,0,0,0,0
2018-03-16,229.98,16,11,3,0,0,0,0
2018-03-16,424.61,16,11,3,0,0,0,0
2018-03-16,165.7,16,11,3,0,0,0,0
2018-03-17,335.12,17,11,3,1,0,0,0
2018-03-17,183.32,17,11,3,1,0,0,0
2018-03-18,2279.01,18,11,3,1,0,0,0
2018-03-18,3573.84,18,11,3,1,0,0,0
2018-03-18,35206.41,18,11,3,1,0,0,0
2018-03-18,288.0,18,11,3,1,0,0,0
2018-03-18,2407.43,18,11,3,1,0,0,0
2018-03-18,1023.42,18,11,3,1,0,0,0
2018-03-18,2918.13,18,11,3,1,0,0,0
2018-03-18,4411.32,18,11,3,1,0,0,0
2018-03-18,635.91,18,11,3,1,0,0,0
2018-03-19,4730.86,19,12,3,0,0,0,0
2018-03-19,523.85,19,12,3,0,0,0,0
2018-03-19,1916.49,19,12,3,0,0,0,0
2018-03-19,300.0,19,12,3,0,0,0,0
2018-03-19,3414.33,19,12,3,0,0,0,0
2018-03-19,652.02,19,12,3,0,0,0,0
2018-03-20,809.89,20,12,3,0,0,0,0
2018-03-20,371.79,20,12,3,0,0,0,0
2018-03-21,8420.62,21,12,3,0,0,0,0
2018-03-21,1705.38,21,12,3,0,0,0,0
2018-03-21,209.49,21,12,3,0,0,0,0
2018-03-22,431.87,22,12,3,0,0,0,0
2018-03-22,3482.54,22,12,3,0,0,0,0
2018-03-22,1504.26,22,12,3,0,0,0,0
2018-03-22,626.41,22,12,3,0,0,0,0
2018-03-23,288.0,23,12,3,0,0,0,0
2018-03-23,2844.84,23,12,3,0,0,0,0
2018-03-23,726.27,23,12,3,0,0,0,0
2018-03-24,641.08,24,12,3,1,0,0,0
2018-03-24,3138.36,24,12,3,1,0,0,0
2018-03-24,42835.65,24,12,3,1,0,0,0
2018-03-24,2964.71,24,12,3,1,0,0,0
2018-03-24,3566.19,24,12,3,1,0,0,0
2018-03-24,288.0,24,12,3,1,0,0,0
2018-03-25,116.0,25,12,3,1,0,1,0
2018-03-26,1307.85,26,13,3,0,0,1,0
2018-03-26,2688.47,26,13,3,0,0,1,0
2018-03-26,300.0,26,13,3,0,0,1,0
2018-03-26,116.0,26,13,3,0,0,1,0
2018-03-26,3325.09,26,13,3,0,0,1,0
2018-03-26,288.0,26,13,3,0,0,1,0
2018-03-26,937.74,26,13,3,0,0,1,0
2018-03-26,5887.05,26,13,3,0,0,1,0
2018-03-27,1756.65,27,13,3,0,0,1,0
2018-03-27,187.0,27,13,3,0,0,1,0
2018-03-27,300.0,27,13,3,0,0,1,0
2018-03-28,278.24,28,13,3,0,0,1,0
2018-03-28,116.0,28,13,3,0,0,1,0
2018-03-28,116.0,28,13,3,0,0,1,0
2018-03-29,198.73,29,13,3,0,0,1,0
2018-03-29,2851.31,29,13,3,0,0,1,0
2018-03-29,4525.56,29,13,3,0,0,1,0
2018-03-29,971.3,29,13,3,0,0,1,0
2018-03-29,3436.81,29,13,3,0,0,1,0
2018-03-29,1571.19,29,13,3,0,0,1,0
2018-03-30,373.41,30,13,3,0,0,1,0
2018-03-30,116.0,30,13,3,0,0,1,0
2018-03-30,1288.29,30,13,3,0,0,1,0
2018-03-30,3814.04,30,13,3,0,0,1,0
2018-03-30,4390.38,30,13,3,0,0,1,0
2018-03-31,116.0,31,13,3,1,1,1,0
2018-03-31,371.33,31,13,3,1,1,1,0
2018-03-31,264.12,31,13,3,1,1,1,0
2018-03-31,270.42,31,13,3,1,1,1,0
2018-03-31,276.62,31,13,3,1,1,1,0
2018-03-31,306.21,31,13,3,1,1,1,0
2018-04-01,1097.85,1,13,4,1,0,1,0
2018-04-01,468.49,1,13,4,1,0,1,0
2018-04-01,4464.92,1,13,4,1,0,1,0
2018-04-01,749.83,1,13,4,1,0,1,0
2018-04-01,1209.95,1,13,4,1,0,1,0
2018-04-01,545.7,1,13,4,1,0,1,0
2018-04-01,3737.46,1,13,4,1,0,1,0
2018-04-02,288.0,2,14,4,0,0,1,0
2018-04-02,841.93,2,14,4,0,0,1,0
2018-04-02,230.22,2,14,4,0,0,1,0
2018-04-02,552.36,2,14,4,0,0,1,0
2018-04-02,452.47,2,14,4,0,0,1,0
2018-04-03,904.33,3,14,4,0,0,0,0
2018-04-03,860.04,3,14,4,0,0,0,0
2018-04-03,2467.37,3,14,4,0,0,0,0
2018-04-03,8292.7,3,14,4,0,0,0,0
2018-04-03,976.2,3,14,4,0,0,0,0
2018-04-04,1851.51,4,14,4,0,0,0,0
2018-04-04,372.86,4,14,4,0,0,0,0
2018-04-04,2025.56,4,14,4,0,0,0,0
2018-04-04,913.15,4,14,4,0,0,0,0
2018-04-04,8001.03,4,14,4,0,0,0,0
2018-04-04,288.0,4,14,4,0,0,0,0
2018-04-04,1035.42,4,14,4,0,0,0,0
2018-04-04,1488.39,4,14,4,0,0,0,0
2018-04-05,300.0,5,14,4,0,0,0,0
2018-04-05,4155.1,5,14,4,0,0,0,0
2018-04-05,300.0,5,14,4,0,0,0,0
2018-04-05,2979.29,5,14,4,0,0,0,0
2018-04-05,734.79,5,14,4,0,0,0,0
2018-04-06,339.91,6,14,4,0,0,0,0
2018-04-07,683.69,7,14,4,1,0,0,0
2018-04-07,443.56,7,14,4,1,0,0,0
2018-04-07,2477.96,7,14,4,1,0,0,0
2018-04-07,5385.57,7,14,4,1,0,0,0
2018-04-07,176.51,7,14,4,1,0,0,0
2018-04-08,1412.91,8,14,4,1,0,0,0
2018-04-08,1591.64,8,14,4,1,0,0,0
2018-04-08,47566.28,8,14,4,1,0,0,0
2018-04-08,288.0,8,14,4,1,0,0,0
2018-04-09,286.65,9,15,4,0,0,0,0
2018-04-09,762.41,9,15,4,0,0,0,0
2018-04-09,4004.28,9,15,4,0,0,0,0
2018-04-09,479.91,9,15,4,0,0,0,0
2018-04-09,308.86,9,15,4,0,0,0,0
2018-04-09,288.0,9,15,4,0,0,0,0
2018-04-09,436.38,9,15,4,0,0,0,0
2018-04-09,494.43,9,15,4,0,0,0,0
2018-04-10,37608.1,10,15,4,0,0,0,0
2018-04-10,116.0,10,15,4,0,0,0,0
2018-04-10,1187.67,10,15,4,0,0,0,0
2018-04-10,169.17,10,15,4,0,0,0,0
2018-04-10,2664.41,10,15,4,0,0,0,0
2018-04-10,456.44,10,15,4,0,0,0,0
2018-04-11,28930.95,11,15,4,0,0,0,0
2018-04-11,1970.07,11,15,4,0,0,0,0
2018-04-11,2674.21,11,15,4,0,0,0,0
2018-04-11,3640.8,11,15,4,0,0,0,0
2018-04-11,116.0,11,15,4,0,0,0,0
2018-04-12,1001.36,12,15,4,0,0,0,0
2018-04-12,7603.84,12,15,4,0,0,0,0
2018-04-12,361.05,12,15,4,0,0,0,0
2018-04-12,2782.86,12,15,4,0,0,0,0
2018-04-12,1292.2,12,15,4,0,0,0,0
2018-04-13,416.17,13,15,4,0,0,0,0
2018-04-13,1057.11,13,15,4,0,0,0,0
2018-04-13,3529.76,13,15,4,0,0,0,0
2018-04-13,963.42,13,15,4,0,0,0,0
2018-04-13,2773.71,13,15,4,0,0,0,0
2018-04-14,1862.0,14,15,4,1,0,0,0
2018-04-14,678.63,14,15,4,1,0,0,0
2018-04-14,443.78,14,15,4,1,0,0,0
2018-04-14,455.34,14,15,4,1,0,0,0
2018-04-14,729.45,14,15,4,1,0,0,0
2018-04-15,3834.63,15,15,4,1,0,0,0
2018-04-15,863.63,15,15,4,1,0,0,0
2018-04-15,116.0,15,15,4,1,0,0,0
2018-04-15,558.74,15,15,4,1,0,0,0
2018-04-15,8796.7,15,15,4,1,0,0,0
2018-04-16,288.0,16,16,4,0,0,0,0
2018-04-16,788.37,16,16,4,0,0,0,0
2018-04-16,260.52,16,16,4,0,0,0,0
2018-04-16,12588.12,16,16,4,0,0,0,0
2018-04-16,2960.66,16,16,4,0,0,0,0
2018-04-16,422.28,16,16,4,0,0,0,0
2018-04-17,60.0,17,16,4,0,0,0,0
2018-04-17,560.08,17,16,4,0,0,0,0
2018-04-17,116.0,17,16,4,0,0,0,0
2018-04-17,2856.68,17,16,4,0,0,0,0
2018-04-17,3985.4,17,16,4,0,0,0,0
2018-04-18,145.6,18,16,4,0,0,0,0
2018-04-18,116.0,18,16,4,0,0,0,0
2018-04-18,288.0,18,16,4,0,0,0,0
2018-04-18,478.76,18,16,4,0,0,0,0
2018-04-18,463.42,18,16,4,0,0,0,0
2018-04-18,658.51,18,16,4,0,0,0,0
2018-04-18,379.56,18,16,4,0,0,0,0
2018-04-18,2409.82,18,16,4,0,0,0,0
2018-04-18,171.85,18,16,4,0,0,0,0
2018-04-19,1049.51,19,16,4,0,0,0,0
2018-04-19,2373.78,19,16,4,0,0,0,0
2018-04-19,37667.92,19,16,4,0,0,0,0
2018-04-19,3343.58,19,16,4,0,0,0,0
2018-04-19,333.8,19,16,4,0,0,0,0
2018-04-19,116.0,19,16,4,0,0,0,0
2018-04-19,300.0,19,16,4,0,0,0,0
2018-04-19,5456.62,19,16,4,0,0,0,0
2018-04-19,291.55,19,16,4,0,0,0,0
2018-04-19,460.8,19,16,4,0,0,0,0
2018-04-20,149.0,20,16,4,0,0,0,0
2018-04-20,223.32,20,16,4,0,0,0,0
2018-04-20,590.48,20,16,4,0,0,0,0
2018-04-20,952.61,20,16,4,0,0,0,0
2018-04-21,169.8,21,16,4,1,0,0,0
2018-04-21,658.76,21,16,4,1,0,0,0
2018-04-21,116.0,21,16,4,1,0,0,0
2018-04-21,277.66,21,16,4,1,0,0,0
2018-04-21,5700.34,21,16,4,1,0,0,0
2018-04-21,116.0,21,16,4,1,0,0,0
2018-04-22,372.55,22,16,4,1,0,0,0
2018-04-22,2025.24,22,16,4,1,0,0,0
2018-04-22,393.57,22,16,4,1,0,0,0
2018-04-22,261.09,22,16,4,1,0,0,0
2018-04-22,356.15,22,16,4,1,0,0,0
2018-04-22,34.72,22,16,4,1,0,0,0
2018-04-22,379.85,22,16,4,1,0,0,0
2018-04-22,1924.13,22,16,4,1,0,0,0
2018-04-23,8269.39,23,17,4,0,0,0,0
2018-04-23,3048.13,23,17,4,0,0,0,0
2018-04-23,225.0,23,17,4,0,0,0,0
2018-04-23,120.79,23,17,4,0,0,0,0
2018-04-23,1970.2,23,17,4,0,0,0,0
2018-04-24,1219.46,24,17,4,0,0,0,0
2018-04-24,764.03,24,17,4,0,0,0,0
2018-04-24,287.93,24,17,4,0,0,0,0
2018-04-24,1583.13,24,17,4,0,0,0,0
2018-04-24,1030.99,24,17,4,0,0,0,0
2018-04-24,1732.03,24,17,4,0,0,0,0
2018-04-24,247.48,24,17,4,0,0,0,0
2018-04-24,769.31,24,17,4,0,0,0,0
2018-04-25,145.32,25,17,4,0,0,1,0
2018-04-25,278.19,25,17,4,0,0,1,0
2018-04-25,12420.95,25,17,4,0,0,1,0
2018-04-25,288.0,25,17,4,0,0,1,0
2018-04-25,317.53,25,17,4,0,0,1,0
2018-04-26,1451.05,26,17,4,0,0,1,0
2018-04-26,337.96,26,17,4,0,0,1,0
2018-04-26,605.35,26,17,4,0,0,1,0
2018-04-26,596.13,26,17,4,0,0,1,0
2018-04-26,302.5,26,17,4,0,0,1,0
2018-04-26,683.57,26,17,4,0,0,1,0
2018-04-26,2420.61,26,17,4,0,0,1,0
2018-04-26,116.0,26,17,4,0,0,1,0
2018-04-26,1207.76,26,17,4,0,0,1,0
2018-04-26,49436.77,26,17,4,0,0,1,0
2018-04-26,1950.66,26,17,4,0,0,1,0
2018-04-26,591.84,26,17,4,0,0,1,0
2018-04-27,2039.26,27,17,4,0,0,1,0
2018-04-27,423.36,27,17,4,0,0,1,0
2018-04-27,288.0,27,17,4,0,0,1,0
2018-04-27,2696.01,27,17,4,0,0,1,0
2018-04-27,2743.85,27,17,4,0,0,1,0
2018-04-28,794.3,28,17,4,1,0,1,0
2018-04-28,177.93,28,17,4,1,0,1,0
2018-04-28,3026.19,28,17,4,1,0,1,0
2018-04-28,1396.41,28,17,4,1,0,1,0
2018-04-28,1801.64,28,17,4,1,0,1,0
2018-04-28,394.47,28,17,4,1,0,1,0
2018-04-29,4043.87,29,17,4,1,0,1,0
2018-04-29,2479.88,29,17,4,1,0,1,0
2018-04-29,2199.04,29,17,4,1,0,1,0
2018-04-29,532.19,29,17,4,1,0,1,0
2018-04-29,62799.59,29,17,4,1,0,1,0
2018-04-30,35678.35,30,18,4,0,1,1,0
2018-04-30,953.34,30,18,4,0,1,1,0
2018-04-30,1152.98,30,18,4,0,1,1,0
2018-04-30,1341.12,30,18,4,0,1,1,0
2018-04-30,1224.49,30,18,4,0,1,1,0
2018-04-30,1035.4,30,18,4,0,1,1,0
2018-04-30,570.23,30,18,4,0,1,1,0
2018-04-30,2530.05,30,18,4,0,1,1,0
2018-05-01,951.2,1,18,5,0,0,1,0
2018-05-01,647.53,1,18,5,0,0,1,0
2018-05-01,1619.85,1,18,5,0,0,1,0
2018-05-01,502.32,1,18,5,0,0,1,0
2018-05-01,1223.96,1,18,5,0,0,1,0
2018-05-01,2127.44,1,18,5,0,0,1,0
2018-05-02,2590.2,2,18,5,0,0,1,0
2018-05-02,2722.19,2,18,5,0,0,1,0
2018-05-02,338.81,2,18,5,0,0,1,0
2018-05-02,2018.47,2,18,5,0,0,1,0
2018-05-02,116.0,2,18,5,0,0,1,0
2018-05-03,8065.67,3,18,5,0,0,0,0
2018-05-03,2652.14,3,18,5,0,0,0,0
2018-05-03,329.51,3,18,5,0,0,0,0
2018-05-03,850.0,3,18,5,0,0,0,0
2018-05-03,1961.32,3,18,5,0,0,0,0
2018-05-03,541.79,3,18,5,0,0,0,0
2018-05-03,48722.46,3,18,5,0,0,0,0
2018-05-03,2937.15,3,18,5,0,0,0,0
2018-05-03,3335.07,3,18,5,0,0,0,0
2018-05-04,2624.75,4,18,5,0,0,0,0
2018-05-04,192.72,4,18,5,0,0,0,0
2018-05-04,4157.99,4,18,5,0,0,0,0
2018-05-04,5000.0,4,18,5,0,0,0,0
2018-05-04,288.0,4,18,5,0,0,0,0
2018-05-05,45517.82,5,18,5,1,0,0,0
2018-05-05,1286.53,5,18,5,1,0,0,0
2018-05-05,1173.79,5,18,5,1,0,0,0
2018-05-05,262.1,5,18,5,1,0,0,0
2018-05-05,143.26,5,18,5,1,0,0,0
2018-05-06,63990.66,6,18,5,1,0,0,0
2018-05-06,370.99,6,18,5,1,0,0,0
2018-05-06,2498.61,6,18,5,1,0,0,0
2018-05-06,661.27,6,18,5,1,0,0,0
2018-05-06,814.45,6,18,5,1,0,0,0
2018-05-07,393.94,7,19,5,0,0,0,0
2018-05-07,369.5,7,19,5,0,0,0,0
2018-05-07,1166.98,7,19,5,0,0,0,0
2018-05-08,40246.74,8,19,5,0,0,0,0
2018-05-08,1049.42,8,19,5,0,0,0,0
2018-05-08,323.64,8,19,5,0,0,0,0
2018-05-08,231.48,8,19,5,0,0,0,0
2018-05-08,116.0,8,19,5,0,0,0,0
2018-05-08,3713.76,8,19,5,0,0,0,0
2018-05-09,116.0,9,19,5,0,0,0,0
2018-05-09,617.25,9,19,5,0,0,0,0
2018-05-09,7434.08,9,19,5,0,0,0,0
2018-05-09,296.46,9,19,5,0,0,0,0
2018-05-09,2486.18,9,19,5,0,0,0,0
2018-05-09,41600.71,9,19,5,0,0,0,0
2018-05-10,330.35,10,19,5,0,0,0,0
2018-05-10,2916.36,10,19,5,0,0,0,0
2018-05-10,681.64,10,19,5,0,0,0,0
2018-05-10,485.41,10,19,5,0,0,0,0
2018-05-10,2159.65,10,19,5,0,0,0,0
2018-05-11,229.66,11,19,5,0,0,0,0
2018-05-11,511.62,11,19,5,0,0,0,0
2018-05-11,3497.7,11,19,5,0,0,0,0
2018-05-11,1479.63,11,19,5,0,0,0,0
2018-05-12,2712.4,12,19,5,1,0,0,0
2018-05-12,2559.28,12,19,5,1,0,0,0
2018-05-13,899.55,13,19,5,1,0,0,0
2018-05-13,823.98,13,19,5,1,0,0,0
2018-05-13,861.63,13,19,5,1,0,0,0
2018-05-13,2404.29,13,19,5,1,0,0,0
2018-05-13,2025.93,13,19,5,1,0,0,0
2018-05-13,614.14,13,19,5,1,0,0,0
2018-05-14,906.27,14,20,5,0,0,0,0
2018-05-14,300.0,14,20,5,0,0,0,0
2018-05-14,2353.34,14,20,5,0,0,0,0
2018-05-14,149.0,14,20,5,0,0,0,0
2018-05-14,288.0,14,20,5,0,0,0,0
2018-05-15,46416.94,15,20,5,0,0,0,0
2018-05-15,288.0,15,20,5,0,0,0,0
2018-05-15,1416.99,15,20,5,0,0,0,0
2018-05-15,300.0,15,20,5,0,0,0,0
2018-05-16,271.92,16,20,5,0,0,0,0
2018-05-16,484.57,16,20,5,0,0,0,0
2018-05-16,310.07,16,20,5,0,0,0,0
2018-05-17,1234.84,17,20,5,0,0,0,0
2018-05-17,3897.07,17,20,5,0,0,0,0
2018-05-17,1937.56,17,20,5,0,0,0,0
2018-05-18,853.93,18,20,5,0,0,0,0
2018-05-18,1351.8,18,20,5,0,0,0,0
2018-05-18,449.75,18,20,5,0,0,0,0
2018-05-18,187.0,18,20,5,0,0,0,0
2018-05-18,41317.41,18,20,5,0,0,0,0
2018-05-19,463.29,19,20,5,1,0,0,0
2018-05-19,13480.45,19,20,5,1,0,0,0
2018-05-19,1336.42,19,20,5,1,0,0,0
2018-05-19,1625.65,19,20,5,1,0,0,0
2018-05-20,1391.55,20,20,5,1,0,0,0
2018-05-20,407.79,20,20,5,1,0,0,0
2018-05-20,289.98,20,20,5,1,0,0,0
2018-05-20,817.46,20,20,5,1,0,0,0
2018-05-20,354.61,20,20,5,1,0,0,0
2018-05-21,131.42,21,21,5,0,0,0,0
2018-05-21,2107.6,21,21,5,0,0,0,0
2018-05-21,684.4,21,21,5,0,0,0,0
2018-05-21,3337.03,21,21,5,0,0,0,0
2018-05-21,380.36,21,21,5,0,0,0,0
2018-05-21,1214.62,21,21,5,0,0,0,0
2018-05-22,300.0,22,21,5,0,0,0,0
2018-05-22,288.0,22,21,5,0,0,0,0
2018-05-22,288.0,22,21,5,0,0,0,0
2018-05-22,137.56,22,21,5,0,0,0,0
2018-05-22,3097.93,22,21,5,0,0,0,0
2018-05-22,2067.24,22,21,5,0,0,0,0
2018-05-22,8380.51,22,21,5,0,0,0,0
2018-05-22,3501.41,22,21,5,0,0,0,0
2018-05-23,1372.08,23,21,5,0,0,0,0
2018-05-23,5095.65,23,21,5,0,0,0,0
2018-05-23,800.34,23,21,5,0,0,0,0
2018-05-23,1365.34,23,21,5,0,0,0,0
2018-05-23,811.42,23,21,5,0,0,0,0
2018-05-23,35931.76,23,21,5,0,0,0,0
2018-05-23,730.89,23,21,5,0,0,0,0
2018-05-23,288.0,23,21,5,0,0,0,0
2018-05-23,34723.26,23,21,5,0,0,0,0
2018-05-24,6907.28,24,21,5,0,0,0,0
2018-05-24,526.17,24,21,5,0,0,0,0
2018-05-25,2238.82,25,21,5,0,0,1,0
2018-05-25,931.02,25,21,5,0,0,1,0
2018-05-25,658.14,25,21,5,0,0,1,0
2018-05-25,535.56,25,21,5,0,0,1,0
2018-05-26,2304.44,26,21,5,1,0,1,0
2018-05-27,1050.82,27,21,5,1,0,1,0
2018-05-27,675.16,27,21,5,1,0,1,0
2018-05-28,167.54,28,22,5,0,0,1,0
2018-05-28,45843.78,28,22,5,0,0,1,0
2018-05-28,7998.52,28,22,5,0,0,1,0
2018-05-28,278.8,28,22,5,0,0,1,0
2018-05-28,36701.32,28,22,5,0,0,1,0
2018-05-28,202.56,28,22,5,0,0,1,0
2018-05-29,940.37,29,22,5,0,0,1,0
2018-05-29,858.03,29,22,5,0,0,1,0
2018-05-30,1130.63,30,22,5,0,0,1,0
2018-05-30,1420.08,30,22,5,0,0,1,0
2018-05-30,2746.01,30,22,5,0,0,1,0
2018-05-30,116.0,30,22,5,0,0,1,0
2018-05-30,1100.32,30,22,5,0,0,1,0
2018-05-30,2629.42,30,22,5,0,0,1,0
2018-05-30,250.6,30,22,5,0,0,1,0
2018-05-30,3439.84,30,22,5,0,0,1,0
2018-05-30,2107.08,30,22,5,0,0,1,0
2018-05-31,187.0,31,22,5,0,1,1,0
2018-05-31,116.0,31,22,5,0,1,1,0
2018-05-31,1261.11,31,22,5,0,1,1,0
2018-05-31,1570.57,31,22,5,0,1,1,0
2018-05-31,629.93,31,22,5,0,1,1,0
2018-05-31,3768.86,31,22,5,0,1,1,0
2018-05-31,187.0,31,22,5,0,1,1,0
2018-05-31,564.62,31,22,5,0,1,1,0
2018-06-01,4489.62,1,22,6,0,0,1,0
2018-06-01,8953.06,1,22,6,0,0,1,0
2018-06-02,2867.93,2,22,6,1,0,1,0
2018-06-02,6875.5,2,22,6,1,0,1,0
2018-06-02,130.03,2,22,6,1,0,1,0
2018-06-02,3370.65,2,22,6,1,0,1,0
2018-06-03,1019.6,3,22,6,1,0,0,0
2018-06-03,3987.61,3,22,6,1,0,0,0
2018-06-03,742.29,3,22,6,1,0,0,0
2018-06-03,245.93,3,22,6,1,0,0,0
2018-06-04,455.27,4,23,6,0,0,0,0
2018-06-04,962.59,4,23,6,0,0,0,0
2018-06-04,838.21,4,23,6,0,0,0,0
2018-06-04,1154.94,4,23,6,0,0,0,0
2018-06-04,1439.87,4,23,6,0,0,0,0
2018-06-05,642.17,5,23,6,0,0,0,0
2018-06-05,1188.37,5,23,6,0,0,0,0
2018-06-05,4577.46,5,23,6,0,0,0,0
2018-06-05,187.0,5,23,6,0,0,0,0
2018-06-05,3918.36,5,23,6,0,0,0,0
2018-06-05,116.0,5,23,6,0,0,0,0
2018-06-05,301.11,5,23,6,0,0,0,0
2018-06-05,150.62,5,23,6,0,0,0,0
2018-06-05,881.0,5,23,6,0,0,0,0
2018-06-06,437.94,6,23,6,0,0,0,0
2018-06-06,8075.36,6,23,6,0,0,0,0
2018-06-06,2777.16,6,23,6,0,0,0,0
2018-06-06,288.0,6,23,6,0,0,0,0
2018-06-06,147.88,6,23,6,0,0,0,0
2018-06-06,3195.47,6,23,6,0,0,0,0
2018-06-06,383.91,6,23,6,0,0,0,0
2018-06-07,12214.53,7,23,6,0,0,0,0
2018-06-07,759.47,7,23,6,0,0,0,0
2018-06-07,116.0,7,23,6,0,0,0,0
2018-06-07,353.87,7,23,6,0,0,0,0
2018-06-07,1106.87,7,23,6,0,0,0,0
2018-06-08,116.0,8,23,6,0,0,0,0
2018-06-08,785.88,8,23,6,0,0,0,0
2018-06-08,1315.09,8,23,6,0,0,0,0
2018-06-08,69.16,8,23,6,0,0,0,0
2018-06-08,1398.82,8,23,6,0,0,0,0
2018-06-08,145.02,8,23,6,0,0,0,0
2018-06-08,4036.78,8,23,6,0,0,0,0
2018-06-09,779.4,9,23,6,1,0,0,0
2018-06-09,41362.59,9,23,6,1,0,0,0
2018-06-09,3090.63,9,23,6,1,0,0,0
2018-06-09,69.39,9,23,6,1,0,0,0
2018-06-09,397.61,9,23,6,1,0,0,0
2018-06-09,60.34,9,23,6,1,0,0,0
2018-06-10,187.0,10,23,6,1,0,0,0
2018-06-10,1290.54,10,23,6,1,0,0,0
2018-06-11,8783.69,11,24,6,0,0,0,0
2018-06-11,43127.43,11,24,6,0,0,0,0
2018-06-11,536.09,11,24,6,0,0,0,0
2018-06-11,468.43,11,24,6,0,0,0,0
2018-06-11,12749.75,11,24,6,0,0,0,0
2018-06-12,6331.71,12,24,6,0,0,0,0
2018-06-12,587.17,12,24,6,0,0,0,0
2018-06-12,740.56,12,24,6,0,0,0,0
2018-06-12,288.0,12,24,6,0,0,0,0
2018-06-12,2791.73,12,24,6,0,0,0,0
2018-06-13,3259.65,13,24,6,0,0,0,0
2018-06-13,3061.18,13,24,6,0,0,0,0
2018-06-13,555.29,13,24,6,0,0,0,0
2018-06-13,1575.23,13,24,6,0,0,0,0
2018-06-13,116.0,13,24,6,0,0,0,0
2018-06-13,641.34,13,24,6,0,0,0,0
2018-06-13,2391.37,13,24,6,0,0,0,0
2018-06-13,627.48,13,24,6,0,0,0,0
2018-06-14,825.39,14,24,6,0,0,0,0
2018-06-14,490.4,14,24,6,0,0,0,0
2018-06-15,1111.53,15,24,6,0,0,0,0
2018-06-15,736.06,15,24,6,0,0,0,0
2018-06-15,288.0,15,24,6,0,0,0,0
2018-06-15,497.59,15,24,6,0,0,0,0
2018-06-15,1086.31,15,24,6,0,0,0,0
2018-06-15,2941.09,15,24,6,0,0,0,0
2018-06-15,328.21,15,24,6,0,0,0,0
2018-06-15,376.19,15,24,6,0,0,0,0
2018-06-15,55535.43,15,24,6,0,0,0,0
2018-06-15,1029.24,15,24,6,0,0,0,0
2018-06-16,1956.61,16,24,6,1,0,0,0
2018-06-16,2652.67,16,24,6,1,0,0,0
2018-06-16,754.89,16,24,6,1,0,0,0
2018-06-16,1058.94,16,24,6,1,0,0,0
2018-06-16,1752.62,16,24,6,1,0,0,0
2018-06-16,1404.76,16,24,6,1,0,0,0
2018-06-16,339.67,16,24,6,1,0,0,0
2018-06-16,116.0,16,24,6,1,0,0,0
2018-06-16,684.17,16,24,6,1,0,0,0
2018-06-17,9894.69,17,24,6,1,0,0,0
2018-06-17,1768.51,17,24,6,1,0,0,0
2018-06-17,41585.43,17,24,6,1,0,0,0
2018-06-17,187.09,17,24,6,1,0,0,0
2018-06-18,4119.21,18,25,6,0,0,0,0
2018-06-18,1233.33,18,25,6,0,0,0,0
2018-06-19,3393.14,19,25,6,0,0,0,0
2018-06-19,3117.55,19,25,6,0,0,0,0
2018-06-19,5941.61,19,25,6,0,0,0,0
2018-06-19,817.22,19,25,6,0,0,0,0
2018-06-19,2411.64,19,25,6,0,0,0,0
2018-06-19,4408.55,19,25,6,0,0,0,0
2018-06-20,147.38,20,25,6,0,0,0,0
2018-06-20,2407.53,20,25,6,0,0,0,0
2018-06-20,1932.25,20,25,6,0,0,0,0
2018-06-20,37016.08,20,25,6,0,0,0,0
2018-06-20,42818.28,20,25,6,0,0,0,0
2018-06-20,388.21,20,25,6,0,0,0,0
2018-06-20,74.56,20,25,6,0,0,0,0
2018-06-21,677.86,21,25,6,0,0,0,0
2018-06-21,604.98,21,25,6,0,0,0,0
2018-06-21,536.55,21,25,6,0,0,0,0
2018-06-21,116.0,21,25,6,0,0,0,0
2018-06-22,300.0,22,25,6,0,0,0,0
2018-06-22,116.0,22,25,6,0,0,0,0
2018-06-22,2820.14,22,25,6,0,0,0,0
2018-06-22,5459.32,22,25,6,0,0,0,0
2018-06-23,2275.23,23,25,6,1,0,0,0
2018-06-23,1823.21,23,25,6,1,0,0,0
2018-06-23,1561.95,23,25,6,1,0,0,0
2018-06-23,1357.61,23,25,6,1,0,0,0
2018-06-23,12498.14,23,25,6,1,0,0,0
2018-06-23,956.71,23,25,6,1,0,0,0
2018-06-23,8081.03,23,25,6,1,0,0,0
2018-06-23,981.71,23,25,6,1,0,0,0
2018-06-24,404.31,24,25,6,1,0,0,0
2018-06-24,1008.58,24,25,6,1,0,0,0
2018-06-24,4206.6,24,25,6,1,0,0,0
2018-06-24,288.0,24,25,6,1,0,0,0
2018-06-24,46267.12,24,25,6,1,0,0,0
2018-06-25,529.13,25,26,6,0,0,1,0
2018-06-25,503.25,25,26,6,0,0,1,0
2018-06-25,613.49,25,26,6,0,0,1,0
2018-06-25,547.34,25,26,6,0,0,1,0
2018-06-25,2768.35,25,26,6,0,0,1,0
2018-06-25,149.0,25,26,6,0,0,1,0
2018-06-26,920.0,26,26,6,0,0,1,0
2018-06-26,1895.07,26,26,6,0,0,1,0
2018-06-26,427.85,26,26,6,0,0,1,0
2018-06-26,501.28,26,26,6,0,0,1,0
2018-06-26,223.08,26,26,6,0,0,1,0
2018-06-27,288.0,27,26,6,0,0,1,0
2018-06-27,2784.52,27,26,6,0,0,1,0
2018-06-27,491.67,27,26,6,0,0,1,0
2018-06-27,1103.56,27,26,6,0,0,1,0
2018-06-27,921.02,27,26,6,0,0,1,0
2018-06-27,799.79,27,26,6,0,0,1,0
2018-06-27,1126.18,27,26,6,0,0,1,0
2018-06-27,2468.49,27,26,6,0,0,1,0
2018-06-28,116.0,28,26,6,0,0,1,0
2018-06-28,198.81,28,26,6,0,0,1,0
2018-06-29,605.32,29,26,6,0,0,1,0
2018-06-29,1910.61,29,26,6,0,0,1,0
2018-06-29,460.43,29,26,6,0,0,1,0
2018-06-29,230.27,29,26,6,0,0,1,0
2018-06-29,782.05,29,26,6,0,0,1,0
2018-06-29,516.94,29,26,6,0,0,1,0
2018-06-29,2553.24,29,26,6,0,0,1,0
2018-06-29,724.47,29,26,6,0,0,1,0
2018-06-29,149.0,29,26,6,0,0,1,0
2018-06-29,2533.4,29,26,6,0,0,1,0
2018-06-29,1349.59,29,26,6,0,0,1,0
2018-06-29,814.83,29,26,6,0,0,1,0
2018-06-29,599.75,29,26,6,0,0,1,0
2018-06-30,6735.91,30,26,6,1,1,1,0
2018-06-30,453.36,30,26,6,1,1,1,0
2018-06-30,353.46,30,26,6,1,1,1,0
2018-06-30,200.0,30,26,6,1,1,1,0
2018-06-30,2358.51,30,26,6,1,1,1,0
2018-07-01,2174.78,1,26,7,1,0,1,0
2018-07-01,385.47,1,26,7,1,0,1,0
2018-07-01,149.0,1,26,7,1,0,1,0
2018-07-02,8656.61,2,27,7,0,0,1,0
2018-07-02,956.79,2,27,7,0,0,1,0
2018-07-02,2775.24,2,27,7,0,0,1,0
2018-07-02,159.72,2,27,7,0,0,1,0
2018-07-02,301.35,2,27,7,0,0,1,0
2018-07-03,3113.54,3,27,7,0,0,0,0
2018-07-03,648.18,3,27,7,0,0,0,0
2018-07-03,640.01,3,27,7,0,0,0,0
2018-07-03,2463.25,3,27,7,0,0,0,0
2018-07-04,921.03,4,27,7,0,0,0,0
2018-07-04,42117.09,4,27,7,0,0,0,0
2018-07-04,2474.76,4,27,7,0,0,0,0
2018-07-04,3854.44,4,27,7,0,0,0,0
2018-07-04,149.0,4,27,7,0,0,0,0
2018-07-04,527.05,4,27,7,0,0,0,0
2018-07-04,2815.32,4,27,7,0,0,0,0
2018-07-05,1489.87,5,27,7,0,0,0,0
2018-07-06,11583.88,6,27,7,0,0,0,0
2018-07-07,379.17,7,27,7,1,0,0,0
2018-07-07,116.0,7,27,7,1,0,0,0
2018-07-07,1662.31,7,27,7,1,0,0,0
2018-07-07,33.31,7,27,7,1,0,0,0
2018-07-07,481.36,7,27,7,1,0,0,0
2018-07-07,2449.17,7,27,7,1,0,0,0
2018-07-07,4126.45,7,27,7,1,0,0,0
2018-07-07,858.41,7,27,7,1,0,0,0
2018-07-08,770.88,8,27,7,1,0,0,0
2018-07-08,52762.45,8,27,7,1,0,0,0
2018-07-08,2129.03,8,27,7,1,0,0,0
2018-07-08,2426.73,8,27,7,1,0,0,0
2018-07-08,40113.86,8,27,7,1,0,0,0
2018-07-08,243.45,8,27,7,1,0,0,0
2018-07-10,1852.79,10,28,7,0,0,0,0
2018-07-10,179.05,10,28,7,0,0,0,0
2018-07-10,2729.42,10,28,7,0,0,0,0
2018-07-11,931.62,11,28,7,0,0,0,0
2018-07-11,722.61,11,28,7,0,0,0,0
2018-07-11,5950.44,11,28,7,0,0,0,0
2018-07-11,368.13,11,28,7,0,0,0,0
2018-07-11,729.52,11,28,7,0,0,0,0
2018-07-11,1695.08,11,28,7,0,0,0,0
2018-07-12,300.0,12,28,7,0,0,0,0
2018-07-12,371.65,12,28,7,0,0,0,0
2018-07-12,187.44,12,28,7,0,0,0,0
2018-07-13,3244.95,13,28,7,0,0,0,0
2018-07-13,2135.37,13,28,7,0,0,0,0
2018-07-13,37725.87,13,28,7,0,0,0,0
2018-07-13,1462.29,13,28,7,0,0,0,0
2018-07-13,6153.99,13,28,7,0,0,0,0
2018-07-14,3254.55,14,28,7,1,0,0,0
2018-07-14,1357.4,14,28,7,1,0,0,0
2018-07-14,3091.75,14,28,7,1,0,0,0
2018-07-14,168.05,14,28,7,1,0,0,0
2018-07-14,2149.78,14,28,7,1,0,0,0
2018-07-14,2790.15,14,28,7,1,0,0,0
2018-07-14,143.06,14,28,7,1,0,0,0
2018-07-15,253.82,15,28,7,1,0,0,0
2018-07-15,5572.09,15,28,7,1,0,0,0
2018-07-15,5256.29,15,28,7,1,0,0,0
2018-07-15,47421.89,15,28,7,1,0,0,0
2018-07-16,2000.2,16,29,7,0,0,0,0
2018-07-16,952.34,16,29,7,0,0,0,0
2018-07-16,116.0,16,29,7,0,0,0,0
2018-07-16,1053.32,16,29,7,0,0,0,0
2018-07-16,164.41,16,29,7,0,0,0,0
2018-07-16,259.51,16,29,7,0,0,0,0
2018-07-16,152.15,16,29,7,0,0,0,0
2018-07-16,300.0,16,29,7,0,0,0,0
2018-07-16,1715.8,16,29,7,0,0,0,0
2018-07-16,1176.57,16,29,7,0,0,0,0
2018-07-17,258.09,17,29,7,0,0,0,0
2018-07-17,4214.62,17,29,7,0,0,0,0
2018-07-17,531.96,17,29,7,0,0,0,0
2018-07-17,2116.02,17,29,7,0,0,0,0
2018-07-18,1782.67,18,29,7,0,0,0,0
2018-07-18,5876.53,18,29,7,0,0,0,0
2018-07-18,945.12,18,29,7,0,0,0,0
2018-07-18,762.85,18,29,7,0,0,0,0
2018-07-19,1941.2,19,29,7,0,0,0,0
2018-07-19,187.0,19,29,7,0,0,0,0
2018-07-19,669.16,19,29,7,0,0,0,0
2018-07-19,73.33,19,29,7,0,0,0,0
2018-07-19,1078.97,19,29,7,0,0,0,0
2018-07-19,45802.36,19,29,7,0,0,0,0
2018-07-20,899.36,20,29,7,0,0,0,0
2018-07-21,1949.91,21,29,7,1,0,0,0
2018-07-21,8590.92,21,29,7,1,0,0,0
2018-07-21,1372.6,21,29,7,1,0,0,0
2018-07-21,1821.85,21,29,7,1,0,0,0
2018-07-22,180.31,22,29,7,1,0,0,0
2018-07-22,682.66,22,29,7,1,0,0,0
2018-07-22,667.25,22,29,7,1,0,0,0
2018-07-22,2935.64,22,29,7,1,0,0,0
2018-07-23,8569.35,23,30,7,0,0,0,0
2018-07-23,724.7,23,30,7,0,0,0,0
2018-07-23,1977.66,23,30,7,0,0,0,0
2018-07-23,288.0,23,30,7,0,0,0,0
2018-07-23,300.0,23,30,7,0,0,0,0
2018-07-24,45435.29,24,30,7,0,0,0,0
2018-07-24,1305.49,24,30,7,0,0,0,0
2018-07-24,541.52,24,30,7,0,0,0,0
2018-07-24,10344.12,24,30,7,0,0,0,0
2018-07-24,288.0,24,30,7,0,0,0,0
2018-07-24,6443.89,24,30,7,0,0,0,0
2018-07-25,2144.03,25,30,7,0,0,1,0
2018-07-25,195.46,25,30,7,0,0,1,0
2018-07-25,2444.05,25,30,7,0,0,1,0
2018-07-25,149.0,25,30,7,0,0,1,0
2018-07-25,6665.56,25,30,7,0,0,1,0
2018-07-25,1713.54,25,30,7,0,0,1,0
2018-07-25,475.51,25,30,7,0,0,1,0
2018-07-25,151.7,25,30,7,0,0,1,0
2018-07-25,2593.68,25,30,7,0,0,1,0
2018-07-25,650.05,25,30,7,0,0,1,0
2018-07-26,491.94,26,30,7,0,0,1,0
2018-07-26,150.48,26,30,7,0,0,1,0
2018-07-26,961.25,26,30,7,0,0,1,0
2018-07-26,68241.2,26,30,7,0,0,1,0
2018-07-26,8046.59,26,30,7,0,0,1,0
2018-07-26,523.5,26,30,7,0,0,1,0
2018-07-27,3233.7,27,30,7,0,0,1,0
2018-07-27,5907.07,27,30,7,0,0,1,0
2018-07-27,1896.2,27,30,7,0,0,1,0
2018-07-27,3759.27,27,30,7,0,0,1,0
2018-07-27,1323.74,27,30,7,0,0,1,0
2018-07-28,5548.53,28,30,7,1,0,1,0
2018-07-28,288.0,28,30,7,1,0,1,0
2018-07-28,4162.8,28,30,7,1,0,1,0
2018-07-28,1613.91,28,30,7,1,0,1,0
2018-07-29,340.93,29,30,7,1,0,1,0
2018-07-29,1407.88,29,30,7,1,0,1,0
2018-07-29,3836.07,29,30,7,1,0,1,0
2018-07-29,6373.81,29,30,7,1,0,1,0
2018-07-29,237.73,29,30,7,1,0,1,0
2018-07-30,754.47,30,31,7,0,0,1,0
2018-07-30,657.62,30,31,7,0,0,1,0
2018-07-30,776.0,30,31,7,0,0,1,0
2018-07-30,651.28,30,31,7,0,0,1,0
2018-07-30,45894.24,30,31,7,0,0,1,0
2018-07-31,980.42,31,31,7,0,1,1,0
2018-07-31,218.29,31,31,7,0,1,1,0
2018-07-31,1223.91,31,31,7,0,1,1,0
2018-07-31,378.06,31,31,7,0,1,1,0
2018-08-01,269.42,1,31,8,0,0,1,0
2018-08-01,2608.2,1,31,8,0,0,1,0
2018-08-01,1657.85,1,31,8,0,0,1,0
2018-08-02,703.5,2,31,8,0,0,1,0
2018-08-02,607.77,2,31,8,0,0,1,0
2018-08-02,3962.54,2,31,8,0,0,1,0
2018-08-02,60.0,2,31,8,0,0,1,0
2018-08-02,7881.55,2,31,8,0,0,1,0
2018-08-02,124.8,2,31,8,0,0,1,0
2018-08-02,3827.59,2,31,8,0,0,1,0
2018-08-02,161.91,2,31,8,0,0,1,0
2018-08-03,540.12,3,31,8,0,0,0,0
2018-08-03,625.52,3,31,8,0,0,0,0
2018-08-03,254.91,3,31,8,0,0,0,0
2018-08-03,992.74,3,31,8,0,0,0,0
2018-08-03,116.0,3,31,8,0,0,0,0
2018-08-04,1580.0,4,31,8,1,0,0,0
2018-08-04,5000.0,4,31,8,1,0,0,0
2018-08-04,2250.69,4,31,8,1,0,0,0
2018-08-05,3519.91,5,31,8,1,0,0,0
2018-08-05,1090.93,5,31,8,1,0,0,0
2018-08-05,1063.79,5,31,8,1,0,0,0
2018-08-05,698.37,5,31,8,1,0,0,0
2018-08-05,8336.57,5,31,8,1,0,0,0
2018-08-05,300.0,5,31,8,1,0,0,0
2018-08-05,8171.27,5,31,8,1,0,0,0
2018-08-06,57328.47,6,32,8,0,0,0,0
2018-08-06,630.33,6,32,8,0,0,0,0
2018-08-07,105.08,7,32,8,0,0,0,0
2018-08-08,1512.87,8,32,8,0,0,0,0
2018-08-08,609.5,8,32,8,0,0,0,0
2018-08-08,5674.55,8,32,8,0,0,0,0
2018-08-08,2231.92,8,32,8,0,0,0,0
2018-08-08,116.0,8,32,8,0,0,0,0
2018-08-09,8177.52,9,32,8,0,0,0,0
2018-08-09,382.48,9,32,8,0,0,0,0
2018-08-10,454.58,10,32,8,0,0,0,0
2018-08-10,2884.37,10,32,8,0,0,0,0
2018-08-10,2159.76,10,32,8,0,0,0,0
2018-08-10,53031.42,10,32,8,0,0,0,0
2018-08-10,8860.99,10,32,8,0,0,0,0
2018-08-10,345.02,10,32,8,0,0,0,0
2018-08-10,477.93,10,32,8,0,0,0,0
2018-08-11,193.37,11,32,8,1,0,0,0
2018-08-11,1081.48,11,32,8,1,0,0,0
2018-08-11,5835.99,11,32,8,1,0,0,0
2018-08-12,309.52,12,32,8,1,0,0,0
2018-08-12,3397.04,12,32,8,1,0,0,0
2018-08-12,140.67,12,32,8,1,0,0,0
2018-08-13,1046.83,13,33,8,0,0,0,0
2018-08-13,413.64,13,33,8,0,0,0,0
2018-08-13,116.0,13,33,8,0,0,0,0
2018-08-13,1567.0,13,33,8,0,0,0,0
2018-08-14,3594.37,14,33,8,0,0,0,0
2018-08-14,4256.79,14,33,8,0,0,0,0
2018-08-14,149.79,14,33,8,0,0,0,0
2018-08-14,1527.84,14,33,8,0,0,0,0
2018-08-14,1659.67,14,33,8,0,0,0,0
2018-08-14,1130.9,14,33,8,0,0,0,0
2018-08-15,132.84,15,33,8,0,0,0,0
2018-08-16,288.0,16,33,8,0,0,0,0
2018-08-16,46185.36,16,33,8,0,0,0,0
2018-08-16,1267.39,16,33,8,0,0,0,0
2018-08-17,2990.0,17,33,8,0,0,0,0
2018-08-17,738.21,17,33,8,0,0,0,0
2018-08-18,2292.74,18,33,8,1,0,0,0
2018-08-18,288.0,18,33,8,1,0,0,0
2018-08-18,581.58,18,33,8,1,0,0,0
2018-08-19,172.07,19,33,8,1,0,0,0
2018-08-19,1363.66,19,33,8,1,0,0,0
2018-08-20,3377.94,20,34,8,0,0,0,0
2018-08-20,1800.58,20,34,8,0,0,0,0
2018-08-21,2037.85,21,34,8,0,0,0,0
2018-08-21,4755.64,21,34,8,0,0,0,0
2018-08-21,116.0,21,34,8,0,0,0,0
2018-08-21,11004.5,21,34,8,0,0,0,0
2018-08-21,201.13,21,34,8,0,0,0,0
2018-08-21,555.28,21,34,8,0,0,0,0
2018-08-22,378.72,22,34,8,0,0,0,0
2018-08-22,205.45,22,34,8,0,0,0,0
2018-08-23,177.85,23,34,8,0,0,0,0
2018-08-24,196.86,24,34,8,0,0,0,0
2018-08-24,288.0,24,34,8,0,0,0,0
2018-08-24,1851.32,24,34,8,0,0,0,0
2018-08-25,1654.32,25,34,8,1,0,1,0
2018-08-26,546.6,26,34,8,1,0,1,0
2018-08-26,2406.7,26,34,8,1,0,1,0
2018-08-26,149.0,26,34,8,1,0,1,0
2018-08-27,2368.36,27,35,8,0,0,1,0
2018-08-27,415.92,27,35,8,0,0,1,0
2018-08-27,769.16,27,35,8,0,0,1,0
2018-08-27,187.0,27,35,8,0,0,1,0
2018-08-27,2408.53,27,35,8,0,0,1,0
2018-08-28,1221.7,28,35,8,0,0,1,0
2018-08-29,2280.76,29,35,8,0,0,1,0
2018-08-29,2326.44,29,35,8,0,0,1,0
2018-08-29,225.75,29,35,8,0,0,1,0
2018-08-29,802.45,29,35,8,0,0,1,0
2018-08-29,213.6,29,35,8,0,0,1,0
2018-08-29,1379.34,29,35,8,0,0,1,0
2018-08-30,927.51,30,35,8,0,0,1,0
2018-08-30,973.62,30,35,8,0,0,1,0
2018-08-30,75.16,30,35,8,0,0,1,0
2018-08-30,3020.37,30,35,8,0,0,1,0
2018-08-30,332.13,30,35,8,0,0,1,0
2018-08-30,344.71,30,35,8,0,0,1,0
2018-08-31,187.89,31,35,8,0,1,1,0
2018-08-31,3601.82,31,35,8,0,1,1,0
2018-08-31,945.14,31,35,8,0,1,1,0
2018-08-31,288.0,31,35,8,0,1,1,0
2018-09-01,288.0,1,35,9,1,0,1,0
2018-09-01,2222.43,1,35,9,1,0,1,0
2018-09-01,4136.68,1,35,9,1,0,1,0
2018-09-01,182.77,1,35,9,1,0,1,0
2018-09-01,116.0,1,35,9,1,0,1,0
2018-09-01,929.11,1,35,9,1,0,1,0
2018-09-01,248.78,1,35,9,1,0,1,0
2018-09-01,48254.84,1,35,9,1,0,1,0
2018-09-02,515.6,2,35,9,1,0,1,0
2018-09-03,214.21,3,36,9,0,0,0,0
2018-09-03,526.71,3,36,9,0,0,0,0
2018-09-03,1364.58,3,36,9,0,0,0,0
2018-09-03,3195.84,3,36,9,0,0,0,0
2018-09-03,928.2,3,36,9,0,0,0,0
2018-09-03,550.57,3,36,9,0,0,0,0
2018-09-03,487.41,3,36,9,0,0,0,0
2018-09-04,506.08,4,36,9,0,0,0,0
2018-09-04,2141.69,4,36,9,0,0,0,0
2018-09-04,1533.28,4,36,9,0,0,0,0
2018-09-05,2584.47,5,36,9,0,0,0,0
2018-09-05,2538.45,5,36,9,0,0,0,0
2018-09-05,212.37,5,36,9,0,0,0,0
2018-09-05,2886.57,5,36,9,0,0,0,0
2018-09-06,1647.86,6,36,9,0,0,0,0
2018-09-06,457.85,6,36,9,0,0,0,0
2018-09-06,288.0,6,36,9,0,0,0,0
2018-09-06,195.19,6,36,9,0,0,0,0
2018-09-06,393.12,6,36,9,0,0,0,0
2018-09-06,2472.55,6,36,9,0,0,0,0
2018-09-06,1406.75,6,36,9,0,0,0,0
2018-09-07,117.66,7,36,9,0,0,0,0
2018-09-07,3273.45,7,36,9,0,0,0,0
2018-09-07,1248.8,7,36,9,0,0,0,0
2018-09-08,580.59,8,36,9,1,0,0,0
2018-09-08,296.46,8,36,9,1,0,0,0
2018-09-08,340.31,8,36,9,1,0,0,0
2018-09-08,2382.42,8,36,9,1,0,0,0
2018-09-09,2280.3,9,36,9,1,0,0,0
2018-09-09,187.0,9,36,9,1,0,0,0
2018-09-09,472.82,9,36,9,1,0,0,0
2018-09-09,982.15,9,36,9,1,0,0,0
2018-09-10,1459.41,10,37,9,0,0,0,0
2018-09-10,1300.61,10,37,9,0,0,0,0
2018-09-10,1503.48,10,37,9,0,0,0,0
2018-09-10,452.52,10,37,9,0,0,0,0
2018-09-10,1024.15,10,37,9,0,0,0,0
2018-09-10,688.43,10,37,9,0,0,0,0
2018-09-10,866.58,10,37,9,0,0,0,0
2018-09-10,1584.76,10,37,9,0,0,0,0
2018-09-10,246.99,10,37,9,0,0,0,0
2018-09-11,564.03,11,37,9,0,0,0,0
2018-09-11,1097.45,11,37,9,0,0,0,0
2018-09-11,1902.19,11,37,9,0,0,0,0
2018-09-11,3928.01,11,37,9,0,0,0,0
2018-09-11,482.74,11,37,9,0,0,0,0
2018-09-12,1021.45,12,37,9,0,0,0,0
2018-09-12,289.48,12,37,9,0,0,0,0
2018-09-12,4361.59,12,37,9,0,0,0,0
2018-09-12,205.24,12,37,9,0,0,0,0
2018-09-12,1763.48,12,37,9,0,0,0,0
2018-09-12,396.6,12,37,9,0,0,0,0
2018-09-12,3850.66,12,37,9,0,0,0,0
2018-09-12,2923.96,12,37,9,0,0,0,0
2018-09-13,1525.27,13,37,9,0,0,0,0
2018-09-14,1145.86,14,37,9,0,0,0,0
2018-09-14,396.18,14,37,9,0,0,0,0
2018-09-14,731.22,14,37,9,0,0,0,0
2018-09-14,1724.03,14,37,9,0,0,0,0
2018-09-14,249.62,14,37,9,0,0,0,0
2018-09-15,12197.62,15,37,9,1,0,0,0
2018-09-15,44737.05,15,37,9,1,0,0,0
2018-09-15,942.73,15,37,9,1,0,0,0
2018-09-16,288.0,16,37,9,1,0,0,0
2018-09-16,2011.51,16,37,9,1,0,0,0
2018-09-16,58887.48,16,37,9,1,0,0,0
2018-09-17,288.0,17,38,9,0,0,0,0
2018-09-17,3122.9,17,38,9,0,0,0,0
2018-09-17,78.1,17,38,9,0,0,0,0
2018-09-17,127.89,17,38,9,0,0,0,0
2018-09-17,337.61,17,38,9,0,0,0,0
2018-09-17,428.29,17,38,9,0,0,0,0
2018-09-17,4791.24,17,38,9,0,0,0,0
2018-09-17,216.82,17,38,9,0,0,0,0
2018-09-18,4381.49,18,38,9,0,0,0,0
2018-09-18,8316.46,18,38,9,0,0,0,0
2018-09-18,1008.65,18,38,9,0,0,0,0
2018-09-18,4914.92,18,38,9,0,0,0,0
2018-09-18,300.0,18,38,9,0,0,0,0
2018-09-19,1176.68,19,38,9,0,0,0,0
2018-09-19,1218.96,19,38,9,0,0,0,0
2018-09-19,179.46,19,38,9,0,0,0,0
2018-09-19,727.16,19,38,9,0,0,0,0
2018-09-20,170.36,20,38,9,0,0,0,0
2018-09-20,821.77,20,38,9,0,0,0,0
2018-09-20,1800.86,20,38,9,0,0,0,0
2018-09-20,701.41,20,38,9,0,0,0,0
2018-09-20,129.56,20,38,9,0,0,0,0
2018-09-20,859.14,20,38,9,0,0,0,0
2018-09-20,316.15,20,38,9,0,0,0,0
2018-09-20,803.19,20,38,9,0,0,0,0
2018-09-21,328.26,21,38,9,0,0,0,0
2018-09-21,401.64,21,38,9,0,0,0,0
2018-09-21,553.48,21,38,9,0,0,0,0
2018-09-21,1908.86,21,38,9,0,0,0,0
2018-09-21,862.89,21,38,9,0,0,0,0
2018-09-21,1096.92,21,38,9,0,0,0,0
2018-09-21,2074.43,21,38,9,0,0,0,0
2018-09-21,1210.75,21,38,9,0,0,0,0
2018-09-21,922.53,21,38,9,0,0,0,0
2018-09-21,546.43,21,38,9,0,0,0,0
2018-09-22,2873.29,22,38,9,1,0,0,0
2018-09-22,2335.29,22,38,9,1,0,0,0
2018-09-22,3653.69,22,38,9,1,0,0,0
2018-09-22,659.86,22,38,9,1,0,0,0
2018-09-22,3200.47,22,38,9,1,0,0,0
2018-09-22,3406.1,22,38,9,1,0,0,0
2018-09-23,239.98,23,38,9,1,0,0,0
2018-09-23,4110.68,23,38,9,1,0,0,0
2018-09-23,372.41,23,38,9,1,0,0,0
2018-09-23,311.39,23,38,9,1,0,0,0
2018-09-24,3474.71,24,39,9,0,0,0,0
2018-09-24,288.0,24,39,9,0,0,0,0
2018-09-24,2729.29,24,39,9,0,0,0,0
2018-09-24,187.0,24,39,9,0,0,0,0
2018-09-24,574.41,24,39,9,0,0,0,0
2018-09-24,246.47,24,39,9,0,0,0,0
2018-09-25,1705.74,25,39,9,0,0,1,0
2018-09-25,1763.21,25,39,9,0,0,1,0
2018-09-25,1238.2,25,39,9,0,0,1,0
2018-09-25,979.76,25,39,9,0,0,1,0
2018-09-25,2123.36,25,39,9,0,0,1,0
2018-09-25,396.47,25,39,9,0,0,1,0
2018-09-25,1200.93,25,39,9,0,0,1,0
2018-09-26,149.0,26,39,9,0,0,1,0
2018-09-26,2472.08,26,39,9,0,0,1,0
2018-09-26,116.0,26,39,9,0,0,1,0
2018-09-26,187.0,26,39,9,0,0,1,0
2018-09-26,288.0,26,39,9,0,0,1,0
2018-09-26,1155.49,26,39,9,0,0,1,0
2018-09-26,116.0,26,39,9,0,0,1,0
2018-09-27,586.63,27,39,9,0,0,1,0
2018-09-27,116.0,27,39,9,0,0,1,0
2018-09-27,666.19,27,39,9,0,0,1,0
2018-09-27,249.9,27,39,9,0,0,1,0
2018-09-28,2540.6,28,39,9,0,0,1,0
2018-09-28,2893.13,28,39,9,0,0,1,0
2018-09-28,1496.16,28,39,9,0,0,1,0
2018-09-28,268.5,28,39,9,0,0,1,0
2018-09-28,522.43,28,39,9,0,0,1,0
2018-09-28,50121.77,28,39,9,0,0,1,0
2018-09-28,2875.04,28,39,9,0,0,1,0
2018-09-29,2173.21,29,39,9,1,0,1,0
2018-09-29,330.55,29,39,9,1,0,1,0
2018-09-29,2938.35,29,39,9,1,0,1,0
2018-09-29,159.38,29,39,9,1,0,1,0
2018-09-29,47390.24,29,39,9,1,0,1,0
2018-09-29,288.0,29,39,9,1,0,1,0
2018-09-29,528.1,29,39,9,1,0,1,0
2018-09-29,596.89,29,39,9,1,0,1,0
2018-09-29,225.15,29,39,9,1,0,1,0
2018-09-29,2208.48,29,39,9,1,0,1,0
2018-09-30,382.14,30,39,9,1,1,1,0
2018-09-30,288.0,30,39,9,1,1,1,0
2018-09-30,714.23,30,39,9,1,1,1,0
2018-09-30,744.12,30,39,9,1,1,1,0
2018-09-30,288.0,30,39,9,1,1,1,0
2018-09-30,3331.23,30,39,9,1,1,1,0
2018-09-30,2187.64,30,39,9,1,1,1,0
2018-09-30,1495.74,30,39,9,1,1,1,0
2018-10-01,3757.84,1,40,10,0,0,1,1
2018-10-01,288.0,1,40,10,0,0,1,1
2018-10-02,1444.23,2,40,10,0,0,1,1
2018-10-02,368.12,2,40,10,0,0,1,1
2018-10-02,318.83,2,40,10,0,0,1,1
2018-10-02,4075.15,2,40,10,0,0,1,1
2018-10-03,116.0,3,40,10,0,0,0,1
2018-10-03,1673.94,3,40,10,0,0,0,1
2018-10-03,1486.27,3,40,10,0,0,0,1
2018-10-03,3739.66,3,40,10,0,0,0,1
2018-10-03,2434.27,3,40,10,0,0,0,1
2018-10-03,149.0,3,40,10,0,0,0,1
2018-10-03,1635.66,3,40,10,0,0,0,1
2018-10-03,720.38,3,40,10,0,0,0,1
2018-10-04,365.39,4,40,10,0,0,0,1
2018-10-04,407.87,4,40,10,0,0,0,1
2018-10-04,45.82,4,40,10,0,0,0,1
2018-10-04,1227.02,4,40,10,0,0,0,1
2018-10-04,1595.46,4,40,10,0,0,0,1
2018-10-04,855.88,4,40,10,0,0,0,1
2018-10-04,4846.03,4,40,10,0,0,0,1
2018-10-05,655.84,5,40,10,0,0,0,1
2018-10-05,3707.69,5,40,10,0,0,0,1
2018-10-06,1420.39,6,40,10,1,0,0,1
2018-10-06,88.18,6,40,10,1,0,0,1
2018-10-06,123.68,6,40,10,1,0,0,1
2018-10-07,2235.96,7,40,10,1,0,0,1
2018-10-07,81.73,7,40,10,1,0,0,1
2018-10-08,1842.74,8,41,10,0,0,0,1
2018-10-08,3747.9,8,41,10,0,0,0,1
2018-10-09,3039.27,9,41,10,0,0,0,1
2018-10-09,403.48,9,41,10,0,0,0,1
2018-10-10,409.67,10,41,10,0,0,0,1
2018-10-10,4131.23,10,41,10,0,0,0,1
2018-10-10,288.0,10,41,10,0,0,0,1
2018-10-11,975.6,11,41,10,0,0,0,1
2018-10-11,236.72,11,41,10,0,0,0,1
2018-10-12,3585.23,12,41,10,0,0,0,1
2018-10-12,1917.57,12,41,10,0,0,0,1
2018-10-12,3168.78,12,41,10,0,0,0,1
2018-10-12,288.0,12,41,10,0,0,0,1
2018-10-12,225.39,12,41,10,0,0,0,1
2018-10-12,3492.03,12,41,10,0,0,0,1
2018-10-13,8423.9,13,41,10,1,0,0,1
2018-10-13,1620.18,13,41,10,1,0,0,1
2018-10-13,2980.17,13,41,10,1,0,0,1
2018-10-13,3003.78,13,41,10,1,0,0,1
2018-10-14,8441.21,14,41,10,1,0,0,1
2018-10-14,300.0,14,41,10,1,0,0,1
2018-10-15,175.93,15,42,10,0,0,0,1
2018-10-15,1887.9,15,42,10,0,0,0,1
2018-10-15,116.0,15,42,10,0,0,0,1
2018-10-15,2537.97,15,42,10,0,0,0,1
2018-10-15,167.21,15,42,10,0,0,0,1
2018-10-16,149.0,16,42,10,0,0,0,1
2018-10-16,205.3,16,42,10,0,0,0,1
2018-10-16,614.49,16,42,10,0,0,0,1
2018-10-16,337.64,16,42,10,0,0,0,1
2018-10-17,703.43,17,42,10,0,0,0,1
2018-10-18,864.98,18,42,10,0,0,0,1
2018-10-18,490.45,18,42,10,0,0,0,1
2018-10-18,116.0,18,42,10,0,0,0,1
2018-10-19,48070.6,19,42,10,0,0,0,1
2018-10-19,1697.05,19,42,10,0,0,0,1
2018-10-19,380.44,19,42,10,0,0,0,1
2018-10-19,429.07,19,42,10,0,0,0,1
2018-10-20,234.5,20,42,10,1,0,0,1
2018-10-20,831.69,20,42,10,1,0,0,1
2018-10-20,150.66,20,42,10,1,0,0,1
2018-10-20,1362.55,20,42,10,1,0,0,1
2018-10-20,1523.77,20,42,10,1,0,0,1
2018-10-20,319.41,20,42,10,1,0,0,1
2018-10-21,288.0,21,42,10,1,0,0,1
2018-10-21,237.02,21,42,10,1,0,0,1
2018-10-21,997.5,21,42,10,1,0,0,1
2018-10-21,116.0,21,42,10,1,0,0,1
2018-10-21,1601.11,21,42,10,1,0,0,1
2018-10-22,1147.5,22,43,10,0,0,0,1
2018-10-22,787.9,22,43,10,0,0,0,1
2018-10-22,1842.15,22,43,10,0,0,0,1
2018-10-22,918.19,22,43,10,0,0,0,1
2018-10-22,1344.72,22,43,10,0,0,0,1
2018-10-23,45805.96,23,43,10,0,0,0,1
2018-10-23,1695.79,23,43,10,0,0,0,1
2018-10-24,504.5,24,43,10,0,0,0,1
2018-10-24,213.6,24,43,10,0,0,0,1
2018-10-25,684.16,25,43,10,0,0,1,1
2018-10-25,2053.09,25,43,10,0,0,1,1
2018-10-25,739.76,25,43,10,0,0,1,1
2018-10-26,1345.3,26,43,10,0,0,1,1
2018-10-26,591.32,26,43,10,0,0,1,1
2018-10-27,187.0,27,43,10,1,0,1,1
2018-10-27,1260.27,27,43,10,1,0,1,1
2018-10-27,526.8,27,43,10,1,0,1,1
2018-10-27,157.47,27,43,10,1,0,1,1
2018-10-28,1321.61,28,43,10,1,0,1,1
2018-10-30,42775.53,30,44,10,0,0,1,1
2018-10-30,324.82,30,44,10,0,0,1,1
2018-10-31,5505.56,31,44,10,0,1,1,1
2018-10-31,541.39,31,44,10,0,1,1,1
2018-10-31,263.45,31,44,10,0,1,1,1
2018-10-31,892.33,31,44,10,0,1,1,1
2018-10-31,2965.1,31,44,10,0,1,1,1
2018-11-01,306.58,1,44,11,0,0,1,1
2018-11-01,33223.2,1,44,11,0,0,1,1
2018-11-01,440.41,1,44,11,0,0,1,1
2018-11-01,730.58,1,44,11,0,0,1,1
2018-11-01,35646.96,1,44,11,0,0,1,1
2018-11-01,541.01,1,44,11,0,0,1,1
2018-11-02,318.03,2,44,11,0,0,1,1
2018-11-02,57.16,2,44,11,0,0,1,1
2018-11-02,2459.33,2,44,11,0,0,1,1
2018-11-02,3616.8,2,44,11,0,0,1,1
2018-11-02,1840.46,2,44,11,0,0,1,1
2018-11-02,107.68,2,44,11,0,0,1,1
2018-11-03,400.75,3,44,11,1,0,0,1
2018-11-03,33.51,3,44,11,1,0,0,1
2018-11-03,288.0,3,44,11,1,0,0,1
2018-11-04,3666.89,4,44,11,1,0,0,1
2018-11-04,217.39,4,44,11,1,0,0,1
2018-11-04,537.83,4,44,11,1,0,0,1
2018-11-04,1304.04,4,44,11,1,0,0,1
2018-11-04,116.0,4,44,11,1,0,0,1
2018-11-04,599.24,4,44,11,1,0,0,1
2018-11-05,880.71,5,45,11,0,0,0,1
2018-11-05,330.97,5,45,11,0,0,0,1
2018-11-05,139.34,5,45,11,0,0,0,1
2018-11-05,3687.86,5,45,11,0,0,0,1
2018-11-05,644.11,5,45,11,0,0,0,1
2018-11-05,804.79,5,45,11,0,0,0,1
2018-11-05,403.3,5,45,11,0,0,0,1
2018-11-06,294.24,6,45,11,0,0,0,1
2018-11-06,2137.1,6,45,11,0,0,0,1
2018-11-06,916.82,6,45,11,0,0,0,1
2018-11-06,1013.36,6,45,11,0,0,0,1
2018-11-06,397.65,6,45,11,0,0,0,1
2018-11-06,7990.0,6,45,11,0,0,0,1
2018-11-06,500.52,6,45,11,0,0,0,1
2018-11-07,8042.74,7,45,11,0,0,0,1
2018-11-07,746.38,7,45,11,0,0,0,1
2018-11-07,2487.15,7,45,11,0,0,0,1
2018-11-07,434.43,7,45,11,0,0,0,1
2018-11-08,2118.4,8,45,11,0,0,0,1
2018-11-08,910.47,8,45,11,0,0,0,1
2018-11-09,683.41,9,45,11,0,0,0,1
2018-11-09,2969.84,9,45,11,0,0,0,1
2018-11-09,300.0,9,45,11,0,0,0,1
2018-11-10,414.11,10,45,11,1,0,0,1
2018-11-10,362.25,10,45,11,1,0,0,1
2018-11-10,1627.76,10,45,11,1,0,0,1
2018-11-10,589.37,10,45,11,1,0,0,1
2018-11-10,4699.21,10,45,11,1,0,0,1
2018-11-10,1194.1,10,45,11,1,0,0,1
2018-11-11,1316.85,11,45,11,1,0,0,1
2018-11-11,4056.12,11,45,11,1,0,0,1
2018-11-11,2096.43,11,45,11,1,0,0,1
2018-11-11,676.18,11,45,11,1,0,0,1
2018-11-12,527.42,12,46,11,0,0,0,1
2018-11-13,139.18,13,46,11,0,0,0,1
2018-11-13,426.38,13,46,11,0,0,0,1
2018-11-13,673.77,13,46,11,0,0,0,1
2018-11-13,2990.0,13,46,11,0,0,0,1
2018-11-13,2020.3,13,46,11,0,0,0,1
2018-11-13,1477.67,13,46,11,0,0,0,1
2018-11-13,2129.05,13,46,11,0,0,0,1
2018-11-13,2925.49,13,46,11,0,0,0,1
2018-11-13,5398.69,13,46,11,0,0,0,1
2018-11-14,850.0,14,46,11,0,0,0,1
2018-11-14,1855.72,14,46,11,0,0,0,1
2018-11-14,1479.86,14,46,11,0,0,0,1
2018-11-15,116.0,15,46,11,0,0,0,1
2018-11-15,116.0,15,46,11,0,0,0,1
2018-11-15,1846.37,15,46,11,0,0,0,1
2018-11-15,44.92,15,46,11,0,0,0,1
2018-11-16,4103.21,16,46,11,0,0,0,1
2018-11-16,116.0,16,46,11,0,0,0,1
2018-11-16,194.67,16,46,11,0,0,0,1
2018-11-17,116.0,17,46,11,1,0,0,1
2018-11-17,116.0,17,46,11,1,0,0,1
2018-11-17,2183.78,17,46,11,1,0,0,1
2018-11-17,2437.52,17,46,11,1,0,0,1
2018-11-17,1477.89,17,46,11,1,0,0,1
2018-11-17,934.51,17,46,11,1,0,0,1
2018-11-18,1309.1,18,46,11,1,0,0,1
2018-11-18,1381.67,18,46,11,1,0,0,1
2018-11-18,2166.55,18,46,11,1,0,0,1
2018-11-18,2426.95,18,46,11,1,0,0,1
2018-11-18,8577.76,18,46,11,1,0,0,1
2018-11-18,243.74,18,46,11,1,0,0,1
2018-11-18,1176.78,18,46,11,1,0,0,1
2018-11-18,2116.97,18,46,11,1,0,0,1
2018-11-18,3938.0,18,46,11,1,0,0,1
2018-11-18,789.58,18,46,11,1,0,0,1
2018-11-18,836.34,18,46,11,1,0,0,1
2018-11-19,336.88,19,47,11,0,0,0,1
2018-11-19,5588.54,19,47,11,0,0,0,1
2018-11-19,309.9,19,47,11,0,0,0,1
2018-11-19,2751.95,19,47,11,0,0,0,1
2018-11-20,1344.71,20,47,11,0,0,0,1
2018-11-20,8133.63,20,47,11,0,0,0,1
2018-11-21,578.17,21,47,11,0,0,0,1
2018-11-21,253.31,21,47,11,0,0,0,1
2018-11-21,288.0,21,47,11,0,0,0,1
2018-11-21,751.46,21,47,11,0,0,0,1
2018-11-21,4787.86,21,47,11,0,0,0,1
2018-11-21,2954.19,21,47,11,0,0,0,1
2018-11-21,1847.06,21,47,11,0,0,0,1
2018-11-22,1194.96,22,47,11,0,0,0,1
2018-11-22,2435.51,22,47,11,0,0,0,1
2018-11-22,714.09,22,47,11,0,0,0,1
2018-11-23,3994.74,23,47,11,0,0,0,1
2018-11-23,143.57,23,47,11,0,0,0,1
2018-11-23,300.0,23,47,11,0,0,0,1
2018-11-23,1201.81,23,47,11,0,0,0,1
2018-11-23,3002.16,23,47,11,0,0,0,1
2018-11-23,6192.83,23,47,11,0,0,0,1
2018-11-24,3048.29,24,47,11,1,0,0,1
2018-11-24,2058.92,24,47,11,1,0,0,1
2018-11-24,8298.96,24,47,11,1,0,0,1
2018-11-24,1527.21,24,47,11,1,0,0,1
2018-11-24,8910.56,24,47,11,1,0,0,1
2018-11-24,2527.04,24,47,11,1,0,0,1
2018-11-25,3381.51,25,47,11,1,0,1,1
2018-11-25,493.23,25,47,11,1,0,1,1
2018-11-25,300.0,25,47,11,1,0,1,1
2018-11-25,720.99,25,47,11,1,0,1,1
2018-11-25,1658.96,25,47,11,1,0,1,1
2018-11-26,3223.38,26,48,11,0,0,1,1
2018-11-26,2288.68,26,48,11,0,0,1,1
2018-11-26,310.27,26,48,11,0,0,1,1
2018-11-26,910.52,26,48,11,0,0,1,1
2018-11-27,504.34,27,48,11,0,0,1,1
2018-11-27,116.0,27,48,11,0,0,1,1
2018-11-27,480.08,27,48,11,0,0,1,1
2018-11-27,1781.11,27,48,11,0,0,1,1
2018-11-27,340.03,27,48,11,0,0,1,1
2018-11-27,288.0,27,48,11,0,0,1,1
2018-11-28,8182.07,28,48,11,0,0,1,1
2018-11-28,1185.81,28,48,11,0,0,1,1
2018-11-28,1258.47,28,48,11,0,0,1,1
2018-11-28,209.63,28,48,11,0,0,1,1
2018-11-28,3105.63,28,48,11,0,0,1,1
2018-11-29,1943.03,29,48,11,0,0,1,1
2018-11-29,1083.32,29,48,11,0,0,1,1
2018-11-29,983.7,29,48,11,0,0,1,1
2018-11-30,229.69,30,48,11,0,1,1,1
2018-11-30,812.88,30,48,11,0,1,1,1
2018-12-01,49.78,1,48,12,1,0,1,1
2018-12-01,7542.54,1,48,12,1,0,1,1
2018-12-01,741.34,1,48,12,1,0,1,1
2018-12-01,240.51,1,48,12,1,0,1,1
2018-12-01,1408.91,1,48,12,1,0,1,1
2018-12-01,810.77,1,48,12,1,0,1,1
2018-12-02,1106.25,2,48,12,1,0,1,1
2018-12-02,116.0,2,48,12,1,0,1,1
2018-12-02,517.83,2,48,12,1,0,1,1
2018-12-03,7990.0,3,49,12,0,0,0,1
2018-12-03,2812.02,3,49,12,0,0,0,1
2018-12-03,116.0,3,49,12,0,0,0,1
2018-12-03,300.0,3,49,12,0,0,0,1
2018-12-03,4321.59,3,49,12,0,0,0,1
2018-12-03,857.23,3,49,12,0,0,0,1
2018-12-03,341.85,3,49,12,0,0,0,1
2018-12-03,2611.07,3,49,12,0,0,0,1
2018-12-04,185.54,4,49,12,0,0,0,1
2018-12-04,53993.7,4,49,12,0,0,0,1
2018-12-04,116.0,4,49,12,0,0,0,1
2018-12-04,442.87,4,49,12,0,0,0,1
2018-12-04,782.2,4,49,12,0,0,0,1
2018-12-04,234.97,4,49,12,0,0,0,1
2018-12-04,7454.14,4,49,12,0,0,0,1
2018-12-04,149.0,4,49,12,0,0,0,1
2018-12-04,363.13,4,49,12,0,0,0,1
2018-12-05,1031.74,5,49,12,0,0,0,1
2018-12-05,6668.1,5,49,12,0,0,0,1
2018-12-05,5861.25,5,49,12,0,0,0,1
2018-12-05,152.37,5,49,12,0,0,0,1
2018-12-05,116.0,5,49,12,0,0,0,1
2018-12-05,42382.94,5,49,12,0,0,0,1
2018-12-05,352.93,5,49,12,0,0,0,1
2018-12-05,694.54,5,49,12,0,0,0,1
2018-12-06,626.15,6,49,12,0,0,0,1
2018-12-06,1500.38,6,49,12,0,0,0,1
2018-12-07,1234.5,7,49,12,0,0,0,1
2018-12-07,1550.31,7,49,12,0,0,0,1
2018-12-07,65.52,7,49,12,0,0,0,1
2018-12-08,4893.16,8,49,12,1,0,0,1
2018-12-09,4224.36,9,49,12,1,0,0,1
2018-12-09,334.89,9,49,12,1,0,0,1
2018-12-09,1922.02,9,49,12,1,0,0,1
2018-12-09,342.63,9,49,12,1,0,0,1
2018-12-09,1974.23,9,49,12,1,0,0,1
2018-12-09,547.77,9,49,12,1,0,0,1
2018-12-10,258.05,10,50,12,0,0,0,1
2018-12-10,7601.0,10,50,12,0,0,0,1
2018-12-10,3036.7,10,50,12,0,0,0,1
2018-12-10,187.0,10,50,12,0,0,0,1
2018-12-10,1435.57,10,50,12,0,0,0,1
2018-12-10,230.35,10,50,12,0,0,0,1
2018-12-11,4353.92,11,50,12,0,0,0,1
2018-12-11,605.95,11,50,12,0,0,0,1
2018-12-11,566.93,11,50,12,0,0,0,1
2018-12-11,2319.46,11,50,12,0,0,0,1
2018-12-11,954.26,11,50,12,0,0,0,1
2018-12-12,476.73,12,50,12,0,0,0,1
2018-12-12,1993.85,12,50,12,0,0,0,1
2018-12-12,116.0,12,50,12,0,0,0,1
2018-12-12,288.0,12,50,12,0,0,0,1
2018-12-12,864.58,12,50,12,0,0,0,1
2018-12-12,957.51,12,50,12,0,0,0,1
2018-12-12,1920.7,12,50,12,0,0,0,1
2018-12-13,116.0,13,50,12,0,0,0,1
2018-12-13,1103.26,13,50,12,0,0,0,1
2018-12-13,470.26,13,50,12,0,0,0,1
2018-12-13,992.92,13,50,12,0,0,0,1
2018-12-13,1048.49,13,50,12,0,0,0,1
2018-12-14,2215.6,14,50,12,0,0,0,1
2018-12-14,439.17,14,50,12,0,0,0,1
2018-12-14,3557.66,14,50,12,0,0,0,1
2018-12-14,431.23,14,50,12,0,0,0,1
2018-12-14,1299.9,14,50,12,0,0,0,1
2018-12-14,90.46,14,50,12,0,0,0,1
2018-12-14,3838.33,14,50,12,0,0,0,1
2018-12-15,643.47,15,50,12,1,0,0,1
2018-12-15,3037.99,15,50,12,1,0,0,1
2018-12-15,4211.91,15,50,12,1,0,0,1
2018-12-15,1077.92,15,50,12,1,0,0,1
2018-12-16,48563.74,16,50,12,1,0,0,1
2018-12-16,4028.97,16,50,12,1,0,0,1
2018-12-16,13326.76,16,50,12,1,0,0,1
2018-12-16,1208.95,16,50,12,1,0,0,1
2018-12-16,3464.06,16,50,12,1,0,0,1
2018-12-16,6143.15,16,50,12,1,0,0,1
2018-12-16,1541.36,16,50,12,1,0,0,1
2018-12-16,36214.95,16,50,12,1,0,0,1
2018-12-16,662.23,16,50,12,1,0,0,1
2018-12-16,2888.39,16,50,12,1,0,0,1
2018-12-17,320.31,17,51,12,0,0,0,1
2018-12-17,378.12,17,51,12,0,0,0,1
2018-12-17,42163.19,17,51,12,0,0,0,1
2018-12-17,1260.85,17,51,12,0,0,0,1
2018-12-17,300.0,17,51,12,0,0,0,1
2018-12-17,288.0,17,51,12,0,0,0,1
2018-12-17,237.41,17,51,12,0,0,0,1
2018-12-17,15356.53,17,51,12,0,0,0,1
2018-12-17,270.5,17,51,12,0,0,0,1
2018-12-18,300.0,18,51,12,0,0,0,1
2018-12-18,1240.91,18,51,12,0,0,0,1
2018-12-18,207.78,18,51,12,0,0,0,1
2018-12-18,550.95,18,51,12,0,0,0,1
2018-12-19,1162.32,19,51,12,0,0,0,1
2018-12-19,116.0,19,51,12,0,0,0,1
2018-12-19,1104.34,19,51,12,0,0,0,1
2018-12-19,9335.72,19,51,12,0,0,0,1
2018-12-19,349.22,19,51,12,0,0,0,1
2018-12-20,1853.7,20,51,12,0,0,0,1
2018-12-20,2743.92,20,51,12,0,0,0,1
2018-12-20,1542.39,20,51,12,0,0,0,1
2018-12-20,311.96,20,51,12,0,0,0,1
2018-12-20,590.39,20,51,12,0,0,0,1
2018-12-21,814.29,21,51,12,0,0,0,1
2018-12-21,400.82,21,51,12,0,0,0,1
2018-12-21,678.52,21,51,12,0,0,0,1
2018-12-22,2088.89,22,51,12,1,0,0,1
2018-12-22,336.54,22,51,12,1,0,0,1
2018-12-22,1491.49,22,51,12,1,0,0,1
2018-12-22,404.52,22,51,12,1,0,0,1
2018-12-22,3629.57,22,51,12,1,0,0,1
2018-12-22,6213.83,22,51,12,1,0,0,1
2018-12-22,9766.42,22,51,12,1,0,0,1
2018-12-22,736.02,22,51,12,1,0,0,1
2018-12-22,37323.22,22,51,12,1,0,0,1
2018-12-23,1389.15,23,51,12,1,0,0,1
2018-12-23,1925.59,23,51,12,1,0,0,1
2018-12-24,270.24,24,52,12,0,0,0,1
2018-12-24,484.37,24,52,12,0,0,0,1
2018-12-24,3543.1,24,52,12,0,0,0,1
2018-12-24,3854.75,24,52,12,0,0,0,1
2018-12-24,4777.55,24,52,12,0,0,0,1
2018-12-24,770.03,24,52,12,0,0,0,1
2018-12-24,258.06,24,52,12,0,0,0,1
2018-12-24,3077.33,24,52,12,0,0,0,1
2018-12-24,2679.42,24,52,12,0,0,0,1
2018-12-24,288.0,24,52,12,0,0,0,1
2018-12-25,104.07,25,52,12,0,0,1,1
2018-12-25,633.44,25,52,12,0,0,1,1
2018-12-25,116.0,25,52,12,0,0,1,1
2018-12-25,611.95,25,52,12,0,0,1,1
2018-12-25,1183.54,25,52,12,0,0,1,1
2018-12-25,116.0,25,52,12,0,0,1,1
2018-12-26,2150.23,26,52,12,0,0,1,1
2018-12-26,452.15,26,52,12,0,0,1,1
2018-12-26,1147.49,26,52,12,0,0,1,1
2018-12-26,375.29,26,52,12,0,0,1,1
2018-12-26,8295.41,26,52,12,0,0,1,1
2018-12-27,288.0,27,52,12,0,0,1,1
2018-12-27,810.62,27,52,12,0,0,1,1
2018-12-27,1425.26,27,52,12,0,0,1,1
2018-12-27,2459.75,27,52,12,0,0,1,1
2018-12-27,5312.32,27,52,12,0,0,1,1
2018-12-28,187.0,28,52,12,0,0,1,1
2018-12-28,288.0,28,52,12,0,0,1,1
2018-12-28,288.0,28,52,12,0,0,1,1
2018-12-28,390.15,28,52,12,0,0,1,1
2018-12-28,1681.41,28,52,12,0,0,1,1
2018-12-28,1064.92,28,52,12,0,0,1,1
2018-12-28,116.0,28,52,12,0,0,1,1
2018-12-29,1865.54,29,52,12,1,0,1,1
2018-12-29,447.6,29,52,12,1,0,1,1
2018-12-29,1981.89,29,52,12,1,0,1,1
2018-12-29,1484.68,29,52,12,1,0,1,1
2018-12-29,483.02,29,52,12,1,0,1,1
2018-12-29,349.21,29,52,12,1,0,1,1
2018-12-29,1274.53,29,52,12,1,0,1,1
2018-12-29,551.79,29,52,12,1,0,1,1
2018-12-29,300.0,29,52,12,1,0,1,1
2018-12-29,2928.96,29,52,12,1,0,1,1
2018-12-29,324.23,29,52,12,1,0,1,1
2018-12-29,427.33,29,52,12,1,0,1,1
2018-12-30,1171.22,30,52,12,1,0,1,1
2018-12-30,300.0,30,52,12,1,0,1,1
2018-12-30,152.9,30,52,12,1,0,1,1
2018-12-31,1105.61,31,1,12,0,1,1,1
2018-12-31,61.72,31,1,12,0,1,1,1
2018-12-31,7286.14,31,1,12,0,1,1,1
2018-12-31,728.78,31,1,12,0,1,1,1
2018-12-31,451.42,31,1,12,0,1,1,1
2018-12-31,1085.95,31,1,12,0,1,1,1
2019-01-01,2784.02,1,1,1,0,0,1,0
2019-01-02,96.86,2,1,1,0,0,1,0
2019-01-02,926.74,2,1,1,0,0,1,0
2019-01-03,2433.13,3,1,1,0,0,0,0
2019-01-03,2941.95,3,1,1,0,0,0,0
2019-01-03,355.49,3,1,1,0,0,0,0
2019-01-04,9054.4,4,1,1,0,0,0,0
2019-01-04,318.0,4,1,1,0,0,0,0
2019-01-05,2499.92,5,1,1,1,0,0,0
2019-01-05,3527.9,5,1,1,1,0,0,0
2019-01-05,1210.5,5,1,1,1,0,0,0
2019-01-05,1328.54,5,1,1,1,0,0,0
2019-01-05,343.94,5,1,1,1,0,0,0
2019-01-06,358.14,6,1,1,1,0,0,0
2019-01-06,1213.3,6,1,1,1,0,0,0
2019-01-06,2315.5,6,1,1,1,0,0,0
2019-01-07,687.91,7,2,1,0,0,0,0
2019-01-07,371.02,7,2,1,0,0,0,0
2019-01-07,1652.68,7,2,1,0,0,0,0
2019-01-07,485.28,7,2,1,0,0,0,0
2019-01-08,8337.12,8,2,1,0,0,0,0
2019-01-08,116.0,8,2,1,0,0,0,0
2019-01-08,2364.91,8,2,1,0,0,0,0
2019-01-08,300.0,8,2,1,0,0,0,0
2019-01-09,403.59,9,2,1,0,0,0,0
2019-01-10,951.37,10,2,1,0,0,0,0
2019-01-10,372.22,10,2,1,0,0,0,0
2019-01-10,567.66,10,2,1,0,0,0,0
2019-01-10,411.52,10,2,1,0,0,0,0
2019-01-11,399.09,11,2,1,0,0,0,0
2019-01-11,36295.24,11,2,1,0,0,0,0
2019-01-11,1831.51,11,2,1,0,0,0,0
2019-01-11,685.65,11,2,1,0,0,0,0
2019-01-12,721.38,12,2,1,1,0,0,0
2019-01-12,1981.5,12,2,1,1,0,0,0
2019-01-12,5290.63,12,2,1,1,0,0,0
2019-01-12,225.85,12,2,1,1,0,0,0
2019-01-12,3514.28,12,2,1,1,0,0,0
2019-01-12,1613.93,12,2,1,1,0,0,0
2019-01-12,3517.35,12,2,1,1,0,0,0
2019-01-13,593.0,13,2,1,1,0,0,0
2019-01-14,288.0,14,3,1,0,0,0,0
2019-01-14,718.0,14,3,1,0,0,0,0
2019-01-14,2503.66,14,3,1,0,0,0,0
2019-01-14,3507.04,14,3,1,0,0,0,0
2019-01-14,6221.93,14,3,1,0,0,0,0
2019-01-14,55998.36,14,3,1,0,0,0,0
2019-01-15,149.0,15,3,1,0,0,0,0
2019-01-15,4640.69,15,3,1,0,0,0,0
2019-01-15,62172.08,15,3,1,0,0,0,0
2019-01-16,1060.74,16,3,1,0,0,0,0
2019-01-16,116.0,16,3,1,0,0,0,0
2019-01-17,2724.38,17,3,1,0,0,0,0
2019-01-17,2424.69,17,3,1,0,0,0,0
2019-01-18,3475.39,18,3,1,0,0,0,0
2019-01-18,1932.15,18,3,1,0,0,0,0
2019-01-18,453.14,18,3,1,0,0,0,0
2019-01-19,908.73,19,3,1,1,0,0,0
2019-01-19,1662.79,19,3,1,1,0,0,0
2019-01-19,1407.74,19,3,1,1,0,0,0
2019-01-19,547.9,19,3,1,1,0,0,0
2019-01-20,2273.6,20,3,1,1,0,0,0
2019-01-20,187.0,20,3,1,1,0,0,0
2019-01-21,7715.14,21,4,1,0,0,0,0
2019-01-21,263.8,21,4,1,0,0,0,0
2019-01-21,288.0,21,4,1,0,0,0,0
2019-01-22,288.0,22,4,1,0,0,0,0
2019-01-22,1330.86,22,4,1,0,0,0,0
2019-01-22,2385.84,22,4,1,0,0,0,0
2019-01-22,405.6,22,4,1,0,0,0,0
2019-01-22,333.18,22,4,1,0,0,0,0
2019-01-22,746.46,22,4,1,0,0,0,0
2019-01-22,8829.58,22,4,1,0,0,0,0
2019-01-22,288.0,22,4,1,0,0,0,0
2019-01-23,902.64,23,4,1,0,0,0,0
2019-01-23,2170.57,23,4,1,0,0,0,0
2019-01-23,683.58,23,4,1,0,0,0,0
2019-01-23,2587.4,23,4,1,0,0,0,0
2019-01-24,1094.2,24,4,1,0,0,0,0
2019-01-24,116.0,24,4,1,0,0,0,0
2019-01-24,853.73,24,4,1,0,0,0,0
2019-01-24,8178.67,24,4,1,0,0,0,0
2019-01-25,116.0,25,4,1,0,0,1,0
2019-01-25,288.0,25,4,1,0,0,1,0
2019-01-25,327.75,25,4,1,0,0,1,0
2019-01-25,1550.28,25,4,1,0,0,1,0
2019-01-25,534.01,25,4,1,0,0,1,0
2019-01-26,6614.26,26,4,1,1,0,1,0
2019-01-26,7639.04,26,4,1,1,0,1,0
2019-01-26,5381.68,26,4,1,1,0,1,0
2019-01-26,1114.28,26,4,1,1,0,1,0
2019-01-27,1190.69,27,4,1,1,0,1,0
2019-01-27,8405.16,27,4,1,1,0,1,0
2019-01-27,677.75,27,4,1,1,0,1,0
2019-01-27,326.07,27,4,1,1,0,1,0
2019-01-28,1757.97,28,5,1,0,0,1,0
2019-01-28,1648.91,28,5,1,0,0,1,0
2019-01-28,3410.97,28,5,1,0,0,1,0
2019-01-28,300.0,28,5,1,0,0,1,0
2019-01-29,699.19,29,5,1,0,0,1,0
2019-01-30,156.26,30,5,1,0,0,1,0
2019-01-30,394.12,30,5,1,0,0,1,0
2019-01-30,1101.76,30,5,1,0,0,1,0
2019-01-30,341.39,30,5,1,0,0,1,0
2019-01-30,60.0,30,5,1,0,0,1,0
2019-01-30,2947.67,30,5,1,0,0,1,0
2019-01-31,656.96,31,5,1,0,1,1,0
2019-01-31,1399.12,31,5,1,0,1,1,0
2019-01-31,354.1,31,5,1,0,1,1,0
2019-01-31,116.0,31,5,1,0,1,1,0
2019-01-31,7870.76,31,5,1,0,1,1,0
2019-02-01,1400.09,1,5,2,0,0,1,0
2019-02-01,4110.45,1,5,2,0,0,1,0
2019-02-01,8629.73,1,5,2,0,0,1,0
2019-02-01,300.0,1,5,2,0,0,1,0
2019-02-02,356.79,2,5,2,1,0,1,0
2019-02-02,2303.89,2,5,2,1,0,1,0
2019-02-02,4380.55,2,5,2,1,0,1,0
2019-02-02,1268.01,2,5,2,1,0,1,0
2019-02-02,566.42,2,5,2,1,0,1,0
2019-02-03,149.0,3,5,2,1,0,0,0
2019-02-03,7807.94,3,5,2,1,0,0,0
2019-02-03,1052.31,3,5,2,1,0,0,0
2019-02-04,2149.2,4,6,2,0,0,0,0
2019-02-04,527.24,4,6,2,0,0,0,0
2019-02-04,277.54,4,6,2,0,0,0,0
2019-02-04,549.8,4,6,2,0,0,0,0
2019-02-04,1330.85,4,6,2,0,0,0,0
2019-02-04,288.0,4,6,2,0,0,0,0
2019-02-05,383.96,5,6,2,0,0,0,0
2019-02-05,1765.9,5,6,2,0,0,0,0
2019-02-05,817.66,5,6,2,0,0,0,0
2019-02-05,579.29,5,6,2,0,0,0,0
2019-02-05,359.85,5,6,2,0,0,0,0
2019-02-05,2711.69,5,6,2,0,0,0,0
2019-02-05,503.83,5,6,2,0,0,0,0
2019-02-05,2476.33,5,6,2,0,0,0,0
2019-02-05,874.81,5,6,2,0,0,0,0
2019-02-06,132.27,6,6,2,0,0,0,0
2019-02-06,263.12,6,6,2,0,0,0,0
2019-02-06,2037.32,6,6,2,0,0,0,0
2019-02-06,513.11,6,6,2,0,0,0,0
2019-02-06,3206.47,6,6,2,0,0,0,0
2019-02-07,697.32,7,6,2,0,0,0,0
2019-02-07,58.19,7,6,2,0,0,0,0
2019-02-08,9824.77,8,6,2,0,0,0,0
2019-02-08,1343.09,8,6,2,0,0,0,0
2019-02-08,3252.37,8,6,2,0,0,0,0
2019-02-09,2214.49,9,6,2,1,0,0,0
2019-02-09,894.72,9,6,2,1,0,0,0
2019-02-09,809.51,9,6,2,1,0,0,0
2019-02-09,395.39,9,6,2,1,0,0,0
2019-02-10,173.45,10,6,2,1,0,0,0
2019-02-10,3049.47,10,6,2,1,0,0,0
2019-02-10,942.02,10,6,2,1,0,0,0
2019-02-11,388.27,11,7,2,0,0,0,0
2019-02-11,889.23,11,7,2,0,0,0,0
2019-02-11,5131.85,11,7,2,0,0,0,0
2019-02-12,586.43,12,7,2,0,0,0,0
2019-02-12,288.0,12,7,2,0,0,0,0
2019-02-12,284.72,12,7,2,0,0,0,0
2019-02-12,802.39,12,7,2,0,0,0,0
2019-02-12,44019.33,12,7,2,0,0,0,0
2019-02-12,8317.03,12,7,2,0,0,0,0
2019-02-13,116.0,13,7,2,0,0,0,0
2019-02-13,51.68,13,7,2,0,0,0,0
2019-02-14,11805.73,14,7,2,0,0,0,0
2019-02-14,751.22,14,7,2,0,0,0,0
2019-02-14,273.07,14,7,2,0,0,0,0
2019-02-14,7969.53,14,7,2,0,0,0,0
2019-02-14,2174.05,14,7,2,0,0,0,0
2019-02-14,1424.23,14,7,2,0,0,0,0
2019-02-14,795.92,14,7,2,0,0,0,0
2019-02-15,1127.29,15,7,2,0,0,0,0
2019-02-15,3998.7,15,7,2,0,0,0,0
2019-02-15,384.47,15,7,2,0,0,0,0
2019-02-15,190.58,15,7,2,0,0,0,0
2019-02-15,243.36,15,7,2,0,0,0,0
2019-02-16,4571.52,16,7,2,1,0,0,0
2019-02-16,1338.16,16,7,2,1,0,0,0
2019-02-16,4769.81,16,7,2,1,0,0,0
2019-02-16,614.11,16,7,2,1,0,0,0
2019-02-17,39.35,17,7,2,1,0,0,0
2019-02-17,2200.54,17,7,2,1,0,0,0
2019-02-17,2040.49,17,7,2,1,0,0,0
2019-02-17,1523.28,17,7,2,1,0,0,0
2019-02-18,2918.02,18,8,2,0,0,0,0
2019-02-18,1336.99,18,8,2,0,0,0,0
2019-02-18,1229.34,18,8,2,0,0,0,0
2019-02-18,203.22,18,8,2,0,0,0,0
2019-02-18,824.5,18,8,2,0,0,0,0
2019-02-18,421.6,18,8,2,0,0,0,0
2019-02-18,200.42,18,8,2,0,0,0,0
2019-02-19,983.11,19,8,2,0,0,0,0
2019-02-19,974.66,19,8,2,0,0,0,0
2019-02-19,226.62,19,8,2,0,0,0,0
2019-02-19,1891.1,19,8,2,0,0,0,0
2019-02-19,288.0,19,8,2,0,0,0,0
2019-02-20,309.47,20,8,2,0,0,0,0
2019-02-20,803.32,20,8,2,0,0,0,0
2019-02-20,1371.98,20,8,2,0,0,0,0
2019-02-20,753.39,20,8,2,0,0,0,0
2019-02-20,4164.36,20,8,2,0,0,0,0
2019-02-20,266.71,20,8,2,0,0,0,0
2019-02-21,159.54,21,8,2,0,0,0,0
2019-02-21,418.43,21,8,2,0,0,0,0
2019-02-21,3490.54,21,8,2,0,0,0,0
2019-02-21,195.94,21,8,2,0,0,0,0
2019-02-21,537.14,21,8,2,0,0,0,0
2019-02-22,2307.1,22,8,2,0,0,0,0
2019-02-22,43972.5,22,8,2,0,0,0,0
2019-02-23,4064.7,23,8,2,1,0,0,0
2019-02-23,454.2,23,8,2,1,0,0,0
2019-02-23,753.31,23,8,2,1,0,0,0
2019-02-23,313.71,23,8,2,1,0,0,0
2019-02-23,469.82,23,8,2,1,0,0,0
2019-02-23,1234.52,23,8,2,1,0,0,0
2019-02-24,4265.19,24,8,2,1,0,0,0
2019-02-24,116.0,24,8,2,1,0,0,0
2019-02-24,1729.48,24,8,2,1,0,0,0
2019-02-24,300.0,24,8,2,1,0,0,0
2019-02-24,656.59,24,8,2,1,0,0,0
2019-02-24,998.68,24,8,2,1,0,0,0
2019-02-24,288.0,24,8,2,1,0,0,0
2019-02-25,41103.99,25,9,2,0,0,1,0
2019-02-25,116.0,25,9,2,0,0,1,0
2019-02-25,290.46,25,9,2,0,0,1,0
2019-02-25,1691.59,25,9,2,0,0,1,0
2019-02-25,1175.72,25,9,2,0,0,1,0
2019-02-25,3020.39,25,9,2,0,0,1,0
2019-02-26,3114.95,26,9,2,0,0,1,0
2019-02-26,1108.76,26,9,2,0,0,1,0
2019-02-26,1454.08,26,9,2,0,0,1,0
2019-02-26,4412.37,26,9,2,0,0,1,0
2019-02-26,713.51,26,9,2,0,0,1,0
2019-02-26,334.33,26,9,2,0,0,1,0
2019-02-26,116.0,26,9,2,0,0,1,0
2019-02-27,3771.2,27,9,2,0,0,1,0
2019-02-27,1089.31,27,9,2,0,0,1,0
2019-02-27,2406.76,27,9,2,0,0,1,0
2019-02-27,12175.1,27,9,2,0,0,1,0
2019-02-27,2104.04,27,9,2,0,0,1,0
2019-02-28,38433.18,28,9,2,0,1,1,0
2019-02-28,300.0,28,9,2,0,1,1,0
2019-02-28,7116.05,28,9,2,0,1,1,0
2019-02-28,5659.7,28,9,2,0,1,1,0
2019-02-28,957.32,28,9,2,0,1,1,0
2019-02-28,1626.39,28,9,2,0,1,1,0
2019-02-28,2299.56,28,9,2,0,1,1,0
2019-03-01,7570.9,1,9,3,0,0,1,0
2019-03-01,288.0,1,9,3,0,0,1,0
2019-03-01,187.0,1,9,3,0,0,1,0
2019-03-02,1742.82,2,9,3,1,0,1,0
2019-03-02,971.45,2,9,3,1,0,1,0
2019-03-02,288.0,2,9,3,1,0,1,0
2019-03-02,278.22,2,9,3,1,0,1,0
2019-03-02,60.0,2,9,3,1,0,1,0
2019-03-02,361.03,2,9,3,1,0,1,0
2019-03-03,595.83,3,9,3,1,0,0,0
2019-03-03,288.0,3,9,3,1,0,0,0
2019-03-03,629.07,3,9,3,1,0,0,0
2019-03-03,999.54,3,9,3,1,0,0,0
2019-03-04,696.24,4,10,3,0,0,0,0
2019-03-04,1635.68,4,10,3,0,0,0,0
2019-03-04,288.0,4,10,3,0,0,0,0
2019-03-04,3465.44,4,10,3,0,0,0,0
2019-03-05,8441.52,5,10,3,0,0,0,0
2019-03-05,1615.87,5,10,3,0,0,0,0
2019-03-05,4094.41,5,10,3,0,0,0,0
2019-03-05,288.0,5,10,3,0,0,0,0
2019-03-05,196.07,5,10,3,0,0,0,0
2019-03-05,2785.17,5,10,3,0,0,0,0
2019-03-06,615.71,6,10,3,0,0,0,0
2019-03-07,1952.61,7,10,3,0,0,0,0
2019-03-07,692.67,7,10,3,0,0,0,0
2019-03-07,267.12,7,10,3,0,0,0,0
2019-03-07,795.19,7,10,3,0,0,0,0
2019-03-07,322.89,7,10,3,0,0,0,0
2019-03-08,711.56,8,10,3,0,0,0,0
2019-03-08,3077.87,8,10,3,0,0,0,0
2019-03-08,3279.33,8,10,3,0,0,0,0
2019-03-09,288.0,9,10,3,1,0,0,0
2019-03-09,116.0,9,10,3,1,0,0,0
2019-03-09,899.51,9,10,3,1,0,0,0
2019-03-10,187.0,10,10,3,1,0,0,0
2019-03-10,1516.07,10,10,3,1,0,0,0
2019-03-10,499.87,10,10,3,1,0,0,0
2019-03-10,283.34,10,10,3,1,0,0,0
2019-03-10,60.0,10,10,3,1,0,0,0
2019-03-11,432.92,11,11,3,0,0,0,0
2019-03-11,981.2,11,11,3,0,0,0,0
2019-03-11,116.0,11,11,3,0,0,0,0
2019-03-11,2501.16,11,11,3,0,0,0,0
2019-03-12,884.8,12,11,3,0,0,0,0
2019-03-12,2704.05,12,11,3,0,0,0,0
2019-03-12,300.0,12,11,3,0,0,0,0
2019-03-12,975.51,12,11,3,0,0,0,0
2019-03-12,1152.69,12,11,3,0,0,0,0
2019-03-12,1167.86,12,11,3,0,0,0,0
2019-03-12,2875.28,12,11,3,0,0,0,0
2019-03-13,148.05,13,11,3,0,0,0,0
2019-03-13,450.74,13,11,3,0,0,0,0
2019-03-13,1185.57,13,11,3,0,0,0,0
2019-03-13,46257.98,13,11,3,0,0,0,0
2019-03-14,328.54,14,11,3,0,0,0,0
2019-03-14,812.93,14,11,3,0,0,0,0
2019-03-14,2114.55,14,11,3,0,0,0,0
2019-03-14,48418.28,14,11,3,0,0,0,0
2019-03-15,164.36,15,11,3,0,0,0,0
2019-03-15,869.43,15,11,3,0,0,0,0
2019-03-15,149.0,15,11,3,0,0,0,0
2019-03-16,7990.0,16,11,3,1,0,0,0
2019-03-16,335.01,16,11,3,1,0,0,0
2019-03-16,920.64,16,11,3,1,0,0,0
2019-03-17,440.27,17,11,3,1,0,0,0
2019-03-17,741.23,17,11,3,1,0,0,0
2019-03-18,3188.69,18,12,3,0,0,0,0
2019-03-18,2642.16,18,12,3,0,0,0,0
2019-03-18,1501.08,18,12,3,0,0,0,0
2019-03-19,56002.56,19,12,3,0,0,0,0
2019-03-19,328.43,19,12,3,0,0,0,0
2019-03-19,4057.51,19,12,3,0,0,0,0
2019-03-19,542.68,19,12,3,0,0,0,0
2019-03-19,1405.74,19,12,3,0,0,0,0
2019-03-20,7531.63,20,12,3,0,0,0,0
2019-03-20,345.65,20,12,3,0,0,0,0
2019-03-20,3720.62,20,12,3,0,0,0,0
2019-03-21,3883.96,21,12,3,0,0,0,0
2019-03-21,43706.26,21,12,3,0,0,0,0
2019-03-21,2890.79,21,12,3,0,0,0,0
2019-03-21,1309.79,21,12,3,0,0,0,0
2019-03-21,4495.9,21,12,3,0,0,0,0
2019-03-22,785.09,22,12,3,0,0,0,0
2019-03-22,745.14,22,12,3,0,0,0,0
2019-03-22,187.0,22,12,3,0,0,0,0
2019-03-22,951.75,22,12,3,0,0,0,0
2019-03-23,1490.71,23,12,3,1,0,0,0
2019-03-23,4295.38,23,12,3,1,0,0,0
2019-03-23,189.85,23,12,3,1,0,0,0
2019-03-24,1225.18,24,12,3,1,0,0,0
2019-03-24,8771.0,24,12,3,1,0,0,0
2019-03-24,2078.99,24,12,3,1,0,0,0
2019-03-24,1175.3,24,12,3,1,0,0,0
2019-03-25,2668.35,25,13,3,0,0,1,0
2019-03-25,1483.92,25,13,3,0,0,1,0
2019-03-25,50014.14,25,13,3,0,0,1,0
2019-03-25,6893.07,25,13,3,0,0,1,0
2019-03-25,4869.69,25,13,3,0,0,1,0
2019-03-26,4889.78,26,13,3,0,0,1,0
2019-03-27,149.0,27,13,3,0,0,1,0
2019-03-27,227.75,27,13,3,0,0,1,0
2019-03-27,975.04,27,13,3,0,0,1,0
2019-03-27,116.0,27,13,3,0,0,1,0
2019-03-27,153.16,27,13,3,0,0,1,0
2019-03-28,1891.52,28,13,3,0,0,1,0
2019-03-28,3897.25,28,13,3,0,0,1,0
2019-03-28,169.0,28,13,3,0,0,1,0
2019-03-29,2320.53,29,13,3,0,0,1,0
2019-03-29,839.36,29,13,3,0,0,1,0
2019-03-29,977.34,29,13,3,0,0,1,0
2019-03-29,168.79,29,13,3,0,0,1,0
2019-03-29,4937.58,29,13,3,0,0,1,0
2019-03-30,520.83,30,13,3,1,0,1,0
2019-03-30,116.0,30,13,3,1,0,1,0
2019-03-30,1029.93,30,13,3,1,0,1,0
2019-03-30,1126.24,30,13,3,1,0,1,0
2019-03-31,580.17,31,13,3,1,1,1,0
2019-03-31,455.52,31,13,3,1,1,1,0
2019-03-31,288.0,31,13,3,1,1,1,0
2019-03-31,382.96,31,13,3,1,1,1,0
2019-03-31,1976.96,31,13,3,1,1,1,0
2019-04-01,181.74,1,14,4,0,0,1,0
2019-04-01,515.05,1,14,4,0,0,1,0
2019-04-01,495.87,1,14,4,0,0,1,0
2019-04-02,6157.99,2,14,4,0,0,1,0
2019-04-02,116.0,2,14,4,0,0,1,0
2019-04-02,52336.86,2,14,4,0,0,1,0
2019-04-02,502.47,2,14,4,0,0,1,0
2019-04-02,2578.79,2,14,4,0,0,1,0
2019-04-03,288.0,3,14,4,0,0,0,0
2019-04-03,330.51,3,14,4,0,0,0,0
2019-04-03,965.61,3,14,4,0,0,0,0
2019-04-03,1809.71,3,14,4,0,0,0,0
2019-04-03,288.0,3,14,4,0,0,0,0
2019-04-03,4443.37,3,14,4,0,0,0,0
2019-04-03,116.0,3,14,4,0,0,0,0
2019-04-03,3520.66,3,14,4,0,0,0,0
2019-04-03,2095.05,3,14,4,0,0,0,0
2019-04-03,13683.17,3,14,4,0,0,0,0
2019-04-04,2552.03,4,14,4,0,0,0,0
2019-04-04,839.28,4,14,4,0,0,0,0
2019-04-04,1477.78,4,14,4,0,0,0,0
2019-04-04,4412.58,4,14,4,0,0,0,0
2019-04-05,130.43,5,14,4,0,0,0,0
2019-04-05,308.71,5,14,4,0,0,0,0
2019-04-05,881.87,5,14,4,0,0,0,0
2019-04-05,8612.36,5,14,4,0,0,0,0
2019-04-05,466.34,5,14,4,0,0,0,0
2019-04-06,401.24,6,14,4,1,0,0,0
2019-04-06,2228.36,6,14,4,1,0,0,0
2019-04-06,1427.12,6,14,4,1,0,0,0
2019-04-06,1208.7,6,14,4,1,0,0,0
2019-04-06,673.68,6,14,4,1,0,0,0
2019-04-06,116.0,6,14,4,1,0,0,0
2019-04-06,3485.28,6,14,4,1,0,0,0
2019-04-07,116.0,7,14,4,1,0,0,0
2019-04-08,2970.72,8,15,4,0,0,0,0
2019-04-09,116.38,9,15,4,0,0,0,0
2019-04-09,1410.15,9,15,4,0,0,0,0
2019-04-09,288.0,9,15,4,0,0,0,0
2019-04-09,538.39,9,15,4,0,0,0,0
2019-04-09,116.0,9,15,4,0,0,0,0
2019-04-10,1053.47,10,15,4,0,0,0,0
2019-04-10,1459.27,10,15,4,0,0,0,0
2019-04-10,388.74,10,15,4,0,0,0,0
2019-04-10,477.96,10,15,4,0,0,0,0
2019-04-10,116.0,10,15,4,0,0,0,0
2019-04-10,742.11,10,15,4,0,0,0,0
2019-04-10,149.0,10,15,4,0,0,0,0
2019-04-10,288.0,10,15,4,0,0,0,0
2019-04-11,1678.84,11,15,4,0,0,0,0
2019-04-11,34802.44,11,15,4,0,0,0,0
2019-04-11,1587.67,11,15,4,0,0,0,0
2019-04-11,506.27,11,15,4,0,0,0,0
2019-04-11,2416.51,11,15,4,0,0,0,0
2019-04-11,790.82,11,15,4,0,0,0,0
2019-04-12,954.11,12,15,4,0,0,0,0
2019-04-12,8670.81,12,15,4,0,0,0,0
2019-04-13,956.49,13,15,4,1,0,0,0
2019-04-13,541.72,13,15,4,1,0,0,0
2019-04-13,149.0,13,15,4,1,0,0,0
2019-04-13,471.64,13,15,4,1,0,0,0
2019-04-13,505.67,13,15,4,1,0,0,0
2019-04-13,3208.3,13,15,4,1,0,0,0
2019-04-13,2612.71,13,15,4,1,0,0,0
2019-04-13,839.91,13,15,4,1,0,0,0
2019-04-14,6485.93,14,15,4,1,0,0,0
2019-04-14,538.96,14,15,4,1,0,0,0
2019-04-14,910.08,14,15,4,1,0,0,0
2019-04-14,1240.25,14,15,4,1,0,0,0
2019-04-14,1925.63,14,15,4,1,0,0,0
2019-04-14,626.4,14,15,4,1,0,0,0
2019-04-14,3187.85,14,15,4,1,0,0,0
2019-04-15,2700.86,15,16,4,0,0,0,0
2019-04-15,2237.96,15,16,4,0,0,0,0
2019-04-16,60.0,16,16,4,0,0,0,0
2019-04-16,1680.8,16,16,4,0,0,0,0
2019-04-16,151.83,16,16,4,0,0,0,0
2019-04-16,882.1,16,16,4,0,0,0,0
2019-04-16,51185.37,16,16,4,0,0,0,0
2019-04-16,867.72,16,16,4,0,0,0,0
2019-04-16,232.9,16,16,4,0,0,0,0
2019-04-16,988.18,16,16,4,0,0,0,0
2019-04-16,1827.58,16,16,4,0,0,0,0
2019-04-16,1007.05,16,16,4,0,0,0,0
2019-04-16,3766.41,16,16,4,0,0,0,0
2019-04-17,320.61,17,16,4,0,0,0,0
2019-04-17,5170.3,17,16,4,0,0,0,0
2019-04-17,472.58,17,16,4,0,0,0,0
2019-04-17,450.36,17,16,4,0,0,0,0
2019-04-17,796.09,17,16,4,0,0,0,0
2019-04-17,4915.58,17,16,4,0,0,0,0
2019-04-17,2046.63,17,16,4,0,0,0,0
2019-04-17,2046.49,17,16,4,0,0,0,0
2019-04-18,52963.61,18,16,4,0,0,0,0
2019-04-18,269.59,18,16,4,0,0,0,0
2019-04-18,539.18,18,16,4,0,0,0,0
2019-04-18,1074.59,18,16,4,0,0,0,0
2019-04-19,8043.07,19,16,4,0,0,0,0
2019-04-19,116.0,19,16,4,0,0,0,0
2019-04-19,1379.13,19,16,4,0,0,0,0
2019-04-19,42343.13,19,16,4,0,0,0,0
2019-04-19,1810.81,19,16,4,0,0,0,0
2019-04-19,8793.4,19,16,4,0,0,0,0
2019-04-20,116.0,20,16,4,1,0,0,0
2019-04-20,8857.85,20,16,4,1,0,0,0
2019-04-20,376.11,20,16,4,1,0,0,0
2019-04-20,2012.33,20,16,4,1,0,0,0
2019-04-20,2836.16,20,16,4,1,0,0,0
2019-04-20,2209.24,20,16,4,1,0,0,0
2019-04-20,292.8,20,16,4,1,0,0,0
2019-04-21,3972.57,21,16,4,1,0,0,0
2019-04-21,554.2,21,16,4,1,0,0,0
2019-04-21,370.42,21,16,4,1,0,0,0
2019-04-21,300.0,21,16,4,1,0,0,0
2019-04-21,674.41,21,16,4,1,0,0,0
2019-04-21,8536.28,21,16,4,1,0,0,0
2019-04-22,3266.91,22,17,4,0,0,0,0
2019-04-22,353.98,22,17,4,0,0,0,0
2019-04-22,5519.43,22,17,4,0,0,0,0
2019-04-23,627.63,23,17,4,0,0,0,0
2019-04-23,1669.6,23,17,4,0,0,0,0
2019-04-23,425.91,23,17,4,0,0,0,0
2019-04-23,385.96,23,17,4,0,0,0,0
2019-04-23,1132.82,23,17,4,0,0,0,0
2019-04-23,1909.72,23,17,4,0,0,0,0
2019-04-23,1081.68,23,17,4,0,0,0,0
2019-04-23,45.21,23,17,4,0,0,0,0
2019-04-23,487.19,23,17,4,0,0,0,0
2019-04-24,501.26,24,17,4,0,0,0,0
2019-04-24,1960.69,24,17,4,0,0,0,0
2019-04-25,890.92,25,17,4,0,0,1,0
2019-04-25,288.0,25,17,4,0,0,1,0
2019-04-25,288.0,25,17,4,0,0,1,0
2019-04-25,6021.68,25,17,4,0,0,1,0
2019-04-25,89.28,25,17,4,0,0,1,0
2019-04-25,636.29,25,17,4,0,0,1,0
2019-04-25,8351.92,25,17,4,0,0,1,0
2019-04-25,4526.25,25,17,4,0,0,1,0
2019-04-26,3379.76,26,17,4,0,0,1,0
2019-04-26,288.0,26,17,4,0,0,1,0
2019-04-26,1504.6,26,17,4,0,0,1,0
2019-04-26,4345.72,26,17,4,0,0,1,0
2019-04-26,1926.23,26,17,4,0,0,1,0
2019-04-26,1426.96,26,17,4,0,0,1,0
2019-04-26,2316.95,26,17,4,0,0,1,0
2019-04-26,262.69,26,17,4,0,0,1,0
2019-04-27,461.3,27,17,4,1,0,1,0
2019-04-27,34377.77,27,17,4,1,0,1,0
2019-04-27,116.0,27,17,4,1,0,1,0
2019-04-27,4887.51,27,17,4,1,0,1,0
2019-04-27,300.0,27,17,4,1,0,1,0
2019-04-28,2594.44,28,17,4,1,0,1,0
2019-04-28,499.85,28,17,4,1,0,1,0
2019-04-29,2128.66,29,18,4,0,0,1,0
2019-04-29,116.0,29,18,4,0,0,1,0
2019-04-29,1702.15,29,18,4,0,0,1,0
2019-04-29,2740.09,29,18,4,0,0,1,0
2019-04-29,850.0,29,18,4,0,0,1,0
2019-04-30,426.74,30,18,4,0,1,1,0
2019-04-30,10254.46,30,18,4,0,1,1,0
2019-04-30,6443.68,30,18,4,0,1,1,0
2019-04-30,3109.44,30,18,4,0,1,1,0
2019-04-30,427.25,30,18,4,0,1,1,0
2019-04-30,288.0,30,18,4,0,1,1,0
2019-04-30,141.87,30,18,4,0,1,1,0
2019-04-30,395.01,30,18,4,0,1,1,0
2019-04-30,343.17,30,18,4,0,1,1,0
2019-05-01,1476.19,1,18,5,0,0,1,0
2019-05-01,60.0,1,18,5,0,0,1,0
2019-05-01,382.2,1,18,5,0,0,1,0
2019-05-01,1130.02,1,18,5,0,0,1,0
2019-05-01,288.0,1,18,5,0,0,1,0
2019-05-01,248.37,1,18,5,0,0,1,0
2019-05-02,2353.08,2,18,5,0,0,1,0
2019-05-02,2385.52,2,18,5,0,0,1,0
2019-05-02,908.62,2,18,5,0,0,1,0
2019-05-02,43761.7,2,18,5,0,0,1,0
2019-05-03,239.49,3,18,5,0,0,0,0
2019-05-03,476.64,3,18,5,0,0,0,0
2019-05-03,928.74,3,18,5,0,0,0,0
2019-05-04,928.02,4,18,5,1,0,0,0
2019-05-04,12768.3,4,18,5,1,0,0,0
2019-05-05,2043.99,5,18,5,1,0,0,0
2019-05-05,3317.0,5,18,5,1,0,0,0
2019-05-06,14738.39,6,19,5,0,0,0,0
2019-05-07,1788.73,7,19,5,0,0,0,0
2019-05-07,6776.91,7,19,5,0,0,0,0
2019-05-07,5975.77,7,19,5,0,0,0,0
2019-05-07,517.04,7,19,5,0,0,0,0
2019-05-08,367.43,8,19,5,0,0,0,0
2019-05-08,288.0,8,19,5,0,0,0,0
2019-05-08,1570.22,8,19,5,0,0,0,0
2019-05-08,610.66,8,19,5,0,0,0,0
2019-05-08,116.0,8,19,5,0,0,0,0
2019-05-08,4463.25,8,19,5,0,0,0,0
2019-05-09,1575.94,9,19,5,0,0,0,0
2019-05-10,2036.41,10,19,5,0,0,0,0
2019-05-10,2251.07,10,19,5,0,0,0,0
2019-05-10,305.14,10,19,5,0,0,0,0
2019-05-10,1261.94,10,19,5,0,0,0,0
2019-05-10,204.0,10,19,5,0,0,0,0
2019-05-10,102.3,10,19,5,0,0,0,0
2019-05-10,235.18,10,19,5,0,0,0,0
2019-05-11,288.0,11,19,5,1,0,0,0
2019-05-11,380.95,11,19,5,1,0,0,0
2019-05-11,2581.5,11,19,5,1,0,0,0
2019-05-11,60.0,11,19,5,1,0,0,0
2019-05-11,1252.05,11,19,5,1,0,0,0
2019-05-12,3695.52,12,19,5,1,0,0,0
2019-05-12,2026.71,12,19,5,1,0,0,0
2019-05-13,288.0,13,20,5,0,0,0,0
2019-05-13,1012.97,13,20,5,0,0,0,0
2019-05-13,451.13,13,20,5,0,0,0,0
2019-05-13,2942.96,13,20,5,0,0,0,0
2019-05-14,1816.26,14,20,5,0,0,0,0
2019-05-14,2640.71,14,20,5,0,0,0,0
2019-05-15,449.83,15,20,5,0,0,0,0
2019-05-15,2324.76,15,20,5,0,0,0,0
2019-05-15,305.04,15,20,5,0,0,0,0
2019-05-15,60.0,15,20,5,0,0,0,0
2019-05-15,149.0,15,20,5,0,0,0,0
2019-05-15,300.0,15,20,5,0,0,0,0
2019-05-15,2655.63,15,20,5,0,0,0,0
2019-05-16,271.09,16,20,5,0,0,0,0
2019-05-16,2003.45,16,20,5,0,0,0,0
2019-05-16,13960.69,16,20,5,0,0,0,0
2019-05-17,546.94,17,20,5,0,0,0,0
2019-05-17,866.68,17,20,5,0,0,0,0
2019-05-17,1966.52,17,20,5,0,0,0,0
2019-05-17,11751.02,17,20,5,0,0,0,0
2019-05-18,3377.64,18,20,5,1,0,0,0
2019-05-18,696.75,18,20,5,1,0,0,0
2019-05-18,300.0,18,20,5,1,0,0,0
2019-05-18,3704.43,18,20,5,1,0,0,0
2019-05-18,294.67,18,20,5,1,0,0,0
2019-05-19,7920.8,19,20,5,1,0,0,0
2019-05-19,650.05,19,20,5,1,0,0,0
2019-05-19,1580.03,19,20,5,1,0,0,0
2019-05-19,2785.38,19,20,5,1,0,0,0
2019-05-20,9754.07,20,21,5,0,0,0,0
2019-05-20,1221.47,20,21,5,0,0,0,0
2019-05-21,252.07,21,21,5,0,0,0,0
2019-05-21,8289.52,21,21,5,0,0,0,0
2019-05-21,534.97,21,21,5,0,0,0,0
2019-05-21,60.0,21,21,5,0,0,0,0
2019-05-22,791.4,22,21,5,0,0,0,0
2019-05-22,300.0,22,21,5,0,0,0,0
2019-05-22,2139.49,22,21,5,0,0,0,0
2019-05-22,196.53,22,21,5,0,0,0,0
2019-05-23,530.94,23,21,5,0,0,0,0
2019-05-23,762.82,23,21,5,0,0,0,0
2019-05-23,2441.18,23,21,5,0,0,0,0
2019-05-24,225.81,24,21,5,0,0,0,0
2019-05-24,485.25,24,21,5,0,0,0,0
2019-05-24,889.47,24,21,5,0,0,0,0
2019-05-24,893.09,24,21,5,0,0,0,0
2019-05-24,486.44,24,21,5,0,0,0,0
2019-05-24,8473.54,24,21,5,0,0,0,0
2019-05-25,288.0,25,21,5,1,0,1,0
2019-05-25,2165.0,25,21,5,1,0,1,0
2019-05-25,33983.8,25,21,5,1,0,1,0
2019-05-25,3122.66,25,21,5,1,0,1,0
2019-05-26,300.0,26,21,5,1,0,1,0
2019-05-26,582.73,26,21,5,1,0,1,0
2019-05-26,720.14,26,21,5,1,0,1,0
2019-05-27,2082.75,27,22,5,0,0,1,0
2019-05-27,602.39,27,22,5,0,0,1,0
2019-05-28,1414.28,28,22,5,0,0,1,0
2019-05-28,182.41,28,22,5,0,0,1,0
2019-05-28,1793.82,28,22,5,0,0,1,0
2019-05-29,8265.34,29,22,5,0,0,1,0
2019-05-29,245.95,29,22,5,0,0,1,0
2019-05-29,440.37,29,22,5,0,0,1,0
2019-05-29,2629.92,29,22,5,0,0,1,0
2019-05-29,955.27,29,22,5,0,0,1,0
2019-05-30,1037.04,30,22,5,0,0,1,0
2019-05-30,37.96,30,22,5,0,0,1,0
2019-05-30,116.0,30,22,5,0,0,1,0
2019-05-30,943.63,30,22,5,0,0,1,0
2019-05-31,72.83,31,22,5,0,1,1,0
2019-05-31,60.0,31,22,5,0,1,1,0
2019-05-31,293.47,31,22,5,0,1,1,0
2019-05-31,959.68,31,22,5,0,1,1,0
2019-05-31,1354.39,31,22,5,0,1,1,0
2019-05-31,902.76,31,22,5,0,1,1,0
2019-05-31,4332.87,31,22,5,0,1,1,0
2019-05-31,841.11,31,22,5,0,1,1,0
2019-05-31,134.92,31,22,5,0,1,1,0
2019-06-01,539.44,1,22,6,1,0,1,0
2019-06-01,2975.46,1,22,6,1,0,1,0
2019-06-02,2624.31,2,22,6,1,0,1,0
2019-06-02,47647.26,2,22,6,1,0,1,0
2019-06-02,45507.89,2,22,6,1,0,1,0
2019-06-02,316.76,2,22,6,1,0,1,0
2019-06-02,140.43,2,22,6,1,0,1,0
2019-06-02,3115.38,2,22,6,1,0,1,0
2019-06-02,347.57,2,22,6,1,0,1,0
2019-06-03,288.0,3,23,6,0,0,0,0
2019-06-03,1497.07,3,23,6,0,0,0,0
2019-06-03,1275.54,3,23,6,0,0,0,0
2019-06-03,2452.73,3,23,6,0,0,0,0
2019-06-03,620.15,3,23,6,0,0,0,0
2019-06-04,163.09,4,23,6,0,0,0,0
2019-06-04,154.0,4,23,6,0,0,0,0
2019-06-04,1498.7,4,23,6,0,0,0,0
2019-06-04,1941.68,4,23,6,0,0,0,0
2019-06-05,319.22,5,23,6,0,0,0,0
2019-06-05,1839.87,5,23,6,0,0,0,0
2019-06-05,5789.19,5,23,6,0,0,0,0
2019-06-05,1293.2,5,23,6,0,0,0,0
2019-06-06,690.02,6,23,6,0,0,0,0
2019-06-06,1247.46,6,23,6,0,0,0,0
2019-06-06,1840.01,6,23,6,0,0,0,0
2019-06-07,300.0,7,23,6,0,0,0,0
2019-06-07,525.77,7,23,6,0,0,0,0
2019-06-07,3788.65,7,23,6,0,0,0,0
2019-06-07,1504.3,7,23,6,0,0,0,0
2019-06-08,2546.74,8,23,6,1,0,0,0
2019-06-08,182.49,8,23,6,1,0,0,0
2019-06-08,572.38,8,23,6,1,0,0,0
2019-06-08,1186.25,8,23,6,1,0,0,0
2019-06-08,678.24,8,23,6,1,0,0,0
2019-06-08,5915.83,8,23,6,1,0,0,0
2019-06-09,561.27,9,23,6,1,0,0,0
2019-06-09,5317.58,9,23,6,1,0,0,0
2019-06-09,388.45,9,23,6,1,0,0,0
2019-06-09,3169.36,9,23,6,1,0,0,0
2019-06-09,3342.03,9,23,6,1,0,0,0
2019-06-10,187.0,10,24,6,0,0,0,0
2019-06-10,2875.69,10,24,6,0,0,0,0
2019-06-10,4504.05,10,24,6,0,0,0,0
2019-06-10,116.0,10,24,6,0,0,0,0
2019-06-11,149.0,11,24,6,0,0,0,0
2019-06-11,8769.27,11,24,6,0,0,0,0
2019-06-11,1645.44,11,24,6,0,0,0,0
2019-06-11,719.84,11,24,6,0,0,0,0
2019-06-11,1410.16,11,24,6,0,0,0,0
2019-06-12,1207.05,12,24,6,0,0,0,0
2019-06-12,2711.16,12,24,6,0,0,0,0
2019-06-12,8486.41,12,24,6,0,0,0,0
2019-06-12,288.0,12,24,6,0,0,0,0
2019-06-13,278.37,13,24,6,0,0,0,0
2019-06-13,51158.94,13,24,6,0,0,0,0
2019-06-13,3191.42,13,24,6,0,0,0,0
2019-06-14,149.0,14,24,6,0,0,0,0
2019-06-14,1118.87,14,24,6,0,0,0,0
2019-06-15,7707.07,15,24,6,1,0,0,0
2019-06-15,2457.95,15,24,6,1,0,0,0
2019-06-15,1914.55,15,24,6,1,0,0,0
2019-06-15,535.7,15,24,6,1,0,0,0
2019-06-15,116.0,15,24,6,1,0,0,0
2019-06-15,350.63,15,24,6,1,0,0,0
2019-06-16,3008.67,16,24,6,1,0,0,0
2019-06-16,1620.18,16,24,6,1,0,0,0
2019-06-16,2897.56,16,24,6,1,0,0,0
2019-06-16,406.52,16,24,6,1,0,0,0
2019-06-16,2684.03,16,24,6,1,0,0,0
2019-06-16,141.69,16,24,6,1,0,0,0
2019-06-16,5402.58,16,24,6,1,0,0,0
2019-06-16,463.29,16,24,6,1,0,0,0
2019-06-17,446.89,17,25,6,0,0,0,0
2019-06-17,129.83,17,25,6,0,0,0,0
2019-06-17,99.29,17,25,6,0,0,0,0
2019-06-17,116.0,17,25,6,0,0,0,0
2019-06-17,845.15,17,25,6,0,0,0,0
2019-06-17,931.94,17,25,6,0,0,0,0
2019-06-17,592.35,17,25,6,0,0,0,0
2019-06-17,8349.36,17,25,6,0,0,0,0
2019-06-18,8348.61,18,25,6,0,0,0,0
2019-06-18,638.15,18,25,6,0,0,0,0
2019-06-18,492.46,18,25,6,0,0,0,0
2019-06-18,116.0,18,25,6,0,0,0,0
2019-06-18,344.63,18,25,6,0,0,0,0
2019-06-19,947.34,19,25,6,0,0,0,0
2019-06-19,2131.07,19,25,6,0,0,0,0
2019-06-19,227.76,19,25,6,0,0,0,0
2019-06-19,220.13,19,25,6,0,0,0,0
2019-06-20,305.24,20,25,6,0,0,0,0
2019-06-20,4246.81,20,25,6,0,0,0,0
2019-06-20,3682.91,20,25,6,0,0,0,0
2019-06-21,810.01,21,25,6,0,0,0,0
2019-06-21,842.17,21,25,6,0,0,0,0
2019-06-21,430.1,21,25,6,0,0,0,0
2019-06-21,5268.34,21,25,6,0,0,0,0
2019-06-22,613.57,22,25,6,1,0,0,0
2019-06-22,983.7,22,25,6,1,0,0,0
2019-06-22,49657.84,22,25,6,1,0,0,0
2019-06-22,1265.11,22,25,6,1,0,0,0
2019-06-22,10162.95,22,25,6,1,0,0,0
2019-06-22,288.0,22,25,6,1,0,0,0
2019-06-22,7669.15,22,25,6,1,0,0,0
2019-06-23,389.59,23,25,6,1,0,0,0
2019-06-23,8821.05,23,25,6,1,0,0,0
2019-06-23,4341.65,23,25,6,1,0,0,0
2019-06-24,853.9,24,26,6,0,0,0,0
2019-06-24,116.0,24,26,6,0,0,0,0
2019-06-24,3710.16,24,26,6,0,0,0,0
2019-06-24,2813.39,24,26,6,0,0,0,0
2019-06-25,3904.71,25,26,6,0,0,1,0
2019-06-25,10671.02,25,26,6,0,0,1,0
2019-06-26,269.08,26,26,6,0,0,1,0
2019-06-26,149.0,26,26,6,0,0,1,0
2019-06-26,2711.98,26,26,6,0,0,1,0
2019-06-26,2955.95,26,26,6,0,0,1,0
2019-06-26,374.67,26,26,6,0,0,1,0
2019-06-26,502.65,26,26,6,0,0,1,0
2019-06-26,2501.87,26,26,6,0,0,1,0
2019-06-27,60.0,27,26,6,0,0,1,0
2019-06-27,638.97,27,26,6,0,0,1,0
2019-06-27,2992.01,27,26,6,0,0,1,0
2019-06-27,3564.98,27,26,6,0,0,1,0
2019-06-28,1441.76,28,26,6,0,0,1,0
2019-06-28,60.0,28,26,6,0,0,1,0
2019-06-29,60.0,29,26,6,1,0,1,0
2019-06-29,35672.4,29,26,6,1,0,1,0
2019-06-29,398.64,29,26,6,1,0,1,0
2019-06-29,8277.49,29,26,6,1,0,1,0
2019-06-30,3582.74,30,26,6,1,1,1,0
2019-06-30,1042.89,30,26,6,1,1,1,0
2019-06-30,30.74,30,26,6,1,1,1,0
2019-06-30,2742.33,30,26,6,1,1,1,0
2019-06-30,288.0,30,26,6,1,1,1,0
2019-07-01,209.25,1,27,7,0,0,1,0
2019-07-01,1831.59,1,27,7,0,0,1,0
2019-07-02,2041.04,2,27,7,0,0,1,0
2019-07-02,262.8,2,27,7,0,0,1,0
2019-07-02,563.36,2,27,7,0,0,1,0
2019-07-03,1750.41,3,27,7,0,0,0,0
2019-07-03,3356.46,3,27,7,0,0,0,0
2019-07-03,2563.37,3,27,7,0,0,0,0
2019-07-03,498.32,3,27,7,0,0,0,0
2019-07-03,1628.67,3,27,7,0,0,0,0
2019-07-03,2362.53,3,27,7,0,0,0,0
2019-07-04,136.81,4,27,7,0,0,0,0
2019-07-04,2009.78,4,27,7,0,0,0,0
2019-07-04,690.03,4,27,7,0,0,0,0
2019-07-04,318.78,4,27,7,0,0,0,0
2019-07-05,288.0,5,27,7,0,0,0,0
2019-07-05,2890.58,5,27,7,0,0,0,0
2019-07-05,1268.51,5,27,7,0,0,0,0
2019-07-05,52599.6,5,27,7,0,0,0,0
2019-07-06,149.0,6,27,7,1,0,0,0
2019-07-06,6359.62,6,27,7,1,0,0,0
2019-07-06,207.06,6,27,7,1,0,0,0
2019-07-06,1216.43,6,27,7,1,0,0,0
2019-07-06,116.0,6,27,7,1,0,0,0
2019-07-07,1437.8,7,27,7,1,0,0,0
2019-07-07,2005.49,7,27,7,1,0,0,0
2019-07-07,7419.9,7,27,7,1,0,0,0
2019-07-07,7775.62,7,27,7,1,0,0,0
2019-07-08,8547.9,8,28,7,0,0,0,0
2019-07-08,212.11,8,28,7,0,0,0,0
2019-07-08,187.0,8,28,7,0,0,0,0
2019-07-09,7798.14,9,28,7,0,0,0,0
2019-07-09,149.0,9,28,7,0,0,0,0
2019-07-09,116.0,9,28,7,0,0,0,0
2019-07-09,187.0,9,28,7,0,0,0,0
2019-07-09,983.91,9,28,7,0,0,0,0
2019-07-09,3701.95,9,28,7,0,0,0,0
2019-07-09,1481.26,9,28,7,0,0,0,0
2019-07-09,3119.58,9,28,7,0,0,0,0
2019-07-09,469.96,9,28,7,0,0,0,0
2019-07-09,542.99,9,28,7,0,0,0,0
2019-07-09,288.0,9,28,7,0,0,0,0
2019-07-10,464.88,10,28,7,0,0,0,0
2019-07-10,202.95,10,28,7,0,0,0,0
2019-07-10,3389.76,10,28,7,0,0,0,0
2019-07-11,612.62,11,28,7,0,0,0,0
2019-07-11,37104.74,11,28,7,0,0,0,0
2019-07-11,8258.18,11,28,7,0,0,0,0
2019-07-11,617.49,11,28,7,0,0,0,0
2019-07-11,384.44,11,28,7,0,0,0,0
2019-07-11,4052.04,11,28,7,0,0,0,0
2019-07-11,8078.93,11,28,7,0,0,0,0
2019-07-11,8458.82,11,28,7,0,0,0,0
2019-07-12,1103.95,12,28,7,0,0,0,0
2019-07-12,173.53,12,28,7,0,0,0,0
2019-07-12,116.0,12,28,7,0,0,0,0
2019-07-12,269.91,12,28,7,0,0,0,0
2019-07-12,341.19,12,28,7,0,0,0,0
2019-07-12,119.24,12,28,7,0,0,0,0
2019-07-13,2001.62,13,28,7,1,0,0,0
2019-07-13,8427.55,13,28,7,1,0,0,0
2019-07-13,1268.98,13,28,7,1,0,0,0
2019-07-13,248.13,13,28,7,1,0,0,0
2019-07-13,2854.83,13,28,7,1,0,0,0
2019-07-13,5126.57,13,28,7,1,0,0,0
2019-07-14,868.78,14,28,7,1,0,0,0
2019-07-14,149.0,14,28,7,1,0,0,0
2019-07-14,517.68,14,28,7,1,0,0,0
2019-07-14,1181.94,14,28,7,1,0,0,0
2019-07-14,461.49,14,28,7,1,0,0,0
2019-07-15,1546.33,15,29,7,0,0,0,0
2019-07-15,3404.51,15,29,7,0,0,0,0
2019-07-15,1454.83,15,29,7,0,0,0,0
2019-07-15,502.62,15,29,7,0,0,0,0
2019-07-15,1832.31,15,29,7,0,0,0,0
2019-07-15,8646.26,15,29,7,0,0,0,0
2019-07-15,861.29,15,29,7,0,0,0,0
2019-07-16,288.0,16,29,7,0,0,0,0
2019-07-16,3620.57,16,29,7,0,0,0,0
2019-07-16,2426.05,16,29,7,0,0,0,0
2019-07-17,310.81,17,29,7,0,0,0,0
2019-07-17,312.73,17,29,7,0,0,0,0
2019-07-17,101.56,17,29,7,0,0,0,0
2019-07-17,601.22,17,29,7,0,0,0,0
2019-07-17,2662.2,17,29,7,0,0,0,0
2019-07-18,989.69,18,29,7,0,0,0,0
2019-07-18,187.0,18,29,7,0,0,0,0
2019-07-18,4892.57,18,29,7,0,0,0,0
2019-07-18,330.08,18,29,7,0,0,0,0
2019-07-19,288.0,19,29,7,0,0,0,0
2019-07-19,561.25,19,29,7,0,0,0,0
2019-07-19,239.89,19,29,7,0,0,0,0
2019-07-19,1195.92,19,29,7,0,0,0,0
2019-07-19,239.93,19,29,7,0,0,0,0
2019-07-19,2329.72,19,29,7,0,0,0,0
2019-07-19,1431.16,19,29,7,0,0,0,0
2019-07-19,1730.89,19,29,7,0,0,0,0
2019-07-19,2161.67,19,29,7,0,0,0,0
2019-07-19,300.0,19,29,7,0,0,0,0
2019-07-19,54192.35,19,29,7,0,0,0,0
2019-07-20,563.89,20,29,7,1,0,0,0
2019-07-20,2341.86,20,29,7,1,0,0,0
2019-07-20,3653.03,20,29,7,1,0,0,0
2019-07-20,725.29,20,29,7,1,0,0,0
2019-07-20,60.0,20,29,7,1,0,0,0
2019-07-21,348.8,21,29,7,1,0,0,0
2019-07-21,645.81,21,29,7,1,0,0,0
2019-07-21,1086.93,21,29,7,1,0,0,0
2019-07-22,1542.36,22,30,7,0,0,0,0
2019-07-22,1155.69,22,30,7,0,0,0,0
2019-07-22,3829.87,22,30,7,0,0,0,0
2019-07-22,177.41,22,30,7,0,0,0,0
2019-07-22,10638.34,22,30,7,0,0,0,0
2019-07-22,131.92,22,30,7,0,0,0,0
2019-07-22,42295.15,22,30,7,0,0,0,0
2019-07-22,149.0,22,30,7,0,0,0,0
2019-07-23,850.19,23,30,7,0,0,0,0
2019-07-24,1722.34,24,30,7,0,0,0,0
2019-07-24,103.21,24,30,7,0,0,0,0
2019-07-24,7450.46,24,30,7,0,0,0,0
2019-07-25,3582.41,25,30,7,0,0,1,0
2019-07-25,276.84,25,30,7,0,0,1,0
2019-07-25,116.0,25,30,7,0,0,1,0
2019-07-25,492.29,25,30,7,0,0,1,0
2019-07-25,300.0,25,30,7,0,0,1,0
2019-07-26,1864.74,26,30,7,0,0,1,0
2019-07-26,730.24,26,30,7,0,0,1,0
2019-07-26,409.0,26,30,7,0,0,1,0
2019-07-26,43.15,26,30,7,0,0,1,0
2019-07-27,288.0,27,30,7,1,0,1,0
2019-07-27,288.0,27,30,7,1,0,1,0
2019-07-27,2876.18,27,30,7,1,0,1,0
2019-07-27,11499.28,27,30,7,1,0,1,0
2019-07-27,1154.96,27,30,7,1,0,1,0
2019-07-28,967.53,28,30,7,1,0,1,0
2019-07-28,9833.53,28,30,7,1,0,1,0
2019-07-28,1182.65,28,30,7,1,0,1,0
2019-07-29,124.14,29,31,7,0,0,1,0
2019-07-29,1183.07,29,31,7,0,0,1,0
2019-07-30,223.32,30,31,7,0,0,1,0
2019-07-31,1805.42,31,31,7,0,1,1,0
2019-07-31,681.11,31,31,7,0,1,1,0
2019-07-31,2053.87,31,31,7,0,1,1,0
2019-07-31,298.02,31,31,7,0,1,1,0
2019-07-31,1900.8,31,31,7,0,1,1,0
2019-08-01,1322.48,1,31,8,0,0,1,0
2019-08-02,7665.2,2,31,8,0,0,1,0
2019-08-02,2174.94,2,31,8,0,0,1,0
2019-08-02,187.0,2,31,8,0,0,1,0
2019-08-02,5899.79,2,31,8,0,0,1,0
2019-08-02,288.0,2,31,8,0,0,1,0
2019-08-02,2444.8,2,31,8,0,0,1,0
2019-08-03,717.23,3,31,8,1,0,0,0
2019-08-03,423.65,3,31,8,1,0,0,0
2019-08-03,731.59,3,31,8,1,0,0,0
2019-08-03,116.0,3,31,8,1,0,0,0
2019-08-04,150.09,4,31,8,1,0,0,0
2019-08-04,1066.93,4,31,8,1,0,0,0
2019-08-04,55679.65,4,31,8,1,0,0,0
2019-08-05,213.12,5,32,8,0,0,0,0
2019-08-05,61.47,5,32,8,0,0,0,0
2019-08-05,206.27,5,32,8,0,0,0,0
2019-08-05,1193.52,5,32,8,0,0,0,0
2019-08-05,8838.68,5,32,8,0,0,0,0
2019-08-05,827.34,5,32,8,0,0,0,0
2019-08-06,3750.96,6,32,8,0,0,0,0
2019-08-06,116.0,6,32,8,0,0,0,0
2019-08-06,531.83,6,32,8,0,0,0,0
2019-08-06,628.11,6,32,8,0,0,0,0
2019-08-07,5278.61,7,32,8,0,0,0,0
2019-08-07,1226.06,7,32,8,0,0,0,0
2019-08-07,584.61,7,32,8,0,0,0,0
2019-08-08,1079.61,8,32,8,0,0,0,0
2019-08-08,768.66,8,32,8,0,0,0,0
2019-08-08,749.02,8,32,8,0,0,0,0
2019-08-08,378.2,8,32,8,0,0,0,0
2019-08-08,705.04,8,32,8,0,0,0,0
2019-08-09,1906.78,9,32,8,0,0,0,0
2019-08-09,935.57,9,32,8,0,0,0,0
2019-08-09,116.0,9,32,8,0,0,0,0
2019-08-09,874.45,9,32,8,0,0,0,0
2019-08-09,2144.1,9,32,8,0,0,0,0
2019-08-09,683.87,9,32,8,0,0,0,0
2019-08-10,3410.59,10,32,8,1,0,0,0
2019-08-10,879.26,10,32,8,1,0,0,0
2019-08-10,700.41,10,32,8,1,0,0,0
2019-08-11,470.88,11,32,8,1,0,0,0
2019-08-11,2094.44,11,32,8,1,0,0,0
2019-08-11,3283.63,11,32,8,1,0,0,0
2019-08-11,300.0,11,32,8,1,0,0,0
2019-08-11,416.09,11,32,8,1,0,0,0
2019-08-12,984.25,12,33,8,0,0,0,0
2019-08-12,7990.0,12,33,8,0,0,0,0
2019-08-12,1728.35,12,33,8,0,0,0,0
2019-08-13,40188.34,13,33,8,0,0,0,0
2019-08-13,714.11,13,33,8,0,0,0,0
2019-08-13,2173.54,13,33,8,0,0,0,0
2019-08-13,64.29,13,33,8,0,0,0,0
2019-08-14,1679.89,14,33,8,0,0,0,0
2019-08-14,45.64,14,33,8,0,0,0,0
2019-08-14,416.93,14,33,8,0,0,0,0
2019-08-14,2662.23,14,33,8,0,0,0,0
2019-08-14,4681.64,14,33,8,0,0,0,0
2019-08-14,57.52,14,33,8,0,0,0,0
2019-08-15,51961.53,15,33,8,0,0,0,0
2019-08-16,3208.1,16,33,8,0,0,0,0
2019-08-16,178.16,16,33,8,0,0,0,0
2019-08-17,300.0,17,33,8,1,0,0,0
2019-08-17,2496.57,17,33,8,1,0,0,0
2019-08-17,2378.38,17,33,8,1,0,0,0
2019-08-17,467.82,17,33,8,1,0,0,0
2019-08-17,410.23,17,33,8,1,0,0,0
2019-08-18,2387.89,18,33,8,1,0,0,0
2019-08-18,2988.95,18,33,8,1,0,0,0
2019-08-18,1437.46,18,33,8,1,0,0,0
2019-08-18,307.58,18,33,8,1,0,0,0
2019-08-18,6102.61,18,33,8,1,0,0,0
2019-08-18,262.03,18,33,8,1,0,0,0
2019-08-18,2462.54,18,33,8,1,0,0,0
2019-08-19,600.91,19,34,8,0,0,0,0
2019-08-19,1421.33,19,34,8,0,0,0,0
2019-08-19,4776.79,19,34,8,0,0,0,0
2019-08-19,930.99,19,34,8,0,0,0,0
2019-08-19,819.6,19,34,8,0,0,0,0
2019-08-19,183.32,19,34,8,0,0,0,0
2019-08-20,102.23,20,34,8,0,0,0,0
2019-08-20,220.97,20,34,8,0,0,0,0
2019-08-21,4143.82,21,34,8,0,0,0,0
2019-08-21,123.75,21,34,8,0,0,0,0
2019-08-21,187.0,21,34,8,0,0,0,0
2019-08-21,1789.8,21,34,8,0,0,0,0
2019-08-21,251.19,21,34,8,0,0,0,0
2019-08-22,1015.07,22,34,8,0,0,0,0
2019-08-22,1409.62,22,34,8,0,0,0,0
2019-08-22,300.0,22,34,8,0,0,0,0
2019-08-22,46862.71,22,34,8,0,0,0,0
2019-08-22,60.0,22,34,8,0,0,0,0
2019-08-23,1171.71,23,34,8,0,0,0,0
2019-08-23,41048.69,23,34,8,0,0,0,0
2019-08-23,592.51,23,34,8,0,0,0,0
2019-08-23,8330.25,23,34,8,0,0,0,0
2019-08-23,2698.27,23,34,8,0,0,0,0
2019-08-23,1168.27,23,34,8,0,0,0,0
2019-08-24,288.0,24,34,8,1,0,0,0
2019-08-24,287.16,24,34,8,1,0,0,0
2019-08-25,3094.71,25,34,8,1,0,1,0
2019-08-25,180.12,25,34,8,1,0,1,0
2019-08-25,2825.33,25,34,8,1,0,1,0
2019-08-25,1110.03,25,34,8,1,0,1,0
2019-08-25,375.93,25,34,8,1,0,1,0
2019-08-26,1615.3,26,35,8,0,0,1,0
2019-08-26,2781.67,26,35,8,0,0,1,0
2019-08-26,559.41,26,35,8,0,0,1,0
2019-08-26,4154.02,26,35,8,0,0,1,0
2019-08-26,786.16,26,35,8,0,0,1,0
2019-08-27,116.0,27,35,8,0,0,1,0
2019-08-27,4135.57,27,35,8,0,0,1,0
2019-08-27,300.0,27,35,8,0,0,1,0
2019-08-27,3973.05,27,35,8,0,0,1,0
2019-08-27,1942.47,27,35,8,0,0,1,0
2019-08-27,1616.32,27,35,8,0,0,1,0
2019-08-27,281.68,27,35,8,0,0,1,0
2019-08-27,941.33,27,35,8,0,0,1,0
2019-08-27,1329.1,27,35,8,0,0,1,0
2019-08-28,116.0,28,35,8,0,0,1,0
2019-08-28,1270.28,28,35,8,0,0,1,0
2019-08-28,187.0,28,35,8,0,0,1,0
2019-08-28,59365.71,28,35,8,0,0,1,0
2019-08-28,35534.17,28,35,8,0,0,1,0
2019-08-29,8139.61,29,35,8,0,0,1,0
2019-08-29,3535.28,29,35,8,0,0,1,0
2019-08-29,99.15,29,35,8,0,0,1,0
2019-08-29,960.5,29,35,8,0,0,1,0
2019-08-30,44273.13,30,35,8,0,0,1,0
2019-08-30,4226.3,30,35,8,0,0,1,0
2019-08-30,3993.82,30,35,8,0,0,1,0
2019-08-30,1381.0,30,35,8,0,0,1,0
2019-08-31,660.09,31,35,8,1,1,1,0
2019-08-31,794.88,31,35,8,1,1,1,0
2019-08-31,4819.09,31,35,8,1,1,1,0
2019-08-31,2782.8,31,35,8,1,1,1,0
2019-08-31,116.0,31,35,8,1,1,1,0
2019-09-01,1447.24,1,35,9,1,0,1,0
2019-09-01,914.42,1,35,9,1,0,1,0
2019-09-01,695.28,1,35,9,1,0,1,0
2019-09-01,116.0,1,35,9,1,0,1,0
2019-09-01,806.54,1,35,9,1,0,1,0
2019-09-01,548.91,1,35,9,1,0,1,0
2019-09-02,2153.41,2,36,9,0,0,1,0
2019-09-02,2191.16,2,36,9,0,0,1,0
2019-09-02,500.94,2,36,9,0,0,1,0
2019-09-02,2386.93,2,36,9,0,0,1,0
2019-09-02,8480.02,2,36,9,0,0,1,0
2019-09-02,43056.95,2,36,9,0,0,1,0
2019-09-02,3455.68,2,36,9,0,0,1,0
2019-09-03,116.0,3,36,9,0,0,0,0
2019-09-03,302.22,3,36,9,0,0,0,0
2019-09-03,735.36,3,36,9,0,0,0,0
2019-09-03,692.95,3,36,9,0,0,0,0
2019-09-03,149.0,3,36,9,0,0,0,0
2019-09-04,3981.79,4,36,9,0,0,0,0
2019-09-05,116.0,5,36,9,0,0,0,0
2019-09-05,676.56,5,36,9,0,0,0,0
2019-09-05,457.96,5,36,9,0,0,0,0
2019-09-05,1251.11,5,36,9,0,0,0,0
2019-09-05,32.02,5,36,9,0,0,0,0
2019-09-05,330.15,5,36,9,0,0,0,0
2019-09-05,1058.89,5,36,9,0,0,0,0
2019-09-05,1906.78,5,36,9,0,0,0,0
2019-09-06,149.0,6,36,9,0,0,0,0
2019-09-06,765.11,6,36,9,0,0,0,0
2019-09-06,1164.91,6,36,9,0,0,0,0
2019-09-06,821.31,6,36,9,0,0,0,0
2019-09-06,768.56,6,36,9,0,0,0,0
2019-09-06,262.21,6,36,9,0,0,0,0
2019-09-07,633.28,7,36,9,1,0,0,0
2019-09-07,4773.25,7,36,9,1,0,0,0
2019-09-07,116.0,7,36,9,1,0,0,0
2019-09-07,4505.92,7,36,9,1,0,0,0
2019-09-08,379.37,8,36,9,1,0,0,0
2019-09-08,172.36,8,36,9,1,0,0,0
2019-09-08,229.58,8,36,9,1,0,0,0
2019-09-08,441.33,8,36,9,1,0,0,0
2019-09-08,121.35,8,36,9,1,0,0,0
2019-09-08,566.59,8,36,9,1,0,0,0
2019-09-08,3680.32,8,36,9,1,0,0,0
2019-09-09,80.02,9,37,9,0,0,0,0
2019-09-09,4326.89,9,37,9,0,0,0,0
2019-09-09,265.62,9,37,9,0,0,0,0
2019-09-09,3263.04,9,37,9,0,0,0,0
2019-09-09,488.24,9,37,9,0,0,0,0
2019-09-10,2113.78,10,37,9,0,0,0,0
2019-09-10,2537.25,10,37,9,0,0,0,0
2019-09-10,2405.65,10,37,9,0,0,0,0
2019-09-10,4178.27,10,37,9,0,0,0,0
2019-09-11,1703.89,11,37,9,0,0,0,0
2019-09-11,2012.72,11,37,9,0,0,0,0
2019-09-12,9262.51,12,37,9,0,0,0,0
2019-09-12,2022.25,12,37,9,0,0,0,0
2019-09-12,8358.89,12,37,9,0,0,0,0
2019-09-12,427.94,12,37,9,0,0,0,0
2019-09-13,371.56,13,37,9,0,0,0,0
2019-09-13,405.95,13,37,9,0,0,0,0
2019-09-13,238.86,13,37,9,0,0,0,0
2019-09-14,1271.12,14,37,9,1,0,0,0
2019-09-14,2485.92,14,37,9,1,0,0,0
2019-09-14,3811.46,14,37,9,1,0,0,0
2019-09-15,37950.45,15,37,9,1,0,0,0
2019-09-15,42005.78,15,37,9,1,0,0,0
2019-09-15,823.13,15,37,9,1,0,0,0
2019-09-15,747.98,15,37,9,1,0,0,0
2019-09-15,2259.97,15,37,9,1,0,0,0
2019-09-15,11840.36,15,37,9,1,0,0,0
2019-09-15,2098.14,15,37,9,1,0,0,0
2019-09-16,1196.77,16,38,9,0,0,0,0
2019-09-16,288.0,16,38,9,0,0,0,0
2019-09-16,705.36,16,38,9,0,0,0,0
2019-09-16,216.75,16,38,9,0,0,0,0
2019-09-16,3458.62,16,38,9,0,0,0,0
2019-09-16,1268.88,16,38,9,0,0,0,0
2019-09-16,1087.22,16,38,9,0,0,0,0
2019-09-16,7867.17,16,38,9,0,0,0,0
2019-09-16,388.33,16,38,9,0,0,0,0
2019-09-16,187.0,16,38,9,0,0,0,0
2019-09-16,646.93,16,38,9,0,0,0,0
2019-09-17,758.42,17,38,9,0,0,0,0
2019-09-17,514.99,17,38,9,0,0,0,0
2019-09-17,918.86,17,38,9,0,0,0,0
2019-09-18,369.42,18,38,9,0,0,0,0
2019-09-18,300.0,18,38,9,0,0,0,0
2019-09-18,1038.88,18,38,9,0,0,0,0
2019-09-18,8492.32,18,38,9,0,0,0,0
2019-09-18,2798.2,18,38,9,0,0,0,0
2019-09-18,119.09,18,38,9,0,0,0,0
2019-09-18,300.0,18,38,9,0,0,0,0
2019-09-18,1758.04,18,38,9,0,0,0,0
2019-09-19,608.28,19,38,9,0,0,0,0
2019-09-19,6283.15,19,38,9,0,0,0,0
2019-09-19,11001.92,19,38,9,0,0,0,0
2019-09-19,930.82,19,38,9,0,0,0,0
2019-09-19,1198.03,19,38,9,0,0,0,0
2019-09-19,1243.4,19,38,9,0,0,0,0
2019-09-19,812.21,19,38,9,0,0,0,0
2019-09-20,1262.95,20,38,9,0,0,0,0
2019-09-20,1371.46,20,38,9,0,0,0,0
2019-09-21,97.92,21,38,9,1,0,0,0
2019-09-21,749.27,21,38,9,1,0,0,0
2019-09-21,178.32,21,38,9,1,0,0,0
2019-09-21,4641.25,21,38,9,1,0,0,0
2019-09-21,1157.52,21,38,9,1,0,0,0
2019-09-21,288.0,21,38,9,1,0,0,0
2019-09-22,670.33,22,38,9,1,0,0,0
2019-09-22,636.77,22,38,9,1,0,0,0
2019-09-22,2362.36,22,38,9,1,0,0,0
2019-09-22,1415.95,22,38,9,1,0,0,0
2019-09-22,1744.3,22,38,9,1,0,0,0
2019-09-22,520.08,22,38,9,1,0,0,0
2019-09-23,2091.87,23,39,9,0,0,0,0
2019-09-23,308.61,23,39,9,0,0,0,0
2019-09-23,1993.51,23,39,9,0,0,0,0
2019-09-23,3827.17,23,39,9,0,0,0,0
2019-09-23,3288.47,23,39,9,0,0,0,0
2019-09-24,806.18,24,39,9,0,0,0,0
2019-09-24,3083.55,24,39,9,0,0,0,0
2019-09-24,288.0,24,39,9,0,0,0,0
2019-09-24,1917.24,24,39,9,0,0,0,0
2019-09-24,804.04,24,39,9,0,0,0,0
2019-09-24,116.0,24,39,9,0,0,0,0
2019-09-24,562.29,24,39,9,0,0,0,0
2019-09-25,288.0,25,39,9,0,0,1,0
2019-09-25,184.06,25,39,9,0,0,1,0
2019-09-25,8771.99,25,39,9,0,0,1,0
2019-09-25,3453.36,25,39,9,0,0,1,0
2019-09-25,257.07,25,39,9,0,0,1,0
2019-09-25,2931.56,25,39,9,0,0,1,0
2019-09-25,228.27,25,39,9,0,0,1,0
2019-09-26,1366.25,26,39,9,0,0,1,0
2019-09-26,894.77,26,39,9,0,0,1,0
2019-09-26,227.7,26,39,9,0,0,1,0
2019-09-27,44524.99,27,39,9,0,0,1,0
2019-09-28,870.5,28,39,9,1,0,1,0
2019-09-28,216.8,28,39,9,1,0,1,0
2019-09-29,1417.91,29,39,9,1,0,1,0
2019-09-29,754.06,29,39,9,1,0,1,0
2019-09-29,42608.88,29,39,9,1,0,1,0
2019-09-29,374.04,29,39,9,1,0,1,0
2019-09-29,4758.52,29,39,9,1,0,1,0
2019-09-30,1792.17,30,40,9,0,1,1,0
2019-09-30,4572.7,30,40,9,0,1,1,0
2019-09-30,724.16,30,40,9,0,1,1,0
2019-09-30,520.69,30,40,9,0,1,1,0
2019-09-30,116.0,30,40,9,0,1,1,0
2019-09-30,2558.76,30,40,9,0,1,1,0
2018-01-01,2869.54,1,1,1,0,0,1,0
2018-01-01,4808.72,1,1,1,0,0,1,0
2018-01-01,20861.36,1,1,1,0,0,1,0
2018-01-01,39289.29,1,1,1,0,0,1,0
2018-01-02,27481.17,2,1,1,0,0,1,0
2018-01-02,14085.55,2,1,1,0,0,1,0
2018-01-02,4337.21,2,1,1,0,0,1,0
2018-01-03,1821.89,3,1,1,0,0,0,0
2018-01-03,10110.06,3,1,1,0,0,0,0
2018-01-05,13211.55,5,1,1,0,0,0,0
2018-01-05,41358.08,5,1,1,0,0,0,0
2018-01-05,5037.16,5,1,1,0,0,0,0
2018-01-05,628.96,5,1,1,0,0,0,0
2018-01-06,2088.68,6,1,1,1,0,0,0
2018-01-06,7236.33,6,1,1,1,0,0,0
2018-01-07,188.96,7,1,1,1,0,0,0
2018-01-07,539.78,7,1,1,1,0,0,0
2018-01-08,9711.58,8,2,1,0,0,0,0
2018-01-08,1079.14,8,2,1,0,0,0,0
2018-01-08,1348.43,8,2,1,0,0,0,0
2018-01-08,2451.99,8,2,1,0,0,0,0
2018-01-08,2587.05,8,2,1,0,0,0,0
2018-01-09,2574.75,9,2,1,0,0,0,0
2018-01-09,3149.39,9,2,1,0,0,0,0
2018-01-10,783.33,10,2,1,0,0,0,0
2018-01-10,453.6,10,2,1,0,0,0,0
2018-01-10,2597.58,10,2,1,0,0,0,0
2018-01-10,617.78,10,2,1,0,0,0,0
2018-01-10,1560.56,10,2,1,0,0,0,0
2018-01-10,1106.89,10,2,1,0,0,0,0
2018-01-10,4393.55,10,2,1,0,0,0,0
2018-01-10,8197.48,10,2,1,0,0,0,0
2018-01-11,10485.16,11,2,1,0,0,0,0
2018-01-11,2573.36,11,2,1,0,0,0,0
2018-01-11,512.88,11,2,1,0,0,0,0
2018-01-12,6126.27,12,2,1,0,0,0,0
2018-01-12,1182.37,12,2,1,0,0,0,0
2018-01-13,1267.79,13,2,1,1,0,0,0
2018-01-14,40473.78,14,2,1,1,0,0,0
2018-01-14,2146.94,14,2,1,1,0,0,0
2018-01-15,968.04,15,3,1,0,0,0,0
2018-01-15,1964.81,15,3,1,0,0,0,0
2018-01-16,278.63,16,3,1,0,0,0,0
2018-01-17,353.12,17,3,1,0,0,0,0
2018-01-17,1536.37,17,3,1,0,0,0,0
2018-01-17,3271.64,17,3,1,0,0,0,0
2018-01-19,5988.71,19,3,1,0,0,0,0
2018-01-19,1927.81,19,3,1,0,0,0,0
2018-01-19,40338.28,19,3,1,0,0,0,0
2018-01-20,6208.42,20,3,1,1,0,0,0
2018-01-20,5973.58,20,3,1,1,0,0,0
2018-01-21,14781.61,21,3,1,1,0,0,0
2018-01-21,1337.62,21,3,1,1,0,0,0
2018-01-21,680.92,21,3,1,1,0,0,0
2018-01-21,4893.35,21,3,1,1,0,0,0
2018-01-22,8142.1,22,4,1,0,0,0,0
2018-01-22,4550.49,22,4,1,0,0,0,0
2018-01-22,1576.68,22,4,1,0,0,0,0
2018-01-22,2850.59,22,4,1,0,0,0,0
2018-01-23,2224.24,23,4,1,0,0,0,0
2018-01-24,639.69,24,4,1,0,0,0,0
2018-01-24,1312.81,24,4,1,0,0,0,0
2018-01-25,592.36,25,4,1,0,0,1,0
2018-01-25,2286.82,25,4,1,0,0,1,0
2018-01-26,2848.35,26,4,1,0,0,1,0
2018-01-27,1287.28,27,4,1,1,0,1,0
2018-01-27,15758.74,27,4,1,1,0,1,0
2018-01-27,8540.02,27,4,1,1,0,1,0
2018-01-28,11784.38,28,4,1,1,0,1,0
2018-01-28,1262.94,28,4,1,1,0,1,0
2018-01-28,13750.97,28,4,1,1,0,1,0
2018-01-28,666.2,28,4,1,1,0,1,0
2018-01-28,14826.14,28,4,1,1,0,1,0
2018-01-28,11736.95,28,4,1,1,0,1,0
2018-01-28,4966.24,28,4,1,1,0,1,0
2018-01-28,7816.65,28,4,1,1,0,1,0
2018-01-29,5568.2,29,5,1,0,0,1,0
2018-01-29,708.84,29,5,1,0,0,1,0
2018-01-29,6788.36,29,5,1,0,0,1,0
2018-01-29,2758.73,29,5,1,0,0,1,0
2018-01-29,747.25,29,5,1,0,0,1,0
2018-01-29,2613.93,29,5,1,0,0,1,0
2018-01-30,564.13,30,5,1,0,0,1,0
2018-01-30,2830.16,30,5,1,0,0,1,0
2018-01-30,1328.33,30,5,1,0,0,1,0
2018-01-30,14813.44,30,5,1,0,0,1,0
2018-01-30,2004.41,30,5,1,0,0,1,0
2018-01-31,7898.87,31,5,1,0,1,1,0
2018-01-31,5258.57,31,5,1,0,1,1,0
2018-01-31,2618.8,31,5,1,0,1,1,0
2018-01-31,6950.31,31,5,1,0,1,1,0
2018-02-01,3936.5,1,5,2,0,0,1,0
2018-02-01,17292.23,1,5,2,0,0,1,0
2018-02-02,5438.76,2,5,2,0,0,1,0
2018-02-02,564.94,2,5,2,0,0,1,0
2018-02-02,20226.82,2,5,2,0,0,1,0
2018-02-03,7816.14,3,5,2,1,0,0,0
2018-02-03,160155.48,3,5,2,1,0,0,0
2018-02-04,4325.5,4,5,2,1,0,0,0
2018-02-04,220.9,4,5,2,1,0,0,0
2018-02-05,6045.93,5,6,2,0,0,0,0
2018-02-05,12012.76,5,6,2,0,0,0,0
2018-02-05,1925.65,5,6,2,0,0,0,0
2018-02-06,9632.4,6,6,2,0,0,0,0
2018-02-06,2398.52,6,6,2,0,0,0,0
2018-02-06,1470.14,6,6,2,0,0,0,0
2018-02-06,3963.73,6,6,2,0,0,0,0
2018-02-06,3483.96,6,6,2,0,0,0,0
2018-02-07,3413.44,7,6,2,0,0,0,0
2018-02-07,903.44,7,6,2,0,0,0,0
2018-02-07,16275.87,7,6,2,0,0,0,0
2018-02-08,949.59,8,6,2,0,0,0,0
2018-02-09,1973.65,9,6,2,0,0,0,0
2018-02-09,995.12,9,6,2,0,0,0,0
2018-02-10,2698.66,10,6,2,1,0,0,0
2018-02-10,2783.31,10,6,2,1,0,0,0
2018-02-10,3601.68,10,6,2,1,0,0,0
2018-02-10,1836.35,10,6,2,1,0,0,0
2018-02-10,2772.71,10,6,2,1,0,0,0
2018-02-11,7733.28,11,6,2,1,0,0,0
2018-02-11,789.18,11,6,2,1,0,0,0
2018-02-12,10753.43,12,7,2,0,0,0,0
2018-02-12,198.35,12,7,2,0,0,0,0
2018-02-12,595.04,12,7,2,0,0,0,0
2018-02-13,2921.58,13,7,2,0,0,0,0
2018-02-13,2488.51,13,7,2,0,0,0,0
2018-02-14,1523.35,14,7,2,0,0,0,0
2018-02-14,10746.88,14,7,2,0,0,0,0
2018-02-14,41957.25,14,7,2,0,0,0,0
2018-02-16,1217.64,16,7,2,0,0,0,0
2018-02-16,318.63,16,7,2,0,0,0,0
2018-02-18,4267.6,18,7,2,1,0,0,0
2018-02-19,9071.01,19,8,2,0,0,0,0
2018-02-20,2115.21,20,8,2,0,0,0,0
2018-02-20,536.14,20,8,2,0,0,0,0
2018-02-21,13223.34,21,8,2,0,0,0,0
2018-02-21,10434.48,21,8,2,0,0,0,0
2018-02-21,2803.17,21,8,2,0,0,0,0
2018-02-21,44421.72,21,8,2,0,0,0,0
2018-02-21,1050.58,21,8,2,0,0,0,0
2018-02-22,3836.16,22,8,2,0,0,0,0
2018-02-22,2731.18,22,8,2,0,0,0,0
2018-02-23,27240.34,23,8,2,0,0,0,0
2018-02-23,1436.9,23,8,2,0,0,0,0
2018-02-23,11674.12,23,8,2,0,0,0,0
2018-02-24,294.22,24,8,2,1,0,0,0
2018-02-24,1669.04,24,8,2,1,0,0,0
2018-02-24,1664.49,24,8,2,1,0,0,0
2018-02-24,1268.27,24,8,2,1,0,0,0
2018-02-24,6421.92,24,8,2,1,0,0,0
2018-02-24,6572.7,24,8,2,1,0,0,0
2018-02-24,30499.16,24,8,2,1,0,0,0
2018-02-25,795.73,25,8,2,1,0,1,0
2018-02-25,3653.39,25,8,2,1,0,1,0
2018-02-25,2923.32,25,8,2,1,0,1,0
2018-02-25,7756.86,25,8,2,1,0,1,0
2018-02-25,24067.76,25,8,2,1,0,1,0
2018-02-25,5651.26,25,8,2,1,0,1,0
2018-02-25,2044.72,25,8,2,1,0,1,0
2018-02-25,9657.62,25,8,2,1,0,1,0
2018-02-25,4914.76,25,8,2,1,0,1,0
2018-02-25,6096.7,25,8,2,1,0,1,0
2018-02-26,3529.38,26,9,2,0,0,1,0
2018-02-26,5411.17,26,9,2,0,0,1,0
2018-02-26,9094.28,26,9,2,0,0,1,0
2018-02-26,642.48,26,9,2,0,0,1,0
2018-02-27,727.51,27,9,2,0,0,1,0
2018-02-27,20441.92,27,9,2,0,0,1,0
2018-02-27,1985.32,27,9,2,0,0,1,0
2018-02-27,1763.15,27,9,2,0,0,1,0
2018-02-28,3163.35,28,9,2,0,1,1,0
2018-02-28,14131.51,28,9,2,0,1,1,0
2018-02-28,2404.53,28,9,2,0,1,1,0
2018-02-28,5276.21,28,9,2,0,1,1,0
2018-02-28,7782.98,28,9,2,0,1,1,0
2018-02-28,2716.25,28,9,2,0,1,1,0
2018-02-28,11511.81,28,9,2,0,1,1,0
2018-02-28,13822.72,28,9,2,0,1,1,0
2018-03-01,291.05,1,9,3,0,0,1,0
2018-03-01,45695.16,1,9,3,0,0,1,0
2018-03-02,6991.26,2,9,3,0,0,1,0
2018-03-02,177208.79,2,9,3,0,0,1,0
2018-03-02,3214.18,2,9,3,0,0,1,0
2018-03-02,895.86,2,9,3,0,0,1,0
2018-03-03,18777.66,3,9,3,1,0,0,0
2018-03-03,9992.57,3,9,3,1,0,0,0
2018-03-04,105918.84,4,9,3,1,0,0,0
2018-03-04,260.7,4,9,3,1,0,0,0
2018-03-05,1373.95,5,10,3,0,0,0,0
2018-03-05,12266.41,5,10,3,0,0,0,0
2018-03-05,24343.91,5,10,3,0,0,0,0
2018-03-05,100003.05,5,10,3,0,0,0,0
2018-03-06,32438.82,6,10,3,0,0,0,0
2018-03-06,1512.77,6,10,3,0,0,0,0
2018-03-06,1650.69,6,10,3,0,0,0,0
2018-03-06,2221.78,6,10,3,0,0,0,0
2018-03-06,45456.83,6,10,3,0,0,0,0
2018-03-08,1978.47,8,10,3,0,0,0,0
2018-03-08,1257.26,8,10,3,0,0,0,0
2018-03-08,3437.52,8,10,3,0,0,0,0
2018-03-08,791.56,8,10,3,0,0,0,0
2018-03-08,2222.64,8,10,3,0,0,0,0
2018-03-09,669.57,9,10,3,0,0,0,0
2018-03-09,3573.22,9,10,3,0,0,0,0
2018-03-09,2830.35,9,10,3,0,0,0,0
2018-03-09,4469.36,9,10,3,0,0,0,0
2018-03-09,14367.17,9,10,3,0,0,0,0
2018-03-09,515.19,9,10,3,0,0,0,0
2018-03-10,1210.43,10,10,3,1,0,0,0
2018-03-11,6898.52,11,10,3,1,0,0,0
2018-03-11,3659.34,11,10,3,1,0,0,0
2018-03-11,539.49,11,10,3,1,0,0,0
2018-03-11,2274.2,11,10,3,1,0,0,0
2018-03-12,14838.04,12,11,3,0,0,0,0
2018-03-12,675.35,12,11,3,0,0,0,0
2018-03-13,1553.18,13,11,3,0,0,0,0
2018-03-13,15314.63,13,11,3,0,0,0,0
2018-03-13,798.51,13,11,3,0,0,0,0
2018-03-14,812.66,14,11,3,0,0,0,0
2018-03-14,457.98,14,11,3,0,0,0,0
2018-03-14,14262.23,14,11,3,0,0,0,0
2018-03-15,10984.35,15,11,3,0,0,0,0
2018-03-15,2914.7,15,11,3,0,0,0,0
2018-03-15,3892.55,15,11,3,0,0,0,0
2018-03-15,839.41,15,11,3,0,0,0,0
2018-03-16,11059.08,16,11,3,0,0,0,0
2018-03-16,15567.58,16,11,3,0,0,0,0
2018-03-16,1443.8,16,11,3,0,0,0,0
2018-03-17,2705.51,17,11,3,1,0,0,0
2018-03-17,14753.88,17,11,3,1,0,0,0
2018-03-18,2625.7,18,11,3,1,0,0,0
2018-03-18,4297.7,18,11,3,1,0,0,0
2018-03-19,1743.85,19,12,3,0,0,0,0
2018-03-20,85.53,20,12,3,0,0,0,0
2018-03-20,1770.06,20,12,3,0,0,0,0
2018-03-20,2377.9,20,12,3,0,0,0,0
2018-03-21,2462.91,21,12,3,0,0,0,0
2018-03-21,1348.79,21,12,3,0,0,0,0
2018-03-21,3238.98,21,12,3,0,0,0,0
2018-03-21,4090.1,21,12,3,0,0,0,0
2018-03-22,646.9,22,12,3,0,0,0,0
2018-03-22,361.29,22,12,3,0,0,0,0
2018-03-22,495.86,22,12,3,0,0,0,0
2018-03-23,1437.08,23,12,3,0,0,0,0
2018-03-23,1735.96,23,12,3,0,0,0,0
2018-03-24,484.78,24,12,3,1,0,0,0
2018-03-24,13438.39,24,12,3,1,0,0,0
2018-03-24,1364.53,24,12,3,1,0,0,0
2018-03-25,5979.02,25,12,3,1,0,1,0
2018-03-25,556.78,25,12,3,1,0,1,0
2018-03-26,3585.32,26,13,3,0,0,1,0
2018-03-27,6715.57,27,13,3,0,0,1,0
2018-03-27,42421.71,27,13,3,0,0,1,0
2018-03-27,15539.69,27,13,3,0,0,1,0
2018-03-27,3093.39,27,13,3,0,0,1,0
2018-03-28,3194.31,28,13,3,0,0,1,0
2018-03-28,10672.19,28,13,3,0,0,1,0
2018-03-28,13211.3,28,13,3,0,0,1,0
2018-03-28,24781.18,28,13,3,0,0,1,0
2018-03-29,664.84,29,13,3,0,0,1,0
2018-03-29,6038.12,29,13,3,0,0,1,0
2018-03-29,14256.9,29,13,3,0,0,1,0
2018-03-29,1805.33,29,13,3,0,0,1,0
2018-03-29,1842.41,29,13,3,0,0,1,0
2018-03-29,7706.42,29,13,3,0,0,1,0
2018-03-29,540.57,29,13,3,0,0,1,0
2018-03-29,5693.36,29,13,3,0,0,1,0
2018-03-29,22191.48,29,13,3,0,0,1,0
2018-03-29,13147.28,29,13,3,0,0,1,0
2018-03-29,8748.89,29,13,3,0,0,1,0
2018-03-29,1422.28,29,13,3,0,0,1,0
2018-03-30,662.29,30,13,3,0,0,1,0
2018-03-30,4878.72,30,13,3,0,0,1,0
2018-03-30,893.11,30,13,3,0,0,1,0
2018-03-30,210.91,30,13,3,0,0,1,0
2018-03-30,11305.77,30,13,3,0,0,1,0
2018-03-30,11853.56,30,13,3,0,0,1,0
2018-03-30,11023.61,30,13,3,0,0,1,0
2018-03-31,14847.81,31,13,3,1,1,1,0
2018-03-31,2839.38,31,13,3,1,1,1,0
2018-03-31,14210.47,31,13,3,1,1,1,0
2018-03-31,1632.55,31,13,3,1,1,1,0
2018-03-31,5455.05,31,13,3,1,1,1,0
2018-03-31,2631.55,31,13,3,1,1,1,0
2018-03-31,3795.47,31,13,3,1,1,1,0
2018-03-31,37983.29,31,13,3,1,1,1,0
2018-03-31,10107.86,31,13,3,1,1,1,0
2018-03-31,2693.37,31,13,3,1,1,1,0
2018-04-01,11829.17,1,13,4,1,0,1,0
2018-04-01,2930.35,1,13,4,1,0,1,0
2018-04-02,48875.36,2,14,4,0,0,1,0
2018-04-02,14993.98,2,14,4,0,0,1,0
2018-04-02,513.51,2,14,4,0,0,1,0
2018-04-02,2969.41,2,14,4,0,0,1,0
2018-04-03,1715.95,3,14,4,0,0,0,0
2018-04-03,35207.19,3,14,4,0,0,0,0
2018-04-03,5843.63,3,14,4,0,0,0,0
2018-04-03,103650.59,3,14,4,0,0,0,0
2018-04-03,284.25,3,14,4,0,0,0,0
2018-04-03,24324.66,3,14,4,0,0,0,0
2018-04-03,98319.03,3,14,4,0,0,0,0
2018-04-03,191.23,3,14,4,0,0,0,0
2018-04-04,1901.59,4,14,4,0,0,0,0
2018-04-04,32283.24,4,14,4,0,0,0,0
2018-04-04,208.99,4,14,4,0,0,0,0
2018-04-04,122159.85,4,14,4,0,0,0,0
2018-04-04,1818.41,4,14,4,0,0,0,0
2018-04-04,29378.56,4,14,4,0,0,0,0
2018-04-05,8126.41,5,14,4,0,0,0,0
2018-04-05,760.29,5,14,4,0,0,0,0
2018-04-05,1332.01,5,14,4,0,0,0,0
2018-04-06,4932.56,6,14,4,0,0,0,0
2018-04-06,2235.58,6,14,4,0,0,0,0
2018-04-06,1815.54,6,14,4,0,0,0,0
2018-04-06,1799.78,6,14,4,0,0,0,0
2018-04-06,4088.16,6,14,4,0,0,0,0
2018-04-06,967.59,6,14,4,0,0,0,0
2018-04-07,4923.29,7,14,4,1,0,0,0
2018-04-08,12191.82,8,14,4,1,0,0,0
2018-04-08,4845.07,8,14,4,1,0,0,0
2018-04-08,2283.76,8,14,4,1,0,0,0
2018-04-08,704.39,8,14,4,1,0,0,0
2018-04-09,1134.62,9,15,4,0,0,0,0
2018-04-10,4174.45,10,15,4,0,0,0,0
2018-04-10,7798.19,10,15,4,0,0,0,0
2018-04-10,286.85,10,15,4,0,0,0,0
2018-04-10,1914.72,10,15,4,0,0,0,0
2018-04-11,753.71,11,15,4,0,0,0,0
2018-04-11,10795.3,11,15,4,0,0,0,0
2018-04-11,3095.86,11,15,4,0,0,0,0
2018-04-11,15571.58,11,15,4,0,0,0,0
2018-04-12,1311.45,12,15,4,0,0,0,0
2018-04-12,3339.94,12,15,4,0,0,0,0
2018-04-13,2222.08,13,15,4,0,0,0,0
2018-04-13,2034.66,13,15,4,0,0,0,0
2018-04-13,1801.91,13,15,4,0,0,0,0
2018-04-13,2309.44,13,15,4,0,0,0,0
2018-04-13,700.06,13,15,4,0,0,0,0
2018-04-14,1075.24,14,15,4,1,0,0,0
2018-04-15,2320.91,15,15,4,1,0,0,0
2018-04-15,2365.7,15,15,4,1,0,0,0
2018-04-17,2611.04,17,16,4,0,0,0,0
2018-04-19,4436.74,19,16,4,0,0,0,0
2018-04-19,1520.36,19,16,4,0,0,0,0
2018-04-20,4252.27,20,16,4,0,0,0,0
2018-04-20,931.13,20,16,4,0,0,0,0
2018-04-20,4972.45,20,16,4,0,0,0,0
2018-04-21,14194.56,21,16,4,1,0,0,0
2018-04-21,2195.08,21,16,4,1,0,0,0
2018-04-21,413.34,21,16,4,1,0,0,0
2018-04-22,9392.73,22,16,4,1,0,0,0
2018-04-22,2938.98,22,16,4,1,0,0,0
2018-04-22,2426.16,22,16,4,1,0,0,0
2018-04-22,4703.07,22,16,4,1,0,0,0
2018-04-22,12205.36,22,16,4,1,0,0,0
2018-04-23,3689.45,23,17,4,0,0,0,0
2018-04-23,1439.07,23,17,4,0,0,0,0
2018-04-24,2396.13,24,17,4,0,0,0,0
2018-04-24,4839.36,24,17,4,0,0,0,0
2018-04-25,466.74,25,17,4,0,0,1,0
2018-04-26,11349.5,26,17,4,0,0,1,0
2018-04-26,2196.11,26,17,4,0,0,1,0
2018-04-26,9134.3,26,17,4,0,0,1,0
2018-04-27,1837.47,27,17,4,0,0,1,0
2018-04-27,4504.4,27,17,4,0,0,1,0
2018-04-27,2039.25,27,17,4,0,0,1,0
2018-04-27,3502.46,27,17,4,0,0,1,0
2018-04-27,4978.56,27,17,4,0,0,1,0
2018-04-28,9318.66,28,17,4,1,0,1,0
2018-04-28,4166.44,28,17,4,1,0,1,0
2018-04-28,12497.61,28,17,4,1,0,1,0
2018-04-28,10853.51,28,17,4,1,0,1,0
2018-04-28,6198.08,28,17,4,1,0,1,0
2018-04-29,4610.78,29,17,4,1,0,1,0
2018-04-29,8149.04,29,17,4,1,0,1,0
2018-04-29,8289.76,29,17,4,1,0,1,0
2018-04-29,13959.33,29,17,4,1,0,1,0
2018-04-30,6584.46,30,18,4,0,1,1,0
2018-04-30,2789.63,30,18,4,0,1,1,0
2018-04-30,7462.28,30,18,4,0,1,1,0
2018-04-30,1716.48,30,18,4,0,1,1,0
2018-05-01,5397.44,1,18,5,0,0,1,0
2018-05-01,9207.49,1,18,5,0,0,1,0
2018-05-01,79766.06,1,18,5,0,0,1,0
2018-05-01,35917.83,1,18,5,0,0,1,0
2018-05-01,13812.9,1,18,5,0,0,1,0
2018-05-01,7835.39,1,18,5,0,0,1,0
2018-05-02,3744.96,2,18,5,0,0,1,0
2018-05-02,94651.28,2,18,5,0,0,1,0
2018-05-02,2049.21,2,18,5,0,0,1,0
2018-05-02,1945.59,2,18,5,0,0,1,0
2018-05-03,3157.15,3,18,5,0,0,0,0
2018-05-03,1897.41,3,18,5,0,0,0,0
2018-05-04,27993.87,4,18,5,0,0,0,0
2018-05-04,3975.21,4,18,5,0,0,0,0
2018-05-05,6938.25,5,18,5,1,0,0,0
2018-05-05,1777.69,5,18,5,1,0,0,0
2018-05-05,3680.96,5,18,5,1,0,0,0
2018-05-06,2367.2,6,18,5,1,0,0,0
2018-05-06,1032.42,6,18,5,1,0,0,0
2018-05-06,2060.4,6,18,5,1,0,0,0
2018-05-07,24320.46,7,19,5,0,0,0,0
2018-05-07,1394.48,7,19,5,0,0,0,0
2018-05-07,5930.75,7,19,5,0,0,0,0
2018-05-08,2019.51,8,19,5,0,0,0,0
2018-05-08,25860.21,8,19,5,0,0,0,0
2018-05-09,2334.24,9,19,5,0,0,0,0
2018-05-09,92.01,9,19,5,0,0,0,0
2018-05-09,2003.52,9,19,5,0,0,0,0
2018-05-10,1269.38,10,19,5,0,0,0,0
2018-05-11,8235.19,11,19,5,0,0,0,0
2018-05-11,261.49,11,19,5,0,0,0,0
2018-05-11,347.02,11,19,5,0,0,0,0
2018-05-11,1982.15,11,19,5,0,0,0,0
2018-05-11,1155.83,11,19,5,0,0,0,0
2018-05-11,15376.84,11,19,5,0,0,0,0
2018-05-12,10396.72,12,19,5,1,0,0,0
2018-05-12,6283.57,12,19,5,1,0,0,0
2018-05-13,360.03,13,19,5,1,0,0,0
2018-05-13,953.12,13,19,5,1,0,0,0
2018-05-13,5646.41,13,19,5,1,0,0,0
2018-05-13,1793.43,13,19,5,1,0,0,0
2018-05-14,1786.87,14,20,5,0,0,0,0
2018-05-14,10791.08,14,20,5,0,0,0,0
2018-05-14,7002.46,14,20,5,0,0,0,0
2018-05-14,2694.69,14,20,5,0,0,0,0
2018-05-16,404.11,16,20,5,0,0,0,0
2018-05-16,1704.01,16,20,5,0,0,0,0
2018-05-16,3890.43,16,20,5,0,0,0,0
2018-05-17,15707.89,17,20,5,0,0,0,0
2018-05-17,2088.5,17,20,5,0,0,0,0
2018-05-17,1327.96,17,20,5,0,0,0,0
2018-05-17,6010.01,17,20,5,0,0,0,0
2018-05-18,2084.99,18,20,5,0,0,0,0
2018-05-18,2423.9,18,20,5,0,0,0,0
2018-05-18,327.07,18,20,5,0,0,0,0
2018-05-18,2787.47,18,20,5,0,0,0,0
2018-05-18,252.62,18,20,5,0,0,0,0
2018-05-18,2124.09,18,20,5,0,0,0,0
2018-05-18,3156.44,18,20,5,0,0,0,0
2018-05-19,1547.64,19,20,5,1,0,0,0
2018-05-19,471.06,19,20,5,1,0,0,0
2018-05-19,1951.12,19,20,5,1,0,0,0
2018-05-21,1466.73,21,21,5,0,0,0,0
2018-05-22,306.16,22,21,5,0,0,0,0
2018-05-22,5629.04,22,21,5,0,0,0,0
2018-05-22,3277.35,22,21,5,0,0,0,0
2018-05-23,1438.68,23,21,5,0,0,0,0
2018-05-23,4375.58,23,21,5,0,0,0,0
2018-05-23,17904.66,23,21,5,0,0,0,0
2018-05-23,3657.34,23,21,5,0,0,0,0
2018-05-24,7933.98,24,21,5,0,0,0,0
2018-05-24,2798.39,24,21,5,0,0,0,0
2018-05-24,2322.44,24,21,5,0,0,0,0
2018-05-24,2981.9,24,21,5,0,0,0,0
2018-05-24,420.52,24,21,5,0,0,0,0
2018-05-25,1439.61,25,21,5,0,0,1,0
2018-05-26,13456.46,26,21,5,1,0,1,0
2018-05-27,1273.55,27,21,5,1,0,1,0
2018-05-27,9912.34,27,21,5,1,0,1,0
2018-05-27,2400.61,27,21,5,1,0,1,0
2018-05-27,9503.88,27,21,5,1,0,1,0
2018-05-27,10530.67,27,21,5,1,0,1,0
2018-05-28,1413.29,28,22,5,0,0,1,0
2018-05-29,2770.87,29,22,5,0,0,1,0
2018-05-29,15742.03,29,22,5,0,0,1,0
2018-05-29,2494.39,29,22,5,0,0,1,0
2018-05-29,3866.25,29,22,5,0,0,1,0
2018-05-29,8215.42,29,22,5,0,0,1,0
2018-05-29,10658.14,29,22,5,0,0,1,0
2018-05-29,300.93,29,22,5,0,0,1,0
2018-05-29,9351.26,29,22,5,0,0,1,0
2018-05-30,1106.96,30,22,5,0,0,1,0
2018-05-30,11048.44,30,22,5,0,0,1,0
2018-05-30,11740.33,30,22,5,0,0,1,0
2018-05-30,1977.19,30,22,5,0,0,1,0
2018-05-30,318.98,30,22,5,0,0,1,0
2018-05-30,2326.75,30,22,5,0,0,1,0
2018-05-30,20176.75,30,22,5,0,0,1,0
2018-05-30,16160.96,30,22,5,0,0,1,0
2018-05-31,1682.93,31,22,5,0,1,1,0
2018-05-31,10664.92,31,22,5,0,1,1,0
2018-05-31,13382.34,31,22,5,0,1,1,0
2018-05-31,2200.16,31,22,5,0,1,1,0
2018-05-31,7202.96,31,22,5,0,1,1,0
2018-06-01,549.81,1,22,6,0,0,1,0
2018-06-01,831.42,1,22,6,0,0,1,0
2018-06-02,927.36,2,22,6,1,0,1,0
2018-06-02,16629.58,2,22,6,1,0,1,0
2018-06-02,4785.0,2,22,6,1,0,1,0
2018-06-02,7945.64,2,22,6,1,0,1,0
2018-06-02,82756.63,2,22,6,1,0,1,0
2018-06-02,293.72,2,22,6,1,0,1,0
2018-06-02,148020.81,2,22,6,1,0,1,0
2018-06-02,3211.6,2,22,6,1,0,1,0
2018-06-03,458.78,3,22,6,1,0,0,0
2018-06-03,1155.43,3,22,6,1,0,0,0
2018-06-04,1326.98,4,23,6,0,0,0,0
2018-06-04,461.52,4,23,6,0,0,0,0
2018-06-04,47528.1,4,23,6,0,0,0,0
2018-06-04,45770.84,4,23,6,0,0,0,0
2018-06-05,8634.69,5,23,6,0,0,0,0
2018-06-06,1514.13,6,23,6,0,0,0,0
2018-06-06,14062.72,6,23,6,0,0,0,0
2018-06-06,1936.38,6,23,6,0,0,0,0
2018-06-07,7419.23,7,23,6,0,0,0,0
2018-06-07,655.16,7,23,6,0,0,0,0
2018-06-08,4507.05,8,23,6,0,0,0,0
2018-06-08,767.02,8,23,6,0,0,0,0
2018-06-08,5798.73,8,23,6,0,0,0,0
2018-06-09,1604.52,9,23,6,1,0,0,0
2018-06-09,22342.09,9,23,6,1,0,0,0
2018-06-10,15589.49,10,23,6,1,0,0,0
2018-06-10,4781.87,10,23,6,1,0,0,0
2018-06-10,2562.17,10,23,6,1,0,0,0
2018-06-11,811.26,11,24,6,0,0,0,0
2018-06-12,963.75,12,24,6,0,0,0,0
2018-06-12,29671.17,12,24,6,0,0,0,0
2018-06-13,719.7,13,24,6,0,0,0,0
2018-06-14,1336.37,14,24,6,0,0,0,0
2018-06-15,9274.23,15,24,6,0,0,0,0
2018-06-15,1517.56,15,24,6,0,0,0,0
2018-06-15,5915.14,15,24,6,0,0,0,0
2018-06-16,2600.62,16,24,6,1,0,0,0
2018-06-16,2898.58,16,24,6,1,0,0,0
2018-06-18,2062.04,18,25,6,0,0,0,0
2018-06-18,4661.64,18,25,6,0,0,0,0
2018-06-19,6564.52,19,25,6,0,0,0,0
2018-06-19,712.47,19,25,6,0,0,0,0
2018-06-20,2692.07,20,25,6,0,0,0,0
2018-06-20,730.15,20,25,6,0,0,0,0
2018-06-20,760.16,20,25,6,0,0,0,0
2018-06-20,3680.25,20,25,6,0,0,0,0
2018-06-20,2686.17,20,25,6,0,0,0,0
2018-06-21,312.45,21,25,6,0,0,0,0
2018-06-21,4202.84,21,25,6,0,0,0,0
2018-06-21,1720.03,21,25,6,0,0,0,0
2018-06-22,621.76,22,25,6,0,0,0,0
2018-06-24,13932.55,24,25,6,1,0,0,0
2018-06-24,4180.85,24,25,6,1,0,0,0
2018-06-24,18171.0,24,25,6,1,0,0,0
2018-06-24,716.84,24,25,6,1,0,0,0
2018-06-25,341.12,25,26,6,0,0,1,0
2018-06-25,761.51,25,26,6,0,0,1,0
2018-06-26,1386.53,26,26,6,0,0,1,0
2018-06-26,5624.76,26,26,6,0,0,1,0
2018-06-26,10176.84,26,26,6,0,0,1,0
2018-06-26,2674.14,26,26,6,0,0,1,0
2018-06-26,681.85,26,26,6,0,0,1,0
2018-06-26,19672.61,26,26,6,0,0,1,0
2018-06-26,1410.31,26,26,6,0,0,1,0
2018-06-26,13338.65,26,26,6,0,0,1,0
2018-06-26,2445.77,26,26,6,0,0,1,0
2018-06-27,13759.86,27,26,6,0,0,1,0
2018-06-27,693.39,27,26,6,0,0,1,0
2018-06-27,11951.98,27,26,6,0,0,1,0
2018-06-27,2359.42,27,26,6,0,0,1,0
2018-06-27,904.09,27,26,6,0,0,1,0
2018-06-28,2020.95,28,26,6,0,0,1,0
2018-06-28,9739.87,28,26,6,0,0,1,0
2018-06-28,5934.78,28,26,6,0,0,1,0
2018-06-28,3553.01,28,26,6,0,0,1,0
2018-06-28,14743.22,28,26,6,0,0,1,0
2018-06-28,11812.24,28,26,6,0,0,1,0
2018-06-29,11464.4,29,26,6,0,0,1,0
2018-06-29,306.47,29,26,6,0,0,1,0
2018-06-29,3873.07,29,26,6,0,0,1,0
2018-06-29,6380.31,29,26,6,0,0,1,0
2018-06-29,1363.37,29,26,6,0,0,1,0
2018-06-29,11478.72,29,26,6,0,0,1,0
2018-06-30,6325.86,30,26,6,1,1,1,0
2018-06-30,11631.68,30,26,6,1,1,1,0
2018-06-30,5551.58,30,26,6,1,1,1,0
2018-07-01,1698.48,1,26,7,1,0,1,0
2018-07-01,18194.25,1,26,7,1,0,1,0
2018-07-01,16716.97,1,26,7,1,0,1,0
2018-07-02,12118.25,2,27,7,0,0,1,0
2018-07-03,15122.41,3,27,7,0,0,0,0
2018-07-03,1582.11,3,27,7,0,0,0,0
2018-07-03,7465.22,3,27,7,0,0,0,0
2018-07-03,4197.65,3,27,7,0,0,0,0
2018-07-03,2423.4,3,27,7,0,0,0,0
2018-07-04,15720.84,4,27,7,0,0,0,0
2018-07-04,798.45,4,27,7,0,0,0,0
2018-07-04,238163.14,4,27,7,0,0,0,0
2018-07-05,573.37,5,27,7,0,0,0,0
2018-07-06,456.84,6,27,7,0,0,0,0
2018-07-07,42.45,7,27,7,1,0,0,0
2018-07-08,6436.47,8,27,7,1,0,0,0
2018-07-08,14282.7,8,27,7,1,0,0,0
2018-07-09,2251.94,9,28,7,0,0,0,0
2018-07-11,12728.27,11,28,7,0,0,0,0
2018-07-12,1012.16,12,28,7,0,0,0,0
2018-07-12,463.83,12,28,7,0,0,0,0
2018-07-12,10256.64,12,28,7,0,0,0,0
2018-07-13,711.32,13,28,7,0,0,0,0
2018-07-13,19842.03,13,28,7,0,0,0,0
2018-07-13,12136.2,13,28,7,0,0,0,0
2018-07-14,8227.89,14,28,7,1,0,0,0
2018-07-14,526.91,14,28,7,1,0,0,0
2018-07-14,14727.2,14,28,7,1,0,0,0
2018-07-14,4042.33,14,28,7,1,0,0,0
2018-07-14,1156.91,14,28,7,1,0,0,0
2018-07-14,1774.75,14,28,7,1,0,0,0
2018-07-15,413.74,15,28,7,1,0,0,0
2018-07-15,1104.96,15,28,7,1,0,0,0
2018-07-16,420.95,16,29,7,0,0,0,0
2018-07-17,4858.59,17,29,7,0,0,0,0
2018-07-17,3841.56,17,29,7,0,0,0,0
2018-07-18,1351.7,18,29,7,0,0,0,0
2018-07-18,866.25,18,29,7,0,0,0,0
2018-07-18,2780.55,18,29,7,0,0,0,0
2018-07-19,10644.77,19,29,7,0,0,0,0
2018-07-19,1824.52,19,29,7,0,0,0,0
2018-07-23,1809.46,23,30,7,0,0,0,0
2018-07-23,1972.37,23,30,7,0,0,0,0
2018-07-23,1765.04,23,30,7,0,0,0,0
2018-07-23,1721.37,23,30,7,0,0,0,0
2018-07-23,633.36,23,30,7,0,0,0,0
2018-07-24,532.2,24,30,7,0,0,0,0
2018-07-24,1574.3,24,30,7,0,0,0,0
2018-07-26,2188.36,26,30,7,0,0,1,0
2018-07-26,5727.09,26,30,7,0,0,1,0
2018-07-26,997.68,26,30,7,0,0,1,0
2018-07-27,11721.37,27,30,7,0,0,1,0
2018-07-27,708.11,27,30,7,0,0,1,0
2018-07-27,8467.4,27,30,7,0,0,1,0
2018-07-27,10249.27,27,30,7,0,0,1,0
2018-07-27,2266.28,27,30,7,0,0,1,0
2018-07-27,9986.91,27,30,7,0,0,1,0
2018-07-28,2480.19,28,30,7,1,0,1,0
2018-07-28,587.42,28,30,7,1,0,1,0
2018-07-28,7994.76,28,30,7,1,0,1,0
2018-07-28,3574.26,28,30,7,1,0,1,0
2018-07-28,1365.27,28,30,7,1,0,1,0
2018-07-29,6364.02,29,30,7,1,0,1,0
2018-07-29,1411.97,29,30,7,1,0,1,0
2018-07-29,4375.41,29,30,7,1,0,1,0
2018-07-30,6810.0,30,31,7,0,0,1,0
2018-07-30,2529.76,30,31,7,0,0,1,0
2018-07-30,392.61,30,31,7,0,0,1,0
2018-07-30,286.44,30,31,7,0,0,1,0
2018-07-31,5715.2,31,31,7,0,1,1,0
2018-07-31,6958.91,31,31,7,0,1,1,0
2018-07-31,4751.33,31,31,7,0,1,1,0
2018-07-31,4099.32,31,31,7,0,1,1,0
2018-07-31,793.88,31,31,7,0,1,1,0
2018-07-31,13942.99,31,31,7,0,1,1,0
2018-07-31,1073.05,31,31,7,0,1,1,0
2018-07-31,14008.27,31,31,7,0,1,1,0
2018-07-31,10974.76,31,31,7,0,1,1,0
2018-08-01,2012.63,1,31,8,0,0,1,0
2018-08-01,2417.78,1,31,8,0,0,1,0
2018-08-02,42645.54,2,31,8,0,0,1,0
2018-08-02,1993.19,2,31,8,0,0,1,0
2018-08-02,15938.03,2,31,8,0,0,1,0
2018-08-02,1944.37,2,31,8,0,0,1,0
2018-08-03,21438.09,3,31,8,0,0,0,0
2018-08-04,5849.25,4,31,8,1,0,0,0
2018-08-05,953.9,5,31,8,1,0,0,0
2018-08-05,6855.52,5,31,8,1,0,0,0
2018-08-05,537.69,5,31,8,1,0,0,0
2018-08-05,176264.99,5,31,8,1,0,0,0
2018-08-06,38446.04,6,32,8,0,0,0,0
2018-08-06,1978.25,6,32,8,0,0,0,0
2018-08-06,986.58,6,32,8,0,0,0,0
2018-08-07,2340.45,7,32,8,0,0,0,0
2018-08-08,480.72,8,32,8,0,0,0,0
2018-08-08,962.29,8,32,8,0,0,0,0
2018-08-09,10686.89,9,32,8,0,0,0,0
2018-08-09,2508.21,9,32,8,0,0,0,0
2018-08-09,3183.03,9,32,8,0,0,0,0
2018-08-10,7653.92,10,32,8,0,0,0,0
2018-08-11,255.04,11,32,8,1,0,0,0
2018-08-13,2778.2,13,33,8,0,0,0,0
2018-08-13,12885.41,13,33,8,0,0,0,0
2018-08-13,9686.18,13,33,8,0,0,0,0
2018-08-14,12944.73,14,33,8,0,0,0,0
2018-08-14,1221.66,14,33,8,0,0,0,0
2018-08-14,2151.16,14,33,8,0,0,0,0
2018-08-14,205.52,14,33,8,0,0,0,0
2018-08-15,3676.16,15,33,8,0,0,0,0
2018-08-15,645.56,15,33,8,0,0,0,0
2018-08-15,1067.47,15,33,8,0,0,0,0
2018-08-16,3074.63,16,33,8,0,0,0,0
2018-08-16,968.24,16,33,8,0,0,0,0
2018-08-16,5639.27,16,33,8,0,0,0,0
2018-08-16,2001.02,16,33,8,0,0,0,0
2018-08-16,6305.58,16,33,8,0,0,0,0
2018-08-17,2320.9,17,33,8,0,0,0,0
2018-08-17,1262.0,17,33,8,0,0,0,0
2018-08-18,4713.62,18,33,8,1,0,0,0
2018-08-18,3134.37,18,33,8,1,0,0,0
2018-08-19,514.53,19,33,8,1,0,0,0
2018-08-19,2035.62,19,33,8,1,0,0,0
2018-08-19,2327.52,19,33,8,1,0,0,0
2018-08-19,1588.06,19,33,8,1,0,0,0
2018-08-19,13805.22,19,33,8,1,0,0,0
2018-08-19,10562.25,19,33,8,1,0,0,0
2018-08-20,3662.29,20,34,8,0,0,0,0
2018-08-20,2050.11,20,34,8,0,0,0,0
2018-08-20,211.43,20,34,8,0,0,0,0
2018-08-20,992.39,20,34,8,0,0,0,0
2018-08-21,10688.19,21,34,8,0,0,0,0
2018-08-21,2860.28,21,34,8,0,0,0,0
2018-08-21,601.71,21,34,8,0,0,0,0
2018-08-21,3011.45,21,34,8,0,0,0,0
2018-08-22,2636.72,22,34,8,0,0,0,0
2018-08-22,1173.02,22,34,8,0,0,0,0
2018-08-22,15567.12,22,34,8,0,0,0,0
2018-08-23,1426.75,23,34,8,0,0,0,0
2018-08-23,959.78,23,34,8,0,0,0,0
2018-08-24,315.52,24,34,8,0,0,0,0
2018-08-25,2240.52,25,34,8,1,0,1,0
2018-08-26,1783.42,26,34,8,1,0,1,0
2018-08-26,38529.81,26,34,8,1,0,1,0
2018-08-26,603.12,26,34,8,1,0,1,0
2018-08-26,2150.52,26,34,8,1,0,1,0
2018-08-27,6106.95,27,35,8,0,0,1,0
2018-08-27,3580.22,27,35,8,0,0,1,0
2018-08-27,3352.78,27,35,8,0,0,1,0
2018-08-27,4518.45,27,35,8,0,0,1,0
2018-08-28,14244.57,28,35,8,0,0,1,0
2018-08-28,1201.09,28,35,8,0,0,1,0
2018-08-28,9358.82,28,35,8,0,0,1,0
2018-08-28,1701.05,28,35,8,0,0,1,0
2018-08-28,6845.18,28,35,8,0,0,1,0
2018-08-28,2475.37,28,35,8,0,0,1,0
2018-08-28,4699.93,28,35,8,0,0,1,0
2018-08-29,4929.83,29,35,8,0,0,1,0
2018-08-29,1965.64,29,35,8,0,0,1,0
2018-08-29,13680.25,29,35,8,0,0,1,0
2018-08-29,480.02,29,35,8,0,0,1,0
2018-08-29,157.14,29,35,8,0,0,1,0
2018-08-30,21592.66,30,35,8,0,0,1,0
2018-08-30,19993.79,30,35,8,0,0,1,0
2018-08-30,6696.67,30,35,8,0,0,1,0
2018-08-30,4256.6,30,35,8,0,0,1,0
2018-08-30,1845.13,30,35,8,0,0,1,0
2018-08-30,30974.59,30,35,8,0,0,1,0
2018-08-30,1378.85,30,35,8,0,0,1,0
2018-08-30,11179.41,30,35,8,0,0,1,0
2018-08-30,5681.49,30,35,8,0,0,1,0
2018-08-30,3419.03,30,35,8,0,0,1,0
2018-08-31,4529.94,31,35,8,0,1,1,0
2018-08-31,1509.54,31,35,8,0,1,1,0
2018-08-31,1220.55,31,35,8,0,1,1,0
2018-08-31,4323.17,31,35,8,0,1,1,0
2018-08-31,4585.86,31,35,8,0,1,1,0
2018-09-01,168889.74,1,35,9,1,0,1,0
2018-09-01,1300.1,1,35,9,1,0,1,0
2018-09-01,2768.91,1,35,9,1,0,1,0
2018-09-02,3410.99,2,35,9,1,0,1,0
2018-09-02,11127.45,2,35,9,1,0,1,0
2018-09-02,2784.88,2,35,9,1,0,1,0
2018-09-02,2723.11,2,35,9,1,0,1,0
2018-09-02,11654.9,2,35,9,1,0,1,0
2018-09-02,40791.53,2,35,9,1,0,1,0
2018-09-03,769.22,3,36,9,0,0,0,0
2018-09-03,2636.76,3,36,9,0,0,0,0
2018-09-04,3943.65,4,36,9,0,0,0,0
2018-09-04,2188.87,4,36,9,0,0,0,0
2018-09-04,4685.53,4,36,9,0,0,0,0
2018-09-04,3360.14,4,36,9,0,0,0,0
2018-09-05,12069.76,5,36,9,0,0,0,0
2018-09-05,2307.27,5,36,9,0,0,0,0
2018-09-06,1793.45,6,36,9,0,0,0,0
2018-09-06,392.64,6,36,9,0,0,0,0
2018-09-06,1692.88,6,36,9,0,0,0,0
2018-09-06,1675.71,6,36,9,0,0,0,0
2018-09-06,1029.63,6,36,9,0,0,0,0
2018-09-07,5240.12,7,36,9,0,0,0,0
2018-09-07,2762.28,7,36,9,0,0,0,0
2018-09-08,2209.34,8,36,9,1,0,0,0
2018-09-10,536.06,10,37,9,0,0,0,0
2018-09-11,2499.68,11,37,9,0,0,0,0
2018-09-11,1988.28,11,37,9,0,0,0,0
2018-09-11,136.62,11,37,9,0,0,0,0
2018-09-12,616.1,12,37,9,0,0,0,0
2018-09-12,512.81,12,37,9,0,0,0,0
2018-09-12,4165.91,12,37,9,0,0,0,0
2018-09-12,1258.74,12,37,9,0,0,0,0
2018-09-12,13072.1,12,37,9,0,0,0,0
2018-09-12,3743.85,12,37,9,0,0,0,0
2018-09-13,9402.04,13,37,9,0,0,0,0
2018-09-13,4690.43,13,37,9,0,0,0,0
2018-09-13,2690.17,13,37,9,0,0,0,0
2018-09-14,10748.27,14,37,9,0,0,0,0
2018-09-14,3535.49,14,37,9,0,0,0,0
2018-09-14,7765.29,14,37,9,0,0,0,0
2018-09-16,5385.92,16,37,9,1,0,0,0
2018-09-16,4522.03,16,37,9,1,0,0,0
2018-09-17,2034.54,17,38,9,0,0,0,0
2018-09-18,1678.17,18,38,9,0,0,0,0
2018-09-19,1362.34,19,38,9,0,0,0,0
2018-09-19,4910.64,19,38,9,0,0,0,0
2018-09-19,637.91,19,38,9,0,0,0,0
2018-09-19,2932.43,19,38,9,0,0,0,0
2018-09-19,3877.91,19,38,9,0,0,0,0
2018-09-20,1058.41,20,38,9,0,0,0,0
2018-09-20,4685.14,20,38,9,0,0,0,0
2018-09-20,142.82,20,38,9,0,0,0,0
2018-09-21,316.4,21,38,9,0,0,0,0
2018-09-21,14042.87,21,38,9,0,0,0,0
2018-09-21,2031.23,21,38,9,0,0,0,0
2018-09-22,1884.37,22,38,9,1,0,0,0
2018-09-23,22052.53,23,38,9,1,0,0,0
2018-09-24,29420.5,24,39,9,0,0,0,0
2018-09-24,4085.53,24,39,9,0,0,0,0
2018-09-24,1653.18,24,39,9,0,0,0,0
2018-09-24,1948.85,24,39,9,0,0,0,0
2018-09-25,2218.31,25,39,9,0,0,1,0
2018-09-25,4911.38,25,39,9,0,0,1,0
2018-09-25,2324.9,25,39,9,0,0,1,0
2018-09-26,4290.76,26,39,9,0,0,1,0
2018-09-26,3250.0,26,39,9,0,0,1,0
2018-09-26,8675.16,26,39,9,0,0,1,0
2018-09-26,2345.11,26,39,9,0,0,1,0
2018-09-26,4951.06,26,39,9,0,0,1,0
2018-09-26,12899.23,26,39,9,0,0,1,0
2018-09-26,2138.52,26,39,9,0,0,1,0
2018-09-26,7275.43,26,39,9,0,0,1,0
2018-09-26,10980.11,26,39,9,0,0,1,0
2018-09-27,556.58,27,39,9,0,0,1,0
2018-09-27,3468.59,27,39,9,0,0,1,0
2018-09-27,461.63,27,39,9,0,0,1,0
2018-09-27,7207.83,27,39,9,0,0,1,0
2018-09-27,1127.83,27,39,9,0,0,1,0
2018-09-27,1085.67,27,39,9,0,0,1,0
2018-09-27,14852.89,27,39,9,0,0,1,0
2018-09-27,1405.55,27,39,9,0,0,1,0
2018-09-27,2069.45,27,39,9,0,0,1,0
2018-09-28,2986.58,28,39,9,0,0,1,0
2018-09-28,9398.43,28,39,9,0,0,1,0
2018-09-28,14041.69,28,39,9,0,0,1,0
2018-09-29,8625.27,29,39,9,1,0,1,0
2018-09-29,1795.75,29,39,9,1,0,1,0
2018-09-29,4826.06,29,39,9,1,0,1,0
2018-09-29,449.01,29,39,9,1,0,1,0
2018-09-29,655.79,29,39,9,1,0,1,0
2018-09-30,5248.37,30,39,9,1,1,1,0
2018-09-30,7935.66,30,39,9,1,1,1,0
2018-09-30,13865.88,30,39,9,1,1,1,0
2018-09-30,2906.35,30,39,9,1,1,1,0
2018-09-30,3065.24,30,39,9,1,1,1,0
2018-09-30,10502.53,30,39,9,1,1,1,0
2018-10-01,394.99,1,40,10,0,0,1,1
2018-10-01,3295.92,1,40,10,0,0,1,1
2018-10-01,1401.26,1,40,10,0,0,1,1
2018-10-01,11975.61,1,40,10,0,0,1,1
2018-10-01,28770.02,1,40,10,0,0,1,1
2018-10-01,2566.01,1,40,10,0,0,1,1
2018-10-02,9960.05,2,40,10,0,0,1,1
2018-10-02,6310.39,2,40,10,0,0,1,1
2018-10-02,1059.34,2,40,10,0,0,1,1
2018-10-03,16456.52,3,40,10,0,0,0,1
2018-10-03,1666.5,3,40,10,0,0,0,1
2018-10-03,2863.78,3,40,10,0,0,0,1
2018-10-03,3912.45,3,40,10,0,0,0,1
2018-10-04,30940.78,4,40,10,0,0,0,1
2018-10-04,1452.43,4,40,10,0,0,0,1
2018-10-04,32650.69,4,40,10,0,0,0,1
2018-10-04,9149.25,4,40,10,0,0,0,1
2018-10-05,22081.97,5,40,10,0,0,0,1
2018-10-05,9599.57,5,40,10,0,0,0,1
2018-10-06,668.28,6,40,10,1,0,0,1
2018-10-06,1025.5,6,40,10,1,0,0,1
2018-10-07,1811.42,7,40,10,1,0,0,1
2018-10-08,4927.95,8,41,10,0,0,0,1
2018-10-08,5215.26,8,41,10,0,0,0,1
2018-10-08,397.08,8,41,10,0,0,0,1
2018-10-08,2053.06,8,41,10,0,0,0,1
2018-10-08,154.19,8,41,10,0,0,0,1
2018-10-09,377.96,9,41,10,0,0,0,1
2018-10-09,2115.06,9,41,10,0,0,0,1
2018-10-09,10084.71,9,41,10,0,0,0,1
2018-10-10,3294.85,10,41,10,0,0,0,1
2018-10-11,8314.1,11,41,10,0,0,0,1
2018-10-11,625.96,11,41,10,0,0,0,1
2018-10-11,1435.52,11,41,10,0,0,0,1
2018-10-11,4291.22,11,41,10,0,0,0,1
2018-10-11,1214.18,11,41,10,0,0,0,1
2018-10-12,12510.26,12,41,10,0,0,0,1
2018-10-12,554.65,12,41,10,0,0,0,1
2018-10-12,3419.25,12,41,10,0,0,0,1
2018-10-12,19326.75,12,41,10,0,0,0,1
2018-10-12,2657.13,12,41,10,0,0,0,1
2018-10-12,765.59,12,41,10,0,0,0,1
2018-10-13,45837.77,13,41,10,1,0,0,1
2018-10-13,1415.07,13,41,10,1,0,0,1
2018-10-15,1784.77,15,42,10,0,0,0,1
2018-10-15,2114.77,15,42,10,0,0,0,1
2018-10-15,313.47,15,42,10,0,0,0,1
2018-10-16,842.35,16,42,10,0,0,0,1
2018-10-16,1302.83,16,42,10,0,0,0,1
2018-10-17,4678.31,17,42,10,0,0,0,1
2018-10-17,1006.38,17,42,10,0,0,0,1
2018-10-17,1495.16,17,42,10,0,0,0,1
2018-10-17,15472.79,17,42,10,0,0,0,1
2018-10-17,2457.81,17,42,10,0,0,0,1
2018-10-17,762.6,17,42,10,0,0,0,1
2018-10-18,4028.33,18,42,10,0,0,0,1
2018-10-18,10884.18,18,42,10,0,0,0,1
2018-10-18,308.88,18,42,10,0,0,0,1
2018-10-18,1662.28,18,42,10,0,0,0,1
2018-10-19,2527.8,19,42,10,0,0,0,1
2018-10-19,1572.03,19,42,10,0,0,0,1
2018-10-19,13295.35,19,42,10,0,0,0,1
2018-10-19,1737.24,19,42,10,0,0,0,1
2018-10-19,1975.35,19,42,10,0,0,0,1
2018-10-19,29443.81,19,42,10,0,0,0,1
2018-10-20,565.25,20,42,10,1,0,0,1
2018-10-21,1885.95,21,42,10,1,0,0,1
2018-10-21,1156.3,21,42,10,1,0,0,1
2018-10-22,1814.05,22,43,10,0,0,0,1
2018-10-22,4469.79,22,43,10,0,0,0,1
2018-10-22,1574.87,22,43,10,0,0,0,1
2018-10-22,16530.29,22,43,10,0,0,0,1
2018-10-22,23442.3,22,43,10,0,0,0,1
2018-10-23,1637.68,23,43,10,0,0,0,1
2018-10-23,4763.61,23,43,10,0,0,0,1
2018-10-24,4541.34,24,43,10,0,0,0,1
2018-10-24,3813.11,24,43,10,0,0,0,1
2018-10-24,7337.85,24,43,10,0,0,0,1
2018-10-24,599.42,24,43,10,0,0,0,1
2018-10-24,1974.09,24,43,10,0,0,0,1
2018-10-25,3770.71,25,43,10,0,0,1,1
2018-10-25,10896.94,25,43,10,0,0,1,1
2018-10-25,2316.59,25,43,10,0,0,1,1
2018-10-25,359.04,25,43,10,0,0,1,1
2018-10-25,2309.73,25,43,10,0,0,1,1
2018-10-26,4572.45,26,43,10,0,0,1,1
2018-10-26,1080.54,26,43,10,0,0,1,1
2018-10-26,2497.27,26,43,10,0,0,1,1
2018-10-27,5450.08,27,43,10,1,0,1,1
2018-10-28,309.24,28,43,10,1,0,1,1
2018-10-28,5046.44,28,43,10,1,0,1,1
2018-10-28,418.82,28,43,10,1,0,1,1
2018-10-28,10201.67,28,43,10,1,0,1,1
2018-10-28,2323.01,28,43,10,1,0,1,1
2018-10-28,15150.3,28,43,10,1,0,1,1
2018-10-28,6680.84,28,43,10,1,0,1,1
2018-10-28,467.77,28,43,10,1,0,1,1
2018-10-29,2708.18,29,44,10,0,0,1,1
2018-10-29,708.0,29,44,10,0,0,1,1
2018-10-30,13621.38,30,44,10,0,0,1,1
2018-10-30,9170.76,30,44,10,0,0,1,1
2018-10-30,3453.61,30,44,10,0,0,1,1
2018-10-30,1746.13,30,44,10,0,0,1,1
2018-10-31,8996.11,31,44,10,0,1,1,1
2018-10-31,5493.68,31,44,10,0,1,1,1
2018-10-31,10977.1,31,44,10,0,1,1,1
2018-10-31,4741.24,31,44,10,0,1,1,1
2018-10-31,3021.47,31,44,10,0,1,1,1
2018-10-31,19939.86,31,44,10,0,1,1,1
2018-10-31,7894.52,31,44,10,0,1,1,1
2018-10-31,5656.87,31,44,10,0,1,1,1
2018-10-31,1143.01,31,44,10,0,1,1,1
2018-11-01,4267.15,1,44,11,0,0,1,1
2018-11-01,20793.23,1,44,11,0,0,1,1
2018-11-02,14867.05,2,44,11,0,0,1,1
2018-11-02,813.4,2,44,11,0,0,1,1
2018-11-03,20675.42,3,44,11,1,0,0,1
2018-11-03,4565.56,3,44,11,1,0,0,1
2018-11-03,840.0,3,44,11,1,0,0,1
2018-11-03,4195.62,3,44,11,1,0,0,1
2018-11-05,240125.84,5,45,11,0,0,0,1
2018-11-05,17662.41,5,45,11,0,0,0,1
2018-11-05,1734.96,5,45,11,0,0,0,1
2018-11-05,33323.0,5,45,11,0,0,0,1
2018-11-06,759.82,6,45,11,0,0,0,1
2018-11-06,1573.03,6,45,11,0,0,0,1
2018-11-06,1740.38,6,45,11,0,0,0,1
2018-11-06,494.98,6,45,11,0,0,0,1
2018-11-07,1195.05,7,45,11,0,0,0,1
2018-11-07,2433.02,7,45,11,0,0,0,1
2018-11-07,2218.32,7,45,11,0,0,0,1
2018-11-07,48761.33,7,45,11,0,0,0,1
2018-11-08,1977.36,8,45,11,0,0,0,1
2018-11-08,9984.92,8,45,11,0,0,0,1
2018-11-09,168.09,9,45,11,0,0,0,1
2018-11-09,49971.86,9,45,11,0,0,0,1
2018-11-09,15274.97,9,45,11,0,0,0,1
2018-11-09,2109.46,9,45,11,0,0,0,1
2018-11-09,2425.37,9,45,11,0,0,0,1
2018-11-09,48253.76,9,45,11,0,0,0,1
2018-11-09,824.16,9,45,11,0,0,0,1
2018-11-10,1903.88,10,45,11,1,0,0,1
2018-11-10,591.62,10,45,11,1,0,0,1
2018-11-10,11551.62,10,45,11,1,0,0,1
2018-11-11,31455.05,11,45,11,1,0,0,1
2018-11-11,2884.7,11,45,11,1,0,0,1
2018-11-12,9935.27,12,46,11,0,0,0,1
2018-11-12,1641.06,12,46,11,0,0,0,1
2018-11-12,12050.66,12,46,11,0,0,0,1
2018-11-13,990.72,13,46,11,0,0,0,1
2018-11-13,757.51,13,46,11,0,0,0,1
2018-11-14,5688.3,14,46,11,0,0,0,1
2018-11-15,1225.58,15,46,11,0,0,0,1
2018-11-16,1091.27,16,46,11,0,0,0,1
2018-11-16,2553.47,16,46,11,0,0,0,1
2018-11-17,2745.97,17,46,11,1,0,0,1
2018-11-17,2846.48,17,46,11,1,0,0,1
2018-11-18,4436.37,18,46,11,1,0,0,1
2018-11-18,6635.28,18,46,11,1,0,0,1
2018-11-18,1762.92,18,46,11,1,0,0,1
2018-11-18,1912.89,18,46,11,1,0,0,1
2018-11-19,1759.56,19,47,11,0,0,0,1
2018-11-19,8310.27,19,47,11,0,0,0,1
2018-11-20,1300.93,20,47,11,0,0,0,1
2018-11-21,2618.36,21,47,11,0,0,0,1
2018-11-21,4077.88,21,47,11,0,0,0,1
2018-11-21,4083.45,21,47,11,0,0,0,1
2018-11-21,2064.62,21,47,11,0,0,0,1
2018-11-23,7161.71,23,47,11,0,0,0,1
2018-11-23,1805.69,23,47,11,0,0,0,1
2018-11-23,892.69,23,47,11,0,0,0,1
2018-11-23,1116.89,23,47,11,0,0,0,1
2018-11-24,2410.29,24,47,11,1,0,0,1
2018-11-25,4462.26,25,47,11,1,0,1,1
2018-11-25,47.36,25,47,11,1,0,1,1
2018-11-26,22981.85,26,48,11,0,0,1,1
2018-11-26,12567.95,26,48,11,0,0,1,1
2018-11-26,5865.6,26,48,11,0,0,1,1
2018-11-27,12457.87,27,48,11,0,0,1,1
2018-11-27,4956.19,27,48,11,0,0,1,1
2018-11-27,2553.27,27,48,11,0,0,1,1
2018-11-27,15120.24,27,48,11,0,0,1,1
2018-11-27,15306.44,27,48,11,0,0,1,1
2018-11-28,13864.02,28,48,11,0,0,1,1
2018-11-28,1607.37,28,48,11,0,0,1,1
2018-11-28,14581.69,28,48,11,0,0,1,1
2018-11-28,15117.99,28,48,11,0,0,1,1
2018-11-29,8743.16,29,48,11,0,0,1,1
2018-11-29,4426.42,29,48,11,0,0,1,1
2018-11-29,3537.76,29,48,11,0,0,1,1
2018-11-29,15159.56,29,48,11,0,0,1,1
2018-11-29,8999.93,29,48,11,0,0,1,1
2018-11-29,598.03,29,48,11,0,0,1,1
2018-11-30,375.76,30,48,11,0,1,1,1
2018-11-30,12102.5,30,48,11,0,1,1,1
2018-11-30,4264.93,30,48,11,0,1,1,1
2018-11-30,348.56,30,48,11,0,1,1,1
2018-11-30,763.75,30,48,11,0,1,1,1
2018-11-30,821.65,30,48,11,0,1,1,1
2018-12-01,1325.79,1,48,12,1,0,1,1
2018-12-01,129662.04,1,48,12,1,0,1,1
2018-12-01,44310.63,1,48,12,1,0,1,1
2018-12-01,1065.79,1,48,12,1,0,1,1
2018-12-02,1890.32,2,48,12,1,0,1,1
2018-12-02,39965.41,2,48,12,1,0,1,1
2018-12-02,3441.57,2,48,12,1,0,1,1
2018-12-02,101.55,2,48,12,1,0,1,1
2018-12-03,1201.31,3,49,12,0,0,0,1
2018-12-03,7438.57,3,49,12,0,0,0,1
2018-12-03,2687.02,3,49,12,0,0,0,1
2018-12-04,4040.23,4,49,12,0,0,0,1
2018-12-04,11348.29,4,49,12,0,0,0,1
2018-12-04,49110.75,4,49,12,0,0,0,1
2018-12-04,1440.38,4,49,12,0,0,0,1
2018-12-04,126948.02,4,49,12,0,0,0,1
2018-12-04,71346.11,4,49,12,0,0,0,1
2018-12-04,2852.22,4,49,12,0,0,0,1
2018-12-05,1714.13,5,49,12,0,0,0,1
2018-12-05,25358.65,5,49,12,0,0,0,1
2018-12-06,1519.99,6,49,12,0,0,0,1
2018-12-06,7251.09,6,49,12,0,0,0,1
2018-12-06,3120.1,6,49,12,0,0,0,1
2018-12-06,4152.71,6,49,12,0,0,0,1
2018-12-06,3198.97,6,49,12,0,0,0,1
2018-12-07,4420.27,7,49,12,0,0,0,1
2018-12-08,941.88,8,49,12,1,0,0,1
2018-12-08,2129.38,8,49,12,1,0,0,1
2018-12-08,2624.23,8,49,12,1,0,0,1
2018-12-08,22699.23,8,49,12,1,0,0,1
2018-12-09,3484.45,9,49,12,1,0,0,1
2018-12-10,2495.9,10,50,12,0,0,0,1
2018-12-10,61.44,10,50,12,0,0,0,1
2018-12-10,8438.63,10,50,12,0,0,0,1
2018-12-10,51.04,10,50,12,0,0,0,1
2018-12-10,3207.47,10,50,12,0,0,0,1
2018-12-11,2261.42,11,50,12,0,0,0,1
2018-12-12,3348.6,12,50,12,0,0,0,1
2018-12-12,266.47,12,50,12,0,0,0,1
2018-12-12,14793.24,12,50,12,0,0,0,1
2018-12-13,4723.27,13,50,12,0,0,0,1
2018-12-13,12518.94,13,50,12,0,0,0,1
2018-12-14,10307.54,14,50,12,0,0,0,1
2018-12-14,1373.3,14,50,12,0,0,0,1
2018-12-15,10767.05,15,50,12,1,0,0,1
2018-12-15,10838.32,15,50,12,1,0,0,1
2018-12-15,4800.12,15,50,12,1,0,0,1
2018-12-15,1588.56,15,50,12,1,0,0,1
2018-12-16,2165.76,16,50,12,1,0,0,1
2018-12-16,1519.85,16,50,12,1,0,0,1
2018-12-16,1754.78,16,50,12,1,0,0,1
2018-12-17,4062.76,17,51,12,0,0,0,1
2018-12-17,582.47,17,51,12,0,0,0,1
2018-12-18,8972.56,18,51,12,0,0,0,1
2018-12-18,1276.18,18,51,12,0,0,0,1
2018-12-18,1146.78,18,51,12,0,0,0,1
2018-12-19,2506.56,19,51,12,0,0,0,1
2018-12-19,1130.67,19,51,12,0,0,0,1
2018-12-19,1531.63,19,51,12,0,0,0,1
2018-12-20,2800.93,20,51,12,0,0,0,1
2018-12-20,642.26,20,51,12,0,0,0,1
2018-12-22,10764.6,22,51,12,1,0,0,1
2018-12-22,32766.66,22,51,12,1,0,0,1
2018-12-22,1365.03,22,51,12,1,0,0,1
2018-12-24,1116.29,24,52,12,0,0,0,1
2018-12-24,901.77,24,52,12,0,0,0,1
2018-12-24,2796.16,24,52,12,0,0,0,1
2018-12-25,754.34,25,52,12,0,0,1,1
2018-12-25,1119.63,25,52,12,0,0,1,1
2018-12-25,7415.59,25,52,12,0,0,1,1
2018-12-25,1304.54,25,52,12,0,0,1,1
2018-12-26,2416.1,26,52,12,0,0,1,1
2018-12-26,1135.35,26,52,12,0,0,1,1
2018-12-26,2333.04,26,52,12,0,0,1,1
2018-12-26,1272.52,26,52,12,0,0,1,1
2018-12-26,814.61,26,52,12,0,0,1,1
2018-12-27,2745.88,27,52,12,0,0,1,1
2018-12-27,1433.53,27,52,12,0,0,1,1
2018-12-27,978.62,27,52,12,0,0,1,1
2018-12-27,14001.69,27,52,12,0,0,1,1
2018-12-28,12816.97,28,52,12,0,0,1,1
2018-12-28,1332.74,28,52,12,0,0,1,1
2018-12-28,2688.45,28,52,12,0,0,1,1
2018-12-28,661.9,28,52,12,0,0,1,1
2018-12-28,12577.29,28,52,12,0,0,1,1
2018-12-29,2801.77,29,52,12,1,0,1,1
2018-12-29,15481.31,29,52,12,1,0,1,1
2018-12-29,11580.49,29,52,12,1,0,1,1
2018-12-29,14173.7,29,52,12,1,0,1,1
2018-12-29,1065.24,29,52,12,1,0,1,1
2018-12-29,536.6,29,52,12,1,0,1,1
2018-12-29,432.29,29,52,12,1,0,1,1
2018-12-29,15284.89,29,52,12,1,0,1,1
2018-12-30,8103.17,30,52,12,1,0,1,1
2018-12-30,8066.54,30,52,12,1,0,1,1
2018-12-30,14000.2,30,52,12,1,0,1,1
2018-12-30,10475.49,30,52,12,1,0,1,1
2018-12-30,2104.5,30,52,12,1,0,1,1
2018-12-30,10280.48,30,52,12,1,0,1,1
2018-12-30,15638.33,30,52,12,1,0,1,1
2018-12-31,8074.38,31,1,12,0,1,1,1
2018-12-31,10187.41,31,1,12,0,1,1,1
2018-12-31,118.91,31,1,12,0,1,1,1
2018-12-31,1472.61,31,1,12,0,1,1,1
2019-01-01,1555.03,1,1,1,0,0,1,0
2019-01-02,38587.72,2,1,1,0,0,1,0
2019-01-02,673.11,2,1,1,0,0,1,0
2019-01-02,13059.01,2,1,1,0,0,1,0
2019-01-03,2525.32,3,1,1,0,0,0,0
2019-01-03,3638.14,3,1,1,0,0,0,0
2019-01-03,39760.57,3,1,1,0,0,0,0
2019-01-03,156886.81,3,1,1,0,0,0,0
2019-01-03,33215.63,3,1,1,0,0,0,0
2019-01-04,2954.75,4,1,1,0,0,0,0
2019-01-04,24721.6,4,1,1,0,0,0,0
2019-01-04,141025.68,4,1,1,0,0,0,0
2019-01-05,3157.15,5,1,1,1,0,0,0
2019-01-05,14064.56,5,1,1,1,0,0,0
2019-01-05,140146.77,5,1,1,1,0,0,0
2019-01-05,594.64,5,1,1,1,0,0,0
2019-01-05,90145.28,5,1,1,1,0,0,0
2019-01-06,10666.52,6,1,1,1,0,0,0
2019-01-07,7977.35,7,2,1,0,0,0,0
2019-01-08,441.3,8,2,1,0,0,0,0
2019-01-08,36437.67,8,2,1,0,0,0,0
2019-01-09,4038.61,9,2,1,0,0,0,0
2019-01-09,776.79,9,2,1,0,0,0,0
2019-01-09,2330.14,9,2,1,0,0,0,0
2019-01-10,2053.68,10,2,1,0,0,0,0
2019-01-10,708.53,10,2,1,0,0,0,0
2019-01-10,881.98,10,2,1,0,0,0,0
2019-01-10,3920.72,10,2,1,0,0,0,0
2019-01-11,785.96,11,2,1,0,0,0,0
2019-01-12,2164.07,12,2,1,1,0,0,0
2019-01-12,996.34,12,2,1,1,0,0,0
2019-01-13,13168.32,13,2,1,1,0,0,0
2019-01-13,11553.39,13,2,1,1,0,0,0
2019-01-14,1934.16,14,3,1,0,0,0,0
2019-01-14,4370.68,14,3,1,0,0,0,0
2019-01-15,54.09,15,3,1,0,0,0,0
2019-01-15,1926.21,15,3,1,0,0,0,0
2019-01-16,17304.42,16,3,1,0,0,0,0
2019-01-16,3174.91,16,3,1,0,0,0,0
2019-01-17,2847.48,17,3,1,0,0,0,0
2019-01-18,2045.6,18,3,1,0,0,0,0
2019-01-18,1310.01,18,3,1,0,0,0,0
2019-01-18,2173.72,18,3,1,0,0,0,0
2019-01-18,643.21,18,3,1,0,0,0,0
2019-01-18,1660.47,18,3,1,0,0,0,0
2019-01-18,1491.29,18,3,1,0,0,0,0
2019-01-18,2558.76,18,3,1,0,0,0,0
2019-01-19,1576.01,19,3,1,1,0,0,0
2019-01-19,6584.2,19,3,1,1,0,0,0
2019-01-19,1077.39,19,3,1,1,0,0,0
2019-01-20,2356.73,20,3,1,1,0,0,0
2019-01-20,1706.39,20,3,1,1,0,0,0
2019-01-20,3621.16,20,3,1,1,0,0,0
2019-01-22,221.82,22,4,1,0,0,0,0
2019-01-22,1184.38,22,4,1,0,0,0,0
2019-01-22,947.29,22,4,1,0,0,0,0
2019-01-22,1817.9,22,4,1,0,0,0,0
2019-01-23,2236.2,23,4,1,0,0,0,0
2019-01-24,7065.06,24,4,1,0,0,0,0
2019-01-25,2033.19,25,4,1,0,0,1,0
2019-01-26,830.8,26,4,1,1,0,1,0
2019-01-26,259.25,26,4,1,1,0,1,0
2019-01-26,1940.01,26,4,1,1,0,1,0
2019-01-27,13667.16,27,4,1,1,0,1,0
2019-01-27,14348.96,27,4,1,1,0,1,0
2019-01-27,23759.55,27,4,1,1,0,1,0
2019-01-27,2693.84,27,4,1,1,0,1,0
2019-01-27,9699.8,27,4,1,1,0,1,0
2019-01-27,11780.79,27,4,1,1,0,1,0
2019-01-27,1146.95,27,4,1,1,0,1,0
2019-01-27,555.5,27,4,1,1,0,1,0
2019-01-28,12584.42,28,5,1,0,0,1,0
2019-01-28,3478.24,28,5,1,0,0,1,0
2019-01-29,3533.81,29,5,1,0,0,1,0
2019-01-29,9595.41,29,5,1,0,0,1,0
2019-01-29,19249.14,29,5,1,0,0,1,0
2019-01-29,723.16,29,5,1,0,0,1,0
2019-01-30,582.19,30,5,1,0,0,1,0
2019-01-30,2612.97,30,5,1,0,0,1,0
2019-01-30,2908.9,30,5,1,0,0,1,0
2019-01-30,3242.18,30,5,1,0,0,1,0
2019-01-30,16720.27,30,5,1,0,0,1,0
2019-01-30,3806.77,30,5,1,0,0,1,0
2019-01-30,4860.59,30,5,1,0,0,1,0
2019-01-30,5863.78,30,5,1,0,0,1,0
2019-01-31,5715.89,31,5,1,0,1,1,0
2019-01-31,12050.08,31,5,1,0,1,1,0
2019-01-31,10727.93,31,5,1,0,1,1,0
2019-01-31,13064.57,31,5,1,0,1,1,0
2019-01-31,694.05,31,5,1,0,1,1,0
2019-01-31,3726.21,31,5,1,0,1,1,0
2019-02-01,14174.6,1,5,2,0,0,1,0
2019-02-03,13099.12,3,5,2,1,0,0,0
2019-02-03,188574.21,3,5,2,1,0,0,0
2019-02-03,2199.46,3,5,2,1,0,0,0
2019-02-04,5916.49,4,6,2,0,0,0,0
2019-02-04,47459.69,4,6,2,0,0,0,0
2019-02-05,225266.29,5,6,2,0,0,0,0
2019-02-05,3717.17,5,6,2,0,0,0,0
2019-02-05,9037.3,5,6,2,0,0,0,0
2019-02-07,1636.09,7,6,2,0,0,0,0
2019-02-08,15584.6,8,6,2,0,0,0,0
2019-02-09,9504.05,9,6,2,1,0,0,0
2019-02-11,1214.2,11,7,2,0,0,0,0
2019-02-12,6946.12,12,7,2,0,0,0,0
2019-02-12,6916.79,12,7,2,0,0,0,0
2019-02-12,1831.52,12,7,2,0,0,0,0
2019-02-13,1170.42,13,7,2,0,0,0,0
2019-02-13,973.2,13,7,2,0,0,0,0
2019-02-13,599.61,13,7,2,0,0,0,0
2019-02-14,789.1,14,7,2,0,0,0,0
2019-02-14,1450.22,14,7,2,0,0,0,0
2019-02-15,2035.14,15,7,2,0,0,0,0
2019-02-15,1438.37,15,7,2,0,0,0,0
2019-02-15,1582.98,15,7,2,0,0,0,0
2019-02-15,582.92,15,7,2,0,0,0,0
2019-02-15,2059.61,15,7,2,0,0,0,0
2019-02-16,3989.58,16,7,2,1,0,0,0
2019-02-16,1673.02,16,7,2,1,0,0,0
2019-02-16,236.18,16,7,2,1,0,0,0
2019-02-17,2200.39,17,7,2,1,0,0,0
2019-02-17,14695.23,17,7,2,1,0,0,0
2019-02-19,1626.81,19,8,2,0,0,0,0
2019-02-19,12332.43,19,8,2,0,0,0,0
2019-02-19,24196.98,19,8,2,0,0,0,0
2019-02-19,878.19,19,8,2,0,0,0,0
2019-02-19,10731.0,19,8,2,0,0,0,0
2019-02-20,1086.41,20,8,2,0,0,0,0
2019-02-20,1784.26,20,8,2,0,0,0,0
2019-02-20,2544.79,20,8,2,0,0,0,0
2019-02-20,1513.75,20,8,2,0,0,0,0
2019-02-20,2869.38,20,8,2,0,0,0,0
2019-02-21,380.37,21,8,2,0,0,0,0
2019-02-21,9239.52,21,8,2,0,0,0,0
2019-02-22,1303.46,22,8,2,0,0,0,0
2019-02-22,1311.85,22,8,2,0,0,0,0
2019-02-22,959.53,22,8,2,0,0,0,0
2019-02-23,6201.61,23,8,2,1,0,0,0
2019-02-23,401.67,23,8,2,1,0,0,0
2019-02-24,7677.62,24,8,2,1,0,0,0
2019-02-24,3890.06,24,8,2,1,0,0,0
2019-02-24,576.28,24,8,2,1,0,0,0
2019-02-24,10905.22,24,8,2,1,0,0,0
2019-02-25,4627.88,25,9,2,0,0,1,0
2019-02-25,10943.49,25,9,2,0,0,1,0
2019-02-25,1722.3,25,9,2,0,0,1,0
2019-02-25,1060.58,25,9,2,0,0,1,0
2019-02-26,756.77,26,9,2,0,0,1,0
2019-02-26,5434.32,26,9,2,0,0,1,0
2019-02-26,1427.22,26,9,2,0,0,1,0
2019-02-26,4237.23,26,9,2,0,0,1,0
2019-02-26,19660.23,26,9,2,0,0,1,0
2019-02-26,2938.9,26,9,2,0,0,1,0
2019-02-26,1042.39,26,9,2,0,0,1,0
2019-02-26,2381.98,26,9,2,0,0,1,0
2019-02-26,3789.23,26,9,2,0,0,1,0
2019-02-26,6774.11,26,9,2,0,0,1,0
2019-02-26,2596.12,26,9,2,0,0,1,0
2019-02-26,10669.99,26,9,2,0,0,1,0
2019-02-27,8072.74,27,9,2,0,0,1,0
2019-02-27,513.51,27,9,2,0,0,1,0
2019-02-27,3977.81,27,9,2,0,0,1,0
2019-02-27,344.57,27,9,2,0,0,1,0
2019-02-27,4239.68,27,9,2,0,0,1,0
2019-02-28,13347.43,28,9,2,0,1,1,0
2019-02-28,3072.72,28,9,2,0,1,1,0
2019-02-28,4492.21,28,9,2,0,1,1,0
2019-02-28,1775.05,28,9,2,0,1,1,0
2019-02-28,13076.9,28,9,2,0,1,1,0
2019-03-01,3028.31,1,9,3,0,0,1,0
2019-03-01,494.09,1,9,3,0,0,1,0
2019-03-02,1969.25,2,9,3,1,0,1,0
2019-03-02,2681.54,2,9,3,1,0,1,0
2019-03-02,24955.79,2,9,3,1,0,1,0
2019-03-02,1200.52,2,9,3,1,0,1,0
2019-03-02,2886.76,2,9,3,1,0,1,0
2019-03-02,2758.41,2,9,3,1,0,1,0
2019-03-02,8729.14,2,9,3,1,0,1,0
2019-03-03,141643.43,3,9,3,1,0,0,0
2019-03-04,5409.32,4,10,3,0,0,0,0
2019-03-04,2274.89,4,10,3,0,0,0,0
2019-03-04,7866.53,4,10,3,0,0,0,0
2019-03-05,353.84,5,10,3,0,0,0,0
2019-03-05,35059.0,5,10,3,0,0,0,0
2019-03-05,2902.26,5,10,3,0,0,0,0
2019-03-05,38976.83,5,10,3,0,0,0,0
2019-03-05,42290.22,5,10,3,0,0,0,0
2019-03-06,531.88,6,10,3,0,0,0,0
2019-03-06,8574.74,6,10,3,0,0,0,0
2019-03-06,487.2,6,10,3,0,0,0,0
2019-03-06,171.55,6,10,3,0,0,0,0
2019-03-06,2601.03,6,10,3,0,0,0,0
2019-03-06,10834.39,6,10,3,0,0,0,0
2019-03-06,6311.99,6,10,3,0,0,0,0
2019-03-07,5356.13,7,10,3,0,0,0,0
2019-03-07,199.83,7,10,3,0,0,0,0
2019-03-07,4467.79,7,10,3,0,0,0,0
2019-03-07,23140.74,7,10,3,0,0,0,0
2019-03-08,2876.47,8,10,3,0,0,0,0
2019-03-08,2347.41,8,10,3,0,0,0,0
2019-03-08,313.48,8,10,3,0,0,0,0
2019-03-09,1086.99,9,10,3,1,0,0,0
2019-03-09,2119.65,9,10,3,1,0,0,0
2019-03-09,10705.93,9,10,3,1,0,0,0
2019-03-09,2185.97,9,10,3,1,0,0,0
2019-03-09,8026.41,9,10,3,1,0,0,0
2019-03-10,15215.25,10,10,3,1,0,0,0
2019-03-10,925.93,10,10,3,1,0,0,0
2019-03-10,1891.5,10,10,3,1,0,0,0
2019-03-10,2142.13,10,10,3,1,0,0,0
2019-03-10,4193.81,10,10,3,1,0,0,0
2019-03-10,12354.61,10,10,3,1,0,0,0
2019-03-10,1079.95,10,10,3,1,0,0,0
2019-03-10,9189.88,10,10,3,1,0,0,0
2019-03-12,2979.29,12,11,3,0,0,0,0
2019-03-12,3092.94,12,11,3,0,0,0,0
2019-03-12,12378.24,12,11,3,0,0,0,0
2019-03-13,302.67,13,11,3,0,0,0,0
2019-03-13,3216.23,13,11,3,0,0,0,0
2019-03-13,2011.45,13,11,3,0,0,0,0
2019-03-13,2705.36,13,11,3,0,0,0,0
2019-03-13,1092.59,13,11,3,0,0,0,0
2019-03-14,484.46,14,11,3,0,0,0,0
2019-03-14,13136.18,14,11,3,0,0,0,0
2019-03-14,1249.72,14,11,3,0,0,0,0
2019-03-14,1350.77,14,11,3,0,0,0,0
2019-03-14,2529.59,14,11,3,0,0,0,0
2019-03-14,1223.96,14,11,3,0,0,0,0
2019-03-14,576.49,14,11,3,0,0,0,0
2019-03-14,35971.61,14,11,3,0,0,0,0
2019-03-15,1436.71,15,11,3,0,0,0,0
2019-03-15,2085.97,15,11,3,0,0,0,0
2019-03-15,12521.77,15,11,3,0,0,0,0
2019-03-16,1380.08,16,11,3,1,0,0,0
2019-03-16,3874.71,16,11,3,1,0,0,0
2019-03-17,802.21,17,11,3,1,0,0,0
2019-03-17,976.43,17,11,3,1,0,0,0
2019-03-17,913.98,17,11,3,1,0,0,0
2019-03-18,504.04,18,12,3,0,0,0,0
2019-03-18,610.99,18,12,3,0,0,0,0
2019-03-19,6462.26,19,12,3,0,0,0,0
2019-03-19,2431.62,19,12,3,0,0,0,0
2019-03-19,1990.41,19,12,3,0,0,0,0
2019-03-19,1055.21,19,12,3,0,0,0,0
2019-03-19,33050.87,19,12,3,0,0,0,0
2019-03-20,4377.33,20,12,3,0,0,0,0
2019-03-20,1672.01,20,12,3,0,0,0,0
2019-03-20,4169.38,20,12,3,0,0,0,0
2019-03-21,1182.18,21,12,3,0,0,0,0
2019-03-21,2825.3,21,12,3,0,0,0,0
2019-03-22,14631.57,22,12,3,0,0,0,0
2019-03-23,3432.01,23,12,3,1,0,0,0
2019-03-23,12786.58,23,12,3,1,0,0,0
2019-03-23,408.84,23,12,3,1,0,0,0
2019-03-24,3835.13,24,12,3,1,0,0,0
2019-03-24,655.69,24,12,3,1,0,0,0
2019-03-25,1313.67,25,13,3,0,0,1,0
2019-03-25,1127.12,25,13,3,0,0,1,0
2019-03-25,641.16,25,13,3,0,0,1,0
2019-03-26,4358.67,26,13,3,0,0,1,0
2019-03-26,8267.24,26,13,3,0,0,1,0
2019-03-28,7596.47,28,13,3,0,0,1,0
2019-03-28,6597.06,28,13,3,0,0,1,0
2019-03-28,342.87,28,13,3,0,0,1,0
2019-03-28,12905.02,28,13,3,0,0,1,0
2019-03-29,1170.69,29,13,3,0,0,1,0
2019-03-29,8642.19,29,13,3,0,0,1,0
2019-03-29,2850.43,29,13,3,0,0,1,0
2019-03-29,12692.45,29,13,3,0,0,1,0
2019-03-29,100.46,29,13,3,0,0,1,0
2019-03-29,1995.46,29,13,3,0,0,1,0
2019-03-30,497.26,30,13,3,1,0,1,0
2019-03-30,10523.24,30,13,3,1,0,1,0
2019-03-30,1498.14,30,13,3,1,0,1,0
2019-03-30,293.29,30,13,3,1,0,1,0
2019-03-30,5469.5,30,13,3,1,0,1,0
2019-03-31,1394.8,31,13,3,1,1,1,0
2019-03-31,4368.21,31,13,3,1,1,1,0
2019-03-31,14817.74,31,13,3,1,1,1,0
2019-03-31,48355.87,31,13,3,1,1,1,0
2019-03-31,13581.4,31,13,3,1,1,1,0
2019-03-31,3095.39,31,13,3,1,1,1,0
2019-04-01,147.21,1,14,4,0,0,1,0
2019-04-01,623.54,1,14,4,0,0,1,0
2019-04-01,1579.08,1,14,4,0,0,1,0
2019-04-01,20762.03,1,14,4,0,0,1,0
2019-04-01,46386.55,1,14,4,0,0,1,0
2019-04-01,9653.96,1,14,4,0,0,1,0
2019-04-01,33562.04,1,14,4,0,0,1,0
2019-04-02,11900.19,2,14,4,0,0,1,0
2019-04-02,1055.6,2,14,4,0,0,1,0
2019-04-02,1169.21,2,14,4,0,0,1,0
2019-04-03,2946.86,3,14,4,0,0,0,0
2019-04-03,222120.88,3,14,4,0,0,0,0
2019-04-03,3235.69,3,14,4,0,0,0,0
2019-04-03,38529.53,3,14,4,0,0,0,0
2019-04-04,4405.09,4,14,4,0,0,0,0
2019-04-05,13353.71,5,14,4,0,0,0,0
2019-04-05,1250.0,5,14,4,0,0,0,0
2019-04-06,977.17,6,14,4,1,0,0,0
2019-04-06,7331.45,6,14,4,1,0,0,0
2019-04-06,3867.32,6,14,4,1,0,0,0
2019-04-06,1616.88,6,14,4,1,0,0,0
2019-04-07,1090.52,7,14,4,1,0,0,0
2019-04-08,4793.42,8,15,4,0,0,0,0
2019-04-08,4966.93,8,15,4,0,0,0,0
2019-04-08,3205.33,8,15,4,0,0,0,0
2019-04-09,346.29,9,15,4,0,0,0,0
2019-04-10,2679.74,10,15,4,0,0,0,0
2019-04-10,3720.1,10,15,4,0,0,0,0
2019-04-10,18129.88,10,15,4,0,0,0,0
2019-04-10,15625.29,10,15,4,0,0,0,0
2019-04-10,1306.21,10,15,4,0,0,0,0
2019-04-10,4182.5,10,15,4,0,0,0,0
2019-04-10,1405.31,10,15,4,0,0,0,0
2019-04-10,1460.12,10,15,4,0,0,0,0
2019-04-11,4575.22,11,15,4,0,0,0,0
2019-04-12,609.34,12,15,4,0,0,0,0
2019-04-12,1889.59,12,15,4,0,0,0,0
2019-04-13,343.86,13,15,4,1,0,0,0
2019-04-13,1634.85,13,15,4,1,0,0,0
2019-04-13,1926.67,13,15,4,1,0,0,0
2019-04-13,2641.52,13,15,4,1,0,0,0
2019-04-13,11156.98,13,15,4,1,0,0,0
2019-04-14,1244.61,14,15,4,1,0,0,0
2019-04-15,12443.16,15,16,4,0,0,0,0
2019-04-15,3280.29,15,16,4,0,0,0,0
2019-04-15,843.19,15,16,4,0,0,0,0
2019-04-16,5346.54,16,16,4,0,0,0,0
2019-04-16,2720.86,16,16,4,0,0,0,0
2019-04-17,13266.13,17,16,4,0,0,0,0
2019-04-18,3953.65,18,16,4,0,0,0,0
2019-04-18,2445.53,18,16,4,0,0,0,0
2019-04-19,36880.21,19,16,4,0,0,0,0
2019-04-19,468.93,19,16,4,0,0,0,0
2019-04-19,494.55,19,16,4,0,0,0,0
2019-04-20,1211.16,20,16,4,1,0,0,0
2019-04-21,620.56,21,16,4,1,0,0,0
2019-04-21,4507.47,21,16,4,1,0,0,0
2019-04-21,16777.16,21,16,4,1,0,0,0
2019-04-21,501.16,21,16,4,1,0,0,0
2019-04-21,4244.2,21,16,4,1,0,0,0
2019-04-22,4586.01,22,17,4,0,0,0,0
2019-04-22,986.62,22,17,4,0,0,0,0
2019-04-22,821.92,22,17,4,0,0,0,0
2019-04-24,1125.4,24,17,4,0,0,0,0
2019-04-24,1377.28,24,17,4,0,0,0,0
2019-04-25,1052.02,25,17,4,0,0,1,0
2019-04-25,10338.25,25,17,4,0,0,1,0
2019-04-26,16646.81,26,17,4,0,0,1,0
2019-04-26,4122.24,26,17,4,0,0,1,0
2019-04-26,5801.17,26,17,4,0,0,1,0
2019-04-26,519.38,26,17,4,0,0,1,0
2019-04-26,1783.18,26,17,4,0,0,1,0
2019-04-26,3473.05,26,17,4,0,0,1,0
2019-04-27,23396.43,27,17,4,1,0,1,0
2019-04-27,4009.1,27,17,4,1,0,1,0
2019-04-27,2113.38,27,17,4,1,0,1,0
2019-04-27,8779.03,27,17,4,1,0,1,0
2019-04-27,15112.66,27,17,4,1,0,1,0
2019-04-28,6106.02,28,17,4,1,0,1,0
2019-04-28,271.89,28,17,4,1,0,1,0
2019-04-28,863.68,28,17,4,1,0,1,0
2019-04-28,16697.87,28,17,4,1,0,1,0
2019-04-29,695.68,29,18,4,0,0,1,0
2019-04-29,13761.12,29,18,4,0,0,1,0
2019-04-29,1617.49,29,18,4,0,0,1,0
2019-04-30,14957.84,30,18,4,0,1,1,0
2019-04-30,695.69,30,18,4,0,1,1,0
2019-04-30,10001.17,30,18,4,0,1,1,0
2019-04-30,819.03,30,18,4,0,1,1,0
2019-04-30,9460.08,30,18,4,0,1,1,0
2019-04-30,759.45,30,18,4,0,1,1,0
2019-05-01,810.07,1,18,5,0,0,1,0
2019-05-02,8128.38,2,18,5,0,0,1,0
2019-05-02,3012.84,2,18,5,0,0,1,0
2019-05-02,2088.43,2,18,5,0,0,1,0
2019-05-02,2485.4,2,18,5,0,0,1,0
2019-05-02,1679.4,2,18,5,0,0,1,0
2019-05-03,740.27,3,18,5,0,0,0,0
2019-05-03,11960.91,3,18,5,0,0,0,0
2019-05-03,12420.5,3,18,5,0,0,0,0
2019-05-03,7553.53,3,18,5,0,0,0,0
2019-05-03,9259.35,3,18,5,0,0,0,0
2019-05-03,3226.64,3,18,5,0,0,0,0
2019-05-04,526.53,4,18,5,1,0,0,0
2019-05-04,2808.16,4,18,5,1,0,0,0
2019-05-04,202071.67,4,18,5,1,0,0,0
2019-05-06,432.85,6,19,5,0,0,0,0
2019-05-06,7370.08,6,19,5,0,0,0,0
2019-05-06,228.86,6,19,5,0,0,0,0
2019-05-07,783.87,7,19,5,0,0,0,0
2019-05-08,59.25,8,19,5,0,0,0,0
2019-05-09,767.41,9,19,5,0,0,0,0
2019-05-09,7761.25,9,19,5,0,0,0,0
2019-05-09,14295.35,9,19,5,0,0,0,0
2019-05-09,1075.22,9,19,5,0,0,0,0
2019-05-10,5799.83,10,19,5,0,0,0,0
2019-05-11,1208.68,11,19,5,1,0,0,0
2019-05-11,7601.07,11,19,5,1,0,0,0
2019-05-12,87.38,12,19,5,1,0,0,0
2019-05-14,1052.93,14,20,5,0,0,0,0
2019-05-15,3402.93,15,20,5,0,0,0,0
2019-05-16,7257.3,16,20,5,0,0,0,0
2019-05-17,5159.51,17,20,5,0,0,0,0
2019-05-17,2282.35,17,20,5,0,0,0,0
2019-05-17,3551.91,17,20,5,0,0,0,0
2019-05-18,3137.26,18,20,5,1,0,0,0
2019-05-18,1173.71,18,20,5,1,0,0,0
2019-05-18,282.94,18,20,5,1,0,0,0
2019-05-18,448.67,18,20,5,1,0,0,0
2019-05-18,10254.73,18,20,5,1,0,0,0
2019-05-18,716.32,18,20,5,1,0,0,0
2019-05-19,1562.11,19,20,5,1,0,0,0
2019-05-19,2368.46,19,20,5,1,0,0,0
2019-05-19,5942.28,19,20,5,1,0,0,0
2019-05-21,2159.35,21,21,5,0,0,0,0
2019-05-21,3738.47,21,21,5,0,0,0,0
2019-05-22,9463.67,22,21,5,0,0,0,0
2019-05-22,221.98,22,21,5,0,0,0,0
2019-05-22,209.98,22,21,5,0,0,0,0
2019-05-22,932.1,22,21,5,0,0,0,0
2019-05-22,1390.15,22,21,5,0,0,0,0
2019-05-23,1540.75,23,21,5,0,0,0,0
2019-05-23,256.59,23,21,5,0,0,0,0
2019-05-24,14059.86,24,21,5,0,0,0,0
2019-05-24,13346.68,24,21,5,0,0,0,0
2019-05-24,229.41,24,21,5,0,0,0,0
2019-05-24,13048.7,24,21,5,0,0,0,0
2019-05-25,1761.6,25,21,5,1,0,1,0
2019-05-25,460.2,25,21,5,1,0,1,0
2019-05-25,1850.04,25,21,5,1,0,1,0
2019-05-26,730.57,26,21,5,1,0,1,0
2019-05-26,989.53,26,21,5,1,0,1,0
2019-05-26,723.7,26,21,5,1,0,1,0
2019-05-26,411.29,26,21,5,1,0,1,0
2019-05-27,1271.03,27,22,5,0,0,1,0
2019-05-27,2913.23,27,22,5,0,0,1,0
2019-05-27,3084.35,27,22,5,0,0,1,0
2019-05-27,8875.33,27,22,5,0,0,1,0
2019-05-27,537.54,27,22,5,0,0,1,0
2019-05-27,8840.22,27,22,5,0,0,1,0
2019-05-27,6649.89,27,22,5,0,0,1,0
2019-05-29,7924.85,29,22,5,0,0,1,0
2019-05-29,47324.79,29,22,5,0,0,1,0
2019-05-29,8239.85,29,22,5,0,0,1,0
2019-05-29,5232.84,29,22,5,0,0,1,0
2019-05-29,2738.23,29,22,5,0,0,1,0
2019-05-29,6698.01,29,22,5,0,0,1,0
2019-05-30,42127.05,30,22,5,0,0,1,0
2019-05-30,2053.45,30,22,5,0,0,1,0
2019-05-30,473.69,30,22,5,0,0,1,0
2019-05-30,28453.93,30,22,5,0,0,1,0
2019-05-31,672.35,31,22,5,0,1,1,0
2019-05-31,1459.3,31,22,5,0,1,1,0
2019-05-31,693.1,31,22,5,0,1,1,0
2019-06-01,3494.22,1,22,6,1,0,1,0
2019-06-01,14390.4,1,22,6,1,0,1,0
2019-06-01,11156.76,1,22,6,1,0,1,0
2019-06-02,2689.73,2,22,6,1,0,1,0
2019-06-02,15056.34,2,22,6,1,0,1,0
2019-06-03,19026.4,3,23,6,0,0,0,0
2019-06-03,41214.75,3,23,6,0,0,0,0
2019-06-04,222.01,4,23,6,0,0,0,0
2019-06-04,6005.62,4,23,6,0,0,0,0
2019-06-04,203265.19,4,23,6,0,0,0,0
2019-06-05,1601.14,5,23,6,0,0,0,0
2019-06-05,182.11,5,23,6,0,0,0,0
2019-06-05,43618.74,5,23,6,0,0,0,0
2019-06-05,1820.14,5,23,6,0,0,0,0
2019-06-05,15994.19,5,23,6,0,0,0,0
2019-06-05,12854.02,5,23,6,0,0,0,0
2019-06-06,11140.2,6,23,6,0,0,0,0
2019-06-06,1512.33,6,23,6,0,0,0,0
2019-06-07,1266.75,7,23,6,0,0,0,0
2019-06-08,2734.38,8,23,6,1,0,0,0
2019-06-08,10804.95,8,23,6,1,0,0,0
2019-06-09,308.61,9,23,6,1,0,0,0
2019-06-10,1390.2,10,24,6,0,0,0,0
2019-06-10,2791.0,10,24,6,0,0,0,0
2019-06-10,802.41,10,24,6,0,0,0,0
2019-06-11,1248.71,11,24,6,0,0,0,0
2019-06-11,2779.19,11,24,6,0,0,0,0
2019-06-11,386.1,11,24,6,0,0,0,0
2019-06-11,2390.94,11,24,6,0,0,0,0
2019-06-13,3880.94,13,24,6,0,0,0,0
2019-06-14,592.68,14,24,6,0,0,0,0
2019-06-14,3832.49,14,24,6,0,0,0,0
2019-06-14,182.08,14,24,6,0,0,0,0
2019-06-14,664.95,14,24,6,0,0,0,0
2019-06-14,4257.56,14,24,6,0,0,0,0
2019-06-14,2415.4,14,24,6,0,0,0,0
2019-06-14,589.38,14,24,6,0,0,0,0
2019-06-15,43113.79,15,24,6,1,0,0,0
2019-06-15,1346.65,15,24,6,1,0,0,0
2019-06-16,160.69,16,24,6,1,0,0,0
2019-06-16,2514.56,16,24,6,1,0,0,0
2019-06-17,12007.56,17,25,6,0,0,0,0
2019-06-17,178.98,17,25,6,0,0,0,0
2019-06-17,559.92,17,25,6,0,0,0,0
2019-06-18,3387.94,18,25,6,0,0,0,0
2019-06-18,2236.68,18,25,6,0,0,0,0
2019-06-18,2237.12,18,25,6,0,0,0,0
2019-06-18,9302.86,18,25,6,0,0,0,0
2019-06-18,449.72,18,25,6,0,0,0,0
2019-06-18,2036.2,18,25,6,0,0,0,0
2019-06-20,658.75,20,25,6,0,0,0,0
2019-06-20,795.85,20,25,6,0,0,0,0
2019-06-20,14136.3,20,25,6,0,0,0,0
2019-06-20,5709.74,20,25,6,0,0,0,0
2019-06-20,10694.3,20,25,6,0,0,0,0
2019-06-21,1013.9,21,25,6,0,0,0,0
2019-06-21,4125.58,21,25,6,0,0,0,0
2019-06-21,1499.38,21,25,6,0,0,0,0
2019-06-22,416.98,22,25,6,1,0,0,0
2019-06-22,5205.42,22,25,6,1,0,0,0
2019-06-23,4034.22,23,25,6,1,0,0,0
2019-06-24,2391.09,24,26,6,0,0,0,0
2019-06-24,21095.82,24,26,6,0,0,0,0
2019-06-24,1986.9,24,26,6,0,0,0,0
2019-06-25,6944.06,25,26,6,0,0,1,0
2019-06-25,3547.15,25,26,6,0,0,1,0
2019-06-25,4648.67,25,26,6,0,0,1,0
2019-06-25,520.82,25,26,6,0,0,1,0
2019-06-25,13725.55,25,26,6,0,0,1,0
2019-06-25,3393.35,25,26,6,0,0,1,0
2019-06-26,5195.11,26,26,6,0,0,1,0
2019-06-26,2542.68,26,26,6,0,0,1,0
2019-06-27,15583.76,27,26,6,0,0,1,0
2019-06-27,11004.98,27,26,6,0,0,1,0
2019-06-27,335.19,27,26,6,0,0,1,0
2019-06-28,712.97,28,26,6,0,0,1,0
2019-06-28,15201.0,28,26,6,0,0,1,0
2019-06-28,2117.89,28,26,6,0,0,1,0
2019-06-28,14074.55,28,26,6,0,0,1,0
2019-06-28,1595.59,28,26,6,0,0,1,0
2019-06-28,12193.0,28,26,6,0,0,1,0
2019-06-28,15355.26,28,26,6,0,0,1,0
2019-06-28,1466.75,28,26,6,0,0,1,0
2019-06-29,3078.99,29,26,6,1,0,1,0
2019-06-29,2357.39,29,26,6,1,0,1,0
2019-06-29,2166.53,29,26,6,1,0,1,0
2019-06-29,10980.18,29,26,6,1,0,1,0
2019-06-29,8818.81,29,26,6,1,0,1,0
2019-06-29,9030.83,29,26,6,1,0,1,0
2019-06-29,1649.55,29,26,6,1,0,1,0
2019-06-30,23931.79,30,26,6,1,1,1,0
2019-06-30,342.56,30,26,6,1,1,1,0
2019-06-30,8019.34,30,26,6,1,1,1,0
2019-06-30,600.61,30,26,6,1,1,1,0
2019-06-30,4668.07,30,26,6,1,1,1,0
2019-07-01,12454.08,1,27,7,0,0,1,0
2019-07-01,9910.33,1,27,7,0,0,1,0
2019-07-01,2498.21,1,27,7,0,0,1,0
2019-07-01,4388.86,1,27,7,0,0,1,0
2019-07-01,14370.91,1,27,7,0,0,1,0
2019-07-01,1978.79,1,27,7,0,0,1,0
2019-07-02,157900.42,2,27,7,0,0,1,0
2019-07-02,162222.58,2,27,7,0,0,1,0
2019-07-02,424.42,2,27,7,0,0,1,0
2019-07-02,44075.58,2,27,7,0,0,1,0
2019-07-03,562.41,3,27,7,0,0,0,0
2019-07-03,273.38,3,27,7,0,0,0,0
2019-07-03,40743.21,3,27,7,0,0,0,0
2019-07-03,789.86,3,27,7,0,0,0,0
2019-07-04,1263.43,4,27,7,0,0,0,0
2019-07-04,4351.6,4,27,7,0,0,0,0
2019-07-04,1562.43,4,27,7,0,0,0,0
2019-07-04,2328.98,4,27,7,0,0,0,0
2019-07-04,25630.58,4,27,7,0,0,0,0
2019-07-04,11286.59,4,27,7,0,0,0,0
2019-07-05,1058.43,5,27,7,0,0,0,0
2019-07-05,3977.47,5,27,7,0,0,0,0
2019-07-06,4912.47,6,27,7,1,0,0,0
2019-07-06,575.91,6,27,7,1,0,0,0
2019-07-07,1655.37,7,27,7,1,0,0,0
2019-07-07,2194.38,7,27,7,1,0,0,0
2019-07-07,767.67,7,27,7,1,0,0,0
2019-07-08,1918.47,8,28,7,0,0,0,0
2019-07-08,3726.33,8,28,7,0,0,0,0
2019-07-08,9135.81,8,28,7,0,0,0,0
2019-07-08,1272.91,8,28,7,0,0,0,0
2019-07-12,1145.83,12,28,7,0,0,0,0
2019-07-12,1114.26,12,28,7,0,0,0,0
2019-07-12,1064.81,12,28,7,0,0,0,0
2019-07-12,2422.22,12,28,7,0,0,0,0
2019-07-13,1504.67,13,28,7,1,0,0,0
2019-07-13,3983.17,13,28,7,1,0,0,0
2019-07-13,23107.54,13,28,7,1,0,0,0
2019-07-13,482.69,13,28,7,1,0,0,0
2019-07-14,4392.13,14,28,7,1,0,0,0
2019-07-14,497.17,14,28,7,1,0,0,0
2019-07-15,1602.39,15,29,7,0,0,0,0
2019-07-15,2217.77,15,29,7,0,0,0,0
2019-07-16,614.71,16,29,7,0,0,0,0
2019-07-16,652.05,16,29,7,0,0,0,0
2019-07-16,4141.3,16,29,7,0,0,0,0
2019-07-17,3361.68,17,29,7,0,0,0,0
2019-07-17,4130.22,17,29,7,0,0,0,0
2019-07-19,3544.86,19,29,7,0,0,0,0
2019-07-19,147.15,19,29,7,0,0,0,0
2019-07-19,2278.39,19,29,7,0,0,0,0
2019-07-19,1241.57,19,29,7,0,0,0,0
2019-07-20,1797.53,20,29,7,1,0,0,0
2019-07-21,23781.9,21,29,7,1,0,0,0
2019-07-21,2158.26,21,29,7,1,0,0,0
2019-07-22,14446.77,22,30,7,0,0,0,0
2019-07-22,1623.1,22,30,7,0,0,0,0
2019-07-22,6022.92,22,30,7,0,0,0,0
2019-07-22,3258.17,22,30,7,0,0,0,0
2019-07-23,554.04,23,30,7,0,0,0,0
2019-07-23,717.2,23,30,7,0,0,0,0
2019-07-24,585.93,24,30,7,0,0,0,0
2019-07-24,2866.17,24,30,7,0,0,0,0
2019-07-24,1286.02,24,30,7,0,0,0,0
2019-07-25,1431.43,25,30,7,0,0,1,0
2019-07-26,34057.66,26,30,7,0,0,1,0
2019-07-27,6348.7,27,30,7,1,0,1,0
2019-07-27,8154.99,27,30,7,1,0,1,0
2019-07-27,149.4,27,30,7,1,0,1,0
2019-07-27,2228.75,27,30,7,1,0,1,0
2019-07-27,13208.53,27,30,7,1,0,1,0
2019-07-28,1569.78,28,30,7,1,0,1,0
2019-07-28,12565.06,28,30,7,1,0,1,0
2019-07-28,9827.96,28,30,7,1,0,1,0
2019-07-28,1174.95,28,30,7,1,0,1,0
2019-07-28,9897.24,28,30,7,1,0,1,0
2019-07-28,485.2,28,30,7,1,0,1,0
2019-07-29,4021.24,29,31,7,0,0,1,0
2019-07-29,8056.26,29,31,7,0,0,1,0
2019-07-29,13526.6,29,31,7,0,0,1,0
2019-07-29,105.98,29,31,7,0,0,1,0
2019-07-29,11534.85,29,31,7,0,0,1,0
2019-07-29,2850.97,29,31,7,0,0,1,0
2019-07-29,4987.32,29,31,7,0,0,1,0
2019-07-29,1666.24,29,31,7,0,0,1,0
2019-07-29,282.86,29,31,7,0,0,1,0
2019-07-30,728.68,30,31,7,0,0,1,0
2019-07-30,9491.32,30,31,7,0,0,1,0
2019-07-30,4101.56,30,31,7,0,0,1,0
2019-07-30,1483.46,30,31,7,0,0,1,0
2019-07-30,9888.71,30,31,7,0,0,1,0
2019-07-31,12276.7,31,31,7,0,1,1,0
2019-07-31,336.9,31,31,7,0,1,1,0
2019-07-31,9658.02,31,31,7,0,1,1,0
2019-07-31,1187.11,31,31,7,0,1,1,0
2019-08-01,1508.52,1,31,8,0,0,1,0
2019-08-01,857.93,1,31,8,0,0,1,0
2019-08-02,23795.53,2,31,8,0,0,1,0
2019-08-02,4288.99,2,31,8,0,0,1,0
2019-08-02,37355.14,2,31,8,0,0,1,0
2019-08-02,16956.31,2,31,8,0,0,1,0
2019-08-03,1100.25,3,31,8,1,0,0,0
2019-08-03,20924.58,3,31,8,1,0,0,0
2019-08-03,861.33,3,31,8,1,0,0,0
2019-08-03,8911.25,3,31,8,1,0,0,0
2019-08-04,23471.04,4,31,8,1,0,0,0
2019-08-04,12216.36,4,31,8,1,0,0,0
2019-08-04,46667.27,4,31,8,1,0,0,0
2019-08-04,697.45,4,31,8,1,0,0,0
2019-08-04,19197.62,4,31,8,1,0,0,0
2019-08-04,44820.94,4,31,8,1,0,0,0
2019-08-04,27451.88,4,31,8,1,0,0,0
2019-08-05,641.99,5,32,8,0,0,0,0
2019-08-05,1624.86,5,32,8,0,0,0,0
2019-08-05,121657.37,5,32,8,0,0,0,0
2019-08-05,2472.79,5,32,8,0,0,0,0
2019-08-05,12833.44,5,32,8,0,0,0,0
2019-08-05,3230.85,5,32,8,0,0,0,0
2019-08-06,971.52,6,32,8,0,0,0,0
2019-08-06,5786.61,6,32,8,0,0,0,0
2019-08-07,3058.15,7,32,8,0,0,0,0
2019-08-07,2389.7,7,32,8,0,0,0,0
2019-08-08,2529.59,8,32,8,0,0,0,0
2019-08-09,2436.34,9,32,8,0,0,0,0
2019-08-09,2981.74,9,32,8,0,0,0,0
2019-08-09,2342.35,9,32,8,0,0,0,0
2019-08-09,744.57,9,32,8,0,0,0,0
2019-08-09,2494.88,9,32,8,0,0,0,0
2019-08-09,9802.04,9,32,8,0,0,0,0
2019-08-09,3413.44,9,32,8,0,0,0,0
2019-08-10,616.55,10,32,8,1,0,0,0
2019-08-10,6890.87,10,32,8,1,0,0,0
2019-08-10,1199.34,10,32,8,1,0,0,0
2019-08-10,1067.46,10,32,8,1,0,0,0
2019-08-11,4273.43,11,32,8,1,0,0,0
2019-08-11,2353.2,11,32,8,1,0,0,0
2019-08-11,2624.29,11,32,8,1,0,0,0
2019-08-11,8307.01,11,32,8,1,0,0,0
2019-08-11,1473.95,11,32,8,1,0,0,0
2019-08-11,114.38,11,32,8,1,0,0,0
2019-08-11,2194.14,11,32,8,1,0,0,0
2019-08-12,1522.33,12,33,8,0,0,0,0
2019-08-13,2935.19,13,33,8,0,0,0,0
2019-08-13,1744.8,13,33,8,0,0,0,0
2019-08-13,579.34,13,33,8,0,0,0,0
2019-08-13,2476.29,13,33,8,0,0,0,0
2019-08-14,2493.15,14,33,8,0,0,0,0
2019-08-14,699.29,14,33,8,0,0,0,0
2019-08-14,686.68,14,33,8,0,0,0,0
2019-08-15,2601.23,15,33,8,0,0,0,0
2019-08-15,2182.54,15,33,8,0,0,0,0
2019-08-15,13060.66,15,33,8,0,0,0,0
2019-08-15,560.44,15,33,8,0,0,0,0
2019-08-16,2290.9,16,33,8,0,0,0,0
2019-08-17,6025.83,17,33,8,1,0,0,0
2019-08-17,298.67,17,33,8,1,0,0,0
2019-08-17,838.09,17,33,8,1,0,0,0
2019-08-18,742.41,18,33,8,1,0,0,0
2019-08-18,432.3,18,33,8,1,0,0,0
2019-08-19,1504.99,19,34,8,0,0,0,0
2019-08-19,2044.51,19,34,8,0,0,0,0
2019-08-19,2724.47,19,34,8,0,0,0,0
2019-08-19,2483.57,19,34,8,0,0,0,0
2019-08-19,9452.79,19,34,8,0,0,0,0
2019-08-19,2055.34,19,34,8,0,0,0,0
2019-08-20,729.54,20,34,8,0,0,0,0
2019-08-21,4809.95,21,34,8,0,0,0,0
2019-08-21,1564.83,21,34,8,0,0,0,0
2019-08-22,1684.1,22,34,8,0,0,0,0
2019-08-23,442.82,23,34,8,0,0,0,0
2019-08-23,4184.35,23,34,8,0,0,0,0
2019-08-24,206.57,24,34,8,1,0,0,0
2019-08-27,6467.39,27,35,8,0,0,1,0
2019-08-27,1709.73,27,35,8,0,0,1,0
2019-08-27,38388.08,27,35,8,0,0,1,0
2019-08-27,4483.66,27,35,8,0,0,1,0
2019-08-27,28943.76,27,35,8,0,0,1,0
2019-08-28,3947.09,28,35,8,0,0,1,0
2019-08-28,1996.46,28,35,8,0,0,1,0
2019-08-28,7850.47,28,35,8,0,0,1,0
2019-08-28,1720.89,28,35,8,0,0,1,0
2019-08-29,1296.29,29,35,8,0,0,1,0
2019-08-29,13689.82,29,35,8,0,0,1,0
2019-08-29,6374.64,29,35,8,0,0,1,0
2019-08-29,1686.52,29,35,8,0,0,1,0
2019-08-29,14079.03,29,35,8,0,0,1,0
2019-08-30,1442.07,30,35,8,0,0,1,0
2019-08-30,8486.91,30,35,8,0,0,1,0
2019-08-30,1476.78,30,35,8,0,0,1,0
2019-08-30,2878.3,30,35,8,0,0,1,0
2019-08-30,10106.6,30,35,8,0,0,1,0
2019-08-30,15718.85,30,35,8,0,0,1,0
2019-08-30,8784.7,30,35,8,0,0,1,0
2019-08-30,3960.24,30,35,8,0,0,1,0
2019-08-31,9276.03,31,35,8,1,1,1,0
2019-08-31,308.25,31,35,8,1,1,1,0
2019-08-31,15202.68,31,35,8,1,1,1,0
2019-08-31,7398.83,31,35,8,1,1,1,0
2019-08-31,1170.77,31,35,8,1,1,1,0
2019-09-01,6404.82,1,35,9,1,0,1,0
2019-09-01,21649.81,1,35,9,1,0,1,0
2019-09-01,10226.31,1,35,9,1,0,1,0
2019-09-01,196659.2,1,35,9,1,0,1,0
2019-09-01,427.35,1,35,9,1,0,1,0
2019-09-02,42742.61,2,36,9,0,0,1,0
2019-09-02,9845.78,2,36,9,0,0,1,0
2019-09-02,195608.36,2,36,9,0,0,1,0
2019-09-02,1290.31,2,36,9,0,0,1,0
2019-09-03,12813.74,3,36,9,0,0,0,0
2019-09-03,4827.95,3,36,9,0,0,0,0
2019-09-03,2637.07,3,36,9,0,0,0,0
2019-09-03,3604.19,3,36,9,0,0,0,0
2019-09-03,9034.39,3,36,9,0,0,0,0
2019-09-04,1492.31,4,36,9,0,0,0,0
2019-09-04,73911.72,4,36,9,0,0,0,0
2019-09-04,1141.02,4,36,9,0,0,0,0
2019-09-04,614.28,4,36,9,0,0,0,0
2019-09-05,30485.85,5,36,9,0,0,0,0
2019-09-05,34344.27,5,36,9,0,0,0,0
2019-09-05,42443.98,5,36,9,0,0,0,0
2019-09-06,3985.78,6,36,9,0,0,0,0
2019-09-06,1338.11,6,36,9,0,0,0,0
2019-09-06,2477.94,6,36,9,0,0,0,0
2019-09-06,2579.53,6,36,9,0,0,0,0
2019-09-07,779.95,7,36,9,1,0,0,0
2019-09-07,15198.07,7,36,9,1,0,0,0
2019-09-07,10530.33,7,36,9,1,0,0,0
2019-09-08,2271.59,8,36,9,1,0,0,0
2019-09-09,13168.63,9,37,9,0,0,0,0
2019-09-09,2612.35,9,37,9,0,0,0,0
2019-09-09,3667.07,9,37,9,0,0,0,0
2019-09-09,1449.4,9,37,9,0,0,0,0
2019-09-12,2461.03,12,37,9,0,0,0,0
2019-09-12,3864.26,12,37,9,0,0,0,0
2019-09-12,8865.21,12,37,9,0,0,0,0
2019-09-12,3136.39,12,37,9,0,0,0,0
2019-09-12,592.21,12,37,9,0,0,0,0
2019-09-13,27330.82,13,37,9,0,0,0,0
2019-09-13,160.42,13,37,9,0,0,0,0
2019-09-13,4068.12,13,37,9,0,0,0,0
2019-09-14,1593.62,14,37,9,1,0,0,0
2019-09-15,4628.67,15,37,9,1,0,0,0
2019-09-15,847.43,15,37,9,1,0,0,0
2019-09-15,4906.15,15,37,9,1,0,0,0
2019-09-15,3191.11,15,37,9,1,0,0,0
2019-09-16,1874.47,16,38,9,0,0,0,0
2019-09-17,662.17,17,38,9,0,0,0,0
2019-09-17,1124.25,17,38,9,0,0,0,0
2019-09-17,974.56,17,38,9,0,0,0,0
2019-09-18,10565.18,18,38,9,0,0,0,0
2019-09-19,4868.43,19,38,9,0,0,0,0
2019-09-19,2121.95,19,38,9,0,0,0,0
2019-09-19,228.91,19,38,9,0,0,0,0
2019-09-19,5058.16,19,38,9,0,0,0,0
2019-09-19,721.77,19,38,9,0,0,0,0
2019-09-20,544.2,20,38,9,0,0,0,0
2019-09-20,4666.98,20,38,9,0,0,0,0
2019-09-20,23007.74,20,38,9,0,0,0,0
2019-09-20,6790.74,20,38,9,0,0,0,0
2019-09-21,12713.67,21,38,9,1,0,0,0
2019-09-22,1074.53,22,38,9,1,0,0,0
2019-09-22,4942.59,22,38,9,1,0,0,0
2019-09-23,495.39,23,39,9,0,0,0,0
2019-09-24,1357.62,24,39,9,0,0,0,0
2019-09-24,2094.1,24,39,9,0,0,0,0
2019-09-25,7492.95,25,39,9,0,0,1,0
2019-09-26,5389.94,26,39,9,0,0,1,0
2019-09-26,3097.12,26,39,9,0,0,1,0
2019-09-26,2400.2,26,39,9,0,0,1,0
2019-09-26,1386.62,26,39,9,0,0,1,0
2019-09-27,2228.87,27,39,9,0,0,1,0
2019-09-27,218.06,27,39,9,0,0,1,0
2019-09-27,14317.45,27,39,9,0,0,1,0
2019-09-27,14501.43,27,39,9,0,0,1,0
2019-09-28,1773.69,28,39,9,1,0,1,0
2019-09-28,2754.61,28,39,9,1,0,1,0
2019-09-28,19786.62,28,39,9,1,0,1,0
2019-09-29,2918.53,29,39,9,1,0,1,0
2019-09-29,956.36,29,39,9,1,0,1,0
2019-09-30,13640.26,30,40,9,0,1,1,0
2019-09-30,10384.93,30,40,9,0,1,1,0
2019-09-30,2425.21,30,40,9,0,1,1,0
2019-10-14,44286.7,14,42,10,0,0,0,1
2019-10-15,26128.59,15,42,10,0,0,0,1
2019-10-15,37692.51,15,42,10,0,0,0,1
2019-10-16,40150.94,16,42,10,0,0,0,1
2019-10-16,18914.0,16,42,10,0,0,0,1
2019-10-21,18776.31,21,43,10,0,0,0,1
2019-10-22,29956.29,22,43,10,0,0,0,1
2019-10-23,27919.3,23,43,10,0,0,0,1
2019-10-25,5557.06,25,43,10,0,0,1,1
2019-10-27,22387.39,27,43,10,1,0,1,1
2019-11-01,35910.83,1,44,11,0,0,1,1
2019-11-02,29330.11,2,44,11,1,0,1,1
2019-11-03,16700.17,3,44,11,1,0,0,1
2019-11-05,46249.96,5,45,11,0,0,0,1
2019-11-06,13526.99,6,45,11,0,0,0,1
2019-11-08,13617.06,8,45,11,0,0,0,1
2019-11-08,12764.93,8,45,11,0,0,0,1
2019-11-10,34231.0,10,45,11,1,0,0,1
