transaction_date,amount
2018-01-01,4361.84
2018-01-01,1226.03
2018-01-01,523.73
2018-01-01,1290.29
2018-01-02,44800.94
2018-01-02,2761.36
2018-01-02,268.49
2018-01-02,306.84
2018-01-02,323.91
2018-01-02,491.31
2018-01-02,144.85
2018-01-03,2801.01
2018-01-03,5154.86
2018-01-04,524.73
2018-01-04,332.16
2018-01-04,2855.13
2018-01-05,478.83
2018-01-05,42338.57
2018-01-05,3363.4
2018-01-05,154.29
2018-01-06,4209.68
2018-01-07,153.74
2018-01-07,376.36
2018-01-08,763.99
2018-01-09,1614.1
2018-01-09,2943.71
2018-01-10,14999.79
2018-01-10,1269.56
2018-01-10,2862.19
2018-01-10,545.07
2018-01-11,4310.62
2018-01-11,766.94
2018-01-12,46314.09
2018-01-12,2959.23
2018-01-13,214.83
2018-01-13,138.51
2018-01-13,320.8
2018-01-14,4362.49
2018-01-15,14256.14
2018-01-16,1365.12
2018-01-17,630.2
2018-01-17,740.72
2018-01-17,152.69
2018-01-18,719.03
2018-01-19,4425.22
2018-01-19,43239.03
2018-01-19,486.59
2018-01-20,15776.17
2018-01-20,46734.63
2018-01-20,517.81
2018-01-20,162.04
2018-01-20,520.99
2018-01-21,716.67
2018-01-21,506.48
2018-01-21,530.22
2018-01-22,327.31
2018-01-22,675.94
2018-01-22,339.7
2018-01-23,624.65
2018-01-23,324.49
2018-01-23,649.89
2018-01-24,590.54
2018-01-24,1295.04
2018-01-24,1285.81
2018-01-25,525.95
2018-01-26,5504.99
2018-01-26,313.18
2018-01-27,1538.01
2018-01-28,2846.64
2018-01-28,383.34
2018-01-29,4438.24
2018-01-29,646.11
2018-01-29,495.96
2018-01-29,1522.08
2018-01-29,338.88
2018-01-29,408.98
2018-01-29,674.01
2018-01-29,504.17
2018-01-29,1327.84
2018-01-29,297.72
2018-01-30,645.12
2018-01-31,2794.01
2018-01-31,479.36
2018-02-01,5361.8
2018-02-01,1944.21
2018-02-01,895.88
2018-02-01,647.96
2018-02-02,46027.55
2018-02-02,4954.67
2018-02-02,213.06
2018-02-02,626.7
2018-02-02,1740.69
2018-02-02,205.29
2018-02-02,169.79
2018-02-03,46992.92
2018-02-03,168.54
2018-02-03,940.6
2018-02-03,950.12
2018-02-04,5742.74
2018-02-04,1804.15
2018-02-04,311.82
2018-02-04,1148.99
2018-02-05,165.66
2018-02-06,1818.08
2018-02-06,616.18
2018-02-06,208.37
2018-02-06,178.25
2018-02-07,1138.47
2018-02-07,1260.98
2018-02-07,518.04
2018-02-08,1501.5
2018-02-08,3640.36
2018-02-09,1804.35
2018-02-09,5319.18
2018-02-09,330.9
2018-02-10,979.73
2018-02-10,1784.99
2018-02-11,156.6
2018-02-11,314.87
2018-02-12,301.82
2018-02-13,226.88
2018-02-13,1950.44
2018-02-13,621.07
2018-02-14,5087.95
2018-02-14,506.73
2018-02-14,994.63
2018-02-15,315.98
2018-02-15,186.32
2018-02-15,303.22
2018-02-15,881.02
2018-02-16,47492.08
2018-02-16,195.76
2018-02-16,1448.66
2018-02-17,1837.5
2018-02-17,3443.57
2018-02-17,46175.24
2018-02-17,921.26
2018-02-17,949.38
2018-02-17,118.22
2018-02-18,1798.21
2018-02-18,1867.33
2018-02-18,1911.32
2018-02-19,2958.98
2018-02-20,800.13
2018-02-21,1933.82
2018-02-21,1912.07
2018-02-21,1854.11
2018-02-21,1185.37
2018-02-21,1580.72
2018-02-22,196.41
2018-02-22,1403.43
2018-02-23,1254.24
2018-02-23,3175.63
2018-02-24,184.23
2018-02-24,43912.33
2018-02-24,153.2
2018-02-25,1870.76
2018-02-25,324.62
2018-02-26,1900.74
2018-02-26,177.5
2018-02-27,5404.62
2018-02-27,960.06
2018-02-27,120.79
2018-02-28,1921.76
2018-02-28,3638.47
2018-03-01,5873.21
2018-03-01,522.85
2018-03-01,793.5
2018-03-01,1029.01
2018-03-02,44709.1
2018-03-02,445.18
2018-03-02,5508.79
2018-03-02,834.36
2018-03-03,1314.17
2018-03-03,481.0
2018-03-04,5928.55
2018-03-04,449.62
2018-03-04,748.9
2018-03-04,451.84
2018-03-04,425.27
2018-03-05,223.94
2018-03-05,167.2
2018-03-05,323.83
2018-03-05,148.04
2018-03-05,588.34
2018-03-06,150.52
2018-03-06,44629.34
2018-03-06,220.77
2018-03-06,1291.75
2018-03-06,461.61
2018-03-06,262.5
2018-03-06,151.45
2018-03-07,5483.01
2018-03-07,143.33
2018-03-08,4628.44
2018-03-08,582.43
2018-03-08,163.66
2018-03-09,3283.62
2018-03-09,1040.75
2018-03-09,453.51
2018-03-10,708.95
2018-03-10,1507.48
2018-03-11,5532.28
2018-03-11,3312.7
2018-03-11,533.4
2018-03-11,665.45
2018-03-11,185.72
2018-03-12,4608.84
2018-03-12,218.82
2018-03-12,1340.46
2018-03-12,330.51
2018-03-12,288.3
2018-03-12,833.29
2018-03-12,589.21
2018-03-13,167.16
2018-03-13,201.62
2018-03-13,405.17
2018-03-13,457.13
2018-03-14,1050.66
2018-03-14,598.72
2018-03-15,226.65
2018-03-15,257.67
2018-03-15,444.09
2018-03-16,42912.35
2018-03-16,608.7
2018-03-17,648.07
2018-03-17,47664.75
2018-03-17,313.79
2018-03-18,854.6
2018-03-19,5313.58
2018-03-19,443.8
2018-03-19,186.78
2018-03-20,1255.5
2018-03-20,435.28
2018-03-20,157.6
2018-03-21,1476.96
2018-03-21,580.86
2018-03-21,321.6
2018-03-22,756.51
2018-03-24,310.46
2018-03-24,629.02
2018-03-25,551.82
2018-03-25,4499.66
2018-03-25,4345.66
2018-03-25,808.0
2018-03-26,820.12
2018-03-26,669.71
2018-03-26,275.29
2018-03-27,4444.05
2018-03-27,163.0
2018-03-27,464.71
2018-03-27,607.3
2018-03-28,588.04
2018-03-28,553.98
2018-03-28,137.57
2018-03-29,683.22
2018-03-29,1458.35
2018-03-29,2807.98
2018-03-30,45807.43
2018-03-30,616.73
2018-03-30,2939.47
2018-03-31,208.62
2018-03-31,4218.9
2018-03-31,488.23
2018-03-31,870.88
2018-03-31,309.77
2018-03-31,3461.38
2018-04-01,232.12
2018-04-01,387.5
2018-04-01,2125.78
2018-04-01,314.79
2018-04-01,800.73
2018-04-02,2128.13
2018-04-02,1494.81
2018-04-02,1268.58
2018-04-02,482.11
2018-04-03,150.71
2018-04-03,655.61
2018-04-03,324.97
2018-04-04,8644.67
2018-04-04,559.09
2018-04-04,322.61
2018-04-05,5223.03
2018-04-05,328.02
2018-04-05,503.41
2018-04-06,328.13
2018-04-07,5456.25
2018-04-07,210.1
2018-04-07,150.71
2018-04-07,477.61
2018-04-07,1419.61
2018-04-08,834.26
2018-04-09,214.43
2018-04-09,697.29
2018-04-09,3537.81
2018-04-10,1387.75
2018-04-10,5363.4
2018-04-10,315.35
2018-04-10,767.31
2018-04-11,8224.91
2018-04-11,5584.9
2018-04-11,5400.26
2018-04-11,532.32
2018-04-12,463.33
2018-04-12,44519.57
2018-04-12,6081.22
2018-04-12,559.98
2018-04-12,481.96
2018-04-12,314.07
2018-04-12,2068.94
2018-04-13,43093.36
2018-04-13,5196.62
2018-04-14,1317.46
2018-04-14,449.87
2018-04-14,296.67
2018-04-14,342.99
2018-04-15,618.89
2018-04-15,312.95
2018-04-15,647.81
2018-04-16,230.39
2018-04-17,5418.16
2018-04-17,622.16
2018-04-17,1500.01
2018-04-17,699.36
2018-04-17,160.98
2018-04-18,3056.79
2018-04-18,3534.48
2018-04-18,8465.93
2018-04-18,567.33
2018-04-18,1385.11
2018-04-18,579.48
2018-04-18,517.96
2018-04-19,158.9
2018-04-19,213.36
2018-04-20,6033.8
2018-04-20,442.31
2018-04-20,5608.83
2018-04-20,2061.38
2018-04-20,529.11
2018-04-21,5757.15
2018-04-21,349.09
2018-04-21,489.32
2018-04-21,578.25
2018-04-22,8744.79
2018-04-22,449.3
2018-04-22,3472.43
2018-04-22,1365.94
2018-04-22,316.28
2018-04-23,5428.52
2018-04-23,5164.19
2018-04-25,221.81
2018-04-25,473.51
2018-04-25,513.3
2018-04-26,8071.75
2018-04-26,8217.65
2018-04-26,291.12
2018-04-26,5678.44
2018-04-26,619.97
2018-04-26,448.52
2018-04-26,838.24
2018-04-27,43146.0
2018-04-27,45242.49
2018-04-27,8241.9
2018-04-27,1407.73
2018-04-27,414.3
2018-04-28,3005.93
2018-04-28,3320.08
2018-04-28,8301.91
2018-04-28,443.23
2018-04-29,589.38
2018-04-29,617.81
2018-04-29,2120.77
2018-04-29,477.39
2018-04-29,811.59
2018-04-30,320.22
2018-04-30,316.82
2018-04-30,608.36
2018-04-30,5579.52
2018-04-30,318.78
2018-04-30,512.5
2018-04-30,1434.99
2018-04-30,509.27
2018-05-01,755.77
2018-05-01,379.5
2018-05-01,42982.49
2018-05-01,318.64
2018-05-01,1814.03
2018-05-02,6894.47
2018-05-02,1034.63
2018-05-02,507.2
2018-05-03,2977.68
2018-05-03,1711.45
2018-05-03,153.63
2018-05-03,971.0
2018-05-04,2569.92
2018-05-04,1424.33
2018-05-04,157.74
2018-05-04,147.21
2018-05-04,3939.03
2018-05-06,2543.0
2018-05-06,985.75
2018-05-06,333.23
2018-05-06,313.35
2018-05-07,215.14
2018-05-07,1267.07
2018-05-07,8182.16
2018-05-07,983.31
2018-05-07,3169.63
2018-05-08,601.51
2018-05-08,3314.7
2018-05-09,3268.03
2018-05-09,158.56
2018-05-09,8424.07
2018-05-09,558.23
2018-05-10,584.59
2018-05-10,1816.83
2018-05-11,47228.53
2018-05-11,1353.35
2018-05-11,389.21
2018-05-12,377.13
2018-05-12,166.69
2018-05-12,3592.11
2018-05-12,300.24
2018-05-12,153.52
2018-05-12,1785.69
2018-05-13,4400.29
2018-05-13,287.51
2018-05-14,1372.12
2018-05-15,2273.11
2018-05-15,381.48
2018-05-15,2800.57
2018-05-15,718.91
2018-05-15,1834.44
2018-05-16,47210.31
2018-05-17,4698.91
2018-05-17,1502.5
2018-05-17,3613.74
2018-05-17,3530.74
2018-05-17,1054.45
2018-05-18,984.51
2018-05-18,3400.66
2018-05-19,301.09
2018-05-19,7428.3
2018-05-19,582.48
2018-05-20,1486.13
2018-05-21,2664.18
2018-05-21,45677.86
2018-05-21,4800.68
2018-05-21,2790.14
2018-05-21,1407.58
2018-05-21,155.91
2018-05-21,772.67
2018-05-22,457.69
2018-05-22,3822.93
2018-05-22,722.33
2018-05-22,6964.98
2018-05-23,4814.19
2018-05-23,1450.9
2018-05-23,1030.24
2018-05-24,216.09
2018-05-24,1196.88
2018-05-24,1605.07
2018-05-25,42733.93
2018-05-25,971.65
2018-05-25,561.13
2018-05-25,6908.66
2018-05-26,155.83
2018-05-26,1707.52
2018-05-27,4981.77
2018-05-27,2648.74
2018-05-27,1219.07
2018-05-27,2223.97
2018-05-28,150.19
2018-05-28,491.08
2018-05-28,1058.69
2018-05-28,333.49
2018-05-29,4559.95
2018-05-29,492.03
2018-05-29,274.02
2018-05-30,5177.4
2018-05-30,8179.32
2018-05-30,4755.63
2018-05-30,396.59
2018-05-31,383.12
2018-05-31,3526.48
2018-05-31,1631.56
2018-06-01,8261.33
2018-06-01,224.81
2018-06-01,189.4
2018-06-01,484.11
2018-06-02,203.93
2018-06-02,2731.75
2018-06-02,145.62
2018-06-03,2296.35
2018-06-03,632.04
2018-06-03,2624.81
2018-06-03,304.71
2018-06-03,667.72
2018-06-04,423.41
2018-06-04,666.41
2018-06-04,647.43
2018-06-05,165.53
2018-06-05,238.84
2018-06-05,820.45
2018-06-05,3749.88
2018-06-06,5337.38
2018-06-06,618.41
2018-06-07,2327.76
2018-06-07,560.76
2018-06-07,563.39
2018-06-07,3577.34
2018-06-07,585.83
2018-06-08,44660.86
2018-06-08,2388.37
2018-06-08,6584.9
2018-06-08,543.81
2018-06-08,1368.55
2018-06-09,162.56
2018-06-09,236.06
2018-06-09,528.34
2018-06-09,320.11
2018-06-09,625.58
2018-06-10,546.94
2018-06-10,43665.4
2018-06-10,2595.99
2018-06-10,2352.16
2018-06-10,461.07
2018-06-10,198.84
2018-06-10,244.99
2018-06-11,1406.8
2018-06-11,306.28
2018-06-11,537.21
2018-06-12,1474.8
2018-06-12,1366.51
2018-06-12,3868.48
2018-06-12,3607.41
2018-06-13,1474.52
2018-06-13,2565.26
2018-06-13,221.27
2018-06-13,516.71
2018-06-13,533.71
2018-06-14,210.18
2018-06-14,303.76
2018-06-15,6462.93
2018-06-15,166.32
2018-06-15,1587.97
2018-06-15,223.52
2018-06-15,2344.12
2018-06-15,534.44
2018-06-15,162.9
2018-06-16,213.46
2018-06-16,162.54
2018-06-16,1338.18
2018-06-17,166.4
2018-06-18,6470.5
2018-06-18,8911.0
2018-06-18,614.82
2018-06-18,824.96
2018-06-19,3994.65
2018-06-19,1315.74
2018-06-19,8595.67
2018-06-19,647.02
2018-06-20,149.36
2018-06-20,515.3
2018-06-22,47610.41
2018-06-22,568.49
2018-06-22,1307.9
2018-06-23,42719.73
2018-06-23,2258.21
2018-06-24,1449.92
2018-06-24,2447.57
2018-06-24,162.49
2018-06-25,43616.28
2018-06-25,1446.77
2018-06-25,308.19
2018-06-25,3596.67
2018-06-25,154.33
2018-06-26,1541.45
2018-06-26,681.03
2018-06-26,1501.24
2018-06-26,516.16
2018-06-26,397.38
2018-06-27,638.69
2018-06-27,1577.39
2018-06-28,2701.22
2018-06-28,146.91
2018-06-28,1546.73
2018-06-28,464.83
2018-06-28,326.09
2018-06-28,658.16
2018-06-29,217.41
2018-06-29,1480.35
2018-06-29,3904.33
2018-06-29,295.94
2018-06-29,3750.81
2018-06-30,3576.46
2018-06-30,2362.12
2018-07-01,2420.11
2018-07-01,1247.24
2018-07-01,3336.12
2018-07-01,1254.23
2018-07-01,1520.48
2018-07-01,6021.86
2018-07-02,2280.48
2018-07-02,1299.0
2018-07-02,1254.27
2018-07-02,577.47
2018-07-03,1367.71
2018-07-03,162.6
2018-07-03,2388.61
2018-07-03,3354.94
2018-07-04,1295.05
2018-07-04,149.13
2018-07-05,1325.37
2018-07-06,43599.35
2018-07-06,8748.91
2018-07-06,3291.7
2018-07-07,446.92
2018-07-08,2337.48
2018-07-09,395.8
2018-07-09,577.49
2018-07-09,434.5
2018-07-09,2523.03
2018-07-09,3201.0
2018-07-10,382.12
2018-07-10,2585.38
2018-07-10,426.95
2018-07-10,316.11
2018-07-10,221.04
2018-07-10,1668.35
2018-07-10,3285.43
2018-07-11,217.72
2018-07-11,526.31
2018-07-12,1267.1
2018-07-12,2304.24
2018-07-12,484.79
2018-07-12,706.29
2018-07-12,3198.51
2018-07-13,42894.11
2018-07-13,1350.83
2018-07-13,1276.08
2018-07-13,5852.59
2018-07-14,215.41
2018-07-15,42974.07
2018-07-15,1314.96
2018-07-15,202.25
2018-07-16,526.15
2018-07-17,1336.39
2018-07-17,5134.2
2018-07-17,481.99
2018-07-17,177.37
2018-07-18,632.02
2018-07-18,318.31
2018-07-19,150.52
2018-07-19,330.62
2018-07-19,530.69
2018-07-20,47291.68
2018-07-20,8406.07
2018-07-20,640.68
2018-07-20,1644.51
2018-07-21,1478.69
2018-07-21,359.66
2018-07-21,1004.08
2018-07-22,160.79
2018-07-22,490.12
2018-07-23,412.84
2018-07-23,713.08
2018-07-23,1554.91
2018-07-23,346.75
2018-07-24,8830.08
2018-07-24,1661.33
2018-07-24,211.12
2018-07-25,5111.45
2018-07-25,614.23
2018-07-25,465.69
2018-07-25,1698.31
2018-07-26,43485.0
2018-07-26,3027.32
2018-07-26,319.96
2018-07-26,1804.91
2018-07-26,3270.59
2018-07-27,1281.97
2018-07-27,3373.49
2018-07-27,415.08
2018-07-27,169.77
2018-07-28,419.26
2018-07-28,3062.25
2018-07-29,1368.44
2018-07-29,1566.84
2018-07-30,1340.07
2018-07-31,995.31
2018-07-31,5641.04
2018-07-31,1527.2
2018-07-31,311.18
2018-07-31,665.54
2018-07-31,163.72
2018-08-01,1189.92
2018-08-01,478.22
2018-08-01,449.09
2018-08-02,2662.02
2018-08-02,614.88
2018-08-03,44682.35
2018-08-03,5150.03
2018-08-03,630.89
2018-08-03,645.23
2018-08-03,3550.71
2018-08-03,3961.15
2018-08-04,387.63
2018-08-04,2664.95
2018-08-04,486.47
2018-08-04,593.55
2018-08-06,447.69
2018-08-06,152.25
2018-08-06,604.65
2018-08-07,160.86
2018-08-07,321.81
2018-08-07,1380.94
2018-08-07,1343.81
2018-08-08,1537.78
2018-08-08,1139.35
2018-08-08,5237.62
2018-08-08,619.83
2018-08-09,5803.34
2018-08-09,151.53
2018-08-10,4080.38
2018-08-11,4008.64
2018-08-12,500.52
2018-08-13,43897.05
2018-08-13,642.32
2018-08-13,625.75
2018-08-14,3362.94
2018-08-15,1204.77
2018-08-15,42678.72
2018-08-15,211.64
2018-08-16,2186.98
2018-08-16,5394.61
2018-08-16,223.79
2018-08-16,1136.72
2018-08-16,605.15
2018-08-16,586.53
2018-08-17,46530.38
2018-08-17,8319.52
2018-08-17,1404.45
2018-08-17,42866.76
2018-08-17,2187.79
2018-08-18,593.41
2018-08-18,205.22
2018-08-20,1103.19
2018-08-20,1577.81
2018-08-21,461.3
2018-08-21,401.43
2018-08-21,1524.91
2018-08-21,3203.68
2018-08-22,8758.84
2018-08-22,3902.17
2018-08-22,3791.73
2018-08-22,200.18
2018-08-23,2699.98
2018-08-24,539.42
2018-08-24,319.43
2018-08-25,1085.47
2018-08-25,493.8
2018-08-25,475.41
2018-08-26,1113.71
2018-08-26,319.18
2018-08-28,1084.31
2018-08-28,5857.63
2018-08-28,636.02
2018-08-28,3340.55
2018-08-29,2708.78
2018-08-29,8877.3
2018-08-30,1882.66
2018-08-30,555.7
2018-08-31,43979.98
2018-08-31,1853.94
2018-08-31,1851.55
2018-08-31,395.14
2018-08-31,201.34
2018-08-31,3348.68
2018-09-01,154.1
2018-09-01,5194.29
2018-09-01,160.49
2018-09-01,385.44
2018-09-01,612.48
2018-09-01,562.58
2018-09-02,5067.72
2018-09-02,1362.57
2018-09-02,1729.85
2018-09-02,1482.08
2018-09-02,501.63
2018-09-02,308.31
2018-09-02,2761.13
2018-09-03,3301.54
2018-09-03,639.1
2018-09-03,3499.64
2018-09-03,1409.68
2018-09-03,1540.32
2018-09-04,585.96
2018-09-04,494.42
2018-09-04,1518.29
2018-09-05,5446.96
2018-09-05,639.49
2018-09-05,1351.14
2018-09-05,2864.35
2018-09-05,508.71
2018-09-05,1523.94
2018-09-05,2965.51
2018-09-05,3755.57
2018-09-06,5499.99
2018-09-06,1704.5
2018-09-06,46991.86
2018-09-06,659.3
2018-09-08,503.91
2018-09-08,469.68
2018-09-09,1770.94
2018-09-09,313.36
2018-09-10,452.58
2018-09-10,309.01
2018-09-11,513.67
2018-09-11,583.2
2018-09-12,5439.07
2018-09-12,1162.31
2018-09-12,439.51
2018-09-12,1511.81
2018-09-13,8064.82
2018-09-13,42770.72
2018-09-13,3555.62
2018-09-14,43148.79
2018-09-14,475.21
2018-09-14,1428.96
2018-09-15,5473.28
2018-09-15,1762.92
2018-09-15,517.01
2018-09-15,532.78
2018-09-16,8514.92
2018-09-16,181.24
2018-09-16,296.94
2018-09-17,2569.94
2018-09-17,504.33
2018-09-17,307.91
2018-09-19,2629.97
2018-09-19,478.26
2018-09-20,5180.11
2018-09-20,555.63
2018-09-21,332.28
2018-09-21,4012.65
2018-09-21,3736.29
2018-09-22,158.31
2018-09-22,494.91
2018-09-22,495.85
2018-09-23,180.49
2018-09-23,525.72
2018-09-23,1512.92
2018-09-24,47003.52
2018-09-24,1524.34
2018-09-24,1748.2
2018-09-24,8247.96
2018-09-24,624.64
2018-09-24,1580.1
2018-09-24,327.1
2018-09-25,392.78
2018-09-25,596.99
2018-09-25,184.64
2018-09-27,1679.25
2018-09-27,3742.95
2018-09-27,448.63
2018-09-28,2655.6
2018-09-28,5234.84
2018-09-28,44069.77
2018-09-28,223.88
2018-09-28,315.68
2018-09-28,547.54
2018-09-29,2980.34
2018-09-29,2640.31
2018-09-29,1868.9
2018-09-29,3574.52
2018-09-29,3443.63
2018-09-30,418.3
2018-09-30,1389.87
2018-09-30,569.22
2018-10-01,527.39
2018-10-01,824.08
2018-10-01,139.87
2018-10-02,366.54
2018-10-03,202.81
2018-10-03,767.69
2018-10-03,326.55
2018-10-03,467.71
2018-10-04,480.53
2018-10-05,37184.06
2018-10-05,351.64
2018-10-05,478.99
2018-10-06,3046.88
2018-10-06,183.51
2018-10-06,155.91
2018-10-06,561.84
2018-10-07,155.39
2018-10-07,2969.0
2018-10-07,1002.09
2018-10-07,366.9
2018-10-08,8691.83
2018-10-08,878.19
2018-10-09,493.77
2018-10-10,164.84
2018-10-10,735.32
2018-10-11,33955.28
2018-10-11,606.97
2018-10-11,297.03
2018-10-12,348.96
2018-10-12,47321.64
2018-10-12,5035.76
2018-10-12,4020.55
2018-10-12,565.53
2018-10-12,3223.32
2018-10-12,340.08
2018-10-13,3786.34
2018-10-13,36629.5
2018-10-13,147.01
2018-10-14,683.14
2018-10-15,1001.89
2018-10-15,225.65
2018-10-15,4124.8
2018-10-15,319.73
2018-10-16,5399.27
2018-10-16,1268.37
2018-10-16,716.37
2018-10-16,553.34
2018-10-16,590.1
2018-10-16,1742.44
2018-10-16,692.76
2018-10-17,1777.27
2018-10-17,527.35
2018-10-18,658.32
2018-10-18,1634.35
2018-10-18,517.85
2018-10-19,379.78
2018-10-19,329.26
2018-10-20,1777.45
2018-10-20,1469.11
2018-10-20,510.12
2018-10-20,3455.11
2018-10-21,3188.09
2018-10-21,1344.73
2018-10-21,313.41
2018-10-22,206.8
2018-10-22,167.03
2018-10-22,1086.21
2018-10-23,1789.78
2018-10-23,504.71
2018-10-23,3081.25
2018-10-23,143.32
2018-10-23,474.49
2018-10-24,5121.78
2018-10-24,777.85
2018-10-24,3418.3
2018-10-25,1734.05
2018-10-25,1080.06
2018-10-25,549.54
2018-10-26,43257.38
2018-10-26,1132.92
2018-10-27,183.83
2018-10-28,3089.02
2018-10-29,7996.21
2018-10-29,145.09
2018-10-29,1016.07
2018-10-29,1029.87
2018-10-30,1326.45
2018-10-30,539.81
2018-10-30,3108.81
2018-10-30,1125.77
2018-10-30,979.0
2018-10-31,3116.17
2018-10-31,1724.33
2018-10-31,404.08
2018-10-31,562.34
2018-11-01,1267.7
2018-11-01,3626.73
2018-11-02,5293.45
2018-11-02,4521.28
2018-11-02,359.66
2018-11-04,561.44
2018-11-04,5261.72
2018-11-04,504.7
2018-11-04,4735.75
2018-11-04,481.31
2018-11-04,315.53
2018-11-04,293.29
2018-11-04,1112.88
2018-11-05,36944.2
2018-11-05,448.12
2018-11-05,523.61
2018-11-05,470.81
2018-11-05,1779.1
2018-11-06,405.79
2018-11-06,556.42
2018-11-06,506.3
2018-11-06,469.9
2018-11-06,484.36
2018-11-07,161.44
2018-11-07,8766.29
2018-11-07,1773.92
2018-11-07,8837.97
2018-11-07,551.33
2018-11-07,311.12
2018-11-08,571.26
2018-11-08,3556.06
2018-11-08,2822.94
2018-11-08,1389.0
2018-11-09,4261.72
2018-11-09,5187.31
2018-11-09,318.78
2018-11-09,153.32
2018-11-09,45909.56
2018-11-09,473.16
2018-11-10,551.56
2018-11-10,2411.38
2018-11-10,1082.28
2018-11-10,604.65
2018-11-10,1086.98
2018-11-10,513.86
2018-11-10,485.11
2018-11-11,5481.5
2018-11-11,2594.12
2018-11-11,35502.8
2018-11-11,509.7
2018-11-11,1250.82
2018-11-11,548.31
2018-11-12,500.83
2018-11-12,540.44
2018-11-13,288.29
2018-11-14,5252.32
2018-11-14,2431.4
2018-11-15,8736.68
2018-11-15,5839.94
2018-11-15,476.97
2018-11-16,4374.81
2018-11-16,306.03
2018-11-16,887.98
2018-11-17,3420.41
2018-11-17,509.82
2018-11-18,5677.07
2018-11-18,298.35
2018-11-18,594.13
2018-11-18,465.99
2018-11-19,292.72
2018-11-19,295.77
2018-11-20,1387.53
2018-11-20,494.16
2018-11-20,564.4
2018-11-21,4567.15
2018-11-21,2647.46
2018-11-21,1599.82
2018-11-21,1666.96
2018-11-22,649.46
2018-11-23,1519.38
2018-11-23,45221.46
2018-11-23,5240.42
2018-11-23,449.27
2018-11-23,2631.16
2018-11-24,295.71
2018-11-24,325.25
2018-11-24,1408.53
2018-11-24,1397.04
2018-11-26,5802.38
2018-11-26,375.14
2018-11-26,364.78
2018-11-27,512.76
2018-11-27,487.06
2018-11-27,484.85
2018-11-28,3316.39
2018-11-28,578.96
2018-11-28,1264.74
2018-11-29,4769.98
2018-11-29,3568.44
2018-11-29,515.27
2018-11-29,552.59
2018-11-30,406.09
2018-11-30,299.15
2018-11-30,368.75
2018-12-01,674.45
2018-12-01,598.67
2018-12-01,818.9
2018-12-01,530.92
2018-12-01,555.83
2018-12-01,650.12
2018-12-02,2877.4
2018-12-02,934.48
2018-12-02,1359.49
2018-12-02,1795.62
2018-12-03,262.01
2018-12-03,464.78
2018-12-04,5304.78
2018-12-04,918.98
2018-12-04,2727.12
2018-12-05,2744.91
2018-12-05,621.04
2018-12-05,827.96
2018-12-05,619.11
2018-12-06,2754.12
2018-12-06,35440.28
2018-12-06,947.85
2018-12-06,816.89
2018-12-07,43192.48
2018-12-07,633.9
2018-12-07,2872.37
2018-12-07,165.24
2018-12-07,483.6
2018-12-07,196.06
2018-12-07,861.89
2018-12-07,582.15
2018-12-07,143.62
2018-12-08,650.01
2018-12-08,2714.52
2018-12-08,636.73
2018-12-08,2810.58
2018-12-08,304.97
2018-12-08,554.18
2018-12-08,1607.57
2018-12-09,209.32
2018-12-09,769.63
2018-12-09,580.56
2018-12-09,481.0
2018-12-10,1658.93
2018-12-10,1601.77
2018-12-11,618.37
2018-12-11,622.35
2018-12-11,926.04
2018-12-12,776.35
2018-12-12,197.09
2018-12-12,2983.71
2018-12-12,215.99
2018-12-12,523.23
2018-12-13,1555.41
2018-12-13,2982.58
2018-12-13,142.07
2018-12-14,5132.18
2018-12-14,8185.52
2018-12-14,653.11
2018-12-14,604.07
2018-12-14,3066.9
2018-12-14,320.81
2018-12-14,2946.14
2018-12-15,613.09
2018-12-15,788.08
2018-12-15,634.55
2018-12-15,281.29
2018-12-15,486.42
2018-12-16,3976.73
2018-12-16,3973.79
2018-12-16,36912.26
2018-12-16,2993.91
2018-12-17,889.26
2018-12-17,768.46
2018-12-18,618.98
2018-12-18,1344.6
2018-12-18,140.09
2018-12-18,498.72
2018-12-18,1537.58
2018-12-19,35938.24
2018-12-19,1432.92
2018-12-20,605.92
2018-12-20,605.22
2018-12-21,43021.08
2018-12-21,619.81
2018-12-21,808.4
2018-12-21,1869.23
2018-12-22,463.27
2018-12-22,496.33
2018-12-22,568.44
2018-12-23,504.3
2018-12-23,3807.92
2018-12-23,1412.66
2018-12-23,150.41
2018-12-24,155.98
2018-12-24,210.37
2018-12-24,844.18
2018-12-24,512.04
2018-12-25,497.52
2018-12-25,599.38
2018-12-26,6169.13
2018-12-26,529.35
2018-12-26,5500.8
2018-12-26,850.11
2018-12-27,794.56
2018-12-27,8464.53
2018-12-27,198.97
2018-12-27,598.87
2018-12-28,6382.13
2018-12-28,215.22
2018-12-28,1501.86
2018-12-28,2770.52
2018-12-28,1568.88
2018-12-29,2681.27
2018-12-29,204.03
2018-12-29,1443.06
2018-12-30,891.76
2018-12-30,190.89
2018-12-31,3643.83
2018-12-31,284.36
2018-12-31,1585.78
2018-12-31,1901.01
2018-12-31,561.28
2018-12-31,140.53
2019-01-01,506.82
2019-01-02,3862.23
2019-01-02,8417.29
2019-01-02,2600.25
2019-01-04,47629.13
2019-01-04,2980.44
2019-01-04,557.1
2019-01-04,341.83
2019-01-05,2653.0
2019-01-05,2767.37
2019-01-06,3992.9
2019-01-06,323.45
2019-01-06,807.49
2019-01-08,217.17
2019-01-08,487.95
2019-01-09,3974.1
2019-01-09,8205.32
2019-01-09,206.86
2019-01-09,158.79
2019-01-10,1646.73
2019-01-10,327.07
2019-01-10,505.29
2019-01-11,2750.46
2019-01-11,709.99
2019-01-11,1396.17
2019-01-11,1487.7
2019-01-12,2917.53
2019-01-13,3769.36
2019-01-14,716.92
2019-01-14,8142.13
2019-01-14,464.29
2019-01-15,193.09
2019-01-15,7683.66
2019-01-15,12909.44
2019-01-17,4184.85
2019-01-18,2631.84
2019-01-18,4940.38
2019-01-18,46672.79
2019-01-18,189.02
2019-01-18,2864.57
2019-01-19,2774.32
2019-01-20,1348.78
2019-01-21,5128.33
2019-01-22,5034.48
2019-01-22,834.96
2019-01-24,4107.1
2019-01-24,12734.71
2019-01-24,1297.35
2019-01-25,5528.32
2019-01-25,2804.23
2019-01-25,3913.21
2019-01-26,4190.36
2019-01-26,538.24
2019-01-27,549.88
2019-01-27,562.61
2019-01-27,843.15
2019-01-27,1521.11
2019-01-28,810.03
2019-01-29,551.16
2019-01-29,4185.17
2019-01-29,312.38
2019-01-30,2732.35
2019-01-30,149.74
2019-01-30,13167.99
2019-01-30,582.32
2019-02-01,47470.07
2019-02-01,140.73
2019-02-01,592.08
2019-02-01,570.94
2019-02-01,557.21
2019-02-01,1418.74
2019-02-01,2377.18
2019-02-03,191.4
2019-02-03,1035.68
2019-02-04,302.93
2019-02-04,2863.97
2019-02-04,1383.29
2019-02-05,1734.88
2019-02-05,1549.97
2019-02-05,519.82
2019-02-06,211.18
2019-02-06,609.07
2019-02-07,155.87
2019-02-07,5293.45
2019-02-07,1303.83
2019-02-08,206.2
2019-02-08,5511.21
2019-02-08,3123.49
2019-02-08,1384.93
2019-02-08,330.42
2019-02-09,8241.22
2019-02-10,2302.29
2019-02-10,203.16
2019-02-11,1370.51
2019-02-11,215.37
2019-02-11,1741.12
2019-02-11,429.28
2019-02-11,478.12
2019-02-12,8033.57
2019-02-12,2611.84
2019-02-12,355.15
2019-02-12,1183.9
2019-02-13,139.64
2019-02-13,440.64
2019-02-14,359.97
2019-02-14,406.35
2019-02-15,45113.26
2019-02-15,2230.95
2019-02-15,2134.04
2019-02-15,2210.16
2019-02-16,5454.75
2019-02-17,1252.66
2019-02-18,2129.89
2019-02-18,168.3
2019-02-18,147.88
2019-02-18,148.91
2019-02-19,5241.98
2019-02-19,335.13
2019-02-19,579.11
2019-02-19,1361.83
2019-02-20,1291.23
2019-02-20,998.98
2019-02-22,307.75
2019-02-22,7562.85
2019-02-22,2861.49
2019-02-22,195.02
2019-02-22,473.8
2019-02-22,603.44
2019-02-22,1073.64
2019-02-23,2884.01
2019-02-23,969.0
2019-02-24,4379.95
2019-02-24,2842.66
2019-02-24,1251.79
2019-02-24,8247.75
2019-02-24,1557.24
2019-02-25,2236.24
2019-02-25,2636.98
2019-02-26,2276.12
2019-02-26,1864.76
2019-02-26,5207.05
2019-02-26,3056.39
2019-02-27,5176.8
2019-02-27,351.84
2019-02-28,146.35
2019-02-28,334.14
2019-03-01,46079.52
2019-03-01,223.63
2019-03-01,196.47
2019-03-02,307.34
2019-03-02,941.25
2019-03-03,2677.34
2019-03-03,824.94
2019-03-03,2971.52
2019-03-03,626.9
2019-03-04,6927.22
2019-03-04,625.1
2019-03-04,626.58
2019-03-04,2927.52
2019-03-05,4387.47
2019-03-06,5519.31
2019-03-06,23465.16
2019-03-06,3230.58
2019-03-06,182.27
2019-03-06,181.57
2019-03-07,206.14
2019-03-07,160.61
2019-03-07,434.59
2019-03-07,352.89
2019-03-08,23232.05
2019-03-09,2870.64
2019-03-09,8351.13
2019-03-09,8448.99
2019-03-09,165.96
2019-03-09,181.57
2019-03-11,1295.71
2019-03-12,2205.68
2019-03-12,3450.89
2019-03-12,474.05
2019-03-13,2794.2
2019-03-14,2683.09
2019-03-14,207.92
2019-03-15,44565.02
2019-03-15,2426.06
2019-03-15,2667.26
2019-03-16,8252.31
2019-03-16,192.49
2019-03-16,2424.61
2019-03-16,463.89
2019-03-17,1319.01
2019-03-17,6956.02
2019-03-17,197.52
2019-03-17,562.87
2019-03-18,3796.41
2019-03-18,5188.22
2019-03-18,365.1
2019-03-19,212.27
2019-03-19,191.9
2019-03-20,150.5
2019-03-20,144.31
2019-03-20,8675.42
2019-03-20,4130.01
2019-03-20,570.7
2019-03-20,539.87
2019-03-20,569.72
2019-03-21,2787.0
2019-03-21,3373.49
2019-03-21,193.66
2019-03-21,728.41
2019-03-22,6998.92
2019-03-23,880.77
2019-03-23,3514.06
2019-03-24,1269.07
2019-03-24,2728.77
2019-03-24,3294.51
2019-03-26,296.46
2019-03-26,653.84
2019-03-27,7965.89
2019-03-27,697.43
2019-03-27,2734.38
2019-03-29,44479.59
2019-03-29,190.83
2019-03-29,2659.6
2019-03-30,176.49
2019-03-30,636.3
2019-03-30,193.51
2019-03-30,184.08
2019-03-31,225.02
2019-04-01,3557.34
2019-04-01,1205.33
2019-04-01,475.75
2019-04-02,454.3
2019-04-02,1182.78
2019-04-02,4645.18
2019-04-02,309.86
2019-04-03,163.24
2019-04-03,1335.95
2019-04-03,524.96
2019-04-03,727.83
2019-04-03,448.69
2019-04-04,2661.76
2019-04-04,467.05
2019-04-06,3600.63
2019-04-06,301.98
2019-04-06,3566.5
2019-04-06,2964.03
2019-04-06,1535.77
2019-04-07,421.85
2019-04-07,8600.84
2019-04-07,4823.08
2019-04-07,1448.56
2019-04-07,703.5
2019-04-08,8639.82
2019-04-08,3783.73
2019-04-08,623.73
2019-04-09,3810.92
2019-04-10,2562.65
2019-04-11,287.99
2019-04-11,505.76
2019-04-11,569.53
2019-04-12,190.78
2019-04-12,5246.0
2019-04-12,45024.58
2019-04-12,1411.53
2019-04-13,8141.15
2019-04-14,8404.06
2019-04-14,743.01
2019-04-14,488.81
2019-04-15,2527.02
2019-04-15,1164.25
2019-04-15,691.86
2019-04-16,4788.63
2019-04-16,3540.34
2019-04-16,243.58
2019-04-16,4667.24
2019-04-16,463.09
2019-04-16,916.81
2019-04-16,3776.72
2019-04-16,1179.34
2019-04-16,1228.11
2019-04-17,1302.67
2019-04-17,211.71
2019-04-17,957.01
2019-04-17,3613.89
2019-04-18,7592.08
2019-04-18,1559.99
2019-04-18,3896.18
2019-04-18,2400.0
2019-04-19,755.97
2019-04-20,294.4
2019-04-20,2690.99
2019-04-20,1196.02
2019-04-21,167.15
2019-04-21,235.31
2019-04-21,609.69
2019-04-21,956.14
2019-04-21,939.75
2019-04-22,4354.13
2019-04-22,4804.61
2019-04-22,568.8
2019-04-22,4865.74
2019-04-23,2718.47
2019-04-23,2531.75
2019-04-23,2975.04
2019-04-23,676.95
2019-04-24,277.8
2019-04-26,42783.69
2019-04-26,2499.95
2019-04-26,3735.87
2019-04-26,678.62
2019-04-27,206.63
2019-04-27,207.68
2019-04-28,285.83
2019-04-28,8103.93
2019-04-28,3628.34
2019-04-28,570.13
2019-04-28,210.81
2019-04-28,469.52
2019-04-29,3680.65
2019-04-29,10541.12
2019-04-29,152.75
2019-04-29,419.7
2019-04-29,196.8
2019-04-30,213.7
2019-04-30,3577.22
2019-04-30,5111.07
2019-05-01,3728.75
2019-05-03,8084.36
2019-05-03,1288.64
2019-05-03,290.2
2019-05-03,5623.17
2019-05-03,4017.31
2019-05-04,5410.64
2019-05-04,5216.66
2019-05-05,779.14
2019-05-06,3824.97
2019-05-06,5583.16
2019-05-06,3669.23
2019-05-06,5457.87
2019-05-06,409.19
2019-05-06,1250.66
2019-05-07,3415.94
2019-05-07,494.32
2019-05-07,23543.32
2019-05-08,402.81
2019-05-08,398.22
2019-05-09,5714.58
2019-05-09,7783.46
2019-05-09,180.93
2019-05-09,3419.84
2019-05-10,43452.98
2019-05-10,932.22
2019-05-10,383.56
2019-05-11,215.21
2019-05-11,154.11
2019-05-11,195.45
2019-05-11,673.02
2019-05-11,288.14
2019-05-12,23730.95
2019-05-13,308.96
2019-05-15,8156.13
2019-05-15,379.16
2019-05-15,8444.78
2019-05-15,5764.07
2019-05-15,3597.81
2019-05-15,644.02
2019-05-16,413.96
2019-05-16,578.93
2019-05-17,8080.37
2019-05-17,383.03
2019-05-17,1006.7
2019-05-17,405.6
2019-05-18,8214.63
2019-05-18,194.16
2019-05-18,422.08
2019-05-18,3300.86
2019-05-20,153.49
2019-05-20,395.0
2019-05-21,710.48
2019-05-22,489.03
2019-05-22,188.33
2019-05-23,5437.47
2019-05-23,833.67
2019-05-23,515.52
2019-05-23,396.33
2019-05-23,218.41
2019-05-23,3317.35
2019-05-24,43478.43
2019-05-24,828.21
2019-05-24,158.95
2019-05-25,3653.56
2019-05-25,399.51
2019-05-26,207.24
2019-05-26,1377.91
2019-05-26,223.5
2019-05-26,433.75
2019-05-26,415.12
2019-05-26,545.18
2019-05-26,706.05
2019-05-27,3415.45
2019-05-28,420.52
2019-05-28,958.01
2019-05-28,410.9
2019-05-28,975.18
2019-05-29,3445.44
2019-05-29,671.11
2019-05-30,1393.67
2019-05-30,3528.95
2019-05-30,5570.15
2019-05-30,539.62
2019-05-31,996.69
2019-05-31,902.76
2019-06-01,1547.21
2019-06-01,194.97
2019-06-01,1918.91
2019-06-01,842.48
2019-06-01,309.76
2019-06-02,2420.56
2019-06-02,147.36
2019-06-02,8217.82
2019-06-02,1982.53
2019-06-02,604.94
2019-06-02,3290.82
2019-06-03,1774.19
2019-06-03,154.03
2019-06-03,997.22
2019-06-04,5023.96
2019-06-04,148.97
2019-06-05,216.12
2019-06-05,1884.67
2019-06-05,1027.42
2019-06-05,3234.15
2019-06-06,1486.42
2019-06-06,3390.54
2019-06-06,8441.15
2019-06-06,3747.24
2019-06-06,1517.87
2019-06-06,3269.48
2019-06-07,46265.66
2019-06-07,549.27
2019-06-07,188.56
2019-06-07,879.25
2019-06-08,4963.3
2019-06-08,8311.09
2019-06-09,1402.24
2019-06-09,824.41
2019-06-10,1476.41
2019-06-10,1020.72
2019-06-11,7658.91
2019-06-11,1585.54
2019-06-11,312.06
2019-06-11,1534.72
2019-06-11,807.7
2019-06-11,577.3
2019-06-11,1000.34
2019-06-12,159.71
2019-06-12,313.98
2019-06-14,1803.02
2019-06-16,206.73
2019-06-16,2908.65
2019-06-16,811.61
2019-06-16,154.93
2019-06-17,1326.07
2019-06-17,833.46
2019-06-18,420.78
2019-06-18,3951.02
2019-06-19,8967.86
2019-06-19,1489.25
2019-06-19,8286.68
2019-06-19,3352.5
2019-06-19,157.19
2019-06-20,3295.5
2019-06-20,155.62
2019-06-20,159.92
2019-06-20,2650.73
2019-06-21,43178.85
2019-06-21,404.09
2019-06-21,5427.54
2019-06-22,8989.75
2019-06-23,212.97
2019-06-23,452.86
2019-06-24,208.94
2019-06-25,2408.91
2019-06-25,1041.05
2019-06-25,537.66
2019-06-26,8843.13
2019-06-26,8334.9
2019-06-26,3223.81
2019-06-26,3009.19
2019-06-27,3021.93
2019-06-28,2724.63
2019-06-30,1289.35
2019-06-30,1502.87
2019-06-30,827.88
2019-06-30,454.09
2019-06-30,454.94
2019-07-01,5967.97
2019-07-01,2504.6
2019-07-02,336.45
2019-07-02,140.44
2019-07-02,488.21
2019-07-03,201.17
2019-07-03,2693.4
2019-07-04,206.5
2019-07-04,2465.61
2019-07-04,226.02
2019-07-04,313.23
2019-07-05,2539.75
2019-07-05,3368.81
2019-07-05,62918.91
2019-07-05,2279.9
2019-07-05,3357.47
2019-07-06,1581.99
2019-07-06,478.21
2019-07-07,381.3
2019-07-07,8358.0
2019-07-07,660.68
2019-07-08,2372.47
2019-07-08,8425.93
2019-07-09,388.13
2019-07-09,343.18
2019-07-09,203.85
2019-07-10,1717.06
2019-07-10,530.73
2019-07-10,536.43
2019-07-10,709.38
2019-07-10,2651.57
2019-07-11,800.26
2019-07-11,411.05
2019-07-11,355.32
2019-07-11,1410.12
2019-07-11,1288.99
2019-07-12,1691.09
2019-07-12,332.1
2019-07-12,2595.06
2019-07-12,324.45
2019-07-12,188.77
2019-07-12,585.72
2019-07-13,2313.05
2019-07-13,1507.28
2019-07-13,2279.74
2019-07-13,345.13
2019-07-14,8993.8
2019-07-14,349.96
2019-07-14,2813.54
2019-07-14,732.58
2019-07-14,710.31
2019-07-14,659.9
2019-07-15,329.79
2019-07-16,2729.35
2019-07-16,161.8
2019-07-16,224.43
2019-07-17,2719.3
2019-07-17,506.16
2019-07-17,2488.31
2019-07-18,209.41
2019-07-18,532.26
2019-07-18,483.25
2019-07-18,319.84
2019-07-19,65194.21
2019-07-19,384.66
2019-07-19,217.33
2019-07-19,2181.51
2019-07-19,692.36
2019-07-19,680.69
2019-07-20,8033.08
2019-07-20,559.45
2019-07-20,1526.97
2019-07-20,1273.6
2019-07-21,8314.94
2019-07-21,151.8
2019-07-21,844.91
2019-07-21,486.1
2019-07-21,2330.56
2019-07-21,1265.59
2019-07-22,2515.51
2019-07-22,651.86
2019-07-23,5083.78
2019-07-24,1298.54
2019-07-24,2307.5
2019-07-24,2786.75
2019-07-24,345.83
2019-07-24,2589.62
2019-07-25,2373.59
2019-07-25,139.24
2019-07-25,577.92
2019-07-25,336.25
2019-07-26,226.25
2019-07-26,318.1
2019-07-26,3568.22
2019-07-27,2359.1
2019-07-27,662.98
2019-07-28,976.44
2019-07-28,942.31
2019-07-29,1733.23
2019-07-30,1260.72
2019-07-30,2433.02
2019-07-30,565.9
2019-07-31,194.56
2019-07-31,223.08
2019-08-01,466.97
2019-08-02,64085.11
2019-08-02,3144.96
2019-08-02,3326.2
2019-08-02,343.06
2019-08-03,8122.37
2019-08-03,463.69
2019-08-04,166.92
2019-08-04,529.16
2019-08-04,1690.06
2019-08-04,619.17
2019-08-04,3094.4
2019-08-04,3112.24
2019-08-05,3006.56
2019-08-05,187.74
2019-08-05,1337.57
2019-08-05,1168.68
2019-08-06,142.07
2019-08-06,600.06
2019-08-06,597.31
2019-08-07,1579.57
2019-08-07,476.85
2019-08-07,143.5
2019-08-08,1721.41
2019-08-08,611.9
2019-08-09,4001.14
2019-08-09,137.34
2019-08-10,626.82
2019-08-11,138.41
2019-08-11,3403.18
2019-08-12,1742.7
2019-08-12,5416.43
2019-08-12,191.42
2019-08-12,192.12
2019-08-12,570.6
2019-08-12,436.46
2019-08-13,780.34
2019-08-13,1405.66
2019-08-13,139.43
2019-08-14,305.64
2019-08-14,7822.56
2019-08-14,1759.74
2019-08-14,148.84
2019-08-15,147.5
2019-08-15,227.07
2019-08-16,66323.7
2019-08-16,407.33
2019-08-16,347.16
2019-08-17,541.21
2019-08-17,138.43
2019-08-17,143.24
2019-08-18,1126.34
2019-08-18,490.45
2019-08-18,813.9
2019-08-18,468.39
2019-08-19,8770.03
2019-08-19,3322.95
2019-08-20,8907.87
2019-08-20,1563.41
2019-08-21,1325.42
2019-08-21,226.83
2019-08-21,8359.8
2019-08-21,302.25
2019-08-21,8456.97
2019-08-22,386.79
2019-08-22,8106.69
2019-08-23,639.31
2019-08-23,332.28
2019-08-23,152.71
2019-08-24,8269.12
2019-08-24,597.19
2019-08-24,561.58
2019-08-25,3167.36
2019-08-25,576.09
2019-08-25,140.52
2019-08-25,144.9
2019-08-26,456.35
2019-08-26,1007.38
2019-08-26,146.86
2019-08-26,137.41
2019-08-27,1739.21
2019-08-27,150.05
2019-08-27,548.96
2019-08-28,605.77
2019-08-29,376.96
2019-08-29,157.17
2019-08-29,196.57
2019-08-30,67511.5
2019-08-30,419.34
2019-08-30,220.75
2019-08-30,337.24
2019-08-31,3071.03
2019-08-31,144.84
2019-08-31,3490.36
2019-09-01,7646.7
2019-09-01,167.35
2019-09-01,1824.12
2019-09-01,1484.04
2019-09-03,959.07
2019-09-05,9504.31
2019-09-05,3305.27
2019-09-05,3144.55
2019-09-06,792.72
2019-09-06,3147.49
2019-09-06,9935.19
2019-09-06,387.22
2019-09-06,8076.08
2019-09-06,2039.07
2019-09-06,152.48
2019-09-06,472.9
2019-09-06,145.16
2019-09-06,1219.38
2019-09-07,992.67
2019-09-07,995.52
2019-09-07,911.46
2019-09-07,155.75
2019-09-08,10946.9
2019-09-08,116.81
2019-09-08,1224.64
2019-09-09,10130.0
2019-09-09,160.77
2019-09-09,1501.08
2019-09-09,1501.37
2019-09-10,4138.51
2019-09-10,593.85
2019-09-11,189.72
2019-09-11,3249.57
2019-09-11,282.59
2019-09-11,2532.28
2019-09-11,1199.09
2019-09-12,957.64
2019-09-12,1218.11
2019-09-12,888.8
2019-09-13,68118.93
2019-09-13,158.06
2019-09-14,3315.8
2019-09-14,1023.54
2019-09-14,2067.55
2019-09-14,222.14
2019-09-14,1490.46
2019-09-14,3272.83
2019-09-14,9199.89
2019-09-14,1327.69
2019-09-14,2812.36
2019-09-14,3135.32
2019-09-14,450.7
2019-09-15,905.17
2019-09-15,9844.44
2019-09-15,8163.2
2019-09-15,919.77
2019-09-16,192.49
2019-09-16,5068.43
2019-09-16,803.15
2019-09-16,544.02
2019-09-17,778.22
2019-09-17,1257.95
2019-09-17,8073.43
2019-09-17,5409.28
2019-09-18,9691.96
2019-09-19,3261.73
2019-09-19,406.28
2019-09-19,1310.55
2019-09-19,535.3
2019-09-19,2692.36
2019-09-19,1310.43
2019-09-19,1148.04
2019-09-21,951.04
2019-09-21,1266.06
2019-09-22,134.84
2019-09-22,1208.26
2019-09-22,1253.33
2019-09-23,1518.33
2019-09-23,163.21
2019-09-23,144.95
2019-09-23,509.16
2019-09-24,118.72
2019-09-25,8259.41
2019-09-25,9600.09
2019-09-25,297.14
2019-09-25,133.25
2019-09-26,407.47
2019-09-26,1282.72
2019-09-26,3054.74
2019-09-27,62150.48
2019-09-27,201.62
2019-09-27,210.24
2019-09-27,9024.34
2019-09-27,922.46
2019-09-28,1318.5
2019-09-28,1015.24
2019-09-28,1289.31
2019-09-29,1359.88
2019-09-29,225.44
2019-09-30,9542.5
2019-09-30,973.88
2019-09-30,1440.81
2019-09-30,142.2
2018-01-01,34.47
2018-01-01,1722.01
2018-01-01,116.0
2018-01-02,3690.12
2018-01-02,720.95
2018-01-02,188.77
2018-01-03,381.19
2018-01-03,1301.4
2018-01-03,554.73
2018-01-03,6710.98
2018-01-04,1423.08
2018-01-04,2366.08
2018-01-04,559.61
2018-01-04,220.19
2018-01-04,390.94
2018-01-04,43271.2
2018-01-04,329.01
2018-01-05,298.19
2018-01-05,5251.36
2018-01-05,564.79
2018-01-05,784.01
2018-01-05,2904.21
2018-01-05,712.26
2018-01-05,289.32
2018-01-06,592.19
2018-01-06,2138.69
2018-01-06,127.88
2018-01-06,367.77
2018-01-06,7953.52
2018-01-07,1434.85
2018-01-08,798.3
2018-01-08,1157.01
2018-01-09,4782.61
2018-01-09,1305.89
2018-01-09,1200.42
2018-01-09,1983.91
2018-01-09,300.0
2018-01-09,559.29
2018-01-10,2158.4
2018-01-10,264.37
2018-01-10,439.88
2018-01-10,773.07
2018-01-10,2098.83
2018-01-10,1813.41
2018-01-10,819.32
2018-01-10,6805.12
2018-01-11,313.7
2018-01-11,707.1
2018-01-11,50578.37
2018-01-11,1076.8
2018-01-12,1739.38
2018-01-12,3765.97
2018-01-12,850.0
2018-01-12,343.5
2018-01-12,690.66
2018-01-12,2971.11
2018-01-13,131.76
2018-01-13,1143.09
2018-01-13,941.07
2018-01-13,2513.01
2018-01-14,45739.84
2018-01-14,300.0
2018-01-15,1794.63
2018-01-15,833.71
2018-01-15,149.0
2018-01-15,237.48
2018-01-16,412.32
2018-01-16,7545.04
2018-01-16,187.0
2018-01-17,712.64
2018-01-17,489.1
2018-01-18,1550.25
2018-01-18,2272.87
2018-01-18,175.31
2018-01-18,4670.64
2018-01-18,296.76
2018-01-19,116.0
2018-01-20,4507.02
2018-01-20,4429.38
2018-01-20,631.19
2018-01-20,991.3
2018-01-20,272.74
2018-01-20,2421.9
2018-01-21,288.0
2018-01-21,3583.44
2018-01-21,322.01
2018-01-21,51984.61
2018-01-21,2594.14
2018-01-21,346.91
2018-01-22,7610.06
2018-01-22,38749.41
2018-01-22,6837.82
2018-01-22,5983.69
2018-01-22,117.59
2018-01-23,243.93
2018-01-23,779.77
2018-01-23,267.34
2018-01-23,2103.52
2018-01-24,145.6
2018-01-24,82.2
2018-01-24,38906.12
2018-01-24,1240.28
2018-01-24,328.67
2018-01-25,167.19
2018-01-25,439.44
2018-01-26,8142.45
2018-01-26,996.01
2018-01-26,42260.69
2018-01-26,309.91
2018-01-26,101.55
2018-01-27,432.03
2018-01-27,187.0
2018-01-27,386.4
2018-01-27,3909.49
2018-01-27,2778.55
2018-01-29,746.78
2018-01-29,4062.01
2018-01-29,1987.08
2018-01-30,116.0
2018-01-30,1797.25
2018-02-01,523.46
2018-02-01,3058.43
2018-02-02,41465.79
2018-02-02,3034.93
2018-02-02,632.42
2018-02-02,559.61
2018-02-02,51917.28
2018-02-03,1204.76
2018-02-03,6245.92
2018-02-03,272.38
2018-02-03,108.34
2018-02-03,1391.19
2018-02-03,698.71
2018-02-04,14508.05
2018-02-04,1079.95
2018-02-04,651.08
2018-02-04,7696.22
2018-02-05,2958.71
2018-02-05,491.94
2018-02-05,614.7
2018-02-05,1112.43
2018-02-05,8736.47
2018-02-05,305.99
2018-02-05,607.08
2018-02-06,3196.67
2018-02-06,471.6
2018-02-06,401.39
2018-02-06,4260.32
2018-02-07,2139.59
2018-02-08,2633.51
2018-02-08,705.49
2018-02-08,4570.0
2018-02-08,3015.27
2018-02-09,3757.07
2018-02-09,1301.93
2018-02-09,463.55
2018-02-10,4383.04
2018-02-10,288.0
2018-02-10,116.0
2018-02-10,288.0
2018-02-10,4641.64
2018-02-10,937.52
2018-02-10,90.12
2018-02-10,3291.18
2018-02-11,417.21
2018-02-11,279.28
2018-02-11,279.09
2018-02-11,1467.79
2018-02-11,210.57
2018-02-11,1837.28
2018-02-12,39793.23
2018-02-12,2613.51
2018-02-12,948.23
2018-02-12,989.27
2018-02-12,4677.29
2018-02-12,672.68
2018-02-12,187.0
2018-02-13,3114.36
2018-02-13,668.07
2018-02-13,2624.96
2018-02-13,1679.85
2018-02-14,1276.15
2018-02-14,352.44
2018-02-14,1444.72
2018-02-15,4920.74
2018-02-15,3113.57
2018-02-15,8462.13
2018-02-15,149.0
2018-02-15,172.02
2018-02-15,841.0
2018-02-15,294.65
2018-02-15,38622.51
2018-02-16,401.93
2018-02-16,1263.38
2018-02-16,1230.59
2018-02-17,7676.24
2018-02-17,288.0
2018-02-18,437.16
2018-02-18,1499.25
2018-02-18,4201.13
2018-02-18,5083.65
2018-02-19,406.41
2018-02-19,4048.72
2018-02-19,1523.81
2018-02-19,1437.86
2018-02-20,1456.69
2018-02-20,1426.8
2018-02-20,458.29
2018-02-20,1358.66
2018-02-21,924.06
2018-02-21,2304.39
2018-02-22,8531.19
2018-02-22,517.29
2018-02-22,517.22
2018-02-23,390.81
2018-02-23,288.0
2018-02-23,546.2
2018-02-23,3449.58
2018-02-24,489.03
2018-02-24,1552.11
2018-02-24,843.17
2018-02-24,234.13
2018-02-24,3218.87
2018-02-24,584.0
2018-02-24,51651.89
2018-02-25,140.08
2018-02-25,284.75
2018-02-25,242.85
2018-02-26,1402.3
2018-02-26,129.79
2018-02-26,58513.32
2018-02-26,213.7
2018-02-26,1673.6
2018-02-26,289.1
2018-02-26,3735.78
2018-02-26,116.0
2018-02-27,2525.27
2018-02-27,47173.03
2018-02-27,1038.68
2018-02-27,2186.59
2018-02-27,392.65
2018-02-27,2802.27
2018-02-28,125.91
2018-02-28,14701.11
2018-02-28,2967.41
2018-02-28,116.0
2018-02-28,432.0
2018-02-28,351.28
2018-02-28,116.0
2018-02-28,852.76
2018-03-01,2609.63
2018-03-01,5955.09
2018-03-01,336.3
2018-03-01,160.23
2018-03-01,1715.11
2018-03-02,1373.15
2018-03-02,116.0
2018-03-02,794.97
2018-03-02,300.0
2018-03-03,717.97
2018-03-03,4120.65
2018-03-03,149.0
2018-03-04,8637.27
2018-03-04,5484.88
2018-03-04,3204.59
2018-03-04,205.02
2018-03-04,289.07
2018-03-04,753.67
2018-03-04,116.0
2018-03-04,38309.59
2018-03-05,1870.21
2018-03-05,1493.53
2018-03-05,1304.01
2018-03-05,2135.52
2018-03-05,528.28
2018-03-06,2095.27
2018-03-06,182.96
2018-03-06,288.0
2018-03-07,1228.91
2018-03-07,639.89
2018-03-07,8303.95
2018-03-07,1695.62
2018-03-07,288.0
2018-03-07,104.8
2018-03-07,660.84
2018-03-07,968.33
2018-03-07,1351.34
2018-03-07,272.64
2018-03-07,149.0
2018-03-07,676.25
2018-03-08,1073.62
2018-03-08,321.92
2018-03-08,720.7
2018-03-08,288.0
2018-03-08,344.98
2018-03-08,4832.44
2018-03-08,264.98
2018-03-09,346.74
2018-03-09,1657.74
2018-03-09,8419.12
2018-03-10,1092.72
2018-03-10,180.72
2018-03-10,8682.66
2018-03-10,4031.43
2018-03-10,417.74
2018-03-10,1196.89
2018-03-11,872.17
2018-03-11,271.79
2018-03-11,473.5
2018-03-11,116.0
2018-03-11,8411.77
2018-03-11,626.75
2018-03-11,288.0
2018-03-11,229.56
2018-03-11,448.26
2018-03-11,1674.87
2018-03-11,2486.88
2018-03-11,116.0
2018-03-11,1318.17
2018-03-12,190.66
2018-03-12,4261.96
2018-03-12,1856.68
2018-03-12,1269.29
2018-03-12,1049.71
2018-03-13,1088.71
2018-03-13,1495.47
2018-03-13,2989.49
2018-03-13,2817.89
2018-03-13,305.82
2018-03-13,1464.76
2018-03-14,1546.33
2018-03-14,42767.31
2018-03-14,559.27
2018-03-14,2759.86
2018-03-14,931.49
2018-03-14,63.11
2018-03-14,1583.3
2018-03-14,669.69
2018-03-15,1241.52
2018-03-15,2718.82
2018-03-15,425.12
2018-03-15,2362.83
2018-03-15,7041.49
2018-03-15,5082.06
2018-03-15,7990.0
2018-03-15,1253.44
2018-03-15,1523.8
2018-03-16,233.15
2018-03-16,229.98
2018-03-16,424.61
2018-03-16,165.7
2018-03-17,335.12
2018-03-17,183.32
2018-03-18,2279.01
2018-03-18,3573.84
2018-03-18,35206.41
2018-03-18,288.0
2018-03-18,2407.43
2018-03-18,1023.42
2018-03-18,2918.13
2018-03-18,4411.32
2018-03-18,635.91
2018-03-19,4730.86
2018-03-19,523.85
2018-03-19,1916.49
2018-03-19,300.0
2018-03-19,3414.33
2018-03-19,652.02
2018-03-20,809.89
2018-03-20,371.79
2018-03-21,8420.62
2018-03-21,1705.38
2018-03-21,209.49
2018-03-22,431.87
2018-03-22,3482.54
2018-03-22,1504.26
2018-03-22,626.41
2018-03-23,288.0
2018-03-23,2844.84
2018-03-23,726.27
2018-03-24,641.08
2018-03-24,3138.36
2018-03-24,42835.65
2018-03-24,2964.71
2018-03-24,3566.19
2018-03-24,288.0
2018-03-25,116.0
2018-03-26,1307.85
2018-03-26,2688.47
2018-03-26,300.0
2018-03-26,116.0
2018-03-26,3325.09
2018-03-26,288.0
2018-03-26,937.74
2018-03-26,5887.05
2018-03-27,1756.65
2018-03-27,187.0
2018-03-27,300.0
2018-03-28,278.24
2018-03-28,116.0
2018-03-28,116.0
2018-03-29,198.73
2018-03-29,2851.31
2018-03-29,4525.56
2018-03-29,971.3
2018-03-29,3436.81
2018-03-29,1571.19
2018-03-30,373.41
2018-03-30,116.0
2018-03-30,1288.29
2018-03-30,3814.04
2018-03-30,4390.38
2018-03-31,116.0
2018-03-31,371.33
2018-03-31,264.12
2018-03-31,270.42
2018-03-31,276.62
2018-03-31,306.21
2018-04-01,1097.85
2018-04-01,468.49
2018-04-01,4464.92
2018-04-01,749.83
2018-04-01,1209.95
2018-04-01,545.7
2018-04-01,3737.46
2018-04-02,288.0
2018-04-02,841.93
2018-04-02,230.22
2018-04-02,552.36
2018-04-02,452.47
2018-04-03,904.33
2018-04-03,860.04
2018-04-03,2467.37
2018-04-03,8292.7
2018-04-03,976.2
2018-04-04,1851.51
2018-04-04,372.86
2018-04-04,2025.56
2018-04-04,913.15
2018-04-04,8001.03
2018-04-04,288.0
2018-04-04,1035.42
2018-04-04,1488.39
2018-04-05,300.0
2018-04-05,4155.1
2018-04-05,300.0
2018-04-05,2979.29
2018-04-05,734.79
2018-04-06,339.91
2018-04-07,683.69
2018-04-07,443.56
2018-04-07,2477.96
2018-04-07,5385.57
2018-04-07,176.51
2018-04-08,1412.91
2018-04-08,1591.64
2018-04-08,47566.28
2018-04-08,288.0
2018-04-09,286.65
2018-04-09,762.41
2018-04-09,4004.28
2018-04-09,479.91
2018-04-09,308.86
2018-04-09,288.0
2018-04-09,436.38
2018-04-09,494.43
2018-04-10,37608.1
2018-04-10,116.0
2018-04-10,1187.67
2018-04-10,169.17
2018-04-10,2664.41
2018-04-10,456.44
2018-04-11,28930.95
2018-04-11,1970.07
2018-04-11,2674.21
2018-04-11,3640.8
2018-04-11,116.0
2018-04-12,1001.36
2018-04-12,7603.84
2018-04-12,361.05
2018-04-12,2782.86
2018-04-12,1292.2
2018-04-13,416.17
2018-04-13,1057.11
2018-04-13,3529.76
2018-04-13,963.42
2018-04-13,2773.71
2018-04-14,1862.0
2018-04-14,678.63
2018-04-14,443.78
2018-04-14,455.34
2018-04-14,729.45
2018-04-15,3834.63
2018-04-15,863.63
2018-04-15,116.0
2018-04-15,558.74
2018-04-15,8796.7
2018-04-16,288.0
2018-04-16,788.37
2018-04-16,260.52
2018-04-16,12588.12
2018-04-16,2960.66
2018-04-16,422.28
2018-04-17,60.0
2018-04-17,560.08
2018-04-17,116.0
2018-04-17,2856.68
2018-04-17,3985.4
2018-04-18,145.6
2018-04-18,116.0
2018-04-18,288.0
2018-04-18,478.76
2018-04-18,463.42
2018-04-18,658.51
2018-04-18,379.56
2018-04-18,2409.82
2018-04-18,171.85
2018-04-19,1049.51
2018-04-19,2373.78
2018-04-19,37667.92
2018-04-19,3343.58
2018-04-19,333.8
2018-04-19,116.0
2018-04-19,300.0
2018-04-19,5456.62
2018-04-19,291.55
2018-04-19,460.8
2018-04-20,149.0
2018-04-20,223.32
2018-04-20,590.48
2018-04-20,952.61
2018-04-21,169.8
2018-04-21,658.76
2018-04-21,116.0
2018-04-21,277.66
2018-04-21,5700.34
2018-04-21,116.0
2018-04-22,372.55
2018-04-22,2025.24
2018-04-22,393.57
2018-04-22,261.09
2018-04-22,356.15
2018-04-22,34.72
2018-04-22,379.85
2018-04-22,1924.13
2018-04-23,8269.39
2018-04-23,3048.13
2018-04-23,225.0
2018-04-23,120.79
2018-04-23,1970.2
2018-04-24,1219.46
2018-04-24,764.03
2018-04-24,287.93
2018-04-24,1583.13
2018-04-24,1030.99
2018-04-24,1732.03
2018-04-24,247.48
2018-04-24,769.31
2018-04-25,145.32
2018-04-25,278.19
2018-04-25,12420.95
2018-04-25,288.0
2018-04-25,317.53
2018-04-26,1451.05
2018-04-26,337.96
2018-04-26,605.35
2018-04-26,596.13
2018-04-26,302.5
2018-04-26,683.57
2018-04-26,2420.61
2018-04-26,116.0
2018-04-26,1207.76
2018-04-26,49436.77
2018-04-26,1950.66
2018-04-26,591.84
2018-04-27,2039.26
2018-04-27,423.36
2018-04-27,288.0
2018-04-27,2696.01
2018-04-27,2743.85
2018-04-28,794.3
2018-04-28,177.93
2018-04-28,3026.19
2018-04-28,1396.41
2018-04-28,1801.64
2018-04-28,394.47
2018-04-29,4043.87
2018-04-29,2479.88
2018-04-29,2199.04
2018-04-29,532.19
2018-04-29,62799.59
2018-04-30,35678.35
2018-04-30,953.34
2018-04-30,1152.98
2018-04-30,1341.12
2018-04-30,1224.49
2018-04-30,1035.4
2018-04-30,570.23
2018-04-30,2530.05
2018-05-01,951.2
2018-05-01,647.53
2018-05-01,1619.85
2018-05-01,502.32
2018-05-01,1223.96
2018-05-01,2127.44
2018-05-02,2590.2
2018-05-02,2722.19
2018-05-02,338.81
2018-05-02,2018.47
2018-05-02,116.0
2018-05-03,8065.67
2018-05-03,2652.14
2018-05-03,329.51
2018-05-03,850.0
2018-05-03,1961.32
2018-05-03,541.79
2018-05-03,48722.46
2018-05-03,2937.15
2018-05-03,3335.07
2018-05-04,2624.75
2018-05-04,192.72
2018-05-04,4157.99
2018-05-04,5000.0
2018-05-04,288.0
2018-05-05,45517.82
2018-05-05,1286.53
2018-05-05,1173.79
2018-05-05,262.1
2018-05-05,143.26
2018-05-06,63990.66
2018-05-06,370.99
2018-05-06,2498.61
2018-05-06,661.27
2018-05-06,814.45
2018-05-07,393.94
2018-05-07,369.5
2018-05-07,1166.98
2018-05-08,40246.74
2018-05-08,1049.42
2018-05-08,323.64
2018-05-08,231.48
2018-05-08,116.0
2018-05-08,3713.76
2018-05-09,116.0
2018-05-09,617.25
2018-05-09,7434.08
2018-05-09,296.46
2018-05-09,2486.18
2018-05-09,41600.71
2018-05-10,330.35
2018-05-10,2916.36
2018-05-10,681.64
2018-05-10,485.41
2018-05-10,2159.65
2018-05-11,229.66
2018-05-11,511.62
2018-05-11,3497.7
2018-05-11,1479.63
2018-05-12,2712.4
2018-05-12,2559.28
2018-05-13,899.55
2018-05-13,823.98
2018-05-13,861.63
2018-05-13,2404.29
2018-05-13,2025.93
2018-05-13,614.14
2018-05-14,906.27
2018-05-14,300.0
2018-05-14,2353.34
2018-05-14,149.0
2018-05-14,288.0
2018-05-15,46416.94
2018-05-15,288.0
2018-05-15,1416.99
2018-05-15,300.0
2018-05-16,271.92
2018-05-16,484.57
2018-05-16,310.07
2018-05-17,1234.84
2018-05-17,3897.07
2018-05-17,1937.56
2018-05-18,853.93
2018-05-18,1351.8
2018-05-18,449.75
2018-05-18,187.0
2018-05-18,41317.41
2018-05-19,463.29
2018-05-19,13480.45
2018-05-19,1336.42
2018-05-19,1625.65
2018-05-20,1391.55
2018-05-20,407.79
2018-05-20,289.98
2018-05-20,817.46
2018-05-20,354.61
2018-05-21,131.42
2018-05-21,2107.6
2018-05-21,684.4
2018-05-21,3337.03
2018-05-21,380.36
2018-05-21,1214.62
2018-05-22,300.0
2018-05-22,288.0
2018-05-22,288.0
2018-05-22,137.56
2018-05-22,3097.93
2018-05-22,2067.24
2018-05-22,8380.51
2018-05-22,3501.41
2018-05-23,1372.08
2018-05-23,5095.65
2018-05-23,800.34
2018-05-23,1365.34
2018-05-23,811.42
2018-05-23,35931.76
2018-05-23,730.89
2018-05-23,288.0
2018-05-23,34723.26
2018-05-24,6907.28
2018-05-24,526.17
2018-05-25,2238.82
2018-05-25,931.02
2018-05-25,658.14
2018-05-25,535.56
2018-05-26,2304.44
2018-05-27,1050.82
2018-05-27,675.16
2018-05-28,167.54
2018-05-28,45843.78
2018-05-28,7998.52
2018-05-28,278.8
2018-05-28,36701.32
2018-05-28,202.56
2018-05-29,940.37
2018-05-29,858.03
2018-05-30,1130.63
2018-05-30,1420.08
2018-05-30,2746.01
2018-05-30,116.0
2018-05-30,1100.32
2018-05-30,2629.42
2018-05-30,250.6
2018-05-30,3439.84
2018-05-30,2107.08
2018-05-31,187.0
2018-05-31,116.0
2018-05-31,1261.11
2018-05-31,1570.57
2018-05-31,629.93
2018-05-31,3768.86
2018-05-31,187.0
2018-05-31,564.62
2018-06-01,4489.62
2018-06-01,8953.06
2018-06-02,2867.93
2018-06-02,6875.5
2018-06-02,130.03
2018-06-02,3370.65
2018-06-03,1019.6
2018-06-03,3987.61
2018-06-03,742.29
2018-06-03,245.93
2018-06-04,455.27
2018-06-04,962.59
2018-06-04,838.21
2018-06-04,1154.94
2018-06-04,1439.87
2018-06-05,642.17
2018-06-05,1188.37
2018-06-05,4577.46
2018-06-05,187.0
2018-06-05,3918.36
2018-06-05,116.0
2018-06-05,301.11
2018-06-05,150.62
2018-06-05,881.0
2018-06-06,437.94
2018-06-06,8075.36
2018-06-06,2777.16
2018-06-06,288.0
2018-06-06,147.88
2018-06-06,3195.47
2018-06-06,383.91
2018-06-07,12214.53
2018-06-07,759.47
2018-06-07,116.0
2018-06-07,353.87
2018-06-07,1106.87
2018-06-08,116.0
2018-06-08,785.88
2018-06-08,1315.09
2018-06-08,69.16
2018-06-08,1398.82
2018-06-08,145.02
2018-06-08,4036.78
2018-06-09,779.4
2018-06-09,41362.59
2018-06-09,3090.63
2018-06-09,69.39
2018-06-09,397.61
2018-06-09,60.34
2018-06-10,187.0
2018-06-10,1290.54
2018-06-11,8783.69
2018-06-11,43127.43
2018-06-11,536.09
2018-06-11,468.43
2018-06-11,12749.75
2018-06-12,6331.71
2018-06-12,587.17
2018-06-12,740.56
2018-06-12,288.0
2018-06-12,2791.73
2018-06-13,3259.65
2018-06-13,3061.18
2018-06-13,555.29
2018-06-13,1575.23
2018-06-13,116.0
2018-06-13,641.34
2018-06-13,2391.37
2018-06-13,627.48
2018-06-14,825.39
2018-06-14,490.4
2018-06-15,1111.53
2018-06-15,736.06
2018-06-15,288.0
2018-06-15,497.59
2018-06-15,1086.31
2018-06-15,2941.09
2018-06-15,328.21
2018-06-15,376.19
2018-06-15,55535.43
2018-06-15,1029.24
2018-06-16,1956.61
2018-06-16,2652.67
2018-06-16,754.89
2018-06-16,1058.94
2018-06-16,1752.62
2018-06-16,1404.76
2018-06-16,339.67
2018-06-16,116.0
2018-06-16,684.17
2018-06-17,9894.69
2018-06-17,1768.51
2018-06-17,41585.43
2018-06-17,187.09
2018-06-18,4119.21
2018-06-18,1233.33
2018-06-19,3393.14
2018-06-19,3117.55
2018-06-19,5941.61
2018-06-19,817.22
2018-06-19,2411.64
2018-06-19,4408.55
2018-06-20,147.38
2018-06-20,2407.53
2018-06-20,1932.25
2018-06-20,37016.08
2018-06-20,42818.28
2018-06-20,388.21
2018-06-20,74.56
2018-06-21,677.86
2018-06-21,604.98
2018-06-21,536.55
2018-06-21,116.0
2018-06-22,300.0
2018-06-22,116.0
2018-06-22,2820.14
2018-06-22,5459.32
2018-06-23,2275.23
2018-06-23,1823.21
2018-06-23,1561.95
2018-06-23,1357.61
2018-06-23,12498.14
2018-06-23,956.71
2018-06-23,8081.03
2018-06-23,981.71
2018-06-24,404.31
2018-06-24,1008.58
2018-06-24,4206.6
2018-06-24,288.0
2018-06-24,46267.12
2018-06-25,529.13
2018-06-25,503.25
2018-06-25,613.49
2018-06-25,547.34
2018-06-25,2768.35
2018-06-25,149.0
2018-06-26,920.0
2018-06-26,1895.07
2018-06-26,427.85
2018-06-26,501.28
2018-06-26,223.08
2018-06-27,288.0
2018-06-27,2784.52
2018-06-27,491.67
2018-06-27,1103.56
2018-06-27,921.02
2018-06-27,799.79
2018-06-27,1126.18
2018-06-27,2468.49
2018-06-28,116.0
2018-06-28,198.81
2018-06-29,605.32
2018-06-29,1910.61
2018-06-29,460.43
2018-06-29,230.27
2018-06-29,782.05
2018-06-29,516.94
2018-06-29,2553.24
2018-06-29,724.47
2018-06-29,149.0
2018-06-29,2533.4
2018-06-29,1349.59
2018-06-29,814.83
2018-06-29,599.75
2018-06-30,6735.91
2018-06-30,453.36
2018-06-30,353.46
2018-06-30,200.0
2018-06-30,2358.51
2018-07-01,2174.78
2018-07-01,385.47
2018-07-01,149.0
2018-07-02,8656.61
2018-07-02,956.79
2018-07-02,2775.24
2018-07-02,159.72
2018-07-02,301.35
2018-07-03,3113.54
2018-07-03,648.18
2018-07-03,640.01
2018-07-03,2463.25
2018-07-04,921.03
2018-07-04,42117.09
2018-07-04,2474.76
2018-07-04,3854.44
2018-07-04,149.0
2018-07-04,527.05
2018-07-04,2815.32
2018-07-05,1489.87
2018-07-06,11583.88
2018-07-07,379.17
2018-07-07,116.0
2018-07-07,1662.31
2018-07-07,33.31
2018-07-07,481.36
2018-07-07,2449.17
2018-07-07,4126.45
2018-07-07,858.41
2018-07-08,770.88
2018-07-08,52762.45
2018-07-08,2129.03
2018-07-08,2426.73
2018-07-08,40113.86
2018-07-08,243.45
2018-07-10,1852.79
2018-07-10,179.05
2018-07-10,2729.42
2018-07-11,931.62
2018-07-11,722.61
2018-07-11,5950.44
2018-07-11,368.13
2018-07-11,729.52
2018-07-11,1695.08
2018-07-12,300.0
2018-07-12,371.65
2018-07-12,187.44
2018-07-13,3244.95
2018-07-13,2135.37
2018-07-13,37725.87
2018-07-13,1462.29
2018-07-13,6153.99
2018-07-14,3254.55
2018-07-14,1357.4
2018-07-14,3091.75
2018-07-14,168.05
2018-07-14,2149.78
2018-07-14,2790.15
2018-07-14,143.06
2018-07-15,253.82
2018-07-15,5572.09
2018-07-15,5256.29
2018-07-15,47421.89
2018-07-16,2000.2
2018-07-16,952.34
2018-07-16,116.0
2018-07-16,1053.32
2018-07-16,164.41
2018-07-16,259.51
2018-07-16,152.15
2018-07-16,300.0
2018-07-16,1715.8
2018-07-16,1176.57
2018-07-17,258.09
2018-07-17,4214.62
2018-07-17,531.96
2018-07-17,2116.02
2018-07-18,1782.67
2018-07-18,5876.53
2018-07-18,945.12
2018-07-18,762.85
2018-07-19,1941.2
2018-07-19,187.0
2018-07-19,669.16
2018-07-19,73.33
2018-07-19,1078.97
2018-07-19,45802.36
2018-07-20,899.36
2018-07-21,1949.91
2018-07-21,8590.92
2018-07-21,1372.6
2018-07-21,1821.85
2018-07-22,180.31
2018-07-22,682.66
2018-07-22,667.25
2018-07-22,2935.64
2018-07-23,8569.35
2018-07-23,724.7
2018-07-23,1977.66
2018-07-23,288.0
2018-07-23,300.0
2018-07-24,45435.29
2018-07-24,1305.49
2018-07-24,541.52
2018-07-24,10344.12
2018-07-24,288.0
2018-07-24,6443.89
2018-07-25,2144.03
2018-07-25,195.46
2018-07-25,2444.05
2018-07-25,149.0
2018-07-25,6665.56
2018-07-25,1713.54
2018-07-25,475.51
2018-07-25,151.7
2018-07-25,2593.68
2018-07-25,650.05
2018-07-26,491.94
2018-07-26,150.48
2018-07-26,961.25
2018-07-26,68241.2
2018-07-26,8046.59
2018-07-26,523.5
2018-07-27,3233.7
2018-07-27,5907.07
2018-07-27,1896.2
2018-07-27,3759.27
2018-07-27,1323.74
2018-07-28,5548.53
2018-07-28,288.0
2018-07-28,4162.8
2018-07-28,1613.91
2018-07-29,340.93
2018-07-29,1407.88
2018-07-29,3836.07
2018-07-29,6373.81
2018-07-29,237.73
2018-07-30,754.47
2018-07-30,657.62
2018-07-30,776.0
2018-07-30,651.28
2018-07-30,45894.24
2018-07-31,980.42
2018-07-31,218.29
2018-07-31,1223.91
2018-07-31,378.06
2018-08-01,269.42
2018-08-01,2608.2
2018-08-01,1657.85
2018-08-02,703.5
2018-08-02,607.77
2018-08-02,3962.54
2018-08-02,60.0
2018-08-02,7881.55
2018-08-02,124.8
2018-08-02,3827.59
2018-08-02,161.91
2018-08-03,540.12
2018-08-03,625.52
2018-08-03,254.91
2018-08-03,992.74
2018-08-03,116.0
2018-08-04,1580.0
2018-08-04,5000.0
2018-08-04,2250.69
2018-08-05,3519.91
2018-08-05,1090.93
2018-08-05,1063.79
2018-08-05,698.37
2018-08-05,8336.57
2018-08-05,300.0
2018-08-05,8171.27
2018-08-06,57328.47
2018-08-06,630.33
2018-08-07,105.08
2018-08-08,1512.87
2018-08-08,609.5
2018-08-08,5674.55
2018-08-08,2231.92
2018-08-08,116.0
2018-08-09,8177.52
2018-08-09,382.48
2018-08-10,454.58
2018-08-10,2884.37
2018-08-10,2159.76
2018-08-10,53031.42
2018-08-10,8860.99
2018-08-10,345.02
2018-08-10,477.93
2018-08-11,193.37
2018-08-11,1081.48
2018-08-11,5835.99
2018-08-12,309.52
2018-08-12,3397.04
2018-08-12,140.67
2018-08-13,1046.83
2018-08-13,413.64
2018-08-13,116.0
2018-08-13,1567.0
2018-08-14,3594.37
2018-08-14,4256.79
2018-08-14,149.79
2018-08-14,1527.84
2018-08-14,1659.67
2018-08-14,1130.9
2018-08-15,132.84
2018-08-16,288.0
2018-08-16,46185.36
2018-08-16,1267.39
2018-08-17,2990.0
2018-08-17,738.21
2018-08-18,2292.74
2018-08-18,288.0
2018-08-18,581.58
2018-08-19,172.07
2018-08-19,1363.66
2018-08-20,3377.94
2018-08-20,1800.58
2018-08-21,2037.85
2018-08-21,4755.64
2018-08-21,116.0
2018-08-21,11004.5
2018-08-21,201.13
2018-08-21,555.28
2018-08-22,378.72
2018-08-22,205.45
2018-08-23,177.85
2018-08-24,196.86
2018-08-24,288.0
2018-08-24,1851.32
2018-08-25,1654.32
2018-08-26,546.6
2018-08-26,2406.7
2018-08-26,149.0
2018-08-27,2368.36
2018-08-27,415.92
2018-08-27,769.16
2018-08-27,187.0
2018-08-27,2408.53
2018-08-28,1221.7
2018-08-29,2280.76
2018-08-29,2326.44
2018-08-29,225.75
2018-08-29,802.45
2018-08-29,213.6
2018-08-29,1379.34
2018-08-30,927.51
2018-08-30,973.62
2018-08-30,75.16
2018-08-30,3020.37
2018-08-30,332.13
2018-08-30,344.71
2018-08-31,187.89
2018-08-31,3601.82
2018-08-31,945.14
2018-08-31,288.0
2018-09-01,288.0
2018-09-01,2222.43
2018-09-01,4136.68
2018-09-01,182.77
2018-09-01,116.0
2018-09-01,929.11
2018-09-01,248.78
2018-09-01,48254.84
2018-09-02,515.6
2018-09-03,214.21
2018-09-03,526.71
2018-09-03,1364.58
2018-09-03,3195.84
2018-09-03,928.2
2018-09-03,550.57
2018-09-03,487.41
2018-09-04,506.08
2018-09-04,2141.69
2018-09-04,1533.28
2018-09-05,2584.47
2018-09-05,2538.45
2018-09-05,212.37
2018-09-05,2886.57
2018-09-06,1647.86
2018-09-06,457.85
2018-09-06,288.0
2018-09-06,195.19
2018-09-06,393.12
2018-09-06,2472.55
2018-09-06,1406.75
2018-09-07,117.66
2018-09-07,3273.45
2018-09-07,1248.8
2018-09-08,580.59
2018-09-08,296.46
2018-09-08,340.31
2018-09-08,2382.42
2018-09-09,2280.3
2018-09-09,187.0
2018-09-09,472.82
2018-09-09,982.15
2018-09-10,1459.41
2018-09-10,1300.61
2018-09-10,1503.48
2018-09-10,452.52
2018-09-10,1024.15
2018-09-10,688.43
2018-09-10,866.58
2018-09-10,1584.76
2018-09-10,246.99
2018-09-11,564.03
2018-09-11,1097.45
2018-09-11,1902.19
2018-09-11,3928.01
2018-09-11,482.74
2018-09-12,1021.45
2018-09-12,289.48
2018-09-12,4361.59
2018-09-12,205.24
2018-09-12,1763.48
2018-09-12,396.6
2018-09-12,3850.66
2018-09-12,2923.96
2018-09-13,1525.27
2018-09-14,1145.86
2018-09-14,396.18
2018-09-14,731.22
2018-09-14,1724.03
2018-09-14,249.62
2018-09-15,12197.62
2018-09-15,44737.05
2018-09-15,942.73
2018-09-16,288.0
2018-09-16,2011.51
2018-09-16,58887.48
2018-09-17,288.0
2018-09-17,3122.9
2018-09-17,78.1
2018-09-17,127.89
2018-09-17,337.61
2018-09-17,428.29
2018-09-17,4791.24
2018-09-17,216.82
2018-09-18,4381.49
2018-09-18,8316.46
2018-09-18,1008.65
2018-09-18,4914.92
2018-09-18,300.0
2018-09-19,1176.68
2018-09-19,1218.96
2018-09-19,179.46
2018-09-19,727.16
2018-09-20,170.36
2018-09-20,821.77
2018-09-20,1800.86
2018-09-20,701.41
2018-09-20,129.56
2018-09-20,859.14
2018-09-20,316.15
2018-09-20,803.19
2018-09-21,328.26
2018-09-21,401.64
2018-09-21,553.48
2018-09-21,1908.86
2018-09-21,862.89
2018-09-21,1096.92
2018-09-21,2074.43
2018-09-21,1210.75
2018-09-21,922.53
2018-09-21,546.43
2018-09-22,2873.29
2018-09-22,2335.29
2018-09-22,3653.69
2018-09-22,659.86
2018-09-22,3200.47
2018-09-22,3406.1
2018-09-23,239.98
2018-09-23,4110.68
2018-09-23,372.41
2018-09-23,311.39
2018-09-24,3474.71
2018-09-24,288.0
2018-09-24,2729.29
2018-09-24,187.0
2018-09-24,574.41
2018-09-24,246.47
2018-09-25,1705.74
2018-09-25,1763.21
2018-09-25,1238.2
2018-09-25,979.76
2018-09-25,2123.36
2018-09-25,396.47
2018-09-25,1200.93
2018-09-26,149.0
2018-09-26,2472.08
2018-09-26,116.0
2018-09-26,187.0
2018-09-26,288.0
2018-09-26,1155.49
2018-09-26,116.0
2018-09-27,586.63
2018-09-27,116.0
2018-09-27,666.19
2018-09-27,249.9
2018-09-28,2540.6
2018-09-28,2893.13
2018-09-28,1496.16
2018-09-28,268.5
2018-09-28,522.43
2018-09-28,50121.77
2018-09-28,2875.04
2018-09-29,2173.21
2018-09-29,330.55
2018-09-29,2938.35
2018-09-29,159.38
2018-09-29,47390.24
2018-09-29,288.0
2018-09-29,528.1
2018-09-29,596.89
2018-09-29,225.15
2018-09-29,2208.48
2018-09-30,382.14
2018-09-30,288.0
2018-09-30,714.23
2018-09-30,744.12
2018-09-30,288.0
2018-09-30,3331.23
2018-09-30,2187.64
2018-09-30,1495.74
2018-10-01,3757.84
2018-10-01,288.0
2018-10-02,1444.23
2018-10-02,368.12
2018-10-02,318.83
2018-10-02,4075.15
2018-10-03,116.0
2018-10-03,1673.94
2018-10-03,1486.27
2018-10-03,3739.66
2018-10-03,2434.27
2018-10-03,149.0
2018-10-03,1635.66
2018-10-03,720.38
2018-10-04,365.39
2018-10-04,407.87
2018-10-04,45.82
2018-10-04,1227.02
2018-10-04,1595.46
2018-10-04,855.88
2018-10-04,4846.03
2018-10-05,655.84
2018-10-05,3707.69
2018-10-06,1420.39
2018-10-06,88.18
2018-10-06,123.68
2018-10-07,2235.96
2018-10-07,81.73
2018-10-08,1842.74
2018-10-08,3747.9
2018-10-09,3039.27
2018-10-09,403.48
2018-10-10,409.67
2018-10-10,4131.23
2018-10-10,288.0
2018-10-11,975.6
2018-10-11,236.72
2018-10-12,3585.23
2018-10-12,1917.57
2018-10-12,3168.78
2018-10-12,288.0
2018-10-12,225.39
2018-10-12,3492.03
2018-10-13,8423.9
2018-10-13,1620.18
2018-10-13,2980.17
2018-10-13,3003.78
2018-10-14,8441.21
2018-10-14,300.0
2018-10-15,175.93
2018-10-15,1887.9
2018-10-15,116.0
2018-10-15,2537.97
2018-10-15,167.21
2018-10-16,149.0
2018-10-16,205.3
2018-10-16,614.49
2018-10-16,337.64
2018-10-17,703.43
2018-10-18,864.98
2018-10-18,490.45
2018-10-18,116.0
2018-10-19,48070.6
2018-10-19,1697.05
2018-10-19,380.44
2018-10-19,429.07
2018-10-20,234.5
2018-10-20,831.69
2018-10-20,150.66
2018-10-20,1362.55
2018-10-20,1523.77
2018-10-20,319.41
2018-10-21,288.0
2018-10-21,237.02
2018-10-21,997.5
2018-10-21,116.0
2018-10-21,1601.11
2018-10-22,1147.5
2018-10-22,787.9
2018-10-22,1842.15
2018-10-22,918.19
2018-10-22,1344.72
2018-10-23,45805.96
2018-10-23,1695.79
2018-10-24,504.5
2018-10-24,213.6
2018-10-25,684.16
2018-10-25,2053.09
2018-10-25,739.76
2018-10-26,1345.3
2018-10-26,591.32
2018-10-27,187.0
2018-10-27,1260.27
2018-10-27,526.8
2018-10-27,157.47
2018-10-28,1321.61
2018-10-30,42775.53
2018-10-30,324.82
2018-10-31,5505.56
2018-10-31,541.39
2018-10-31,263.45
2018-10-31,892.33
2018-10-31,2965.1
2018-11-01,306.58
2018-11-01,33223.2
2018-11-01,440.41
2018-11-01,730.58
2018-11-01,35646.96
2018-11-01,541.01
2018-11-02,318.03
2018-11-02,57.16
2018-11-02,2459.33
2018-11-02,3616.8
2018-11-02,1840.46
2018-11-02,107.68
2018-11-03,400.75
2018-11-03,33.51
2018-11-03,288.0
2018-11-04,3666.89
2018-11-04,217.39
2018-11-04,537.83
2018-11-04,1304.04
2018-11-04,116.0
2018-11-04,599.24
2018-11-05,880.71
2018-11-05,330.97
2018-11-05,139.34
2018-11-05,3687.86
2018-11-05,644.11
2018-11-05,804.79
2018-11-05,403.3
2018-11-06,294.24
2018-11-06,2137.1
2018-11-06,916.82
2018-11-06,1013.36
2018-11-06,397.65
2018-11-06,7990.0
2018-11-06,500.52
2018-11-07,8042.74
2018-11-07,746.38
2018-11-07,2487.15
2018-11-07,434.43
2018-11-08,2118.4
2018-11-08,910.47
2018-11-09,683.41
2018-11-09,2969.84
2018-11-09,300.0
2018-11-10,414.11
2018-11-10,362.25
2018-11-10,1627.76
2018-11-10,589.37
2018-11-10,4699.21
2018-11-10,1194.1
2018-11-11,1316.85
2018-11-11,4056.12
2018-11-11,2096.43
2018-11-11,676.18
2018-11-12,527.42
2018-11-13,139.18
2018-11-13,426.38
2018-11-13,673.77
2018-11-13,2990.0
2018-11-13,2020.3
2018-11-13,1477.67
2018-11-13,2129.05
2018-11-13,2925.49
2018-11-13,5398.69
2018-11-14,850.0
2018-11-14,1855.72
2018-11-14,1479.86
2018-11-15,116.0
2018-11-15,116.0
2018-11-15,1846.37
2018-11-15,44.92
2018-11-16,4103.21
2018-11-16,116.0
2018-11-16,194.67
2018-11-17,116.0
2018-11-17,116.0
2018-11-17,2183.78
2018-11-17,2437.52
2018-11-17,1477.89
2018-11-17,934.51
2018-11-18,1309.1
2018-11-18,1381.67
2018-11-18,2166.55
2018-11-18,2426.95
2018-11-18,8577.76
2018-11-18,243.74
2018-11-18,1176.78
2018-11-18,2116.97
2018-11-18,3938.0
2018-11-18,789.58
2018-11-18,836.34
2018-11-19,336.88
2018-11-19,5588.54
2018-11-19,309.9
2018-11-19,2751.95
2018-11-20,1344.71
2018-11-20,8133.63
2018-11-21,578.17
2018-11-21,253.31
2018-11-21,288.0
2018-11-21,751.46
2018-11-21,4787.86
2018-11-21,2954.19
2018-11-21,1847.06
2018-11-22,1194.96
2018-11-22,2435.51
2018-11-22,714.09
2018-11-23,3994.74
2018-11-23,143.57
2018-11-23,300.0
2018-11-23,1201.81
2018-11-23,3002.16
2018-11-23,6192.83
2018-11-24,3048.29
2018-11-24,2058.92
2018-11-24,8298.96
2018-11-24,1527.21
2018-11-24,8910.56
2018-11-24,2527.04
2018-11-25,3381.51
2018-11-25,493.23
2018-11-25,300.0
2018-11-25,720.99
2018-11-25,1658.96
2018-11-26,3223.38
2018-11-26,2288.68
2018-11-26,310.27
2018-11-26,910.52
2018-11-27,504.34
2018-11-27,116.0
2018-11-27,480.08
2018-11-27,1781.11
2018-11-27,340.03
2018-11-27,288.0
2018-11-28,8182.07
2018-11-28,1185.81
2018-11-28,1258.47
2018-11-28,209.63
2018-11-28,3105.63
2018-11-29,1943.03
2018-11-29,1083.32
2018-11-29,983.7
2018-11-30,229.69
2018-11-30,812.88
2018-12-01,49.78
2018-12-01,7542.54
2018-12-01,741.34
2018-12-01,240.51
2018-12-01,1408.91
2018-12-01,810.77
2018-12-02,1106.25
2018-12-02,116.0
2018-12-02,517.83
2018-12-03,7990.0
2018-12-03,2812.02
2018-12-03,116.0
2018-12-03,300.0
2018-12-03,4321.59
2018-12-03,857.23
2018-12-03,341.85
2018-12-03,2611.07
2018-12-04,185.54
2018-12-04,53993.7
2018-12-04,116.0
2018-12-04,442.87
2018-12-04,782.2
2018-12-04,234.97
2018-12-04,7454.14
2018-12-04,149.0
2018-12-04,363.13
2018-12-05,1031.74
2018-12-05,6668.1
2018-12-05,5861.25
2018-12-05,152.37
2018-12-05,116.0
2018-12-05,42382.94
2018-12-05,352.93
2018-12-05,694.54
2018-12-06,626.15
2018-12-06,1500.38
2018-12-07,1234.5
2018-12-07,1550.31
2018-12-07,65.52
2018-12-08,4893.16
2018-12-09,4224.36
2018-12-09,334.89
2018-12-09,1922.02
2018-12-09,342.63
2018-12-09,1974.23
2018-12-09,547.77
2018-12-10,258.05
2018-12-10,7601.0
2018-12-10,3036.7
2018-12-10,187.0
2018-12-10,1435.57
2018-12-10,230.35
2018-12-11,4353.92
2018-12-11,605.95
2018-12-11,566.93
2018-12-11,2319.46
2018-12-11,954.26
2018-12-12,476.73
2018-12-12,1993.85
2018-12-12,116.0
2018-12-12,288.0
2018-12-12,864.58
2018-12-12,957.51
2018-12-12,1920.7
2018-12-13,116.0
2018-12-13,1103.26
2018-12-13,470.26
2018-12-13,992.92
2018-12-13,1048.49
2018-12-14,2215.6
2018-12-14,439.17
2018-12-14,3557.66
2018-12-14,431.23
2018-12-14,1299.9
2018-12-14,90.46
2018-12-14,3838.33
2018-12-15,643.47
2018-12-15,3037.99
2018-12-15,4211.91
2018-12-15,1077.92
2018-12-16,48563.74
2018-12-16,4028.97
2018-12-16,13326.76
2018-12-16,1208.95
2018-12-16,3464.06
2018-12-16,6143.15
2018-12-16,1541.36
2018-12-16,36214.95
2018-12-16,662.23
2018-12-16,2888.39
2018-12-17,320.31
2018-12-17,378.12
2018-12-17,42163.19
2018-12-17,1260.85
2018-12-17,300.0
2018-12-17,288.0
2018-12-17,237.41
2018-12-17,15356.53
2018-12-17,270.5
2018-12-18,300.0
2018-12-18,1240.91
2018-12-18,207.78
2018-12-18,550.95
2018-12-19,1162.32
2018-12-19,116.0
2018-12-19,1104.34
2018-12-19,9335.72
2018-12-19,349.22
2018-12-20,1853.7
2018-12-20,2743.92
2018-12-20,1542.39
2018-12-20,311.96
2018-12-20,590.39
2018-12-21,814.29
2018-12-21,400.82
2018-12-21,678.52
2018-12-22,2088.89
2018-12-22,336.54
2018-12-22,1491.49
2018-12-22,404.52
2018-12-22,3629.57
2018-12-22,6213.83
2018-12-22,9766.42
2018-12-22,736.02
2018-12-22,37323.22
2018-12-23,1389.15
2018-12-23,1925.59
2018-12-24,270.24
2018-12-24,484.37
2018-12-24,3543.1
2018-12-24,3854.75
2018-12-24,4777.55
2018-12-24,770.03
2018-12-24,258.06
2018-12-24,3077.33
2018-12-24,2679.42
2018-12-24,288.0
2018-12-25,104.07
2018-12-25,633.44
2018-12-25,116.0
2018-12-25,611.95
2018-12-25,1183.54
2018-12-25,116.0
2018-12-26,2150.23
2018-12-26,452.15
2018-12-26,1147.49
2018-12-26,375.29
2018-12-26,8295.41
2018-12-27,288.0
2018-12-27,810.62
2018-12-27,1425.26
2018-12-27,2459.75
2018-12-27,5312.32
2018-12-28,187.0
2018-12-28,288.0
2018-12-28,288.0
2018-12-28,390.15
2018-12-28,1681.41
2018-12-28,1064.92
2018-12-28,116.0
2018-12-29,1865.54
2018-12-29,447.6
2018-12-29,1981.89
2018-12-29,1484.68
2018-12-29,483.02
2018-12-29,349.21
2018-12-29,1274.53
2018-12-29,551.79
2018-12-29,300.0
2018-12-29,2928.96
2018-12-29,324.23
2018-12-29,427.33
2018-12-30,1171.22
2018-12-30,300.0
2018-12-30,152.9
2018-12-31,1105.61
2018-12-31,61.72
2018-12-31,7286.14
2018-12-31,728.78
2018-12-31,451.42
2018-12-31,1085.95
2019-01-01,2784.02
2019-01-02,96.86
2019-01-02,926.74
2019-01-03,2433.13
2019-01-03,2941.95
2019-01-03,355.49
2019-01-04,9054.4
2019-01-04,318.0
2019-01-05,2499.92
2019-01-05,3527.9
2019-01-05,1210.5
2019-01-05,1328.54
2019-01-05,343.94
2019-01-06,358.14
2019-01-06,1213.3
2019-01-06,2315.5
2019-01-07,687.91
2019-01-07,371.02
2019-01-07,1652.68
2019-01-07,485.28
2019-01-08,8337.12
2019-01-08,116.0
2019-01-08,2364.91
2019-01-08,300.0
2019-01-09,403.59
2019-01-10,951.37
2019-01-10,372.22
2019-01-10,567.66
2019-01-10,411.52
2019-01-11,399.09
2019-01-11,36295.24
2019-01-11,1831.51
2019-01-11,685.65
2019-01-12,721.38
2019-01-12,1981.5
2019-01-12,5290.63
2019-01-12,225.85
2019-01-12,3514.28
2019-01-12,1613.93
2019-01-12,3517.35
2019-01-13,593.0
2019-01-14,288.0
2019-01-14,718.0
2019-01-14,2503.66
2019-01-14,3507.04
2019-01-14,6221.93
2019-01-14,55998.36
2019-01-15,149.0
2019-01-15,4640.69
2019-01-15,62172.08
2019-01-16,1060.74
2019-01-16,116.0
2019-01-17,2724.38
2019-01-17,2424.69
2019-01-18,3475.39
2019-01-18,1932.15
2019-01-18,453.14
2019-01-19,908.73
2019-01-19,1662.79
2019-01-19,1407.74
2019-01-19,547.9
2019-01-20,2273.6
2019-01-20,187.0
2019-01-21,7715.14
2019-01-21,263.8
2019-01-21,288.0
2019-01-22,288.0
2019-01-22,1330.86
2019-01-22,2385.84
2019-01-22,405.6
2019-01-22,333.18
2019-01-22,746.46
2019-01-22,8829.58
2019-01-22,288.0
2019-01-23,902.64
2019-01-23,2170.57
2019-01-23,683.58
2019-01-23,2587.4
2019-01-24,1094.2
2019-01-24,116.0
2019-01-24,853.73
2019-01-24,8178.67
2019-01-25,116.0
2019-01-25,288.0
2019-01-25,327.75
2019-01-25,1550.28
2019-01-25,534.01
2019-01-26,6614.26
2019-01-26,7639.04
2019-01-26,5381.68
2019-01-26,1114.28
2019-01-27,1190.69
2019-01-27,8405.16
2019-01-27,677.75
2019-01-27,326.07
2019-01-28,1757.97
2019-01-28,1648.91
2019-01-28,3410.97
2019-01-28,300.0
2019-01-29,699.19
2019-01-30,156.26
2019-01-30,394.12
2019-01-30,1101.76
2019-01-30,341.39
2019-01-30,60.0
2019-01-30,2947.67
2019-01-31,656.96
2019-01-31,1399.12
2019-01-31,354.1
2019-01-31,116.0
2019-01-31,7870.76
2019-02-01,1400.09
2019-02-01,4110.45
2019-02-01,8629.73
2019-02-01,300.0
2019-02-02,356.79
2019-02-02,2303.89
2019-02-02,4380.55
2019-02-02,1268.01
2019-02-02,566.42
2019-02-03,149.0
2019-02-03,7807.94
2019-02-03,1052.31
2019-02-04,2149.2
2019-02-04,527.24
2019-02-04,277.54
2019-02-04,549.8
2019-02-04,1330.85
2019-02-04,288.0
2019-02-05,383.96
2019-02-05,1765.9
2019-02-05,817.66
2019-02-05,579.29
2019-02-05,359.85
2019-02-05,2711.69
2019-02-05,503.83
2019-02-05,2476.33
2019-02-05,874.81
2019-02-06,132.27
2019-02-06,263.12
2019-02-06,2037.32
2019-02-06,513.11
2019-02-06,3206.47
2019-02-07,697.32
2019-02-07,58.19
2019-02-08,9824.77
2019-02-08,1343.09
2019-02-08,3252.37
2019-02-09,2214.49
2019-02-09,894.72
2019-02-09,809.51
2019-02-09,395.39
2019-02-10,173.45
2019-02-10,3049.47
2019-02-10,942.02
2019-02-11,388.27
2019-02-11,889.23
2019-02-11,5131.85
2019-02-12,586.43
2019-02-12,288.0
2019-02-12,284.72
2019-02-12,802.39
2019-02-12,44019.33
2019-02-12,8317.03
2019-02-13,116.0
2019-02-13,51.68
2019-02-14,11805.73
2019-02-14,751.22
2019-02-14,273.07
2019-02-14,7969.53
2019-02-14,2174.05
2019-02-14,1424.23
2019-02-14,795.92
2019-02-15,1127.29
2019-02-15,3998.7
2019-02-15,384.47
2019-02-15,190.58
2019-02-15,243.36
2019-02-16,4571.52
2019-02-16,1338.16
2019-02-16,4769.81
2019-02-16,614.11
2019-02-17,39.35
2019-02-17,2200.54
2019-02-17,2040.49
2019-02-17,1523.28
2019-02-18,2918.02
2019-02-18,1336.99
2019-02-18,1229.34
2019-02-18,203.22
2019-02-18,824.5
2019-02-18,421.6
2019-02-18,200.42
2019-02-19,983.11
2019-02-19,974.66
2019-02-19,226.62
2019-02-19,1891.1
2019-02-19,288.0
2019-02-20,309.47
2019-02-20,803.32
2019-02-20,1371.98
2019-02-20,753.39
2019-02-20,4164.36
2019-02-20,266.71
2019-02-21,159.54
2019-02-21,418.43
2019-02-21,3490.54
2019-02-21,195.94
2019-02-21,537.14
2019-02-22,2307.1
2019-02-22,43972.5
2019-02-23,4064.7
2019-02-23,454.2
2019-02-23,753.31
2019-02-23,313.71
2019-02-23,469.82
2019-02-23,1234.52
2019-02-24,4265.19
2019-02-24,116.0
2019-02-24,1729.48
2019-02-24,300.0
2019-02-24,656.59
2019-02-24,998.68
2019-02-24,288.0
2019-02-25,41103.99
2019-02-25,116.0
2019-02-25,290.46
2019-02-25,1691.59
2019-02-25,1175.72
2019-02-25,3020.39
2019-02-26,3114.95
2019-02-26,1108.76
2019-02-26,1454.08
2019-02-26,4412.37
2019-02-26,713.51
2019-02-26,334.33
2019-02-26,116.0
2019-02-27,3771.2
2019-02-27,1089.31
2019-02-27,2406.76
2019-02-27,12175.1
2019-02-27,2104.04
2019-02-28,38433.18
2019-02-28,300.0
2019-02-28,7116.05
2019-02-28,5659.7
2019-02-28,957.32
2019-02-28,1626.39
2019-02-28,2299.56
2019-03-01,7570.9
2019-03-01,288.0
2019-03-01,187.0
2019-03-02,1742.82
2019-03-02,971.45
2019-03-02,288.0
2019-03-02,278.22
2019-03-02,60.0
2019-03-02,361.03
2019-03-03,595.83
2019-03-03,288.0
2019-03-03,629.07
2019-03-03,999.54
2019-03-04,696.24
2019-03-04,1635.68
2019-03-04,288.0
2019-03-04,3465.44
2019-03-05,8441.52
2019-03-05,1615.87
2019-03-05,4094.41
2019-03-05,288.0
2019-03-05,196.07
2019-03-05,2785.17
2019-03-06,615.71
2019-03-07,1952.61
2019-03-07,692.67
2019-03-07,267.12
2019-03-07,795.19
2019-03-07,322.89
2019-03-08,711.56
2019-03-08,3077.87
2019-03-08,3279.33
2019-03-09,288.0
2019-03-09,116.0
2019-03-09,899.51
2019-03-10,187.0
2019-03-10,1516.07
2019-03-10,499.87
2019-03-10,283.34
2019-03-10,60.0
2019-03-11,432.92
2019-03-11,981.2
2019-03-11,116.0
2019-03-11,2501.16
2019-03-12,884.8
2019-03-12,2704.05
2019-03-12,300.0
2019-03-12,975.51
2019-03-12,1152.69
2019-03-12,1167.86
2019-03-12,2875.28
2019-03-13,148.05
2019-03-13,450.74
2019-03-13,1185.57
2019-03-13,46257.98
2019-03-14,328.54
2019-03-14,812.93
2019-03-14,2114.55
2019-03-14,48418.28
2019-03-15,164.36
2019-03-15,869.43
2019-03-15,149.0
2019-03-16,7990.0
2019-03-16,335.01
2019-03-16,920.64
2019-03-17,440.27
2019-03-17,741.23
2019-03-18,3188.69
2019-03-18,2642.16
2019-03-18,1501.08
2019-03-19,56002.56
2019-03-19,328.43
2019-03-19,4057.51
2019-03-19,542.68
2019-03-19,1405.74
2019-03-20,7531.63
2019-03-20,345.65
2019-03-20,3720.62
2019-03-21,3883.96
2019-03-21,43706.26
2019-03-21,2890.79
2019-03-21,1309.79
2019-03-21,4495.9
2019-03-22,785.09
2019-03-22,745.14
2019-03-22,187.0
2019-03-22,951.75
2019-03-23,1490.71
2019-03-23,4295.38
2019-03-23,189.85
2019-03-24,1225.18
2019-03-24,8771.0
2019-03-24,2078.99
2019-03-24,1175.3
2019-03-25,2668.35
2019-03-25,1483.92
2019-03-25,50014.14
2019-03-25,6893.07
2019-03-25,4869.69
2019-03-26,4889.78
2019-03-27,149.0
2019-03-27,227.75
2019-03-27,975.04
2019-03-27,116.0
2019-03-27,153.16
2019-03-28,1891.52
2019-03-28,3897.25
2019-03-28,169.0
2019-03-29,2320.53
2019-03-29,839.36
2019-03-29,977.34
2019-03-29,168.79
2019-03-29,4937.58
2019-03-30,520.83
2019-03-30,116.0
2019-03-30,1029.93
2019-03-30,1126.24
2019-03-31,580.17
2019-03-31,455.52
2019-03-31,288.0
2019-03-31,382.96
2019-03-31,1976.96
2019-04-01,181.74
2019-04-01,515.05
2019-04-01,495.87
2019-04-02,6157.99
2019-04-02,116.0
2019-04-02,52336.86
2019-04-02,502.47
2019-04-02,2578.79
2019-04-03,288.0
2019-04-03,330.51
2019-04-03,965.61
2019-04-03,1809.71
2019-04-03,288.0
2019-04-03,4443.37
2019-04-03,116.0
2019-04-03,3520.66
2019-04-03,2095.05
2019-04-03,13683.17
2019-04-04,2552.03
2019-04-04,839.28
2019-04-04,1477.78
2019-04-04,4412.58
2019-04-05,130.43
2019-04-05,308.71
2019-04-05,881.87
2019-04-05,8612.36
2019-04-05,466.34
2019-04-06,401.24
2019-04-06,2228.36
2019-04-06,1427.12
2019-04-06,1208.7
2019-04-06,673.68
2019-04-06,116.0
2019-04-06,3485.28
2019-04-07,116.0
2019-04-08,2970.72
2019-04-09,116.38
2019-04-09,1410.15
2019-04-09,288.0
2019-04-09,538.39
2019-04-09,116.0
2019-04-10,1053.47
2019-04-10,1459.27
2019-04-10,388.74
2019-04-10,477.96
2019-04-10,116.0
2019-04-10,742.11
2019-04-10,149.0
2019-04-10,288.0
2019-04-11,1678.84
2019-04-11,34802.44
2019-04-11,1587.67
2019-04-11,506.27
2019-04-11,2416.51
2019-04-11,790.82
2019-04-12,954.11
2019-04-12,8670.81
2019-04-13,956.49
2019-04-13,541.72
2019-04-13,149.0
2019-04-13,471.64
2019-04-13,505.67
2019-04-13,3208.3
2019-04-13,2612.71
2019-04-13,839.91
2019-04-14,6485.93
2019-04-14,538.96
2019-04-14,910.08
2019-04-14,1240.25
2019-04-14,1925.63
2019-04-14,626.4
2019-04-14,3187.85
2019-04-15,2700.86
2019-04-15,2237.96
2019-04-16,60.0
2019-04-16,1680.8
2019-04-16,151.83
2019-04-16,882.1
2019-04-16,51185.37
2019-04-16,867.72
2019-04-16,232.9
2019-04-16,988.18
2019-04-16,1827.58
2019-04-16,1007.05
2019-04-16,3766.41
2019-04-17,320.61
2019-04-17,5170.3
2019-04-17,472.58
2019-04-17,450.36
2019-04-17,796.09
2019-04-17,4915.58
2019-04-17,2046.63
2019-04-17,2046.49
2019-04-18,52963.61
2019-04-18,269.59
2019-04-18,539.18
2019-04-18,1074.59
2019-04-19,8043.07
2019-04-19,116.0
2019-04-19,1379.13
2019-04-19,42343.13
2019-04-19,1810.81
2019-04-19,8793.4
2019-04-20,116.0
2019-04-20,8857.85
2019-04-20,376.11
2019-04-20,2012.33
2019-04-20,2836.16
2019-04-20,2209.24
2019-04-20,292.8
2019-04-21,3972.57
2019-04-21,554.2
2019-04-21,370.42
2019-04-21,300.0
2019-04-21,674.41
2019-04-21,8536.28
2019-04-22,3266.91
2019-04-22,353.98
2019-04-22,5519.43
2019-04-23,627.63
2019-04-23,1669.6
2019-04-23,425.91
2019-04-23,385.96
2019-04-23,1132.82
2019-04-23,1909.72
2019-04-23,1081.68
2019-04-23,45.21
2019-04-23,487.19
2019-04-24,501.26
2019-04-24,1960.69
2019-04-25,890.92
2019-04-25,288.0
2019-04-25,288.0
2019-04-25,6021.68
2019-04-25,89.28
2019-04-25,636.29
2019-04-25,8351.92
2019-04-25,4526.25
2019-04-26,3379.76
2019-04-26,288.0
2019-04-26,1504.6
2019-04-26,4345.72
2019-04-26,1926.23
2019-04-26,1426.96
2019-04-26,2316.95
2019-04-26,262.69
2019-04-27,461.3
2019-04-27,34377.77
2019-04-27,116.0
2019-04-27,4887.51
2019-04-27,300.0
2019-04-28,2594.44
2019-04-28,499.85
2019-04-29,2128.66
2019-04-29,116.0
2019-04-29,1702.15
2019-04-29,2740.09
2019-04-29,850.0
2019-04-30,426.74
2019-04-30,10254.46
2019-04-30,6443.68
2019-04-30,3109.44
2019-04-30,427.25
2019-04-30,288.0
2019-04-30,141.87
2019-04-30,395.01
2019-04-30,343.17
2019-05-01,1476.19
2019-05-01,60.0
2019-05-01,382.2
2019-05-01,1130.02
2019-05-01,288.0
2019-05-01,248.37
2019-05-02,2353.08
2019-05-02,2385.52
2019-05-02,908.62
2019-05-02,43761.7
2019-05-03,239.49
2019-05-03,476.64
2019-05-03,928.74
2019-05-04,928.02
2019-05-04,12768.3
2019-05-05,2043.99
2019-05-05,3317.0
2019-05-06,14738.39
2019-05-07,1788.73
2019-05-07,6776.91
2019-05-07,5975.77
2019-05-07,517.04
2019-05-08,367.43
2019-05-08,288.0
2019-05-08,1570.22
2019-05-08,610.66
2019-05-08,116.0
2019-05-08,4463.25
2019-05-09,1575.94
2019-05-10,2036.41
2019-05-10,2251.07
2019-05-10,305.14
2019-05-10,1261.94
2019-05-10,204.0
2019-05-10,102.3
2019-05-10,235.18
2019-05-11,288.0
2019-05-11,380.95
2019-05-11,2581.5
2019-05-11,60.0
2019-05-11,1252.05
2019-05-12,3695.52
2019-05-12,2026.71
2019-05-13,288.0
2019-05-13,1012.97
2019-05-13,451.13
2019-05-13,2942.96
2019-05-14,1816.26
2019-05-14,2640.71
2019-05-15,449.83
2019-05-15,2324.76
2019-05-15,305.04
2019-05-15,60.0
2019-05-15,149.0
2019-05-15,300.0
2019-05-15,2655.63
2019-05-16,271.09
2019-05-16,2003.45
2019-05-16,13960.69
2019-05-17,546.94
2019-05-17,866.68
2019-05-17,1966.52
2019-05-17,11751.02
2019-05-18,3377.64
2019-05-18,696.75
2019-05-18,300.0
2019-05-18,3704.43
2019-05-18,294.67
2019-05-19,7920.8
2019-05-19,650.05
2019-05-19,1580.03
2019-05-19,2785.38
2019-05-20,9754.07
2019-05-20,1221.47
2019-05-21,252.07
2019-05-21,8289.52
2019-05-21,534.97
2019-05-21,60.0
2019-05-22,791.4
2019-05-22,300.0
2019-05-22,2139.49
2019-05-22,196.53
2019-05-23,530.94
2019-05-23,762.82
2019-05-23,2441.18
2019-05-24,225.81
2019-05-24,485.25
2019-05-24,889.47
2019-05-24,893.09
2019-05-24,486.44
2019-05-24,8473.54
2019-05-25,288.0
2019-05-25,2165.0
2019-05-25,33983.8
2019-05-25,3122.66
2019-05-26,300.0
2019-05-26,582.73
2019-05-26,720.14
2019-05-27,2082.75
2019-05-27,602.39
2019-05-28,1414.28
2019-05-28,182.41
2019-05-28,1793.82
2019-05-29,8265.34
2019-05-29,245.95
2019-05-29,440.37
2019-05-29,2629.92
2019-05-29,955.27
2019-05-30,1037.04
2019-05-30,37.96
2019-05-30,116.0
2019-05-30,943.63
2019-05-31,72.83
2019-05-31,60.0
2019-05-31,293.47
2019-05-31,959.68
2019-05-31,1354.39
2019-05-31,902.76
2019-05-31,4332.87
2019-05-31,841.11
2019-05-31,134.92
2019-06-01,539.44
2019-06-01,2975.46
2019-06-02,2624.31
2019-06-02,47647.26
2019-06-02,45507.89
2019-06-02,316.76
2019-06-02,140.43
2019-06-02,3115.38
2019-06-02,347.57
2019-06-03,288.0
2019-06-03,1497.07
2019-06-03,1275.54
2019-06-03,2452.73
2019-06-03,620.15
2019-06-04,163.09
2019-06-04,154.0
2019-06-04,1498.7
2019-06-04,1941.68
2019-06-05,319.22
2019-06-05,1839.87
2019-06-05,5789.19
2019-06-05,1293.2
2019-06-06,690.02
2019-06-06,1247.46
2019-06-06,1840.01
2019-06-07,300.0
2019-06-07,525.77
2019-06-07,3788.65
2019-06-07,1504.3
2019-06-08,2546.74
2019-06-08,182.49
2019-06-08,572.38
2019-06-08,1186.25
2019-06-08,678.24
2019-06-08,5915.83
2019-06-09,561.27
2019-06-09,5317.58
2019-06-09,388.45
2019-06-09,3169.36
2019-06-09,3342.03
2019-06-10,187.0
2019-06-10,2875.69
2019-06-10,4504.05
2019-06-10,116.0
2019-06-11,149.0
2019-06-11,8769.27
2019-06-11,1645.44
2019-06-11,719.84
2019-06-11,1410.16
2019-06-12,1207.05
2019-06-12,2711.16
2019-06-12,8486.41
2019-06-12,288.0
2019-06-13,278.37
2019-06-13,51158.94
2019-06-13,3191.42
2019-06-14,149.0
2019-06-14,1118.87
2019-06-15,7707.07
2019-06-15,2457.95
2019-06-15,1914.55
2019-06-15,535.7
2019-06-15,116.0
2019-06-15,350.63
2019-06-16,3008.67
2019-06-16,1620.18
2019-06-16,2897.56
2019-06-16,406.52
2019-06-16,2684.03
2019-06-16,141.69
2019-06-16,5402.58
2019-06-16,463.29
2019-06-17,446.89
2019-06-17,129.83
2019-06-17,99.29
2019-06-17,116.0
2019-06-17,845.15
2019-06-17,931.94
2019-06-17,592.35
2019-06-17,8349.36
2019-06-18,8348.61
2019-06-18,638.15
2019-06-18,492.46
2019-06-18,116.0
2019-06-18,344.63
2019-06-19,947.34
2019-06-19,2131.07
2019-06-19,227.76
2019-06-19,220.13
2019-06-20,305.24
2019-06-20,4246.81
2019-06-20,3682.91
2019-06-21,810.01
2019-06-21,842.17
2019-06-21,430.1
2019-06-21,5268.34
2019-06-22,613.57
2019-06-22,983.7
2019-06-22,49657.84
2019-06-22,1265.11
2019-06-22,10162.95
2019-06-22,288.0
2019-06-22,7669.15
2019-06-23,389.59
2019-06-23,8821.05
2019-06-23,4341.65
2019-06-24,853.9
2019-06-24,116.0
2019-06-24,3710.16
2019-06-24,2813.39
2019-06-25,3904.71
2019-06-25,10671.02
2019-06-26,269.08
2019-06-26,149.0
2019-06-26,2711.98
2019-06-26,2955.95
2019-06-26,374.67
2019-06-26,502.65
2019-06-26,2501.87
2019-06-27,60.0
2019-06-27,638.97
2019-06-27,2992.01
2019-06-27,3564.98
2019-06-28,1441.76
2019-06-28,60.0
2019-06-29,60.0
2019-06-29,35672.4
2019-06-29,398.64
2019-06-29,8277.49
2019-06-30,3582.74
2019-06-30,1042.89
2019-06-30,30.74
2019-06-30,2742.33
2019-06-30,288.0
2019-07-01,209.25
2019-07-01,1831.59
2019-07-02,2041.04
2019-07-02,262.8
2019-07-02,563.36
2019-07-03,1750.41
2019-07-03,3356.46
2019-07-03,2563.37
2019-07-03,498.32
2019-07-03,1628.67
2019-07-03,2362.53
2019-07-04,136.81
2019-07-04,2009.78
2019-07-04,690.03
2019-07-04,318.78
2019-07-05,288.0
2019-07-05,2890.58
2019-07-05,1268.51
2019-07-05,52599.6
2019-07-06,149.0
2019-07-06,6359.62
2019-07-06,207.06
2019-07-06,1216.43
2019-07-06,116.0
2019-07-07,1437.8
2019-07-07,2005.49
2019-07-07,7419.9
2019-07-07,7775.62
2019-07-08,8547.9
2019-07-08,212.11
2019-07-08,187.0
2019-07-09,7798.14
2019-07-09,149.0
2019-07-09,116.0
2019-07-09,187.0
2019-07-09,983.91
2019-07-09,3701.95
2019-07-09,1481.26
2019-07-09,3119.58
2019-07-09,469.96
2019-07-09,542.99
2019-07-09,288.0
2019-07-10,464.88
2019-07-10,202.95
2019-07-10,3389.76
2019-07-11,612.62
2019-07-11,37104.74
2019-07-11,8258.18
2019-07-11,617.49
2019-07-11,384.44
2019-07-11,4052.04
2019-07-11,8078.93
2019-07-11,8458.82
2019-07-12,1103.95
2019-07-12,173.53
2019-07-12,116.0
2019-07-12,269.91
2019-07-12,341.19
2019-07-12,119.24
2019-07-13,2001.62
2019-07-13,8427.55
2019-07-13,1268.98
2019-07-13,248.13
2019-07-13,2854.83
2019-07-13,5126.57
2019-07-14,868.78
2019-07-14,149.0
2019-07-14,517.68
2019-07-14,1181.94
2019-07-14,461.49
2019-07-15,1546.33
2019-07-15,3404.51
2019-07-15,1454.83
2019-07-15,502.62
2019-07-15,1832.31
2019-07-15,8646.26
2019-07-15,861.29
2019-07-16,288.0
2019-07-16,3620.57
2019-07-16,2426.05
2019-07-17,310.81
2019-07-17,312.73
2019-07-17,101.56
2019-07-17,601.22
2019-07-17,2662.2
2019-07-18,989.69
2019-07-18,187.0
2019-07-18,4892.57
2019-07-18,330.08
2019-07-19,288.0
2019-07-19,561.25
2019-07-19,239.89
2019-07-19,1195.92
2019-07-19,239.93
2019-07-19,2329.72
2019-07-19,1431.16
2019-07-19,1730.89
2019-07-19,2161.67
2019-07-19,300.0
2019-07-19,54192.35
2019-07-20,563.89
2019-07-20,2341.86
2019-07-20,3653.03
2019-07-20,725.29
2019-07-20,60.0
2019-07-21,348.8
2019-07-21,645.81
2019-07-21,1086.93
2019-07-22,1542.36
2019-07-22,1155.69
2019-07-22,3829.87
2019-07-22,177.41
2019-07-22,10638.34
2019-07-22,131.92
2019-07-22,42295.15
2019-07-22,149.0
2019-07-23,850.19
2019-07-24,1722.34
2019-07-24,103.21
2019-07-24,7450.46
2019-07-25,3582.41
2019-07-25,276.84
2019-07-25,116.0
2019-07-25,492.29
2019-07-25,300.0
2019-07-26,1864.74
2019-07-26,730.24
2019-07-26,409.0
2019-07-26,43.15
2019-07-27,288.0
2019-07-27,288.0
2019-07-27,2876.18
2019-07-27,11499.28
2019-07-27,1154.96
2019-07-28,967.53
2019-07-28,9833.53
2019-07-28,1182.65
2019-07-29,124.14
2019-07-29,1183.07
2019-07-30,223.32
2019-07-31,1805.42
2019-07-31,681.11
2019-07-31,2053.87
2019-07-31,298.02
2019-07-31,1900.8
2019-08-01,1322.48
2019-08-02,7665.2
2019-08-02,2174.94
2019-08-02,187.0
2019-08-02,5899.79
2019-08-02,288.0
2019-08-02,2444.8
2019-08-03,717.23
2019-08-03,423.65
2019-08-03,731.59
2019-08-03,116.0
2019-08-04,150.09
2019-08-04,1066.93
2019-08-04,55679.65
2019-08-05,213.12
2019-08-05,61.47
2019-08-05,206.27
2019-08-05,1193.52
2019-08-05,8838.68
2019-08-05,827.34
2019-08-06,3750.96
2019-08-06,116.0
2019-08-06,531.83
2019-08-06,628.11
2019-08-07,5278.61
2019-08-07,1226.06
2019-08-07,584.61
2019-08-08,1079.61
2019-08-08,768.66
2019-08-08,749.02
2019-08-08,378.2
2019-08-08,705.04
2019-08-09,1906.78
2019-08-09,935.57
2019-08-09,116.0
2019-08-09,874.45
2019-08-09,2144.1
2019-08-09,683.87
2019-08-10,3410.59
2019-08-10,879.26
2019-08-10,700.41
2019-08-11,470.88
2019-08-11,2094.44
2019-08-11,3283.63
2019-08-11,300.0
2019-08-11,416.09
2019-08-12,984.25
2019-08-12,7990.0
2019-08-12,1728.35
2019-08-13,40188.34
2019-08-13,714.11
2019-08-13,2173.54
2019-08-13,64.29
2019-08-14,1679.89
2019-08-14,45.64
2019-08-14,416.93
2019-08-14,2662.23
2019-08-14,4681.64
2019-08-14,57.52
2019-08-15,51961.53
2019-08-16,3208.1
2019-08-16,178.16
2019-08-17,300.0
2019-08-17,2496.57
2019-08-17,2378.38
2019-08-17,467.82
2019-08-17,410.23
2019-08-18,2387.89
2019-08-18,2988.95
2019-08-18,1437.46
2019-08-18,307.58
2019-08-18,6102.61
2019-08-18,262.03
2019-08-18,2462.54
2019-08-19,600.91
2019-08-19,1421.33
2019-08-19,4776.79
2019-08-19,930.99
2019-08-19,819.6
2019-08-19,183.32
2019-08-20,102.23
2019-08-20,220.97
2019-08-21,4143.82
2019-08-21,123.75
2019-08-21,187.0
2019-08-21,1789.8
2019-08-21,251.19
2019-08-22,1015.07
2019-08-22,1409.62
2019-08-22,300.0
2019-08-22,46862.71
2019-08-22,60.0
2019-08-23,1171.71
2019-08-23,41048.69
2019-08-23,592.51
2019-08-23,8330.25
2019-08-23,2698.27
2019-08-23,1168.27
2019-08-24,288.0
2019-08-24,287.16
2019-08-25,3094.71
2019-08-25,180.12
2019-08-25,2825.33
2019-08-25,1110.03
2019-08-25,375.93
2019-08-26,1615.3
2019-08-26,2781.67
2019-08-26,559.41
2019-08-26,4154.02
2019-08-26,786.16
2019-08-27,116.0
2019-08-27,4135.57
2019-08-27,300.0
2019-08-27,3973.05
2019-08-27,1942.47
2019-08-27,1616.32
2019-08-27,281.68
2019-08-27,941.33
2019-08-27,1329.1
2019-08-28,116.0
2019-08-28,1270.28
2019-08-28,187.0
2019-08-28,59365.71
2019-08-28,35534.17
2019-08-29,8139.61
2019-08-29,3535.28
2019-08-29,99.15
2019-08-29,960.5
2019-08-30,44273.13
2019-08-30,4226.3
2019-08-30,3993.82
2019-08-30,1381.0
2019-08-31,660.09
2019-08-31,794.88
2019-08-31,4819.09
2019-08-31,2782.8
2019-08-31,116.0
2019-09-01,1447.24
2019-09-01,914.42
2019-09-01,695.28
2019-09-01,116.0
2019-09-01,806.54
2019-09-01,548.91
2019-09-02,2153.41
2019-09-02,2191.16
2019-09-02,500.94
2019-09-02,2386.93
2019-09-02,8480.02
2019-09-02,43056.95
2019-09-02,3455.68
2019-09-03,116.0
2019-09-03,302.22
2019-09-03,735.36
2019-09-03,692.95
2019-09-03,149.0
2019-09-04,3981.79
2019-09-05,116.0
2019-09-05,676.56
2019-09-05,457.96
2019-09-05,1251.11
2019-09-05,32.02
2019-09-05,330.15
2019-09-05,1058.89
2019-09-05,1906.78
2019-09-06,149.0
2019-09-06,765.11
2019-09-06,1164.91
2019-09-06,821.31
2019-09-06,768.56
2019-09-06,262.21
2019-09-07,633.28
2019-09-07,4773.25
2019-09-07,116.0
2019-09-07,4505.92
2019-09-08,379.37
2019-09-08,172.36
2019-09-08,229.58
2019-09-08,441.33
2019-09-08,121.35
2019-09-08,566.59
2019-09-08,3680.32
2019-09-09,80.02
2019-09-09,4326.89
2019-09-09,265.62
2019-09-09,3263.04
2019-09-09,488.24
2019-09-10,2113.78
2019-09-10,2537.25
2019-09-10,2405.65
2019-09-10,4178.27
2019-09-11,1703.89
2019-09-11,2012.72
2019-09-12,9262.51
2019-09-12,2022.25
2019-09-12,8358.89
2019-09-12,427.94
2019-09-13,371.56
2019-09-13,405.95
2019-09-13,238.86
2019-09-14,1271.12
2019-09-14,2485.92
2019-09-14,3811.46
2019-09-15,37950.45
2019-09-15,42005.78
2019-09-15,823.13
2019-09-15,747.98
2019-09-15,2259.97
2019-09-15,11840.36
2019-09-15,2098.14
2019-09-16,1196.77
2019-09-16,288.0
2019-09-16,705.36
2019-09-16,216.75
2019-09-16,3458.62
2019-09-16,1268.88
2019-09-16,1087.22
2019-09-16,7867.17
2019-09-16,388.33
2019-09-16,187.0
2019-09-16,646.93
2019-09-17,758.42
2019-09-17,514.99
2019-09-17,918.86
2019-09-18,369.42
2019-09-18,300.0
2019-09-18,1038.88
2019-09-18,8492.32
2019-09-18,2798.2
2019-09-18,119.09
2019-09-18,300.0
2019-09-18,1758.04
2019-09-19,608.28
2019-09-19,6283.15
2019-09-19,11001.92
2019-09-19,930.82
2019-09-19,1198.03
2019-09-19,1243.4
2019-09-19,812.21
2019-09-20,1262.95
2019-09-20,1371.46
2019-09-21,97.92
2019-09-21,749.27
2019-09-21,178.32
2019-09-21,4641.25
2019-09-21,1157.52
2019-09-21,288.0
2019-09-22,670.33
2019-09-22,636.77
2019-09-22,2362.36
2019-09-22,1415.95
2019-09-22,1744.3
2019-09-22,520.08
2019-09-23,2091.87
2019-09-23,308.61
2019-09-23,1993.51
2019-09-23,3827.17
2019-09-23,3288.47
2019-09-24,806.18
2019-09-24,3083.55
2019-09-24,288.0
2019-09-24,1917.24
2019-09-24,804.04
2019-09-24,116.0
2019-09-24,562.29
2019-09-25,288.0
2019-09-25,184.06
2019-09-25,8771.99
2019-09-25,3453.36
2019-09-25,257.07
2019-09-25,2931.56
2019-09-25,228.27
2019-09-26,1366.25
2019-09-26,894.77
2019-09-26,227.7
2019-09-27,44524.99
2019-09-28,870.5
2019-09-28,216.8
2019-09-29,1417.91
2019-09-29,754.06
2019-09-29,42608.88
2019-09-29,374.04
2019-09-29,4758.52
2019-09-30,1792.17
2019-09-30,4572.7
2019-09-30,724.16
2019-09-30,520.69
2019-09-30,116.0
2019-09-30,2558.76
2018-01-01,2869.54
2018-01-01,4808.72
2018-01-01,20861.36
2018-01-01,39289.29
2018-01-02,27481.17
2018-01-02,14085.55
2018-01-02,4337.21
2018-01-03,1821.89
2018-01-03,10110.06
2018-01-05,13211.55
2018-01-05,41358.08
2018-01-05,5037.16
2018-01-05,628.96
2018-01-06,2088.68
2018-01-06,7236.33
2018-01-07,188.96
2018-01-07,539.78
2018-01-08,9711.58
2018-01-08,1079.14
2018-01-08,1348.43
2018-01-08,2451.99
2018-01-08,2587.05
2018-01-09,2574.75
2018-01-09,3149.39
2018-01-10,783.33
2018-01-10,453.6
2018-01-10,2597.58
2018-01-10,617.78
2018-01-10,1560.56
2018-01-10,1106.89
2018-01-10,4393.55
2018-01-10,8197.48
2018-01-11,10485.16
2018-01-11,2573.36
2018-01-11,512.88
2018-01-12,6126.27
2018-01-12,1182.37
2018-01-13,1267.79
2018-01-14,40473.78
2018-01-14,2146.94
2018-01-15,968.04
2018-01-15,1964.81
2018-01-16,278.63
2018-01-17,353.12
2018-01-17,1536.37
2018-01-17,3271.64
2018-01-19,5988.71
2018-01-19,1927.81
2018-01-19,40338.28
2018-01-20,6208.42
2018-01-20,5973.58
2018-01-21,14781.61
2018-01-21,1337.62
2018-01-21,680.92
2018-01-21,4893.35
2018-01-22,8142.1
2018-01-22,4550.49
2018-01-22,1576.68
2018-01-22,2850.59
2018-01-23,2224.24
2018-01-24,639.69
2018-01-24,1312.81
2018-01-25,592.36
2018-01-25,2286.82
2018-01-26,2848.35
2018-01-27,1287.28
2018-01-27,15758.74
2018-01-27,8540.02
2018-01-28,11784.38
2018-01-28,1262.94
2018-01-28,13750.97
2018-01-28,666.2
2018-01-28,14826.14
2018-01-28,11736.95
2018-01-28,4966.24
2018-01-28,7816.65
2018-01-29,5568.2
2018-01-29,708.84
2018-01-29,6788.36
2018-01-29,2758.73
2018-01-29,747.25
2018-01-29,2613.93
2018-01-30,564.13
2018-01-30,2830.16
2018-01-30,1328.33
2018-01-30,14813.44
2018-01-30,2004.41
2018-01-31,7898.87
2018-01-31,5258.57
2018-01-31,2618.8
2018-01-31,6950.31
2018-02-01,3936.5
2018-02-01,17292.23
2018-02-02,5438.76
2018-02-02,564.94
2018-02-02,20226.82
2018-02-03,7816.14
2018-02-03,160155.48
2018-02-04,4325.5
2018-02-04,220.9
2018-02-05,6045.93
2018-02-05,12012.76
2018-02-05,1925.65
2018-02-06,9632.4
2018-02-06,2398.52
2018-02-06,1470.14
2018-02-06,3963.73
2018-02-06,3483.96
2018-02-07,3413.44
2018-02-07,903.44
2018-02-07,16275.87
2018-02-08,949.59
2018-02-09,1973.65
2018-02-09,995.12
2018-02-10,2698.66
2018-02-10,2783.31
2018-02-10,3601.68
2018-02-10,1836.35
2018-02-10,2772.71
2018-02-11,7733.28
2018-02-11,789.18
2018-02-12,10753.43
2018-02-12,198.35
2018-02-12,595.04
2018-02-13,2921.58
2018-02-13,2488.51
2018-02-14,1523.35
2018-02-14,10746.88
2018-02-14,41957.25
2018-02-16,1217.64
2018-02-16,318.63
2018-02-18,4267.6
2018-02-19,9071.01
2018-02-20,2115.21
2018-02-20,536.14
2018-02-21,13223.34
2018-02-21,10434.48
2018-02-21,2803.17
2018-02-21,44421.72
2018-02-21,1050.58
2018-02-22,3836.16
2018-02-22,2731.18
2018-02-23,27240.34
2018-02-23,1436.9
2018-02-23,11674.12
2018-02-24,294.22
2018-02-24,1669.04
2018-02-24,1664.49
2018-02-24,1268.27
2018-02-24,6421.92
2018-02-24,6572.7
2018-02-24,30499.16
2018-02-25,795.73
2018-02-25,3653.39
2018-02-25,2923.32
2018-02-25,7756.86
2018-02-25,24067.76
2018-02-25,5651.26
2018-02-25,2044.72
2018-02-25,9657.62
2018-02-25,4914.76
2018-02-25,6096.7
2018-02-26,3529.38
2018-02-26,5411.17
2018-02-26,9094.28
2018-02-26,642.48
2018-02-27,727.51
2018-02-27,20441.92
2018-02-27,1985.32
2018-02-27,1763.15
2018-02-28,3163.35
2018-02-28,14131.51
2018-02-28,2404.53
2018-02-28,5276.21
2018-02-28,7782.98
2018-02-28,2716.25
2018-02-28,11511.81
2018-02-28,13822.72
2018-03-01,291.05
2018-03-01,45695.16
2018-03-02,6991.26
2018-03-02,177208.79
2018-03-02,3214.18
2018-03-02,895.86
2018-03-03,18777.66
2018-03-03,9992.57
2018-03-04,105918.84
2018-03-04,260.7
2018-03-05,1373.95
2018-03-05,12266.41
2018-03-05,24343.91
2018-03-05,100003.05
2018-03-06,32438.82
2018-03-06,1512.77
2018-03-06,1650.69
2018-03-06,2221.78
2018-03-06,45456.83
2018-03-08,1978.47
2018-03-08,1257.26
2018-03-08,3437.52
2018-03-08,791.56
2018-03-08,2222.64
2018-03-09,669.57
2018-03-09,3573.22
2018-03-09,2830.35
2018-03-09,4469.36
2018-03-09,14367.17
2018-03-09,515.19
2018-03-10,1210.43
2018-03-11,6898.52
2018-03-11,3659.34
2018-03-11,539.49
2018-03-11,2274.2
2018-03-12,14838.04
2018-03-12,675.35
2018-03-13,1553.18
2018-03-13,15314.63
2018-03-13,798.51
2018-03-14,812.66
2018-03-14,457.98
2018-03-14,14262.23
2018-03-15,10984.35
2018-03-15,2914.7
2018-03-15,3892.55
2018-03-15,839.41
2018-03-16,11059.08
2018-03-16,15567.58
2018-03-16,1443.8
2018-03-17,2705.51
2018-03-17,14753.88
2018-03-18,2625.7
2018-03-18,4297.7
2018-03-19,1743.85
2018-03-20,85.53
2018-03-20,1770.06
2018-03-20,2377.9
2018-03-21,2462.91
2018-03-21,1348.79
2018-03-21,3238.98
2018-03-21,4090.1
2018-03-22,646.9
2018-03-22,361.29
2018-03-22,495.86
2018-03-23,1437.08
2018-03-23,1735.96
2018-03-24,484.78
2018-03-24,13438.39
2018-03-24,1364.53
2018-03-25,5979.02
2018-03-25,556.78
2018-03-26,3585.32
2018-03-27,6715.57
2018-03-27,42421.71
2018-03-27,15539.69
2018-03-27,3093.39
2018-03-28,3194.31
2018-03-28,10672.19
2018-03-28,13211.3
2018-03-28,24781.18
2018-03-29,664.84
2018-03-29,6038.12
2018-03-29,14256.9
2018-03-29,1805.33
2018-03-29,1842.41
2018-03-29,7706.42
2018-03-29,540.57
2018-03-29,5693.36
2018-03-29,22191.48
2018-03-29,13147.28
2018-03-29,8748.89
2018-03-29,1422.28
2018-03-30,662.29
2018-03-30,4878.72
2018-03-30,893.11
2018-03-30,210.91
2018-03-30,11305.77
2018-03-30,11853.56
2018-03-30,11023.61
2018-03-31,14847.81
2018-03-31,2839.38
2018-03-31,14210.47
2018-03-31,1632.55
2018-03-31,5455.05
2018-03-31,2631.55
2018-03-31,3795.47
2018-03-31,37983.29
2018-03-31,10107.86
2018-03-31,2693.37
2018-04-01,11829.17
2018-04-01,2930.35
2018-04-02,48875.36
2018-04-02,14993.98
2018-04-02,513.51
2018-04-02,2969.41
2018-04-03,1715.95
2018-04-03,35207.19
2018-04-03,5843.63
2018-04-03,103650.59
2018-04-03,284.25
2018-04-03,24324.66
2018-04-03,98319.03
2018-04-03,191.23
2018-04-04,1901.59
2018-04-04,32283.24
2018-04-04,208.99
2018-04-04,122159.85
2018-04-04,1818.41
2018-04-04,29378.56
2018-04-05,8126.41
2018-04-05,760.29
2018-04-05,1332.01
2018-04-06,4932.56
2018-04-06,2235.58
2018-04-06,1815.54
2018-04-06,1799.78
2018-04-06,4088.16
2018-04-06,967.59
2018-04-07,4923.29
2018-04-08,12191.82
2018-04-08,4845.07
2018-04-08,2283.76
2018-04-08,704.39
2018-04-09,1134.62
2018-04-10,4174.45
2018-04-10,7798.19
2018-04-10,286.85
2018-04-10,1914.72
2018-04-11,753.71
2018-04-11,10795.3
2018-04-11,3095.86
2018-04-11,15571.58
2018-04-12,1311.45
2018-04-12,3339.94
2018-04-13,2222.08
2018-04-13,2034.66
2018-04-13,1801.91
2018-04-13,2309.44
2018-04-13,700.06
2018-04-14,1075.24
2018-04-15,2320.91
2018-04-15,2365.7
2018-04-17,2611.04
2018-04-19,4436.74
2018-04-19,1520.36
2018-04-20,4252.27
2018-04-20,931.13
2018-04-20,4972.45
2018-04-21,14194.56
2018-04-21,2195.08
2018-04-21,413.34
2018-04-22,9392.73
2018-04-22,2938.98
2018-04-22,2426.16
2018-04-22,4703.07
2018-04-22,12205.36
2018-04-23,3689.45
2018-04-23,1439.07
2018-04-24,2396.13
2018-04-24,4839.36
2018-04-25,466.74
2018-04-26,11349.5
2018-04-26,2196.11
2018-04-26,9134.3
2018-04-27,1837.47
2018-04-27,4504.4
2018-04-27,2039.25
2018-04-27,3502.46
2018-04-27,4978.56
2018-04-28,9318.66
2018-04-28,4166.44
2018-04-28,12497.61
2018-04-28,10853.51
2018-04-28,6198.08
2018-04-29,4610.78
2018-04-29,8149.04
2018-04-29,8289.76
2018-04-29,13959.33
2018-04-30,6584.46
2018-04-30,2789.63
2018-04-30,7462.28
2018-04-30,1716.48
2018-05-01,5397.44
2018-05-01,9207.49
2018-05-01,79766.06
2018-05-01,35917.83
2018-05-01,13812.9
2018-05-01,7835.39
2018-05-02,3744.96
2018-05-02,94651.28
2018-05-02,2049.21
2018-05-02,1945.59
2018-05-03,3157.15
2018-05-03,1897.41
2018-05-04,27993.87
2018-05-04,3975.21
2018-05-05,6938.25
2018-05-05,1777.69
2018-05-05,3680.96
2018-05-06,2367.2
2018-05-06,1032.42
2018-05-06,2060.4
2018-05-07,24320.46
2018-05-07,1394.48
2018-05-07,5930.75
2018-05-08,2019.51
2018-05-08,25860.21
2018-05-09,2334.24
2018-05-09,92.01
2018-05-09,2003.52
2018-05-10,1269.38
2018-05-11,8235.19
2018-05-11,261.49
2018-05-11,347.02
2018-05-11,1982.15
2018-05-11,1155.83
2018-05-11,15376.84
2018-05-12,10396.72
2018-05-12,6283.57
2018-05-13,360.03
2018-05-13,953.12
2018-05-13,5646.41
2018-05-13,1793.43
2018-05-14,1786.87
2018-05-14,10791.08
2018-05-14,7002.46
2018-05-14,2694.69
2018-05-16,404.11
2018-05-16,1704.01
2018-05-16,3890.43
2018-05-17,15707.89
2018-05-17,2088.5
2018-05-17,1327.96
2018-05-17,6010.01
2018-05-18,2084.99
2018-05-18,2423.9
2018-05-18,327.07
2018-05-18,2787.47
2018-05-18,252.62
2018-05-18,2124.09
2018-05-18,3156.44
2018-05-19,1547.64
2018-05-19,471.06
2018-05-19,1951.12
2018-05-21,1466.73
2018-05-22,306.16
2018-05-22,5629.04
2018-05-22,3277.35
2018-05-23,1438.68
2018-05-23,4375.58
2018-05-23,17904.66
2018-05-23,3657.34
2018-05-24,7933.98
2018-05-24,2798.39
2018-05-24,2322.44
2018-05-24,2981.9
2018-05-24,420.52
2018-05-25,1439.61
2018-05-26,13456.46
2018-05-27,1273.55
2018-05-27,9912.34
2018-05-27,2400.61
2018-05-27,9503.88
2018-05-27,10530.67
2018-05-28,1413.29
2018-05-29,2770.87
2018-05-29,15742.03
2018-05-29,2494.39
2018-05-29,3866.25
2018-05-29,8215.42
2018-05-29,10658.14
2018-05-29,300.93
2018-05-29,9351.26
2018-05-30,1106.96
2018-05-30,11048.44
2018-05-30,11740.33
2018-05-30,1977.19
2018-05-30,318.98
2018-05-30,2326.75
2018-05-30,20176.75
2018-05-30,16160.96
2018-05-31,1682.93
2018-05-31,10664.92
2018-05-31,13382.34
2018-05-31,2200.16
2018-05-31,7202.96
2018-06-01,549.81
2018-06-01,831.42
2018-06-02,927.36
2018-06-02,16629.58
2018-06-02,4785.0
2018-06-02,7945.64
2018-06-02,82756.63
2018-06-02,293.72
2018-06-02,148020.81
2018-06-02,3211.6
2018-06-03,458.78
2018-06-03,1155.43
2018-06-04,1326.98
2018-06-04,461.52
2018-06-04,47528.1
2018-06-04,45770.84
2018-06-05,8634.69
2018-06-06,1514.13
2018-06-06,14062.72
2018-06-06,1936.38
2018-06-07,7419.23
2018-06-07,655.16
2018-06-08,4507.05
2018-06-08,767.02
2018-06-08,5798.73
2018-06-09,1604.52
2018-06-09,22342.09
2018-06-10,15589.49
2018-06-10,4781.87
2018-06-10,2562.17
2018-06-11,811.26
2018-06-12,963.75
2018-06-12,29671.17
2018-06-13,719.7
2018-06-14,1336.37
2018-06-15,9274.23
2018-06-15,1517.56
2018-06-15,5915.14
2018-06-16,2600.62
2018-06-16,2898.58
2018-06-18,2062.04
2018-06-18,4661.64
2018-06-19,6564.52
2018-06-19,712.47
2018-06-20,2692.07
2018-06-20,730.15
2018-06-20,760.16
2018-06-20,3680.25
2018-06-20,2686.17
2018-06-21,312.45
2018-06-21,4202.84
2018-06-21,1720.03
2018-06-22,621.76
2018-06-24,13932.55
2018-06-24,4180.85
2018-06-24,18171.0
2018-06-24,716.84
2018-06-25,341.12
2018-06-25,761.51
2018-06-26,1386.53
2018-06-26,5624.76
2018-06-26,10176.84
2018-06-26,2674.14
2018-06-26,681.85
2018-06-26,19672.61
2018-06-26,1410.31
2018-06-26,13338.65
2018-06-26,2445.77
2018-06-27,13759.86
2018-06-27,693.39
2018-06-27,11951.98
2018-06-27,2359.42
2018-06-27,904.09
2018-06-28,2020.95
2018-06-28,9739.87
2018-06-28,5934.78
2018-06-28,3553.01
2018-06-28,14743.22
2018-06-28,11812.24
2018-06-29,11464.4
2018-06-29,306.47
2018-06-29,3873.07
2018-06-29,6380.31
2018-06-29,1363.37
2018-06-29,11478.72
2018-06-30,6325.86
2018-06-30,11631.68
2018-06-30,5551.58
2018-07-01,1698.48
2018-07-01,18194.25
2018-07-01,16716.97
2018-07-02,12118.25
2018-07-03,15122.41
2018-07-03,1582.11
2018-07-03,7465.22
2018-07-03,4197.65
2018-07-03,2423.4
2018-07-04,15720.84
2018-07-04,798.45
2018-07-04,238163.14
2018-07-05,573.37
2018-07-06,456.84
2018-07-07,42.45
2018-07-08,6436.47
2018-07-08,14282.7
2018-07-09,2251.94
2018-07-11,12728.27
2018-07-12,1012.16
2018-07-12,463.83
2018-07-12,10256.64
2018-07-13,711.32
2018-07-13,19842.03
2018-07-13,12136.2
2018-07-14,8227.89
2018-07-14,526.91
2018-07-14,14727.2
2018-07-14,4042.33
2018-07-14,1156.91
2018-07-14,1774.75
2018-07-15,413.74
2018-07-15,1104.96
2018-07-16,420.95
2018-07-17,4858.59
2018-07-17,3841.56
2018-07-18,1351.7
2018-07-18,866.25
2018-07-18,2780.55
2018-07-19,10644.77
2018-07-19,1824.52
2018-07-23,1809.46
2018-07-23,1972.37
2018-07-23,1765.04
2018-07-23,1721.37
2018-07-23,633.36
2018-07-24,532.2
2018-07-24,1574.3
2018-07-26,2188.36
2018-07-26,5727.09
2018-07-26,997.68
2018-07-27,11721.37
2018-07-27,708.11
2018-07-27,8467.4
2018-07-27,10249.27
2018-07-27,2266.28
2018-07-27,9986.91
2018-07-28,2480.19
2018-07-28,587.42
2018-07-28,7994.76
2018-07-28,3574.26
2018-07-28,1365.27
2018-07-29,6364.02
2018-07-29,1411.97
2018-07-29,4375.41
2018-07-30,6810.0
2018-07-30,2529.76
2018-07-30,392.61
2018-07-30,286.44
2018-07-31,5715.2
2018-07-31,6958.91
2018-07-31,4751.33
2018-07-31,4099.32
2018-07-31,793.88
2018-07-31,13942.99
2018-07-31,1073.05
2018-07-31,14008.27
2018-07-31,10974.76
2018-08-01,2012.63
2018-08-01,2417.78
2018-08-02,42645.54
2018-08-02,1993.19
2018-08-02,15938.03
2018-08-02,1944.37
2018-08-03,21438.09
2018-08-04,5849.25
2018-08-05,953.9
2018-08-05,6855.52
2018-08-05,537.69
2018-08-05,176264.99
2018-08-06,38446.04
2018-08-06,1978.25
2018-08-06,986.58
2018-08-07,2340.45
2018-08-08,480.72
2018-08-08,962.29
2018-08-09,10686.89
2018-08-09,2508.21
2018-08-09,3183.03
2018-08-10,7653.92
2018-08-11,255.04
2018-08-13,2778.2
2018-08-13,12885.41
2018-08-13,9686.18
2018-08-14,12944.73
2018-08-14,1221.66
2018-08-14,2151.16
2018-08-14,205.52
2018-08-15,3676.16
2018-08-15,645.56
2018-08-15,1067.47
2018-08-16,3074.63
2018-08-16,968.24
2018-08-16,5639.27
2018-08-16,2001.02
2018-08-16,6305.58
2018-08-17,2320.9
2018-08-17,1262.0
2018-08-18,4713.62
2018-08-18,3134.37
2018-08-19,514.53
2018-08-19,2035.62
2018-08-19,2327.52
2018-08-19,1588.06
2018-08-19,13805.22
2018-08-19,10562.25
2018-08-20,3662.29
2018-08-20,2050.11
2018-08-20,211.43
2018-08-20,992.39
2018-08-21,10688.19
2018-08-21,2860.28
2018-08-21,601.71
2018-08-21,3011.45
2018-08-22,2636.72
2018-08-22,1173.02
2018-08-22,15567.12
2018-08-23,1426.75
2018-08-23,959.78
2018-08-24,315.52
2018-08-25,2240.52
2018-08-26,1783.42
2018-08-26,38529.81
2018-08-26,603.12
2018-08-26,2150.52
2018-08-27,6106.95
2018-08-27,3580.22
2018-08-27,3352.78
2018-08-27,4518.45
2018-08-28,14244.57
2018-08-28,1201.09
2018-08-28,9358.82
2018-08-28,1701.05
2018-08-28,6845.18
2018-08-28,2475.37
2018-08-28,4699.93
2018-08-29,4929.83
2018-08-29,1965.64
2018-08-29,13680.25
2018-08-29,480.02
2018-08-29,157.14
2018-08-30,21592.66
2018-08-30,19993.79
2018-08-30,6696.67
2018-08-30,4256.6
2018-08-30,1845.13
2018-08-30,30974.59
2018-08-30,1378.85
2018-08-30,11179.41
2018-08-30,5681.49
2018-08-30,3419.03
2018-08-31,4529.94
2018-08-31,1509.54
2018-08-31,1220.55
2018-08-31,4323.17
2018-08-31,4585.86
2018-09-01,168889.74
2018-09-01,1300.1
2018-09-01,2768.91
2018-09-02,3410.99
2018-09-02,11127.45
2018-09-02,2784.88
2018-09-02,2723.11
2018-09-02,11654.9
2018-09-02,40791.53
2018-09-03,769.22
2018-09-03,2636.76
2018-09-04,3943.65
2018-09-04,2188.87
2018-09-04,4685.53
2018-09-04,3360.14
2018-09-05,12069.76
2018-09-05,2307.27
2018-09-06,1793.45
2018-09-06,392.64
2018-09-06,1692.88
2018-09-06,1675.71
2018-09-06,1029.63
2018-09-07,5240.12
2018-09-07,2762.28
2018-09-08,2209.34
2018-09-10,536.06
2018-09-11,2499.68
2018-09-11,1988.28
2018-09-11,136.62
2018-09-12,616.1
2018-09-12,512.81
2018-09-12,4165.91
2018-09-12,1258.74
2018-09-12,13072.1
2018-09-12,3743.85
2018-09-13,9402.04
2018-09-13,4690.43
2018-09-13,2690.17
2018-09-14,10748.27
2018-09-14,3535.49
2018-09-14,7765.29
2018-09-16,5385.92
2018-09-16,4522.03
2018-09-17,2034.54
2018-09-18,1678.17
2018-09-19,1362.34
2018-09-19,4910.64
2018-09-19,637.91
2018-09-19,2932.43
2018-09-19,3877.91
2018-09-20,1058.41
2018-09-20,4685.14
2018-09-20,142.82
2018-09-21,316.4
2018-09-21,14042.87
2018-09-21,2031.23
2018-09-22,1884.37
2018-09-23,22052.53
2018-09-24,29420.5
2018-09-24,4085.53
2018-09-24,1653.18
2018-09-24,1948.85
2018-09-25,2218.31
2018-09-25,4911.38
2018-09-25,2324.9
2018-09-26,4290.76
2018-09-26,3250.0
2018-09-26,8675.16
2018-09-26,2345.11
2018-09-26,4951.06
2018-09-26,12899.23
2018-09-26,2138.52
2018-09-26,7275.43
2018-09-26,10980.11
2018-09-27,556.58
2018-09-27,3468.59
2018-09-27,461.63
2018-09-27,7207.83
2018-09-27,1127.83
2018-09-27,1085.67
2018-09-27,14852.89
2018-09-27,1405.55
2018-09-27,2069.45
2018-09-28,2986.58
2018-09-28,9398.43
2018-09-28,14041.69
2018-09-29,8625.27
2018-09-29,1795.75
2018-09-29,4826.06
2018-09-29,449.01
2018-09-29,655.79
2018-09-30,5248.37
2018-09-30,7935.66
2018-09-30,13865.88
2018-09-30,2906.35
2018-09-30,3065.24
2018-09-30,10502.53
2018-10-01,394.99
2018-10-01,3295.92
2018-10-01,1401.26
2018-10-01,11975.61
2018-10-01,28770.02
2018-10-01,2566.01
2018-10-02,9960.05
2018-10-02,6310.39
2018-10-02,1059.34
2018-10-03,16456.52
2018-10-03,1666.5
2018-10-03,2863.78
2018-10-03,3912.45
2018-10-04,30940.78
2018-10-04,1452.43
2018-10-04,32650.69
2018-10-04,9149.25
2018-10-05,22081.97
2018-10-05,9599.57
2018-10-06,668.28
2018-10-06,1025.5
2018-10-07,1811.42
2018-10-08,4927.95
2018-10-08,5215.26
2018-10-08,397.08
2018-10-08,2053.06
2018-10-08,154.19
2018-10-09,377.96
2018-10-09,2115.06
2018-10-09,10084.71
2018-10-10,3294.85
2018-10-11,8314.1
2018-10-11,625.96
2018-10-11,1435.52
2018-10-11,4291.22
2018-10-11,1214.18
2018-10-12,12510.26
2018-10-12,554.65
2018-10-12,3419.25
2018-10-12,19326.75
2018-10-12,2657.13
2018-10-12,765.59
2018-10-13,45837.77
2018-10-13,1415.07
2018-10-15,1784.77
2018-10-15,2114.77
2018-10-15,313.47
2018-10-16,842.35
2018-10-16,1302.83
2018-10-17,4678.31
2018-10-17,1006.38
2018-10-17,1495.16
2018-10-17,15472.79
2018-10-17,2457.81
2018-10-17,762.6
2018-10-18,4028.33
2018-10-18,10884.18
2018-10-18,308.88
2018-10-18,1662.28
2018-10-19,2527.8
2018-10-19,1572.03
2018-10-19,13295.35
2018-10-19,1737.24
2018-10-19,1975.35
2018-10-19,29443.81
2018-10-20,565.25
2018-10-21,1885.95
2018-10-21,1156.3
2018-10-22,1814.05
2018-10-22,4469.79
2018-10-22,1574.87
2018-10-22,16530.29
2018-10-22,23442.3
2018-10-23,1637.68
2018-10-23,4763.61
2018-10-24,4541.34
2018-10-24,3813.11
2018-10-24,7337.85
2018-10-24,599.42
2018-10-24,1974.09
2018-10-25,3770.71
2018-10-25,10896.94
2018-10-25,2316.59
2018-10-25,359.04
2018-10-25,2309.73
2018-10-26,4572.45
2018-10-26,1080.54
2018-10-26,2497.27
2018-10-27,5450.08
2018-10-28,309.24
2018-10-28,5046.44
2018-10-28,418.82
2018-10-28,10201.67
2018-10-28,2323.01
2018-10-28,15150.3
2018-10-28,6680.84
2018-10-28,467.77
2018-10-29,2708.18
2018-10-29,708.0
2018-10-30,13621.38
2018-10-30,9170.76
2018-10-30,3453.61
2018-10-30,1746.13
2018-10-31,8996.11
2018-10-31,5493.68
2018-10-31,10977.1
2018-10-31,4741.24
2018-10-31,3021.47
2018-10-31,19939.86
2018-10-31,7894.52
2018-10-31,5656.87
2018-10-31,1143.01
2018-11-01,4267.15
2018-11-01,20793.23
2018-11-02,14867.05
2018-11-02,813.4
2018-11-03,20675.42
2018-11-03,4565.56
2018-11-03,840.0
2018-11-03,4195.62
2018-11-05,240125.84
2018-11-05,17662.41
2018-11-05,1734.96
2018-11-05,33323.0
2018-11-06,759.82
2018-11-06,1573.03
2018-11-06,1740.38
2018-11-06,494.98
2018-11-07,1195.05
2018-11-07,2433.02
2018-11-07,2218.32
2018-11-07,48761.33
2018-11-08,1977.36
2018-11-08,9984.92
2018-11-09,168.09
2018-11-09,49971.86
2018-11-09,15274.97
2018-11-09,2109.46
2018-11-09,2425.37
2018-11-09,48253.76
2018-11-09,824.16
2018-11-10,1903.88
2018-11-10,591.62
2018-11-10,11551.62
2018-11-11,31455.05
2018-11-11,2884.7
2018-11-12,9935.27
2018-11-12,1641.06
2018-11-12,12050.66
2018-11-13,990.72
2018-11-13,757.51
2018-11-14,5688.3
2018-11-15,1225.58
2018-11-16,1091.27
2018-11-16,2553.47
2018-11-17,2745.97
2018-11-17,2846.48
2018-11-18,4436.37
2018-11-18,6635.28
2018-11-18,1762.92
2018-11-18,1912.89
2018-11-19,1759.56
2018-11-19,8310.27
2018-11-20,1300.93
2018-11-21,2618.36
2018-11-21,4077.88
2018-11-21,4083.45
2018-11-21,2064.62
2018-11-23,7161.71
2018-11-23,1805.69
2018-11-23,892.69
2018-11-23,1116.89
2018-11-24,2410.29
2018-11-25,4462.26
2018-11-25,47.36
2018-11-26,22981.85
2018-11-26,12567.95
2018-11-26,5865.6
2018-11-27,12457.87
2018-11-27,4956.19
2018-11-27,2553.27
2018-11-27,15120.24
2018-11-27,15306.44
2018-11-28,13864.02
2018-11-28,1607.37
2018-11-28,14581.69
2018-11-28,15117.99
2018-11-29,8743.16
2018-11-29,4426.42
2018-11-29,3537.76
2018-11-29,15159.56
2018-11-29,8999.93
2018-11-29,598.03
2018-11-30,375.76
2018-11-30,12102.5
2018-11-30,4264.93
2018-11-30,348.56
2018-11-30,763.75
2018-11-30,821.65
2018-12-01,1325.79
2018-12-01,129662.04
2018-12-01,44310.63
2018-12-01,1065.79
2018-12-02,1890.32
2018-12-02,39965.41
2018-12-02,3441.57
2018-12-02,101.55
2018-12-03,1201.31
2018-12-03,7438.57
2018-12-03,2687.02
2018-12-04,4040.23
2018-12-04,11348.29
2018-12-04,49110.75
2018-12-04,1440.38
2018-12-04,126948.02
2018-12-04,71346.11
2018-12-04,2852.22
2018-12-05,1714.13
2018-12-05,25358.65
2018-12-06,1519.99
2018-12-06,7251.09
2018-12-06,3120.1
2018-12-06,4152.71
2018-12-06,3198.97
2018-12-07,4420.27
2018-12-08,941.88
2018-12-08,2129.38
2018-12-08,2624.23
2018-12-08,22699.23
2018-12-09,3484.45
2018-12-10,2495.9
2018-12-10,61.44
2018-12-10,8438.63
2018-12-10,51.04
2018-12-10,3207.47
2018-12-11,2261.42
2018-12-12,3348.6
2018-12-12,266.47
2018-12-12,14793.24
2018-12-13,4723.27
2018-12-13,12518.94
2018-12-14,10307.54
2018-12-14,1373.3
2018-12-15,10767.05
2018-12-15,10838.32
2018-12-15,4800.12
2018-12-15,1588.56
2018-12-16,2165.76
2018-12-16,1519.85
2018-12-16,1754.78
2018-12-17,4062.76
2018-12-17,582.47
2018-12-18,8972.56
2018-12-18,1276.18
2018-12-18,1146.78
2018-12-19,2506.56
2018-12-19,1130.67
2018-12-19,1531.63
2018-12-20,2800.93
2018-12-20,642.26
2018-12-22,10764.6
2018-12-22,32766.66
2018-12-22,1365.03
2018-12-24,1116.29
2018-12-24,901.77
2018-12-24,2796.16
2018-12-25,754.34
2018-12-25,1119.63
2018-12-25,7415.59
2018-12-25,1304.54
2018-12-26,2416.1
2018-12-26,1135.35
2018-12-26,2333.04
2018-12-26,1272.52
2018-12-26,814.61
2018-12-27,2745.88
2018-12-27,1433.53
2018-12-27,978.62
2018-12-27,14001.69
2018-12-28,12816.97
2018-12-28,1332.74
2018-12-28,2688.45
2018-12-28,661.9
2018-12-28,12577.29
2018-12-29,2801.77
2018-12-29,15481.31
2018-12-29,11580.49
2018-12-29,14173.7
2018-12-29,1065.24
2018-12-29,536.6
2018-12-29,432.29
2018-12-29,15284.89
2018-12-30,8103.17
2018-12-30,8066.54
2018-12-30,14000.2
2018-12-30,10475.49
2018-12-30,2104.5
2018-12-30,10280.48
2018-12-30,15638.33
2018-12-31,8074.38
2018-12-31,10187.41
2018-12-31,118.91
2018-12-31,1472.61
2019-01-01,1555.03
2019-01-02,38587.72
2019-01-02,673.11
2019-01-02,13059.01
2019-01-03,2525.32
2019-01-03,3638.14
2019-01-03,39760.57
2019-01-03,156886.81
2019-01-03,33215.63
2019-01-04,2954.75
2019-01-04,24721.6
2019-01-04,141025.68
2019-01-05,3157.15
2019-01-05,14064.56
2019-01-05,140146.77
2019-01-05,594.64
2019-01-05,90145.28
2019-01-06,10666.52
2019-01-07,7977.35
2019-01-08,441.3
2019-01-08,36437.67
2019-01-09,4038.61
2019-01-09,776.79
2019-01-09,2330.14
2019-01-10,2053.68
2019-01-10,708.53
2019-01-10,881.98
2019-01-10,3920.72
2019-01-11,785.96
2019-01-12,2164.07
2019-01-12,996.34
2019-01-13,13168.32
2019-01-13,11553.39
2019-01-14,1934.16
2019-01-14,4370.68
2019-01-15,54.09
2019-01-15,1926.21
2019-01-16,17304.42
2019-01-16,3174.91
2019-01-17,2847.48
2019-01-18,2045.6
2019-01-18,1310.01
2019-01-18,2173.72
2019-01-18,643.21
2019-01-18,1660.47
2019-01-18,1491.29
2019-01-18,2558.76
2019-01-19,1576.01
2019-01-19,6584.2
2019-01-19,1077.39
2019-01-20,2356.73
2019-01-20,1706.39
2019-01-20,3621.16
2019-01-22,221.82
2019-01-22,1184.38
2019-01-22,947.29
2019-01-22,1817.9
2019-01-23,2236.2
2019-01-24,7065.06
2019-01-25,2033.19
2019-01-26,830.8
2019-01-26,259.25
2019-01-26,1940.01
2019-01-27,13667.16
2019-01-27,14348.96
2019-01-27,23759.55
2019-01-27,2693.84
2019-01-27,9699.8
2019-01-27,11780.79
2019-01-27,1146.95
2019-01-27,555.5
2019-01-28,12584.42
2019-01-28,3478.24
2019-01-29,3533.81
2019-01-29,9595.41
2019-01-29,19249.14
2019-01-29,723.16
2019-01-30,582.19
2019-01-30,2612.97
2019-01-30,2908.9
2019-01-30,3242.18
2019-01-30,16720.27
2019-01-30,3806.77
2019-01-30,4860.59
2019-01-30,5863.78
2019-01-31,5715.89
2019-01-31,12050.08
2019-01-31,10727.93
2019-01-31,13064.57
2019-01-31,694.05
2019-01-31,3726.21
2019-02-01,14174.6
2019-02-03,13099.12
2019-02-03,188574.21
2019-02-03,2199.46
2019-02-04,5916.49
2019-02-04,47459.69
2019-02-05,225266.29
2019-02-05,3717.17
2019-02-05,9037.3
2019-02-07,1636.09
2019-02-08,15584.6
2019-02-09,9504.05
2019-02-11,1214.2
2019-02-12,6946.12
2019-02-12,6916.79
2019-02-12,1831.52
2019-02-13,1170.42
2019-02-13,973.2
2019-02-13,599.61
2019-02-14,789.1
2019-02-14,1450.22
2019-02-15,2035.14
2019-02-15,1438.37
2019-02-15,1582.98
2019-02-15,582.92
2019-02-15,2059.61
2019-02-16,3989.58
2019-02-16,1673.02
2019-02-16,236.18
2019-02-17,2200.39
2019-02-17,14695.23
2019-02-19,1626.81
2019-02-19,12332.43
2019-02-19,24196.98
2019-02-19,878.19
2019-02-19,10731.0
2019-02-20,1086.41
2019-02-20,1784.26
2019-02-20,2544.79
2019-02-20,1513.75
2019-02-20,2869.38
2019-02-21,380.37
2019-02-21,9239.52
2019-02-22,1303.46
2019-02-22,1311.85
2019-02-22,959.53
2019-02-23,6201.61
2019-02-23,401.67
2019-02-24,7677.62
2019-02-24,3890.06
2019-02-24,576.28
2019-02-24,10905.22
2019-02-25,4627.88
2019-02-25,10943.49
2019-02-25,1722.3
2019-02-25,1060.58
2019-02-26,756.77
2019-02-26,5434.32
2019-02-26,1427.22
2019-02-26,4237.23
2019-02-26,19660.23
2019-02-26,2938.9
2019-02-26,1042.39
2019-02-26,2381.98
2019-02-26,3789.23
2019-02-26,6774.11
2019-02-26,2596.12
2019-02-26,10669.99
2019-02-27,8072.74
2019-02-27,513.51
2019-02-27,3977.81
2019-02-27,344.57
2019-02-27,4239.68
2019-02-28,13347.43
2019-02-28,3072.72
2019-02-28,4492.21
2019-02-28,1775.05
2019-02-28,13076.9
2019-03-01,3028.31
2019-03-01,494.09
2019-03-02,1969.25
2019-03-02,2681.54
2019-03-02,24955.79
2019-03-02,1200.52
2019-03-02,2886.76
2019-03-02,2758.41
2019-03-02,8729.14
2019-03-03,141643.43
2019-03-04,5409.32
2019-03-04,2274.89
2019-03-04,7866.53
2019-03-05,353.84
2019-03-05,35059.0
2019-03-05,2902.26
2019-03-05,38976.83
2019-03-05,42290.22
2019-03-06,531.88
2019-03-06,8574.74
2019-03-06,487.2
2019-03-06,171.55
2019-03-06,2601.03
2019-03-06,10834.39
2019-03-06,6311.99
2019-03-07,5356.13
2019-03-07,199.83
2019-03-07,4467.79
2019-03-07,23140.74
2019-03-08,2876.47
2019-03-08,2347.41
2019-03-08,313.48
2019-03-09,1086.99
2019-03-09,2119.65
2019-03-09,10705.93
2019-03-09,2185.97
2019-03-09,8026.41
2019-03-10,15215.25
2019-03-10,925.93
2019-03-10,1891.5
2019-03-10,2142.13
2019-03-10,4193.81
2019-03-10,12354.61
2019-03-10,1079.95
2019-03-10,9189.88
2019-03-12,2979.29
2019-03-12,3092.94
2019-03-12,12378.24
2019-03-13,302.67
2019-03-13,3216.23
2019-03-13,2011.45
2019-03-13,2705.36
2019-03-13,1092.59
2019-03-14,484.46
2019-03-14,13136.18
2019-03-14,1249.72
2019-03-14,1350.77
2019-03-14,2529.59
2019-03-14,1223.96
2019-03-14,576.49
2019-03-14,35971.61
2019-03-15,1436.71
2019-03-15,2085.97
2019-03-15,12521.77
2019-03-16,1380.08
2019-03-16,3874.71
2019-03-17,802.21
2019-03-17,976.43
2019-03-17,913.98
2019-03-18,504.04
2019-03-18,610.99
2019-03-19,6462.26
2019-03-19,2431.62
2019-03-19,1990.41
2019-03-19,1055.21
2019-03-19,33050.87
2019-03-20,4377.33
2019-03-20,1672.01
2019-03-20,4169.38
2019-03-21,1182.18
2019-03-21,2825.3
2019-03-22,14631.57
2019-03-23,3432.01
2019-03-23,12786.58
2019-03-23,408.84
2019-03-24,3835.13
2019-03-24,655.69
2019-03-25,1313.67
2019-03-25,1127.12
2019-03-25,641.16
2019-03-26,4358.67
2019-03-26,8267.24
2019-03-28,7596.47
2019-03-28,6597.06
2019-03-28,342.87
2019-03-28,12905.02
2019-03-29,1170.69
2019-03-29,8642.19
2019-03-29,2850.43
2019-03-29,12692.45
2019-03-29,100.46
2019-03-29,1995.46
2019-03-30,497.26
2019-03-30,10523.24
2019-03-30,1498.14
2019-03-30,293.29
2019-03-30,5469.5
2019-03-31,1394.8
2019-03-31,4368.21
2019-03-31,14817.74
2019-03-31,48355.87
2019-03-31,13581.4
2019-03-31,3095.39
2019-04-01,147.21
2019-04-01,623.54
2019-04-01,1579.08
2019-04-01,20762.03
2019-04-01,46386.55
2019-04-01,9653.96
2019-04-01,33562.04
2019-04-02,11900.19
2019-04-02,1055.6
2019-04-02,1169.21
2019-04-03,2946.86
2019-04-03,222120.88
2019-04-03,3235.69
2019-04-03,38529.53
2019-04-04,4405.09
2019-04-05,13353.71
2019-04-05,1250.0
2019-04-06,977.17
2019-04-06,7331.45
2019-04-06,3867.32
2019-04-06,1616.88
2019-04-07,1090.52
2019-04-08,4793.42
2019-04-08,4966.93
2019-04-08,3205.33
2019-04-09,346.29
2019-04-10,2679.74
2019-04-10,3720.1
2019-04-10,18129.88
2019-04-10,15625.29
2019-04-10,1306.21
2019-04-10,4182.5
2019-04-10,1405.31
2019-04-10,1460.12
2019-04-11,4575.22
2019-04-12,609.34
2019-04-12,1889.59
2019-04-13,343.86
2019-04-13,1634.85
2019-04-13,1926.67
2019-04-13,2641.52
2019-04-13,11156.98
2019-04-14,1244.61
2019-04-15,12443.16
2019-04-15,3280.29
2019-04-15,843.19
2019-04-16,5346.54
2019-04-16,2720.86
2019-04-17,13266.13
2019-04-18,3953.65
2019-04-18,2445.53
2019-04-19,36880.21
2019-04-19,468.93
2019-04-19,494.55
2019-04-20,1211.16
2019-04-21,620.56
2019-04-21,4507.47
2019-04-21,16777.16
2019-04-21,501.16
2019-04-21,4244.2
2019-04-22,4586.01
2019-04-22,986.62
2019-04-22,821.92
2019-04-24,1125.4
2019-04-24,1377.28
2019-04-25,1052.02
2019-04-25,10338.25
2019-04-26,16646.81
2019-04-26,4122.24
2019-04-26,5801.17
2019-04-26,519.38
2019-04-26,1783.18
2019-04-26,3473.05
2019-04-27,23396.43
2019-04-27,4009.1
2019-04-27,2113.38
2019-04-27,8779.03
2019-04-27,15112.66
2019-04-28,6106.02
2019-04-28,271.89
2019-04-28,863.68
2019-04-28,16697.87
2019-04-29,695.68
2019-04-29,13761.12
2019-04-29,1617.49
2019-04-30,14957.84
2019-04-30,695.69
2019-04-30,10001.17
2019-04-30,819.03
2019-04-30,9460.08
2019-04-30,759.45
2019-05-01,810.07
2019-05-02,8128.38
2019-05-02,3012.84
2019-05-02,2088.43
2019-05-02,2485.4
2019-05-02,1679.4
2019-05-03,740.27
2019-05-03,11960.91
2019-05-03,12420.5
2019-05-03,7553.53
2019-05-03,9259.35
2019-05-03,3226.64
2019-05-04,526.53
2019-05-04,2808.16
2019-05-04,202071.67
2019-05-06,432.85
2019-05-06,7370.08
2019-05-06,228.86
2019-05-07,783.87
2019-05-08,59.25
2019-05-09,767.41
2019-05-09,7761.25
2019-05-09,14295.35
2019-05-09,1075.22
2019-05-10,5799.83
2019-05-11,1208.68
2019-05-11,7601.07
2019-05-12,87.38
2019-05-14,1052.93
2019-05-15,3402.93
2019-05-16,7257.3
2019-05-17,5159.51
2019-05-17,2282.35
2019-05-17,3551.91
2019-05-18,3137.26
2019-05-18,1173.71
2019-05-18,282.94
2019-05-18,448.67
2019-05-18,10254.73
2019-05-18,716.32
2019-05-19,1562.11
2019-05-19,2368.46
2019-05-19,5942.28
2019-05-21,2159.35
2019-05-21,3738.47
2019-05-22,9463.67
2019-05-22,221.98
2019-05-22,209.98
2019-05-22,932.1
2019-05-22,1390.15
2019-05-23,1540.75
2019-05-23,256.59
2019-05-24,14059.86
2019-05-24,13346.68
2019-05-24,229.41
2019-05-24,13048.7
2019-05-25,1761.6
2019-05-25,460.2
2019-05-25,1850.04
2019-05-26,730.57
2019-05-26,989.53
2019-05-26,723.7
2019-05-26,411.29
2019-05-27,1271.03
2019-05-27,2913.23
2019-05-27,3084.35
2019-05-27,8875.33
2019-05-27,537.54
2019-05-27,8840.22
2019-05-27,6649.89
2019-05-29,7924.85
2019-05-29,47324.79
2019-05-29,8239.85
2019-05-29,5232.84
2019-05-29,2738.23
2019-05-29,6698.01
2019-05-30,42127.05
2019-05-30,2053.45
2019-05-30,473.69
2019-05-30,28453.93
2019-05-31,672.35
2019-05-31,1459.3
2019-05-31,693.1
2019-06-01,3494.22
2019-06-01,14390.4
2019-06-01,11156.76
2019-06-02,2689.73
2019-06-02,15056.34
2019-06-03,19026.4
2019-06-03,41214.75
2019-06-04,222.01
2019-06-04,6005.62
2019-06-04,203265.19
2019-06-05,1601.14
2019-06-05,182.11
2019-06-05,43618.74
2019-06-05,1820.14
2019-06-05,15994.19
2019-06-05,12854.02
2019-06-06,11140.2
2019-06-06,1512.33
2019-06-07,1266.75
2019-06-08,2734.38
2019-06-08,10804.95
2019-06-09,308.61
2019-06-10,1390.2
2019-06-10,2791.0
2019-06-10,802.41
2019-06-11,1248.71
2019-06-11,2779.19
2019-06-11,386.1
2019-06-11,2390.94
2019-06-13,3880.94
2019-06-14,592.68
2019-06-14,3832.49
2019-06-14,182.08
2019-06-14,664.95
2019-06-14,4257.56
2019-06-14,2415.4
2019-06-14,589.38
2019-06-15,43113.79
2019-06-15,1346.65
2019-06-16,160.69
2019-06-16,2514.56
2019-06-17,12007.56
2019-06-17,178.98
2019-06-17,559.92
2019-06-18,3387.94
2019-06-18,2236.68
2019-06-18,2237.12
2019-06-18,9302.86
2019-06-18,449.72
2019-06-18,2036.2
2019-06-20,658.75
2019-06-20,795.85
2019-06-20,14136.3
2019-06-20,5709.74
2019-06-20,10694.3
2019-06-21,1013.9
2019-06-21,4125.58
2019-06-21,1499.38
2019-06-22,416.98
2019-06-22,5205.42
2019-06-23,4034.22
2019-06-24,2391.09
2019-06-24,21095.82
2019-06-24,1986.9
2019-06-25,6944.06
2019-06-25,3547.15
2019-06-25,4648.67
2019-06-25,520.82
2019-06-25,13725.55
2019-06-25,3393.35
2019-06-26,5195.11
2019-06-26,2542.68
2019-06-27,15583.76
2019-06-27,11004.98
2019-06-27,335.19
2019-06-28,712.97
2019-06-28,15201.0
2019-06-28,2117.89
2019-06-28,14074.55
2019-06-28,1595.59
2019-06-28,12193.0
2019-06-28,15355.26
2019-06-28,1466.75
2019-06-29,3078.99
2019-06-29,2357.39
2019-06-29,2166.53
2019-06-29,10980.18
2019-06-29,8818.81
2019-06-29,9030.83
2019-06-29,1649.55
2019-06-30,23931.79
2019-06-30,342.56
2019-06-30,8019.34
2019-06-30,600.61
2019-06-30,4668.07
2019-07-01,12454.08
2019-07-01,9910.33
2019-07-01,2498.21
2019-07-01,4388.86
2019-07-01,14370.91
2019-07-01,1978.79
2019-07-02,157900.42
2019-07-02,162222.58
2019-07-02,424.42
2019-07-02,44075.58
2019-07-03,562.41
2019-07-03,273.38
2019-07-03,40743.21
2019-07-03,789.86
2019-07-04,1263.43
2019-07-04,4351.6
2019-07-04,1562.43
2019-07-04,2328.98
2019-07-04,25630.58
2019-07-04,11286.59
2019-07-05,1058.43
2019-07-05,3977.47
2019-07-06,4912.47
2019-07-06,575.91
2019-07-07,1655.37
2019-07-07,2194.38
2019-07-07,767.67
2019-07-08,1918.47
2019-07-08,3726.33
2019-07-08,9135.81
2019-07-08,1272.91
2019-07-12,1145.83
2019-07-12,1114.26
2019-07-12,1064.81
2019-07-12,2422.22
2019-07-13,1504.67
2019-07-13,3983.17
2019-07-13,23107.54
2019-07-13,482.69
2019-07-14,4392.13
2019-07-14,497.17
2019-07-15,1602.39
2019-07-15,2217.77
2019-07-16,614.71
2019-07-16,652.05
2019-07-16,4141.3
2019-07-17,3361.68
2019-07-17,4130.22
2019-07-19,3544.86
2019-07-19,147.15
2019-07-19,2278.39
2019-07-19,1241.57
2019-07-20,1797.53
2019-07-21,23781.9
2019-07-21,2158.26
2019-07-22,14446.77
2019-07-22,1623.1
2019-07-22,6022.92
2019-07-22,3258.17
2019-07-23,554.04
2019-07-23,717.2
2019-07-24,585.93
2019-07-24,2866.17
2019-07-24,1286.02
2019-07-25,1431.43
2019-07-26,34057.66
2019-07-27,6348.7
2019-07-27,8154.99
2019-07-27,149.4
2019-07-27,2228.75
2019-07-27,13208.53
2019-07-28,1569.78
2019-07-28,12565.06
2019-07-28,9827.96
2019-07-28,1174.95
2019-07-28,9897.24
2019-07-28,485.2
2019-07-29,4021.24
2019-07-29,8056.26
2019-07-29,13526.6
2019-07-29,105.98
2019-07-29,11534.85
2019-07-29,2850.97
2019-07-29,4987.32
2019-07-29,1666.24
2019-07-29,282.86
2019-07-30,728.68
2019-07-30,9491.32
2019-07-30,4101.56
2019-07-30,1483.46
2019-07-30,9888.71
2019-07-31,12276.7
2019-07-31,336.9
2019-07-31,9658.02
2019-07-31,1187.11
2019-08-01,1508.52
2019-08-01,857.93
2019-08-02,23795.53
2019-08-02,4288.99
2019-08-02,37355.14
2019-08-02,16956.31
2019-08-03,1100.25
2019-08-03,20924.58
2019-08-03,861.33
2019-08-03,8911.25
2019-08-04,23471.04
2019-08-04,12216.36
2019-08-04,46667.27
2019-08-04,697.45
2019-08-04,19197.62
2019-08-04,44820.94
2019-08-04,27451.88
2019-08-05,641.99
2019-08-05,1624.86
2019-08-05,121657.37
2019-08-05,2472.79
2019-08-05,12833.44
2019-08-05,3230.85
2019-08-06,971.52
2019-08-06,5786.61
2019-08-07,3058.15
2019-08-07,2389.7
2019-08-08,2529.59
2019-08-09,2436.34
2019-08-09,2981.74
2019-08-09,2342.35
2019-08-09,744.57
2019-08-09,2494.88
2019-08-09,9802.04
2019-08-09,3413.44
2019-08-10,616.55
2019-08-10,6890.87
2019-08-10,1199.34
2019-08-10,1067.46
2019-08-11,4273.43
2019-08-11,2353.2
2019-08-11,2624.29
2019-08-11,8307.01
2019-08-11,1473.95
2019-08-11,114.38
2019-08-11,2194.14
2019-08-12,1522.33
2019-08-13,2935.19
2019-08-13,1744.8
2019-08-13,579.34
2019-08-13,2476.29
2019-08-14,2493.15
2019-08-14,699.29
2019-08-14,686.68
2019-08-15,2601.23
2019-08-15,2182.54
2019-08-15,13060.66
2019-08-15,560.44
2019-08-16,2290.9
2019-08-17,6025.83
2019-08-17,298.67
2019-08-17,838.09
2019-08-18,742.41
2019-08-18,432.3
2019-08-19,1504.99
2019-08-19,2044.51
2019-08-19,2724.47
2019-08-19,2483.57
2019-08-19,9452.79
2019-08-19,2055.34
2019-08-20,729.54
2019-08-21,4809.95
2019-08-21,1564.83
2019-08-22,1684.1
2019-08-23,442.82
2019-08-23,4184.35
2019-08-24,206.57
2019-08-27,6467.39
2019-08-27,1709.73
2019-08-27,38388.08
2019-08-27,4483.66
2019-08-27,28943.76
2019-08-28,3947.09
2019-08-28,1996.46
2019-08-28,7850.47
2019-08-28,1720.89
2019-08-29,1296.29
2019-08-29,13689.82
2019-08-29,6374.64
2019-08-29,1686.52
2019-08-29,14079.03
2019-08-30,1442.07
2019-08-30,8486.91
2019-08-30,1476.78
2019-08-30,2878.3
2019-08-30,10106.6
2019-08-30,15718.85
2019-08-30,8784.7
2019-08-30,3960.24
2019-08-31,9276.03
2019-08-31,308.25
2019-08-31,15202.68
2019-08-31,7398.83
2019-08-31,1170.77
2019-09-01,6404.82
2019-09-01,21649.81
2019-09-01,10226.31
2019-09-01,196659.2
2019-09-01,427.35
2019-09-02,42742.61
2019-09-02,9845.78
2019-09-02,195608.36
2019-09-02,1290.31
2019-09-03,12813.74
2019-09-03,4827.95
2019-09-03,2637.07
2019-09-03,3604.19
2019-09-03,9034.39
2019-09-04,1492.31
2019-09-04,73911.72
2019-09-04,1141.02
2019-09-04,614.28
2019-09-05,30485.85
2019-09-05,34344.27
2019-09-05,42443.98
2019-09-06,3985.78
2019-09-06,1338.11
2019-09-06,2477.94
2019-09-06,2579.53
2019-09-07,779.95
2019-09-07,15198.07
2019-09-07,10530.33
2019-09-08,2271.59
2019-09-09,13168.63
2019-09-09,2612.35
2019-09-09,3667.07
2019-09-09,1449.4
2019-09-12,2461.03
2019-09-12,3864.26
2019-09-12,8865.21
2019-09-12,3136.39
2019-09-12,592.21
2019-09-13,27330.82
2019-09-13,160.42
2019-09-13,4068.12
2019-09-14,1593.62
2019-09-15,4628.67
2019-09-15,847.43
2019-09-15,4906.15
2019-09-15,3191.11
2019-09-16,1874.47
2019-09-17,662.17
2019-09-17,1124.25
2019-09-17,974.56
2019-09-18,10565.18
2019-09-19,4868.43
2019-09-19,2121.95
2019-09-19,228.91
2019-09-19,5058.16
2019-09-19,721.77
2019-09-20,544.2
2019-09-20,4666.98
2019-09-20,23007.74
2019-09-20,6790.74
2019-09-21,12713.67
2019-09-22,1074.53
2019-09-22,4942.59
2019-09-23,495.39
2019-09-24,1357.62
2019-09-24,2094.1
2019-09-25,7492.95
2019-09-26,5389.94
2019-09-26,3097.12
2019-09-26,2400.2
2019-09-26,1386.62
2019-09-27,2228.87
2019-09-27,218.06
2019-09-27,14317.45
2019-09-27,14501.43
2019-09-28,1773.69
2019-09-28,2754.61
2019-09-28,19786.62
2019-09-29,2918.53
2019-09-29,956.36
2019-09-30,13640.26
2019-09-30,10384.93
2019-09-30,2425.21
2019-10-14,44286.7
2019-10-15,26128.59
2019-10-15,37692.51
2019-10-16,40150.94
2019-10-16,18914.0
2019-10-21,18776.31
2019-10-22,29956.29
2019-10-23,27919.3
2019-10-25,5557.06
2019-10-27,22387.39
2019-11-01,35910.83
2019-11-02,29330.11
2019-11-03,16700.17
2019-11-05,46249.96
2019-11-06,13526.99
2019-11-08,13617.06
2019-11-08,12764.93
2019-11-10,34231.0
