date,total_spending,day,day_of_week,week,month,quarter,year,is_weekend,is_month_end,lag_1,lag_7,lag_30,rolling_mean_7,rolling_mean_30,rolling_std_7,expanding_mean,target_smooth
2018-01-31,25999.92,31,2,5,1,1,2018,0,1,24098.84,27853.781999999876,58747.131999999874,33801.01485714282,34803.97913333326,19865.67822734184,34803.97913333326,40104.282999999945
2018-02-01,33660.47,1,3,5,2,1,2018,0,0,25999.92,4011.76,69185.64399999975,33536.177428571405,33712.40539999994,19970.259382649303,34519.97722580638,41033.13728571423
2018-02-02,101167.10599999962,2,4,5,2,1,2018,0,0,33660.47,39149.58199999988,28836.12,37771.707428571404,32528.232933333275,15251.304765725432,34493.11762499993,39375.720714285664
2018-02-03,61662.98399999975,3,5,5,2,1,2018,1,0,101167.10599999962,34817.520000000004,29934.071999999873,46631.35371428565,34939.26579999993,28469.979738554128,36513.54151515144,39066.82142857138
2018-02-04,37489.399999999994,4,6,5,2,1,2018,1,0,61662.98399999975,70040.45,75544.61399999975,50466.419999999904,35996.89619999992,28421.434358563918,37253.23099999992,35027.1571428571
2018-02-05,34977.32,5,0,6,2,1,2018,0,0,37489.399999999994,36635.17,24714.74,45816.2699999999,34728.389066666605,27326.912005295377,37259.9786857142,35472.485142857084
2018-02-06,32099.61,6,1,6,2,1,2018,0,0,34977.32,24098.84,2693.69,45579.43428571419,35070.4750666666,27426.745827976356,37196.571499999925,34915.11942857137
2018-02-07,25649.83,7,2,6,2,1,2018,0,0,32099.61,25999.92,19897.489999999998,46722.401428571335,36050.67239999994,26534.579435625838,37058.81578378371,36119.83885714279
2018-02-08,17015.72,8,3,6,2,1,2018,0,0,25649.83,33660.47,20414.07,46672.38857142848,36242.4170666666,26580.437530907406,36758.5793157894,36613.57614285707
2018-02-09,15945.75,9,4,6,2,1,2018,0,0,17015.72,101167.10599999962,54559.78,44294.56714285705,36129.13873333326,28605.791018107037,36252.35215384608,31316.620857142807
2018-02-10,30492.93,10,5,6,2,1,2018,1,0,15945.75,61662.98399999975,41679.701999999874,32120.087714285673,34842.00439999993,15499.418217440085,35744.68709999993,29495.501428571384
2018-02-11,13485.15,11,6,6,2,1,2018,1,0,30492.93,37489.399999999994,41561.631999999874,27667.22285714285,34469.111999999936,8489.804411778676,35616.59546341457,28322.37642857138
2018-02-12,42869.76199999988,12,0,7,2,1,2018,0,0,13485.15,34977.32,6670.86,24238.044285714284,33533.2292666666,8706.337162071168,35089.65628571422,27213.05285714281
2018-02-13,16295.720000000001,13,1,7,2,1,2018,0,0,42869.76199999988,32099.61,48675.71399999975,25365.535999999982,34739.85933333327,10627.888155186061,35270.58897674412,25502.503571428526
2018-02-14,42865.991999999875,14,2,7,2,1,2018,0,0,16295.720000000001,25649.83,20203.809999999998,23107.837428571405,33660.52619999995,10637.554775379773,34839.34195454539,27966.033714285655
2018-02-15,40572.79199999988,15,3,7,2,1,2018,0,0,42865.991999999875,17015.72,9788.11,25567.289142857106,34415.932266666605,13041.76659995475,35017.71195555549,28017.259428571375
2018-02-16,27009.731999999876,16,4,7,2,1,2018,0,0,40572.79199999988,15945.75,7886.48,28932.585142857086,35442.08833333327,13498.674733120499,35138.47456521732,29960.321714285652
2018-02-17,36167.311999999874,17,5,7,2,1,2018,1,0,27009.731999999876,30492.93,9684.86,30513.153999999926,36079.53006666659,12320.967285482457,34965.52259574461,34064.312857142766
2018-02-18,21065.65,18,6,7,2,1,2018,1,0,36167.311999999874,13485.15,54810.613999999754,31323.779999999904,36962.27846666659,12504.71045376654,34990.559874999926,37907.556571428475
2018-02-19,19446.79,19,0,8,2,1,2018,0,0,21065.65,42869.76199999988,63345.68199999988,32406.70857142848,35837.446333333275,10931.682334538116,34706.37804081626,38363.213714285615
2018-02-20,8151.92,20,1,8,2,1,2018,0,0,19446.79,16295.720000000001,51514.51199999988,29060.56971428564,34374.149933333276,10778.973030468977,34401.18627999993,41576.51742857132
2018-02-21,60139.25199999988,21,2,8,2,1,2018,0,0,8151.92,42865.991999999875,59945.11199999988,27897.16971428564,32928.73019999995,12661.446108007463,33886.49478431366,44659.8079999999
2018-02-22,17732.88,22,3,8,2,1,2018,0,0,60139.25199999988,40572.79199999988,7217.83,30364.77828571421,32935.201533333275,17003.60692294835,34391.35549999993,44634.54585714276
2018-02-23,43148.62199999987,23,4,8,2,1,2018,0,0,17732.88,27009.731999999876,27853.781999999876,27101.933714285657,33285.703199999945,16909.435816378293,34077.04464150937,47158.138857142745
2018-02-24,87948.80599999963,24,5,8,2,1,2018,1,0,43148.62199999987,36167.311999999874,4011.76,29407.48942857137,33795.53119999995,17962.24146875112,34245.036814814746,47114.260857142755
2018-02-25,67290.56199999987,25,6,8,2,1,2018,1,0,87948.80599999963,21065.65,39149.58199999988,36804.84571428562,36593.43273333327,28676.927706447066,35221.46898181811,50525.40471428559
2018-02-26,49248.961999999876,26,0,9,2,1,2018,0,0,67290.56199999987,19446.79,34817.520000000004,43408.404571428466,37531.465399999935,29750.64364779071,35794.13135714278,53728.45857142843
2018-02-27,61281.97199999988,27,1,9,2,1,2018,0,0,49248.961999999876,8151.92,70040.45,47665.857714285594,38012.51346666659,27819.8866883277,36030.181017543786,58381.14257142842
2018-02-28,86032.06,28,2,9,2,1,2018,0,1,61281.97199999988,60139.25199999988,36635.17,55255.865142856994,37720.56419999992,21849.738279520137,36465.55672413786,55654.475285714136
2018-03-01,40219.12199999988,1,3,9,3,1,2018,0,0,86032.06,17732.88,24098.84,58954.83771428559,39367.12719999992,24805.96800973581,37305.666949152466,56024.17099999986
2018-03-02,62340.03399999975,2,4,9,3,1,2018,0,0,40219.12199999988,43148.62199999987,25999.92,62167.15799999986,39904.46993333325,19457.477258551626,37354.224533333254,55915.43657142843
2018-03-03,35553.020000000004,3,5,9,3,1,2018,1,0,62340.03399999975,87948.80599999963,33660.47,64908.78828571412,41115.80706666657,17593.890728344613,37763.82796721304,50992.59471428561
2018-03-04,68821.66399999976,4,6,9,3,1,2018,1,0,35553.020000000004,67290.56199999987,101167.10599999962,57423.6759999999,41178.89206666658,17301.253902666904,37728.16977419348,49110.04171428561
2018-03-05,64289.543999999754,5,0,10,3,1,2018,0,0,68821.66399999976,49248.961999999876,61662.98399999975,57642.40485714273,40100.710666666586,17455.773230977178,38221.71730158722,47903.0529999999
2018-03-06,73289.49599999964,6,1,10,3,1,2018,0,0,64289.543999999754,61281.97199999988,37489.399999999994,59791.05942857128,40188.26266666658,17173.825408961406,38629.027093749915,45601.450714285624
2018-03-07,21965.91,7,2,10,3,1,2018,0,0,73289.49599999964,86032.06,34977.32,61506.41999999982,41381.59919999991,17930.557768848503,39162.26507692299,42758.335142857046
2018-03-08,22908.62,8,3,10,3,1,2018,0,0,21965.91,40219.12199999988,32099.61,52354.11285714268,40947.88553333324,19598.559652868196,38901.71424242416,43399.71928571419
2018-03-09,41626.340000000004,9,4,10,3,1,2018,0,0,22908.62,62340.03399999975,25649.83,49881.18399999984,40641.5191999999,22291.974076529095,38663.0113432835,42565.8412857142
2018-03-10,19029.02,10,5,10,3,1,2018,1,0,41626.340000000004,35553.020000000004,17015.72,46922.08485714274,41174.06953333325,21730.23347532535,38706.589705882274,42874.39928571419
2018-03-11,40934.82,11,6,10,3,1,2018,1,0,19029.02,68821.66399999976,15945.75,44561.5134285713,41241.17953333324,23954.747721714935,38421.4075362318,41262.00914285707
2018-03-12,32351.120000000003,12,0,11,3,1,2018,0,0,40934.82,64289.543999999754,30492.93,40577.67857142848,42074.14853333323,21433.93356634754,38457.313428571346,38043.15314285708
2018-03-13,29059.539999999997,13,1,11,3,1,2018,0,0,32351.120000000003,73289.49599999964,13485.15,36015.04657142852,42136.088199999904,18780.22664583729,38371.310704225274,33327.01414285711
2018-03-14,46228.44199999988,14,2,11,3,1,2018,0,0,29059.539999999997,21965.91,42869.76199999988,29696.481428571424,42655.23453333324,9089.42710354984,38241.98055555548,33461.998428571394
2018-03-15,49198.5,15,3,11,3,1,2018,0,0,46228.44199999988,22908.62,16295.720000000001,33162.55742857141,42767.19053333324,10207.467171006632,38351.38413698622,32418.92842857139
2018-03-16,50665.74199999988,16,4,11,3,1,2018,0,0,49198.5,41626.340000000004,42865.991999999875,36918.25457142855,43863.949866666575,10633.482578206376,38497.966783783704,29947.91485714282
2018-03-17,39872.83199999988,17,5,11,3,1,2018,1,0,50665.74199999988,19029.02,40572.79199999988,38209.59771428568,44123.94153333324,11786.857673229979,38660.20378666659,32000.032142857097
2018-03-18,46248.201999999874,18,6,11,3,1,2018,1,0,39872.83199999988,40934.82,27009.731999999876,41187.28514285708,44100.60953333324,8229.879633925402,38676.15942105255,30280.183571428526
2018-03-19,19225.559999999998,19,0,12,3,1,2018,0,0,46248.201999999874,32351.120000000003,36167.311999999874,41946.339714285634,44741.89186666657,8444.934444418037,38774.49763636356,29412.292142857095
2018-03-20,7263.549999999999,20,1,12,3,1,2018,0,0,19225.559999999998,29059.539999999997,21065.65,40071.25971428565,44177.16679999991,11743.477771639788,38523.87023076916,31208.3608571428
2018-03-21,23855.69,21,2,12,3,1,2018,0,0,7263.549999999999,46228.44199999988,19446.79,36957.546857142785,43717.09679999991,16905.01411007828,38128.169974683464,31463.527285714226
2018-03-22,8305.64,22,3,12,3,1,2018,0,0,23855.69,49198.5,8151.92,33761.43942857137,43864.06013333324,16974.885615039726,37949.76397499992,35185.348142857074
2018-03-23,7032.15,23,4,12,3,1,2018,0,0,8305.64,50665.74199999988,60139.25199999988,27919.60228571423,43869.18413333324,17793.65948354514,37583.78713580239,36944.89742857136
2018-03-24,47758.66199999987,24,5,12,3,1,2018,1,0,7032.15,39872.83199999988,17732.88,21686.23199999996,42098.94739999992,16055.115291564343,37211.20619512188,40547.49028571422
2018-03-25,16856.94,25,6,12,3,1,2018,1,0,47758.66199999987,46248.201999999874,43148.62199999987,22812.7791428571,43099.80679999991,17732.906273563287,37338.28397590354,39450.80728571423
2018-03-26,20200.64,26,0,13,3,1,2018,0,0,16856.94,19225.559999999998,87948.80599999963,18614.027428571404,42223.41739999991,14431.344088111702,37094.45845238088,41445.31385714279
2018-03-27,54204.50199999988,27,1,13,3,1,2018,0,0,20200.64,7263.549999999999,67290.56199999987,18753.32457142855,39965.145199999926,14442.931919827888,36895.70764705875,48526.45728571418
2018-03-28,49800.77199999987,28,2,13,3,1,2018,0,0,54204.50199999988,23855.69,49248.961999999876,25459.174857142814,39528.94319999993,18536.36857474877,37096.97269767435,53410.38699999987
2018-03-29,101303.99199999988,29,3,13,3,1,2018,0,0,49800.77199999987,8305.64,61281.97199999988,29165.61514285708,39547.33686666659,20637.183473327557,37242.99337931027,54584.43771428559
2018-03-30,75299.43199999988,30,4,13,3,1,2018,0,0,101303.99199999988,7032.15,86032.06,42451.093999999925,40881.404199999924,31855.50518525833,37970.9592727272,55261.230571428445
2018-03-31,90309.13199999987,31,5,13,3,1,2018,1,1,75299.43199999988,47758.66199999987,40219.12199999988,52203.562857142766,40523.649933333254,29573.006941208085,38390.380314606664,53407.38757142845
2018-04-01,30894.64,1,6,13,4,2,2018,1,0,90309.13199999987,16856.94,62340.03399999975,58282.20142857133,42193.316933333255,32713.414081396008,38967.255333333254,55423.67699999987
2018-04-02,47148.65199999988,2,0,14,4,2,2018,0,0,30894.64,20200.64,35553.020000000004,60287.587142857046,41145.13713333326,30074.573975098778,38878.5452747252,54883.99342857131
2018-04-03,106399.55799999951,3,1,14,4,2,2018,0,0,47148.65199999988,54204.50199999988,68821.66399999976,64137.30314285703,41531.658199999925,25458.48284034071,38968.43773913036,54407.589857142724
2018-04-04,92230.70599999963,4,2,14,4,2,2018,0,0,106399.55799999951,49800.77199999987,64289.543999999754,71593.73971428556,42784.25466666659,29402.535644203366,39693.503548387016,56514.18199999988
2018-04-05,24742.35,5,3,14,4,2,2018,0,0,92230.70599999963,101303.99199999988,73289.49599999964,77655.15885714265,43715.62673333324,28521.395288905303,40252.409957446725,52749.2784285713
2018-04-06,16507.25,6,4,14,4,2,2018,0,0,24742.35,75299.43199999988,21965.91,66717.78142857125,42097.388533333266,32362.360833702536,40089.14616842097,50509.18199999988
2018-04-07,21804.86,7,5,14,4,2,2018,1,0,16507.25,90309.13199999987,22908.62,58318.898285714116,41915.43319999993,37053.111578432094,39843.501416666586,44605.060428571305
2018-04-08,45084.991999999875,8,6,14,4,2,2018,1,0,21804.86,30894.64,41626.340000000004,48532.57371428557,41878.641199999925,36233.25674104979,39657.536041237036,43858.011857142745
2018-04-09,12645.07,9,0,15,4,2,2018,0,0,45084.991999999875,47148.65199999988,19029.02,50559.76685714269,41993.929599999916,35470.91741618523,39712.918244897875,41742.989571428465
2018-04-10,47534.851999999875,10,1,15,4,2,2018,0,0,12645.07,106399.55799999951,40934.82,45630.683714285566,41781.13126666658,38307.81774623167,39439.50563636356,35470.868999999926
2018-04-11,79293.06199999987,11,2,15,4,2,2018,0,0,47534.851999999875,92230.70599999963,32351.120000000003,37221.43999999991,42001.132333333255,27750.962502390954,39520.45909999992,30541.432857142812
2018-04-12,48595.34199999988,12,3,15,4,2,2018,0,0,79293.06199999987,24742.35,29059.539999999997,35373.205142857085,43565.86373333325,23596.559587140047,39914.24724752467,31701.84657142852
2018-04-13,43938.08199999988,13,4,15,4,2,2018,0,0,48595.34199999988,16507.25,46228.44199999988,38780.77542857135,44217.05713333324,23527.695812002534,39999.35601960777,32433.235142857087
2018-04-14,7651.43,14,5,15,4,2,2018,1,0,43938.08199999988,21804.86,49198.5,42699.46571428562,44140.71179999991,21386.560275477354,40037.59607766983,33091.12728571423
2018-04-15,20435.96,15,6,15,4,2,2018,1,0,7651.43,45084.991999999875,50665.74199999988,40677.54714285705,42755.80946666657,24178.06491777111,39726.190634615305,33568.080714285665
2018-04-16,17538.34,16,0,16,4,2,2018,0,0,20435.96,12645.07,39872.83199999988,37156.256857142784,41748.15006666658,25202.42323655599,39542.47415238087,34761.628571428526
2018-04-17,18589.87,17,1,16,4,2,2018,0,0,17538.34,47534.851999999875,46248.201999999874,37855.29542857135,41003.666999999914,24466.359960036858,39334.887981132,32428.414142857106
2018-04-18,23218.600000000002,18,2,16,4,2,2018,0,0,18589.87,79293.06199999987,19225.559999999998,33720.297999999944,40081.72259999993,24997.973229673644,39141.009308411136,27845.006142857113
2018-04-19,40988.141999999876,19,3,16,4,2,2018,0,0,23218.600000000002,48595.34199999988,7263.549999999999,25709.660571428536,40214.82393333325,14908.658847283947,38993.57959259251,29948.351142857115
2018-04-20,26746.690000000002,20,4,16,4,2,2018,0,0,40988.141999999876,43938.08199999988,23855.69,24622.917714285675,41338.97699999992,13134.047115534457,39011.878330275154,32308.690571428535
2018-04-21,31015.35,21,5,16,4,2,2018,1,0,26746.690000000002,7651.43,8305.64,22167.00457142855,41435.34366666658,10199.94635262937,38900.37661818175,36454.75914285711
2018-04-22,51762.340000000004,22,6,16,4,2,2018,1,0,31015.35,20435.96,7032.15,25504.707428571408,42192.33399999992,8305.047889944857,38829.340342342264,39981.75999999995
2018-04-23,29354.739999999998,23,0,17,4,2,2018,0,0,51762.340000000004,17538.34,47758.66199999987,29979.90457142855,43683.340333333246,12499.48175069076,38944.81355357135,42864.311571428516
2018-04-24,14869.85,24,1,17,4,2,2018,0,0,29354.739999999998,18589.87,16856.94,31667.96171428569,43069.876266666586,11277.365291803126,38859.94564601762,49350.241285714204
2018-04-25,15125.350000000002,25,2,17,4,2,2018,0,0,14869.85,23218.600000000002,20200.64,31136.530285714263,43003.63993333325,12057.065330364283,38649.50621052624,50898.546428571346
2018-04-26,78042.17199999987,26,3,17,4,2,2018,0,0,15125.350000000002,40988.141999999876,54204.50199999988,29980.351714285694,42834.46359999992,13269.915713077165,38444.94833043471,51718.97285714278
2018-04-27,76982.83399999976,27,4,17,4,2,2018,0,0,78042.17199999987,26746.690000000002,49800.77199999987,35273.78457142855,43629.05259999992,22543.173691472926,38786.30370689648,53052.06942857133
2018-04-28,65696.39,28,5,17,4,2,2018,1,0,76982.83399999976,31015.35,101303.99199999988,42450.37657142851,44535.12133333325,26943.07961167756,39112.7697777777,53422.095999999896
2018-04-29,69813.97199999988,29,6,17,4,2,2018,1,0,65696.39,51762.340000000004,75299.43199999988,47404.8108571428,43348.20126666659,27668.783878102877,39338.05469491518,52218.629714285606
2018-04-30,57894.061999999874,30,0,18,4,2,2018,0,1,69813.97199999988,29354.739999999998,90309.13199999987,49983.61542857136,43165.35259999992,28953.98769177093,39594.15484033606,53265.15557142844
2018-05-01,109392.88599999963,1,1,18,5,2,2018,0,0,57894.061999999874,14869.85,30894.64,54060.66142857134,42084.85026666659,27539.87701025683,39746.65406666659,56005.61657142843
2018-05-02,44894.87199999988,2,2,18,5,2,2018,0,0,109392.88599999963,15125.350000000002,47148.65199999988,67563.95228571414,44701.45846666658,28284.366359720705,40322.2427603305,58405.36099999985
2018-05-03,52474.11199999988,3,3,18,5,2,2018,0,0,44894.87199999988,78042.17199999987,106399.55799999951,71816.74114285698,44626.33246666658,20155.681507134206,40359.72332786877,53562.64942857128
2018-05-04,45410.04199999988,4,4,18,5,2,2018,0,0,52474.11199999988,76982.83399999976,92230.70599999963,68164.16114285699,42828.81759999992,21132.52197565176,40458.21429268285,52046.220714285584
2018-05-05,36195.72199999988,5,5,18,5,2,2018,1,0,45410.04199999988,65696.39,24742.35,63653.76228571414,41268.12879999993,22275.083136249083,40498.14838709669,49377.00357142844
2018-05-06,34913.811999999874,6,6,18,5,2,2018,1,0,36195.72199999988,69813.97199999988,16507.25,59439.381142856975,41649.90786666659,24503.471052732843,40463.72897599992,45895.313428571295
2018-05-07,44006.101999999875,7,0,19,5,2,2018,0,0,34913.811999999874,57894.061999999874,21804.86,54453.64399999984,42263.45993333325,25568.173393618978,40419.68201587294,43734.58257142846
2018-05-08,53236.30399999975,8,1,19,5,2,2018,0,0,44006.101999999875,109392.88599999963,45084.991999999875,52469.64971428555,43003.501333333246,25794.54066485065,40447.921543307006,38131.27942857133
2018-05-09,48721.77199999987,9,2,19,5,2,2018,0,0,53236.30399999975,44894.87199999988,12645.07,44447.28085714271,43275.21173333325,7094.29446407443,40547.83078124992,36924.377999999895
2018-05-10,10244.210000000001,10,3,19,5,2,2018,0,0,48721.77199999987,52474.11199999988,47534.851999999875,44993.980857142706,44477.76846666658,7279.570203970181,40611.19466666658,36505.096428571334
2018-05-11,55752.83199999988,11,4,19,5,2,2018,0,0,10244.210000000001,45410.04199999988,79293.06199999987,38961.137714285585,43234.74706666658,14228.965130632527,40377.602476923,36212.76285714276
2018-05-12,28327.35,12,5,19,5,2,2018,1,0,55752.83199999988,36195.72199999988,48595.34199999988,40438.679142857014,42450.07273333324,15491.241729437044,40494.97064122129,35712.17557142849
2018-05-13,21070.309999999998,13,6,19,5,2,2018,1,0,28327.35,34913.811999999874,43938.08199999988,39314.62599999989,41774.47299999991,16123.00924111168,40402.791696969616,33557.44042857135
2018-05-14,27643.829999999998,14,0,20,5,2,2018,0,0,21070.309999999998,44006.101999999875,7651.43,37336.982857142764,41012.21393333326,17539.56934845543,40257.43469172924,33474.60899999993
2018-05-15,30946.641999999876,15,1,20,5,2,2018,0,0,27643.829999999998,53236.30399999975,20435.96,34999.51542857135,41678.62726666659,17592.86191370688,40163.303313432756,32474.953714285657
2018-05-16,27998.251999999877,16,2,20,5,2,2018,0,0,30946.641999999876,48721.77199999987,17538.34,31815.27799999994,42028.98333333325,15652.06318406077,40095.03174814807,35209.22671428565
2018-05-17,46604.17,17,3,20,5,2,2018,0,0,27998.251999999877,10244.210000000001,18589.87,28854.775142857085,42377.647066666585,13767.78001621642,40006.08483823522,36399.54885714279
2018-05-18,41317.37199999988,18,4,20,5,2,2018,0,0,46604.17,55752.83199999988,23218.600000000002,34049.05514285708,43311.457066666575,12363.485682167828,40054.246043795545,34929.89885714279
2018-05-19,29187.5,19,5,20,5,2,2018,1,0,41317.37199999988,28327.35,40988.141999999876,31986.846571428516,43914.74946666658,8842.513217459522,40063.3991304347,34165.39171428565
2018-05-20,4747.52,20,6,20,5,2,2018,1,0,29187.5,21070.309999999998,26746.690000000002,32109.725142857085,43521.39473333325,8788.998540534783,39985.15525179848,35976.12528571422
2018-05-21,42846.461999999876,21,0,21,5,2,2018,0,0,4747.52,27643.829999999998,31015.35,29777.89799999994,42788.08906666658,13242.851095889626,39733.45785714278,37855.883428571346
2018-05-22,39241.13,22,1,21,5,2,2018,0,0,42846.461999999876,30946.641999999876,51762.340000000004,31949.702571428497,43182.45946666657,14056.16474484627,39755.53590070914,39968.529714285636
2018-05-23,87001.59399999975,23,2,21,5,2,2018,0,0,39241.13,27998.251999999877,29354.739999999998,33134.629428571374,42765.08579999991,14304.92354543402,39751.91332394358,44990.46028571422
2018-05-24,26908.719999999998,24,3,21,5,2,2018,0,0,87001.59399999975,46604.17,14869.85,41563.6782857142,44686.647599999895,24514.31715155571,40082.330671328586,45158.70242857136
2018-05-25,35177.73199999988,25,4,21,5,2,2018,0,0,26908.719999999998,41317.37199999988,15125.350000000002,38750.0425714285,45087.94326666657,24965.495844423833,39990.84726388881,43920.57299999994
2018-05-26,17624.25,26,5,21,5,2,2018,1,0,35177.73199999988,29187.5,78042.17199999987,37872.95114285707,45756.3559999999,24968.116646879476,39957.653365517166,48406.07971428564
2018-05-27,46420.58,27,6,21,5,2,2018,1,0,17624.25,4747.52,76982.83399999976,36221.05828571421,43742.42526666657,25999.72012570682,39804.68484931499,49076.633285714204
2018-05-28,53960.443999999756,28,0,22,5,2,2018,0,0,46420.58,42846.461999999876,65696.39,42174.3525714285,42723.683466666575,22065.30957824275,39849.690938775435,49604.9512857142
2018-05-29,60523.69,29,1,22,5,2,2018,0,0,53960.443999999756,39241.13,69813.97199999988,43762.064285714194,42332.485266666576,22516.963018159793,39945.03386486478,48628.54771428563
2018-05-30,98305.28,30,2,22,5,2,2018,0,0,60523.69,87001.59399999975,57894.061999999874,46802.42999999991,42022.8091999999,23230.32581706108,40083.145651006635,45183.77242857136
2018-05-31,48959.56,31,3,22,5,2,2018,0,1,98305.28,26908.719999999998,109392.88599999963,48417.24228571423,43369.849799999916,26633.955977904898,40471.29321333325,45421.73599999993
2018-06-01,23983.559999999998,1,4,22,6,2,2018,0,0,48959.56,35177.73199999988,44894.87199999988,51567.36228571423,41355.405599999925,24914.588937960354,40527.50690066217,46534.63528571423
2018-06-02,91984.59399999975,2,5,22,6,2,2018,1,0,23983.559999999998,17624.25,52474.11199999988,49968.194857142815,40658.361866666586,26453.623772141193,40418.66514473676,48828.6762857142
2018-06-03,14135.27,3,6,22,6,2,2018,1,0,91984.59399999975,46420.58,45410.04199999988,60591.101142857064,41975.37793333326,26230.03789040491,40755.697359477046,49208.93499999992
2018-06-04,50242.91399999975,4,0,23,6,2,2018,0,0,14135.27,53960.443999999756,36195.72199999988,55978.913999999924,40932.88553333326,31455.057919781346,40582.83744155836,48678.37842857135
2018-06-05,25571.480000000003,5,1,23,6,2,2018,0,0,50242.91399999975,60523.69,34913.811999999874,55447.83828571421,41401.12526666659,31526.119322924835,40645.160516128955,47423.34785714276
2018-06-06,38774.74,6,2,23,6,2,2018,0,0,25571.480000000003,98305.28,44006.101999999875,50454.66542857135,41089.71419999993,33305.873568340154,40548.53435897428,41705.73571428563
2018-06-07,30240.21,7,3,23,6,2,2018,0,0,38774.74,48959.56,53236.30399999975,41950.30257142849,40915.3354666666,25807.48378156185,40537.236305732404,38434.77428571419
2018-06-08,50758.32199999988,8,4,23,6,2,2018,0,0,30240.21,23983.559999999998,48721.77199999987,39276.10971428564,40148.79899999993,25929.69578522069,40472.06525316448,40829.98371428561
2018-06-09,49740.82399999975,9,5,23,6,2,2018,1,0,50758.32199999988,91984.59399999975,10244.210000000001,43101.07571428562,40216.683999999936,25264.14227380633,40536.758691823816,35540.63485714277
2018-06-10,51744.201999999874,10,6,23,6,2,2018,1,0,49740.82399999975,14135.27,55752.83199999988,37066.25142857133,41533.23779999992,14313.25421406406,40594.28409999992,36884.53214285705
2018-06-11,46532.65199999987,11,0,24,6,2,2018,0,0,51744.201999999874,50242.91399999975,28327.35,42438.95599999989,41399.61679999993,10929.822505385644,40663.53824844712,35359.85971428564
2018-06-12,42953.26199999988,12,1,24,6,2,2018,0,0,46532.65199999987,25571.480000000003,21070.309999999998,41908.918571428476,42006.46019999993,10572.417956962785,40699.767345678934,36527.59542857135
2018-06-13,18258.71,13,2,24,6,2,2018,0,0,42953.26199999988,38774.74,27643.829999999998,44392.03028571418,42735.89193333325,7763.954923904191,40713.592466257585,37902.94785714277
2018-06-14,3166.1,14,3,24,6,2,2018,0,0,18258.71,30240.21,30946.641999999876,41461.168857142744,42423.054599999916,12602.518361884548,40576.672451219434,36326.55499999991
2018-06-15,57516.491999999875,15,4,24,6,2,2018,0,0,3166.1,50758.32199999988,27998.251999999877,37593.43885714275,41497.03653333326,19099.85972024898,40349.94170909083,34995.72857142847
2018-06-16,17933.71,16,5,24,6,2,2018,1,0,57516.491999999875,49740.82399999975,46604.17,38558.8917142856,42480.977866666595,20024.639205370655,40453.35466265052,35209.02271428563
2018-06-17,32949.83199999988,17,6,24,6,2,2018,1,0,17933.71,51744.201999999874,41317.37199999988,34015.018285714206,41525.295866666595,20662.97841871007,40318.506491017884,36363.140571428485
2018-06-18,28897.5,18,0,25,6,2,2018,0,0,32949.83199999988,46532.65199999987,29187.5,31330.108285714206,41246.3778666666,19140.27837434342,40274.645333333254,35371.686285714204
2018-06-19,41919.78,19,1,25,6,2,2018,0,0,28897.5,42953.26199999988,4747.52,28810.800857142804,41236.711199999925,17927.973559652168,40207.32494674548,37019.02471428564
2018-06-20,58029.67399999975,20,2,25,6,2,2018,0,0,41919.78,18258.71,42846.461999999876,28663.160571428532,42475.78653333326,17795.865433420226,40217.39821176462,38705.406142857064
2018-06-21,8170.71,21,3,25,6,2,2018,0,0,58029.67399999975,3166.1,39241.13,34344.72685714278,42981.89359999992,20117.716529594865,40321.56356725138,42333.74328571422
2018-06-22,32126.751999999877,22,4,25,6,2,2018,0,0,8170.71,57516.491999999875,87001.59399999975,35059.67114285706,41946.21293333325,18875.599233799738,40134.63999999992,42350.07099999993
2018-06-23,52726.94199999987,23,5,25,6,2,2018,1,0,32126.751999999877,17933.71,26908.719999999998,31432.565428571357,40117.05153333326,16072.395689818783,40088.351630057725,43894.01599999994
2018-06-24,67901.85199999987,24,6,25,6,2,2018,1,0,52726.94199999987,32949.83199999988,35177.73199999988,36403.02714285705,40977.65893333325,16574.198660230442,40160.987206896476,45477.52728571423
2018-06-25,32652.291999999878,25,0,26,6,2,2018,0,0,67901.85199999987,28897.5,17624.25,41396.17285714277,42068.46293333325,20223.56401655581,40319.506434285635,45583.36157142852
2018-06-26,66016.0,26,1,26,6,2,2018,0,0,32652.291999999878,41919.78,46420.58,41932.5717142856,42569.39766666658,19883.744668727137,40275.94271590901,45798.3508571428
2018-06-27,41868.05,27,2,26,6,2,2018,0,0,66016.0,58029.67399999975,53960.443999999756,45374.888857142745,43222.57833333325,21867.953476445644,40421.3667683615,46694.18514285709
2018-06-28,53962.82,28,3,26,6,2,2018,0,0,41868.05,8170.71,60523.69,43066.08542857135,42819.49853333326,21150.58964640449,40429.49420224711,46352.60657142852
2018-06-29,57745.08,29,4,26,6,2,2018,0,0,53962.82,32126.751999999877,98305.28,49607.81542857135,42600.80286666659,14637.717448498619,40505.09937430159,47273.157999999945
2018-06-30,39548.94,30,5,26,6,2,2018,1,1,57745.08,52726.94199999987,48959.56,53267.57657142851,41248.79619999992,12599.253730312792,40600.877044444365,44263.77285714281
2018-07-01,55118.990000000005,1,6,26,7,3,2018,1,0,39548.94,67901.85199999987,23983.559999999998,51385.00485714281,40935.10886666659,13635.415512480215,40595.06523756898,44448.85657142852
2018-07-02,30379.18,2,0,27,7,3,2018,0,0,55118.990000000005,32652.291999999878,91984.59399999975,49558.88171428569,41972.956533333265,11785.164845151303,40674.867021977945,42786.81857142853
2018-07-03,44929.63,3,1,27,7,3,2018,0,0,30379.18,66016.0,14135.27,49234.15142857143,39919.442733333264,12346.59667234186,40618.60643715839,39046.14999999996
2018-07-04,70571.35399999976,4,2,27,7,3,2018,0,0,44929.63,41868.05,50242.91399999975,46221.81285714286,40945.92139999993,9899.578054216548,40642.0359130434,37760.55357142853
2018-07-05,3388.6099999999997,5,3,27,7,3,2018,0,0,70571.35399999976,53962.82,25571.480000000003,50322.28485714282,41623.536066666595,13192.533762202484,40803.81601081073,35374.11285714281
2018-07-06,45014.47199999988,6,4,27,7,3,2018,0,0,3388.6099999999997,57745.08,38774.74,43097.39771428568,40884.1070666666,21864.6635094223,40602.65898924723,38108.888142857075
2018-07-07,10595.55,7,5,27,7,3,2018,1,0,45014.47199999988,39548.94,30240.21,41278.739428571374,41092.09813333326,20953.71492136066,40626.251572192436,38400.11671428565
2018-07-08,70493.02399999976,8,6,27,7,3,2018,1,0,10595.55,55118.990000000005,50758.32199999988,37142.5408571428,40437.27613333326,23989.782377519277,40466.51379787226,38461.93128571421
2018-07-09,9383.76,9,0,28,7,3,2018,0,0,70493.02399999976,30379.18,49740.82399999975,39338.831428571335,41095.099533333254,26483.93886642003,40625.38422222214,36923.23271428563
2018-07-10,13646.64,10,1,28,7,3,2018,0,0,9383.76,44929.63,51744.201999999874,36339.48571428563,39749.8640666666,28758.919007426557,40460.95462105256,35353.315571428495
2018-07-11,23869.7,11,2,28,7,3,2018,0,0,13646.64,70571.35399999976,46532.65199999987,31870.48714285705,38479.945333333264,29619.31679663709,40320.565539266936,31406.504571428504
2018-07-12,20552.649999999998,12,3,28,7,3,2018,0,0,23869.7,3388.6099999999997,42953.26199999988,25198.822285714232,37724.51359999994,24216.045922232584,40234.88394791659,33904.74114285707
2018-07-13,96031.93399999975,13,4,28,7,3,2018,0,0,20552.649999999998,45014.47199999988,18258.71,27650.827999999947,36977.82653333328,22443.694413080542,40132.90346113982,33012.5475714285
2018-07-14,43626.14,14,5,28,7,3,2018,1,0,96031.93399999975,10595.55,3166.1,34939.03685714278,39570.26733333327,34217.369175740714,40421.042793814355,33439.844714285646
2018-07-15,55984.39399999975,15,6,28,7,3,2018,1,0,43626.14,70493.02399999976,57516.491999999875,39657.692571428495,40918.93533333328,32537.082808836785,40437.47918974351,28770.112285714225
2018-07-16,8837.4,16,0,29,7,3,2018,0,0,55984.39399999975,9383.76,17933.71,37585.031142857064,40867.86539999993,30653.011227012365,40516.8001836734,29727.621571428517
2018-07-17,22950.79,17,1,29,7,3,2018,0,0,8837.4,13646.64,32949.83199999988,37506.97971428564,40564.65506666661,30737.367437085395,40355.9910456852,32514.66099999994
2018-07-18,15316.0,18,2,29,7,3,2018,0,0,22950.79,23869.7,28897.5,38836.14399999992,40231.3536666666,29717.880828446858,40268.085989898915,32600.558142857077
2018-07-19,38363.921999999875,19,3,29,7,3,2018,0,0,15316.0,20552.649999999998,41919.78,37614.186857142784,39778.63699999994,30598.652253994664,40142.6986231155,36087.93699999992
2018-07-20,32523.761999999875,20,4,29,7,3,2018,0,0,38363.921999999875,96031.93399999975,58029.67399999975,40158.6542857142,39660.10839999993,29669.88085572282,40133.80473999993,33854.200999999935
2018-07-21,16577.710000000003,21,5,29,7,3,2018,1,0,32523.761999999875,43626.14,8170.71,31086.05828571421,38809.91133333327,16543.353080547087,40095.943830845696,32959.23742857137
2018-07-22,5116.7699999999995,22,6,29,7,3,2018,1,0,16577.710000000003,55984.39399999975,32126.751999999877,27221.99685714278,39090.14466666661,16283.00193657017,39979.51693069299,30909.144999999957
2018-07-23,22788.89,23,0,30,7,3,2018,0,0,5116.7699999999995,8837.4,52726.94199999987,19955.19342857139,38189.81193333328,12128.04912117586,39807.77926108367,32787.28728571423
2018-07-24,52665.19199999988,24,1,30,7,3,2018,0,0,22788.89,22950.79,67901.85199999987,21948.26342857139,37191.87686666661,11099.21665612915,39724.35333333325,36463.82942857138
2018-07-25,25072.260000000002,25,2,30,7,3,2018,0,0,52665.19199999988,15316.0,32652.291999999878,26193.177999999945,36683.98819999994,16101.476151701658,39787.47937560968,36161.480142857086
2018-07-26,69375.95399999975,26,3,30,7,3,2018,0,0,25072.260000000002,38363.921999999875,66016.0,27586.929428571373,36431.32046666661,15410.444835616256,39716.046271844585,37808.006571428516
2018-07-27,64759.630000000005,27,4,30,7,3,2018,0,0,69375.95399999975,32523.761999999875,41868.05,32017.21971428564,36543.31893333327,22051.748085758005,39859.330850241466,39651.56528571422
2018-07-28,31096.65,28,5,30,7,3,2018,1,0,64759.630000000005,16577.710000000003,53962.82,36622.34371428566,37306.37159999994,25301.63446192622,39979.043826923,39811.19599999994
2018-07-29,27283.100000000002,29,6,30,7,3,2018,1,0,31096.65,5116.7699999999995,57745.08,38696.477999999945,36544.16593333327,23943.22436413409,39936.544334928156,43192.93328571421
2018-07-30,35131.391999999876,30,0,31,7,3,2018,0,0,27283.100000000002,22788.89,39548.94,41863.09657142852,35528.766599999944,19883.594801891308,39876.28983809517,44898.44357142848
2018-07-31,74422.38,31,1,31,7,3,2018,0,1,35131.391999999876,52665.19199999988,55118.990000000005,43626.31114285707,35381.514999999934,18402.318985243746,39853.80217061604,41540.4262857142
2018-08-01,11083.11,1,2,31,8,3,2018,0,0,74422.38,25072.260000000002,30379.18,46734.48085714279,36024.96133333327,21721.508239924395,40016.86149999992,41186.86699999992
2018-08-02,61415.29199999988,2,3,31,8,3,2018,0,0,11083.11,69375.95399999975,44929.63,44736.0308571428,35381.75899999994,24511.07007053146,39881.02229107974,38438.0845714285
2018-08-03,58333.583999999755,3,4,31,8,3,2018,0,0,61415.29199999988,64759.630000000005,70571.35399999976,43598.793428571385,35931.2810666666,23333.717067147478,39981.6497196261,37230.26042857136
2018-08-04,18812.54,4,5,31,8,3,2018,1,0,58333.583999999755,31096.65,3388.6099999999997,42680.78685714279,35523.35539999993,22472.97639886247,40067.00755348829,35821.53685714278
2018-08-05,52461.09199999988,5,6,31,8,3,2018,1,0,18812.54,27283.100000000002,45014.47199999988,40925.913999999924,36037.486399999936,23958.82558139523,39968.60724074067,34183.2975714285
2018-08-06,46666.03399999975,6,0,32,8,3,2018,0,0,52461.09199999988,35131.391999999876,10595.55,44522.76999999991,36285.7070666666,23453.94169252527,40026.1762949308,35294.94614285707
2018-08-07,5652.95,7,1,32,8,3,2018,0,0,46666.03399999975,74422.38,70493.02399999976,46170.57599999989,37488.056533333256,23086.478845988368,40056.634357798095,32279.445428571355
2018-08-08,20122.43,8,2,32,8,3,2018,0,0,5652.95,11083.11,9383.76,36346.371714285604,35326.72073333326,23684.81120720944,39899.539908675724,33478.62199999992
2018-08-09,30893.0,9,3,32,8,3,2018,0,0,20122.43,61415.29199999988,13646.64,37637.703142857026,35684.67639999993,22282.776703925603,39809.643954545376,32706.89057142849
2018-08-10,47850.09199999987,10,4,32,8,3,2018,0,0,30893.0,58333.583999999755,23869.7,33277.37571428563,36259.5550666666,19689.942134067387,39769.29714932119,32903.71699999992
2018-08-11,11374.52,11,5,32,8,3,2018,1,0,47850.09199999987,18812.54,20552.649999999998,31779.733999999928,37058.9014666666,17771.76083385185,39805.69712612605,32403.459857142774
2018-08-12,4347.75,12,6,32,8,3,2018,1,0,11374.52,52461.09199999988,96031.93399999975,30717.159714285637,36752.963799999925,18865.020930182374,39678.20305829589,30968.305428571355
2018-08-13,50694.47199999988,13,0,33,8,3,2018,0,0,4347.75,46666.03399999975,43626.14,23843.825142857084,33696.82433333327,18381.068923831583,39520.477821428496,28690.42728571423
2018-08-14,32205.37,14,1,33,8,3,2018,0,0,50694.47199999988,5652.95,55984.39399999975,24419.316285714245,33932.43539999994,19256.894253899845,39570.1400177777,31245.455857142802
2018-08-15,27871.581999999875,15,2,33,8,3,2018,0,0,32205.37,20122.43,8837.4,28212.519142857105,33139.8012666666,17477.105363395563,39537.55253982294,32423.421571428516
2018-08-16,50611.05199999987,16,3,33,8,3,2018,0,0,27871.581999999875,30893.0,22950.79,29319.540857142798,33774.27399999994,17121.05666308832,39486.16059911887,30592.804428571373
2018-08-17,61089.15399999975,17,4,33,8,3,2018,0,0,50611.05199999987,47850.09199999987,15316.0,32136.405428571354,34696.28273333327,18947.704691861167,39534.95398245606,27425.69428571424
2018-08-18,11808.939999999999,18,5,33,8,3,2018,1,0,61089.15399999975,11374.52,38363.921999999875,34027.69999999991,36222.05453333326,21293.175027943096,39629.07712663747,27038.19428571424
2018-08-19,32368.93,19,6,33,8,3,2018,1,0,11808.939999999999,4347.75,32523.761999999875,34089.75999999991,35336.88846666659,21216.64279264322,39508.12000869558,28870.882999999943
2018-08-20,14775.74,20,0,34,8,3,2018,0,0,32368.93,50694.47199999988,16577.710000000003,38092.78571428562,35331.72739999994,16867.523930657866,39477.21442424235,26943.232857142808
2018-08-21,41423.35,21,1,34,8,3,2018,0,0,14775.74,32205.37,5116.7699999999995,32961.53828571421,35271.66173333327,17830.939420446863,39370.74255172406,28404.722142857092
2018-08-22,36613.95,22,2,34,8,3,2018,0,0,41423.35,27871.581999999875,22788.89,34278.39257142849,36481.881066666596,18104.07934802242,39379.552025751,29272.98771428568
2018-08-23,5264.360000000001,23,3,34,8,3,2018,0,0,36613.95,50611.05199999987,52665.19199999988,35527.30228571423,36942.71639999993,17888.70832266301,39367.733213675136,33117.13499999995
2018-08-24,3510.55,24,4,34,8,3,2018,0,0,5264.360000000001,61089.15399999975,25072.260000000002,29049.203428571385,35362.6886666666,19640.948421791,39222.61247659567,32309.03128571425
2018-08-25,5949.5199999999995,25,5,34,8,3,2018,1,0,3510.55,11808.939999999999,69375.95399999975,20823.688571428564,34643.96499999994,15634.640242712614,39071.290177966024,35831.852999999945
2018-08-26,30005.391999999876,26,6,34,8,3,2018,1,0,5949.5199999999995,32368.93,64759.630000000005,19986.628571428566,32529.750533333277,16338.718666071973,38931.53587341764,38260.026714285654
2018-08-27,23707.37,27,0,35,8,3,2018,0,0,30005.391999999876,14775.74,31096.65,19648.980285714264,31371.275933333272,16062.26713610736,38894.03106722682,38709.17242857137
2018-08-28,52666.22,28,1,35,8,3,2018,0,0,23707.37,41423.35,27283.100000000002,20924.92742857141,31124.966599999938,15965.088587922097,38830.488552301176,37247.35528571422
2018-08-29,40027.3,29,2,35,8,3,2018,0,0,52666.22,36613.95,35131.391999999876,22531.05171428569,31971.07059999994,18701.921475975174,38888.13743333326,37607.39885714279
2018-08-30,104429.11399999975,30,3,35,8,3,2018,0,0,40027.3,5264.360000000001,74422.38,23018.673142857122,32134.267533333277,19168.974319229237,38892.864248962585,40248.69899999993
2018-08-31,49775.701999999874,31,4,35,8,3,2018,0,1,104429.11399999975,3510.55,11083.11,37185.06657142851,33134.49199999994,34429.480547625215,39163.67519834703,40900.9675714285
2018-09-01,61128.443999999756,1,5,35,9,3,2018,1,0,49775.701999999874,5949.5199999999995,61415.29199999988,43794.37399999993,34424.2450666666,31174.522733727124,39207.346090534906,40960.48114285707
2018-09-02,66363.36199999988,2,6,35,9,3,2018,1,0,61128.443999999756,30005.391999999876,58333.583999999755,51677.07742857131,34414.683466666596,26659.529631815596,39297.18665573763,39246.2795714285
2018-09-03,21063.78,3,0,36,9,3,2018,0,0,66363.36199999988,23707.37,18812.54,56871.073142857036,34682.342733333266,25237.422563776923,39407.66084081625,38297.5088571428
2018-09-04,20957.91,4,1,36,9,3,2018,0,0,21063.78,52666.22,52461.09199999988,56493.417428571316,34757.3840666666,25829.23942349394,39333.092219512124,35513.91242857136
2018-09-05,41654.56,5,2,36,9,3,2018,0,0,20957.91,40027.3,46666.03399999975,51963.65885714275,33707.27799999994,29175.87906192891,39258.698769230694,35993.01028571422
2018-09-06,42242.561999999874,6,3,36,9,3,2018,0,0,41654.56,104429.11399999975,5652.95,52196.12457142846,33540.228866666606,29071.217405248768,39268.359499999926,32166.75157142852
2018-09-07,12642.310000000001,7,4,36,9,3,2018,0,0,42242.561999999874,49775.701999999874,20122.43,43312.331428571335,34759.88259999994,17744.247178179605,39280.30408835334,32120.86371428566
2018-09-08,6782.710000000001,8,5,36,9,3,2018,1,0,12642.310000000001,61128.443999999756,30893.0,38007.56114285707,34510.5452666666,20780.763493826227,39173.75211199993,30780.223571428523
2018-09-09,6006.570000000001,9,6,36,9,3,2018,1,0,6782.710000000001,66363.36199999988,47850.09199999987,30243.884857142813,33706.86893333327,20854.792442155747,39044.704135458094,29049.533571428525
2018-09-10,10424.58,10,0,37,9,3,2018,0,0,6006.570000000001,21063.78,11374.52,21621.485999999975,32312.08486666661,15121.423405672236,38913.60042857136,28602.661428571384
2018-09-11,13695.87,11,1,37,9,3,2018,0,0,10424.58,20957.91,4347.75,20101.600285714263,32280.420199999946,15710.049728229396,38800.99560474301,28577.07428571424
2018-09-12,46734.67,12,2,37,9,3,2018,0,0,13695.87,41654.56,50694.47199999988,19064.165999999976,32592.024199999945,15882.905903659188,38702.15652755898,27039.728571428528
2018-09-13,50861.491999999875,13,3,37,9,3,2018,0,0,46734.67,42242.561999999874,32205.37,19789.89599999998,32460.03079999995,17152.474563822325,38733.65658039208,25252.72771428568
2018-09-14,49133.27199999987,14,4,37,9,3,2018,0,0,50861.491999999875,12642.310000000001,27871.581999999875,21021.17171428569,33081.90153333328,19217.847131694023,38781.03093749993,26805.270571428533
2018-09-15,42359.48199999988,15,5,37,9,3,2018,1,0,49133.27199999987,6782.710000000001,50611.05199999987,26234.166285714247,33790.62453333328,21392.41128024019,38821.312031128335,27689.515571428532
2018-09-16,42133.701999999874,16,6,37,9,3,2018,1,0,42359.48199999988,6006.570000000001,61089.15399999975,31316.56228571423,33515.57219999995,20193.493068487478,38835.02586821699,29273.812857142813
2018-09-17,14807.57,17,0,38,9,3,2018,0,0,42133.701999999874,10424.58,11808.939999999999,36477.58114285707,32883.72379999995,17012.862616420975,38847.762069498,33608.204571428505
2018-09-18,20599.69,18,1,38,9,3,2018,0,0,14807.57,13695.87,32368.93,37103.722571428494,32983.678133333284,15941.095263464542,38755.299792307625,34061.11885714279
2018-09-19,20131.72,19,2,38,9,3,2018,0,0,20599.69,46734.67,14775.74,38089.98257142849,32591.370133333283,14389.566108775663,38685.738068965446,35100.71028571422
2018-09-20,17224.55,20,3,38,9,3,2018,0,0,20131.72,50861.491999999875,41423.35,34289.56114285707,32769.902799999945,15215.25456790215,38614.9212061068,34305.28728571423
2018-09-21,34377.91,21,4,38,9,3,2018,0,0,17224.55,49133.27199999987,36613.95,29484.283714285655,31963.276133333282,14398.927646469325,38533.58899619764,37071.938142857085
2018-09-22,19162.14,22,5,38,9,3,2018,1,0,34377.91,42359.48199999988,5264.360000000001,27376.37485714282,31888.74146666662,11907.536713719752,38517.847787878716,38420.605999999934
2018-09-23,28186.731999999876,23,6,38,9,3,2018,1,0,19162.14,42133.701999999874,3510.55,24062.468857142834,32352.000799999954,10139.38630068915,38444.80738113201,39363.37871428566
2018-09-24,71106.06399999975,24,0,39,9,3,2018,0,0,28186.731999999876,14807.57,5949.5199999999995,22070.044571428552,33174.540199999945,6825.13400058346,38406.24318796985,41598.84599999994
2018-09-25,20036.67,25,1,39,9,3,2018,0,0,71106.06399999975,20599.69,30005.391999999876,30112.686571428512,35346.42499999994,19054.718387112353,38528.71442696622,41834.77171428565
2018-09-26,61288.95,26,2,39,9,3,2018,0,0,20036.67,20131.72,23707.37,30032.255142857084,35014.13426666661,19102.693870017927,38459.71426119396,43155.305285714225
2018-09-27,39725.57,27,3,39,9,3,2018,0,0,61288.95,17224.55,52666.22,35911.85942857137,36266.85359999994,21704.260833344804,38544.581308550114,46374.4062857142
2018-09-28,87866.38399999976,28,4,39,9,3,2018,0,0,39725.57,34377.91,40027.3,39126.290857142805,35835.49859999994,20080.88020444544,38548.95534074067,47965.98514285705
2018-09-29,61240.83199999988,29,5,39,9,3,2018,1,0,87866.38399999976,19162.14,104429.11399999975,46767.50142857133,37430.13473333327,26968.44873966381,38730.938472324655,47116.844428571334
2018-09-30,55332.520000000004,30,6,39,9,3,2018,1,1,61240.83199999988,28186.731999999876,49775.701999999874,52778.743142857034,35990.52533333327,24352.479319835395,38813.69543382346,45719.39857142848
2018-10-01,46104.11199999988,1,0,40,10,4,2018,0,0,55332.520000000004,71106.06399999975,61128.443999999756,56656.71285714277,36175.75259999994,21812.625222522358,38874.20394871788,42633.83685714279
2018-10-02,23902.65,2,1,40,10,4,2018,0,0,46104.11199999988,20036.67,66363.36199999988,53085.005428571356,35674.94153333328,21087.19079323874,38900.59047445248,42382.23542857136
2018-10-03,38619.19,3,2,40,10,4,2018,0,0,23902.65,61288.95,21063.78,53637.28828571421,34259.584466666616,20105.14019093443,38846.05250909084,38649.01828571421
2018-10-04,62291.96399999975,4,3,40,10,4,2018,0,0,38619.19,39725.57,20957.91,50398.751142857065,34844.76479999995,20489.3405698858,38845.23054347819,38592.22342857135
2018-10-05,56660.013999999755,5,4,40,10,4,2018,0,0,62291.96399999975,87866.38399999976,41654.56,53622.5217142856,36222.56659999994,20304.602521797915,38929.875790613645,38485.90828571421
2018-10-06,7274.17,6,5,40,10,4,2018,1,0,56660.013999999755,61240.83199999988,42242.561999999874,49164.46885714275,36722.74839999993,13970.957433264146,38993.65326618698,38628.9012857142
2018-10-07,8622.49,7,6,40,10,4,2018,1,0,7274.17,55332.520000000004,12642.310000000001,41454.94571428562,35557.135333333266,19849.547734408203,38879.963362007096,35349.7462857142
2018-10-08,27908.2,8,0,41,10,4,2018,0,0,8622.49,46104.11199999988,6782.710000000001,34782.08428571419,35423.14133333327,22127.361622449436,38771.90095714279,33111.601857142785
2018-10-09,16514.25,9,1,41,10,4,2018,0,0,27908.2,23902.65,6006.570000000001,32182.668285714208,36127.32433333328,21639.023480149743,38733.240099644056,32433.85971428564
2018-10-10,9023.91,10,2,41,10,4,2018,0,0,16514.25,38619.19,10424.58,31127.182571428497,36477.58033333327,22280.882317806834,38654.44935460986,31738.28185714278
2018-10-11,38930.44199999988,11,3,41,10,4,2018,0,0,9023.91,62291.96399999975,13695.87,26899.28542857135,36430.89133333327,23402.011966434206,38549.74780212007,28800.685857142806
2018-10-12,86377.97199999988,12,4,41,10,4,2018,0,0,38930.44199999988,56660.013999999755,46734.67,23561.92514285709,37272.04373333327,18708.581812953817,38551.08827464782,29481.374428571376
2018-10-13,63242.73399999975,13,5,41,10,4,2018,1,0,86377.97199999988,7274.17,50861.491999999875,27807.347714285675,38593.487133333256,28355.696569958684,38718.90190175431,29833.19228571423
2018-10-14,9424.349999999999,14,6,41,10,4,2018,1,0,63242.73399999975,8622.49,49133.27199999987,35802.85685714278,39006.19519999993,29469.84678390823,38804.649566433494,30012.165142857088
2018-10-15,14770.09,15,0,42,10,4,2018,0,0,9424.349999999999,27908.2,42359.48199999988,35917.408285714206,37682.56446666659,29347.892156329006,38702.27918466892,31791.768142857076
2018-10-16,14414.26,16,1,42,10,4,2018,0,0,14770.09,16514.25,42133.701999999874,34040.535428571355,36762.9180666666,30348.519281224955,38619.18130555548,33113.876857142786
2018-10-17,28881.100000000002,17,2,42,10,4,2018,0,0,14414.26,9023.91,14807.57,33740.53685714278,35838.93666666661,30560.28399642166,38535.42725259509,34490.87185714278
2018-10-18,21165.62,18,3,42,10,4,2018,0,0,28881.100000000002,38930.44199999988,20599.69,36577.27828571421,36308.05433333327,28751.691305315664,38502.136468965444,33602.53099999994
2018-10-19,66189.65399999975,19,4,42,10,4,2018,0,0,21165.62,86377.97199999988,20131.72,34039.44657142851,36326.91866666661,29288.382851898063,38442.560810996496,29729.31457142851
2018-10-20,12199.62,20,5,42,10,4,2018,1,0,66189.65399999975,63242.73399999975,17224.55,31155.401142857067,37862.18313333326,23744.988200673128,38537.58510273966,25766.651428571382
2018-10-21,11128.11,21,6,42,10,4,2018,1,0,12199.62,9424.349999999999,34377.91,23863.527714285676,37694.6854666666,19750.407464418397,38447.694436859994,28308.392142857097
2018-10-22,52822.641999999876,22,0,43,10,4,2018,0,0,11128.11,14770.09,19162.14,24106.921999999962,36919.692133333265,19552.3139973581,38354.77068027204,28225.058571428523
2018-10-23,35023.77199999987,23,1,43,10,4,2018,0,0,52822.641999999876,14414.26,28186.731999999876,29543.0008571428,38041.70886666659,21696.072478071375,38403.814311864335,31219.017285714228
2018-10-24,28301.84,24,2,43,10,4,2018,0,0,35023.77199999987,28881.100000000002,71106.06399999975,32487.21685714278,38269.61019999992,20675.261236791986,38392.39524999993,35144.553714285656
2018-10-25,26493.67,25,3,43,10,4,2018,0,0,28301.84,21165.62,20036.67,32404.465428571355,36842.80273333327,20693.25143339402,38358.42031649825,38906.986142857066
2018-10-26,32152.941999999875,26,4,43,10,4,2018,0,0,26493.67,66189.65399999975,61288.95,33165.61542857135,37058.0360666666,20305.312687765498,38318.605718120736,36625.889428571376
2018-10-27,7765.45,27,5,43,10,4,2018,1,0,32152.941999999875,12199.62,39725.57,28303.227999999945,36086.83579999993,14252.32754941347,38297.984769230694,37968.69228571423
2018-10-28,45008.72,28,6,43,10,4,2018,1,0,7765.45,11128.11,87866.38399999976,27669.775142857085,35021.49846666659,15157.16739345165,38196.209653333266,38581.54228571423
2018-10-29,13603.42,29,0,44,10,4,2018,0,0,45008.72,52822.641999999876,61240.83199999988,32509.862285714225,33592.9096666666,14384.398716237425,38218.84257807302,41402.03328571421
2018-10-30,56329.68199999988,30,1,44,10,4,2018,0,0,13603.42,35023.77199999987,55332.520000000004,26907.116285714244,32004.995933333277,12692.351762409868,38137.33455629132,40346.09742857137
2018-10-31,83838.61,31,2,44,10,4,2018,0,1,56329.68199999988,28301.84,46104.11199999988,29950.81771428567,32038.2346666666,16840.097011239228,38197.37530693062,42531.13042857136
2018-11-01,73839.67399999975,1,3,44,11,4,2018,0,0,83838.61,26493.67,23902.65,37884.641999999956,33296.05126666661,26337.834824442336,38347.510947368355,42305.18328571421
2018-11-02,34254.3,2,4,44,11,4,2018,0,0,73839.67399999975,32152.941999999875,38619.19,44648.35685714278,34960.61873333327,28881.55256610677,38463.8786950819,47004.90285714277
2018-11-03,30998.859999999997,3,5,44,11,4,2018,1,0,34254.3,7765.45,62291.96399999975,44948.5508571428,34815.122399999935,28740.606239855973,38450.121901960716,48569.494999999915
2018-11-04,19708.01,4,6,44,11,4,2018,1,0,30998.859999999997,45008.72,56660.013999999755,48267.60942857137,33772.018933333275,24802.662892184493,38425.85069055368,49874.65885714275
2018-11-05,92309.51599999962,5,0,45,11,4,2018,0,0,19708.01,13603.42,7274.17,44653.22228571423,32540.285466666617,27094.330026605556,38365.078480519405,50702.67742857132
2018-11-06,20240.67,6,1,45,11,4,2018,0,0,92309.51599999962,56329.68199999988,8622.49,55896.95028571417,35374.79699999993,28362.823351405303,38539.655948219995,48123.20371428561
2018-11-07,58892.30199999988,7,2,45,11,4,2018,0,0,20240.67,83838.61,27908.2,50741.377142857054,35762.0696666666,31389.547137105856,38480.626961290254,43388.845857142755
2018-11-08,23330.41,8,3,45,11,4,2018,0,0,58892.30199999988,73839.67399999975,16514.25,47177.61885714274,36794.8730666666,28266.38214743622,38546.25935691311,39429.04485714277
2018-11-09,97949.01599999962,9,4,45,11,4,2018,0,0,23330.41,34254.3,9023.91,39962.00971428565,37022.07839999993,26731.065688157236,38497.49060897429,37955.697714285634
2018-11-10,29669.739999999998,10,5,45,11,4,2018,1,0,97949.01599999962,30998.859999999997,38930.44199999988,49061.25485714273,39986.24859999992,34248.21248268706,38687.43158466446,36940.663428571344
2018-11-11,63281.01399999975,11,6,45,11,4,2018,1,0,29669.739999999998,19708.01,86377.97199999988,48871.380571428446,39677.55853333326,34368.514477460594,38658.71282165598,38871.979857142775
2018-11-12,25195.68,12,0,46,11,4,2018,0,0,63281.01399999975,92309.51599999962,63242.73399999975,55096.095428571265,38907.659933333256,32075.625614617697,38736.87885714279,33681.69942857137
2018-11-13,20217.05,13,1,46,11,4,2018,0,0,25195.68,20240.67,9424.349999999999,45508.40457142845,37639.42479999993,28979.314495529583,38694.026962025244,33180.60585714281
2018-11-14,17557.6,14,2,46,11,4,2018,0,0,20217.05,58892.30199999988,14770.09,45505.03028571417,37999.181466666596,28982.748137957842,38635.73996845419,31458.709285714238
2018-11-15,18402.46,15,3,46,11,4,2018,0,0,17557.6,23330.41,14414.26,39600.07285714277,38092.098466666605,29993.772402950155,38569.45650943389,30148.967142857095
2018-11-16,13627.44,16,4,46,11,4,2018,0,0,18402.46,97949.01599999962,28881.100000000002,38896.07999999991,38225.0384666666,30492.96617668765,38506.237084639426,27194.42757142854
2018-11-17,16788.38,17,5,46,11,4,2018,1,0,13627.44,29669.739999999998,21165.62,26850.14057142853,37716.58313333326,16903.88632695431,38428.49084374993,27375.71757142854
2018-11-18,46746.44,18,6,46,11,4,2018,1,0,16788.38,63281.01399999975,66189.65399999975,25009.946285714246,37570.67513333326,17243.515290887768,38361.07616822423,23645.952999999987
2018-11-19,19645.59,19,0,47,11,4,2018,0,0,46746.44,25195.68,12199.62,22647.864285714284,36922.56799999994,11201.022519537912,38387.11767080738,25606.393142857123
2018-11-20,13225.36,20,1,47,11,4,2018,0,0,19645.59,20217.05,11128.11,21854.994285714285,37170.76699999993,11187.040262535724,38329.09436532501,28118.62099999998
2018-11-21,34785.75,21,2,47,11,4,2018,0,0,13225.36,17557.6,52822.641999999876,20856.181428571424,37240.675333333274,11659.785272254418,38251.61370370363,31455.418857142835
2018-11-22,4994.02,22,3,47,11,4,2018,0,0,34785.75,18402.46,35023.77199999987,23317.34571428571,36639.44559999994,12625.730930833091,38240.94950769224,34061.04242857141
2018-11-23,56585.461999999876,23,4,47,11,4,2018,0,0,4994.02,13627.44,28301.84,21401.854285714282,35638.45386666661,14389.573198347312,38138.96506134962,34572.91885714284
2018-11-24,32207.8,24,5,47,11,4,2018,1,0,56585.461999999876,16788.38,26493.67,27538.71457142855,36581.241266666606,18956.864438885783,38195.37636697241,37579.506285714255
2018-11-25,11064.310000000001,25,6,47,11,4,2018,1,0,32207.8,46746.44,32152.941999999875,29741.488857142835,36771.712266666604,18386.777040356894,38177.12156097554,36745.73571428567
2018-11-26,52641.84199999987,26,0,48,11,4,2018,0,0,11064.310000000001,19645.59,7765.45,24644.041714285693,36068.757866666616,17824.24516710295,38094.71179939203,37585.58285714281
2018-11-27,55388.24,27,1,48,11,4,2018,0,0,52641.84199999987,13225.36,45008.72,29357.79199999996,37564.637599999936,20451.481216398286,38138.794012121136,45361.8012857142
2018-11-28,64272.770000000004,28,2,48,11,4,2018,0,0,55388.24,34785.75,13603.42,35381.06057142853,37910.62159999994,21106.669619377517,38190.907141993885,47396.416571428475
2018-11-29,54881.189999999995,29,3,48,11,4,2018,0,0,64272.770000000004,4994.02,56329.68199999988,39593.49199999996,39599.59993333327,23745.573074347147,38269.46696987945,50384.085999999894
2018-11-30,20793.71,30,4,48,11,4,2018,0,1,54881.189999999995,56585.461999999876,83838.61,46720.23057142853,39551.31686666661,18548.004711095717,38319.35202402395,48781.02242857132
2018-12-01,58880.60399999975,1,5,48,12,4,2018,1,0,20793.71,32207.8,73839.67399999975,41607.12314285712,37449.82019999995,20232.09281210433,38266.8800419161,49394.77614285703
2018-12-02,35073.65199999988,2,6,48,12,4,2018,1,0,58880.60399999975,11064.310000000001,34254.3,45417.52371428566,36951.184533333275,20673.72436661509,38328.41354626859,49666.67257142846
2018-12-03,31403.45,3,0,49,12,4,2018,0,0,35073.65199999988,52641.84199999987,30998.859999999997,48847.429714285645,36978.4962666666,15323.836978604142,38318.72675595231,48068.24457142846
2018-12-04,122092.41799999951,4,1,49,12,4,2018,0,0,31403.45,55388.24,19708.01,45813.373714285655,36991.982599999945,16504.4250201852,38298.2066468842,45056.848857142744
2018-12-05,63270.36399999975,5,2,49,12,4,2018,0,0,122092.41799999951,64272.770000000004,92309.51599999962,55342.54199999988,40404.79619999993,33480.23164672912,38546.118514792826,42588.940285714176
2018-12-06,46821.391999999876,6,3,49,12,4,2018,0,0,63270.36399999975,54881.189999999995,20240.67,55199.34114285698,39436.82446666659,33437.786287485054,38619.051392330315,40501.22671428561
2018-12-07,34142.57199999988,7,4,49,12,4,2018,0,0,46821.391999999876,20793.71,58892.30199999988,54047.94142857125,40322.84853333326,33588.99143425153,38643.175923529336,42191.813142857034
2018-12-08,40800.351999999875,8,5,49,12,4,2018,1,0,34142.57199999988,58880.60399999975,23330.41,55954.92171428552,39497.85753333326,31712.89401524651,38629.97767155418,40826.682142857055
2018-12-09,14870.859999999999,9,6,49,12,4,2018,1,0,40800.351999999875,35073.65199999988,97949.01599999962,53372.02857142839,40080.18893333325,32167.913330962318,38636.323795321565,46353.42957142846
2018-12-10,30263.85,10,0,50,12,4,2018,0,0,14870.859999999999,31403.45,29669.739999999998,50485.91542857127,37310.9170666666,34875.61168188058,38567.0367288629,47370.88399999989
2018-12-11,13228.699999999999,11,1,50,12,4,2018,0,0,30263.85,122092.41799999951,63281.01399999975,50323.11542857126,37330.72073333326,34982.03266820638,38542.89955813946,39923.934857142776
2018-12-12,29722.05,12,2,50,12,4,2018,0,0,13228.699999999999,63270.36399999975,25195.68,34771.155714285625,35662.31026666661,17675.66295461838,38469.525066666596,38233.374714285645
2018-12-13,25653.2,13,3,50,12,4,2018,0,0,29722.05,46821.391999999876,20217.05,29978.539428571374,35813.18926666661,12430.330948118202,38444.24334682074,35724.46742857136
2018-12-14,44461.92,14,4,50,12,4,2018,0,0,25653.2,34142.57199999988,17557.6,26954.511999999962,35994.394266666604,9984.091096061133,38407.381550432205,35151.727428571365
2018-12-15,39768.77,15,5,50,12,4,2018,1,0,44461.92,40800.351999999875,18402.46,28428.704571428552,36891.204933333276,11816.096875575873,38424.77964942522,37965.36185714278
2018-12-16,112448.11599999963,16,6,50,12,4,2018,1,0,39768.77,14870.859999999999,13627.44,28281.335714285706,37603.415266666605,11641.221821648707,38428.630624641766,37559.58828571421
2018-12-17,45647.811999999874,17,0,51,12,4,2018,0,0,112448.11599999963,30263.85,16788.38,42220.943714285655,40897.43779999993,32550.283202632658,38640.114868571356,37293.573285714214
2018-12-18,17835.13,18,1,51,12,4,2018,0,0,45647.811999999874,13228.699999999999,46746.44,44418.6525714285,41859.418866666594,32124.983751071413,38660.07981766375,37381.23757142849
2018-12-19,39602.52199999987,19,2,51,12,4,2018,0,0,17835.13,29722.05,19645.59,45076.71399999993,40895.70853333326,31419.01415552608,38600.91802840902,37646.918285714215
2018-12-20,11696.69,20,3,51,12,4,2018,0,0,39602.52199999987,25653.2,13225.36,46488.20999999991,41560.93959999992,30830.67068095435,38603.755433427694,38636.87542857136
2018-12-21,26124.211999999876,21,4,51,12,4,2018,0,0,11696.69,44461.92,34785.75,44494.42285714276,41509.98393333326,32791.532036584,38527.746774011226,38784.698285714214
2018-12-22,80191.23399999975,22,5,51,12,4,2018,1,0,26124.211999999876,39768.77,4994.02,41874.75028571417,41221.265999999916,33518.98029392598,38492.807239436544,41522.88828571421
2018-12-23,9190.03,23,6,51,12,4,2018,1,0,80191.23399999975,112448.11599999963,56585.461999999876,47649.38799999985,43727.839799999914,36449.56544279628,38609.93765168532,38589.128571428526
2018-12-24,26539.64,24,0,52,12,4,2018,0,0,9190.03,45647.811999999874,32207.8,32898.232857142764,42147.99206666658,24928.216766099456,38527.52894677864,38092.12199999997
2018-12-25,14456.0,25,1,52,12,4,2018,0,0,26539.64,17835.13,11064.310000000001,30168.493999999922,41959.05339999991,24338.63719148155,38494.04322346362,37164.31771428567
2018-12-26,33441.58,26,2,52,12,4,2018,0,0,14456.0,39602.52199999987,52641.84199999987,29685.761142857064,42072.109733333244,24655.47587959382,38427.0848857938,37947.61128571425
2018-12-27,39512.6,27,3,52,12,4,2018,0,0,33441.58,11696.69,55388.24,28805.626571428515,41432.100999999915,24350.55275361164,38413.236261111044,42447.38028571422
2018-12-28,46531.44,28,4,52,12,4,2018,0,0,39512.6,26124.211999999876,64272.770000000004,32779.32799999994,40902.91299999992,23341.979223884377,38416.28159002763,46224.646999999924
2018-12-29,78103.43000000001,29,5,52,12,4,2018,1,0,46531.44,80191.23399999975,54881.189999999995,35694.64628571425,40311.53533333325,23644.67669147909,38438.69915469606,45783.40199999992
2018-12-30,71375.48,30,6,52,12,4,2018,1,0,78103.43000000001,9190.03,20793.71,35396.388571428564,41085.60999999991,22994.058396784796,38547.96838567486,46532.492714285625
2018-12-31,38689.72,31,0,1,12,4,2018,0,1,71375.48,26539.64,58880.60399999975,44280.02428571428,42771.668999999914,23193.566763403684,38638.15385714279,45434.96414285706
2019-01-01,4845.87,1,1,1,1,1,2019,0,0,38689.72,14456.0,35073.65199999988,46015.74999999999,42098.639533333255,22072.193277085888,38638.29513424651,46773.6492857142
2019-01-02,50568.63199999988,2,2,1,1,1,2019,0,0,4845.87,33441.58,31403.45,44642.87428571428,41091.04679999993,24524.946420022963,38545.96610382506,45820.264999999905
2019-01-03,74693.45599999963,3,3,1,1,1,2019,0,0,50568.63199999988,39512.6,122092.41799999951,47089.595999999976,41729.88619999992,24071.346944078294,38578.72541144407,43879.84857142848
2019-01-04,79005.94599999963,4,4,1,1,1,2019,0,0,74693.45599999963,46531.44,63270.36399999975,52115.43257142849,40149.920799999934,25833.85197768531,38676.86326630427,42769.00799999991
2019-01-05,74013.80399999976,5,5,1,1,1,2019,1,0,79005.94599999963,78103.43000000001,46821.391999999876,56754.64771428559,40674.440199999925,27524.504135564148,38786.15617344167,38828.967285714185
2019-01-06,19677.3,6,6,1,1,1,2019,1,0,74013.80399999976,71375.48,34142.57199999988,56170.41542857127,41580.85393333326,27034.880699195204,38881.366032432365,35808.15228571419
2019-01-07,11174.24,7,0,2,1,1,2019,0,0,19677.3,38689.72,40800.351999999875,48784.961142856984,41098.67819999993,29166.326435735733,38829.603051212864,36601.74028571418
2019-01-08,33197.59199999987,8,1,2,1,1,2019,0,0,11174.24,4845.87,14870.859999999999,44854.17828571412,40111.14113333326,32425.66540206138,38755.26067741928,39719.1297142856
2019-01-09,20094.2,9,2,2,1,1,2019,0,0,33197.59199999987,50568.63199999988,30263.85,48904.42428571411,40722.03219999993,28074.07607243912,38740.36076139403,37653.9467142856
2019-01-10,12346.769999999999,10,3,2,1,1,2019,0,0,20094.2,74693.45599999963,13228.699999999999,44550.933999999834,40383.043866666594,30065.239553147294,38690.50471657747,33188.799857142774
2019-01-11,30979.671999999875,11,4,2,1,1,2019,0,0,12346.769999999999,79005.94599999963,29722.05,35644.26457142846,40353.64619999993,28858.121331144295,38620.25475733326,31067.138857142796
2019-01-12,22942.86,12,5,2,1,1,2019,1,0,30979.671999999875,74013.80399999976,25653.2,28783.368285714212,40395.566933333255,21636.2609339796,38599.93405851057,26961.80142857138
2019-01-13,29084.07,13,6,2,1,1,2019,1,0,22942.86,19677.3,44461.92,21487.519142857105,40305.22226666659,8411.1041917177,38558.403358090116,26377.25571428567
2019-01-14,49799.951999999874,14,0,3,1,1,2019,0,0,29084.07,11174.24,39768.77,22831.34342857139,39792.62726666658,8815.41914249733,38533.338984126916,26535.90071428567
2019-01-15,48489.32199999988,15,1,3,1,1,2019,0,0,49799.951999999874,33197.59199999987,112448.11599999963,28349.302285714228,40126.99999999992,11864.178481449373,38563.06619525059,25925.240571428534
2019-01-16,21656.07,16,2,3,1,1,2019,0,0,48489.32199999988,20094.2,45647.811999999874,30533.835142857082,37995.04019999992,14102.373207777995,38589.18792105256,25102.825571428537
2019-01-17,12181.400000000001,17,3,3,1,1,2019,0,0,21656.07,12346.769999999999,17835.13,30756.959428571372,37195.315466666594,13920.858578863774,38544.74404199468,26752.829142857103
2019-01-18,49302.69199999988,18,4,3,1,1,2019,0,0,12181.400000000001,30979.671999999875,39602.52199999987,30733.335142857082,37006.857799999925,13957.40095180527,38475.73005235595,25761.066142857115
2019-01-19,16539.08,19,5,3,1,1,2019,1,0,49302.69199999988,22942.86,11696.69,33350.90942857137,37330.196799999925,15629.313880381042,38503.99888250646,26158.570428571402
2019-01-20,11493.66,20,6,3,1,1,2019,1,0,16539.08,29084.07,26124.211999999876,32436.083714285658,37491.60979999993,16503.052684498474,38446.798572916596,30431.31985714282
2019-01-21,13395.27,21,0,4,1,1,2019,0,0,11493.66,49799.951999999874,80191.23399999975,29923.167999999943,37003.92473333327,18335.986405709493,38376.79042077915,28587.7904285714
2019-01-22,24648.35,22,1,4,1,1,2019,0,0,13395.27,48489.32199999988,9190.03,24722.4991428571,34777.39259999994,16862.218907992414,38312.07145595848,27899.225999999984
2019-01-23,8580.39,23,2,4,1,1,2019,0,0,24648.35,21656.07,26539.64,21316.64599999998,35292.66993333327,13291.29626838528,38276.76468217047,30797.453142857124
2019-01-24,35446.82,24,3,4,1,1,2019,0,0,8580.39,12181.400000000001,14456.0,19448.691714285695,34694.02826666661,14128.125463740082,38200.22763402055,33954.18671428569
2019-01-25,17094.989999999998,25,4,4,1,1,2019,0,0,35446.82,49302.69199999988,33441.58,22772.323142857123,35393.722266666606,14851.624340959128,38193.14946529556,34375.77242857141
2019-01-26,28507.92,26,5,4,1,1,2019,1,0,17094.989999999998,16539.08,39512.6,18171.222857142853,34848.83593333328,9161.5614247277,38139.05162051275,33828.38528571426
2019-01-27,88902.56199999987,27,6,4,1,1,2019,1,0,28507.92,11493.66,46531.44,19881.05714285714,34482.01326666661,9893.802192611562,38114.419570332415,36326.556142857116
2019-01-28,23990.54,28,0,5,1,1,2019,0,0,88902.56199999987,13395.27,78103.43000000001,30939.471714285693,35894.38399999994,27156.717717220043,38243.981158163195,37978.49771428567
2019-01-29,38849.42,29,1,5,1,1,2019,0,0,23990.54,24648.35,71375.48,32453.08171428569,34090.62099999994,26297.577311069927,38207.71286005082,39644.01571428567
2019-01-30,62231.25,30,2,5,1,1,2019,0,0,38849.42,8580.39,38689.72,34481.805999999975,33006.418999999936,26142.445324705786,38209.34155837556,39529.16928571423
2019-01-31,56375.67,31,3,5,1,1,2019,0,1,62231.25,35446.82,4845.87,42146.21457142855,33791.13666666661,25128.04165862963,38270.15651645563,37650.44999999995
2019-02-01,55204.891999999876,1,4,5,2,1,2019,0,0,56375.67,17094.989999999998,50568.63199999988,45136.050285714264,35508.7966666666,25441.215106489588,38315.877510100945,39326.599285714234
2019-02-02,8875.66,2,5,5,2,1,2019,1,0,55204.891999999876,28507.92,74693.45599999963,50580.321999999964,35663.338666666605,22327.607748388993,38358.41910831227,38865.98928571424
2019-02-03,46468.05199999988,3,6,5,2,1,2019,1,0,8875.66,88902.56199999987,79005.94599999963,47775.71342857139,33469.41213333328,26420.19273336099,38284.341824120536,32992.26271428567
2019-02-04,36522.451999999874,4,0,6,2,1,2019,0,0,46468.05199999988,23990.54,74013.80399999976,41713.64057142853,32384.815666666622,19327.056674194042,38304.85237593978,32125.649142857106
2019-02-05,47965.601999999875,5,1,6,2,1,2019,0,0,36522.451999999874,38849.42,19677.3,43503.913714285656,31135.103933333296,17942.571896479258,38300.39637499993,33571.44785714281
2019-02-06,6972.54,6,2,6,2,1,2019,0,0,47965.601999999875,62231.25,11174.24,44806.22542857135,32078.047333333292,17879.157127674105,38324.499132169505,29375.72928571424
2019-02-07,9144.75,7,3,6,2,1,2019,0,0,6972.54,56375.67,33197.59199999987,36912.12399999992,31937.990666666625,20854.75152819913,38246.50918407953,27363.13785714281
2019-02-08,40561.08,8,4,6,2,1,2019,0,0,9144.75,55204.891999999876,20094.2,30164.849714285636,31136.229266666625,21146.478949510984,38174.29638213392,26359.33928571424
2019-02-09,22059.379999999997,9,5,6,2,1,2019,1,0,40561.08,8875.66,12346.769999999999,28072.876571428515,31818.45859999996,18856.85046538289,38180.204262376166,27343.015714285666
2019-02-10,6670.389999999999,10,6,6,2,1,2019,1,0,22059.379999999997,46468.05199999988,30979.671999999875,29956.265142857086,32142.21226666663,17206.025137483113,38140.39975802462,25734.72199999996
2019-02-11,11857.95,11,0,7,2,1,2019,0,0,6670.389999999999,36522.451999999874,22942.86,24270.884857142813,31331.90286666663,17414.609954436248,38062.88741871914,23820.908999999974
2019-02-12,59090.601999999875,12,1,7,2,1,2019,0,0,11857.95,47965.601999999875,29084.07,20747.384571428553,30962.40586666663,17013.164087742156,37998.50182309576,24565.016857142826
2019-02-13,3491.1900000000005,13,2,7,2,1,2019,0,0,59090.601999999875,6972.54,49799.951999999874,22336.670285714263,31962.62359999996,20200.56382411524,38050.198147058756,25478.266142857115
2019-02-14,28199.39,14,3,7,2,1,2019,0,0,3491.1900000000005,9144.75,48489.32199999988,21839.33457142855,30418.998199999965,20679.059057199367,37965.70179462096,25855.1754285714
2019-02-15,41151.711999999876,15,4,7,2,1,2019,0,0,28199.39,40561.08,21656.07,24561.425999999978,29742.667133333303,19971.52246050056,37941.88152195115,25807.46057142853
2019-02-16,22647.13,16,5,7,2,1,2019,1,0,41151.711999999876,22059.379999999997,12181.400000000001,24645.80199999996,30392.52186666663,20051.47161107348,37949.69132846709,25499.401285714248
2019-02-17,23951.94,17,6,7,2,1,2019,1,0,22647.13,6670.389999999999,49302.69199999988,24729.766285714246,30741.3795333333,20040.06338816774,37912.549189320314,28571.695571428532
2019-02-18,9729.07,18,0,8,2,1,2019,0,0,23951.94,11857.95,16539.08,27198.559142857102,29896.35446666664,18445.524381775558,37878.74626150115,31328.61142857138
2019-02-19,58383.11199999988,19,1,8,2,1,2019,0,0,9729.07,59090.601999999875,11493.66,26894.43342857139,29669.354133333305,18755.5571018295,37810.75187439607,33205.48342857139
2019-02-20,19758.03,20,2,8,2,1,2019,0,0,58383.11199999988,3491.1900000000005,13395.27,26793.36342857139,31232.33586666663,18553.964691679434,37860.323826505955,36114.924142857104
2019-02-21,14421.480000000001,21,3,8,2,1,2019,0,0,19758.03,28199.39,24648.35,29117.197714285674,31444.427866666632,15990.626546637928,37816.80869711532,39467.60785714281
2019-02-22,39893.07199999988,22,4,8,2,1,2019,0,0,14421.480000000001,41151.711999999876,8580.39,27148.924857142814,31103.532199999965,16942.077233821616,37760.70479136684,38879.73857142852
2019-02-23,17746.55,23,5,8,2,1,2019,1,0,39893.07199999988,22647.13,35446.82,26969.119142857107,32147.28826666663,16774.548249988035,37765.80614832529,40555.57728571423
2019-02-24,49682.509999999995,24,6,8,2,1,2019,1,0,17746.55,23951.94,17094.989999999998,26269.036285714246,31557.279266666625,17084.389528371645,37718.02749403335,41026.60171428566
2019-02-25,50454.77199999987,25,0,9,2,1,2019,0,0,49682.509999999995,9729.07,28507.92,29944.831999999962,32643.52993333329,19146.364714060644,37746.51435714279,42670.4195714285
2019-02-26,85366.81,26,1,9,2,1,2019,0,0,50454.77199999987,58383.11199999988,88902.56199999987,35762.78942857137,33375.09166666662,18140.837428580988,37776.70024228022,44776.19985714277
2019-02-27,44223.36,27,2,9,2,1,2019,0,0,85366.81,19758.03,23990.54,39617.60342857138,33257.233266666626,25230.281483613737,37889.47301421794,47663.15214285705
2019-02-28,75136.96199999988,28,3,9,2,1,2019,0,1,44223.36,14421.480000000001,38849.42,43112.65057142853,33931.66059999997,23666.803324379543,37904.446742316715,49214.58942857133
2019-03-01,32921.54199999988,1,4,9,3,1,2019,0,0,75136.96199999988,39893.07199999988,62231.25,51786.290857142805,35141.24533333329,22496.127372812185,37992.25927830182,48760.74585714276
2019-03-02,46108.87199999988,2,5,9,3,1,2019,1,0,32921.54199999988,17746.55,56375.67,50790.35799999994,34164.25506666662,23252.03001714888,37980.32817882346,50739.33157142847
2019-03-03,30546.281999999876,3,6,9,3,1,2019,1,0,46108.87199999988,49682.509999999995,55204.891999999876,54842.118285714205,33822.02846666661,18524.970236806737,37999.409267605566,50729.10514285704
2019-03-04,32742.519999999997,4,0,10,3,1,2019,0,0,30546.281999999876,50454.77199999987,8875.66,52108.37142857134,33000.07479999995,20697.82449781903,37981.95463700227,47505.69214285705
2019-03-05,87864.03599999963,5,1,10,3,1,2019,0,0,32742.519999999997,85366.81,46468.05199999988,49578.04971428564,33795.63679999995,21976.82016843327,37969.71296728965,43882.43999999991
2019-03-06,60175.36199999988,6,2,10,3,1,2019,0,0,87864.03599999963,44223.36,36522.451999999874,49934.796285714154,35175.50293333327,22664.12089096591,38086.01675058268,43212.200142857044
2019-03-07,36141.601999999875,7,3,10,3,1,2019,0,0,60175.36199999988,75136.96199999988,47965.601999999875,52213.653714285574,35963.93326666661,22795.725469213343,38137.38732093017,42742.73742857132
2019-03-08,33539.26199999987,8,4,10,3,1,2019,0,0,36141.601999999875,32921.54199999988,6972.54,46642.88799999986,35569.79993333328,20950.21625603181,38132.75672853822,43480.748857142746
2019-03-09,45446.75,9,5,10,3,1,2019,1,0,33539.26199999987,46108.87199999988,9144.75,46731.13371428557,36455.35733333327,20883.98323357132,38122.12363888882,42032.52514285704
2019-03-10,49539.34,10,6,10,3,1,2019,1,0,45446.75,30546.281999999876,40561.08,46636.54485714273,37665.42399999993,20888.77025549739,38139.03963510386,40772.757857142766
2019-03-11,5326.99,11,0,11,3,1,2019,0,0,49539.34,32742.519999999997,22059.379999999997,49349.83885714274,37964.69933333327,19647.053414520404,38165.30760829486,39705.198571428475
2019-03-12,34641.28,12,1,11,3,1,2019,0,0,5326.99,87864.03599999963,6670.389999999999,45433.33457142846,37406.952999999936,25399.7224012849,38089.81722298844,37753.78985714277
2019-03-13,34840.00199999988,13,2,11,3,1,2019,0,0,34641.28,60175.36199999988,11857.95,37830.083714285654,38339.31599999994,17235.203515622907,38081.907733944885,36069.631857142784
2019-03-14,68564.48399999975,14,3,11,3,1,2019,0,0,34840.00199999988,36141.601999999875,59090.601999999875,34210.74657142851,39105.38439999993,14143.581340818402,38074.48918535462,36674.061857142784
2019-03-15,43253.701999999874,15,4,11,3,1,2019,0,0,68564.48399999975,33539.26199999987,3491.1900000000005,38842.586857142785,39421.1804666666,19263.60480485023,38144.10104566203,36014.07671428565
2019-03-16,25833.739999999998,16,5,11,3,1,2019,1,0,43253.701999999874,45446.75,28199.39,40230.36399999993,40746.59753333326,19167.550812680744,38155.74022779036,34696.32314285707
2019-03-17,12909.54,17,6,11,3,1,2019,1,0,25833.739999999998,49539.34,41151.711999999876,37428.505428571356,40667.74253333326,19703.930422027275,38127.735681818114,32945.91599999993
2019-03-18,17796.69,18,0,12,3,1,2019,0,0,12909.54,5326.99,22647.13,32195.676857142786,39726.33679999993,20785.80898963602,38070.55156462578,35417.56828571421
2019-03-19,60544.31399999975,19,1,12,3,1,2019,0,0,17796.69,34641.28,23951.94,33977.06257142849,39564.65546666659,18508.963034907112,38024.683099547445,34262.19042857135
2019-03-20,36597.15,20,2,12,3,1,2019,0,0,60544.31399999975,34840.00199999988,9729.07,37677.49599999989,40784.40126666659,21075.323194543704,38075.517480812574,32703.522428571363
2019-03-21,44603.62199999987,21,3,12,3,1,2019,0,0,36597.15,68564.48399999975,58383.11199999988,37928.517142857054,41680.003933333246,21046.33848007527,38072.18782432425,30191.715714285667
2019-03-22,24299.47,22,4,12,3,1,2019,0,0,44603.62199999987,43253.701999999874,19758.03,34505.536857142775,41220.687599999925,16741.501236122596,38086.865204494316,31422.083571428524
2019-03-23,26998.2,23,5,12,3,1,2019,1,0,24299.47,25833.739999999998,14421.480000000001,31797.789428571366,41372.068933333256,16623.163137631123,38055.951762331766,31167.159999999953
2019-03-24,25033.64,24,6,12,3,1,2019,1,0,26998.2,12909.54,39893.07199999988,31964.1408571428,41791.29293333325,16559.235991402133,38031.21406263976,34680.71514285709
2019-03-25,39930.12199999987,25,0,13,3,1,2019,0,0,25033.64,17796.69,17746.55,33696.15514285708,41295.97853333326,14771.620840980226,38002.20162053564,39199.75042857136
2019-03-26,18465.99,26,1,13,3,1,2019,0,0,39930.12199999987,60544.31399999975,49682.509999999995,36858.07399999993,42035.43093333325,13072.17100402625,38006.49542984403,38518.407428571365
2019-03-27,13018.65,27,2,13,3,1,2019,0,0,18465.99,36597.15,50454.77199999987,30846.884857142817,40994.88026666658,9570.614336760775,37963.07208444437,41532.152714285636
2019-03-28,33399.19,28,3,13,3,1,2019,0,0,13018.65,44603.62199999987,85366.81,27478.527714285676,39747.00953333326,11217.096718205734,37907.76294456756,39547.29185714278
2019-03-29,60478.85199999988,29,4,13,3,1,2019,0,0,33399.19,24299.47,44223.36,25877.894571428555,38014.755533333264,8932.99833122751,37897.788225663644,39597.57399999992
2019-03-30,22264.809999999998,30,5,13,3,1,2019,1,0,60478.85199999988,26998.2,75136.96199999988,31046.377714285678,38556.605266666586,15740.251268506965,37947.63604856505,40190.71042857135
2019-03-31,62099.311999999874,31,6,13,3,1,2019,1,1,22264.809999999998,25033.64,32921.54199999988,30370.179142857105,36794.20019999993,16041.927030610244,37913.092378854555,39631.47542857135
2019-04-01,81063.18399999975,1,0,14,4,2,2019,0,0,62099.311999999874,39930.12199999987,46108.87199999988,35665.27514285709,37766.79253333326,19689.478863219494,37966.24890549444,38849.58671428565
2019-04-02,51005.51199999988,2,1,14,4,2,2019,0,0,81063.18399999975,18465.99,30546.281999999876,41541.42685714278,38931.936266666584,26226.99170870993,38060.7597280701,38003.88242857136
2019-04-03,78789.58399999976,3,2,14,4,2,2019,0,0,51005.51199999988,13018.65,32742.519999999997,46189.92999999991,39613.910599999916,24265.76331546031,38089.08522538286,41055.86099999993
2019-04-04,16815.57,4,3,14,4,2,2019,0,0,78789.58399999976,33399.19,87864.03599999963,55585.777714285585,41148.81273333324,21898.986125247207,38177.95094323137,41088.186857142784
2019-04-05,25003.42,5,4,14,4,2,2019,0,0,16815.57,60478.85199999988,60175.36199999988,53216.689142857016,38780.53053333326,25327.816812985366,38131.4098082788,39618.6475714285
2019-04-06,35302.11,6,5,14,4,2,2019,1,0,25003.42,22264.809999999998,36141.601999999875,48148.77028571418,37608.1324666666,27118.42166817727,38102.870699999934,40537.62328571421
2019-04-07,17204.35,7,6,14,4,2,2019,1,0,35302.11,62099.311999999874,33539.26199999987,50011.24171428561,37580.14939999993,25440.218959706308,38096.795297179975,37944.50028571422
2019-04-08,28983.68,8,0,15,4,2,2019,0,0,17204.35,81063.18399999975,45446.75,43597.67571428562,37035.652333333266,27463.498026692334,38051.57355411248,34003.45785714281
2019-04-09,6626.13,9,1,15,4,2,2019,0,0,28983.68,51005.51199999988,49539.34,36157.74657142851,36486.88333333327,22165.66069113778,38031.98847084226,34736.562142857096
2019-04-10,55746.350000000006,10,2,15,4,2,2019,0,0,6626.13,78789.58399999976,5326.99,29817.834857142818,35056.44299999994,23516.65352657323,37964.303431034416,31649.45257142855
2019-04-11,33851.75199999988,11,3,15,4,2,2019,0,0,55746.350000000006,16815.57,34641.28,26525.944285714282,36737.08833333327,15897.577578549392,38002.54439139778,33638.62128571425
2019-04-12,39905.30199999987,12,4,15,4,2,2019,0,0,33851.75199999988,25003.42,34840.00199999988,28959.68457142855,36710.770733333266,15461.308076646492,37993.637111587916,36404.672999999944
2019-04-13,35130.47,13,5,15,4,2,2019,1,0,39905.30199999987,35302.11,68564.48399999975,31088.52485714282,36879.614066666596,15846.887546375305,37997.73061241963,35461.169428571375
2019-04-14,25795.59,14,6,15,4,2,2019,1,0,35130.47,17204.35,43253.701999999874,31064.004857142816,35765.14693333327,15839.412245060044,37991.60398717942,37372.74942857138
2019-04-15,25888.59,15,0,16,4,2,2019,0,0,25795.59,28983.68,25833.739999999998,32291.324857142816,35183.209866666606,14890.958348859382,37965.59969296368,37454.497285714235
2019-04-16,61268.97199999988,16,1,16,4,2,2019,0,0,25888.59,6626.13,12909.54,31849.169142857103,35185.038199999944,15050.63581550045,37939.90392765951,38171.76871428567
2019-04-17,35570.05,17,2,16,4,2,2019,0,0,61268.97199999988,55746.350000000006,17796.69,39655.28942857137,36797.019266666604,13915.84426622353,37989.434857749395,34564.345857142805
2019-04-18,44663.93199999988,18,3,16,4,2,2019,0,0,35570.05,33851.75199999988,60544.31399999975,36772.9608571428,37389.46459999994,11982.741441829103,37984.30904237281,34466.54999999995
2019-04-19,63728.14399999975,19,4,16,4,2,2019,0,0,44663.93199999988,39905.30199999987,36597.15,38317.557999999946,36860.118533333276,12237.57912350769,37998.43086680754,37019.3371428571
2019-04-20,22093.06,20,5,16,4,2,2019,1,0,63728.14399999975,35130.47,44603.62199999987,41720.82114285707,37764.48499999994,15602.62588231978,38052.71296202525,40085.70171428565
2019-04-21,43966.47,21,6,16,4,2,2019,1,0,22093.06,25795.59,24299.47,39858.33399999992,37014.132933333276,17215.23490659531,38019.11369263151,41121.89599999994
2019-04-22,30128.15,22,0,17,4,2,2019,0,0,43966.47,25888.59,26998.2,42454.173999999926,37669.69959999994,16073.441825888385,38031.60813865539,42030.011714285654
2019-04-23,16667.93,23,1,17,4,2,2019,0,0,30128.15,61268.97199999988,25033.64,43059.825428571356,37774.03126666661,15411.455650469421,38015.03904402509,42469.71871428566
2019-04-24,5242.43,24,2,17,4,2,2019,0,0,16667.93,35570.05,39930.12199999987,36688.24799999995,37495.17426666661,15842.232189905286,37970.37982008362,40509.257999999936
2019-04-25,32482.61,25,3,17,4,2,2019,0,0,5242.43,44663.93199999988,18465.99,32355.7308571428,36338.91786666661,19841.253715105326,37902.05424634649,40460.035142857094
2019-04-26,75644.32199999988,26,4,17,4,2,2019,0,0,32482.61,63728.14399999975,13018.65,30615.54199999996,36806.13853333328,19102.26241425031,37890.76373749993,40630.14985714282
2019-04-27,78059.57399999976,27,5,17,4,2,2019,1,0,75644.32199999988,22093.06,33399.19,32317.853142857122,38893.66093333327,22731.183245876186,37969.253463617395,42522.8921428571
2019-04-28,40302.31,28,6,17,4,2,2019,1,0,78059.57399999976,43966.47,60478.85199999988,40313.069428571376,40382.340399999935,27810.472843027746,38052.42840248956,39821.010714285665
2019-04-29,38602.21,29,0,18,4,2,2019,0,0,40302.31,30128.15,22264.809999999998,39789.617999999944,39709.78899999994,27764.693313511725,38057.086542442994,40737.947142857105
2019-04-30,67424.87,30,1,18,4,2,2019,0,1,38602.21,16667.93,62099.311999999874,41000.19799999994,40254.36899999994,27456.2579844402,38058.21283057845,42453.50371428566
2019-05-01,8123.6,1,2,18,5,2,2019,0,0,67424.87,5242.43,81063.18399999975,48251.18942857137,40431.887599999936,26649.710762820898,38118.762639175184,42670.17585714279
2019-05-02,43974.811999999874,2,3,18,5,2,2019,0,0,8123.6,32482.61,51005.51199999988,48662.78514285708,38000.568133333276,25886.05374518362,38057.0441975308,43390.98799999995
2019-05-03,66109.75,3,4,18,5,2,2019,0,0,43974.811999999874,75644.32199999988,78789.58399999976,50304.528285714216,37766.21146666662,25039.430410507885,38069.195671457834,40448.16442857137
2019-05-04,48591.451999999874,4,5,18,5,2,2019,1,0,66109.75,78059.57399999976,16815.57,48942.44657142851,37343.550333333296,23652.172111233394,38126.65582377042,35936.636285714245
2019-05-05,6140.13,5,6,18,5,2,2019,1,0,48591.451999999874,40302.31,25003.42,44732.71485714282,38402.74639999995,19936.627402974136,38148.05622494881,34968.09642857138
2019-05-06,42965.26,6,0,19,5,2,2019,0,0,6140.13,38602.21,35302.11,39852.40342857138,37773.970066666625,24791.97354827019,38082.73392653055,32568.225714285665
2019-05-07,40685.72199999988,7,1,19,5,2,2019,0,0,42965.26,67424.87,17204.35,40475.69628571424,38029.40839999996,24810.14291586494,38092.67797148669,28145.727857142807
2019-05-08,8275.84,8,2,19,5,2,2019,0,0,40685.72199999988,8123.6,28983.68,36655.81799999994,38812.120799999946,21851.41111052887,38097.94838617879,30182.124999999953
2019-05-09,42573.98,9,3,19,5,2,2019,0,0,8275.84,43974.811999999874,6626.13,36677.56657142851,38121.85946666661,21818.330907009182,38037.45729411758,28790.025571428534
2019-05-10,34444.79199999988,10,4,19,5,2,2019,0,0,42573.98,66109.75,55746.350000000006,36477.44771428568,39320.12113333329,21746.55125525063,38046.64053846147,26639.374142857105
2019-05-11,14898.18,11,5,19,5,2,2019,1,0,34444.79199999988,48591.451999999874,33851.75199999988,31953.88228571423,38610.06919999994,17417.87774184116,38039.364076767604,25777.0454285714
2019-05-12,26742.751999999877,12,6,19,5,2,2019,1,0,14898.18,6140.13,39905.30199999987,27140.55771428568,37978.28346666662,16694.342308249867,37992.70846370961,26967.68685714283
2019-05-13,5004.02,13,0,20,5,2,2019,0,0,26742.751999999877,42965.26,35130.47,30083.789428571374,37539.53179999995,13968.466781562389,37970.07273641844,24721.884714285687
2019-05-14,5509.9,14,1,20,5,2,2019,0,0,5004.02,40685.72199999988,25795.59,24660.755142857084,36535.31679999995,15426.73993333848,37903.87584337343,22940.394571428555
2019-05-15,36633.16,15,2,20,5,2,2019,0,0,5509.9,8275.84,25888.59,19635.637714285676,35859.12713333328,15061.534248756574,37838.958056112155,23515.16742857141
2019-05-16,24485.420000000002,16,3,20,5,2,2019,0,0,36633.16,42573.98,61268.97199999988,23686.683428571392,36217.279466666616,15308.455417666206,37836.54645999993,21634.95671428569
2019-05-17,36000.63,17,4,20,5,2,2019,0,0,24485.420000000002,34444.79199999988,35570.05,21102.60342857139,34991.16106666662,12930.961332248784,37809.89750498995,24464.51099999998
2019-05-18,36518.85,18,5,20,5,2,2019,1,0,36000.63,14898.18,44663.93199999988,21324.86599999998,35005.51373333329,13208.898270670352,37806.29338645412,25874.191857142832
2019-05-19,22809.11,19,6,20,5,2,2019,1,0,36518.85,26742.751999999877,63728.14399999975,24413.533142857126,34734.01099999996,13962.006571189395,37803.73385685878,24561.61742857141
2019-05-20,11524.029999999999,20,0,21,5,2,2019,0,0,22809.11,5004.02,22093.06,23851.58428571428,33370.04319999997,13931.763303533953,37773.98261904755,26937.91457142855
2019-05-21,15744.86,21,1,21,5,2,2019,0,0,11524.029999999999,5509.9,43966.47,24783.014285714282,33017.742199999964,12617.64079059534,37722.00251485142,26984.001714285692
2019-05-22,16322.66,22,2,21,5,2,2019,0,0,15744.86,36633.16,30128.15,26245.151428571426,32077.021866666633,10412.328735474177,37678.5694268774,29254.51328571426
2019-05-23,16251.029999999999,23,3,21,5,2,2019,0,0,16322.66,24485.420000000002,16667.93,23343.651428571426,31616.838866666632,9849.82010405508,37636.44731755417,31617.014999999952
2019-05-24,74058.55199999988,24,4,21,5,2,2019,0,0,16251.029999999999,36000.63,5242.43,22167.309999999998,31602.942199999965,10177.007792534105,37594.350039370016,30022.414999999954
2019-05-25,34633.711999999876,25,5,21,5,2,2019,1,0,74058.55199999988,36518.85,32482.61,27604.155999999977,33896.8129333333,22044.856235797743,37665.98894302548,30083.183571428526
2019-05-26,8366.71,26,6,21,5,2,2019,1,0,34633.711999999876,22809.11,75644.32199999988,27334.85057142853,33968.51633333329,21929.01171693348,37660.043301960715,34369.735285714225
2019-05-27,38272.18,27,0,22,5,2,2019,0,0,8366.71,11524.029999999999,78059.57399999976,25271.65057142853,31725.92926666663,23075.238527571906,37602.71779647743,37047.90971428564
2019-05-28,6155.12,28,1,22,5,2,2019,0,0,38272.18,15744.86,40302.31,29092.81485714282,30399.682799999966,22629.653912452624,37604.02533984368,38501.21771428564
2019-05-29,68420.32199999988,29,2,22,5,2,2019,0,0,6155.12,16322.66,38602.21,27722.85199999996,29261.4431333333,23830.791622274846,37542.72143079915,42263.0692857142
2019-05-30,57560.44399999975,30,3,22,5,2,2019,0,0,68420.32199999988,16251.029999999999,67424.87,35165.37514285708,30255.380199999967,27525.8103353501,37602.79458365752,43836.76142857134
2019-05-31,13676.23,31,4,22,5,2,2019,0,1,57560.44399999975,74058.55199999988,8123.6,41066.71999999991,29926.56599999996,27221.397731620855,37641.54730097081,40685.128571428475
2019-06-01,37369.61,1,5,22,6,2,2019,1,0,13676.23,34633.711999999876,43974.811999999874,32440.67399999993,30111.65366666663,24450.440498225576,37595.10288759683,40918.12414285706
2019-06-02,82820.83399999976,2,6,22,6,2,2019,1,0,37369.61,8366.71,66109.75,32831.51657142852,29891.48026666663,24513.12550572578,37594.66673114114,41414.355571428496
2019-06-03,49018.47199999988,3,0,23,6,2,2019,0,0,82820.83399999976,38272.18,48591.451999999874,43467.819999999905,30448.516399999957,28029.295312765644,37681.97593436287,39763.734142857065
2019-06-04,36091.171999999875,4,1,23,6,2,2019,0,0,49018.47199999988,6155.12,6140.13,45003.004571428464,30462.750399999957,27991.56389378294,37703.8188940269,41679.45557142849
2019-06-05,68988.58199999988,5,2,23,6,2,2019,0,0,36091.171999999875,68420.32199999988,42965.26,49279.5834285713,31461.11846666662,22888.87878561339,37700.71764999993,37732.74042857136
2019-06-06,38282.72,6,3,23,6,2,2019,0,0,68988.58199999988,57560.44399999975,40685.72199999988,49360.7634285713,32328.56253333328,22968.947344393095,37760.77113243755,35641.556714285645
2019-06-07,29935.691999999875,7,4,23,6,2,2019,0,0,38282.72,13676.23,8275.84,46606.802857142764,32248.462466666613,22977.646549004912,37761.77103448269,35779.356714285655
2019-06-08,37895.65,8,5,23,6,2,2019,1,0,29935.691999999875,37369.61,42573.98,48929.58314285703,32970.45753333328,19678.963371697308,37746.80721223703,35635.93399999993
2019-06-09,15313.95,9,6,23,6,2,2019,1,0,37895.65,82820.83399999976,34444.79199999988,49004.73171428561,32814.51319999995,19628.401050054035,37747.09126335871,31390.280857142807
2019-06-10,15163.480000000001,10,0,24,6,2,2019,0,0,15313.95,49018.47199999988,14898.18,39360.89114285707,32176.818466666617,16593.97048449833,37704.36147047613,29775.87571428567
2019-06-11,32975.22,11,1,24,6,2,2019,0,0,15163.480000000001,36091.171999999875,26742.751999999877,34524.46371428565,32185.661799999947,18168.96513629654,37661.50808365013,29623.804142857105
2019-06-12,13166.31,12,2,24,6,2,2019,0,0,32975.22,68988.58199999988,5004.02,34079.327714285675,32393.410733333287,18162.35265399287,37652.61569639462,26537.461142857115
2019-06-13,28283.871999999876,13,3,24,6,2,2019,0,0,13166.31,38282.72,5509.9,26104.717428571403,32665.487066666617,11200.92060381824,37606.240117424175,27123.814714285687
2019-06-14,15605.43,14,4,24,6,2,2019,0,0,28283.871999999876,29935.691999999875,36633.16,24676.310571428534,33424.61946666662,9957.629229289181,37588.61749338368,27896.56899999997
2019-06-15,35361.69199999987,15,5,24,6,2,2019,1,0,15605.43,37895.65,24485.420000000002,22629.130285714262,32723.695133333284,10167.01718534303,37547.13978113201,29227.43485714282
2019-06-16,23381.690000000002,16,6,24,6,2,2019,1,0,35361.69199999987,15313.95,36000.63,22267.13628571425,33086.237533333275,9559.843589302138,37543.02406026358,29437.31985714282
2019-06-17,26416.8,17,0,25,6,2,2019,0,0,23381.690000000002,15163.480000000001,36518.85,23419.67057142853,32665.606199999944,9054.83977597508,37516.405011278126,30712.32285714281
2019-06-18,33962.17,18,1,25,6,2,2019,0,0,26416.8,32975.22,22809.11,25027.287714285678,32328.871199999943,8313.320757728628,37495.58023639768,32024.30357142852
2019-06-19,25779.78,19,2,25,6,2,2019,0,0,33962.17,13166.31,11524.029999999999,25168.280571428535,32700.639866666614,8477.334025370285,37488.963363295814,33984.85428571424
2019-06-20,46491.67,20,3,25,6,2,2019,0,0,25779.78,28283.871999999876,15744.86,26970.204857142817,33175.83153333328,6643.157746882421,37467.07703925227,34621.850571428535
2019-06-21,40754.25199999988,21,4,25,6,2,2019,0,0,46491.67,15605.43,16322.66,29571.318857142836,34200.72519999995,9973.219062188313,37483.91396641785,38288.848428571386
2019-06-22,56527.77199999988,22,5,25,6,2,2019,1,0,40754.25199999988,35361.69199999987,16251.029999999999,33164.007714285675,35015.11159999994,8528.878788291924,37490.00398137796,40602.40985714282
2019-06-23,18252.34,23,6,25,6,2,2019,1,0,56527.77199999988,23381.690000000002,74058.55199999988,36187.73342857139,36357.66966666661,12338.867352964831,37525.390167286176,42273.68571428566
2019-06-24,33013.52199999987,24,0,26,6,2,2019,0,0,18252.34,26416.8,34633.711999999876,35454.96914285711,34497.46259999994,13337.983793028992,37489.63311688305,44394.956428571386
2019-06-25,51342.95,25,1,26,6,2,2019,0,0,33013.52199999987,33962.17,8366.71,36397.35799999994,34443.45626666661,12815.78684909506,37481.34402222216,46758.811857142784
2019-06-26,40614.02,26,2,26,6,2,2019,0,0,51342.95,25779.78,38272.18,38880.326571428515,35875.99759999994,13902.943360531228,37506.966214417684,47604.05057142849
2019-06-27,37201.82,27,3,26,6,2,2019,0,0,40614.02,46491.67,6155.12,40999.50371428566,35954.058933333275,12647.107670736976,37512.698785977795,47718.42642857134
2019-06-28,66943.4,28,4,26,6,2,2019,0,0,37201.82,40754.25199999988,68420.32199999988,39672.38228571423,36988.948933333275,12460.776772817195,37512.12626519331,49299.9229999999
2019-06-29,67751.55199999988,29,5,26,6,2,2019,1,0,66943.4,56527.77199999988,57560.44399999975,43413.6891428571,36939.71819999995,16207.930532052067,37566.22787132346,46376.2742857142
2019-06-30,46779.55199999988,30,6,26,6,2,2019,1,1,67751.55199999988,18252.34,13676.23,45017.08628571424,37279.42179999996,18159.195536862222,37621.6137871559,47405.12214285705
2019-07-01,56114.59,1,0,27,7,3,2019,0,0,46779.55199999988,33013.52199999987,37369.61,49092.402285714226,38382.865866666616,13838.566480626825,37638.386567765505,47604.07985714277
2019-07-02,67056.14599999963,2,1,27,7,3,2019,0,0,56114.59,51342.95,82820.83399999976,52392.554857142815,39007.69853333328,11997.077515807454,37672.16390493595,45349.07985714277
2019-07-03,37613.12199999988,3,2,27,7,3,2019,0,0,67056.14599999963,40614.02,49018.47199999988,54637.29714285705,38482.20893333328,13179.696334802089,37725.784310218914,43176.846999999914
2019-07-04,48092.93199999988,4,3,27,7,3,2019,0,0,37613.12199999988,37201.82,36091.171999999875,54208.59742857132,38102.03059999994,13748.394610642556,37725.5790965391,44495.388571428484
2019-07-05,62895.20399999976,5,4,27,7,3,2019,0,0,48092.93199999988,66943.4,68988.58199999988,55764.47057142844,38502.08926666661,12009.272963646916,37744.428829090844,40684.29785714277
2019-07-06,15596.69,6,5,27,7,3,2019,1,0,62895.20399999976,67751.55199999988,38282.72,55186.1568571427,38298.976666666604,11466.42629220724,37790.0745190562,39650.369285714194
2019-07-07,32656.21,7,6,27,7,3,2019,1,0,15596.69,46779.55199999988,29935.691999999875,47735.462285714144,37542.7756666666,17367.2122846826,37749.869112318775,37903.84985714278
2019-07-08,35798.93,8,0,28,7,3,2019,0,0,32656.21,56114.59,37895.65,45717.84199999987,37633.45959999994,18292.50720444476,37740.6581555153,35495.52914285706
2019-07-09,19772.95,9,1,28,7,3,2019,0,0,35798.93,67056.14599999963,15313.95,42815.60485714273,37563.56893333328,17976.95980137982,37737.15323104687,31767.10871428566
2019-07-10,10202.76,10,2,28,7,3,2019,0,0,19772.95,37613.12199999988,15163.480000000001,36060.86257142849,37712.20226666661,16140.016556912748,37704.78529729723,30308.613571428526
2019-07-11,55661.40199999988,11,3,28,7,3,2019,0,0,10202.76,48092.93199999988,32975.22,32145.096571428516,37546.844933333276,18805.585174082993,37655.32122302152,27440.83985714282
2019-07-12,13588.13,12,4,28,7,3,2019,0,0,55661.40199999988,62895.20399999976,13166.31,33226.30657142851,38303.05099999994,20051.601196008014,37687.64811849185,27499.270571428533
2019-07-13,53276.55199999987,13,5,28,7,3,2019,1,0,13588.13,15596.69,28283.871999999876,26182.43885714284,38317.111666666606,16178.701332984701,37644.45901792108,27851.985571428533
2019-07-14,22328.28,14,6,28,7,3,2019,1,0,53276.55199999987,32656.21,15605.43,31565.276285714244,39150.200999999935,18210.393449831343,37672.42340608223,28274.173571428524
2019-07-15,22398.1,15,0,29,7,3,2019,0,0,22328.28,35798.93,35361.69199999987,30089.85771428567,39374.29599999994,18522.979070481073,37645.023149999935,30508.254428571374
2019-07-16,14858.26,16,1,29,7,3,2019,0,0,22398.1,19772.95,23381.690000000002,28175.453428571385,38942.17626666661,18527.09522951233,37617.84503386803,29610.558714285657
2019-07-17,17194.19,17,2,29,7,3,2019,0,0,14858.26,10202.76,26416.8,27473.35485714282,38658.06193333327,18986.02348210971,37577.34755160136,30549.102285714227
2019-07-18,7944.099999999999,18,3,29,7,3,2019,0,0,17194.19,55661.40199999988,33962.17,28472.13057142853,38350.641599999944,18088.760041012356,37541.143008880936,27260.857142857098
2019-07-19,63713.23399999976,19,4,29,7,3,2019,0,0,7944.099999999999,13588.13,25779.78,21655.373142857115,37483.37259999994,14832.878594376307,37488.665982269435,28296.907999999945
2019-07-20,20534.7,20,5,29,7,3,2019,1,0,63713.23399999976,53276.55199999987,46491.67,28816.102285714227,38747.8210666666,21075.01158293197,37535.081146902594,28007.073571428522
2019-07-21,38566.84199999987,21,6,29,7,3,2019,1,0,20534.7,22328.28,40754.25199999988,24138.69485714282,37882.588733333265,18175.339158445106,37505.045137809124,29942.385714285665
2019-07-22,67076.06199999987,22,0,30,7,3,2019,0,0,38566.84199999987,22398.1,56527.77199999988,26458.48942857137,37809.6750666666,18926.53085482834,37506.917795414396,31919.1471428571
2019-07-23,7205.21,23,1,30,7,3,2019,0,0,67076.06199999987,14858.26,18252.34,32841.05542857135,38161.28473333327,24143.397369556118,37558.97614788726,33013.32071428567
2019-07-24,23342.37,24,2,30,7,3,2019,0,0,7205.21,17194.19,33013.52199999987,31747.762571428495,37793.0470666666,25241.7327514612,37505.63033743403,33971.992142857096
2019-07-25,9625.97,25,3,30,7,3,2019,0,0,23342.37,7944.099999999999,51342.95,32626.073999999924,37470.67533333327,24753.16332210966,37480.78251228064,33701.406428571376
2019-07-26,28092.841999999877,26,4,30,7,3,2019,0,0,9625.97,63713.23399999976,40614.02,32866.34114285707,36080.10933333326,24480.31662404442,37432.00000350256,36973.223714285654
2019-07-27,49218.87,27,5,30,7,3,2019,1,0,28092.841999999877,20534.7,37201.82,27777.713714285655,35662.73673333327,20354.00043996242,37415.67280419574,38533.02657142852
2019-07-28,49422.65,28,6,30,7,3,2019,1,0,49218.87,38566.84199999987,66943.4,31875.452285714226,36063.305066666595,21507.493689660158,37436.27175218144,46292.9742857142
2019-07-29,50072.76,29,0,31,7,3,2019,0,0,49422.65,67076.06199999987,67751.55199999988,33426.28199999996,35479.28006666661,22441.50786140657,37457.15394425081,45700.25714285705
2019-07-30,30176.69,30,1,31,7,3,2019,0,0,50072.76,7205.21,46779.55199999988,30997.238857142835,34889.986999999936,18820.305666081775,37479.09412869559,46123.06142857134
2019-07-31,30615.59,31,2,31,7,3,2019,0,1,30176.69,23342.37,56114.59,34278.87885714284,34336.55826666661,15729.229520487974,37466.41634374994,45508.39571428562
2019-08-01,4155.9,1,3,31,8,3,2019,0,0,30615.59,9625.97,67056.14599999963,35317.910285714264,33486.59159999994,15114.602888987478,37454.543161178444,45431.07142857134
2019-08-02,109518.67599999963,2,4,31,8,3,2019,0,0,4155.9,28092.841999999877,37613.12199999988,34536.47171428569,31389.916733333284,16720.386203008642,37396.933051903055,45925.48342857134
2019-08-03,42371.94,3,5,31,8,3,2019,1,0,109518.67599999963,49218.87,48092.93199999988,46168.733714285656,33786.76853333328,32432.164717709355,37521.49564766833,43509.22842857135
2019-08-04,147206.10999999937,4,6,31,8,3,2019,1,0,42371.94,49422.65,62895.20399999976,45190.6008571428,33596.06879999995,32428.092126024618,37529.85848275855,42225.25557142849
2019-08-05,58778.02199999987,5,0,32,8,3,2019,0,0,147206.10999999937,50072.76,15596.69,59159.66657142843,36406.43233333327,50551.6192302847,37718.62999999993,40132.53414285707
2019-08-06,13124.47,6,1,32,8,3,2019,0,0,58778.02199999987,30176.69,32656.21,60403.275428571265,37845.8100666666,50397.660463947825,37754.8145223367,40401.77999999991
2019-08-07,14737.05,7,2,32,8,3,2019,0,0,13124.47,30615.59,35798.93,57967.24399999984,37194.7520666666,52471.64998624064,37712.566933104565,39890.648571428486
2019-08-08,8543.43,8,3,32,8,3,2019,0,0,14737.05,4155.9,19772.95,55698.881142856975,36492.68939999993,54166.968286419025,37673.22529452048,42430.41157142847
2019-08-09,35014.61,9,4,32,8,3,2019,0,0,8543.43,109518.67599999963,10202.76,56325.67114285698,36118.3720666666,53492.3208313061,37623.43077264951,36562.27699999992
2019-08-10,15391.3,10,5,32,8,3,2019,1,0,35014.61,42371.94,55661.40199999988,45682.233142857025,36945.433733333266,48305.03162473516,37618.97886006819,34538.45771428563
2019-08-11,31447.03,11,6,32,8,3,2019,1,0,15391.3,147206.10999999937,13588.13,41827.8559999999,35603.09699999994,49670.322308627634,37581.11228620096,25453.939142857103
2019-08-12,20774.66,12,0,33,8,3,2019,0,0,31447.03,58778.02199999987,53276.55199999987,25290.844571428548,36198.3936666666,17756.320062119998,37570.68017346932,24190.622571428543
2019-08-13,33946.131999999874,13,1,33,8,3,2019,0,0,20774.66,13124.47,22328.28,19861.792857142853,35114.99726666661,9869.178167629927,37542.164010186694,24076.304714285685
2019-08-14,23459.75,14,2,33,8,3,2019,0,0,33946.131999999874,14737.05,22398.1,22836.31599999998,35502.25899999994,10610.11027703002,37536.069040677896,25276.6304285714
2019-08-15,39712.58199999988,15,3,33,8,3,2019,0,0,23459.75,8543.43,14858.26,24082.415999999976,35537.64733333327,9994.730647429757,37512.25124196271,27087.48628571425
2019-08-16,27364.791999999874,16,4,33,8,3,2019,0,0,39712.58199999988,35014.61,17194.19,28535.151999999962,36366.124733333265,8788.456845653853,37515.96801689183,27489.701428571385
2019-08-17,14038.47,17,5,33,8,3,2019,1,0,27364.791999999874,15391.3,7944.099999999999,27442.3208571428,36705.14479999993,8311.119555308274,37498.84967622253,27119.58142857138
2019-08-18,20022.85,18,6,33,8,3,2019,1,0,14038.47,31447.03,63713.23399999976,27249.05942857137,36908.29046666659,8646.99286668096,37459.35408754202,25703.007142857095
2019-08-19,41091.590000000004,19,0,34,8,3,2019,0,0,20022.85,20774.66,20534.7,25617.03371428565,35451.944333333275,8799.370281265883,37430.0490386554,25050.857142857098
2019-08-20,11524.02,20,1,34,8,3,2019,0,0,41091.590000000004,33946.131999999874,38566.84199999987,28519.452285714233,36137.17399999993,10178.560623400837,37436.192563758326,27740.476571428513
2019-08-21,31541.609999999997,21,2,34,8,3,2019,0,0,11524.02,23459.75,67076.06199999987,25316.29342857139,35235.74659999994,11613.159614518374,37392.788589614676,30319.083285714212
2019-08-22,33895.41199999987,22,3,34,8,3,2019,0,0,31541.609999999997,39712.58199999988,7205.21,26470.844857142813,34051.264866666614,11798.091281343648,37383.00401003338,31096.15171428565
2019-08-23,40645.62199999987,23,4,34,8,3,2019,0,0,33895.41199999987,27364.791999999874,23342.37,25639.820571428532,34940.938266666606,10879.002194224471,37377.18165275452,36662.89399999993
2019-08-24,10209.62,24,5,34,8,3,2019,1,0,40645.62199999987,14038.47,9625.97,27537.08199999996,35517.71333333327,12295.781634620053,37382.629053333265,39176.97828571421
2019-08-25,11614.99,25,6,34,8,3,2019,1,0,10209.62,20022.85,28092.841999999877,26990.103428571387,35537.16833333327,13057.89410388242,37337.4160599001,43073.58642857134
2019-08-26,11644.560000000001,26,0,35,8,3,2019,0,0,11614.99,41091.590000000004,49218.87,25788.980571428536,34987.906599999944,14146.873684947039,37294.68777740857,46788.73399999989
2019-08-27,71600.80399999976,27,1,35,8,3,2019,0,0,11644.560000000001,11524.02,49422.65,21582.26199999996,33735.42959999994,13183.472104309938,37252.150252072905,48527.871142857024
2019-08-28,59560.24399999975,28,2,35,8,3,2019,0,0,71600.80399999976,31541.609999999997,50072.76,30164.65971428564,34474.70139999993,22090.371501111316,37309.0188841059,48286.50914285702
2019-08-29,50591.54,29,3,35,8,3,2019,0,0,59560.24399999975,33895.41199999987,30176.69,34167.32171428561,34790.95086666659,24758.71005036462,37345.79776859498,51907.052999999854
2019-08-30,105299.18399999976,30,4,35,8,3,2019,0,0,50591.54,40645.62199999987,30615.59,36552.482857142764,35471.445866666596,25520.646529853893,37367.65542904284,51909.51928571415
2019-08-31,49235.65,31,5,35,8,3,2019,1,1,105299.18399999976,10209.62,4155.9,45788.70599999989,37960.89899999991,36560.49963229994,37479.56898517292,54008.27499999986
2019-09-01,74575.36399999975,1,6,35,9,3,2019,1,0,49235.65,11614.99,109518.67599999963,51363.853142857035,39463.55733333326,33036.48236639969,37498.90464473677,54617.978571428444
2019-09-02,93103.65599999964,2,0,36,9,3,2019,0,0,74575.36399999975,11644.560000000001,42371.94,60358.19228571415,38298.78026666658,28696.603055870528,37559.7855303776,56830.11571428558
2019-09-03,35871.94,3,1,36,9,3,2019,0,0,93103.65599999964,71600.80399999976,147206.10999999937,71995.2059999998,39989.83746666658,21182.842773369306,37650.841055737634,52856.29471428559
2019-09-04,28162.541999999874,4,2,36,9,3,2019,0,0,35871.94,59560.24399999975,58778.02199999987,66891.08257142841,36278.698466666596,25214.56995970848,37647.92959738128,49399.83871428562
2019-09-05,84583.02599999963,5,3,36,9,3,2019,0,0,28162.541999999874,50591.54,13124.47,62405.69657142843,35258.18246666659,29211.798635618863,37632.43059803915,48790.1029999999
2019-09-06,40680.15,6,4,36,9,3,2019,0,0,84583.02599999963,105299.18399999976,14737.05,67261.62314285696,37640.13433333325,29741.033837071733,37709.022107667144,44645.1079999999
2019-09-07,39592.2,7,5,36,9,3,2019,1,0,40680.15,49235.65,8543.43,58030.33257142841,38504.90433333325,25724.10076618044,37713.861078175825,43805.447285714195
2019-09-08,20150.84,8,6,36,9,3,2019,1,0,39592.2,74575.36399999975,35014.61,56652.69685714269,39539.863333333255,26519.51888525407,37716.91528780481,45124.478714285615
2019-09-09,42614.479999999996,9,0,37,9,3,2019,0,0,20150.84,93103.65599999964,15391.3,48877.764857142734,39044.40433333325,28307.024672053285,37688.39893181811,40316.616857142784
2019-09-10,15967.310000000001,10,1,37,9,3,2019,0,0,42614.479999999996,35871.94,31447.03,41665.02542857135,39951.84366666658,20521.77662092962,37696.38285575358,39216.63042857136
2019-09-11,11169.86,11,2,37,9,3,2019,0,0,15967.310000000001,28162.541999999874,20774.66,38821.506857142784,39435.85299999991,22719.571036438654,37661.222543689255,39735.955285714226
2019-09-12,42055.24,12,3,37,9,3,2019,0,0,11169.86,84583.02599999963,33946.131999999874,36393.9808571428,39115.69299999992,24855.661035936686,37618.42551211625,36961.57628571425
2019-09-13,47269.25399999975,13,4,37,9,3,2019,0,0,42055.24,40680.15,23459.75,30318.58285714285,39385.996599999926,13894.338598230988,37625.58166451606,36596.527857142806
2019-09-14,37480.4,14,5,37,9,3,2019,1,0,47269.25399999975,39592.2,39712.58199999988,31259.88342857139,40179.64673333325,14900.09352135467,37641.11092753617,35343.0171428571
2019-09-15,93041.80399999976,15,6,37,9,3,2019,1,0,37480.4,20150.84,27364.791999999874,30958.197714285674,40105.240666666585,14723.603209066374,37640.85254983916,35043.90999999995
2019-09-16,25793.59,16,0,38,9,3,2019,0,0,93041.80399999976,42614.479999999996,14038.47,41371.192571428495,42294.47439999992,26706.019621547977,37729.778635633964,33024.3521428571
2019-09-17,20472.13,17,1,38,9,3,2019,0,0,25793.59,15967.310000000001,20022.85,38968.208285714216,42686.31173333325,27325.093803012627,37710.65012820506,32680.097142857096
2019-09-18,35433.09,18,2,38,9,3,2019,0,0,20472.13,11169.86,41091.590000000004,39611.75399999992,42701.28773333325,26739.886064508904,37683.068495999934,34874.90357142852
2019-09-19,45741.72,19,3,38,9,3,2019,0,0,35433.09,42055.24,11524.02,43077.92971428564,42512.67106666658,23855.63637242096,37679.47428115009,33264.35285714281
2019-09-20,35569.47199999988,20,4,38,9,3,2019,0,0,45741.72,47269.25399999975,31541.609999999997,43604.569714285644,43653.26106666658,23869.983790688544,37692.33272727266,35851.60285714281
2019-09-21,22043.05,21,5,38,9,3,2019,1,0,35569.47199999988,37480.4,33895.41199999987,41933.17228571423,43787.52313333324,23979.973088047576,37688.952375796114,35247.66499999996
2019-09-22,15963.34,22,6,38,9,3,2019,1,0,22043.05,93041.80399999976,40645.62199999987,39727.83657142851,43392.44439999991,25139.54355208883,37664.078127185945,31008.81342857139
2019-09-23,14340.67,23,0,39,9,3,2019,0,0,15963.34,25793.59,10209.62,28716.627428571406,42569.70166666658,10532.687112419104,37629.63251111105,32654.57628571425
2019-09-24,11147.74,24,1,39,9,3,2019,0,0,14340.67,20472.13,11614.99,27080.49599999998,42707.40333333325,11867.395871792802,37592.724488114036,31192.28128571425
2019-09-25,41897.15,25,2,39,9,3,2019,0,0,11147.74,35433.09,11644.560000000001,25748.440285714263,42691.82833333325,13183.146527864774,37550.881158227785,28661.34628571425
2019-09-26,19507.53,26,3,39,9,3,2019,0,0,41897.15,45741.72,71600.80399999976,26671.877428571406,43700.24799999992,14164.458728928508,37557.74730173769,25394.08057142853
2019-09-27,83490.75399999975,27,4,39,9,3,2019,0,0,19507.53,35569.47199999988,59560.24399999975,22924.135999999977,41963.80553333326,11497.400895936606,37529.276927444735,22853.403999999973
2019-09-28,29025.269999999997,28,5,39,9,3,2019,1,0,83490.75399999975,22043.05,50591.54,29770.033428571387,42761.48919999993,25734.179205739427,37601.65720629915,21278.900428571396
2019-09-29,33697.881999999874,29,6,39,9,3,2019,1,0,29025.269999999997,15963.34,105299.18399999976,30767.49342857139,42042.613533333264,25519.181644587115,37588.17232075465,20138.66185714283
2019-09-30,48834.270000000004,30,0,40,9,3,2019,0,1,33697.881999999874,14340.67,49235.65,33300.99942857137,39655.90346666659,24670.716246646276,37582.06511459962,19114.328285714255
2019-10-01,0.0,1,1,40,10,4,2019,0,0,48834.270000000004,11147.74,74575.36399999975,38228.65657142852,39642.52413333326,23677.278872784445,37599.701799372975,18318.061142857114
2019-10-02,0.0,2,2,40,10,4,2019,0,0,0.0,41897.15,93103.65599999964,36636.122285714235,37156.6786666666,26057.571489770333,37540.86032550854,15325.407571428543
2019-10-03,0.0,3,3,40,10,4,2019,0,0,0.0,19507.53,35871.94,30650.815142857085,34053.22346666662,29262.438734180236,37482.202731249934,13932.012571428542
2019-10-04,0.0,4,4,40,10,4,2019,0,0,0.0,83490.75399999975,28162.541999999874,27864.02514285709,32857.49213333328,31354.633362146513,37423.728156006175,7968.387285714275
2019-10-05,0.0,5,5,40,10,4,2019,1,0,0.0,29025.269999999997,84583.02599999963,15936.77457142855,31918.740733333285,20756.26006015206,37365.435744548224,5895.153714285704
2019-10-06,0.0,6,6,40,10,4,2019,1,0,0.0,33697.881999999874,40680.15,11790.307428571408,29099.3065333333,20604.424010784744,37307.324646967274,3488.162142857141
2019-10-07,0.0,7,0,41,10,4,2019,0,0,0.0,48834.270000000004,39592.2,6976.324285714282,27743.3015333333,18457.619125340225,37249.39401863347,1495.2244285714175
2019-10-08,0.0,8,1,41,10,4,2019,0,0,0.0,0.0,20150.84,0.0,26423.5615333333,0.0,37191.643020154974,4485.673285714257
2019-10-09,0.0,9,2,41,10,4,2019,0,0,0.0,0.0,42614.479999999996,0.0,25751.866866666634,0.0,37134.0708173374,7331.897714285677
2019-10-10,0.0,10,3,41,10,4,2019,0,0,0.0,0.0,15967.310000000001,0.0,24331.384199999964,0.0,37076.67658114368,7331.897714285677
2019-10-11,0.0,11,4,41,10,4,2019,0,0,0.0,0.0,11169.86,0.0,23799.1405333333,0.0,37019.459487654254,7331.897714285677
2019-10-12,0.0,12,5,41,10,4,2019,1,0,0.0,0.0,42055.24,0.0,23426.811866666634,0.0,36962.41871802767,7331.897714285677
2019-10-13,0.0,13,6,41,10,4,2019,1,0,0.0,0.0,47269.25399999975,0.0,22024.9705333333,0.0,36905.55345846147,7331.897714285677
2019-10-14,20933.141999999876,14,0,42,10,4,2019,0,0,0.0,0.0,37480.4,0.0,20449.328733333306,0.0,36848.862900153545,8673.062714285677
2019-10-15,41866.28399999975,15,1,42,10,4,2019,0,0,20933.141999999876,0.0,93041.80399999976,2990.448857142835,19897.753466666636,7911.983984457014,36824.45228527601,10168.287142857096
2019-10-16,39847.141999999876,16,2,42,10,4,2019,0,0,41866.28399999975,0.0,25793.59,8971.346571428514,18191.90279999997,16470.108048765193,36832.173313935615,11663.511571428517
2019-10-17,0.0,17,3,42,10,4,2019,0,0,39847.141999999876,0.0,20472.13,14663.795428571353,18660.3545333333,19466.161327339312,36836.7833577981,11663.511571428517
2019-10-18,0.0,18,4,42,10,4,2019,0,0,0.0,0.0,35433.09,14663.795428571353,17977.950199999967,19466.161327339312,36780.543993893065,12060.444428571373
2019-10-19,0.0,19,5,42,10,4,2019,1,0,0.0,0.0,45741.72,14663.795428571353,16796.847199999967,19466.161327339312,36724.47609146335,12060.444428571373
2019-10-20,0.0,20,6,42,10,4,2019,1,0,0.0,0.0,35569.47199999988,14663.795428571353,15272.123199999965,19466.161327339312,36668.57886757985,13555.668857142793
2019-10-21,18776.31,21,0,43,10,4,2019,0,0,0.0,20933.141999999876,22043.05,14663.795428571353,14086.474133333304,19466.161327339312,36612.85154407289,12060.444428571373
2019-10-22,20933.141999999876,22,1,43,10,4,2019,0,0,18776.31,41866.28399999975,15963.34,14355.676571428514,13977.582799999971,19367.206518531286,36585.7854719271,9069.995571428533
2019-10-23,20933.141999999876,23,2,43,10,4,2019,0,0,20933.141999999876,39847.141999999876,14340.67,11365.227714285675,14143.242866666635,15675.682705990968,36562.06934545448,6223.771142857114
2019-10-24,0.0,24,3,43,10,4,2019,0,0,20933.141999999876,0.0,11147.74,8663.227714285675,14362.991933333296,10828.835611408294,36538.42497730704,6223.771142857114
2019-10-25,5557.06,25,4,43,10,4,2019,0,0,0.0,0.0,41897.15,8663.227714285675,13991.400599999963,10828.835611408296,36483.23098187304,7718.995571428533
2019-10-26,0.0,26,5,43,10,4,2019,1,0,5557.06,0.0,19507.53,9457.093428571388,12780.064266666628,10277.542574523852,36436.58517345393,9214.219999999954
2019-10-27,20933.141999999876,27,6,43,10,4,2019,1,0,0.0,0.0,83490.75399999975,9457.093428571388,12129.81326666663,10277.542574523852,36381.71079819271,10407.08928571424
2019-10-28,0.0,28,0,44,10,4,2019,0,0,20933.141999999876,18776.31,29025.269999999997,12447.542285714228,10044.5595333333,10111.304501675786,36358.47986766911,9065.92428571424
2019-10-29,0.0,29,1,44,10,4,2019,0,0,0.0,20933.141999999876,33697.881999999874,9765.212285714228,9077.0505333333,10629.790064755194,36303.88755555549,9065.92428571424
2019-10-30,0.0,30,2,44,10,4,2019,0,0,0.0,20933.141999999876,48834.270000000004,6774.763428571389,7953.787799999971,9882.575973534922,36249.458938530675,8536.913428571392
2019-10-31,0.0,31,3,44,10,4,2019,0,1,0.0,0.0,0.0,3784.3145714285497,6325.97879999997,7840.387877384747,36195.19328143707,8536.913428571392
2019-11-01,20933.141999999876,1,4,44,11,4,2019,0,0,0.0,5557.06,0.0,3784.3145714285497,6325.97879999997,7840.387877384747,36141.08985351265,10024.40842857139
2019-11-02,20933.141999999876,2,5,44,11,4,2019,1,0,20933.141999999876,0.0,0.0,5980.897714285675,7023.750199999966,10214.32740242077,36118.39142388053,10024.40842857139
2019-11-03,16700.17,3,6,44,11,4,2019,1,0,20933.141999999876,20933.141999999876,0.0,8971.346571428514,7721.521599999962,11189.23505609806,36095.76064977639,10024.40842857139
