,transaction_id,transaction_date,transaction_time,merchant,description,amount,currency,payment_method,transaction_type,category,city,state,country
0,TXN000001,2018-01-01,09:22:10,Credit Card Bill Payment,Auto Debit Credit Card Bill Payment,4361.84,INR,Auto Debit,Debit,Bills,Bengaluru,Karnataka,India
1,TXN000002,2018-01-01,12:33:23,Zepto,UPI/Paytm/Zepto,1226.03,INR,UPI,Debit,Groceries,Bengaluru,Karnataka,India
2,TXN000003,2018-01-01,20:17:30,Ace Hardware India,POS Purchase Ace Hardware India,523.73,INR,Credit Card,Debit,Miscellaneous,Bengaluru,Karnataka,India
3,TXN000004,2018-01-01,21:33:19,Zepto,UPI/DR/623175732898/Zepto,1290.29,INR,UPI,Debit,Groceries,Indore,Madhya Pradesh,India
4,TXN000005,2018-01-02,08:43:33,House Rent Payment,NEFT Rent Payment,44800.94,INR,NEFT,Debit,Rent,Pune,Maharashtra,India
5,TXN000006,2018-01-02,11:44:19,Credit Card Bill Payment,Net Banking Payment Credit Card Bill Payment,2761.36,INR,Net Banking,Debit,Bills,Bengaluru,Karnataka,India
6,TXN000007,2018-01-02,12:17:48,Swiggy,UPI/Paytm/Swiggy,268.49,INR,UPI,Debit,Food,Bengaluru,Karnataka,India
7,TXN000008,2018-01-02,12:27:57,McDonald's India,UPI/DR/200262210949/McDonald's India,306.84,INR,UPI,Debit,Food,Bengaluru,Karnataka,India
8,TXN000009,2018-01-02,20:06:32,BookMyShow,UPI Payment BookMyShow,323.91,INR,UPI,Debit,Entertainment,Surat,Gujarat,India
9,TXN000010,2018-01-02,21:08:00,Ajio,POS Purchase Ajio,491.31,INR,Credit Card,Debit,Shopping,Nagpur,Maharashtra,India
10,TXN000011,2018-01-02,22:13:02,Cafe Coffee Day,UPI/DR/400481269539/Cafe Coffee Day,144.85,INR,UPI,Debit,Food,Lucknow,Uttar Pradesh,India
11,TXN000012,2018-01-03,10:19:33,Credit Card Bill Payment,Net Banking Payment Credit Card Bill Payment,2801.01,INR,Net Banking,Debit,Bills,Ahmedabad,Gujarat,India
12,TXN000013,2018-01-03,11:33:04,BEST,Net Banking Payment BEST,5154.86,INR,Net Banking,Debit,Bills,Ahmedabad,Gujarat,India
13,TXN000014,2018-01-04,11:30:12,Ace Hardware India,Debit Card POS Ace Hardware India,524.73,INR,Debit Card,Debit,Miscellaneous,Surat,Gujarat,India
14,TXN000015,2018-01-04,13:56:06,Cafe Coffee Day,POS Purchase Cafe Coffee Day,332.16,INR,Credit Card,Debit,Food,Bengaluru,Karnataka,India
15,TXN000016,2018-01-04,15:40:25,HPCL,UPI/DR/194161559602/HPCL,2855.13,INR,UPI,Debit,Fuel,Nagpur,Maharashtra,India
16,TXN000017,2018-01-05,06:00:51,Airtel,UPI/DR/594882222524/Airtel,478.83,INR,UPI,Debit,Bills,Ahmedabad,Gujarat,India
17,TXN000018,2018-01-05,09:39:46,House Rent Payment,NEFT Rent Payment,42338.57,INR,NEFT,Debit,Rent,Bengaluru,Karnataka,India
18,TXN000019,2018-01-05,11:42:14,Indian Oil,UPI/DR/452043596566/Indian Oil,3363.4,INR,UPI,Debit,Fuel,Ahmedabad,Gujarat,India
19,TXN000020,2018-01-05,14:26:09,Cafe Coffee Day,UPI/DR/556151075645/Cafe Coffee Day,154.29,INR,UPI,Debit,Food,Chennai,Tamil Nadu,India
20,TXN000021,2018-01-06,08:09:59,Credit Card Bill Payment,Auto Debit Credit Card Bill Payment,4209.68,INR,Auto Debit,Debit,Bills,Indore,Madhya Pradesh,India
21,TXN000022,2018-01-07,11:17:28,Spotify,Auto Debit Spotify,153.74,INR,Auto Debit,Debit,Subscription,Chennai,Tamil Nadu,India
22,TXN000023,2018-01-07,14:08:47,McDonald's India,UPI/Paytm/McDonald's India,376.36,INR,UPI,Debit,Food,Surat,Gujarat,India
23,TXN000024,2018-01-08,10:49:00,Bharat Gas,UPI/DR/203003255767/Bharat Gas,763.99,INR,UPI,Debit,Bills,Bengaluru,Karnataka,India
24,TXN000025,2018-01-09,13:21:35,Myntra,Debit Card POS Myntra,1614.1,INR,Debit Card,Debit,Shopping,Pune,Maharashtra,India
25,TXN000026,2018-01-09,13:38:23,HPCL,UPI Payment HPCL,2943.71,INR,UPI,Debit,Fuel,Noida,Uttar Pradesh,India
26,TXN000027,2018-01-10,07:50:11,Credit Card Bill Payment,Auto Debit Credit Card Bill Payment,14999.79,INR,Auto Debit,Debit,Bills,Jaipur,Rajasthan,India
27,TXN000028,2018-01-10,08:29:11,Nykaa,UPI/Paytm/Nykaa,1269.56,INR,UPI,Debit,Shopping,Jaipur,Rajasthan,India
28,TXN000029,2018-01-10,11:24:56,Credit Card Bill Payment,Auto Debit Credit Card Bill Payment,2862.19,INR,Auto Debit,Debit,Bills,Bengaluru,Karnataka,India
29,TXN000030,2018-01-10,19:13:14,Ajio,POS Purchase Ajio,545.07,INR,Credit Card,Debit,Shopping,Chennai,Tamil Nadu,India
30,TXN000031,2018-01-11,11:22:38,Credit Card Bill Payment,Auto Debit Credit Card Bill Payment,4310.62,INR,Auto Debit,Debit,Bills,Bengaluru,Karnataka,India
31,TXN000032,2018-01-11,11:31:09,Bharat Gas,Auto Debit Bharat Gas,766.94,INR,Auto Debit,Debit,Bills,Bengaluru,Karnataka,India
32,TXN000033,2018-01-12,09:36:28,Employer Salary Credit,NEFT Salary Credit,46314.09,INR,NEFT,Credit,Salary,Jaipur,Rajasthan,India
33,TXN000034,2018-01-12,18:56:24,BPCL,UPI/Paytm/BPCL,2959.23,INR,UPI,Debit,Fuel,Bengaluru,Karnataka,India
34,TXN000035,2018-01-13,06:30:17,Municipal Water Department,Auto Debit Municipal Water Department,214.83,INR,Auto Debit,Debit,Bills,Hyderabad,Telangana,India
35,TXN000036,2018-01-13,08:04:52,Chaayos,POS Purchase Chaayos,138.51,INR,Credit Card,Debit,Food,Nagpur,Maharashtra,India
36,TXN000037,2018-01-13,21:20:04,EatClub,UPI/Paytm/EatClub,320.8,INR,UPI,Debit,Food,Hyderabad,Telangana,India
37,TXN000038,2018-01-14,06:42:04,Credit Card Bill Payment,Auto Debit Credit Card Bill Payment,4362.49,INR,Auto Debit,Debit,Bills,Surat,Gujarat,India
38,TXN000039,2018-01-15,10:59:29,Credit Card Bill Payment,Auto Debit Credit Card Bill Payment,14256.14,INR,Auto Debit,Debit,Bills,Bengaluru,Karnataka,India
39,TXN000040,2018-01-16,16:30:30,Blinkit,UPI Collect Blinkit,1365.12,INR,UPI,Debit,Groceries,Bengaluru,Karnataka,India
40,TXN000041,2018-01-17,06:55:28,BSNL,Auto Debit BSNL,630.2,INR,Auto Debit,Debit,Bills,Lucknow,Uttar Pradesh,India
41,TXN000042,2018-01-17,07:58:33,Bharat Gas,UPI/DR/858662013185/Bharat Gas,740.72,INR,UPI,Debit,Bills,Nagpur,Maharashtra,India
42,TXN000043,2018-01-17,10:51:30,Spotify,Auto Debit Spotify,152.69,INR,Auto Debit,Debit,Subscription,Nagpur,Maharashtra,India
43,TXN000044,2018-01-18,11:15:31,Bharat Gas,Auto Debit Bharat Gas,719.03,INR,Auto Debit,Debit,Bills,Bengaluru,Karnataka,India
44,TXN000045,2018-01-19,09:04:53,Credit Card Bill Payment,Auto Debit Credit Card Bill Payment,4425.22,INR,Auto Debit,Debit,Bills,Bengaluru,Karnataka,India
45,TXN000046,2018-01-19,09:16:21,Employer Salary Credit,NEFT Salary Credit,43239.03,INR,NEFT,Credit,Salary,Jaipur,Rajasthan,India
46,TXN000047,2018-01-19,09:51:41,Airtel,Auto Debit Airtel,486.59,INR,Auto Debit,Debit,Bills,Bengaluru,Karnataka,India
47,TXN000048,2018-01-20,06:07:32,Credit Card Bill Payment,Auto Debit Credit Card Bill Payment,15776.17,INR,Auto Debit,Debit,Bills,Mumbai,Maharashtra,India
48,TXN000049,2018-01-20,06:49:51,House Rent Payment,IMPS Transfer House Rent Payment,46734.63,INR,IMPS,Debit,Rent,Lucknow,Uttar Pradesh,India
49,TXN000050,2018-01-20,09:42:59,Airtel,UPI Collect Airtel,517.81,INR,UPI,Debit,Bills,Jaipur,Rajasthan,India
50,TXN000051,2018-01-20,10:38:32,Spotify,Auto Debit Spotify,162.04,INR,Auto Debit,Debit,Subscription,Delhi,Delhi,India
51,TXN000052,2018-01-20,13:28:51,Ace Hardware India,Debit Card POS Ace Hardware India,520.99,INR,Debit Card,Debit,Miscellaneous,Hyderabad,Telangana,India
52,TXN000053,2018-01-21,07:02:52,HP Gas,UPI Payment HP Gas,716.67,INR,UPI,Debit,Bills,Surat,Gujarat,India
53,TXN000054,2018-01-21,09:53:42,Home Depot India,POS Purchase Home Depot India,506.48,INR,Debit Card,Debit,Miscellaneous,Delhi,Delhi,India
54,TXN000055,2018-01-21,13:05:51,Local Hardware Store,UPI Payment Local Hardware Store,530.22,INR,UPI,Debit,Miscellaneous,Bengaluru,Karnataka,India
55,TXN000056,2018-01-22,12:17:22,Domino's India,UPI/DR/900595246665/Domino's India,327.31,INR,UPI,Debit,Food,Surat,Gujarat,India
56,TXN000057,2018-01-22,14:25:09,Burger King,Debit Card POS Burger King,675.94,INR,Debit Card,Debit,Food,Ahmedabad,Gujarat,India
57,TXN000058,2018-01-22,14:50:07,Burger King,UPI/Paytm/Burger King,339.7,INR,UPI,Debit,Food,Bengaluru,Karnataka,India
58,TXN000059,2018-01-23,08:24:21,Cafe Coffee Day,UPI Collect Cafe Coffee Day,624.65,INR,UPI,Debit,Food,Bengaluru,Karnataka,India
59,TXN000060,2018-01-23,13:07:10,EatClub,UPI Collect EatClub,324.49,INR,UPI,Debit,Food,Bengaluru,Karnataka,India
60,TXN000061,2018-01-23,22:56:56,Cafe Coffee Day,POS Purchase Cafe Coffee Day,649.89,INR,Credit Card,Debit,Food,Bengaluru,Karnataka,India
61,TXN000062,2018-01-24,08:57:29,Airtel,Auto Debit Airtel,590.54,INR,Auto Debit,Debit,Bills,Bengaluru,Karnataka,India
62,TXN000063,2018-01-24,14:47:16,Blinkit,UPI Payment Blinkit,1295.04,INR,UPI,Debit,Groceries,Bengaluru,Karnataka,India
63,TXN000064,2018-01-24,21:14:12,BigBasket,Debit Card POS BigBasket,1285.81,INR,Debit Card,Debit,Groceries,Mumbai,Maharashtra,India
64,TXN000065,2018-01-25,11:30:56,Ace Hardware India,POS Purchase Ace Hardware India,525.95,INR,Credit Card,Debit,Miscellaneous,Kochi,Kerala,India
65,TXN000066,2018-01-26,06:47:59,Adani Electricity,Electricity Bill Adani Electricity,5504.99,INR,Auto Debit,Debit,Bills,Indore,Madhya Pradesh,India
66,TXN000067,2018-01-26,20:06:56,Amazon Prime,POS Purchase Amazon Prime,313.18,INR,Debit Card,Debit,Entertainment,Kolkata,West Bengal,India
67,TXN000068,2018-01-27,14:55:32,Amazon India,UPI Collect Amazon India,1538.01,INR,UPI,Debit,Shopping,Bengaluru,Karnataka,India
68,TXN000069,2018-01-28,20:55:43,Indian Oil,UPI Payment Indian Oil,2846.64,INR,UPI,Debit,Fuel,Mumbai,Maharashtra,India
69,TXN000070,2018-01-28,21:05:10,Faasos,UPI Payment Faasos,383.34,INR,UPI,Debit,Food,Bengaluru,Karnataka,India
70,TXN000071,2018-01-29,08:46:28,Credit Card Bill Payment,Auto Debit Credit Card Bill Payment,4438.24,INR,Auto Debit,Debit,Bills,Bengaluru,Karnataka,India
71,TXN000072,2018-01-29,10:26:52,BSNL,UPI/Paytm/BSNL,646.11,INR,UPI,Debit,Bills,Bengaluru,Karnataka,India
72,TXN000073,2018-01-29,12:13:22,Flipkart,UPI/Paytm/Flipkart,495.96,INR,UPI,Debit,Shopping,Jaipur,Rajasthan,India
73,TXN000074,2018-01-29,12:27:10,Amazon India,POS Purchase Amazon India,1522.08,INR,Credit Card,Debit,Shopping,Surat,Gujarat,India
74,TXN000075,2018-01-29,12:29:14,McDonald's India,UPI/DR/349814531370/McDonald's India,338.88,INR,UPI,Debit,Food,Indore,Madhya Pradesh,India
75,TXN000076,2018-01-29,12:52:27,Faasos,UPI Collect Faasos,408.98,INR,UPI,Debit,Food,Nagpur,Maharashtra,India
76,TXN000077,2018-01-29,13:53:28,Domino's India,POS Purchase Domino's India,674.01,INR,Credit Card,Debit,Food,Noida,Uttar Pradesh,India
77,TXN000078,2018-01-29,17:53:00,Local Hardware Store,UPI Payment Local Hardware Store,504.17,INR,UPI,Debit,Miscellaneous,Nagpur,Maharashtra,India
78,TXN000079,2018-01-29,19:46:40,Myntra,UPI/Paytm/Myntra,1327.84,INR,UPI,Debit,Shopping,Surat,Gujarat,India
79,TXN000080,2018-01-29,22:04:28,Amazon Prime,UPI Collect Amazon Prime,297.72,INR,UPI,Debit,Entertainment,Bengaluru,Karnataka,India
80,TXN000081,2018-01-30,14:40:19,Zomato,UPI/Paytm/Zomato,645.12,INR,UPI,Debit,Food,Delhi,Delhi,India
81,TXN000082,2018-01-31,08:30:44,Credit Card Bill Payment,Net Banking Payment Credit Card Bill Payment,2794.01,INR,Net Banking,Debit,Bills,Bengaluru,Karnataka,India
82,TXN000083,2018-01-31,09:46:10,Ace Hardware India,UPI/Paytm/Ace Hardware India,479.36,INR,UPI,Debit,Miscellaneous,Kochi,Kerala,India
83,TXN000084,2018-02-01,08:41:12,Adani Electricity,Electricity Bill Adani Electricity,5361.8,INR,Auto Debit,Debit,Bills,Indore,Madhya Pradesh,India
84,TXN000085,2018-02-01,08:48:21,Credit Card Bill Payment,Auto Debit Credit Card Bill Payment,1944.21,INR,Auto Debit,Debit,Bills,Bengaluru,Karnataka,India
85,TXN000086,2018-02-01,09:34:19,BigBasket,Debit Card POS BigBasket,895.88,INR,Debit Card,Debit,Groceries,Pune,Maharashtra,India
86,TXN000087,2018-02-01,10:09:26,Jio,Auto Debit Jio,647.96,INR,Auto Debit,Debit,Bills,Kolkata,West Bengal,India
87,TXN000088,2018-02-02,00:33:41,Employer Salary Credit,NEFT Salary Credit,46027.55,INR,NEFT,Credit,Salary,Ahmedabad,Gujarat,India
88,TXN000089,2018-02-02,08:47:36,Adani Electricity,Electricity Bill Adani Electricity,4954.67,INR,Auto Debit,Debit,Bills,Chennai,Tamil Nadu,India
89,TXN000090,2018-02-02,09:00:30,Swiggy,POS Purchase Swiggy,213.06,INR,Debit Card,Debit,Food,Delhi,Delhi,India
90,TXN000091,2018-02-02,10:09:59,Jio,Net Banking Payment Jio,626.7,INR,Net Banking,Debit,Bills,Kochi,Kerala,India
91,TXN000092,2018-02-02,11:26:28,Credit Card Bill Payment,Net Banking Payment Credit Card Bill Payment,1740.69,INR,Net Banking,Debit,Bills,Ahmedabad,Gujarat,India
92,TXN000093,2018-02-02,14:14:07,Barbeque Nation,POS Purchase Barbeque Nation,205.29,INR,Credit Card,Debit,Food,Chennai,Tamil Nadu,India
93,TXN000094,2018-02-02,21:17:43,Starbucks India,UPI/DR/662544181990/Starbucks India,169.79,INR,UPI,Debit,Food,Bengaluru,Karnataka,India
94,TXN000095,2018-02-03,07:21:12,House Rent Payment,IMPS Transfer House Rent Payment,46992.92,INR,IMPS,Debit,Rent,Kochi,Kerala,India
95,TXN000096,2018-02-03,12:47:33,Starbucks India,UPI Collect Starbucks India,168.54,INR,UPI,Debit,Food,Mumbai,Maharashtra,India
96,TXN000097,2018-02-03,14:15:46,Local Wine & Beer Shop,UPI/Paytm/Local Wine & Beer Shop,940.6,INR,UPI,Debit,Food,Lucknow,Uttar Pradesh,India
97,TXN000098,2018-02-03,15:59:59,Nature's Basket,UPI Payment Nature's Basket,950.12,INR,UPI,Debit,Groceries,Mumbai,Maharashtra,India
98,TXN000099,2018-02-04,06:53:42,Credit Card Bill Payment,Auto Debit Credit Card Bill Payment,5742.74,INR,Auto Debit,Debit,Bills,Hyderabad,Telangana,India
99,TXN000100,2018-02-04,07:45:00,Credit Card Bill Payment,Auto Debit Credit Card Bill Payment,1804.15,INR,Auto Debit,Debit,Bills,Delhi,Delhi,India
100,TXN000101,2018-02-04,08:05:17,Netflix,UPI/DR/391923884043/Netflix,311.82,INR,UPI,Debit,Entertainment,Indore,Madhya Pradesh,India
101,TXN000102,2018-02-04,12:09:09,Reliance Fresh,UPI/DR/976745072963/Reliance Fresh,1148.99,INR,UPI,Debit,Groceries,Jaipur,Rajasthan,India
102,TXN000103,2018-02-05,19:16:41,Starbucks India,UPI Collect Starbucks India,165.66,INR,UPI,Debit,Food,Kochi,Kerala,India
103,TXN000104,2018-02-06,09:26:21,Credit Card Bill Payment,Net Banking Payment Credit Card Bill Payment,1818.08,INR,Net Banking,Debit,Bills,Bengaluru,Karnataka,India
104,TXN000105,2018-02-06,09:28:57,Airtel,UPI Collect Airtel,616.18,INR,UPI,Debit,Bills,Indore,Madhya Pradesh,India
105,TXN000106,2018-02-06,13:15:09,Faasos,UPI Collect Faasos,208.37,INR,UPI,Debit,Food,Bengaluru,Karnataka,India
106,TXN000107,2018-02-06,19:35:05,Burger King,UPI Collect Burger King,178.25,INR,UPI,Debit,Food,Kochi,Kerala,India
107,TXN000108,2018-02-07,06:50:31,Bharat Gas,Auto Debit Bharat Gas,1138.47,INR,Auto Debit,Debit,Bills,Bengaluru,Karnataka,India
108,TXN000109,2018-02-07,06:51:18,Jio Fiber,UPI/DR/293822729412/Jio Fiber,1260.98,INR,UPI,Debit,Bills,Bengaluru,Karnataka,India
109,TXN000110,2018-02-07,12:02:38,Myntra,UPI/Paytm/Myntra,518.04,INR,UPI,Debit,Shopping,Bengaluru,Karnataka,India
110,TXN000111,2018-02-08,08:26:45,Local Barbershop,UPI Collect Local Barbershop,1501.5,INR,UPI,Debit,Miscellaneous,Delhi,Delhi,India
111,TXN000112,2018-02-08,14:25:41,Indian Oil,UPI Payment Indian Oil,3640.36,INR,UPI,Debit,Fuel,Kolkata,West Bengal,India
112,TXN000113,2018-02-09,08:04:25,Credit Card Bill Payment,Auto Debit Credit Card Bill Payment,1804.35,INR,Auto Debit,Debit,Bills,Kochi,Kerala,India
113,TXN000114,2018-02-09,09:18:42,Tata Power,Electricity Bill Tata Power,5319.18,INR,Auto Debit,Debit,Bills,Bengaluru,Karnataka,India
114,TXN000115,2018-02-09,19:16:47,Domino's India,UPI Collect Domino's India,330.9,INR,UPI,Debit,Food,Surat,Gujarat,India
115,TXN000116,2018-02-10,08:39:40,Local Wine & Beer Shop,POS Purchase Local Wine & Beer Shop,979.73,INR,Credit Card,Debit,Food,Kolkata,West Bengal,India
116,TXN000117,2018-02-10,08:47:47,Credit Card Bill Payment,Auto Debit Credit Card Bill Payment,1784.99,INR,Auto Debit,Debit,Bills,Chennai,Tamil Nadu,India
117,TXN000118,2018-02-11,10:02:16,Spotify,Auto Debit Spotify,156.6,INR,Auto Debit,Debit,Subscription,Nagpur,Maharashtra,India
118,TXN000119,2018-02-11,19:29:23,EatClub,POS Purchase EatClub,314.87,INR,Debit Card,Debit,Food,Chennai,Tamil Nadu,India
119,TXN000120,2018-02-12,19:57:30,Netflix,UPI/DR/626434801063/Netflix,301.82,INR,UPI,Debit,Entertainment,Ahmedabad,Gujarat,India
120,TXN000121,2018-02-13,07:00:27,Municipal Water Department,Auto Debit Municipal Water Department,226.88,INR,Auto Debit,Debit,Bills,Kolkata,West Bengal,India
121,TXN000122,2018-02-13,11:15:19,Credit Card Bill Payment,Auto Debit Credit Card Bill Payment,1950.44,INR,Auto Debit,Debit,Bills,Pune,Maharashtra,India
122,TXN000123,2018-02-13,14:15:32,Faasos,UPI/Paytm/Faasos,621.07,INR,UPI,Debit,Food,Bengaluru,Karnataka,India
123,TXN000124,2018-02-14,06:50:25,BEST,Electricity Bill BEST,5087.95,INR,Auto Debit,Debit,Bills,Bengaluru,Karnataka,India
124,TXN000125,2018-02-14,18:23:11,Amazon India,POS Purchase Amazon India,506.73,INR,Credit Card,Debit,Shopping,Bengaluru,Karnataka,India
125,TXN000126,2018-02-14,21:39:57,EatClub,UPI/Paytm/EatClub,994.63,INR,UPI,Debit,Food,Chennai,Tamil Nadu,India
126,TXN000127,2018-02-15,14:49:49,Cafe Coffee Day,POS Purchase Cafe Coffee Day,315.98,INR,Credit Card,Debit,Food,Hyderabad,Telangana,India
127,TXN000128,2018-02-15,20:08:35,Domino's India,POS Purchase Domino's India,186.32,INR,Credit Card,Debit,Food,Bengaluru,Karnataka,India
128,TXN000129,2018-02-15,20:50:16,Swiggy,UPI Payment Swiggy,303.22,INR,UPI,Debit,Food,Ahmedabad,Gujarat,India
129,TXN000130,2018-02-15,21:54:24,The Beer Cafe,POS Purchase The Beer Cafe,881.02,INR,Debit Card,Debit,Food,Lucknow,Uttar Pradesh,India
130,TXN000131,2018-02-16,09:48:38,Employer Salary Credit,NEFT Salary Credit,47492.08,INR,NEFT,Credit,Salary,Surat,Gujarat,India
131,TXN000132,2018-02-16,12:00:51,Barbeque Nation,UPI Collect Barbeque Nation,195.76,INR,UPI,Debit,Food,Nagpur,Maharashtra,India
132,TXN000133,2018-02-16,22:43:41,Lakme Salon,UPI Payment Lakme Salon,1448.66,INR,UPI,Debit,Miscellaneous,Lucknow,Uttar Pradesh,India
133,TXN000134,2018-02-17,08:12:49,Credit Card Bill Payment,Auto Debit Credit Card Bill Payment,1837.5,INR,Auto Debit,Debit,Bills,Hyderabad,Telangana,India
134,TXN000135,2018-02-17,11:24:17,HPCL,UPI Collect HPCL,3443.57,INR,UPI,Debit,Fuel,Bengaluru,Karnataka,India
135,TXN000136,2018-02-17,11:29:02,House Rent Payment,NEFT Rent Payment,46175.24,INR,NEFT,Debit,Rent,Delhi,Delhi,India
136,TXN000137,2018-02-17,18:12:24,Blinkit,UPI Collect Blinkit,921.26,INR,UPI,Debit,Groceries,Indore,Madhya Pradesh,India
137,TXN000138,2018-02-17,19:27:44,BigBasket,POS Purchase BigBasket,949.38,INR,Debit Card,Debit,Groceries,Delhi,Delhi,India
138,TXN000139,2018-02-17,21:17:24,Third Wave Coffee,UPI/Paytm/Third Wave Coffee,118.22,INR,UPI,Debit,Food,Bengaluru,Karnataka,India
139,TXN000140,2018-02-18,07:28:58,Credit Card Bill Payment,Auto Debit Credit Card Bill Payment,1798.21,INR,Auto Debit,Debit,Bills,Pune,Maharashtra,India
140,TXN000141,2018-02-18,10:13:46,Credit Card Bill Payment,Auto Debit Credit Card Bill Payment,1867.33,INR,Auto Debit,Debit,Bills,Kochi,Kerala,India
141,TXN000142,2018-02-18,11:25:07,Credit Card Bill Payment,Auto Debit Credit Card Bill Payment,1911.32,INR,Auto Debit,Debit,Bills,Kochi,Kerala,India
142,TXN000143,2018-02-19,13:08:43,Indian Oil,UPI/Paytm/Indian Oil,2958.98,INR,UPI,Debit,Fuel,Noida,Uttar Pradesh,India
143,TXN000144,2018-02-20,19:13:02,Zomato,UPI Collect Zomato,800.13,INR,UPI,Debit,Food,Bengaluru,Karnataka,India
144,TXN000145,2018-02-21,07:04:13,Credit Card Bill Payment,Net Banking Payment Credit Card Bill Payment,1933.82,INR,Net Banking,Debit,Bills,Bengaluru,Karnataka,India
145,TXN000146,2018-02-21,07:15:17,Credit Card Bill Payment,Auto Debit Credit Card Bill Payment,1912.07,INR,Auto Debit,Debit,Bills,Bengaluru,Karnataka,India
146,TXN000147,2018-02-21,08:31:03,Credit Card Bill Payment,Net Banking Payment Credit Card Bill Payment,1854.11,INR,Net Banking,Debit,Bills,Lucknow,Uttar Pradesh,India
147,TXN000148,2018-02-21,10:05:41,Bharat Gas,Auto Debit Bharat Gas,1185.37,INR,Auto Debit,Debit,Bills,Mumbai,Maharashtra,India
148,TXN000149,2018-02-21,21:56:15,Naturals Salon,Debit Card POS Naturals Salon,1580.72,INR,Debit Card,Debit,Miscellaneous,Pune,Maharashtra,India
149,TXN000150,2018-02-22,09:49:53,Cafe Coffee Day,Debit Card POS Cafe Coffee Day,196.41,INR,Debit Card,Debit,Food,Ahmedabad,Gujarat,India
150,TXN000151,2018-02-22,09:59:23,Airtel,Auto Debit Airtel,1403.43,INR,Auto Debit,Debit,Bills,Bengaluru,Karnataka,India
151,TXN000152,2018-02-23,08:45:26,Airtel,Auto Debit Airtel,1254.24,INR,Auto Debit,Debit,Bills,Noida,Uttar Pradesh,India
152,TXN000153,2018-02-23,20:57:51,Indian Oil,UPI Payment Indian Oil,3175.63,INR,UPI,Debit,Fuel,Bengaluru,Karnataka,India
153,TXN000154,2018-02-24,09:01:52,Domino's India,UPI/Paytm/Domino's India,184.23,INR,UPI,Debit,Food,Surat,Gujarat,India
154,TXN000155,2018-02-24,09:53:23,House Rent Payment,NEFT Rent Payment,43912.33,INR,NEFT,Debit,Rent,Bengaluru,Karnataka,India
155,TXN000156,2018-02-24,11:44:20,Spotify,Auto Debit Spotify,153.2,INR,Auto Debit,Debit,Subscription,Bengaluru,Karnataka,India
156,TXN000157,2018-02-25,08:54:03,Credit Card Bill Payment,Auto Debit Credit Card Bill Payment,1870.76,INR,Auto Debit,Debit,Bills,Indore,Madhya Pradesh,India
157,TXN000158,2018-02-25,12:15:26,Cafe Coffee Day,UPI/DR/645141062499/Cafe Coffee Day,324.62,INR,UPI,Debit,Food,Bengaluru,Karnataka,India
158,TXN000159,2018-02-26,09:56:01,Credit Card Bill Payment,Auto Debit Credit Card Bill Payment,1900.74,INR,Auto Debit,Debit,Bills,Noida,Uttar Pradesh,India
159,TXN000160,2018-02-26,13:56:01,Burger King,UPI Payment Burger King,177.5,INR,UPI,Debit,Food,Kochi,Kerala,India
160,TXN000161,2018-02-27,06:25:36,Tata Power,Electricity Bill Tata Power,5404.62,INR,Auto Debit,Debit,Bills,Lucknow,Uttar Pradesh,India
161,TXN000162,2018-02-27,13:59:04,Zomato,UPI Collect Zomato,960.06,INR,UPI,Debit,Food,Lucknow,Uttar Pradesh,India
162,TXN000163,2018-02-27,22:17:56,Chaayos,UPI/DR/728400443133/Chaayos,120.79,INR,UPI,Debit,Food,Jaipur,Rajasthan,India
163,TXN000164,2018-02-28,10:04:23,Credit Card Bill Payment,Auto Debit Credit Card Bill Payment,1921.76,INR,Auto Debit,Debit,Bills,Mumbai,Maharashtra,India
164,TXN000165,2018-02-28,21:55:01,HPCL,ATM Cash Withdrawal,3638.47,INR,Cash Withdrawal,Debit,Fuel,Bengaluru,Karnataka,India
165,TXN000166,2018-03-01,06:39:46,Credit Card Bill Payment,Net Banking Payment Credit Card Bill Payment,5873.21,INR,Net Banking,Debit,Bills,Indore,Madhya Pradesh,India
166,TXN000167,2018-03-01,09:00:36,Nature's Basket,Debit Card POS Nature's Basket,522.85,INR,Debit Card,Debit,Groceries,Bengaluru,Karnataka,India
167,TXN000168,2018-03-01,09:03:34,BigBasket,UPI/DR/420705911656/BigBasket,793.5,INR,UPI,Debit,Groceries,Bengaluru,Karnataka,India
168,TXN000169,2018-03-01,21:26:01,DMart,Debit Card POS DMart,1029.01,INR,Debit Card,Debit,Groceries,Kolkata,West Bengal,India
169,TXN000170,2018-03-02,01:21:05,Employer Salary Credit,NEFT Salary Credit,44709.1,INR,NEFT,Credit,Salary,Bengaluru,Karnataka,India
170,TXN000171,2018-03-02,08:04:26,Domino's India,UPI Payment Domino's India,445.18,INR,UPI,Debit,Food,Kolkata,West Bengal,India
171,TXN000172,2018-03-02,11:08:05,Credit Card Bill Payment,Net Banking Payment Credit Card Bill Payment,5508.79,INR,Net Banking,Debit,Bills,Kochi,Kerala,India
172,TXN000173,2018-03-02,19:52:35,DMart,POS Purchase DMart,834.36,INR,Credit Card,Debit,Groceries,Bengaluru,Karnataka,India
173,TXN000174,2018-03-03,10:52:18,BSNL,Net Banking Payment BSNL,1314.17,INR,Net Banking,Debit,Bills,Hyderabad,Telangana,India
174,TXN000175,2018-03-03,16:14:11,DMart,UPI/DR/253989877226/DMart,481.0,INR,UPI,Debit,Groceries,Indore,Madhya Pradesh,India
175,TXN000176,2018-03-04,06:08:22,Credit Card Bill Payment,Auto Debit Credit Card Bill Payment,5928.55,INR,Auto Debit,Debit,Bills,Surat,Gujarat,India
176,TXN000177,2018-03-04,09:17:13,Burger King,UPI Payment Burger King,449.62,INR,UPI,Debit,Food,Chennai,Tamil Nadu,India
177,TXN000178,2018-03-04,11:06:50,Zepto,UPI/Paytm/Zepto,748.9,INR,UPI,Debit,Groceries,Delhi,Delhi,India
178,TXN000179,2018-03-04,13:19:47,McDonald's India,UPI Payment McDonald's India,451.84,INR,UPI,Debit,Food,Pune,Maharashtra,India
179,TXN000180,2018-03-04,19:40:03,Cafe Coffee Day,Debit Card POS Cafe Coffee Day,425.27,INR,Debit Card,Debit,Food,Bengaluru,Karnataka,India
180,TXN000181,2018-03-05,09:31:35,Municipal Water Department,Auto Debit Municipal Water Department,223.94,INR,Auto Debit,Debit,Bills,Bengaluru,Karnataka,India
181,TXN000182,2018-03-05,10:38:48,Spotify,Auto Debit Spotify,167.2,INR,Auto Debit,Debit,Subscription,Lucknow,Uttar Pradesh,India
182,TXN000183,2018-03-05,12:50:19,Swiggy,UPI Collect Swiggy,323.83,INR,UPI,Debit,Food,Bengaluru,Karnataka,India
183,TXN000184,2018-03-05,13:46:52,Third Wave Coffee,UPI/Paytm/Third Wave Coffee,148.04,INR,UPI,Debit,Food,Pune,Maharashtra,India
184,TXN000185,2018-03-05,19:50:17,Blinkit,UPI Payment Blinkit,588.34,INR,UPI,Debit,Groceries,Jaipur,Rajasthan,India
185,TXN000186,2018-03-06,08:00:39,Third Wave Coffee,UPI Payment Third Wave Coffee,150.52,INR,UPI,Debit,Food,Bengaluru,Karnataka,India
186,TXN000187,2018-03-06,09:37:22,House Rent Payment,IMPS Transfer House Rent Payment,44629.34,INR,IMPS,Debit,Rent,Chennai,Tamil Nadu,India
187,TXN000188,2018-03-06,10:57:44,Municipal Water Department,UPI/DR/687816574852/Municipal Water Department,220.77,INR,UPI,Debit,Bills,Bengaluru,Karnataka,India
188,TXN000189,2018-03-06,12:00:03,Social,UPI/Paytm/Social,1291.75,INR,UPI,Debit,Food,Bengaluru,Karnataka,India
189,TXN000190,2018-03-06,13:33:22,Domino's India,UPI/DR/842407337491/Domino's India,461.61,INR,UPI,Debit,Food,Mumbai,Maharashtra,India
190,TXN000191,2018-03-06,21:28:44,Cafe Coffee Day,Debit Card POS Cafe Coffee Day,262.5,INR,Debit Card,Debit,Food,Chennai,Tamil Nadu,India
191,TXN000192,2018-03-06,22:10:59,Starbucks India,UPI/DR/148911994093/Starbucks India,151.45,INR,UPI,Debit,Food,Bengaluru,Karnataka,India
192,TXN000193,2018-03-07,07:56:31,Credit Card Bill Payment,Net Banking Payment Credit Card Bill Payment,5483.01,INR,Net Banking,Debit,Bills,Pune,Maharashtra,India
193,TXN000194,2018-03-07,08:25:33,Third Wave Coffee,UPI/Paytm/Third Wave Coffee,143.33,INR,UPI,Debit,Food,Bengaluru,Karnataka,India
194,TXN000195,2018-03-08,09:48:39,Credit Card Bill Payment,Auto Debit Credit Card Bill Payment,4628.44,INR,Auto Debit,Debit,Bills,Bengaluru,Karnataka,India
195,TXN000196,2018-03-08,20:12:10,BigBasket,UPI Collect BigBasket,582.43,INR,UPI,Debit,Groceries,Kochi,Kerala,India
196,TXN000197,2018-03-08,20:24:42,Third Wave Coffee,UPI Collect Third Wave Coffee,163.66,INR,UPI,Debit,Food,Nagpur,Maharashtra,India
197,TXN000198,2018-03-09,09:49:33,Indian Oil,POS Purchase Indian Oil,3283.62,INR,Debit Card,Debit,Fuel,Kochi,Kerala,India
198,TXN000199,2018-03-09,15:23:36,Zepto,POS Purchase Zepto,1040.75,INR,Debit Card,Debit,Groceries,Bengaluru,Karnataka,India
199,TXN000200,2018-03-09,20:00:47,Barbeque Nation,UPI/Paytm/Barbeque Nation,453.51,INR,UPI,Debit,Food,Bengaluru,Karnataka,India
200,TXN000201,2018-03-10,10:19:40,Nature's Basket,UPI/DR/974534906192/Nature's Basket,708.95,INR,UPI,Debit,Groceries,Bengaluru,Karnataka,India
201,TXN000202,2018-03-10,20:35:41,Ajio,POS Purchase Ajio,1507.48,INR,Debit Card,Debit,Shopping,Jaipur,Rajasthan,India
202,TXN000203,2018-03-11,09:44:36,Tata Power,Electricity Bill Tata Power,5532.28,INR,Auto Debit,Debit,Bills,Bengaluru,Karnataka,India
203,TXN000204,2018-03-11,13:02:12,BPCL,POS Purchase BPCL,3312.7,INR,Debit Card,Debit,Fuel,Surat,Gujarat,India
204,TXN000205,2018-03-11,18:15:24,BigBasket,POS Purchase BigBasket,533.4,INR,Credit Card,Debit,Groceries,Surat,Gujarat,India
205,TXN000206,2018-03-11,20:59:44,Zepto,UPI Collect Zepto,665.45,INR,UPI,Debit,Groceries,Kolkata,West Bengal,India
206,TXN000207,2018-03-11,22:09:55,Zomato,UPI Payment Zomato,185.72,INR,UPI,Debit,Food,Bengaluru,Karnataka,India
207,TXN000208,2018-03-12,06:51:28,Credit Card Bill Payment,Auto Debit Credit Card Bill Payment,4608.84,INR,Auto Debit,Debit,Bills,Pune,Maharashtra,India
208,TXN000209,2018-03-12,07:13:57,Municipal Water Department,UPI Payment Municipal Water Department,218.82,INR,UPI,Debit,Bills,Bengaluru,Karnataka,India
209,TXN000210,2018-03-12,09:45:03,BSNL,UPI/Paytm/BSNL,1340.46,INR,UPI,Debit,Bills,Noida,Uttar Pradesh,India
210,TXN000211,2018-03-12,12:15:20,McDonald's India,POS Purchase McDonald's India,330.51,INR,Debit Card,Debit,Food,Bengaluru,Karnataka,India
211,TXN000212,2018-03-12,14:10:20,Burger King,UPI Collect Burger King,288.3,INR,UPI,Debit,Food,Chennai,Tamil Nadu,India
212,TXN000213,2018-03-12,17:14:26,DMart,UPI Collect DMart,833.29,INR,UPI,Debit,Groceries,Nagpur,Maharashtra,India
213,TXN000214,2018-03-12,18:53:30,Nature's Basket,UPI/Paytm/Nature's Basket,589.21,INR,UPI,Debit,Groceries,Jaipur,Rajasthan,India
214,TXN000215,2018-03-13,11:14:29,Spotify,Auto Debit Spotify,167.16,INR,Auto Debit,Debit,Subscription,Bengaluru,Karnataka,India
215,TXN000216,2018-03-13,12:16:54,Burger King,UPI Payment Burger King,201.62,INR,UPI,Debit,Food,Indore,Madhya Pradesh,India
216,TXN000217,2018-03-13,20:44:14,Barbeque Nation,UPI Collect Barbeque Nation,405.17,INR,UPI,Debit,Food,Nagpur,Maharashtra,India
217,TXN000218,2018-03-13,21:58:06,McDonald's India,POS Purchase McDonald's India,457.13,INR,Debit Card,Debit,Food,Kochi,Kerala,India
218,TXN000219,2018-03-14,13:01:22,DMart,UPI Collect DMart,1050.66,INR,UPI,Debit,Groceries,Bengaluru,Karnataka,India
219,TXN000220,2018-03-14,18:11:30,Meesho,UPI/DR/873634608133/Meesho,598.72,INR,UPI,Debit,Shopping,Mumbai,Maharashtra,India
220,TXN000221,2018-03-15,07:44:31,Municipal Water Department,Auto Debit Municipal Water Department,226.65,INR,Auto Debit,Debit,Bills,Ahmedabad,Gujarat,India
221,TXN000222,2018-03-15,13:32:12,Faasos,UPI Collect Faasos,257.67,INR,UPI,Debit,Food,Bengaluru,Karnataka,India
222,TXN000223,2018-03-15,20:20:16,EatClub,POS Purchase EatClub,444.09,INR,Debit Card,Debit,Food,Hyderabad,Telangana,India
223,TXN000224,2018-03-16,01:17:14,Employer Salary Credit,NEFT Salary Credit,42912.35,INR,NEFT,Credit,Salary,Bengaluru,Karnataka,India
224,TXN000225,2018-03-16,06:31:44,Airtel,Auto Debit Airtel,608.7,INR,Auto Debit,Debit,Bills,Bengaluru,Karnataka,India
225,TXN000226,2018-03-17,07:18:48,Airtel,Auto Debit Airtel,648.07,INR,Auto Debit,Debit,Bills,Delhi,Delhi,India
226,TXN000227,2018-03-17,08:36:10,House Rent Payment,IMPS Transfer House Rent Payment,47664.75,INR,IMPS,Debit,Rent,Bengaluru,Karnataka,India
227,TXN000228,2018-03-17,21:13:37,Faasos,UPI Collect Faasos,313.79,INR,UPI,Debit,Food,Indore,Madhya Pradesh,India
228,TXN000229,2018-03-18,10:55:47,Indane Gas,Auto Debit Indane Gas,854.6,INR,Auto Debit,Debit,Bills,Jaipur,Rajasthan,India
229,TXN000230,2018-03-19,07:54:14,Adani Electricity,UPI/Paytm/Adani Electricity,5313.58,INR,UPI,Debit,Bills,Bengaluru,Karnataka,India
230,TXN000231,2018-03-19,16:38:59,DMart,Debit Card POS DMart,443.8,INR,Debit Card,Debit,Groceries,Nagpur,Maharashtra,India
231,TXN000232,2018-03-19,20:54:14,Burger King,POS Purchase Burger King,186.78,INR,Debit Card,Debit,Food,Jaipur,Rajasthan,India
232,TXN000233,2018-03-20,19:47:32,Local Wine & Beer Shop,UPI/Paytm/Local Wine & Beer Shop,1255.5,INR,UPI,Debit,Food,Bengaluru,Karnataka,India
233,TXN000234,2018-03-20,20:33:43,Barbeque Nation,UPI/Paytm/Barbeque Nation,435.28,INR,UPI,Debit,Food,Indore,Madhya Pradesh,India
234,TXN000235,2018-03-20,21:35:54,Chaayos,UPI Collect Chaayos,157.6,INR,UPI,Debit,Food,Nagpur,Maharashtra,India
235,TXN000236,2018-03-21,17:00:42,Nykaa,POS Purchase Nykaa,1476.96,INR,Credit Card,Debit,Shopping,Surat,Gujarat,India
236,TXN000237,2018-03-21,17:43:27,Zepto,UPI Collect Zepto,580.86,INR,UPI,Debit,Groceries,Bengaluru,Karnataka,India
237,TXN000238,2018-03-21,20:05:31,BookMyShow,UPI/DR/634380802295/BookMyShow,321.6,INR,UPI,Debit,Entertainment,Bengaluru,Karnataka,India
238,TXN000239,2018-03-22,17:30:30,Zepto,POS Purchase Zepto,756.51,INR,Credit Card,Debit,Groceries,Bengaluru,Karnataka,India
239,TXN000240,2018-03-24,09:10:42,Domino's India,POS Purchase Domino's India,310.46,INR,Credit Card,Debit,Food,Ahmedabad,Gujarat,India
240,TXN000241,2018-03-24,11:52:09,Ajio,POS Purchase Ajio,629.02,INR,Credit Card,Debit,Shopping,Bengaluru,Karnataka,India
241,TXN000242,2018-03-25,09:51:51,Flipkart,UPI/Paytm/Flipkart,551.82,INR,UPI,Debit,Shopping,Bengaluru,Karnataka,India
242,TXN000243,2018-03-25,10:57:24,Credit Card Bill Payment,Net Banking Payment Credit Card Bill Payment,4499.66,INR,Net Banking,Debit,Bills,Bengaluru,Karnataka,India
243,TXN000244,2018-03-25,11:32:05,Credit Card Bill Payment,Auto Debit Credit Card Bill Payment,4345.66,INR,Auto Debit,Debit,Bills,Noida,Uttar Pradesh,India
244,TXN000245,2018-03-25,14:58:20,DMart,UPI Payment DMart,808.0,INR,UPI,Debit,Groceries,Ahmedabad,Gujarat,India
245,TXN000246,2018-03-26,12:25:39,Nature's Basket,POS Purchase Nature's Basket,820.12,INR,Credit Card,Debit,Groceries,Noida,Uttar Pradesh,India
246,TXN000247,2018-03-26,12:45:09,BigBasket,UPI Payment BigBasket,669.71,INR,UPI,Debit,Groceries,Mumbai,Maharashtra,India
247,TXN000248,2018-03-26,20:29:13,Cafe Coffee Day,POS Purchase Cafe Coffee Day,275.29,INR,Credit Card,Debit,Food,Bengaluru,Karnataka,India
248,TXN000249,2018-03-27,07:51:30,Credit Card Bill Payment,Auto Debit Credit Card Bill Payment,4444.05,INR,Auto Debit,Debit,Bills,Surat,Gujarat,India
249,TXN000250,2018-03-27,08:42:53,Cafe Coffee Day,POS Purchase Cafe Coffee Day,163.0,INR,Credit Card,Debit,Food,Bengaluru,Karnataka,India
250,TXN000251,2018-03-27,12:46:09,Domino's India,POS Purchase Domino's India,464.71,INR,Debit Card,Debit,Food,Delhi,Delhi,India
251,TXN000252,2018-03-27,21:50:52,Myntra,POS Purchase Myntra,607.3,INR,Credit Card,Debit,Shopping,Indore,Madhya Pradesh,India
252,TXN000253,2018-03-28,09:27:46,Nature's Basket,POS Purchase Nature's Basket,588.04,INR,Debit Card,Debit,Groceries,Bengaluru,Karnataka,India
253,TXN000254,2018-03-28,11:17:45,Ajio,Debit Card POS Ajio,553.98,INR,Debit Card,Debit,Shopping,Pune,Maharashtra,India
254,TXN000255,2018-03-28,13:39:25,Starbucks India,UPI/Paytm/Starbucks India,137.57,INR,UPI,Debit,Food,Bengaluru,Karnataka,India
255,TXN000256,2018-03-29,09:08:31,Reliance Fresh,UPI/Paytm/Reliance Fresh,683.22,INR,UPI,Debit,Groceries,Bengaluru,Karnataka,India
256,TXN000257,2018-03-29,13:50:08,Amazon India,POS Purchase Amazon India,1458.35,INR,Credit Card,Debit,Shopping,Kolkata,West Bengal,India
257,TXN000258,2018-03-29,22:06:16,BPCL,Debit Card POS BPCL,2807.98,INR,Debit Card,Debit,Fuel,Surat,Gujarat,India
258,TXN000259,2018-03-30,09:26:49,Employer Salary Credit,NEFT Salary Credit,45807.43,INR,NEFT,Credit,Salary,Indore,Madhya Pradesh,India
259,TXN000260,2018-03-30,11:09:02,Nature's Basket,UPI/DR/161970160008/Nature's Basket,616.73,INR,UPI,Debit,Groceries,Mumbai,Maharashtra,India
260,TXN000261,2018-03-30,12:43:20,HPCL,UPI Payment HPCL,2939.47,INR,UPI,Debit,Fuel,Bengaluru,Karnataka,India
261,TXN000262,2018-03-31,06:41:18,Municipal Water Department,Auto Debit Municipal Water Department,208.62,INR,Auto Debit,Debit,Bills,Bengaluru,Karnataka,India
262,TXN000263,2018-03-31,07:43:50,Credit Card Bill Payment,Auto Debit Credit Card Bill Payment,4218.9,INR,Auto Debit,Debit,Bills,Chennai,Tamil Nadu,India
263,TXN000264,2018-03-31,12:05:56,DMart,POS Purchase DMart,488.23,INR,Debit Card,Debit,Groceries,Noida,Uttar Pradesh,India
264,TXN000265,2018-03-31,17:57:42,DMart,UPI/DR/877322099707/DMart,870.88,INR,UPI,Debit,Groceries,Bengaluru,Karnataka,India
265,TXN000266,2018-03-31,19:14:31,Netflix,POS Purchase Netflix,309.77,INR,Credit Card,Debit,Entertainment,Indore,Madhya Pradesh,India
266,TXN000267,2018-03-31,21:28:35,BPCL,ATM Cash Withdrawal,3461.38,INR,Cash Withdrawal,Debit,Fuel,Jaipur,Rajasthan,India
267,TXN000268,2018-04-01,08:39:02,Chaayos,UPI Collect Chaayos,232.12,INR,UPI,Debit,Food,Bengaluru,Karnataka,India
268,TXN000269,2018-04-01,09:49:35,HP Gas,Net Banking Payment HP Gas,387.5,INR,Net Banking,Debit,Bills,Pune,Maharashtra,India
269,TXN000270,2018-04-01,11:38:53,Nature's Basket,Debit Card POS Nature's Basket,2125.78,INR,Debit Card,Debit,Groceries,Nagpur,Maharashtra,India
270,TXN000271,2018-04-01,13:08:26,Faasos,UPI Payment Faasos,314.79,INR,UPI,Debit,Food,Bengaluru,Karnataka,India
271,TXN000272,2018-04-01,21:24:29,DMart,POS Purchase DMart,800.73,INR,Debit Card,Debit,Groceries,Bengaluru,Karnataka,India
272,TXN000273,2018-04-02,14:12:11,BigBasket,UPI Payment BigBasket,2128.13,INR,UPI,Debit,Groceries,Kochi,Kerala,India
273,TXN000274,2018-04-02,16:23:55,Lakme Salon,UPI Payment Lakme Salon,1494.81,INR,UPI,Debit,Miscellaneous,Jaipur,Rajasthan,India
274,TXN000275,2018-04-02,16:24:53,Myntra,Debit Card POS Myntra,1268.58,INR,Debit Card,Debit,Shopping,Ahmedabad,Gujarat,India
275,TXN000276,2018-04-02,19:21:25,Cafe Coffee Day,UPI/Paytm/Cafe Coffee Day,482.11,INR,UPI,Debit,Food,Surat,Gujarat,India
276,TXN000277,2018-04-03,11:46:33,Spotify,Auto Debit Spotify,150.71,INR,Auto Debit,Debit,Subscription,Hyderabad,Telangana,India
277,TXN000278,2018-04-03,12:20:36,Local Hardware Store,POS Purchase Local Hardware Store,655.61,INR,Credit Card,Debit,Miscellaneous,Indore,Madhya Pradesh,India
278,TXN000279,2018-04-03,21:05:56,BookMyShow,UPI Payment BookMyShow,324.97,INR,UPI,Debit,Entertainment,Bengaluru,Karnataka,India
279,TXN000280,2018-04-04,06:02:12,Credit Card Bill Payment,Auto Debit Credit Card Bill Payment,8644.67,INR,Auto Debit,Debit,Bills,Bengaluru,Karnataka,India
280,TXN000281,2018-04-04,13:30:24,Ace Hardware India,POS Purchase Ace Hardware India,559.09,INR,Debit Card,Debit,Miscellaneous,Bengaluru,Karnataka,India
281,TXN000282,2018-04-04,21:05:13,Indian Oil,POS Purchase Indian Oil,322.61,INR,Debit Card,Debit,Fuel,Indore,Madhya Pradesh,India
282,TXN000283,2018-04-05,09:21:42,BEST,UPI Collect BEST,5223.03,INR,UPI,Debit,Bills,Chennai,Tamil Nadu,India
283,TXN000284,2018-04-05,17:42:45,Netflix,UPI/Paytm/Netflix,328.02,INR,UPI,Debit,Entertainment,Indore,Madhya Pradesh,India
284,TXN000285,2018-04-05,22:43:57,Ace Hardware India,POS Purchase Ace Hardware India,503.41,INR,Debit Card,Debit,Miscellaneous,Bengaluru,Karnataka,India
285,TXN000286,2018-04-06,08:40:24,Barbeque Nation,Debit Card POS Barbeque Nation,328.13,INR,Debit Card,Debit,Food,Noida,Uttar Pradesh,India
286,TXN000287,2018-04-07,06:42:40,Credit Card Bill Payment,Net Banking Payment Credit Card Bill Payment,5456.25,INR,Net Banking,Debit,Bills,Hyderabad,Telangana,India
287,TXN000288,2018-04-07,10:39:54,Municipal Water Department,Auto Debit Municipal Water Department,210.1,INR,Auto Debit,Debit,Bills,Ahmedabad,Gujarat,India
288,TXN000289,2018-04-07,12:36:11,BookMyShow,POS Purchase BookMyShow,150.71,INR,Credit Card,Debit,Entertainment,Bengaluru,Karnataka,India
289,TXN000290,2018-04-07,20:02:10,Ace Hardware India,POS Purchase Ace Hardware India,477.61,INR,Credit Card,Debit,Miscellaneous,Lucknow,Uttar Pradesh,India
290,TXN000291,2018-04-07,21:48:46,Reliance Fresh,POS Purchase Reliance Fresh,1419.61,INR,Debit Card,Debit,Groceries,Indore,Madhya Pradesh,India
291,TXN000292,2018-04-08,21:28:18,Nature's Basket,POS Purchase Nature's Basket,834.26,INR,Debit Card,Debit,Groceries,Hyderabad,Telangana,India
292,TXN000293,2018-04-09,10:38:07,Municipal Water Department,UPI Payment Municipal Water Department,214.43,INR,UPI,Debit,Bills,Bengaluru,Karnataka,India
293,TXN000294,2018-04-09,13:03:57,Local Hardware Store,POS Purchase Local Hardware Store,697.29,INR,Debit Card,Debit,Miscellaneous,Bengaluru,Karnataka,India
294,TXN000295,2018-04-09,19:36:15,Indian Oil,UPI Payment Indian Oil,3537.81,INR,UPI,Debit,Fuel,Nagpur,Maharashtra,India
295,TXN000296,2018-04-10,08:51:10,Jio Fiber,UPI Collect Jio Fiber,1387.75,INR,UPI,Debit,Bills,Bengaluru,Karnataka,India
296,TXN000297,2018-04-10,09:21:27,Credit Card Bill Payment,Net Banking Payment Credit Card Bill Payment,5363.4,INR,Net Banking,Debit,Bills,Bengaluru,Karnataka,India
297,TXN000298,2018-04-10,14:57:10,BookMyShow,UPI/DR/891645547923/BookMyShow,315.35,INR,UPI,Debit,Entertainment,Bengaluru,Karnataka,India
298,TXN000299,2018-04-10,19:35:45,Zepto,Debit Card POS Zepto,767.31,INR,Debit Card,Debit,Groceries,Indore,Madhya Pradesh,India
299,TXN000300,2018-04-11,06:27:36,Credit Card Bill Payment,Net Banking Payment Credit Card Bill Payment,8224.91,INR,Net Banking,Debit,Bills,Surat,Gujarat,India
300,TXN000301,2018-04-11,06:55:42,Credit Card Bill Payment,Net Banking Payment Credit Card Bill Payment,5584.9,INR,Net Banking,Debit,Bills,Noida,Uttar Pradesh,India
301,TXN000302,2018-04-11,09:49:33,Credit Card Bill Payment,Auto Debit Credit Card Bill Payment,5400.26,INR,Auto Debit,Debit,Bills,Bengaluru,Karnataka,India
302,TXN000303,2018-04-11,20:00:12,Local Hardware Store,Debit Card POS Local Hardware Store,532.32,INR,Debit Card,Debit,Miscellaneous,Bengaluru,Karnataka,India
303,TXN000304,2018-04-12,08:22:33,Zomato,UPI Payment Zomato,463.33,INR,UPI,Debit,Food,Bengaluru,Karnataka,India
304,TXN000305,2018-04-12,09:16:15,House Rent Payment,IMPS Transfer House Rent Payment,44519.57,INR,IMPS,Debit,Rent,Chennai,Tamil Nadu,India
305,TXN000306,2018-04-12,09:25:21,Credit Card Bill Payment,Auto Debit Credit Card Bill Payment,6081.22,INR,Auto Debit,Debit,Bills,Bengaluru,Karnataka,India
306,TXN000307,2018-04-12,10:21:14,Ace Hardware India,POS Purchase Ace Hardware India,559.98,INR,Debit Card,Debit,Miscellaneous,Bengaluru,Karnataka,India
307,TXN000308,2018-04-12,11:46:14,Ace Hardware India,POS Purchase Ace Hardware India,481.96,INR,Credit Card,Debit,Miscellaneous,Hyderabad,Telangana,India
308,TXN000309,2018-04-12,13:52:53,Cafe Coffee Day,UPI Collect Cafe Coffee Day,314.07,INR,UPI,Debit,Food,Bengaluru,Karnataka,India
309,TXN000310,2018-04-12,19:29:50,DMart,POS Purchase DMart,2068.94,INR,Credit Card,Debit,Groceries,Kochi,Kerala,India
310,TXN000311,2018-04-13,00:25:15,Employer Salary Credit,NEFT Salary Credit,43093.36,INR,NEFT,Credit,Salary,Hyderabad,Telangana,India
311,TXN000312,2018-04-13,10:09:26,BEST,Electricity Bill BEST,5196.62,INR,Auto Debit,Debit,Bills,Bengaluru,Karnataka,India
312,TXN000313,2018-04-14,07:09:01,Airtel,Auto Debit Airtel,1317.46,INR,Auto Debit,Debit,Bills,Nagpur,Maharashtra,India
313,TXN000314,2018-04-14,11:37:58,DMart,UPI/DR/218919757455/DMart,449.87,INR,UPI,Debit,Groceries,Bengaluru,Karnataka,India
314,TXN000315,2018-04-14,13:02:18,Swiggy,UPI/DR/361595245111/Swiggy,296.67,INR,UPI,Debit,Food,Bengaluru,Karnataka,India
315,TXN000316,2018-04-14,17:44:58,Indian Oil,Debit Card POS Indian Oil,342.99,INR,Debit Card,Debit,Fuel,Bengaluru,Karnataka,India
316,TXN000317,2018-04-15,09:07:09,Jio,Auto Debit Jio,618.89,INR,Auto Debit,Debit,Bills,Lucknow,Uttar Pradesh,India
317,TXN000318,2018-04-15,09:22:55,Cafe Coffee Day,UPI/DR/701452141581/Cafe Coffee Day,312.95,INR,UPI,Debit,Food,Jaipur,Rajasthan,India
318,TXN000319,2018-04-15,13:20:52,Local Hardware Store,UPI/Paytm/Local Hardware Store,647.81,INR,UPI,Debit,Miscellaneous,Pune,Maharashtra,India
319,TXN000320,2018-04-16,12:02:13,Cafe Coffee Day,UPI Payment Cafe Coffee Day,230.39,INR,UPI,Debit,Food,Bengaluru,Karnataka,India
320,TXN000321,2018-04-17,06:47:54,Adani Electricity,UPI Payment Adani Electricity,5418.16,INR,UPI,Debit,Bills,Jaipur,Rajasthan,India
321,TXN000322,2018-04-17,12:04:20,Zomato,UPI Payment Zomato,622.16,INR,UPI,Debit,Food,Indore,Madhya Pradesh,India
322,TXN000323,2018-04-17,18:12:12,Nature's Basket,UPI/Paytm/Nature's Basket,1500.01,INR,UPI,Debit,Groceries,Surat,Gujarat,India
323,TXN000324,2018-04-17,19:47:41,Local Hardware Store,Debit Card POS Local Hardware Store,699.36,INR,Debit Card,Debit,Miscellaneous,Pune,Maharashtra,India
324,TXN000325,2018-04-17,20:14:45,BookMyShow,POS Purchase BookMyShow,160.98,INR,Credit Card,Debit,Entertainment,Bengaluru,Karnataka,India
325,TXN000326,2018-04-18,06:52:18,Credit Card Bill Payment,Auto Debit Credit Card Bill Payment,3056.79,INR,Auto Debit,Debit,Bills,Nagpur,Maharashtra,India
326,TXN000327,2018-04-18,09:05:41,HPCL,Debit Card POS HPCL,3534.48,INR,Debit Card,Debit,Fuel,Kolkata,West Bengal,India
327,TXN000328,2018-04-18,10:03:25,Credit Card Bill Payment,Auto Debit Credit Card Bill Payment,8465.93,INR,Auto Debit,Debit,Bills,Pune,Maharashtra,India
328,TXN000329,2018-04-18,12:53:29,Meesho,UPI/Paytm/Meesho,567.33,INR,UPI,Debit,Shopping,Bengaluru,Karnataka,India
329,TXN000330,2018-04-18,14:37:25,Flipkart,UPI/DR/919332820056/Flipkart,1385.11,INR,UPI,Debit,Shopping,Pune,Maharashtra,India
330,TXN000331,2018-04-18,19:23:29,Meesho,Debit Card POS Meesho,579.48,INR,Debit Card,Debit,Shopping,Jaipur,Rajasthan,India
331,TXN000332,2018-04-18,22:09:28,Local Hardware Store,POS Purchase Local Hardware Store,517.96,INR,Credit Card,Debit,Miscellaneous,Bengaluru,Karnataka,India
332,TXN000333,2018-04-19,08:12:00,Spotify,Auto Debit Spotify,158.9,INR,Auto Debit,Debit,Subscription,Ahmedabad,Gujarat,India
333,TXN000334,2018-04-19,14:17:15,Domino's India,POS Purchase Domino's India,213.36,INR,Credit Card,Debit,Food,Bengaluru,Karnataka,India
334,TXN000335,2018-04-20,07:40:43,Credit Card Bill Payment,Auto Debit Credit Card Bill Payment,6033.8,INR,Auto Debit,Debit,Bills,Bengaluru,Karnataka,India
335,TXN000336,2018-04-20,09:22:17,Blinkit,UPI/DR/028552920456/Blinkit,442.31,INR,UPI,Debit,Groceries,Bengaluru,Karnataka,India
336,TXN000337,2018-04-20,11:03:50,Credit Card Bill Payment,Auto Debit Credit Card Bill Payment,5608.83,INR,Auto Debit,Debit,Bills,Jaipur,Rajasthan,India
337,TXN000338,2018-04-20,19:45:51,DMart,UPI Collect DMart,2061.38,INR,UPI,Debit,Groceries,Hyderabad,Telangana,India
338,TXN000339,2018-04-20,21:23:56,Local Hardware Store,POS Purchase Local Hardware Store,529.11,INR,Debit Card,Debit,Miscellaneous,Mumbai,Maharashtra,India
339,TXN000340,2018-04-21,07:06:42,Credit Card Bill Payment,Auto Debit Credit Card Bill Payment,5757.15,INR,Auto Debit,Debit,Bills,Nagpur,Maharashtra,India
340,TXN000341,2018-04-21,08:27:00,Indian Oil,ATM Cash Withdrawal,349.09,INR,Cash Withdrawal,Debit,Fuel,Surat,Gujarat,India
341,TXN000342,2018-04-21,11:40:51,Blinkit,UPI Payment Blinkit,489.32,INR,UPI,Debit,Groceries,Noida,Uttar Pradesh,India
342,TXN000343,2018-04-21,21:05:00,McDonald's India,UPI Payment McDonald's India,578.25,INR,UPI,Debit,Food,Bengaluru,Karnataka,India
343,TXN000344,2018-04-22,06:11:40,LIC,Net Banking Payment LIC,8744.79,INR,Net Banking,Debit,Insurance,Jaipur,Rajasthan,India
344,TXN000345,2018-04-22,14:15:11,Barbeque Nation,UPI Collect Barbeque Nation,449.3,INR,UPI,Debit,Food,Kolkata,West Bengal,India
345,TXN000346,2018-04-22,14:38:37,HPCL,UPI/Paytm/HPCL,3472.43,INR,UPI,Debit,Fuel,Ahmedabad,Gujarat,India
346,TXN000347,2018-04-22,15:29:45,DMart,POS Purchase DMart,1365.94,INR,Debit Card,Debit,Groceries,Kolkata,West Bengal,India
347,TXN000348,2018-04-22,19:15:55,McDonald's India,UPI Payment McDonald's India,316.28,INR,UPI,Debit,Food,Indore,Madhya Pradesh,India
348,TXN000349,2018-04-23,08:08:37,Credit Card Bill Payment,Auto Debit Credit Card Bill Payment,5428.52,INR,Auto Debit,Debit,Bills,Noida,Uttar Pradesh,India
349,TXN000350,2018-04-23,11:58:45,Adani Electricity,UPI/Paytm/Adani Electricity,5164.19,INR,UPI,Debit,Bills,Nagpur,Maharashtra,India
350,TXN000351,2018-04-25,06:33:14,Municipal Water Department,Auto Debit Municipal Water Department,221.81,INR,Auto Debit,Debit,Bills,Bengaluru,Karnataka,India
351,TXN000352,2018-04-25,10:14:25,Nature's Basket,Debit Card POS Nature's Basket,473.51,INR,Debit Card,Debit,Groceries,Bengaluru,Karnataka,India
352,TXN000353,2018-04-25,18:06:30,Home Depot India,UPI Collect Home Depot India,513.3,INR,UPI,Debit,Miscellaneous,Surat,Gujarat,India
353,TXN000354,2018-04-26,06:21:12,Credit Card Bill Payment,Auto Debit Credit Card Bill Payment,8071.75,INR,Auto Debit,Debit,Bills,Chennai,Tamil Nadu,India
354,TXN000355,2018-04-26,06:25:46,Credit Card Bill Payment,Net Banking Payment Credit Card Bill Payment,8217.65,INR,Net Banking,Debit,Bills,Bengaluru,Karnataka,India
355,TXN000356,2018-04-26,08:02:55,Barbeque Nation,Debit Card POS Barbeque Nation,291.12,INR,Debit Card,Debit,Food,Surat,Gujarat,India
356,TXN000357,2018-04-26,08:35:45,Credit Card Bill Payment,Net Banking Payment Credit Card Bill Payment,5678.44,INR,Net Banking,Debit,Bills,Nagpur,Maharashtra,India
357,TXN000358,2018-04-26,08:39:06,Domino's India,Debit Card POS Domino's India,619.97,INR,Debit Card,Debit,Food,Bengaluru,Karnataka,India
358,TXN000359,2018-04-26,16:17:50,Reliance Fresh,UPI Collect Reliance Fresh,448.52,INR,UPI,Debit,Groceries,Delhi,Delhi,India
359,TXN000360,2018-04-26,20:18:23,BigBasket,UPI Collect BigBasket,838.24,INR,UPI,Debit,Groceries,Bengaluru,Karnataka,India
360,TXN000361,2018-04-27,01:24:10,Employer Salary Credit,NEFT Salary Credit,43146.0,INR,NEFT,Credit,Salary,Kochi,Kerala,India
361,TXN000362,2018-04-27,08:07:16,House Rent Payment,IMPS Transfer House Rent Payment,45242.49,INR,IMPS,Debit,Rent,Indore,Madhya Pradesh,India
362,TXN000363,2018-04-27,09:23:27,LIC,Net Banking Payment LIC,8241.9,INR,Net Banking,Debit,Insurance,Mumbai,Maharashtra,India
363,TXN000364,2018-04-27,12:01:15,Nykaa,Debit Card POS Nykaa,1407.73,INR,Debit Card,Debit,Shopping,Bengaluru,Karnataka,India
364,TXN000365,2018-04-27,19:52:25,McDonald's India,POS Purchase McDonald's India,414.3,INR,Debit Card,Debit,Food,Noida,Uttar Pradesh,India
365,TXN000366,2018-04-28,06:26:49,Credit Card Bill Payment,Net Banking Payment Credit Card Bill Payment,3005.93,INR,Net Banking,Debit,Bills,Jaipur,Rajasthan,India
366,TXN000367,2018-04-28,08:11:26,Credit Card Bill Payment,Auto Debit Credit Card Bill Payment,3320.08,INR,Auto Debit,Debit,Bills,Bengaluru,Karnataka,India
367,TXN000368,2018-04-28,10:22:13,Credit Card Bill Payment,Auto Debit Credit Card Bill Payment,8301.91,INR,Auto Debit,Debit,Bills,Pune,Maharashtra,India
368,TXN000369,2018-04-28,11:15:02,Reliance Fresh,Debit Card POS Reliance Fresh,443.23,INR,Debit Card,Debit,Groceries,Hyderabad,Telangana,India
369,TXN000370,2018-04-29,08:18:55,Burger King,UPI/DR/945550921128/Burger King,589.38,INR,UPI,Debit,Food,Bengaluru,Karnataka,India
370,TXN000371,2018-04-29,11:59:13,BSNL,Auto Debit BSNL,617.81,INR,Auto Debit,Debit,Bills,Lucknow,Uttar Pradesh,India
371,TXN000372,2018-04-29,12:24:24,Nature's Basket,UPI Payment Nature's Basket,2120.77,INR,UPI,Debit,Groceries,Nagpur,Maharashtra,India
372,TXN000373,2018-04-29,13:58:03,Reliance Fresh,POS Purchase Reliance Fresh,477.39,INR,Debit Card,Debit,Groceries,Bengaluru,Karnataka,India
373,TXN000374,2018-04-29,19:43:52,Blinkit,UPI/DR/336986397419/Blinkit,811.59,INR,UPI,Debit,Groceries,Jaipur,Rajasthan,India
374,TXN000375,2018-04-30,08:23:49,BPCL,POS Purchase BPCL,320.22,INR,Debit Card,Debit,Fuel,Lucknow,Uttar Pradesh,India
375,TXN000376,2018-04-30,08:31:36,BPCL,POS Purchase BPCL,316.82,INR,Debit Card,Debit,Fuel,Chennai,Tamil Nadu,India
376,TXN000377,2018-04-30,08:33:51,Burger King,Debit Card POS Burger King,608.36,INR,Debit Card,Debit,Food,Chennai,Tamil Nadu,India
377,TXN000378,2018-04-30,11:00:23,Credit Card Bill Payment,Net Banking Payment Credit Card Bill Payment,5579.52,INR,Net Banking,Debit,Bills,Nagpur,Maharashtra,India
378,TXN000379,2018-04-30,13:16:01,Zomato,UPI Payment Zomato,318.78,INR,UPI,Debit,Food,Bengaluru,Karnataka,India
379,TXN000380,2018-04-30,18:32:25,Local Hardware Store,UPI/Paytm/Local Hardware Store,512.5,INR,UPI,Debit,Miscellaneous,Lucknow,Uttar Pradesh,India
380,TXN000381,2018-04-30,22:04:55,Naturals Salon,Debit Card POS Naturals Salon,1434.99,INR,Debit Card,Debit,Miscellaneous,Hyderabad,Telangana,India
381,TXN000382,2018-04-30,22:24:53,Ace Hardware India,POS Purchase Ace Hardware India,509.27,INR,Credit Card,Debit,Miscellaneous,Jaipur,Rajasthan,India
382,TXN000383,2018-05-01,08:53:39,Faasos,Debit Card POS Faasos,755.77,INR,Debit Card,Debit,Food,Delhi,Delhi,India
383,TXN000384,2018-05-01,09:07:04,HP Gas,Auto Debit HP Gas,379.5,INR,Auto Debit,Debit,Bills,Bengaluru,Karnataka,India
384,TXN000385,2018-05-01,10:44:28,House Rent Payment,IMPS Transfer House Rent Payment,42982.49,INR,IMPS,Debit,Rent,Surat,Gujarat,India
385,TXN000386,2018-05-01,12:57:46,McDonald's India,UPI/Paytm/McDonald's India,318.64,INR,UPI,Debit,Food,Ahmedabad,Gujarat,India
386,TXN000387,2018-05-01,21:24:28,Local Wine & Beer Shop,Debit Card POS Local Wine & Beer Shop,1814.03,INR,Debit Card,Debit,Food,Indore,Madhya Pradesh,India
387,TXN000388,2018-05-02,11:43:07,Home Depot India,UPI/DR/729706378209/Home Depot India,6894.47,INR,UPI,Debit,Miscellaneous,Lucknow,Uttar Pradesh,India
388,TXN000389,2018-05-02,11:52:51,Jio,UPI Collect Jio,1034.63,INR,UPI,Debit,Bills,Noida,Uttar Pradesh,India
389,TXN000390,2018-05-02,16:19:40,Local Hardware Store,POS Purchase Local Hardware Store,507.2,INR,Debit Card,Debit,Miscellaneous,Jaipur,Rajasthan,India
390,TXN000391,2018-05-03,09:27:52,HPCL,UPI Collect HPCL,2977.68,INR,UPI,Debit,Fuel,Bengaluru,Karnataka,India
391,TXN000392,2018-05-03,12:17:34,BigBasket,POS Purchase BigBasket,1711.45,INR,Debit Card,Debit,Groceries,Jaipur,Rajasthan,India
392,TXN000393,2018-05-03,13:43:24,Faasos,POS Purchase Faasos,153.63,INR,Credit Card,Debit,Food,Bengaluru,Karnataka,India
393,TXN000394,2018-05-03,17:58:23,Zepto,POS Purchase Zepto,971.0,INR,Credit Card,Debit,Groceries,Indore,Madhya Pradesh,India
394,TXN000395,2018-05-04,09:23:32,Credit Card Bill Payment,Net Banking Payment Credit Card Bill Payment,2569.92,INR,Net Banking,Debit,Bills,Bengaluru,Karnataka,India
395,TXN000396,2018-05-04,10:18:07,Naturals Salon,Debit Card POS Naturals Salon,1424.33,INR,Debit Card,Debit,Miscellaneous,Bengaluru,Karnataka,India
396,TXN000397,2018-05-04,10:20:28,Netflix,UPI Payment Netflix,157.74,INR,UPI,Debit,Entertainment,Bengaluru,Karnataka,India
397,TXN000398,2018-05-04,12:10:33,Burger King,UPI/DR/009444866512/Burger King,147.21,INR,UPI,Debit,Food,Kochi,Kerala,India
398,TXN000399,2018-05-04,13:34:55,HPCL,Debit Card POS HPCL,3939.03,INR,Debit Card,Debit,Fuel,Kolkata,West Bengal,India
399,TXN000400,2018-05-06,08:20:23,Credit Card Bill Payment,Net Banking Payment Credit Card Bill Payment,2543.0,INR,Net Banking,Debit,Bills,Bengaluru,Karnataka,India
400,TXN000401,2018-05-06,08:22:26,Airtel,Net Banking Payment Airtel,985.75,INR,Net Banking,Debit,Bills,Delhi,Delhi,India
401,TXN000402,2018-05-06,12:28:40,EatClub,Debit Card POS EatClub,333.23,INR,Debit Card,Debit,Food,Bengaluru,Karnataka,India
402,TXN000403,2018-05-06,16:04:02,Amazon Prime,UPI/DR/494737269473/Amazon Prime,313.35,INR,UPI,Debit,Entertainment,Ahmedabad,Gujarat,India
403,TXN000404,2018-05-07,09:19:07,Municipal Water Department,Auto Debit Municipal Water Department,215.14,INR,Auto Debit,Debit,Bills,Noida,Uttar Pradesh,India
404,TXN000405,2018-05-07,09:43:32,Airtel,UPI/Paytm/Airtel,1267.07,INR,UPI,Debit,Bills,Lucknow,Uttar Pradesh,India
405,TXN000406,2018-05-07,09:57:58,HDFC Ergo,Net Banking Payment HDFC Ergo,8182.16,INR,Net Banking,Debit,Insurance,Bengaluru,Karnataka,India
406,TXN000407,2018-05-07,10:45:19,Nature's Basket,POS Purchase Nature's Basket,983.31,INR,Debit Card,Debit,Groceries,Kolkata,West Bengal,India
407,TXN000408,2018-05-07,15:18:22,BPCL,UPI/Paytm/BPCL,3169.63,INR,UPI,Debit,Fuel,Bengaluru,Karnataka,India
408,TXN000409,2018-05-08,16:36:44,Flipkart,POS Purchase Flipkart,601.51,INR,Debit Card,Debit,Shopping,Hyderabad,Telangana,India
409,TXN000410,2018-05-08,21:53:16,Nykaa,POS Purchase Nykaa,3314.7,INR,Credit Card,Debit,Shopping,Bengaluru,Karnataka,India
410,TXN000411,2018-05-09,09:14:11,Nykaa,POS Purchase Nykaa,3268.03,INR,Debit Card,Debit,Shopping,Bengaluru,Karnataka,India
411,TXN000412,2018-05-09,09:54:57,Domino's India,UPI/DR/343085946209/Domino's India,158.56,INR,UPI,Debit,Food,Bengaluru,Karnataka,India
412,TXN000413,2018-05-09,10:57:31,ICICI Lombard,Auto Debit ICICI Lombard,8424.07,INR,Auto Debit,Debit,Insurance,Nagpur,Maharashtra,India
413,TXN000414,2018-05-09,18:15:05,Amazon Prime,POS Purchase Amazon Prime,558.23,INR,Debit Card,Debit,Entertainment,Bengaluru,Karnataka,India
414,TXN000415,2018-05-10,11:07:44,BookMyShow,POS Purchase BookMyShow,584.59,INR,Credit Card,Debit,Entertainment,Hyderabad,Telangana,India
415,TXN000416,2018-05-10,19:18:22,Local Wine & Beer Shop,Debit Card POS Local Wine & Beer Shop,1816.83,INR,Debit Card,Debit,Food,Ahmedabad,Gujarat,India
416,TXN000417,2018-05-11,00:05:13,Employer Salary Credit,NEFT Salary Credit,47228.53,INR,NEFT,Credit,Salary,Pune,Maharashtra,India
417,TXN000418,2018-05-11,11:32:47,Jio Fiber,Auto Debit Jio Fiber,1353.35,INR,Auto Debit,Debit,Bills,Indore,Madhya Pradesh,India
418,TXN000419,2018-05-11,17:42:19,Amazon India,POS Purchase Amazon India,389.21,INR,Credit Card,Debit,Shopping,Bengaluru,Karnataka,India
419,TXN000420,2018-05-12,06:00:44,HP Gas,Auto Debit HP Gas,377.13,INR,Auto Debit,Debit,Bills,Bengaluru,Karnataka,India
420,TXN000421,2018-05-12,07:40:33,Spotify,Auto Debit Spotify,166.69,INR,Auto Debit,Debit,Subscription,Bengaluru,Karnataka,India
421,TXN000422,2018-05-12,14:11:00,Indian Oil,UPI Collect Indian Oil,3592.11,INR,UPI,Debit,Fuel,Bengaluru,Karnataka,India
422,TXN000423,2018-05-12,14:15:03,EatClub,UPI/DR/189940247966/EatClub,300.24,INR,UPI,Debit,Food,Bengaluru,Karnataka,India
423,TXN000424,2018-05-12,19:19:08,BookMyShow,POS Purchase BookMyShow,153.52,INR,Credit Card,Debit,Entertainment,Pune,Maharashtra,India
424,TXN000425,2018-05-12,19:51:42,DMart,UPI Collect DMart,1785.69,INR,UPI,Debit,Groceries,Bengaluru,Karnataka,India
425,TXN000426,2018-05-13,09:22:02,Credit Card Bill Payment,Auto Debit Credit Card Bill Payment,4400.29,INR,Auto Debit,Debit,Bills,Bengaluru,Karnataka,India
426,TXN000427,2018-05-13,21:01:50,Burger King,UPI/Paytm/Burger King,287.51,INR,UPI,Debit,Food,Lucknow,Uttar Pradesh,India
427,TXN000428,2018-05-14,11:48:19,Lakme Salon,ATM Cash Withdrawal,1372.12,INR,Cash Withdrawal,Debit,Miscellaneous,Bengaluru,Karnataka,India
428,TXN000429,2018-05-15,06:43:04,Credit Card Bill Payment,Auto Debit Credit Card Bill Payment,2273.11,INR,Auto Debit,Debit,Bills,Bengaluru,Karnataka,India
429,TXN000430,2018-05-15,10:55:32,Meesho,UPI/DR/695465914036/Meesho,381.48,INR,UPI,Debit,Shopping,Surat,Gujarat,India
430,TXN000431,2018-05-15,10:57:37,Credit Card Bill Payment,Auto Debit Credit Card Bill Payment,2800.57,INR,Auto Debit,Debit,Bills,Bengaluru,Karnataka,India
431,TXN000432,2018-05-15,19:36:12,Burger King,UPI Payment Burger King,718.91,INR,UPI,Debit,Food,Bengaluru,Karnataka,India
432,TXN000433,2018-05-15,21:40:56,Reliance Fresh,POS Purchase Reliance Fresh,1834.44,INR,Debit Card,Debit,Groceries,Kochi,Kerala,India
433,TXN000434,2018-05-16,11:30:15,House Rent Payment,IMPS Transfer House Rent Payment,47210.31,INR,IMPS,Debit,Rent,Indore,Madhya Pradesh,India
434,TXN000435,2018-05-17,10:46:43,Credit Card Bill Payment,Auto Debit Credit Card Bill Payment,4698.91,INR,Auto Debit,Debit,Bills,Bengaluru,Karnataka,India
435,TXN000436,2018-05-17,12:14:54,DMart,POS Purchase DMart,1502.5,INR,Credit Card,Debit,Groceries,Nagpur,Maharashtra,India
436,TXN000437,2018-05-17,15:27:34,Amazon India,POS Purchase Amazon India,3613.74,INR,Debit Card,Debit,Shopping,Kolkata,West Bengal,India
437,TXN000438,2018-05-17,18:16:45,Meesho,UPI Payment Meesho,3530.74,INR,UPI,Debit,Shopping,Bengaluru,Karnataka,India
438,TXN000439,2018-05-17,22:40:01,Myntra,POS Purchase Myntra,1054.45,INR,Credit Card,Debit,Shopping,Kochi,Kerala,India
439,TXN000440,2018-05-18,12:25:38,Nature's Basket,POS Purchase Nature's Basket,984.51,INR,Credit Card,Debit,Groceries,Hyderabad,Telangana,India
440,TXN000441,2018-05-18,17:26:23,Meesho,POS Purchase Meesho,3400.66,INR,Debit Card,Debit,Shopping,Lucknow,Uttar Pradesh,India
441,TXN000442,2018-05-19,11:21:40,Amazon Prime,UPI/DR/571654781232/Amazon Prime,301.09,INR,UPI,Debit,Entertainment,Bengaluru,Karnataka,India
442,TXN000443,2018-05-19,15:45:33,Home Depot India,POS Purchase Home Depot India,7428.3,INR,Credit Card,Debit,Miscellaneous,Bengaluru,Karnataka,India
443,TXN000444,2018-05-19,17:05:54,Meesho,Debit Card POS Meesho,582.48,INR,Debit Card,Debit,Shopping,Jaipur,Rajasthan,India
444,TXN000445,2018-05-20,09:51:51,Ajio,POS Purchase Ajio,1486.13,INR,Credit Card,Debit,Shopping,Indore,Madhya Pradesh,India
445,TXN000446,2018-05-21,07:33:18,Credit Card Bill Payment,Auto Debit Credit Card Bill Payment,2664.18,INR,Auto Debit,Debit,Bills,Lucknow,Uttar Pradesh,India
446,TXN000447,2018-05-21,08:08:08,House Rent Payment,NEFT Rent Payment,45677.86,INR,NEFT,Debit,Rent,Bengaluru,Karnataka,India
447,TXN000448,2018-05-21,08:44:21,Credit Card Bill Payment,Net Banking Payment Credit Card Bill Payment,4800.68,INR,Net Banking,Debit,Bills,Indore,Madhya Pradesh,India
448,TXN000449,2018-05-21,10:59:36,Credit Card Bill Payment,Auto Debit Credit Card Bill Payment,2790.14,INR,Auto Debit,Debit,Bills,Chennai,Tamil Nadu,India
449,TXN000450,2018-05-21,11:28:32,BSNL,Net Banking Payment BSNL,1407.58,INR,Net Banking,Debit,Bills,Mumbai,Maharashtra,India
450,TXN000451,2018-05-21,12:40:39,Netflix,POS Purchase Netflix,155.91,INR,Credit Card,Debit,Entertainment,Chennai,Tamil Nadu,India
451,TXN000452,2018-05-21,19:20:14,McDonald's India,UPI Collect McDonald's India,772.67,INR,UPI,Debit,Food,Mumbai,Maharashtra,India
452,TXN000453,2018-05-22,08:12:11,Netflix,Debit Card POS Netflix,457.69,INR,Debit Card,Debit,Entertainment,Kochi,Kerala,India
453,TXN000454,2018-05-22,08:21:51,HPCL,UPI/Paytm/HPCL,3822.93,INR,UPI,Debit,Fuel,Delhi,Delhi,India
454,TXN000455,2018-05-22,08:32:45,EatClub,UPI Payment EatClub,722.33,INR,UPI,Debit,Food,Bengaluru,Karnataka,India
455,TXN000456,2018-05-22,18:36:22,Ace Hardware India,POS Purchase Ace Hardware India,6964.98,INR,Credit Card,Debit,Miscellaneous,Bengaluru,Karnataka,India
456,TXN000457,2018-05-23,10:47:52,Credit Card Bill Payment,Auto Debit Credit Card Bill Payment,4814.19,INR,Auto Debit,Debit,Bills,Jaipur,Rajasthan,India
457,TXN000458,2018-05-23,18:02:25,Local Barbershop,ATM Cash Withdrawal,1450.9,INR,Cash Withdrawal,Debit,Miscellaneous,Bengaluru,Karnataka,India
458,TXN000459,2018-05-23,20:29:15,Reliance Fresh,UPI Payment Reliance Fresh,1030.24,INR,UPI,Debit,Groceries,Lucknow,Uttar Pradesh,India
459,TXN000460,2018-05-24,08:51:48,Municipal Water Department,Auto Debit Municipal Water Department,216.09,INR,Auto Debit,Debit,Bills,Noida,Uttar Pradesh,India
460,TXN000461,2018-05-24,15:24:40,DMart,UPI/Paytm/DMart,1196.88,INR,UPI,Debit,Groceries,Nagpur,Maharashtra,India
461,TXN000462,2018-05-24,15:44:05,Flipkart,UPI/Paytm/Flipkart,1605.07,INR,UPI,Debit,Shopping,Chennai,Tamil Nadu,India
462,TXN000463,2018-05-25,01:56:34,Employer Salary Credit,NEFT Salary Credit,42733.93,INR,NEFT,Credit,Salary,Indore,Madhya Pradesh,India
463,TXN000464,2018-05-25,11:15:34,Airtel,UPI Collect Airtel,971.65,INR,UPI,Debit,Bills,Lucknow,Uttar Pradesh,India
464,TXN000465,2018-05-25,14:53:09,Amazon Prime,UPI Collect Amazon Prime,561.13,INR,UPI,Debit,Entertainment,Noida,Uttar Pradesh,India
465,TXN000466,2018-05-25,20:41:18,Local Hardware Store,POS Purchase Local Hardware Store,6908.66,INR,Debit Card,Debit,Miscellaneous,Chennai,Tamil Nadu,India
466,TXN000467,2018-05-26,11:53:19,Spotify,Auto Debit Spotify,155.83,INR,Auto Debit,Debit,Subscription,Bengaluru,Karnataka,India
467,TXN000468,2018-05-26,12:27:36,The Beer Cafe,Debit Card POS The Beer Cafe,1707.52,INR,Debit Card,Debit,Food,Noida,Uttar Pradesh,India
468,TXN000469,2018-05-27,08:07:15,BEST,UPI Collect BEST,4981.77,INR,UPI,Debit,Bills,Jaipur,Rajasthan,India
469,TXN000470,2018-05-27,08:32:11,Credit Card Bill Payment,Net Banking Payment Credit Card Bill Payment,2648.74,INR,Net Banking,Debit,Bills,Nagpur,Maharashtra,India
470,TXN000471,2018-05-27,20:25:18,BigBasket,UPI Collect BigBasket,1219.07,INR,UPI,Debit,Groceries,Kolkata,West Bengal,India
471,TXN000472,2018-05-27,21:51:15,Nature's Basket,UPI/Paytm/Nature's Basket,2223.97,INR,UPI,Debit,Groceries,Nagpur,Maharashtra,India
472,TXN000473,2018-05-28,11:10:06,Spotify,Auto Debit Spotify,150.19,INR,Auto Debit,Debit,Subscription,Bengaluru,Karnataka,India
473,TXN000474,2018-05-28,18:57:34,BookMyShow,POS Purchase BookMyShow,491.08,INR,Debit Card,Debit,Entertainment,Kolkata,West Bengal,India
474,TXN000475,2018-05-28,21:07:43,Nature's Basket,UPI/DR/527365330183/Nature's Basket,1058.69,INR,UPI,Debit,Groceries,Bengaluru,Karnataka,India
475,TXN000476,2018-05-28,21:30:12,Swiggy,POS Purchase Swiggy,333.49,INR,Credit Card,Debit,Food,Delhi,Delhi,India
476,TXN000477,2018-05-29,07:26:31,Credit Card Bill Payment,Net Banking Payment Credit Card Bill Payment,4559.95,INR,Net Banking,Debit,Bills,Pune,Maharashtra,India
477,TXN000478,2018-05-29,11:26:11,BookMyShow,UPI/DR/663960473603/BookMyShow,492.03,INR,UPI,Debit,Entertainment,Kochi,Kerala,India
478,TXN000479,2018-05-29,21:19:26,Burger King,UPI Collect Burger King,274.02,INR,UPI,Debit,Food,Mumbai,Maharashtra,India
479,TXN000480,2018-05-30,06:39:55,BEST,Electricity Bill BEST,5177.4,INR,Auto Debit,Debit,Bills,Bengaluru,Karnataka,India
480,TXN000481,2018-05-30,08:20:53,HDFC Ergo,Auto Debit HDFC Ergo,8179.32,INR,Auto Debit,Debit,Insurance,Ahmedabad,Gujarat,India
481,TXN000482,2018-05-30,10:49:19,Credit Card Bill Payment,Auto Debit Credit Card Bill Payment,4755.63,INR,Auto Debit,Debit,Bills,Bengaluru,Karnataka,India
482,TXN000483,2018-05-30,11:55:22,Indane Gas,Auto Debit Indane Gas,396.59,INR,Auto Debit,Debit,Bills,Nagpur,Maharashtra,India
483,TXN000484,2018-05-31,08:46:31,Bharat Gas,UPI/DR/833360923609/Bharat Gas,383.12,INR,UPI,Debit,Bills,Kochi,Kerala,India
484,TXN000485,2018-05-31,13:30:42,Nykaa,POS Purchase Nykaa,3526.48,INR,Debit Card,Debit,Shopping,Bengaluru,Karnataka,India
485,TXN000486,2018-05-31,20:16:38,Reliance Fresh,Debit Card POS Reliance Fresh,1631.56,INR,Debit Card,Debit,Groceries,Bengaluru,Karnataka,India
486,TXN000487,2018-06-01,06:21:09,Bajaj Allianz,Net Banking Payment Bajaj Allianz,8261.33,INR,Net Banking,Debit,Insurance,Bengaluru,Karnataka,India
487,TXN000488,2018-06-01,11:35:47,Municipal Water Department,Auto Debit Municipal Water Department,224.81,INR,Auto Debit,Debit,Bills,Bengaluru,Karnataka,India
488,TXN000489,2018-06-01,12:34:17,Faasos,UPI Collect Faasos,189.4,INR,UPI,Debit,Food,Bengaluru,Karnataka,India
489,TXN000490,2018-06-01,16:47:41,Reliance Fresh,POS Purchase Reliance Fresh,484.11,INR,Credit Card,Debit,Groceries,Ahmedabad,Gujarat,India
490,TXN000491,2018-06-02,09:14:42,Municipal Water Department,UPI Collect Municipal Water Department,203.93,INR,UPI,Debit,Bills,Bengaluru,Karnataka,India
491,TXN000492,2018-06-02,11:21:42,Credit Card Bill Payment,Auto Debit Credit Card Bill Payment,2731.75,INR,Auto Debit,Debit,Bills,Chennai,Tamil Nadu,India
492,TXN000493,2018-06-02,22:57:49,Starbucks India,POS Purchase Starbucks India,145.62,INR,Credit Card,Debit,Food,Bengaluru,Karnataka,India
493,TXN000494,2018-06-03,06:51:52,Credit Card Bill Payment,Net Banking Payment Credit Card Bill Payment,2296.35,INR,Net Banking,Debit,Bills,Bengaluru,Karnataka,India
494,TXN000495,2018-06-03,07:08:27,BSNL,Auto Debit BSNL,632.04,INR,Auto Debit,Debit,Bills,Pune,Maharashtra,India
495,TXN000496,2018-06-03,07:37:59,Credit Card Bill Payment,Auto Debit Credit Card Bill Payment,2624.81,INR,Auto Debit,Debit,Bills,Bengaluru,Karnataka,India
496,TXN000497,2018-06-03,08:39:08,Faasos,POS Purchase Faasos,304.71,INR,Debit Card,Debit,Food,Delhi,Delhi,India
497,TXN000498,2018-06-03,13:36:29,Zomato,UPI/DR/813857814063/Zomato,667.72,INR,UPI,Debit,Food,Nagpur,Maharashtra,India
498,TXN000499,2018-06-04,09:06:12,Bharat Gas,Auto Debit Bharat Gas,423.41,INR,Auto Debit,Debit,Bills,Bengaluru,Karnataka,India
499,TXN000500,2018-06-04,09:14:54,Burger King,POS Purchase Burger King,666.41,INR,Debit Card,Debit,Food,Nagpur,Maharashtra,India
500,TXN000501,2018-06-04,17:22:53,Nature's Basket,UPI Payment Nature's Basket,647.43,INR,UPI,Debit,Groceries,Indore,Madhya Pradesh,India
501,TXN000502,2018-06-05,08:13:10,Starbucks India,UPI Collect Starbucks India,165.53,INR,UPI,Debit,Food,Mumbai,Maharashtra,India
502,TXN000503,2018-06-05,13:09:33,Burger King,UPI/DR/333681952684/Burger King,238.84,INR,UPI,Debit,Food,Mumbai,Maharashtra,India
503,TXN000504,2018-06-05,17:47:22,BigBasket,POS Purchase BigBasket,820.45,INR,Credit Card,Debit,Groceries,Bengaluru,Karnataka,India
504,TXN000505,2018-06-05,22:11:55,BPCL,UPI/Paytm/BPCL,3749.88,INR,UPI,Debit,Fuel,Mumbai,Maharashtra,India
505,TXN000506,2018-06-06,07:49:58,Tata Power,Electricity Bill Tata Power,5337.38,INR,Auto Debit,Debit,Bills,Noida,Uttar Pradesh,India
506,TXN000507,2018-06-06,14:15:43,Nature's Basket,UPI/Paytm/Nature's Basket,618.41,INR,UPI,Debit,Groceries,Bengaluru,Karnataka,India
507,TXN000508,2018-06-07,06:56:55,Credit Card Bill Payment,Net Banking Payment Credit Card Bill Payment,2327.76,INR,Net Banking,Debit,Bills,Surat,Gujarat,India
508,TXN000509,2018-06-07,10:03:13,Nykaa,UPI Collect Nykaa,560.76,INR,UPI,Debit,Shopping,Ahmedabad,Gujarat,India
509,TXN000510,2018-06-07,12:46:04,Blinkit,UPI Collect Blinkit,563.39,INR,UPI,Debit,Groceries,Noida,Uttar Pradesh,India
510,TXN000511,2018-06-07,16:49:11,Indian Oil,Debit Card POS Indian Oil,3577.34,INR,Debit Card,Debit,Fuel,Bengaluru,Karnataka,India
511,TXN000512,2018-06-07,21:40:44,Blinkit,POS Purchase Blinkit,585.83,INR,Debit Card,Debit,Groceries,Kolkata,West Bengal,India
512,TXN000513,2018-06-08,09:14:05,Employer Salary Credit,NEFT Salary Credit,44660.86,INR,NEFT,Credit,Salary,Bengaluru,Karnataka,India
513,TXN000514,2018-06-08,11:01:13,Credit Card Bill Payment,Auto Debit Credit Card Bill Payment,2388.37,INR,Auto Debit,Debit,Bills,Pune,Maharashtra,India
514,TXN000515,2018-06-08,11:03:08,Credit Card Bill Payment,Net Banking Payment Credit Card Bill Payment,6584.9,INR,Net Banking,Debit,Bills,Bengaluru,Karnataka,India
515,TXN000516,2018-06-08,11:04:59,Nature's Basket,UPI Collect Nature's Basket,543.81,INR,UPI,Debit,Groceries,Kochi,Kerala,India
516,TXN000517,2018-06-08,12:22:13,DMart,Debit Card POS DMart,1368.55,INR,Debit Card,Debit,Groceries,Lucknow,Uttar Pradesh,India
517,TXN000518,2018-06-09,09:32:16,Starbucks India,UPI Collect Starbucks India,162.56,INR,UPI,Debit,Food,Indore,Madhya Pradesh,India
518,TXN000519,2018-06-09,12:16:00,Domino's India,UPI Payment Domino's India,236.06,INR,UPI,Debit,Food,Delhi,Delhi,India
519,TXN000520,2018-06-09,13:04:02,Zepto,UPI/Paytm/Zepto,528.34,INR,UPI,Debit,Groceries,Chennai,Tamil Nadu,India
520,TXN000521,2018-06-09,13:15:24,Amazon Prime,POS Purchase Amazon Prime,320.11,INR,Debit Card,Debit,Entertainment,Bengaluru,Karnataka,India
521,TXN000522,2018-06-09,14:35:25,Swiggy,UPI Payment Swiggy,625.58,INR,UPI,Debit,Food,Lucknow,Uttar Pradesh,India
522,TXN000523,2018-06-10,10:21:00,BigBasket,Debit Card POS BigBasket,546.94,INR,Debit Card,Debit,Groceries,Surat,Gujarat,India
523,TXN000524,2018-06-10,10:49:23,House Rent Payment,IMPS Transfer House Rent Payment,43665.4,INR,IMPS,Debit,Rent,Bengaluru,Karnataka,India
524,TXN000525,2018-06-10,11:19:16,Credit Card Bill Payment,Net Banking Payment Credit Card Bill Payment,2595.99,INR,Net Banking,Debit,Bills,Bengaluru,Karnataka,India
525,TXN000526,2018-06-10,11:55:24,Meesho,UPI Payment Meesho,2352.16,INR,UPI,Debit,Shopping,Hyderabad,Telangana,India
526,TXN000527,2018-06-10,16:13:36,Reliance Fresh,POS Purchase Reliance Fresh,461.07,INR,Debit Card,Debit,Groceries,Indore,Madhya Pradesh,India
527,TXN000528,2018-06-10,22:21:49,Zomato,POS Purchase Zomato,198.84,INR,Credit Card,Debit,Food,Nagpur,Maharashtra,India
528,TXN000529,2018-06-10,22:45:29,McDonald's India,Debit Card POS McDonald's India,244.99,INR,Debit Card,Debit,Food,Indore,Madhya Pradesh,India
529,TXN000530,2018-06-11,09:16:01,BSNL,Auto Debit BSNL,1406.8,INR,Auto Debit,Debit,Bills,Delhi,Delhi,India
530,TXN000531,2018-06-11,19:03:26,McDonald's India,UPI Collect McDonald's India,306.28,INR,UPI,Debit,Food,Hyderabad,Telangana,India
531,TXN000532,2018-06-11,19:41:28,Reliance Fresh,Debit Card POS Reliance Fresh,537.21,INR,Debit Card,Debit,Groceries,Nagpur,Maharashtra,India
532,TXN000533,2018-06-12,08:50:50,Credit Card Bill Payment,Net Banking Payment Credit Card Bill Payment,1474.8,INR,Net Banking,Debit,Bills,Pune,Maharashtra,India
533,TXN000534,2018-06-12,09:33:42,Airtel,UPI/Paytm/Airtel,1366.51,INR,UPI,Debit,Bills,Chennai,Tamil Nadu,India
534,TXN000535,2018-06-12,10:45:25,Credit Card Bill Payment,Net Banking Payment Credit Card Bill Payment,3868.48,INR,Net Banking,Debit,Bills,Bengaluru,Karnataka,India
535,TXN000536,2018-06-12,22:51:24,Indian Oil,Debit Card POS Indian Oil,3607.41,INR,Debit Card,Debit,Fuel,Bengaluru,Karnataka,India
536,TXN000537,2018-06-13,09:12:57,Credit Card Bill Payment,Net Banking Payment Credit Card Bill Payment,1474.52,INR,Net Banking,Debit,Bills,Kolkata,West Bengal,India
537,TXN000538,2018-06-13,09:25:36,Credit Card Bill Payment,Auto Debit Credit Card Bill Payment,2565.26,INR,Auto Debit,Debit,Bills,Bengaluru,Karnataka,India
538,TXN000539,2018-06-13,14:29:55,Faasos,POS Purchase Faasos,221.27,INR,Credit Card,Debit,Food,Jaipur,Rajasthan,India
539,TXN000540,2018-06-13,15:51:09,BigBasket,UPI/DR/259679860607/BigBasket,516.71,INR,UPI,Debit,Groceries,Bengaluru,Karnataka,India
540,TXN000541,2018-06-13,17:17:39,DMart,Debit Card POS DMart,533.71,INR,Debit Card,Debit,Groceries,Hyderabad,Telangana,India
541,TXN000542,2018-06-14,11:07:03,Municipal Water Department,Auto Debit Municipal Water Department,210.18,INR,Auto Debit,Debit,Bills,Pune,Maharashtra,India
542,TXN000543,2018-06-14,14:30:11,Netflix,POS Purchase Netflix,303.76,INR,Debit Card,Debit,Entertainment,Ahmedabad,Gujarat,India
543,TXN000544,2018-06-15,08:49:44,Credit Card Bill Payment,Auto Debit Credit Card Bill Payment,6462.93,INR,Auto Debit,Debit,Bills,Kolkata,West Bengal,India
544,TXN000545,2018-06-15,09:31:08,Spotify,Auto Debit Spotify,166.32,INR,Auto Debit,Debit,Subscription,Pune,Maharashtra,India
545,TXN000546,2018-06-15,10:40:52,Lakme Salon,POS Purchase Lakme Salon,1587.97,INR,Debit Card,Debit,Miscellaneous,Kochi,Kerala,India
546,TXN000547,2018-06-15,11:27:09,Municipal Water Department,UPI/DR/911478777325/Municipal Water Department,223.52,INR,UPI,Debit,Bills,Pune,Maharashtra,India
547,TXN000548,2018-06-15,11:56:13,Ajio,POS Purchase Ajio,2344.12,INR,Credit Card,Debit,Shopping,Bengaluru,Karnataka,India
548,TXN000549,2018-06-15,19:25:05,Blinkit,Debit Card POS Blinkit,534.44,INR,Debit Card,Debit,Groceries,Bengaluru,Karnataka,India
549,TXN000550,2018-06-15,20:59:22,Third Wave Coffee,UPI Collect Third Wave Coffee,162.9,INR,UPI,Debit,Food,Bengaluru,Karnataka,India
550,TXN000551,2018-06-16,07:43:46,Municipal Water Department,UPI Collect Municipal Water Department,213.46,INR,UPI,Debit,Bills,Kochi,Kerala,India
551,TXN000552,2018-06-16,19:14:01,Cafe Coffee Day,UPI/Paytm/Cafe Coffee Day,162.54,INR,UPI,Debit,Food,Mumbai,Maharashtra,India
552,TXN000553,2018-06-16,20:22:33,DMart,POS Purchase DMart,1338.18,INR,Credit Card,Debit,Groceries,Bengaluru,Karnataka,India
553,TXN000554,2018-06-17,06:42:14,Spotify,Auto Debit Spotify,166.4,INR,Auto Debit,Debit,Subscription,Delhi,Delhi,India
554,TXN000555,2018-06-18,06:48:10,Credit Card Bill Payment,Auto Debit Credit Card Bill Payment,6470.5,INR,Auto Debit,Debit,Bills,Lucknow,Uttar Pradesh,India
555,TXN000556,2018-06-18,08:55:43,Bajaj Allianz,Auto Debit Bajaj Allianz,8911.0,INR,Auto Debit,Debit,Insurance,Indore,Madhya Pradesh,India
556,TXN000557,2018-06-18,08:58:20,Airtel,Auto Debit Airtel,614.82,INR,Auto Debit,Debit,Bills,Pune,Maharashtra,India
557,TXN000558,2018-06-18,19:14:59,Blinkit,Debit Card POS Blinkit,824.96,INR,Debit Card,Debit,Groceries,Nagpur,Maharashtra,India
558,TXN000559,2018-06-19,07:19:37,Credit Card Bill Payment,Net Banking Payment Credit Card Bill Payment,3994.65,INR,Net Banking,Debit,Bills,Bengaluru,Karnataka,India
559,TXN000560,2018-06-19,08:03:37,BSNL,Auto Debit BSNL,1315.74,INR,Auto Debit,Debit,Bills,Bengaluru,Karnataka,India
560,TXN000561,2018-06-19,08:34:44,LIC,Net Banking Payment LIC,8595.67,INR,Net Banking,Debit,Insurance,Ahmedabad,Gujarat,India
561,TXN000562,2018-06-19,17:24:15,Reliance Fresh,UPI Payment Reliance Fresh,647.02,INR,UPI,Debit,Groceries,Jaipur,Rajasthan,India
562,TXN000563,2018-06-20,08:40:09,Third Wave Coffee,POS Purchase Third Wave Coffee,149.36,INR,Credit Card,Debit,Food,Jaipur,Rajasthan,India
563,TXN000564,2018-06-20,12:36:27,Blinkit,UPI/DR/708019950256/Blinkit,515.3,INR,UPI,Debit,Groceries,Bengaluru,Karnataka,India
564,TXN000565,2018-06-22,01:18:52,Employer Salary Credit,NEFT Salary Credit,47610.41,INR,NEFT,Credit,Salary,Kochi,Kerala,India
565,TXN000566,2018-06-22,18:38:28,BigBasket,UPI/Paytm/BigBasket,568.49,INR,UPI,Debit,Groceries,Bengaluru,Karnataka,India
566,TXN000567,2018-06-22,20:25:56,DMart,Debit Card POS DMart,1307.9,INR,Debit Card,Debit,Groceries,Bengaluru,Karnataka,India
567,TXN000568,2018-06-23,09:24:23,House Rent Payment,IMPS Transfer House Rent Payment,42719.73,INR,IMPS,Debit,Rent,Jaipur,Rajasthan,India
568,TXN000569,2018-06-23,17:09:23,Ajio,POS Purchase Ajio,2258.21,INR,Credit Card,Debit,Shopping,Pune,Maharashtra,India
569,TXN000570,2018-06-24,06:53:31,Credit Card Bill Payment,Auto Debit Credit Card Bill Payment,1449.92,INR,Auto Debit,Debit,Bills,Lucknow,Uttar Pradesh,India
570,TXN000571,2018-06-24,07:00:12,Credit Card Bill Payment,Auto Debit Credit Card Bill Payment,2447.57,INR,Auto Debit,Debit,Bills,Hyderabad,Telangana,India
571,TXN000572,2018-06-24,07:25:34,Spotify,Auto Debit Spotify,162.49,INR,Auto Debit,Debit,Subscription,Chennai,Tamil Nadu,India
572,TXN000573,2018-06-25,08:26:27,House Rent Payment,NEFT Rent Payment,43616.28,INR,NEFT,Debit,Rent,Chennai,Tamil Nadu,India
573,TXN000574,2018-06-25,08:47:23,Credit Card Bill Payment,Auto Debit Credit Card Bill Payment,1446.77,INR,Auto Debit,Debit,Bills,Indore,Madhya Pradesh,India
574,TXN000575,2018-06-25,19:09:40,McDonald's India,POS Purchase McDonald's India,308.19,INR,Debit Card,Debit,Food,Ahmedabad,Gujarat,India
575,TXN000576,2018-06-25,19:15:28,BPCL,UPI Payment BPCL,3596.67,INR,UPI,Debit,Fuel,Bengaluru,Karnataka,India
576,TXN000577,2018-06-25,20:40:36,Cafe Coffee Day,POS Purchase Cafe Coffee Day,154.33,INR,Credit Card,Debit,Food,Bengaluru,Karnataka,India
577,TXN000578,2018-06-26,07:22:09,Credit Card Bill Payment,Net Banking Payment Credit Card Bill Payment,1541.45,INR,Net Banking,Debit,Bills,Pune,Maharashtra,India
578,TXN000579,2018-06-26,10:09:58,DMart,POS Purchase DMart,681.03,INR,Debit Card,Debit,Groceries,Mumbai,Maharashtra,India
579,TXN000580,2018-06-26,10:48:33,Local Barbershop,UPI/Paytm/Local Barbershop,1501.24,INR,UPI,Debit,Miscellaneous,Pune,Maharashtra,India
580,TXN000581,2018-06-26,12:54:56,Nature's Basket,UPI Collect Nature's Basket,516.16,INR,UPI,Debit,Groceries,Indore,Madhya Pradesh,India
581,TXN000582,2018-06-26,17:23:17,Nature's Basket,UPI/DR/304234972453/Nature's Basket,397.38,INR,UPI,Debit,Groceries,Surat,Gujarat,India
582,TXN000583,2018-06-27,09:05:33,Jio,Auto Debit Jio,638.69,INR,Auto Debit,Debit,Bills,Kolkata,West Bengal,India
583,TXN000584,2018-06-27,21:52:27,Naturals Salon,UPI/DR/473365362241/Naturals Salon,1577.39,INR,UPI,Debit,Miscellaneous,Kolkata,West Bengal,India
584,TXN000585,2018-06-28,07:43:04,Credit Card Bill Payment,Net Banking Payment Credit Card Bill Payment,2701.22,INR,Net Banking,Debit,Bills,Kolkata,West Bengal,India
585,TXN000586,2018-06-28,08:51:53,Third Wave Coffee,UPI/DR/066589642953/Third Wave Coffee,146.91,INR,UPI,Debit,Food,Indore,Madhya Pradesh,India
586,TXN000587,2018-06-28,10:41:06,Credit Card Bill Payment,Auto Debit Credit Card Bill Payment,1546.73,INR,Auto Debit,Debit,Bills,Pune,Maharashtra,India
587,TXN000588,2018-06-28,16:11:27,Blinkit,POS Purchase Blinkit,464.83,INR,Debit Card,Debit,Groceries,Bengaluru,Karnataka,India
588,TXN000589,2018-06-28,19:37:23,Amazon Prime,UPI/DR/630735497054/Amazon Prime,326.09,INR,UPI,Debit,Entertainment,Chennai,Tamil Nadu,India
589,TXN000590,2018-06-28,21:17:48,Reliance Fresh,POS Purchase Reliance Fresh,658.16,INR,Credit Card,Debit,Groceries,Chennai,Tamil Nadu,India
590,TXN000591,2018-06-29,06:52:38,Municipal Water Department,Auto Debit Municipal Water Department,217.41,INR,Auto Debit,Debit,Bills,Bengaluru,Karnataka,India
591,TXN000592,2018-06-29,07:17:57,Credit Card Bill Payment,Auto Debit Credit Card Bill Payment,1480.35,INR,Auto Debit,Debit,Bills,Surat,Gujarat,India
592,TXN000593,2018-06-29,08:06:42,Indian Oil,UPI/DR/064805499622/Indian Oil,3904.33,INR,UPI,Debit,Fuel,Bengaluru,Karnataka,India
593,TXN000594,2018-06-29,08:40:20,Domino's India,UPI/DR/237646304063/Domino's India,295.94,INR,UPI,Debit,Food,Lucknow,Uttar Pradesh,India
594,TXN000595,2018-06-29,09:32:23,Credit Card Bill Payment,Auto Debit Credit Card Bill Payment,3750.81,INR,Auto Debit,Debit,Bills,Surat,Gujarat,India
595,TXN000596,2018-06-30,07:37:04,Credit Card Bill Payment,Auto Debit Credit Card Bill Payment,3576.46,INR,Auto Debit,Debit,Bills,Chennai,Tamil Nadu,India
596,TXN000597,2018-06-30,19:35:42,Myntra,UPI/DR/700980242296/Myntra,2362.12,INR,UPI,Debit,Shopping,Nagpur,Maharashtra,India
597,TXN000598,2018-07-01,06:03:31,Credit Card Bill Payment,Net Banking Payment Credit Card Bill Payment,2420.11,INR,Net Banking,Debit,Bills,Hyderabad,Telangana,India
598,TXN000599,2018-07-01,09:54:11,BigBasket,UPI/DR/948231585398/BigBasket,1247.24,INR,UPI,Debit,Groceries,Lucknow,Uttar Pradesh,India
599,TXN000600,2018-07-01,09:56:51,HPCL,UPI Payment HPCL,3336.12,INR,UPI,Debit,Fuel,Hyderabad,Telangana,India
600,TXN000601,2018-07-01,11:55:53,Credit Card Bill Payment,Auto Debit Credit Card Bill Payment,1254.23,INR,Auto Debit,Debit,Bills,Delhi,Delhi,India
601,TXN000602,2018-07-01,14:35:26,Naturals Salon,ATM Cash Withdrawal,1520.48,INR,Cash Withdrawal,Debit,Miscellaneous,Indore,Madhya Pradesh,India
602,TXN000603,2018-07-01,20:32:17,Flipkart,POS Purchase Flipkart,6021.86,INR,Credit Card,Debit,Shopping,Surat,Gujarat,India
603,TXN000604,2018-07-02,10:37:06,Credit Card Bill Payment,Net Banking Payment Credit Card Bill Payment,2280.48,INR,Net Banking,Debit,Bills,Chennai,Tamil Nadu,India
604,TXN000605,2018-07-02,19:07:35,Zepto,POS Purchase Zepto,1299.0,INR,Credit Card,Debit,Groceries,Bengaluru,Karnataka,India
605,TXN000606,2018-07-02,19:31:31,Nature's Basket,Debit Card POS Nature's Basket,1254.27,INR,Debit Card,Debit,Groceries,Kochi,Kerala,India
606,TXN000607,2018-07-02,20:23:34,Meesho,POS Purchase Meesho,577.47,INR,Credit Card,Debit,Shopping,Bengaluru,Karnataka,India
607,TXN000608,2018-07-03,08:46:42,Credit Card Bill Payment,Auto Debit Credit Card Bill Payment,1367.71,INR,Auto Debit,Debit,Bills,Bengaluru,Karnataka,India
608,TXN000609,2018-07-03,10:00:54,Spotify,Auto Debit Spotify,162.6,INR,Auto Debit,Debit,Subscription,Pune,Maharashtra,India
609,TXN000610,2018-07-03,11:37:13,Credit Card Bill Payment,Net Banking Payment Credit Card Bill Payment,2388.61,INR,Net Banking,Debit,Bills,Noida,Uttar Pradesh,India
610,TXN000611,2018-07-03,11:41:43,HPCL,UPI Collect HPCL,3354.94,INR,UPI,Debit,Fuel,Kochi,Kerala,India
611,TXN000612,2018-07-04,06:13:39,Credit Card Bill Payment,Auto Debit Credit Card Bill Payment,1295.05,INR,Auto Debit,Debit,Bills,Pune,Maharashtra,India
612,TXN000613,2018-07-04,20:38:43,BookMyShow,POS Purchase BookMyShow,149.13,INR,Credit Card,Debit,Entertainment,Kochi,Kerala,India
613,TXN000614,2018-07-05,08:01:27,Credit Card Bill Payment,Net Banking Payment Credit Card Bill Payment,1325.37,INR,Net Banking,Debit,Bills,Bengaluru,Karnataka,India
614,TXN000615,2018-07-06,01:57:30,Employer Salary Credit,NEFT Salary Credit,43599.35,INR,NEFT,Credit,Salary,Bengaluru,Karnataka,India
615,TXN000616,2018-07-06,06:50:53,Bajaj Allianz,Net Banking Payment Bajaj Allianz,8748.91,INR,Net Banking,Debit,Insurance,Noida,Uttar Pradesh,India
616,TXN000617,2018-07-06,14:17:21,HPCL,POS Purchase HPCL,3291.7,INR,Debit Card,Debit,Fuel,Bengaluru,Karnataka,India
617,TXN000618,2018-07-07,14:53:51,Cafe Coffee Day,POS Purchase Cafe Coffee Day,446.92,INR,Debit Card,Debit,Food,Bengaluru,Karnataka,India
618,TXN000619,2018-07-08,10:49:50,Credit Card Bill Payment,Net Banking Payment Credit Card Bill Payment,2337.48,INR,Net Banking,Debit,Bills,Chennai,Tamil Nadu,India
619,TXN000620,2018-07-09,07:35:48,Bharat Gas,Auto Debit Bharat Gas,395.8,INR,Auto Debit,Debit,Bills,Nagpur,Maharashtra,India
620,TXN000621,2018-07-09,09:41:30,Myntra,POS Purchase Myntra,577.49,INR,Credit Card,Debit,Shopping,Delhi,Delhi,India
621,TXN000622,2018-07-09,09:49:38,Burger King,Debit Card POS Burger King,434.5,INR,Debit Card,Debit,Food,Indore,Madhya Pradesh,India
622,TXN000623,2018-07-09,10:34:07,Credit Card Bill Payment,Auto Debit Credit Card Bill Payment,2523.03,INR,Auto Debit,Debit,Bills,Hyderabad,Telangana,India
623,TXN000624,2018-07-09,10:44:56,HPCL,UPI Payment HPCL,3201.0,INR,UPI,Debit,Fuel,Surat,Gujarat,India
624,TXN000625,2018-07-10,07:04:47,Indane Gas,Auto Debit Indane Gas,382.12,INR,Auto Debit,Debit,Bills,Bengaluru,Karnataka,India
625,TXN000626,2018-07-10,07:16:06,Credit Card Bill Payment,Auto Debit Credit Card Bill Payment,2585.38,INR,Auto Debit,Debit,Bills,Pune,Maharashtra,India
626,TXN000627,2018-07-10,09:23:43,Faasos,POS Purchase Faasos,426.95,INR,Credit Card,Debit,Food,Indore,Madhya Pradesh,India
627,TXN000628,2018-07-10,10:13:21,Amazon Prime,POS Purchase Amazon Prime,316.11,INR,Credit Card,Debit,Entertainment,Bengaluru,Karnataka,India
628,TXN000629,2018-07-10,11:50:01,Municipal Water Department,UPI/DR/020876231693/Municipal Water Department,221.04,INR,UPI,Debit,Bills,Lucknow,Uttar Pradesh,India
629,TXN000630,2018-07-10,13:41:34,Local Wine & Beer Shop,UPI/DR/111340362650/Local Wine & Beer Shop,1668.35,INR,UPI,Debit,Food,Kolkata,West Bengal,India
630,TXN000631,2018-07-10,15:09:21,HPCL,UPI/Paytm/HPCL,3285.43,INR,UPI,Debit,Fuel,Nagpur,Maharashtra,India
631,TXN000632,2018-07-11,09:51:48,Burger King,Debit Card POS Burger King,217.72,INR,Debit Card,Debit,Food,Ahmedabad,Gujarat,India
632,TXN000633,2018-07-11,19:28:30,Social,UPI/Paytm/Social,526.31,INR,UPI,Debit,Food,Delhi,Delhi,India
633,TXN000634,2018-07-12,07:12:33,Airtel,UPI/DR/171302399139/Airtel,1267.1,INR,UPI,Debit,Bills,Bengaluru,Karnataka,India
634,TXN000635,2018-07-12,07:42:05,Credit Card Bill Payment,Net Banking Payment Credit Card Bill Payment,2304.24,INR,Net Banking,Debit,Bills,Bengaluru,Karnataka,India
635,TXN000636,2018-07-12,13:09:42,Toit Brewpub,POS Purchase Toit Brewpub,484.79,INR,Credit Card,Debit,Food,Surat,Gujarat,India
636,TXN000637,2018-07-12,17:23:16,Amazon Prime,POS Purchase Amazon Prime,706.29,INR,Debit Card,Debit,Entertainment,Surat,Gujarat,India
637,TXN000638,2018-07-12,22:52:39,HPCL,UPI Payment HPCL,3198.51,INR,UPI,Debit,Fuel,Bengaluru,Karnataka,India
638,TXN000639,2018-07-13,08:45:58,House Rent Payment,NEFT Rent Payment,42894.11,INR,NEFT,Debit,Rent,Surat,Gujarat,India
639,TXN000640,2018-07-13,09:17:07,Jio Fiber,Auto Debit Jio Fiber,1350.83,INR,Auto Debit,Debit,Bills,Jaipur,Rajasthan,India
640,TXN000641,2018-07-13,10:13:08,Credit Card Bill Payment,Auto Debit Credit Card Bill Payment,1276.08,INR,Auto Debit,Debit,Bills,Bengaluru,Karnataka,India
641,TXN000642,2018-07-13,16:37:26,Nykaa,UPI/Paytm/Nykaa,5852.59,INR,UPI,Debit,Shopping,Kolkata,West Bengal,India
642,TXN000643,2018-07-14,09:43:56,Municipal Water Department,Auto Debit Municipal Water Department,215.41,INR,Auto Debit,Debit,Bills,Bengaluru,Karnataka,India
643,TXN000644,2018-07-15,06:02:34,House Rent Payment,NEFT Rent Payment,42974.07,INR,NEFT,Debit,Rent,Mumbai,Maharashtra,India
644,TXN000645,2018-07-15,07:10:36,Credit Card Bill Payment,Auto Debit Credit Card Bill Payment,1314.96,INR,Auto Debit,Debit,Bills,Nagpur,Maharashtra,India
645,TXN000646,2018-07-15,07:21:39,Municipal Water Department,UPI/Paytm/Municipal Water Department,202.25,INR,UPI,Debit,Bills,Mumbai,Maharashtra,India
646,TXN000647,2018-07-16,11:00:59,Blinkit,POS Purchase Blinkit,526.15,INR,Credit Card,Debit,Groceries,Nagpur,Maharashtra,India
647,TXN000648,2018-07-17,08:23:12,Credit Card Bill Payment,Net Banking Payment Credit Card Bill Payment,1336.39,INR,Net Banking,Debit,Bills,Bengaluru,Karnataka,India
648,TXN000649,2018-07-17,10:16:32,Tata Power,UPI Payment Tata Power,5134.2,INR,UPI,Debit,Bills,Lucknow,Uttar Pradesh,India
649,TXN000650,2018-07-17,18:21:28,Zepto,UPI Collect Zepto,481.99,INR,UPI,Debit,Groceries,Pune,Maharashtra,India
650,TXN000651,2018-07-17,19:58:04,Faasos,UPI/DR/168707319671/Faasos,177.37,INR,UPI,Debit,Food,Bengaluru,Karnataka,India
651,TXN000652,2018-07-18,11:26:48,BSNL,Auto Debit BSNL,632.02,INR,Auto Debit,Debit,Bills,Indore,Madhya Pradesh,India
652,TXN000653,2018-07-18,19:33:26,Amazon Prime,POS Purchase Amazon Prime,318.31,INR,Credit Card,Debit,Entertainment,Kochi,Kerala,India
653,TXN000654,2018-07-19,11:15:36,Spotify,Auto Debit Spotify,150.52,INR,Auto Debit,Debit,Subscription,Bengaluru,Karnataka,India
654,TXN000655,2018-07-19,14:50:54,Burger King,UPI/Paytm/Burger King,330.62,INR,UPI,Debit,Food,Bengaluru,Karnataka,India
655,TXN000656,2018-07-19,18:32:02,DMart,UPI Payment DMart,530.69,INR,UPI,Debit,Groceries,Bengaluru,Karnataka,India
656,TXN000657,2018-07-20,01:01:02,Employer Salary Credit,NEFT Salary Credit,47291.68,INR,NEFT,Credit,Salary,Surat,Gujarat,India
657,TXN000658,2018-07-20,09:29:02,ICICI Lombard,Net Banking Payment ICICI Lombard,8406.07,INR,Net Banking,Debit,Insurance,Chennai,Tamil Nadu,India
658,TXN000659,2018-07-20,09:32:53,Airtel,Net Banking Payment Airtel,640.68,INR,Net Banking,Debit,Bills,Pune,Maharashtra,India
659,TXN000660,2018-07-20,10:07:18,Credit Card Bill Payment,Auto Debit Credit Card Bill Payment,1644.51,INR,Auto Debit,Debit,Bills,Nagpur,Maharashtra,India
660,TXN000661,2018-07-21,11:08:26,Credit Card Bill Payment,Auto Debit Credit Card Bill Payment,1478.69,INR,Auto Debit,Debit,Bills,Bengaluru,Karnataka,India
661,TXN000662,2018-07-21,12:28:17,Faasos,UPI/DR/955054429952/Faasos,359.66,INR,UPI,Debit,Food,Jaipur,Rajasthan,India
662,TXN000663,2018-07-21,13:40:48,BigBasket,POS Purchase BigBasket,1004.08,INR,Debit Card,Debit,Groceries,Bengaluru,Karnataka,India
663,TXN000664,2018-07-22,06:59:26,Spotify,Auto Debit Spotify,160.79,INR,Auto Debit,Debit,Subscription,Bengaluru,Karnataka,India
664,TXN000665,2018-07-22,20:40:43,DMart,UPI Payment DMart,490.12,INR,UPI,Debit,Groceries,Surat,Gujarat,India
665,TXN000666,2018-07-23,08:26:57,Indane Gas,UPI/DR/841117499748/Indane Gas,412.84,INR,UPI,Debit,Bills,Surat,Gujarat,India
666,TXN000667,2018-07-23,09:59:19,Netflix,POS Purchase Netflix,713.08,INR,Credit Card,Debit,Entertainment,Surat,Gujarat,India
667,TXN000668,2018-07-23,11:14:05,Credit Card Bill Payment,Net Banking Payment Credit Card Bill Payment,1554.91,INR,Net Banking,Debit,Bills,Bengaluru,Karnataka,India
668,TXN000669,2018-07-23,22:04:07,Swiggy,UPI Collect Swiggy,346.75,INR,UPI,Debit,Food,Surat,Gujarat,India
669,TXN000670,2018-07-24,10:29:06,Bajaj Allianz,Net Banking Payment Bajaj Allianz,8830.08,INR,Net Banking,Debit,Insurance,Delhi,Delhi,India
670,TXN000671,2018-07-24,10:32:15,Credit Card Bill Payment,Net Banking Payment Credit Card Bill Payment,1661.33,INR,Net Banking,Debit,Bills,Hyderabad,Telangana,India
671,TXN000672,2018-07-24,21:53:50,Domino's India,POS Purchase Domino's India,211.12,INR,Credit Card,Debit,Food,Chennai,Tamil Nadu,India
672,TXN000673,2018-07-25,07:50:45,BEST,Electricity Bill BEST,5111.45,INR,Auto Debit,Debit,Bills,Mumbai,Maharashtra,India
673,TXN000674,2018-07-25,08:02:09,Jio,UPI Collect Jio,614.23,INR,UPI,Debit,Bills,Mumbai,Maharashtra,India
674,TXN000675,2018-07-25,17:57:09,Reliance Fresh,UPI Payment Reliance Fresh,465.69,INR,UPI,Debit,Groceries,Delhi,Delhi,India
675,TXN000676,2018-07-25,21:56:59,Local Wine & Beer Shop,UPI/DR/223572477952/Local Wine & Beer Shop,1698.31,INR,UPI,Debit,Food,Noida,Uttar Pradesh,India
676,TXN000677,2018-07-26,08:54:40,House Rent Payment,NEFT Rent Payment,43485.0,INR,NEFT,Debit,Rent,Indore,Madhya Pradesh,India
677,TXN000678,2018-07-26,11:07:13,HPCL,POS Purchase HPCL,3027.32,INR,Debit Card,Debit,Fuel,Nagpur,Maharashtra,India
678,TXN000679,2018-07-26,13:22:55,Netflix,UPI/Paytm/Netflix,319.96,INR,UPI,Debit,Entertainment,Jaipur,Rajasthan,India
679,TXN000680,2018-07-26,13:25:02,The Beer Cafe,UPI Collect The Beer Cafe,1804.91,INR,UPI,Debit,Food,Jaipur,Rajasthan,India
680,TXN000681,2018-07-26,14:50:40,Indian Oil,UPI Collect Indian Oil,3270.59,INR,UPI,Debit,Fuel,Bengaluru,Karnataka,India
681,TXN000682,2018-07-27,07:04:38,Credit Card Bill Payment,Net Banking Payment Credit Card Bill Payment,1281.97,INR,Net Banking,Debit,Bills,Bengaluru,Karnataka,India
682,TXN000683,2018-07-27,14:50:19,BPCL,POS Purchase BPCL,3373.49,INR,Debit Card,Debit,Fuel,Nagpur,Maharashtra,India
683,TXN000684,2018-07-27,20:56:18,Zomato,POS Purchase Zomato,415.08,INR,Debit Card,Debit,Food,Lucknow,Uttar Pradesh,India
684,TXN000685,2018-07-27,22:19:47,Burger King,UPI/DR/078782558598/Burger King,169.77,INR,UPI,Debit,Food,Noida,Uttar Pradesh,India
685,TXN000686,2018-07-28,13:32:07,EatClub,UPI Collect EatClub,419.26,INR,UPI,Debit,Food,Bengaluru,Karnataka,India
686,TXN000687,2018-07-28,15:39:02,Indian Oil,UPI Collect Indian Oil,3062.25,INR,UPI,Debit,Fuel,Indore,Madhya Pradesh,India
687,TXN000688,2018-07-29,07:07:09,Credit Card Bill Payment,Net Banking Payment Credit Card Bill Payment,1368.44,INR,Net Banking,Debit,Bills,Ahmedabad,Gujarat,India
688,TXN000689,2018-07-29,12:20:10,Local Barbershop,UPI Payment Local Barbershop,1566.84,INR,UPI,Debit,Miscellaneous,Bengaluru,Karnataka,India
689,TXN000690,2018-07-30,09:25:06,Airtel,UPI Collect Airtel,1340.07,INR,UPI,Debit,Bills,Bengaluru,Karnataka,India
690,TXN000691,2018-07-31,17:50:38,DMart,UPI/Paytm/DMart,995.31,INR,UPI,Debit,Groceries,Hyderabad,Telangana,India
691,TXN000692,2018-07-31,18:17:46,Ajio,POS Purchase Ajio,5641.04,INR,Debit Card,Debit,Shopping,Jaipur,Rajasthan,India
692,TXN000693,2018-07-31,18:40:24,Local Barbershop,UPI Payment Local Barbershop,1527.2,INR,UPI,Debit,Miscellaneous,Nagpur,Maharashtra,India
693,TXN000694,2018-07-31,19:40:47,BookMyShow,POS Purchase BookMyShow,311.18,INR,Debit Card,Debit,Entertainment,Surat,Gujarat,India
694,TXN000695,2018-07-31,20:47:53,Netflix,UPI Collect Netflix,665.54,INR,UPI,Debit,Entertainment,Kochi,Kerala,India
695,TXN000696,2018-07-31,20:50:26,Burger King,UPI/DR/027613112399/Burger King,163.72,INR,UPI,Debit,Food,Hyderabad,Telangana,India
696,TXN000697,2018-08-01,06:52:53,Credit Card Bill Payment,Auto Debit Credit Card Bill Payment,1189.92,INR,Auto Debit,Debit,Bills,Indore,Madhya Pradesh,India
697,TXN000698,2018-08-01,14:14:34,Blinkit,UPI Collect Blinkit,478.22,INR,UPI,Debit,Groceries,Ahmedabad,Gujarat,India
698,TXN000699,2018-08-01,14:54:59,Zomato,UPI/Paytm/Zomato,449.09,INR,UPI,Debit,Food,Nagpur,Maharashtra,India
699,TXN000700,2018-08-02,09:03:25,Credit Card Bill Payment,Net Banking Payment Credit Card Bill Payment,2662.02,INR,Net Banking,Debit,Bills,Bengaluru,Karnataka,India
700,TXN000701,2018-08-02,19:42:34,BigBasket,UPI/Paytm/BigBasket,614.88,INR,UPI,Debit,Groceries,Nagpur,Maharashtra,India
701,TXN000702,2018-08-03,00:33:24,Employer Salary Credit,NEFT Salary Credit,44682.35,INR,NEFT,Credit,Salary,Bengaluru,Karnataka,India
702,TXN000703,2018-08-03,09:16:29,Adani Electricity,Electricity Bill Adani Electricity,5150.03,INR,Auto Debit,Debit,Bills,Bengaluru,Karnataka,India
703,TXN000704,2018-08-03,10:00:04,Airtel,Auto Debit Airtel,630.89,INR,Auto Debit,Debit,Bills,Bengaluru,Karnataka,India
704,TXN000705,2018-08-03,11:25:19,BSNL,Auto Debit BSNL,645.23,INR,Auto Debit,Debit,Bills,Bengaluru,Karnataka,India
705,TXN000706,2018-08-03,16:33:22,Indian Oil,POS Purchase Indian Oil,3550.71,INR,Debit Card,Debit,Fuel,Hyderabad,Telangana,India
706,TXN000707,2018-08-03,22:01:53,BPCL,POS Purchase BPCL,3961.15,INR,Debit Card,Debit,Fuel,Kochi,Kerala,India
707,TXN000708,2018-08-04,07:17:42,HP Gas,UPI Collect HP Gas,387.63,INR,UPI,Debit,Bills,Bengaluru,Karnataka,India
708,TXN000709,2018-08-04,07:46:37,Credit Card Bill Payment,Net Banking Payment Credit Card Bill Payment,2664.95,INR,Net Banking,Debit,Bills,Bengaluru,Karnataka,India
709,TXN000710,2018-08-04,09:52:54,Blinkit,UPI Collect Blinkit,486.47,INR,UPI,Debit,Groceries,Pune,Maharashtra,India
710,TXN000711,2018-08-04,11:04:17,Ajio,Debit Card POS Ajio,593.55,INR,Debit Card,Debit,Shopping,Pune,Maharashtra,India
711,TXN000712,2018-08-06,08:09:30,Domino's India,POS Purchase Domino's India,447.69,INR,Debit Card,Debit,Food,Surat,Gujarat,India
712,TXN000713,2018-08-06,11:42:37,Spotify,Auto Debit Spotify,152.25,INR,Auto Debit,Debit,Subscription,Bengaluru,Karnataka,India
713,TXN000714,2018-08-06,19:41:59,Blinkit,UPI Payment Blinkit,604.65,INR,UPI,Debit,Groceries,Kolkata,West Bengal,India
714,TXN000715,2018-08-07,06:57:05,Spotify,Auto Debit Spotify,160.86,INR,Auto Debit,Debit,Subscription,Surat,Gujarat,India
715,TXN000716,2018-08-07,08:24:53,Netflix,UPI/Paytm/Netflix,321.81,INR,UPI,Debit,Entertainment,Hyderabad,Telangana,India
716,TXN000717,2018-08-07,08:48:58,Airtel,UPI/DR/741966192339/Airtel,1380.94,INR,UPI,Debit,Bills,Indore,Madhya Pradesh,India
717,TXN000718,2018-08-07,11:16:39,Airtel,UPI/Paytm/Airtel,1343.81,INR,UPI,Debit,Bills,Bengaluru,Karnataka,India
718,TXN000719,2018-08-08,06:58:12,Credit Card Bill Payment,Net Banking Payment Credit Card Bill Payment,1537.78,INR,Net Banking,Debit,Bills,Delhi,Delhi,India
719,TXN000720,2018-08-08,07:57:22,Credit Card Bill Payment,Net Banking Payment Credit Card Bill Payment,1139.35,INR,Net Banking,Debit,Bills,Chennai,Tamil Nadu,India
720,TXN000721,2018-08-08,10:10:32,Adani Electricity,Electricity Bill Adani Electricity,5237.62,INR,Auto Debit,Debit,Bills,Kochi,Kerala,India
721,TXN000722,2018-08-08,20:24:54,Meesho,UPI Collect Meesho,619.83,INR,UPI,Debit,Shopping,Bengaluru,Karnataka,India
722,TXN000723,2018-08-09,06:09:29,Credit Card Bill Payment,Auto Debit Credit Card Bill Payment,5803.34,INR,Auto Debit,Debit,Bills,Bengaluru,Karnataka,India
723,TXN000724,2018-08-09,10:00:54,Spotify,Auto Debit Spotify,151.53,INR,Auto Debit,Debit,Subscription,Bengaluru,Karnataka,India
724,TXN000725,2018-08-10,20:18:09,HPCL,UPI Payment HPCL,4080.38,INR,UPI,Debit,Fuel,Bengaluru,Karnataka,India
725,TXN000726,2018-08-11,20:12:00,BPCL,POS Purchase BPCL,4008.64,INR,Debit Card,Debit,Fuel,Bengaluru,Karnataka,India
726,TXN000727,2018-08-12,10:34:07,Reliance Fresh,Debit Card POS Reliance Fresh,500.52,INR,Debit Card,Debit,Groceries,Jaipur,Rajasthan,India
727,TXN000728,2018-08-13,09:44:44,House Rent Payment,NEFT Rent Payment,43897.05,INR,NEFT,Debit,Rent,Jaipur,Rajasthan,India
728,TXN000729,2018-08-13,21:23:15,Amazon India,UPI Collect Amazon India,642.32,INR,UPI,Debit,Shopping,Bengaluru,Karnataka,India
729,TXN000730,2018-08-13,22:48:01,Flipkart,UPI/Paytm/Flipkart,625.75,INR,UPI,Debit,Shopping,Kolkata,West Bengal,India
730,TXN000731,2018-08-14,22:39:36,BPCL,UPI/Paytm/BPCL,3362.94,INR,UPI,Debit,Fuel,Mumbai,Maharashtra,India
731,TXN000732,2018-08-15,06:13:56,Credit Card Bill Payment,Net Banking Payment Credit Card Bill Payment,1204.77,INR,Net Banking,Debit,Bills,Chennai,Tamil Nadu,India
732,TXN000733,2018-08-15,07:57:06,House Rent Payment,IMPS Transfer House Rent Payment,42678.72,INR,IMPS,Debit,Rent,Jaipur,Rajasthan,India
733,TXN000734,2018-08-15,11:08:04,Municipal Water Department,Net Banking Payment Municipal Water Department,211.64,INR,Net Banking,Debit,Bills,Bengaluru,Karnataka,India
734,TXN000735,2018-08-16,09:07:29,Amazon India,Debit Card POS Amazon India,2186.98,INR,Debit Card,Debit,Shopping,Bengaluru,Karnataka,India
735,TXN000736,2018-08-16,09:16:11,Tata Power,Electricity Bill Tata Power,5394.61,INR,Auto Debit,Debit,Bills,Ahmedabad,Gujarat,India
736,TXN000737,2018-08-16,11:13:36,Municipal Water Department,Auto Debit Municipal Water Department,223.79,INR,Auto Debit,Debit,Bills,Indore,Madhya Pradesh,India
737,TXN000738,2018-08-16,11:57:13,Credit Card Bill Payment,Auto Debit Credit Card Bill Payment,1136.72,INR,Auto Debit,Debit,Bills,Bengaluru,Karnataka,India
738,TXN000739,2018-08-16,12:55:00,Flipkart,POS Purchase Flipkart,605.15,INR,Credit Card,Debit,Shopping,Surat,Gujarat,India
739,TXN000740,2018-08-16,15:59:11,Amazon India,POS Purchase Amazon India,586.53,INR,Debit Card,Debit,Shopping,Bengaluru,Karnataka,India
740,TXN000741,2018-08-17,01:11:02,Employer Salary Credit,NEFT Salary Credit,46530.38,INR,NEFT,Credit,Salary,Delhi,Delhi,India
741,TXN000742,2018-08-17,09:49:46,Bajaj Allianz,Net Banking Payment Bajaj Allianz,8319.52,INR,Net Banking,Debit,Insurance,Delhi,Delhi,India
742,TXN000743,2018-08-17,11:49:40,Jio Fiber,Net Banking Payment Jio Fiber,1404.45,INR,Net Banking,Debit,Bills,Kolkata,West Bengal,India
743,TXN000744,2018-08-17,11:56:17,House Rent Payment,IMPS Transfer House Rent Payment,42866.76,INR,IMPS,Debit,Rent,Bengaluru,Karnataka,India
744,TXN000745,2018-08-17,18:07:55,Myntra,POS Purchase Myntra,2187.79,INR,Debit Card,Debit,Shopping,Ahmedabad,Gujarat,India
745,TXN000746,2018-08-18,06:46:31,Jio,Auto Debit Jio,593.41,INR,Auto Debit,Debit,Bills,Delhi,Delhi,India
746,TXN000747,2018-08-18,13:01:11,Faasos,Debit Card POS Faasos,205.22,INR,Debit Card,Debit,Food,Bengaluru,Karnataka,India
747,TXN000748,2018-08-20,07:07:58,Credit Card Bill Payment,Auto Debit Credit Card Bill Payment,1103.19,INR,Auto Debit,Debit,Bills,Delhi,Delhi,India
748,TXN000749,2018-08-20,09:04:44,Credit Card Bill Payment,Auto Debit Credit Card Bill Payment,1577.81,INR,Auto Debit,Debit,Bills,Mumbai,Maharashtra,India
749,TXN000750,2018-08-21,09:36:37,Zomato,UPI/Paytm/Zomato,461.3,INR,UPI,Debit,Food,Chennai,Tamil Nadu,India
750,TXN000751,2018-08-21,10:57:01,Bharat Gas,Auto Debit Bharat Gas,401.43,INR,Auto Debit,Debit,Bills,Kochi,Kerala,India
751,TXN000752,2018-08-21,11:47:41,Credit Card Bill Payment,Net Banking Payment Credit Card Bill Payment,1524.91,INR,Net Banking,Debit,Bills,Kolkata,West Bengal,India
752,TXN000753,2018-08-21,19:13:42,Indian Oil,UPI Payment Indian Oil,3203.68,INR,UPI,Debit,Fuel,Kochi,Kerala,India
753,TXN000754,2018-08-22,06:58:12,HDFC Ergo,Auto Debit HDFC Ergo,8758.84,INR,Auto Debit,Debit,Insurance,Bengaluru,Karnataka,India
754,TXN000755,2018-08-22,18:08:54,BPCL,Debit Card POS BPCL,3902.17,INR,Debit Card,Debit,Fuel,Noida,Uttar Pradesh,India
755,TXN000756,2018-08-22,19:49:38,Indian Oil,UPI/Paytm/Indian Oil,3791.73,INR,UPI,Debit,Fuel,Delhi,Delhi,India
756,TXN000757,2018-08-22,22:39:18,McDonald's India,Debit Card POS McDonald's India,200.18,INR,Debit Card,Debit,Food,Surat,Gujarat,India
757,TXN000758,2018-08-23,11:30:44,Credit Card Bill Payment,Net Banking Payment Credit Card Bill Payment,2699.98,INR,Net Banking,Debit,Bills,Bengaluru,Karnataka,India
758,TXN000759,2018-08-24,10:08:23,Myntra,Debit Card POS Myntra,539.42,INR,Debit Card,Debit,Shopping,Chennai,Tamil Nadu,India
759,TXN000760,2018-08-24,22:06:55,BookMyShow,UPI Payment BookMyShow,319.43,INR,UPI,Debit,Entertainment,Jaipur,Rajasthan,India
760,TXN000761,2018-08-25,06:36:46,Credit Card Bill Payment,Auto Debit Credit Card Bill Payment,1085.47,INR,Auto Debit,Debit,Bills,Surat,Gujarat,India
761,TXN000762,2018-08-25,21:15:56,DMart,UPI Collect DMart,493.8,INR,UPI,Debit,Groceries,Chennai,Tamil Nadu,India
762,TXN000763,2018-08-25,21:20:17,Nature's Basket,POS Purchase Nature's Basket,475.41,INR,Debit Card,Debit,Groceries,Lucknow,Uttar Pradesh,India
763,TXN000764,2018-08-26,07:00:25,Credit Card Bill Payment,Net Banking Payment Credit Card Bill Payment,1113.71,INR,Net Banking,Debit,Bills,Bengaluru,Karnataka,India
764,TXN000765,2018-08-26,13:42:21,BookMyShow,POS Purchase BookMyShow,319.18,INR,Credit Card,Debit,Entertainment,Kochi,Kerala,India
765,TXN000766,2018-08-28,08:21:39,Credit Card Bill Payment,Net Banking Payment Credit Card Bill Payment,1084.31,INR,Net Banking,Debit,Bills,Bengaluru,Karnataka,India
766,TXN000767,2018-08-28,09:10:25,Credit Card Bill Payment,Net Banking Payment Credit Card Bill Payment,5857.63,INR,Net Banking,Debit,Bills,Surat,Gujarat,India
767,TXN000768,2018-08-28,14:01:20,DMart,Debit Card POS DMart,636.02,INR,Debit Card,Debit,Groceries,Bengaluru,Karnataka,India
768,TXN000769,2018-08-28,22:54:06,Indian Oil,POS Purchase Indian Oil,3340.55,INR,Debit Card,Debit,Fuel,Mumbai,Maharashtra,India
769,TXN000770,2018-08-29,06:06:37,Credit Card Bill Payment,Auto Debit Credit Card Bill Payment,2708.78,INR,Auto Debit,Debit,Bills,Jaipur,Rajasthan,India
770,TXN000771,2018-08-29,09:08:08,LIC,Auto Debit LIC,8877.3,INR,Auto Debit,Debit,Insurance,Noida,Uttar Pradesh,India
771,TXN000772,2018-08-30,10:40:36,Credit Card Bill Payment,Net Banking Payment Credit Card Bill Payment,1882.66,INR,Net Banking,Debit,Bills,Chennai,Tamil Nadu,India
772,TXN000773,2018-08-30,13:35:03,Ajio,POS Purchase Ajio,555.7,INR,Debit Card,Debit,Shopping,Kolkata,West Bengal,India
773,TXN000774,2018-08-31,00:36:41,Employer Salary Credit,NEFT Salary Credit,43979.98,INR,NEFT,Credit,Salary,Pune,Maharashtra,India
774,TXN000775,2018-08-31,07:28:29,Credit Card Bill Payment,Net Banking Payment Credit Card Bill Payment,1853.94,INR,Net Banking,Debit,Bills,Bengaluru,Karnataka,India
775,TXN000776,2018-08-31,07:49:43,Credit Card Bill Payment,Net Banking Payment Credit Card Bill Payment,1851.55,INR,Net Banking,Debit,Bills,Pune,Maharashtra,India
776,TXN000777,2018-08-31,09:07:03,Bharat Gas,Net Banking Payment Bharat Gas,395.14,INR,Net Banking,Debit,Bills,Bengaluru,Karnataka,India
777,TXN000778,2018-08-31,09:48:56,McDonald's India,UPI/DR/181517890858/McDonald's India,201.34,INR,UPI,Debit,Food,Delhi,Delhi,India
778,TXN000779,2018-08-31,12:28:16,Indian Oil,UPI/Paytm/Indian Oil,3348.68,INR,UPI,Debit,Fuel,Chennai,Tamil Nadu,India
779,TXN000780,2018-09-01,07:36:22,Spotify,Auto Debit Spotify,154.1,INR,Auto Debit,Debit,Subscription,Hyderabad,Telangana,India
780,TXN000781,2018-09-01,08:04:18,Credit Card Bill Payment,Net Banking Payment Credit Card Bill Payment,5194.29,INR,Net Banking,Debit,Bills,Delhi,Delhi,India
781,TXN000782,2018-09-01,08:38:02,Spotify,Auto Debit Spotify,160.49,INR,Auto Debit,Debit,Subscription,Bengaluru,Karnataka,India
782,TXN000783,2018-09-01,11:55:09,Bharat Gas,UPI Payment Bharat Gas,385.44,INR,UPI,Debit,Bills,Chennai,Tamil Nadu,India
783,TXN000784,2018-09-01,12:59:37,Nature's Basket,UPI/Paytm/Nature's Basket,612.48,INR,UPI,Debit,Groceries,Noida,Uttar Pradesh,India
784,TXN000785,2018-09-01,22:42:14,Ajio,POS Purchase Ajio,562.58,INR,Debit Card,Debit,Shopping,Bengaluru,Karnataka,India
785,TXN000786,2018-09-02,07:32:01,Adani Electricity,Electricity Bill Adani Electricity,5067.72,INR,Auto Debit,Debit,Bills,Ahmedabad,Gujarat,India
786,TXN000787,2018-09-02,08:42:04,Jio Fiber,UPI Collect Jio Fiber,1362.57,INR,UPI,Debit,Bills,Kochi,Kerala,India
787,TXN000788,2018-09-02,09:58:52,Credit Card Bill Payment,Net Banking Payment Credit Card Bill Payment,1729.85,INR,Net Banking,Debit,Bills,Indore,Madhya Pradesh,India
788,TXN000789,2018-09-02,15:37:36,Meesho,POS Purchase Meesho,1482.08,INR,Credit Card,Debit,Shopping,Hyderabad,Telangana,India
789,TXN000790,2018-09-02,20:16:08,Blinkit,UPI Collect Blinkit,501.63,INR,UPI,Debit,Groceries,Surat,Gujarat,India
790,TXN000791,2018-09-02,22:29:21,Cafe Coffee Day,Debit Card POS Cafe Coffee Day,308.31,INR,Debit Card,Debit,Food,Bengaluru,Karnataka,India
791,TXN000792,2018-09-02,22:41:14,Local Wine & Beer Shop,Debit Card POS Local Wine & Beer Shop,2761.13,INR,Debit Card,Debit,Food,Bengaluru,Karnataka,India
792,TXN000793,2018-09-03,09:07:20,Myntra,POS Purchase Myntra,3301.54,INR,Debit Card,Debit,Shopping,Hyderabad,Telangana,India
793,TXN000794,2018-09-03,10:12:09,Blinkit,UPI Payment Blinkit,639.1,INR,UPI,Debit,Groceries,Indore,Madhya Pradesh,India
794,TXN000795,2018-09-03,11:34:26,Indian Oil,ATM Cash Withdrawal,3499.64,INR,Cash Withdrawal,Debit,Fuel,Bengaluru,Karnataka,India
795,TXN000796,2018-09-03,11:59:17,Airtel,UPI/Paytm/Airtel,1409.68,INR,UPI,Debit,Bills,Nagpur,Maharashtra,India
796,TXN000797,2018-09-03,17:04:31,Amazon India,UPI/DR/144893684873/Amazon India,1540.32,INR,UPI,Debit,Shopping,Surat,Gujarat,India
797,TXN000798,2018-09-04,07:29:35,BSNL,Auto Debit BSNL,585.96,INR,Auto Debit,Debit,Bills,Hyderabad,Telangana,India
798,TXN000799,2018-09-04,13:00:58,Burger King,UPI Payment Burger King,494.42,INR,UPI,Debit,Food,Bengaluru,Karnataka,India
799,TXN000800,2018-09-04,17:37:53,Myntra,POS Purchase Myntra,1518.29,INR,Debit Card,Debit,Shopping,Bengaluru,Karnataka,India
800,TXN000801,2018-09-05,08:15:35,Credit Card Bill Payment,Auto Debit Credit Card Bill Payment,5446.96,INR,Auto Debit,Debit,Bills,Indore,Madhya Pradesh,India
801,TXN000802,2018-09-05,09:44:06,Jio,UPI/DR/096573864238/Jio,639.49,INR,UPI,Debit,Bills,Bengaluru,Karnataka,India
802,TXN000803,2018-09-05,12:38:59,DMart,UPI/DR/784203040174/DMart,1351.14,INR,UPI,Debit,Groceries,Bengaluru,Karnataka,India
803,TXN000804,2018-09-05,13:19:47,Social,UPI Collect Social,2864.35,INR,UPI,Debit,Food,Ahmedabad,Gujarat,India
804,TXN000805,2018-09-05,13:34:45,Burger King,Debit Card POS Burger King,508.71,INR,Debit Card,Debit,Food,Jaipur,Rajasthan,India
805,TXN000806,2018-09-05,14:05:11,Ajio,UPI Collect Ajio,1523.94,INR,UPI,Debit,Shopping,Delhi,Delhi,India
806,TXN000807,2018-09-05,20:51:56,The Beer Cafe,Debit Card POS The Beer Cafe,2965.51,INR,Debit Card,Debit,Food,Bengaluru,Karnataka,India
807,TXN000808,2018-09-05,22:25:39,Indian Oil,UPI Payment Indian Oil,3755.57,INR,UPI,Debit,Fuel,Bengaluru,Karnataka,India
808,TXN000809,2018-09-06,07:01:58,BEST,Net Banking Payment BEST,5499.99,INR,Net Banking,Debit,Bills,Kolkata,West Bengal,India
809,TXN000810,2018-09-06,07:27:10,Credit Card Bill Payment,Net Banking Payment Credit Card Bill Payment,1704.5,INR,Net Banking,Debit,Bills,Bengaluru,Karnataka,India
810,TXN000811,2018-09-06,10:51:18,House Rent Payment,NEFT Rent Payment,46991.86,INR,NEFT,Debit,Rent,Kolkata,West Bengal,India
811,TXN000812,2018-09-06,13:57:45,Blinkit,UPI/Paytm/Blinkit,659.3,INR,UPI,Debit,Groceries,Ahmedabad,Gujarat,India
812,TXN000813,2018-09-08,18:05:52,Reliance Fresh,Debit Card POS Reliance Fresh,503.91,INR,Debit Card,Debit,Groceries,Ahmedabad,Gujarat,India
813,TXN000814,2018-09-08,20:37:49,Zepto,UPI/Paytm/Zepto,469.68,INR,UPI,Debit,Groceries,Chennai,Tamil Nadu,India
814,TXN000815,2018-09-09,09:09:58,Credit Card Bill Payment,Net Banking Payment Credit Card Bill Payment,1770.94,INR,Net Banking,Debit,Bills,Lucknow,Uttar Pradesh,India
815,TXN000816,2018-09-09,22:41:20,EatClub,Debit Card POS EatClub,313.36,INR,Debit Card,Debit,Food,Lucknow,Uttar Pradesh,India
816,TXN000817,2018-09-10,19:16:10,DMart,POS Purchase DMart,452.58,INR,Debit Card,Debit,Groceries,Noida,Uttar Pradesh,India
817,TXN000818,2018-09-10,19:39:22,Domino's India,POS Purchase Domino's India,309.01,INR,Credit Card,Debit,Food,Bengaluru,Karnataka,India
818,TXN000819,2018-09-11,13:54:20,Zomato,POS Purchase Zomato,513.67,INR,Credit Card,Debit,Food,Bengaluru,Karnataka,India
819,TXN000820,2018-09-11,16:15:09,Local Hardware Store,POS Purchase Local Hardware Store,583.2,INR,Debit Card,Debit,Miscellaneous,Bengaluru,Karnataka,India
820,TXN000821,2018-09-12,06:14:50,BEST,UPI/DR/289437923371/BEST,5439.07,INR,UPI,Debit,Bills,Kolkata,West Bengal,India
821,TXN000822,2018-09-12,12:44:14,Toit Brewpub,POS Purchase Toit Brewpub,1162.31,INR,Credit Card,Debit,Food,Lucknow,Uttar Pradesh,India
822,TXN000823,2018-09-12,14:18:26,DMart,UPI Payment DMart,439.51,INR,UPI,Debit,Groceries,Hyderabad,Telangana,India
823,TXN000824,2018-09-12,22:42:44,Flipkart,POS Purchase Flipkart,1511.81,INR,Debit Card,Debit,Shopping,Bengaluru,Karnataka,India
824,TXN000825,2018-09-13,06:43:10,HDFC Ergo,Net Banking Payment HDFC Ergo,8064.82,INR,Net Banking,Debit,Insurance,Ahmedabad,Gujarat,India
825,TXN000826,2018-09-13,11:12:46,House Rent Payment,IMPS Transfer House Rent Payment,42770.72,INR,IMPS,Debit,Rent,Pune,Maharashtra,India
826,TXN000827,2018-09-13,18:31:49,BPCL,Debit Card POS BPCL,3555.62,INR,Debit Card,Debit,Fuel,Bengaluru,Karnataka,India
827,TXN000828,2018-09-14,09:48:54,Employer Salary Credit,NEFT Salary Credit,43148.79,INR,NEFT,Credit,Salary,Delhi,Delhi,India
828,TXN000829,2018-09-14,14:11:51,DMart,Debit Card POS DMart,475.21,INR,Debit Card,Debit,Groceries,Bengaluru,Karnataka,India
829,TXN000830,2018-09-14,20:35:17,Blinkit,POS Purchase Blinkit,1428.96,INR,Debit Card,Debit,Groceries,Mumbai,Maharashtra,India
830,TXN000831,2018-09-15,06:27:08,Tata Power,Electricity Bill Tata Power,5473.28,INR,Auto Debit,Debit,Bills,Delhi,Delhi,India
831,TXN000832,2018-09-15,07:31:42,Credit Card Bill Payment,Net Banking Payment Credit Card Bill Payment,1762.92,INR,Net Banking,Debit,Bills,Bengaluru,Karnataka,India
832,TXN000833,2018-09-15,08:12:20,Home Depot India,POS Purchase Home Depot India,517.01,INR,Credit Card,Debit,Miscellaneous,Hyderabad,Telangana,India
833,TXN000834,2018-09-15,12:48:16,Blinkit,Debit Card POS Blinkit,532.78,INR,Debit Card,Debit,Groceries,Mumbai,Maharashtra,India
834,TXN000835,2018-09-16,07:04:30,ICICI Lombard,Auto Debit ICICI Lombard,8514.92,INR,Auto Debit,Debit,Insurance,Bengaluru,Karnataka,India
835,TXN000836,2018-09-16,13:19:50,Starbucks India,UPI Payment Starbucks India,181.24,INR,UPI,Debit,Food,Bengaluru,Karnataka,India
836,TXN000837,2018-09-16,21:44:09,BookMyShow,UPI Collect BookMyShow,296.94,INR,UPI,Debit,Entertainment,Delhi,Delhi,India
837,TXN000838,2018-09-17,07:37:20,Credit Card Bill Payment,Net Banking Payment Credit Card Bill Payment,2569.94,INR,Net Banking,Debit,Bills,Hyderabad,Telangana,India
838,TXN000839,2018-09-17,12:49:04,Home Depot India,POS Purchase Home Depot India,504.33,INR,Credit Card,Debit,Miscellaneous,Noida,Uttar Pradesh,India
839,TXN000840,2018-09-17,13:51:15,BookMyShow,POS Purchase BookMyShow,307.91,INR,Credit Card,Debit,Entertainment,Pune,Maharashtra,India
840,TXN000841,2018-09-19,09:50:26,Credit Card Bill Payment,Net Banking Payment Credit Card Bill Payment,2629.97,INR,Net Banking,Debit,Bills,Ahmedabad,Gujarat,India
841,TXN000842,2018-09-19,16:21:36,Zepto,UPI Collect Zepto,478.26,INR,UPI,Debit,Groceries,Bengaluru,Karnataka,India
842,TXN000843,2018-09-20,09:30:35,Credit Card Bill Payment,Auto Debit Credit Card Bill Payment,5180.11,INR,Auto Debit,Debit,Bills,Hyderabad,Telangana,India
843,TXN000844,2018-09-20,14:27:30,Local Hardware Store,UPI/DR/262347734996/Local Hardware Store,555.63,INR,UPI,Debit,Miscellaneous,Bengaluru,Karnataka,India
844,TXN000845,2018-09-21,08:56:46,Faasos,POS Purchase Faasos,332.28,INR,Debit Card,Debit,Food,Surat,Gujarat,India
845,TXN000846,2018-09-21,11:26:23,BPCL,ATM Cash Withdrawal,4012.65,INR,Cash Withdrawal,Debit,Fuel,Surat,Gujarat,India
846,TXN000847,2018-09-21,11:56:17,Indian Oil,ATM Cash Withdrawal,3736.29,INR,Cash Withdrawal,Debit,Fuel,Kolkata,West Bengal,India
847,TXN000848,2018-09-22,09:03:52,Spotify,Auto Debit Spotify,158.31,INR,Auto Debit,Debit,Subscription,Indore,Madhya Pradesh,India
848,TXN000849,2018-09-22,21:10:25,Zepto,UPI Collect Zepto,494.91,INR,UPI,Debit,Groceries,Bengaluru,Karnataka,India
849,TXN000850,2018-09-22,21:37:02,Nature's Basket,UPI/Paytm/Nature's Basket,495.85,INR,UPI,Debit,Groceries,Kolkata,West Bengal,India
850,TXN000851,2018-09-23,08:36:23,Chaayos,UPI/Paytm/Chaayos,180.49,INR,UPI,Debit,Food,Pune,Maharashtra,India
851,TXN000852,2018-09-23,16:55:23,Local Hardware Store,POS Purchase Local Hardware Store,525.72,INR,Credit Card,Debit,Miscellaneous,Bengaluru,Karnataka,India
852,TXN000853,2018-09-23,18:44:50,Naturals Salon,Debit Card POS Naturals Salon,1512.92,INR,Debit Card,Debit,Miscellaneous,Bengaluru,Karnataka,India
853,TXN000854,2018-09-24,07:58:31,House Rent Payment,IMPS Transfer House Rent Payment,47003.52,INR,IMPS,Debit,Rent,Kochi,Kerala,India
854,TXN000855,2018-09-24,08:01:14,Local Barbershop,UPI/DR/226669236212/Local Barbershop,1524.34,INR,UPI,Debit,Miscellaneous,Noida,Uttar Pradesh,India
855,TXN000856,2018-09-24,08:45:26,Credit Card Bill Payment,Net Banking Payment Credit Card Bill Payment,1748.2,INR,Net Banking,Debit,Bills,Kochi,Kerala,India
856,TXN000857,2018-09-24,09:43:13,Bajaj Allianz,Auto Debit Bajaj Allianz,8247.96,INR,Auto Debit,Debit,Insurance,Jaipur,Rajasthan,India
857,TXN000858,2018-09-24,11:57:24,Airtel,Auto Debit Airtel,624.64,INR,Auto Debit,Debit,Bills,Lucknow,Uttar Pradesh,India
858,TXN000859,2018-09-24,12:03:49,Naturals Salon,UPI Collect Naturals Salon,1580.1,INR,UPI,Debit,Miscellaneous,Jaipur,Rajasthan,India
859,TXN000860,2018-09-24,21:21:43,Netflix,UPI/Paytm/Netflix,327.1,INR,UPI,Debit,Entertainment,Bengaluru,Karnataka,India
860,TXN000861,2018-09-25,06:55:36,Bharat Gas,Auto Debit Bharat Gas,392.78,INR,Auto Debit,Debit,Bills,Bengaluru,Karnataka,India
861,TXN000862,2018-09-25,13:53:35,Blinkit,POS Purchase Blinkit,596.99,INR,Credit Card,Debit,Groceries,Noida,Uttar Pradesh,India
862,TXN000863,2018-09-25,19:02:26,Chaayos,UPI/Paytm/Chaayos,184.64,INR,UPI,Debit,Food,Lucknow,Uttar Pradesh,India
863,TXN000864,2018-09-27,06:09:38,Credit Card Bill Payment,Net Banking Payment Credit Card Bill Payment,1679.25,INR,Net Banking,Debit,Bills,Bengaluru,Karnataka,India
864,TXN000865,2018-09-27,09:44:47,BPCL,UPI/DR/646704676197/BPCL,3742.95,INR,UPI,Debit,Fuel,Bengaluru,Karnataka,India
865,TXN000866,2018-09-27,11:05:44,Blinkit,POS Purchase Blinkit,448.63,INR,Debit Card,Debit,Groceries,Bengaluru,Karnataka,India
866,TXN000867,2018-09-28,07:26:04,Credit Card Bill Payment,Net Banking Payment Credit Card Bill Payment,2655.6,INR,Net Banking,Debit,Bills,Kolkata,West Bengal,India
867,TXN000868,2018-09-28,08:51:42,Credit Card Bill Payment,Auto Debit Credit Card Bill Payment,5234.84,INR,Auto Debit,Debit,Bills,Bengaluru,Karnataka,India
868,TXN000869,2018-09-28,09:55:32,Employer Salary Credit,NEFT Salary Credit,44069.77,INR,NEFT,Credit,Salary,Lucknow,Uttar Pradesh,India
869,TXN000870,2018-09-28,11:57:45,Municipal Water Department,Net Banking Payment Municipal Water Department,223.88,INR,Net Banking,Debit,Bills,Surat,Gujarat,India
870,TXN000871,2018-09-28,12:54:20,Zomato,UPI/Paytm/Zomato,315.68,INR,UPI,Debit,Food,Indore,Madhya Pradesh,India
871,TXN000872,2018-09-28,21:13:46,Ajio,POS Purchase Ajio,547.54,INR,Credit Card,Debit,Shopping,Nagpur,Maharashtra,India
872,TXN000873,2018-09-29,09:28:13,Toit Brewpub,POS Purchase Toit Brewpub,2980.34,INR,Debit Card,Debit,Food,Bengaluru,Karnataka,India
873,TXN000874,2018-09-29,10:35:12,Credit Card Bill Payment,Auto Debit Credit Card Bill Payment,2640.31,INR,Auto Debit,Debit,Bills,Bengaluru,Karnataka,India
874,TXN000875,2018-09-29,10:42:14,Credit Card Bill Payment,Auto Debit Credit Card Bill Payment,1868.9,INR,Auto Debit,Debit,Bills,Bengaluru,Karnataka,India
875,TXN000876,2018-09-29,12:36:24,HPCL,UPI/Paytm/HPCL,3574.52,INR,UPI,Debit,Fuel,Hyderabad,Telangana,India
876,TXN000877,2018-09-29,19:14:23,HPCL,ATM Cash Withdrawal,3443.63,INR,Cash Withdrawal,Debit,Fuel,Bengaluru,Karnataka,India
877,TXN000878,2018-09-30,07:35:13,Indane Gas,Auto Debit Indane Gas,418.3,INR,Auto Debit,Debit,Bills,Bengaluru,Karnataka,India
878,TXN000879,2018-09-30,10:08:04,Airtel,Net Banking Payment Airtel,1389.87,INR,Net Banking,Debit,Bills,Surat,Gujarat,India
879,TXN000880,2018-09-30,10:16:10,DMart,UPI Collect DMart,569.22,INR,UPI,Debit,Groceries,Ahmedabad,Gujarat,India
880,TXN000881,2018-10-01,09:05:54,Local Hardware Store,UPI/DR/268028696768/Local Hardware Store,527.39,INR,UPI,Debit,Miscellaneous,Bengaluru,Karnataka,India
881,TXN000882,2018-10-01,19:57:45,Toit Brewpub,UPI/Paytm/Toit Brewpub,824.08,INR,UPI,Debit,Food,Ahmedabad,Gujarat,India
882,TXN000883,2018-10-01,21:55:05,Cafe Coffee Day,UPI/DR/854312547928/Cafe Coffee Day,139.87,INR,UPI,Debit,Food,Kolkata,West Bengal,India
883,TXN000884,2018-10-02,13:42:53,McDonald's India,UPI/DR/459610030643/McDonald's India,366.54,INR,UPI,Debit,Food,Kochi,Kerala,India
884,TXN000885,2018-10-03,06:51:20,Municipal Water Department,UPI/Paytm/Municipal Water Department,202.81,INR,UPI,Debit,Bills,Bengaluru,Karnataka,India
885,TXN000886,2018-10-03,16:43:18,Amazon India,UPI Collect Amazon India,767.69,INR,UPI,Debit,Shopping,Bengaluru,Karnataka,India
886,TXN000887,2018-10-03,21:37:24,McDonald's India,UPI Payment McDonald's India,326.55,INR,UPI,Debit,Food,Hyderabad,Telangana,India
887,TXN000888,2018-10-03,21:59:09,Nature's Basket,Debit Card POS Nature's Basket,467.71,INR,Debit Card,Debit,Groceries,Bengaluru,Karnataka,India
888,TXN000889,2018-10-04,09:31:53,Reliance Fresh,Debit Card POS Reliance Fresh,480.53,INR,Debit Card,Debit,Groceries,Bengaluru,Karnataka,India
889,TXN000890,2018-10-05,09:37:18,House Rent Payment,IMPS Transfer House Rent Payment,37184.06,INR,IMPS,Debit,Rent,Bengaluru,Karnataka,India
890,TXN000891,2018-10-05,09:37:50,EatClub,UPI/DR/155545004272/EatClub,351.64,INR,UPI,Debit,Food,Bengaluru,Karnataka,India
891,TXN000892,2018-10-05,21:22:40,BigBasket,UPI/DR/469758040665/BigBasket,478.99,INR,UPI,Debit,Groceries,Surat,Gujarat,India
892,TXN000893,2018-10-06,09:30:53,Credit Card Bill Payment,Auto Debit Credit Card Bill Payment,3046.88,INR,Auto Debit,Debit,Bills,Surat,Gujarat,India
893,TXN000894,2018-10-06,19:46:23,Cafe Coffee Day,POS Purchase Cafe Coffee Day,183.51,INR,Debit Card,Debit,Food,Surat,Gujarat,India
894,TXN000895,2018-10-06,22:35:25,EatClub,POS Purchase EatClub,155.91,INR,Debit Card,Debit,Food,Bengaluru,Karnataka,India
895,TXN000896,2018-10-06,22:59:14,Ace Hardware India,Debit Card POS Ace Hardware India,561.84,INR,Debit Card,Debit,Miscellaneous,Bengaluru,Karnataka,India
896,TXN000897,2018-10-07,10:12:19,Spotify,Auto Debit Spotify,155.39,INR,Auto Debit,Debit,Subscription,Bengaluru,Karnataka,India
897,TXN000898,2018-10-07,10:20:07,Credit Card Bill Payment,Net Banking Payment Credit Card Bill Payment,2969.0,INR,Net Banking,Debit,Bills,Nagpur,Maharashtra,India
898,TXN000899,2018-10-07,14:16:42,Flipkart,UPI Payment Flipkart,1002.09,INR,UPI,Debit,Shopping,Bengaluru,Karnataka,India
899,TXN000900,2018-10-07,22:04:13,Swiggy,UPI/DR/721211562902/Swiggy,366.9,INR,UPI,Debit,Food,Ahmedabad,Gujarat,India
900,TXN000901,2018-10-08,10:52:11,HDFC Ergo,Auto Debit HDFC Ergo,8691.83,INR,Auto Debit,Debit,Insurance,Ahmedabad,Gujarat,India
901,TXN000902,2018-10-08,20:13:32,Social,Debit Card POS Social,878.19,INR,Debit Card,Debit,Food,Chennai,Tamil Nadu,India
902,TXN000903,2018-10-09,12:50:23,Local Hardware Store,POS Purchase Local Hardware Store,493.77,INR,Debit Card,Debit,Miscellaneous,Chennai,Tamil Nadu,India
903,TXN000904,2018-10-10,11:15:45,Spotify,Auto Debit Spotify,164.84,INR,Auto Debit,Debit,Subscription,Indore,Madhya Pradesh,India
904,TXN000905,2018-10-10,16:02:21,Meesho,POS Purchase Meesho,735.32,INR,Credit Card,Debit,Shopping,Noida,Uttar Pradesh,India
905,TXN000906,2018-10-11,06:23:24,House Rent Payment,NEFT Rent Payment,33955.28,INR,NEFT,Debit,Rent,Bengaluru,Karnataka,India
906,TXN000907,2018-10-11,09:56:10,BSNL,Auto Debit BSNL,606.97,INR,Auto Debit,Debit,Bills,Kolkata,West Bengal,India
907,TXN000908,2018-10-11,11:29:07,Netflix,Debit Card POS Netflix,297.03,INR,Debit Card,Debit,Entertainment,Mumbai,Maharashtra,India
908,TXN000909,2018-10-12,08:01:03,Cafe Coffee Day,UPI Payment Cafe Coffee Day,348.96,INR,UPI,Debit,Food,Bengaluru,Karnataka,India
909,TXN000910,2018-10-12,09:42:03,Employer Salary Credit,NEFT Salary Credit,47321.64,INR,NEFT,Credit,Salary,Bengaluru,Karnataka,India
910,TXN000911,2018-10-12,09:45:52,Tata Power,UPI Collect Tata Power,5035.76,INR,UPI,Debit,Bills,Lucknow,Uttar Pradesh,India
911,TXN000912,2018-10-12,11:27:21,Credit Card Bill Payment,Net Banking Payment Credit Card Bill Payment,4020.55,INR,Net Banking,Debit,Bills,Bengaluru,Karnataka,India
912,TXN000913,2018-10-12,14:34:09,McDonald's India,POS Purchase McDonald's India,565.53,INR,Credit Card,Debit,Food,Bengaluru,Karnataka,India
913,TXN000914,2018-10-12,16:57:01,HPCL,UPI Collect HPCL,3223.32,INR,UPI,Debit,Fuel,Bengaluru,Karnataka,India
914,TXN000915,2018-10-12,22:52:11,Zomato,UPI/DR/599221579639/Zomato,340.08,INR,UPI,Debit,Food,Bengaluru,Karnataka,India
915,TXN000916,2018-10-13,09:23:51,Indian Oil,UPI/DR/238160108120/Indian Oil,3786.34,INR,UPI,Debit,Fuel,Nagpur,Maharashtra,India
916,TXN000917,2018-10-13,10:35:11,House Rent Payment,IMPS Transfer House Rent Payment,36629.5,INR,IMPS,Debit,Rent,Ahmedabad,Gujarat,India
917,TXN000918,2018-10-13,19:37:36,EatClub,POS Purchase EatClub,147.01,INR,Debit Card,Debit,Food,Ahmedabad,Gujarat,India
918,TXN000919,2018-10-14,14:25:26,Blinkit,POS Purchase Blinkit,683.14,INR,Credit Card,Debit,Groceries,Lucknow,Uttar Pradesh,India
919,TXN000920,2018-10-15,08:44:14,Amazon India,UPI Payment Amazon India,1001.89,INR,UPI,Debit,Shopping,Ahmedabad,Gujarat,India
920,TXN000921,2018-10-15,09:11:00,Municipal Water Department,Auto Debit Municipal Water Department,225.65,INR,Auto Debit,Debit,Bills,Indore,Madhya Pradesh,India
921,TXN000922,2018-10-15,10:35:00,Credit Card Bill Payment,Net Banking Payment Credit Card Bill Payment,4124.8,INR,Net Banking,Debit,Bills,Pune,Maharashtra,India
922,TXN000923,2018-10-15,13:43:09,Cafe Coffee Day,POS Purchase Cafe Coffee Day,319.73,INR,Debit Card,Debit,Food,Bengaluru,Karnataka,India
923,TXN000924,2018-10-16,07:09:04,BEST,UPI Payment BEST,5399.27,INR,UPI,Debit,Bills,Jaipur,Rajasthan,India
924,TXN000925,2018-10-16,08:43:03,Airtel,Auto Debit Airtel,1268.37,INR,Auto Debit,Debit,Bills,Chennai,Tamil Nadu,India
925,TXN000926,2018-10-16,09:43:45,DMart,UPI/Paytm/DMart,716.37,INR,UPI,Debit,Groceries,Surat,Gujarat,India
926,TXN000927,2018-10-16,09:54:47,Flipkart,POS Purchase Flipkart,553.34,INR,Debit Card,Debit,Shopping,Bengaluru,Karnataka,India
927,TXN000928,2018-10-16,09:59:17,Airtel,Net Banking Payment Airtel,590.1,INR,Net Banking,Debit,Bills,Pune,Maharashtra,India
928,TXN000929,2018-10-16,10:12:30,Credit Card Bill Payment,Auto Debit Credit Card Bill Payment,1742.44,INR,Auto Debit,Debit,Bills,Ahmedabad,Gujarat,India
929,TXN000930,2018-10-16,20:24:27,BigBasket,UPI/DR/671130103614/BigBasket,692.76,INR,UPI,Debit,Groceries,Bengaluru,Karnataka,India
930,TXN000931,2018-10-17,07:14:04,Credit Card Bill Payment,Net Banking Payment Credit Card Bill Payment,1777.27,INR,Net Banking,Debit,Bills,Bengaluru,Karnataka,India
931,TXN000932,2018-10-17,14:49:36,Home Depot India,POS Purchase Home Depot India,527.35,INR,Credit Card,Debit,Miscellaneous,Mumbai,Maharashtra,India
932,TXN000933,2018-10-18,09:48:37,BSNL,Auto Debit BSNL,658.32,INR,Auto Debit,Debit,Bills,Kolkata,West Bengal,India
933,TXN000934,2018-10-18,11:42:47,Credit Card Bill Payment,Net Banking Payment Credit Card Bill Payment,1634.35,INR,Net Banking,Debit,Bills,Kochi,Kerala,India
934,TXN000935,2018-10-18,17:54:28,Local Hardware Store,UPI/Paytm/Local Hardware Store,517.85,INR,UPI,Debit,Miscellaneous,Bengaluru,Karnataka,India
935,TXN000936,2018-10-19,09:18:04,Bharat Gas,Net Banking Payment Bharat Gas,379.78,INR,Net Banking,Debit,Bills,Bengaluru,Karnataka,India
936,TXN000937,2018-10-19,20:43:44,Netflix,Debit Card POS Netflix,329.26,INR,Debit Card,Debit,Entertainment,Bengaluru,Karnataka,India
937,TXN000938,2018-10-20,09:19:19,Credit Card Bill Payment,Auto Debit Credit Card Bill Payment,1777.45,INR,Auto Debit,Debit,Bills,Hyderabad,Telangana,India
938,TXN000939,2018-10-20,11:20:57,Nature's Basket,POS Purchase Nature's Basket,1469.11,INR,Credit Card,Debit,Groceries,Bengaluru,Karnataka,India
939,TXN000940,2018-10-20,14:43:12,Blinkit,UPI Collect Blinkit,510.12,INR,UPI,Debit,Groceries,Delhi,Delhi,India
940,TXN000941,2018-10-20,17:36:50,HPCL,UPI Collect HPCL,3455.11,INR,UPI,Debit,Fuel,Noida,Uttar Pradesh,India
941,TXN000942,2018-10-21,07:28:05,Credit Card Bill Payment,Net Banking Payment Credit Card Bill Payment,3188.09,INR,Net Banking,Debit,Bills,Bengaluru,Karnataka,India
942,TXN000943,2018-10-21,09:30:52,BSNL,Auto Debit BSNL,1344.73,INR,Auto Debit,Debit,Bills,Kolkata,West Bengal,India
943,TXN000944,2018-10-21,11:34:55,Netflix,POS Purchase Netflix,313.41,INR,Credit Card,Debit,Entertainment,Pune,Maharashtra,India
944,TXN000945,2018-10-22,11:01:44,Municipal Water Department,Auto Debit Municipal Water Department,206.8,INR,Auto Debit,Debit,Bills,Pune,Maharashtra,India
945,TXN000946,2018-10-22,11:11:23,Spotify,Auto Debit Spotify,167.03,INR,Auto Debit,Debit,Subscription,Mumbai,Maharashtra,India
946,TXN000947,2018-10-22,18:21:14,Myntra,UPI/DR/464105990541/Myntra,1086.21,INR,UPI,Debit,Shopping,Bengaluru,Karnataka,India
947,TXN000948,2018-10-23,09:04:25,Credit Card Bill Payment,Auto Debit Credit Card Bill Payment,1789.78,INR,Auto Debit,Debit,Bills,Mumbai,Maharashtra,India
948,TXN000949,2018-10-23,09:05:37,Nature's Basket,UPI/Paytm/Nature's Basket,504.71,INR,UPI,Debit,Groceries,Indore,Madhya Pradesh,India
949,TXN000950,2018-10-23,11:53:25,Credit Card Bill Payment,Auto Debit Credit Card Bill Payment,3081.25,INR,Auto Debit,Debit,Bills,Hyderabad,Telangana,India
950,TXN000951,2018-10-23,13:17:53,Cafe Coffee Day,Debit Card POS Cafe Coffee Day,143.32,INR,Debit Card,Debit,Food,Nagpur,Maharashtra,India
951,TXN000952,2018-10-23,15:10:44,BigBasket,UPI/DR/597983713634/BigBasket,474.49,INR,UPI,Debit,Groceries,Kochi,Kerala,India
952,TXN000953,2018-10-24,06:50:45,Tata Power,Electricity Bill Tata Power,5121.78,INR,Auto Debit,Debit,Bills,Pune,Maharashtra,India
953,TXN000954,2018-10-24,19:45:12,Amazon India,UPI Payment Amazon India,777.85,INR,UPI,Debit,Shopping,Kochi,Kerala,India
954,TXN000955,2018-10-24,22:58:06,HPCL,UPI/Paytm/HPCL,3418.3,INR,UPI,Debit,Fuel,Indore,Madhya Pradesh,India
955,TXN000956,2018-10-25,10:31:30,Credit Card Bill Payment,Auto Debit Credit Card Bill Payment,1734.05,INR,Auto Debit,Debit,Bills,Hyderabad,Telangana,India
956,TXN000957,2018-10-25,10:36:26,Blinkit,UPI Collect Blinkit,1080.06,INR,UPI,Debit,Groceries,Delhi,Delhi,India
957,TXN000958,2018-10-25,12:29:41,Home Depot India,POS Purchase Home Depot India,549.54,INR,Credit Card,Debit,Miscellaneous,Mumbai,Maharashtra,India
958,TXN000959,2018-10-26,00:19:15,Employer Salary Credit,NEFT Salary Credit,43257.38,INR,NEFT,Credit,Salary,Chennai,Tamil Nadu,India
959,TXN000960,2018-10-26,13:05:46,Reliance Fresh,POS Purchase Reliance Fresh,1132.92,INR,Credit Card,Debit,Groceries,Bengaluru,Karnataka,India
960,TXN000961,2018-10-27,20:07:53,Zomato,UPI Collect Zomato,183.83,INR,UPI,Debit,Food,Delhi,Delhi,India
961,TXN000962,2018-10-28,11:30:22,Credit Card Bill Payment,Net Banking Payment Credit Card Bill Payment,3089.02,INR,Net Banking,Debit,Bills,Bengaluru,Karnataka,India
962,TXN000963,2018-10-29,07:37:46,HDFC Ergo,Net Banking Payment HDFC Ergo,7996.21,INR,Net Banking,Debit,Insurance,Surat,Gujarat,India
963,TXN000964,2018-10-29,08:39:20,EatClub,UPI Payment EatClub,145.09,INR,UPI,Debit,Food,Delhi,Delhi,India
964,TXN000965,2018-10-29,10:38:55,Blinkit,UPI Payment Blinkit,1016.07,INR,UPI,Debit,Groceries,Bengaluru,Karnataka,India
965,TXN000966,2018-10-29,12:50:42,Reliance Fresh,UPI/DR/963726184290/Reliance Fresh,1029.87,INR,UPI,Debit,Groceries,Kochi,Kerala,India
966,TXN000967,2018-10-30,08:10:33,BSNL,Net Banking Payment BSNL,1326.45,INR,Net Banking,Debit,Bills,Noida,Uttar Pradesh,India
967,TXN000968,2018-10-30,08:14:10,Local Hardware Store,Debit Card POS Local Hardware Store,539.81,INR,Debit Card,Debit,Miscellaneous,Delhi,Delhi,India
968,TXN000969,2018-10-30,13:40:30,BPCL,POS Purchase BPCL,3108.81,INR,Debit Card,Debit,Fuel,Bengaluru,Karnataka,India
969,TXN000970,2018-10-30,21:35:33,BigBasket,POS Purchase BigBasket,1125.77,INR,Credit Card,Debit,Groceries,Bengaluru,Karnataka,India
970,TXN000971,2018-10-30,22:06:45,Myntra,Debit Card POS Myntra,979.0,INR,Debit Card,Debit,Shopping,Mumbai,Maharashtra,India
971,TXN000972,2018-10-31,09:39:19,Credit Card Bill Payment,Auto Debit Credit Card Bill Payment,3116.17,INR,Auto Debit,Debit,Bills,Lucknow,Uttar Pradesh,India
972,TXN000973,2018-10-31,11:09:40,Credit Card Bill Payment,Net Banking Payment Credit Card Bill Payment,1724.33,INR,Net Banking,Debit,Bills,Bengaluru,Karnataka,India
973,TXN000974,2018-10-31,11:17:22,Indane Gas,Auto Debit Indane Gas,404.08,INR,Auto Debit,Debit,Bills,Nagpur,Maharashtra,India
974,TXN000975,2018-10-31,19:30:07,Ace Hardware India,UPI/DR/716095716328/Ace Hardware India,562.34,INR,UPI,Debit,Miscellaneous,Noida,Uttar Pradesh,India
975,TXN000976,2018-11-01,08:16:50,Jio Fiber,Auto Debit Jio Fiber,1267.7,INR,Auto Debit,Debit,Bills,Lucknow,Uttar Pradesh,India
976,TXN000977,2018-11-01,22:14:07,HPCL,ATM Cash Withdrawal,3626.73,INR,Cash Withdrawal,Debit,Fuel,Jaipur,Rajasthan,India
977,TXN000978,2018-11-02,08:19:50,BEST,Electricity Bill BEST,5293.45,INR,Auto Debit,Debit,Bills,Bengaluru,Karnataka,India
978,TXN000979,2018-11-02,09:38:33,Credit Card Bill Payment,Auto Debit Credit Card Bill Payment,4521.28,INR,Auto Debit,Debit,Bills,Hyderabad,Telangana,India
979,TXN000980,2018-11-02,22:13:29,Burger King,UPI/Paytm/Burger King,359.66,INR,UPI,Debit,Food,Jaipur,Rajasthan,India
980,TXN000981,2018-11-04,09:43:23,Nykaa,Debit Card POS Nykaa,561.44,INR,Debit Card,Debit,Shopping,Noida,Uttar Pradesh,India
981,TXN000982,2018-11-04,10:02:41,BEST,Electricity Bill BEST,5261.72,INR,Auto Debit,Debit,Bills,Bengaluru,Karnataka,India
982,TXN000983,2018-11-04,11:28:50,Ace Hardware India,Debit Card POS Ace Hardware India,504.7,INR,Debit Card,Debit,Miscellaneous,Ahmedabad,Gujarat,India
983,TXN000984,2018-11-04,11:50:47,Credit Card Bill Payment,Auto Debit Credit Card Bill Payment,4735.75,INR,Auto Debit,Debit,Bills,Kochi,Kerala,India
984,TXN000985,2018-11-04,12:17:22,Home Depot India,POS Purchase Home Depot India,481.31,INR,Credit Card,Debit,Miscellaneous,Kochi,Kerala,India
985,TXN000986,2018-11-04,13:13:28,McDonald's India,UPI Collect McDonald's India,315.53,INR,UPI,Debit,Food,Jaipur,Rajasthan,India
986,TXN000987,2018-11-04,19:21:08,McDonald's India,POS Purchase McDonald's India,293.29,INR,Debit Card,Debit,Food,Nagpur,Maharashtra,India
987,TXN000988,2018-11-04,20:05:42,Social,POS Purchase Social,1112.88,INR,Debit Card,Debit,Food,Bengaluru,Karnataka,India
988,TXN000989,2018-11-05,09:11:32,House Rent Payment,IMPS Transfer House Rent Payment,36944.2,INR,IMPS,Debit,Rent,Bengaluru,Karnataka,India
989,TXN000990,2018-11-05,09:11:46,Netflix,UPI/Paytm/Netflix,448.12,INR,UPI,Debit,Entertainment,Delhi,Delhi,India
990,TXN000991,2018-11-05,14:58:11,Local Hardware Store,UPI Payment Local Hardware Store,523.61,INR,UPI,Debit,Miscellaneous,Bengaluru,Karnataka,India
991,TXN000992,2018-11-05,20:30:46,DMart,POS Purchase DMart,470.81,INR,Debit Card,Debit,Groceries,Jaipur,Rajasthan,India
992,TXN000993,2018-11-05,22:01:26,Social,Debit Card POS Social,1779.1,INR,Debit Card,Debit,Food,Delhi,Delhi,India
993,TXN000994,2018-11-06,06:05:46,Bharat Gas,UPI/DR/927976678144/Bharat Gas,405.79,INR,UPI,Debit,Bills,Bengaluru,Karnataka,India
994,TXN000995,2018-11-06,09:41:59,Reliance Fresh,UPI/DR/065651809906/Reliance Fresh,556.42,INR,UPI,Debit,Groceries,Ahmedabad,Gujarat,India
995,TXN000996,2018-11-06,19:12:42,BigBasket,UPI Payment BigBasket,506.3,INR,UPI,Debit,Groceries,Bengaluru,Karnataka,India
996,TXN000997,2018-11-06,19:19:09,BookMyShow,POS Purchase BookMyShow,469.9,INR,Credit Card,Debit,Entertainment,Bengaluru,Karnataka,India
997,TXN000998,2018-11-06,19:32:55,Zepto,Debit Card POS Zepto,484.36,INR,Debit Card,Debit,Groceries,Indore,Madhya Pradesh,India
998,TXN000999,2018-11-07,07:13:05,Spotify,Auto Debit Spotify,161.44,INR,Auto Debit,Debit,Subscription,Kolkata,West Bengal,India
999,TXN001000,2018-11-07,07:50:27,Bajaj Allianz,Net Banking Payment Bajaj Allianz,8766.29,INR,Net Banking,Debit,Insurance,Hyderabad,Telangana,India
1000,TXN001001,2018-11-07,10:41:25,Meesho,POS Purchase Meesho,1773.92,INR,Credit Card,Debit,Shopping,Kochi,Kerala,India
1001,TXN001002,2018-11-07,11:28:55,Bajaj Allianz,Net Banking Payment Bajaj Allianz,8837.97,INR,Net Banking,Debit,Insurance,Kolkata,West Bengal,India
1002,TXN001003,2018-11-07,18:46:15,Home Depot India,Debit Card POS Home Depot India,551.33,INR,Debit Card,Debit,Miscellaneous,Kochi,Kerala,India
1003,TXN001004,2018-11-07,19:02:20,Zomato,POS Purchase Zomato,311.12,INR,Credit Card,Debit,Food,Lucknow,Uttar Pradesh,India
1004,TXN001005,2018-11-08,11:50:45,DMart,UPI Payment DMart,571.26,INR,UPI,Debit,Groceries,Kolkata,West Bengal,India
1005,TXN001006,2018-11-08,14:40:02,Indian Oil,UPI Collect Indian Oil,3556.06,INR,UPI,Debit,Fuel,Lucknow,Uttar Pradesh,India
1006,TXN001007,2018-11-08,18:54:27,HPCL,ATM Cash Withdrawal,2822.94,INR,Cash Withdrawal,Debit,Fuel,Pune,Maharashtra,India
1007,TXN001008,2018-11-08,22:34:24,Social,Debit Card POS Social,1389.0,INR,Debit Card,Debit,Food,Lucknow,Uttar Pradesh,India
1008,TXN001009,2018-11-09,06:59:43,Credit Card Bill Payment,Auto Debit Credit Card Bill Payment,4261.72,INR,Auto Debit,Debit,Bills,Bengaluru,Karnataka,India
1009,TXN001010,2018-11-09,08:09:38,Adani Electricity,UPI/Paytm/Adani Electricity,5187.31,INR,UPI,Debit,Bills,Hyderabad,Telangana,India
1010,TXN001011,2018-11-09,08:19:58,Domino's India,UPI Payment Domino's India,318.78,INR,UPI,Debit,Food,Bengaluru,Karnataka,India
1011,TXN001012,2018-11-09,08:53:05,Spotify,Auto Debit Spotify,153.32,INR,Auto Debit,Debit,Subscription,Bengaluru,Karnataka,India
1012,TXN001013,2018-11-09,09:45:26,Employer Salary Credit,NEFT Salary Credit,45909.56,INR,NEFT,Credit,Salary,Nagpur,Maharashtra,India
1013,TXN001014,2018-11-09,17:59:00,Reliance Fresh,POS Purchase Reliance Fresh,473.16,INR,Debit Card,Debit,Groceries,Bengaluru,Karnataka,India
1014,TXN001015,2018-11-10,08:24:28,Meesho,UPI Collect Meesho,551.56,INR,UPI,Debit,Shopping,Bengaluru,Karnataka,India
1015,TXN001016,2018-11-10,09:09:20,Credit Card Bill Payment,Auto Debit Credit Card Bill Payment,2411.38,INR,Auto Debit,Debit,Bills,Jaipur,Rajasthan,India
1016,TXN001017,2018-11-10,10:59:42,Zepto,UPI Payment Zepto,1082.28,INR,UPI,Debit,Groceries,Lucknow,Uttar Pradesh,India
1017,TXN001018,2018-11-10,11:55:06,BSNL,UPI Payment BSNL,604.65,INR,UPI,Debit,Bills,Pune,Maharashtra,India
1018,TXN001019,2018-11-10,14:07:49,The Beer Cafe,UPI Payment The Beer Cafe,1086.98,INR,UPI,Debit,Food,Pune,Maharashtra,India
1019,TXN001020,2018-11-10,14:37:37,Home Depot India,POS Purchase Home Depot India,513.86,INR,Debit Card,Debit,Miscellaneous,Noida,Uttar Pradesh,India
1020,TXN001021,2018-11-10,19:12:34,BigBasket,UPI/Paytm/BigBasket,485.11,INR,UPI,Debit,Groceries,Bengaluru,Karnataka,India
1021,TXN001022,2018-11-11,06:08:03,BEST,Electricity Bill BEST,5481.5,INR,Auto Debit,Debit,Bills,Indore,Madhya Pradesh,India
1022,TXN001023,2018-11-11,06:54:11,Credit Card Bill Payment,Net Banking Payment Credit Card Bill Payment,2594.12,INR,Net Banking,Debit,Bills,Bengaluru,Karnataka,India
1023,TXN001024,2018-11-11,07:41:55,House Rent Payment,IMPS Transfer House Rent Payment,35502.8,INR,IMPS,Debit,Rent,Jaipur,Rajasthan,India
1024,TXN001025,2018-11-11,11:26:01,Zepto,Debit Card POS Zepto,509.7,INR,Debit Card,Debit,Groceries,Bengaluru,Karnataka,India
1025,TXN001026,2018-11-11,12:23:22,The Beer Cafe,UPI/Paytm/The Beer Cafe,1250.82,INR,UPI,Debit,Food,Indore,Madhya Pradesh,India
1026,TXN001027,2018-11-11,19:25:43,BigBasket,POS Purchase BigBasket,548.31,INR,Credit Card,Debit,Groceries,Lucknow,Uttar Pradesh,India
1027,TXN001028,2018-11-12,15:46:58,Ace Hardware India,Debit Card POS Ace Hardware India,500.83,INR,Debit Card,Debit,Miscellaneous,Nagpur,Maharashtra,India
1028,TXN001029,2018-11-12,20:03:01,BigBasket,Debit Card POS BigBasket,540.44,INR,Debit Card,Debit,Groceries,Bengaluru,Karnataka,India
1029,TXN001030,2018-11-13,20:11:24,Domino's India,POS Purchase Domino's India,288.29,INR,Credit Card,Debit,Food,Bengaluru,Karnataka,India
1030,TXN001031,2018-11-14,07:24:12,Adani Electricity,Electricity Bill Adani Electricity,5252.32,INR,Auto Debit,Debit,Bills,Jaipur,Rajasthan,India
1031,TXN001032,2018-11-14,09:12:09,Credit Card Bill Payment,Net Banking Payment Credit Card Bill Payment,2431.4,INR,Net Banking,Debit,Bills,Indore,Madhya Pradesh,India
1032,TXN001033,2018-11-15,08:05:48,Bajaj Allianz,Net Banking Payment Bajaj Allianz,8736.68,INR,Net Banking,Debit,Insurance,Bengaluru,Karnataka,India
1033,TXN001034,2018-11-15,10:25:38,Credit Card Bill Payment,Auto Debit Credit Card Bill Payment,5839.94,INR,Auto Debit,Debit,Bills,Delhi,Delhi,India
1034,TXN001035,2018-11-15,21:12:14,Ace Hardware India,POS Purchase Ace Hardware India,476.97,INR,Credit Card,Debit,Miscellaneous,Ahmedabad,Gujarat,India
1035,TXN001036,2018-11-16,06:23:12,Credit Card Bill Payment,Net Banking Payment Credit Card Bill Payment,4374.81,INR,Net Banking,Debit,Bills,Bengaluru,Karnataka,India
1036,TXN001037,2018-11-16,14:11:52,Cafe Coffee Day,Debit Card POS Cafe Coffee Day,306.03,INR,Debit Card,Debit,Food,Bengaluru,Karnataka,India
1037,TXN001038,2018-11-16,21:12:34,Blinkit,UPI/Paytm/Blinkit,887.98,INR,UPI,Debit,Groceries,Kochi,Kerala,India
1038,TXN001039,2018-11-17,06:07:57,Credit Card Bill Payment,Auto Debit Credit Card Bill Payment,3420.41,INR,Auto Debit,Debit,Bills,Mumbai,Maharashtra,India
1039,TXN001040,2018-11-17,15:01:39,Ace Hardware India,UPI Collect Ace Hardware India,509.82,INR,UPI,Debit,Miscellaneous,Bengaluru,Karnataka,India
1040,TXN001041,2018-11-18,06:21:23,Credit Card Bill Payment,Auto Debit Credit Card Bill Payment,5677.07,INR,Auto Debit,Debit,Bills,Lucknow,Uttar Pradesh,India
1041,TXN001042,2018-11-18,11:28:41,BookMyShow,UPI Payment BookMyShow,298.35,INR,UPI,Debit,Entertainment,Noida,Uttar Pradesh,India
1042,TXN001043,2018-11-18,12:14:56,DMart,UPI Payment DMart,594.13,INR,UPI,Debit,Groceries,Indore,Madhya Pradesh,India
1043,TXN001044,2018-11-18,19:20:08,DMart,Debit Card POS DMart,465.99,INR,Debit Card,Debit,Groceries,Bengaluru,Karnataka,India
1044,TXN001045,2018-11-19,13:18:06,Burger King,UPI/Paytm/Burger King,292.72,INR,UPI,Debit,Food,Bengaluru,Karnataka,India
1045,TXN001046,2018-11-19,19:07:02,Burger King,UPI Collect Burger King,295.77,INR,UPI,Debit,Food,Bengaluru,Karnataka,India
1046,TXN001047,2018-11-20,10:40:57,Airtel,UPI/Paytm/Airtel,1387.53,INR,UPI,Debit,Bills,Bengaluru,Karnataka,India
1047,TXN001048,2018-11-20,18:35:36,DMart,Debit Card POS DMart,494.16,INR,Debit Card,Debit,Groceries,Nagpur,Maharashtra,India
1048,TXN001049,2018-11-20,20:23:53,DMart,POS Purchase DMart,564.4,INR,Debit Card,Debit,Groceries,Delhi,Delhi,India
1049,TXN001050,2018-11-21,07:45:10,Credit Card Bill Payment,Net Banking Payment Credit Card Bill Payment,4567.15,INR,Net Banking,Debit,Bills,Bengaluru,Karnataka,India
1050,TXN001051,2018-11-21,08:44:01,Credit Card Bill Payment,Auto Debit Credit Card Bill Payment,2647.46,INR,Auto Debit,Debit,Bills,Lucknow,Uttar Pradesh,India
1051,TXN001052,2018-11-21,15:40:10,Amazon India,UPI/Paytm/Amazon India,1599.82,INR,UPI,Debit,Shopping,Surat,Gujarat,India
1052,TXN001053,2018-11-21,22:12:19,Local Wine & Beer Shop,POS Purchase Local Wine & Beer Shop,1666.96,INR,Credit Card,Debit,Food,Bengaluru,Karnataka,India
1053,TXN001054,2018-11-22,11:27:12,Jio,Auto Debit Jio,649.46,INR,Auto Debit,Debit,Bills,Hyderabad,Telangana,India
1054,TXN001055,2018-11-23,08:52:16,Social,UPI Payment Social,1519.38,INR,UPI,Debit,Food,Indore,Madhya Pradesh,India
1055,TXN001056,2018-11-23,09:13:22,Employer Salary Credit,NEFT Salary Credit,45221.46,INR,NEFT,Credit,Salary,Kochi,Kerala,India
1056,TXN001057,2018-11-23,09:25:33,Adani Electricity,Electricity Bill Adani Electricity,5240.42,INR,Auto Debit,Debit,Bills,Bengaluru,Karnataka,India
1057,TXN001058,2018-11-23,11:16:51,Blinkit,POS Purchase Blinkit,449.27,INR,Debit Card,Debit,Groceries,Kochi,Kerala,India
1058,TXN001059,2018-11-23,15:29:00,HPCL,UPI/DR/645154919977/HPCL,2631.16,INR,UPI,Debit,Fuel,Bengaluru,Karnataka,India
1059,TXN001060,2018-11-24,09:28:44,Zomato,UPI Payment Zomato,295.71,INR,UPI,Debit,Food,Bengaluru,Karnataka,India
1060,TXN001061,2018-11-24,20:06:03,Netflix,POS Purchase Netflix,325.25,INR,Debit Card,Debit,Entertainment,Bengaluru,Karnataka,India
1061,TXN001062,2018-11-24,20:55:15,The Beer Cafe,UPI/Paytm/The Beer Cafe,1408.53,INR,UPI,Debit,Food,Bengaluru,Karnataka,India
1062,TXN001063,2018-11-24,22:55:59,Social,POS Purchase Social,1397.04,INR,Credit Card,Debit,Food,Lucknow,Uttar Pradesh,India
1063,TXN001064,2018-11-26,07:21:21,Credit Card Bill Payment,Auto Debit Credit Card Bill Payment,5802.38,INR,Auto Debit,Debit,Bills,Bengaluru,Karnataka,India
1064,TXN001065,2018-11-26,20:07:48,Faasos,UPI/Paytm/Faasos,375.14,INR,UPI,Debit,Food,Bengaluru,Karnataka,India
1065,TXN001066,2018-11-26,22:47:28,Burger King,UPI Payment Burger King,364.78,INR,UPI,Debit,Food,Bengaluru,Karnataka,India
1066,TXN001067,2018-11-27,14:36:08,Zepto,UPI Collect Zepto,512.76,INR,UPI,Debit,Groceries,Delhi,Delhi,India
1067,TXN001068,2018-11-27,16:15:08,Ace Hardware India,Debit Card POS Ace Hardware India,487.06,INR,Debit Card,Debit,Miscellaneous,Bengaluru,Karnataka,India
1068,TXN001069,2018-11-27,20:29:34,BigBasket,UPI/Paytm/BigBasket,484.85,INR,UPI,Debit,Groceries,Indore,Madhya Pradesh,India
1069,TXN001070,2018-11-28,11:44:00,Indian Oil,UPI/DR/003452759154/Indian Oil,3316.39,INR,UPI,Debit,Fuel,Bengaluru,Karnataka,India
1070,TXN001071,2018-11-28,12:27:45,Ajio,POS Purchase Ajio,578.96,INR,Credit Card,Debit,Shopping,Noida,Uttar Pradesh,India
1071,TXN001072,2018-11-28,19:05:55,Toit Brewpub,UPI Collect Toit Brewpub,1264.74,INR,UPI,Debit,Food,Bengaluru,Karnataka,India
1072,TXN001073,2018-11-29,08:54:26,Credit Card Bill Payment,Net Banking Payment Credit Card Bill Payment,4769.98,INR,Net Banking,Debit,Bills,Jaipur,Rajasthan,India
1073,TXN001074,2018-11-29,09:02:45,Credit Card Bill Payment,Auto Debit Credit Card Bill Payment,3568.44,INR,Auto Debit,Debit,Bills,Bengaluru,Karnataka,India
1074,TXN001075,2018-11-29,10:24:44,Home Depot India,UPI Payment Home Depot India,515.27,INR,UPI,Debit,Miscellaneous,Lucknow,Uttar Pradesh,India
1075,TXN001076,2018-11-29,19:21:38,BigBasket,UPI/DR/139070763702/BigBasket,552.59,INR,UPI,Debit,Groceries,Bengaluru,Karnataka,India
1076,TXN001077,2018-11-30,07:09:28,HP Gas,Auto Debit HP Gas,406.09,INR,Auto Debit,Debit,Bills,Hyderabad,Telangana,India
1077,TXN001078,2018-11-30,21:12:28,BookMyShow,UPI/DR/861489659131/BookMyShow,299.15,INR,UPI,Debit,Entertainment,Surat,Gujarat,India
1078,TXN001079,2018-11-30,22:25:14,Burger King,UPI Collect Burger King,368.75,INR,UPI,Debit,Food,Indore,Madhya Pradesh,India
1079,TXN001080,2018-12-01,09:55:58,DMart,UPI Collect DMart,674.45,INR,UPI,Debit,Groceries,Bengaluru,Karnataka,India
1080,TXN001081,2018-12-01,14:18:42,McDonald's India,UPI/Paytm/McDonald's India,598.67,INR,UPI,Debit,Food,Hyderabad,Telangana,India
1081,TXN001082,2018-12-01,15:21:12,Zepto,UPI/Paytm/Zepto,818.9,INR,UPI,Debit,Groceries,Nagpur,Maharashtra,India
1082,TXN001083,2018-12-01,15:26:46,Local Hardware Store,UPI/Paytm/Local Hardware Store,530.92,INR,UPI,Debit,Miscellaneous,Kochi,Kerala,India
1083,TXN001084,2018-12-01,15:56:24,Home Depot India,UPI Collect Home Depot India,555.83,INR,UPI,Debit,Miscellaneous,Indore,Madhya Pradesh,India
1084,TXN001085,2018-12-01,22:30:47,Indian Oil,UPI Payment Indian Oil,650.12,INR,UPI,Debit,Fuel,Lucknow,Uttar Pradesh,India
1085,TXN001086,2018-12-02,06:15:43,Credit Card Bill Payment,Auto Debit Credit Card Bill Payment,2877.4,INR,Auto Debit,Debit,Bills,Bengaluru,Karnataka,India
1086,TXN001087,2018-12-02,09:06:27,Local Wine & Beer Shop,UPI/DR/528862504356/Local Wine & Beer Shop,934.48,INR,UPI,Debit,Food,Lucknow,Uttar Pradesh,India
1087,TXN001088,2018-12-02,09:17:22,Amazon India,POS Purchase Amazon India,1359.49,INR,Credit Card,Debit,Shopping,Noida,Uttar Pradesh,India
1088,TXN001089,2018-12-02,21:27:54,Indian Oil,UPI Payment Indian Oil,1795.62,INR,UPI,Debit,Fuel,Hyderabad,Telangana,India
1089,TXN001090,2018-12-03,19:38:27,Faasos,UPI/Paytm/Faasos,262.01,INR,UPI,Debit,Food,Noida,Uttar Pradesh,India
1090,TXN001091,2018-12-03,21:00:05,BigBasket,UPI Payment BigBasket,464.78,INR,UPI,Debit,Groceries,Kochi,Kerala,India
1091,TXN001092,2018-12-04,11:54:29,BEST,Electricity Bill BEST,5304.78,INR,Auto Debit,Debit,Bills,Bengaluru,Karnataka,India
1092,TXN001093,2018-12-04,13:48:37,Ajio,POS Purchase Ajio,918.98,INR,Credit Card,Debit,Shopping,Noida,Uttar Pradesh,India
1093,TXN001094,2018-12-04,19:38:30,BPCL,Debit Card POS BPCL,2727.12,INR,Debit Card,Debit,Fuel,Jaipur,Rajasthan,India
1094,TXN001095,2018-12-05,11:35:14,Credit Card Bill Payment,Net Banking Payment Credit Card Bill Payment,2744.91,INR,Net Banking,Debit,Bills,Bengaluru,Karnataka,India
1095,TXN001096,2018-12-05,20:48:35,McDonald's India,POS Purchase McDonald's India,621.04,INR,Debit Card,Debit,Food,Ahmedabad,Gujarat,India
1096,TXN001097,2018-12-05,22:14:40,Toit Brewpub,UPI/DR/856029453959/Toit Brewpub,827.96,INR,UPI,Debit,Food,Noida,Uttar Pradesh,India
1097,TXN001098,2018-12-05,22:29:17,Burger King,Debit Card POS Burger King,619.11,INR,Debit Card,Debit,Food,Pune,Maharashtra,India
1098,TXN001099,2018-12-06,06:09:57,Credit Card Bill Payment,Net Banking Payment Credit Card Bill Payment,2754.12,INR,Net Banking,Debit,Bills,Bengaluru,Karnataka,India
1099,TXN001100,2018-12-06,06:22:19,House Rent Payment,NEFT Rent Payment,35440.28,INR,NEFT,Debit,Rent,Nagpur,Maharashtra,India
1100,TXN001101,2018-12-06,08:11:28,Zomato,POS Purchase Zomato,947.85,INR,Debit Card,Debit,Food,Nagpur,Maharashtra,India
1101,TXN001102,2018-12-06,21:28:40,Blinkit,POS Purchase Blinkit,816.89,INR,Credit Card,Debit,Groceries,Bengaluru,Karnataka,India
1102,TXN001103,2018-12-07,00:10:55,Employer Salary Credit,NEFT Salary Credit,43192.48,INR,NEFT,Credit,Salary,Bengaluru,Karnataka,India
1103,TXN001104,2018-12-07,09:11:05,Bharat Gas,UPI/Paytm/Bharat Gas,633.9,INR,UPI,Debit,Bills,Bengaluru,Karnataka,India
1104,TXN001105,2018-12-07,09:58:00,Credit Card Bill Payment,Auto Debit Credit Card Bill Payment,2872.37,INR,Auto Debit,Debit,Bills,Jaipur,Rajasthan,India
1105,TXN001106,2018-12-07,11:05:24,Spotify,Auto Debit Spotify,165.24,INR,Auto Debit,Debit,Subscription,Noida,Uttar Pradesh,India
1106,TXN001107,2018-12-07,14:23:36,Local Hardware Store,Debit Card POS Local Hardware Store,483.6,INR,Debit Card,Debit,Miscellaneous,Nagpur,Maharashtra,India
1107,TXN001108,2018-12-07,14:25:21,EatClub,POS Purchase EatClub,196.06,INR,Debit Card,Debit,Food,Delhi,Delhi,India
1108,TXN001109,2018-12-07,19:46:28,Faasos,Debit Card POS Faasos,861.89,INR,Debit Card,Debit,Food,Bengaluru,Karnataka,India
1109,TXN001110,2018-12-07,20:22:01,Myntra,POS Purchase Myntra,582.15,INR,Credit Card,Debit,Shopping,Surat,Gujarat,India
1110,TXN001111,2018-12-07,20:25:43,Third Wave Coffee,UPI Payment Third Wave Coffee,143.62,INR,UPI,Debit,Food,Hyderabad,Telangana,India
1111,TXN001112,2018-12-08,07:01:57,Bharat Gas,Net Banking Payment Bharat Gas,650.01,INR,Net Banking,Debit,Bills,Bengaluru,Karnataka,India
1112,TXN001113,2018-12-08,09:29:00,Credit Card Bill Payment,Auto Debit Credit Card Bill Payment,2714.52,INR,Auto Debit,Debit,Bills,Bengaluru,Karnataka,India
1113,TXN001114,2018-12-08,13:19:40,Indian Oil,Debit Card POS Indian Oil,636.73,INR,Debit Card,Debit,Fuel,Jaipur,Rajasthan,India
1114,TXN001115,2018-12-08,13:36:29,HPCL,ATM Cash Withdrawal,2810.58,INR,Cash Withdrawal,Debit,Fuel,Bengaluru,Karnataka,India
1115,TXN001116,2018-12-08,15:49:19,BookMyShow,POS Purchase BookMyShow,304.97,INR,Credit Card,Debit,Entertainment,Lucknow,Uttar Pradesh,India
1116,TXN001117,2018-12-08,16:44:49,Ace Hardware India,POS Purchase Ace Hardware India,554.18,INR,Debit Card,Debit,Miscellaneous,Chennai,Tamil Nadu,India
1117,TXN001118,2018-12-08,22:16:38,Myntra,POS Purchase Myntra,1607.57,INR,Credit Card,Debit,Shopping,Bengaluru,Karnataka,India
1118,TXN001119,2018-12-09,07:29:13,Municipal Water Department,Auto Debit Municipal Water Department,209.32,INR,Auto Debit,Debit,Bills,Surat,Gujarat,India
1119,TXN001120,2018-12-09,13:07:35,Local Wine & Beer Shop,UPI/DR/404935709137/Local Wine & Beer Shop,769.63,INR,UPI,Debit,Food,Noida,Uttar Pradesh,India
1120,TXN001121,2018-12-09,14:42:17,McDonald's India,UPI Payment McDonald's India,580.56,INR,UPI,Debit,Food,Bengaluru,Karnataka,India
1121,TXN001122,2018-12-09,18:32:55,Local Hardware Store,POS Purchase Local Hardware Store,481.0,INR,Debit Card,Debit,Miscellaneous,Bengaluru,Karnataka,India
1122,TXN001123,2018-12-10,12:48:32,Flipkart,POS Purchase Flipkart,1658.93,INR,Credit Card,Debit,Shopping,Bengaluru,Karnataka,India
1123,TXN001124,2018-12-10,19:57:34,Nature's Basket,POS Purchase Nature's Basket,1601.77,INR,Debit Card,Debit,Groceries,Kolkata,West Bengal,India
1124,TXN001125,2018-12-11,08:59:32,Domino's India,UPI Collect Domino's India,618.37,INR,UPI,Debit,Food,Kolkata,West Bengal,India
1125,TXN001126,2018-12-11,11:58:11,Nature's Basket,Debit Card POS Nature's Basket,622.35,INR,Debit Card,Debit,Groceries,Bengaluru,Karnataka,India
1126,TXN001127,2018-12-11,15:05:59,Flipkart,Debit Card POS Flipkart,926.04,INR,Debit Card,Debit,Shopping,Kochi,Kerala,India
1127,TXN001128,2018-12-12,12:51:30,Toit Brewpub,POS Purchase Toit Brewpub,776.35,INR,Credit Card,Debit,Food,Chennai,Tamil Nadu,India
1128,TXN001129,2018-12-12,14:34:15,Faasos,UPI/DR/536306463452/Faasos,197.09,INR,UPI,Debit,Food,Bengaluru,Karnataka,India
1129,TXN001130,2018-12-12,21:06:37,BPCL,UPI Payment BPCL,2983.71,INR,UPI,Debit,Fuel,Chennai,Tamil Nadu,India
1130,TXN001131,2018-12-12,22:48:30,Faasos,Debit Card POS Faasos,215.99,INR,Debit Card,Debit,Food,Kolkata,West Bengal,India
1131,TXN001132,2018-12-12,22:53:55,Home Depot India,POS Purchase Home Depot India,523.23,INR,Credit Card,Debit,Miscellaneous,Bengaluru,Karnataka,India
1132,TXN001133,2018-12-13,06:14:04,BSNL,Auto Debit BSNL,1555.41,INR,Auto Debit,Debit,Bills,Bengaluru,Karnataka,India
1133,TXN001134,2018-12-13,18:06:31,Indian Oil,UPI Payment Indian Oil,2982.58,INR,UPI,Debit,Fuel,Bengaluru,Karnataka,India
1134,TXN001135,2018-12-13,22:25:12,Third Wave Coffee,Debit Card POS Third Wave Coffee,142.07,INR,Debit Card,Debit,Food,Bengaluru,Karnataka,India
1135,TXN001136,2018-12-14,07:46:04,Adani Electricity,UPI/DR/580154962945/Adani Electricity,5132.18,INR,UPI,Debit,Bills,Kolkata,West Bengal,India
1136,TXN001137,2018-12-14,10:17:38,Bajaj Allianz,Auto Debit Bajaj Allianz,8185.52,INR,Auto Debit,Debit,Insurance,Bengaluru,Karnataka,India
1137,TXN001138,2018-12-14,11:10:15,BSNL,Auto Debit BSNL,653.11,INR,Auto Debit,Debit,Bills,Ahmedabad,Gujarat,India
1138,TXN001139,2018-12-14,11:14:21,Indian Oil,POS Purchase Indian Oil,604.07,INR,Debit Card,Debit,Fuel,Bengaluru,Karnataka,India
1139,TXN001140,2018-12-14,11:54:08,BPCL,ATM Cash Withdrawal,3066.9,INR,Cash Withdrawal,Debit,Fuel,Bengaluru,Karnataka,India
1140,TXN001141,2018-12-14,16:04:02,Netflix,POS Purchase Netflix,320.81,INR,Credit Card,Debit,Entertainment,Mumbai,Maharashtra,India
1141,TXN001142,2018-12-14,18:38:17,Indian Oil,POS Purchase Indian Oil,2946.14,INR,Debit Card,Debit,Fuel,Kochi,Kerala,India
1142,TXN001143,2018-12-15,17:48:09,Blinkit,POS Purchase Blinkit,613.09,INR,Credit Card,Debit,Groceries,Nagpur,Maharashtra,India
1143,TXN001144,2018-12-15,19:03:55,Blinkit,UPI Payment Blinkit,788.08,INR,UPI,Debit,Groceries,Bengaluru,Karnataka,India
1144,TXN001145,2018-12-15,19:58:07,Faasos,UPI/Paytm/Faasos,634.55,INR,UPI,Debit,Food,Hyderabad,Telangana,India
1145,TXN001146,2018-12-15,20:37:42,McDonald's India,UPI/DR/229398180786/McDonald's India,281.29,INR,UPI,Debit,Food,Mumbai,Maharashtra,India
1146,TXN001147,2018-12-15,21:27:16,Ace Hardware India,Debit Card POS Ace Hardware India,486.42,INR,Debit Card,Debit,Miscellaneous,Kolkata,West Bengal,India
1147,TXN001148,2018-12-16,08:19:38,Credit Card Bill Payment,Auto Debit Credit Card Bill Payment,3976.73,INR,Auto Debit,Debit,Bills,Bengaluru,Karnataka,India
1148,TXN001149,2018-12-16,08:55:06,Credit Card Bill Payment,Net Banking Payment Credit Card Bill Payment,3973.79,INR,Net Banking,Debit,Bills,Surat,Gujarat,India
1149,TXN001150,2018-12-16,11:28:02,House Rent Payment,NEFT Rent Payment,36912.26,INR,NEFT,Debit,Rent,Delhi,Delhi,India
1150,TXN001151,2018-12-16,16:33:24,BPCL,ATM Cash Withdrawal,2993.91,INR,Cash Withdrawal,Debit,Fuel,Chennai,Tamil Nadu,India
1151,TXN001152,2018-12-17,16:56:11,Amazon India,POS Purchase Amazon India,889.26,INR,Debit Card,Debit,Shopping,Bengaluru,Karnataka,India
1152,TXN001153,2018-12-17,21:21:14,Toit Brewpub,UPI Collect Toit Brewpub,768.46,INR,UPI,Debit,Food,Kolkata,West Bengal,India
1153,TXN001154,2018-12-18,09:21:16,BSNL,UPI Payment BSNL,618.98,INR,UPI,Debit,Bills,Bengaluru,Karnataka,India
1154,TXN001155,2018-12-18,10:30:31,Nykaa,POS Purchase Nykaa,1344.6,INR,Credit Card,Debit,Shopping,Bengaluru,Karnataka,India
1155,TXN001156,2018-12-18,12:51:51,Starbucks India,UPI/DR/081261470614/Starbucks India,140.09,INR,UPI,Debit,Food,Hyderabad,Telangana,India
1156,TXN001157,2018-12-18,18:46:47,Ace Hardware India,UPI/DR/963524499949/Ace Hardware India,498.72,INR,UPI,Debit,Miscellaneous,Bengaluru,Karnataka,India
1157,TXN001158,2018-12-18,21:18:59,Reliance Fresh,UPI Collect Reliance Fresh,1537.58,INR,UPI,Debit,Groceries,Kochi,Kerala,India
1158,TXN001159,2018-12-19,10:13:42,House Rent Payment,IMPS Transfer House Rent Payment,35938.24,INR,IMPS,Debit,Rent,Pune,Maharashtra,India
1159,TXN001160,2018-12-19,11:28:48,Jio Fiber,UPI Payment Jio Fiber,1432.92,INR,UPI,Debit,Bills,Bengaluru,Karnataka,India
1160,TXN001161,2018-12-20,13:18:34,Barbeque Nation,Debit Card POS Barbeque Nation,605.92,INR,Debit Card,Debit,Food,Kochi,Kerala,India
1161,TXN001162,2018-12-20,17:11:08,DMart,Debit Card POS DMart,605.22,INR,Debit Card,Debit,Groceries,Noida,Uttar Pradesh,India
1162,TXN001163,2018-12-21,01:42:41,Employer Salary Credit,NEFT Salary Credit,43021.08,INR,NEFT,Credit,Salary,Noida,Uttar Pradesh,India
1163,TXN001164,2018-12-21,20:14:07,EatClub,UPI/DR/038473924179/EatClub,619.81,INR,UPI,Debit,Food,Kochi,Kerala,India
1164,TXN001165,2018-12-21,21:38:39,Reliance Fresh,UPI/DR/359595904579/Reliance Fresh,808.4,INR,UPI,Debit,Groceries,Chennai,Tamil Nadu,India
1165,TXN001166,2018-12-21,22:32:00,HPCL,UPI Collect HPCL,1869.23,INR,UPI,Debit,Fuel,Bengaluru,Karnataka,India
1166,TXN001167,2018-12-22,09:09:20,Zepto,UPI/DR/729127877976/Zepto,463.27,INR,UPI,Debit,Groceries,Bengaluru,Karnataka,India
1167,TXN001168,2018-12-22,11:54:43,Zepto,Debit Card POS Zepto,496.33,INR,Debit Card,Debit,Groceries,Lucknow,Uttar Pradesh,India
1168,TXN001169,2018-12-22,12:13:08,McDonald's India,UPI/Paytm/McDonald's India,568.44,INR,UPI,Debit,Food,Bengaluru,Karnataka,India
1169,TXN001170,2018-12-23,09:43:55,BigBasket,UPI/DR/230379685404/BigBasket,504.3,INR,UPI,Debit,Groceries,Ahmedabad,Gujarat,India
1170,TXN001171,2018-12-23,10:11:53,Credit Card Bill Payment,Net Banking Payment Credit Card Bill Payment,3807.92,INR,Net Banking,Debit,Bills,Bengaluru,Karnataka,India
1171,TXN001172,2018-12-23,13:50:29,Local Barbershop,ATM Cash Withdrawal,1412.66,INR,Cash Withdrawal,Debit,Miscellaneous,Kolkata,West Bengal,India
1172,TXN001173,2018-12-23,22:47:41,Starbucks India,UPI Collect Starbucks India,150.41,INR,UPI,Debit,Food,Indore,Madhya Pradesh,India
1173,TXN001174,2018-12-24,06:11:42,Spotify,Auto Debit Spotify,155.98,INR,Auto Debit,Debit,Subscription,Indore,Madhya Pradesh,India
1174,TXN001175,2018-12-24,07:38:48,Municipal Water Department,UPI/DR/311563015268/Municipal Water Department,210.37,INR,UPI,Debit,Bills,Indore,Madhya Pradesh,India
1175,TXN001176,2018-12-24,08:21:26,Nykaa,POS Purchase Nykaa,844.18,INR,Credit Card,Debit,Shopping,Noida,Uttar Pradesh,India
1176,TXN001177,2018-12-24,09:05:40,Home Depot India,POS Purchase Home Depot India,512.04,INR,Credit Card,Debit,Miscellaneous,Indore,Madhya Pradesh,India
1177,TXN001178,2018-12-25,10:15:28,BigBasket,POS Purchase BigBasket,497.52,INR,Credit Card,Debit,Groceries,Bengaluru,Karnataka,India
1178,TXN001179,2018-12-25,11:51:27,Myntra,UPI Collect Myntra,599.38,INR,UPI,Debit,Shopping,Mumbai,Maharashtra,India
1179,TXN001180,2018-12-26,07:54:34,Credit Card Bill Payment,Auto Debit Credit Card Bill Payment,6169.13,INR,Auto Debit,Debit,Bills,Ahmedabad,Gujarat,India
1180,TXN001181,2018-12-26,08:17:54,Ace Hardware India,POS Purchase Ace Hardware India,529.35,INR,Credit Card,Debit,Miscellaneous,Bengaluru,Karnataka,India
1181,TXN001182,2018-12-26,08:19:52,Adani Electricity,Electricity Bill Adani Electricity,5500.8,INR,Auto Debit,Debit,Bills,Noida,Uttar Pradesh,India
1182,TXN001183,2018-12-26,16:03:59,Blinkit,UPI/DR/183590311375/Blinkit,850.11,INR,UPI,Debit,Groceries,Bengaluru,Karnataka,India
1183,TXN001184,2018-12-27,10:13:56,Reliance Fresh,POS Purchase Reliance Fresh,794.56,INR,Debit Card,Debit,Groceries,Bengaluru,Karnataka,India
1184,TXN001185,2018-12-27,10:18:46,ICICI Lombard,Auto Debit ICICI Lombard,8464.53,INR,Auto Debit,Debit,Insurance,Bengaluru,Karnataka,India
1185,TXN001186,2018-12-27,14:23:04,EatClub,POS Purchase EatClub,198.97,INR,Credit Card,Debit,Food,Lucknow,Uttar Pradesh,India
1186,TXN001187,2018-12-27,18:19:18,Myntra,UPI/DR/591363540943/Myntra,598.87,INR,UPI,Debit,Shopping,Mumbai,Maharashtra,India
1187,TXN001188,2018-12-28,08:19:05,Credit Card Bill Payment,Auto Debit Credit Card Bill Payment,6382.13,INR,Auto Debit,Debit,Bills,Delhi,Delhi,India
1188,TXN001189,2018-12-28,08:36:56,Burger King,UPI/DR/566644652948/Burger King,215.22,INR,UPI,Debit,Food,Mumbai,Maharashtra,India
1189,TXN001190,2018-12-28,10:56:24,Local Barbershop,UPI/DR/227232864399/Local Barbershop,1501.86,INR,UPI,Debit,Miscellaneous,Bengaluru,Karnataka,India
1190,TXN001191,2018-12-28,11:24:50,Credit Card Bill Payment,Auto Debit Credit Card Bill Payment,2770.52,INR,Auto Debit,Debit,Bills,Ahmedabad,Gujarat,India
1191,TXN001192,2018-12-28,14:08:19,Nykaa,POS Purchase Nykaa,1568.88,INR,Credit Card,Debit,Shopping,Bengaluru,Karnataka,India
1192,TXN001193,2018-12-29,08:57:50,Credit Card Bill Payment,Auto Debit Credit Card Bill Payment,2681.27,INR,Auto Debit,Debit,Bills,Jaipur,Rajasthan,India
1193,TXN001194,2018-12-29,09:12:12,Municipal Water Department,Net Banking Payment Municipal Water Department,204.03,INR,Net Banking,Debit,Bills,Chennai,Tamil Nadu,India
1194,TXN001195,2018-12-29,15:57:18,Ajio,UPI Collect Ajio,1443.06,INR,UPI,Debit,Shopping,Bengaluru,Karnataka,India
1195,TXN001196,2018-12-30,11:56:15,Meesho,UPI/DR/151648306254/Meesho,891.76,INR,UPI,Debit,Shopping,Bengaluru,Karnataka,India
1196,TXN001197,2018-12-30,13:36:09,Swiggy,UPI/Paytm/Swiggy,190.89,INR,UPI,Debit,Food,Bengaluru,Karnataka,India
1197,TXN001198,2018-12-31,10:49:21,Credit Card Bill Payment,Net Banking Payment Credit Card Bill Payment,3643.83,INR,Net Banking,Debit,Bills,Jaipur,Rajasthan,India
1198,TXN001199,2018-12-31,13:25:16,McDonald's India,UPI/Paytm/McDonald's India,284.36,INR,UPI,Debit,Food,Jaipur,Rajasthan,India
1199,TXN001200,2018-12-31,14:09:51,Nature's Basket,POS Purchase Nature's Basket,1585.78,INR,Credit Card,Debit,Groceries,Chennai,Tamil Nadu,India
1200,TXN001201,2018-12-31,14:40:16,BPCL,UPI Payment BPCL,1901.01,INR,UPI,Debit,Fuel,Indore,Madhya Pradesh,India
1201,TXN001202,2018-12-31,19:00:14,Myntra,POS Purchase Myntra,561.28,INR,Credit Card,Debit,Shopping,Lucknow,Uttar Pradesh,India
1202,TXN001203,2018-12-31,21:16:52,Starbucks India,POS Purchase Starbucks India,140.53,INR,Credit Card,Debit,Food,Delhi,Delhi,India
1203,TXN001204,2019-01-01,15:26:15,Blinkit,POS Purchase Blinkit,506.82,INR,Debit Card,Debit,Groceries,Chennai,Tamil Nadu,India
1204,TXN001205,2019-01-02,09:11:02,Credit Card Bill Payment,Net Banking Payment Credit Card Bill Payment,3862.23,INR,Net Banking,Debit,Bills,Indore,Madhya Pradesh,India
1205,TXN001206,2019-01-02,10:06:31,LIC,Auto Debit LIC,8417.29,INR,Auto Debit,Debit,Insurance,Indore,Madhya Pradesh,India
1206,TXN001207,2019-01-02,11:36:00,BPCL,UPI/Paytm/BPCL,2600.25,INR,UPI,Debit,Fuel,Bengaluru,Karnataka,India
1207,TXN001208,2019-01-04,01:16:30,Employer Salary Credit,NEFT Salary Credit,47629.13,INR,NEFT,Credit,Salary,Kolkata,West Bengal,India
1208,TXN001209,2019-01-04,14:31:28,Indian Oil,UPI/Paytm/Indian Oil,2980.44,INR,UPI,Debit,Fuel,Chennai,Tamil Nadu,India
1209,TXN001210,2019-01-04,17:02:01,Nykaa,POS Purchase Nykaa,557.1,INR,Credit Card,Debit,Shopping,Nagpur,Maharashtra,India
1210,TXN001211,2019-01-04,21:18:35,Myntra,UPI Payment Myntra,341.83,INR,UPI,Debit,Shopping,Ahmedabad,Gujarat,India
1211,TXN001212,2019-01-05,10:43:38,Credit Card Bill Payment,Net Banking Payment Credit Card Bill Payment,2653.0,INR,Net Banking,Debit,Bills,Bengaluru,Karnataka,India
1212,TXN001213,2019-01-05,13:27:40,HPCL,Debit Card POS HPCL,2767.37,INR,Debit Card,Debit,Fuel,Bengaluru,Karnataka,India
1213,TXN001214,2019-01-06,07:49:32,Credit Card Bill Payment,Auto Debit Credit Card Bill Payment,3992.9,INR,Auto Debit,Debit,Bills,Jaipur,Rajasthan,India
1214,TXN001215,2019-01-06,18:21:43,Nykaa,UPI Collect Nykaa,323.45,INR,UPI,Debit,Shopping,Bengaluru,Karnataka,India
1215,TXN001216,2019-01-06,21:51:55,Reliance Fresh,UPI Collect Reliance Fresh,807.49,INR,UPI,Debit,Groceries,Jaipur,Rajasthan,India
1216,TXN001217,2019-01-08,06:05:39,Municipal Water Department,UPI Payment Municipal Water Department,217.17,INR,UPI,Debit,Bills,Bengaluru,Karnataka,India
1217,TXN001218,2019-01-08,19:15:28,Blinkit,POS Purchase Blinkit,487.95,INR,Credit Card,Debit,Groceries,Lucknow,Uttar Pradesh,India
1218,TXN001219,2019-01-09,08:05:15,Credit Card Bill Payment,Auto Debit Credit Card Bill Payment,3974.1,INR,Auto Debit,Debit,Bills,Kochi,Kerala,India
1219,TXN001220,2019-01-09,08:58:37,House Rent Payment,IMPS Transfer House Rent Payment,8205.32,INR,IMPS,Debit,Rent,Jaipur,Rajasthan,India
1220,TXN001221,2019-01-09,10:05:52,Municipal Water Department,Auto Debit Municipal Water Department,206.86,INR,Auto Debit,Debit,Bills,Mumbai,Maharashtra,India
1221,TXN001222,2019-01-09,11:28:13,Spotify,Auto Debit Spotify,158.79,INR,Auto Debit,Debit,Subscription,Nagpur,Maharashtra,India
1222,TXN001223,2019-01-10,16:43:20,Blinkit,POS Purchase Blinkit,1646.73,INR,Credit Card,Debit,Groceries,Noida,Uttar Pradesh,India
1223,TXN001224,2019-01-10,20:54:30,Burger King,Debit Card POS Burger King,327.07,INR,Debit Card,Debit,Food,Bengaluru,Karnataka,India
1224,TXN001225,2019-01-10,21:17:50,Myntra,Debit Card POS Myntra,505.29,INR,Debit Card,Debit,Shopping,Kolkata,West Bengal,India
1225,TXN001226,2019-01-11,07:20:14,Credit Card Bill Payment,Net Banking Payment Credit Card Bill Payment,2750.46,INR,Net Banking,Debit,Bills,Kolkata,West Bengal,India
1226,TXN001227,2019-01-11,09:02:54,Bharat Gas,UPI Collect Bharat Gas,709.99,INR,UPI,Debit,Bills,Delhi,Delhi,India
1227,TXN001228,2019-01-11,10:01:07,BSNL,Net Banking Payment BSNL,1396.17,INR,Net Banking,Debit,Bills,Bengaluru,Karnataka,India
1228,TXN001229,2019-01-11,11:36:57,Local Barbershop,UPI Collect Local Barbershop,1487.7,INR,UPI,Debit,Miscellaneous,Bengaluru,Karnataka,India
1229,TXN001230,2019-01-12,12:38:05,Indian Oil,UPI Payment Indian Oil,2917.53,INR,UPI,Debit,Fuel,Mumbai,Maharashtra,India
1230,TXN001231,2019-01-13,11:08:31,Credit Card Bill Payment,Net Banking Payment Credit Card Bill Payment,3769.36,INR,Net Banking,Debit,Bills,Jaipur,Rajasthan,India
1231,TXN001232,2019-01-14,07:15:31,Bharat Gas,Auto Debit Bharat Gas,716.92,INR,Auto Debit,Debit,Bills,Bengaluru,Karnataka,India
1232,TXN001233,2019-01-14,08:57:00,Bajaj Allianz,Auto Debit Bajaj Allianz,8142.13,INR,Auto Debit,Debit,Insurance,Pune,Maharashtra,India
1233,TXN001234,2019-01-14,20:13:04,BigBasket,POS Purchase BigBasket,464.29,INR,Credit Card,Debit,Groceries,Ahmedabad,Gujarat,India
1234,TXN001235,2019-01-15,06:20:35,Jio,UPI/Paytm/Jio,193.09,INR,UPI,Debit,Bills,Surat,Gujarat,India
1235,TXN001236,2019-01-15,11:09:18,House Rent Payment,IMPS Transfer House Rent Payment,7683.66,INR,IMPS,Debit,Rent,Bengaluru,Karnataka,India
1236,TXN001237,2019-01-15,11:23:36,Credit Card Bill Payment,Net Banking Payment Credit Card Bill Payment,12909.44,INR,Net Banking,Debit,Bills,Ahmedabad,Gujarat,India
1237,TXN001238,2019-01-17,07:08:01,Credit Card Bill Payment,Net Banking Payment Credit Card Bill Payment,4184.85,INR,Net Banking,Debit,Bills,Hyderabad,Telangana,India
1238,TXN001239,2019-01-18,07:51:21,Credit Card Bill Payment,Auto Debit Credit Card Bill Payment,2631.84,INR,Auto Debit,Debit,Bills,Nagpur,Maharashtra,India
1239,TXN001240,2019-01-18,08:45:06,Adani Electricity,UPI/Paytm/Adani Electricity,4940.38,INR,UPI,Debit,Bills,Bengaluru,Karnataka,India
1240,TXN001241,2019-01-18,09:55:09,Employer Salary Credit,NEFT Salary Credit,46672.79,INR,NEFT,Credit,Salary,Chennai,Tamil Nadu,India
1241,TXN001242,2019-01-18,10:09:57,Airtel,Net Banking Payment Airtel,189.02,INR,Net Banking,Debit,Bills,Chennai,Tamil Nadu,India
1242,TXN001243,2019-01-18,16:23:33,Indian Oil,UPI Payment Indian Oil,2864.57,INR,UPI,Debit,Fuel,Kolkata,West Bengal,India
1243,TXN001244,2019-01-19,06:31:36,Credit Card Bill Payment,Auto Debit Credit Card Bill Payment,2774.32,INR,Auto Debit,Debit,Bills,Hyderabad,Telangana,India
1244,TXN001245,2019-01-20,07:40:32,Jio Fiber,Auto Debit Jio Fiber,1348.78,INR,Auto Debit,Debit,Bills,Bengaluru,Karnataka,India
1245,TXN001246,2019-01-21,09:21:59,Adani Electricity,Electricity Bill Adani Electricity,5128.33,INR,Auto Debit,Debit,Bills,Bengaluru,Karnataka,India
1246,TXN001247,2019-01-22,08:18:17,BEST,UPI Collect BEST,5034.48,INR,UPI,Debit,Bills,Kolkata,West Bengal,India
1247,TXN001248,2019-01-22,18:30:50,Zepto,POS Purchase Zepto,834.96,INR,Debit Card,Debit,Groceries,Noida,Uttar Pradesh,India
1248,TXN001249,2019-01-24,07:28:06,Credit Card Bill Payment,Net Banking Payment Credit Card Bill Payment,4107.1,INR,Net Banking,Debit,Bills,Kolkata,West Bengal,India
1249,TXN001250,2019-01-24,11:47:21,Credit Card Bill Payment,Net Banking Payment Credit Card Bill Payment,12734.71,INR,Net Banking,Debit,Bills,Bengaluru,Karnataka,India
1250,TXN001251,2019-01-24,14:11:04,Amazon India,POS Purchase Amazon India,1297.35,INR,Credit Card,Debit,Shopping,Bengaluru,Karnataka,India
1251,TXN001252,2019-01-25,06:25:41,Adani Electricity,Net Banking Payment Adani Electricity,5528.32,INR,Net Banking,Debit,Bills,Bengaluru,Karnataka,India
1252,TXN001253,2019-01-25,09:10:02,Credit Card Bill Payment,Auto Debit Credit Card Bill Payment,2804.23,INR,Auto Debit,Debit,Bills,Bengaluru,Karnataka,India
1253,TXN001254,2019-01-25,09:19:48,Credit Card Bill Payment,Net Banking Payment Credit Card Bill Payment,3913.21,INR,Net Banking,Debit,Bills,Ahmedabad,Gujarat,India
1254,TXN001255,2019-01-26,07:32:56,Credit Card Bill Payment,Auto Debit Credit Card Bill Payment,4190.36,INR,Auto Debit,Debit,Bills,Bengaluru,Karnataka,India
1255,TXN001256,2019-01-26,08:44:47,Meesho,POS Purchase Meesho,538.24,INR,Credit Card,Debit,Shopping,Bengaluru,Karnataka,India
1256,TXN001257,2019-01-27,10:08:56,Ajio,POS Purchase Ajio,549.88,INR,Credit Card,Debit,Shopping,Delhi,Delhi,India
1257,TXN001258,2019-01-27,15:32:33,Myntra,POS Purchase Myntra,562.61,INR,Credit Card,Debit,Shopping,Pune,Maharashtra,India
1258,TXN001259,2019-01-27,20:45:50,Blinkit,UPI Payment Blinkit,843.15,INR,UPI,Debit,Groceries,Mumbai,Maharashtra,India
1259,TXN001260,2019-01-27,21:11:46,Lakme Salon,UPI Collect Lakme Salon,1521.11,INR,UPI,Debit,Miscellaneous,Kochi,Kerala,India
1260,TXN001261,2019-01-28,21:57:30,DMart,Debit Card POS DMart,810.03,INR,Debit Card,Debit,Groceries,Nagpur,Maharashtra,India
1261,TXN001262,2019-01-29,08:27:52,Flipkart,POS Purchase Flipkart,551.16,INR,Credit Card,Debit,Shopping,Bengaluru,Karnataka,India
1262,TXN001263,2019-01-29,10:34:32,Credit Card Bill Payment,Net Banking Payment Credit Card Bill Payment,4185.17,INR,Net Banking,Debit,Bills,Bengaluru,Karnataka,India
1263,TXN001264,2019-01-29,13:46:21,Faasos,UPI/Paytm/Faasos,312.38,INR,UPI,Debit,Food,Bengaluru,Karnataka,India
1264,TXN001265,2019-01-30,09:30:55,Credit Card Bill Payment,Net Banking Payment Credit Card Bill Payment,2732.35,INR,Net Banking,Debit,Bills,Bengaluru,Karnataka,India
1265,TXN001266,2019-01-30,10:10:37,Spotify,Auto Debit Spotify,149.74,INR,Auto Debit,Debit,Subscription,Surat,Gujarat,India
1266,TXN001267,2019-01-30,11:41:03,Credit Card Bill Payment,Net Banking Payment Credit Card Bill Payment,13167.99,INR,Net Banking,Debit,Bills,Mumbai,Maharashtra,India
1267,TXN001268,2019-01-30,16:21:43,Meesho,UPI/Paytm/Meesho,582.32,INR,UPI,Debit,Shopping,Nagpur,Maharashtra,India
1268,TXN001269,2019-02-01,00:40:07,Employer Salary Credit,NEFT Salary Credit,47470.07,INR,NEFT,Credit,Salary,Nagpur,Maharashtra,India
1269,TXN001270,2019-02-01,08:50:11,Chaayos,POS Purchase Chaayos,140.73,INR,Debit Card,Debit,Food,Pune,Maharashtra,India
1270,TXN001271,2019-02-01,11:20:47,Flipkart,POS Purchase Flipkart,592.08,INR,Credit Card,Debit,Shopping,Noida,Uttar Pradesh,India
1271,TXN001272,2019-02-01,12:16:01,Local Hardware Store,Debit Card POS Local Hardware Store,570.94,INR,Debit Card,Debit,Miscellaneous,Bengaluru,Karnataka,India
1272,TXN001273,2019-02-01,13:23:32,Toit Brewpub,Debit Card POS Toit Brewpub,557.21,INR,Debit Card,Debit,Food,Delhi,Delhi,India
1273,TXN001274,2019-02-01,19:31:02,DMart,POS Purchase DMart,1418.74,INR,Debit Card,Debit,Groceries,Delhi,Delhi,India
1274,TXN001275,2019-02-01,21:50:14,HPCL,Debit Card POS HPCL,2377.18,INR,Debit Card,Debit,Fuel,Bengaluru,Karnataka,India
1275,TXN001276,2019-02-03,11:50:51,Jio,Auto Debit Jio,191.4,INR,Auto Debit,Debit,Bills,Chennai,Tamil Nadu,India
1276,TXN001277,2019-02-03,16:58:34,Zepto,UPI Payment Zepto,1035.68,INR,UPI,Debit,Groceries,Bengaluru,Karnataka,India
1277,TXN001278,2019-02-04,06:49:24,Dish TV,Net Banking Payment Dish TV,302.93,INR,Net Banking,Debit,Subscription,Ahmedabad,Gujarat,India
1278,TXN001279,2019-02-04,07:45:59,Credit Card Bill Payment,Net Banking Payment Credit Card Bill Payment,2863.97,INR,Net Banking,Debit,Bills,Jaipur,Rajasthan,India
1279,TXN001280,2019-02-04,17:22:45,Reliance Fresh,UPI/Paytm/Reliance Fresh,1383.29,INR,UPI,Debit,Groceries,Bengaluru,Karnataka,India
1280,TXN001281,2019-02-05,07:06:43,Credit Card Bill Payment,Net Banking Payment Credit Card Bill Payment,1734.88,INR,Net Banking,Debit,Bills,Bengaluru,Karnataka,India
1281,TXN001282,2019-02-05,10:50:01,Naturals Salon,POS Purchase Naturals Salon,1549.97,INR,Debit Card,Debit,Miscellaneous,Bengaluru,Karnataka,India
1282,TXN001283,2019-02-05,19:39:28,DMart,UPI/Paytm/DMart,519.82,INR,UPI,Debit,Groceries,Mumbai,Maharashtra,India
1283,TXN001284,2019-02-06,19:24:50,Burger King,UPI Payment Burger King,211.18,INR,UPI,Debit,Food,Nagpur,Maharashtra,India
1284,TXN001285,2019-02-06,22:32:18,Social,UPI/Paytm/Social,609.07,INR,UPI,Debit,Food,Bengaluru,Karnataka,India
1285,TXN001286,2019-02-07,06:54:01,Spotify,Auto Debit Spotify,155.87,INR,Auto Debit,Debit,Subscription,Bengaluru,Karnataka,India
1286,TXN001287,2019-02-07,08:26:13,BEST,Electricity Bill BEST,5293.45,INR,Auto Debit,Debit,Bills,Nagpur,Maharashtra,India
1287,TXN001288,2019-02-07,16:59:16,Myntra,POS Purchase Myntra,1303.83,INR,Credit Card,Debit,Shopping,Lucknow,Uttar Pradesh,India
1288,TXN001289,2019-02-08,07:59:45,Jio,Auto Debit Jio,206.2,INR,Auto Debit,Debit,Bills,Bengaluru,Karnataka,India
1289,TXN001290,2019-02-08,08:02:54,BEST,Electricity Bill BEST,5511.21,INR,Auto Debit,Debit,Bills,Bengaluru,Karnataka,India
1290,TXN001291,2019-02-08,08:14:00,BPCL,UPI/Paytm/BPCL,3123.49,INR,UPI,Debit,Fuel,Hyderabad,Telangana,India
1291,TXN001292,2019-02-08,10:45:33,Airtel,UPI Payment Airtel,1384.93,INR,UPI,Debit,Bills,Chennai,Tamil Nadu,India
1292,TXN001293,2019-02-08,19:54:08,Swiggy,UPI/DR/674466414589/Swiggy,330.42,INR,UPI,Debit,Food,Nagpur,Maharashtra,India
1293,TXN001294,2019-02-09,10:21:52,House Rent Payment,IMPS Transfer House Rent Payment,8241.22,INR,IMPS,Debit,Rent,Mumbai,Maharashtra,India
1294,TXN001295,2019-02-10,08:45:32,Credit Card Bill Payment,Auto Debit Credit Card Bill Payment,2302.29,INR,Auto Debit,Debit,Bills,Bengaluru,Karnataka,India
1295,TXN001296,2019-02-10,09:30:11,McDonald's India,UPI Payment McDonald's India,203.16,INR,UPI,Debit,Food,Noida,Uttar Pradesh,India
1296,TXN001297,2019-02-11,06:34:44,Airtel,UPI Collect Airtel,1370.51,INR,UPI,Debit,Bills,Mumbai,Maharashtra,India
1297,TXN001298,2019-02-11,08:01:04,Municipal Water Department,Auto Debit Municipal Water Department,215.37,INR,Auto Debit,Debit,Bills,Bengaluru,Karnataka,India
1298,TXN001299,2019-02-11,09:01:34,Credit Card Bill Payment,Auto Debit Credit Card Bill Payment,1741.12,INR,Auto Debit,Debit,Bills,Bengaluru,Karnataka,India
1299,TXN001300,2019-02-11,14:58:45,Blinkit,POS Purchase Blinkit,429.28,INR,Credit Card,Debit,Groceries,Bengaluru,Karnataka,India
1300,TXN001301,2019-02-11,16:45:53,Nature's Basket,UPI Payment Nature's Basket,478.12,INR,UPI,Debit,Groceries,Bengaluru,Karnataka,India
1301,TXN001302,2019-02-12,06:01:41,LIC,Auto Debit LIC,8033.57,INR,Auto Debit,Debit,Insurance,Bengaluru,Karnataka,India
1302,TXN001303,2019-02-12,08:41:09,Credit Card Bill Payment,Auto Debit Credit Card Bill Payment,2611.84,INR,Auto Debit,Debit,Bills,Lucknow,Uttar Pradesh,India
1303,TXN001304,2019-02-12,13:38:40,Cafe Coffee Day,UPI/Paytm/Cafe Coffee Day,355.15,INR,UPI,Debit,Food,Chennai,Tamil Nadu,India
1304,TXN001305,2019-02-12,14:20:13,Flipkart,POS Purchase Flipkart,1183.9,INR,Credit Card,Debit,Shopping,Ahmedabad,Gujarat,India
1305,TXN001306,2019-02-13,12:08:19,Third Wave Coffee,UPI Payment Third Wave Coffee,139.64,INR,UPI,Debit,Food,Noida,Uttar Pradesh,India
1306,TXN001307,2019-02-13,13:18:03,BigBasket,UPI/DR/536552767442/BigBasket,440.64,INR,UPI,Debit,Groceries,Surat,Gujarat,India
1307,TXN001308,2019-02-14,14:15:15,McDonald's India,UPI/DR/920612493341/McDonald's India,359.97,INR,UPI,Debit,Food,Surat,Gujarat,India
1308,TXN001309,2019-02-14,14:27:12,McDonald's India,UPI/DR/685145677908/McDonald's India,406.35,INR,UPI,Debit,Food,Mumbai,Maharashtra,India
1309,TXN001310,2019-02-15,00:46:57,Employer Salary Credit,NEFT Salary Credit,45113.26,INR,NEFT,Credit,Salary,Bengaluru,Karnataka,India
1310,TXN001311,2019-02-15,08:08:56,Credit Card Bill Payment,Auto Debit Credit Card Bill Payment,2230.95,INR,Auto Debit,Debit,Bills,Chennai,Tamil Nadu,India
1311,TXN001312,2019-02-15,11:51:02,Credit Card Bill Payment,Auto Debit Credit Card Bill Payment,2134.04,INR,Auto Debit,Debit,Bills,Ahmedabad,Gujarat,India
1312,TXN001313,2019-02-15,18:39:51,Indian Oil,ATM Cash Withdrawal,2210.16,INR,Cash Withdrawal,Debit,Fuel,Bengaluru,Karnataka,India
1313,TXN001314,2019-02-16,06:50:56,Tata Power,UPI/DR/238569326665/Tata Power,5454.75,INR,UPI,Debit,Bills,Surat,Gujarat,India
1314,TXN001315,2019-02-17,14:12:01,Amazon India,POS Purchase Amazon India,1252.66,INR,Debit Card,Debit,Shopping,Mumbai,Maharashtra,India
1315,TXN001316,2019-02-18,10:11:26,Credit Card Bill Payment,Auto Debit Credit Card Bill Payment,2129.89,INR,Auto Debit,Debit,Bills,Kochi,Kerala,India
1316,TXN001317,2019-02-18,10:54:52,Spotify,Auto Debit Spotify,168.3,INR,Auto Debit,Debit,Subscription,Bengaluru,Karnataka,India
1317,TXN001318,2019-02-18,13:25:23,Starbucks India,UPI/DR/564707568561/Starbucks India,147.88,INR,UPI,Debit,Food,Jaipur,Rajasthan,India
1318,TXN001319,2019-02-18,14:20:11,Third Wave Coffee,UPI/Paytm/Third Wave Coffee,148.91,INR,UPI,Debit,Food,Jaipur,Rajasthan,India
1319,TXN001320,2019-02-19,07:26:59,Adani Electricity,UPI Payment Adani Electricity,5241.98,INR,UPI,Debit,Bills,Kochi,Kerala,India
1320,TXN001321,2019-02-19,08:09:51,Cafe Coffee Day,UPI Payment Cafe Coffee Day,335.13,INR,UPI,Debit,Food,Surat,Gujarat,India
1321,TXN001322,2019-02-19,12:58:52,Home Depot India,POS Purchase Home Depot India,579.11,INR,Credit Card,Debit,Miscellaneous,Jaipur,Rajasthan,India
1322,TXN001323,2019-02-19,15:20:14,Reliance Fresh,UPI Collect Reliance Fresh,1361.83,INR,UPI,Debit,Groceries,Bengaluru,Karnataka,India
1323,TXN001324,2019-02-20,14:11:40,Blinkit,UPI/DR/884127910335/Blinkit,1291.23,INR,UPI,Debit,Groceries,Mumbai,Maharashtra,India
1324,TXN001325,2019-02-20,17:22:31,Nature's Basket,UPI/Paytm/Nature's Basket,998.98,INR,UPI,Debit,Groceries,Indore,Madhya Pradesh,India
1325,TXN001326,2019-02-22,08:00:39,Dish TV,Auto Debit Dish TV,307.75,INR,Auto Debit,Debit,Subscription,Pune,Maharashtra,India
1326,TXN001327,2019-02-22,08:26:39,House Rent Payment,IMPS Transfer House Rent Payment,7562.85,INR,IMPS,Debit,Rent,Jaipur,Rajasthan,India
1327,TXN001328,2019-02-22,09:02:02,Credit Card Bill Payment,Net Banking Payment Credit Card Bill Payment,2861.49,INR,Net Banking,Debit,Bills,Bengaluru,Karnataka,India
1328,TXN001329,2019-02-22,09:28:35,EatClub,UPI Payment EatClub,195.02,INR,UPI,Debit,Food,Pune,Maharashtra,India
1329,TXN001330,2019-02-22,12:15:14,Nature's Basket,UPI/Paytm/Nature's Basket,473.8,INR,UPI,Debit,Groceries,Bengaluru,Karnataka,India
1330,TXN001331,2019-02-22,15:00:25,Meesho,POS Purchase Meesho,603.44,INR,Credit Card,Debit,Shopping,Kolkata,West Bengal,India
1331,TXN001332,2019-02-22,17:21:41,Nature's Basket,POS Purchase Nature's Basket,1073.64,INR,Debit Card,Debit,Groceries,Delhi,Delhi,India
1332,TXN001333,2019-02-23,11:33:25,Credit Card Bill Payment,Auto Debit Credit Card Bill Payment,2884.01,INR,Auto Debit,Debit,Bills,Chennai,Tamil Nadu,India
1333,TXN001334,2019-02-23,20:31:35,Zepto,POS Purchase Zepto,969.0,INR,Credit Card,Debit,Groceries,Noida,Uttar Pradesh,India
1334,TXN001335,2019-02-24,08:44:07,Credit Card Bill Payment,Net Banking Payment Credit Card Bill Payment,4379.95,INR,Net Banking,Debit,Bills,Kochi,Kerala,India
1335,TXN001336,2019-02-24,08:56:03,Credit Card Bill Payment,Net Banking Payment Credit Card Bill Payment,2842.66,INR,Net Banking,Debit,Bills,Bengaluru,Karnataka,India
1336,TXN001337,2019-02-24,09:22:53,Bharat Gas,UPI/DR/977108663295/Bharat Gas,1251.79,INR,UPI,Debit,Bills,Ahmedabad,Gujarat,India
1337,TXN001338,2019-02-24,09:57:37,HDFC Ergo,Auto Debit HDFC Ergo,8247.75,INR,Auto Debit,Debit,Insurance,Hyderabad,Telangana,India
1338,TXN001339,2019-02-24,13:14:59,Naturals Salon,UPI/DR/024235056605/Naturals Salon,1557.24,INR,UPI,Debit,Miscellaneous,Kolkata,West Bengal,India
1339,TXN001340,2019-02-25,10:10:54,Indian Oil,UPI Payment Indian Oil,2236.24,INR,UPI,Debit,Fuel,Mumbai,Maharashtra,India
1340,TXN001341,2019-02-25,10:35:37,Credit Card Bill Payment,Auto Debit Credit Card Bill Payment,2636.98,INR,Auto Debit,Debit,Bills,Kolkata,West Bengal,India
1341,TXN001342,2019-02-26,08:20:03,Credit Card Bill Payment,Auto Debit Credit Card Bill Payment,2276.12,INR,Auto Debit,Debit,Bills,Bengaluru,Karnataka,India
1342,TXN001343,2019-02-26,08:40:05,Credit Card Bill Payment,Net Banking Payment Credit Card Bill Payment,1864.76,INR,Net Banking,Debit,Bills,Jaipur,Rajasthan,India
1343,TXN001344,2019-02-26,10:37:10,BEST,UPI/DR/072339041947/BEST,5207.05,INR,UPI,Debit,Bills,Mumbai,Maharashtra,India
1344,TXN001345,2019-02-26,15:59:51,HPCL,POS Purchase HPCL,3056.39,INR,Debit Card,Debit,Fuel,Jaipur,Rajasthan,India
1345,TXN001346,2019-02-27,06:33:26,Tata Power,Net Banking Payment Tata Power,5176.8,INR,Net Banking,Debit,Bills,Hyderabad,Telangana,India
1346,TXN001347,2019-02-27,20:32:31,Faasos,UPI Payment Faasos,351.84,INR,UPI,Debit,Food,Kochi,Kerala,India
1347,TXN001348,2019-02-28,09:32:43,Chaayos,UPI/Paytm/Chaayos,146.35,INR,UPI,Debit,Food,Bengaluru,Karnataka,India
1348,TXN001349,2019-02-28,12:13:14,Cafe Coffee Day,Debit Card POS Cafe Coffee Day,334.14,INR,Debit Card,Debit,Food,Surat,Gujarat,India
1349,TXN001350,2019-03-01,00:19:24,Employer Salary Credit,NEFT Salary Credit,46079.52,INR,NEFT,Credit,Salary,Bengaluru,Karnataka,India
1350,TXN001351,2019-03-01,10:55:14,Municipal Water Department,Auto Debit Municipal Water Department,223.63,INR,Auto Debit,Debit,Bills,Bengaluru,Karnataka,India
1351,TXN001352,2019-03-01,12:13:45,Barbeque Nation,UPI Collect Barbeque Nation,196.47,INR,UPI,Debit,Food,Kochi,Kerala,India
1352,TXN001353,2019-03-02,06:47:06,Tata Play,Auto Debit Tata Play,307.34,INR,Auto Debit,Debit,Subscription,Delhi,Delhi,India
1353,TXN001354,2019-03-02,13:05:41,Amazon India,UPI/DR/795068154780/Amazon India,941.25,INR,UPI,Debit,Shopping,Chennai,Tamil Nadu,India
1354,TXN001355,2019-03-03,06:10:28,Credit Card Bill Payment,Auto Debit Credit Card Bill Payment,2677.34,INR,Auto Debit,Debit,Bills,Chennai,Tamil Nadu,India
1355,TXN001356,2019-03-03,08:07:16,HP Gas,Net Banking Payment HP Gas,824.94,INR,Net Banking,Debit,Bills,Bengaluru,Karnataka,India
1356,TXN001357,2019-03-03,08:13:02,Toit Brewpub,POS Purchase Toit Brewpub,2971.52,INR,Credit Card,Debit,Food,Kochi,Kerala,India
1357,TXN001358,2019-03-03,10:16:36,Amazon India,POS Purchase Amazon India,626.9,INR,Credit Card,Debit,Shopping,Bengaluru,Karnataka,India
1358,TXN001359,2019-03-04,07:36:55,Credit Card Bill Payment,Auto Debit Credit Card Bill Payment,6927.22,INR,Auto Debit,Debit,Bills,Bengaluru,Karnataka,India
1359,TXN001360,2019-03-04,11:13:44,Flipkart,POS Purchase Flipkart,625.1,INR,Debit Card,Debit,Shopping,Noida,Uttar Pradesh,India
1360,TXN001361,2019-03-04,14:06:21,Myntra,POS Purchase Myntra,626.58,INR,Credit Card,Debit,Shopping,Delhi,Delhi,India
1361,TXN001362,2019-03-04,14:34:07,Toit Brewpub,UPI Payment Toit Brewpub,2927.52,INR,UPI,Debit,Food,Bengaluru,Karnataka,India
1362,TXN001363,2019-03-05,06:32:53,Credit Card Bill Payment,Auto Debit Credit Card Bill Payment,4387.47,INR,Auto Debit,Debit,Bills,Lucknow,Uttar Pradesh,India
1363,TXN001364,2019-03-06,06:37:53,BEST,UPI Collect BEST,5519.31,INR,UPI,Debit,Bills,Nagpur,Maharashtra,India
1364,TXN001365,2019-03-06,10:08:55,Flipkart,UPI Collect Flipkart,23465.16,INR,UPI,Debit,Shopping,Bengaluru,Karnataka,India
1365,TXN001366,2019-03-06,11:15:11,HPCL,POS Purchase HPCL,3230.58,INR,Debit Card,Debit,Fuel,Nagpur,Maharashtra,India
1366,TXN001367,2019-03-06,13:47:56,Burger King,POS Purchase Burger King,182.27,INR,Credit Card,Debit,Food,Jaipur,Rajasthan,India
1367,TXN001368,2019-03-06,21:10:00,Starbucks India,Debit Card POS Starbucks India,181.57,INR,Debit Card,Debit,Food,Ahmedabad,Gujarat,India
1368,TXN001369,2019-03-07,09:50:55,BSNL,Auto Debit BSNL,206.14,INR,Auto Debit,Debit,Bills,Lucknow,Uttar Pradesh,India
1369,TXN001370,2019-03-07,10:31:55,Spotify,Auto Debit Spotify,160.61,INR,Auto Debit,Debit,Subscription,Bengaluru,Karnataka,India
1370,TXN001371,2019-03-07,11:36:25,DMart,Debit Card POS DMart,434.59,INR,Debit Card,Debit,Groceries,Delhi,Delhi,India
1371,TXN001372,2019-03-07,22:14:30,Cafe Coffee Day,POS Purchase Cafe Coffee Day,352.89,INR,Credit Card,Debit,Food,Hyderabad,Telangana,India
1372,TXN001373,2019-03-08,12:24:26,Amazon India,POS Purchase Amazon India,23232.05,INR,Debit Card,Debit,Shopping,Bengaluru,Karnataka,India
1373,TXN001374,2019-03-09,07:16:25,Credit Card Bill Payment,Auto Debit Credit Card Bill Payment,2870.64,INR,Auto Debit,Debit,Bills,Mumbai,Maharashtra,India
1374,TXN001375,2019-03-09,07:58:31,House Rent Payment,NEFT Rent Payment,8351.13,INR,NEFT,Debit,Rent,Nagpur,Maharashtra,India
1375,TXN001376,2019-03-09,08:09:41,LIC,Auto Debit LIC,8448.99,INR,Auto Debit,Debit,Insurance,Noida,Uttar Pradesh,India
1376,TXN001377,2019-03-09,09:00:06,Spotify,Auto Debit Spotify,165.96,INR,Auto Debit,Debit,Subscription,Hyderabad,Telangana,India
1377,TXN001378,2019-03-09,21:09:16,Swiggy,UPI/DR/159841457129/Swiggy,181.57,INR,UPI,Debit,Food,Nagpur,Maharashtra,India
1378,TXN001379,2019-03-11,09:08:36,Jio Fiber,Auto Debit Jio Fiber,1295.71,INR,Auto Debit,Debit,Bills,Hyderabad,Telangana,India
1379,TXN001380,2019-03-12,16:32:17,Reliance Fresh,UPI Collect Reliance Fresh,2205.68,INR,UPI,Debit,Groceries,Surat,Gujarat,India
1380,TXN001381,2019-03-12,19:56:20,HPCL,UPI/DR/909065971394/HPCL,3450.89,INR,UPI,Debit,Fuel,Bengaluru,Karnataka,India
1381,TXN001382,2019-03-12,21:20:20,DMart,UPI Payment DMart,474.05,INR,UPI,Debit,Groceries,Lucknow,Uttar Pradesh,India
1382,TXN001383,2019-03-13,07:30:00,Credit Card Bill Payment,Auto Debit Credit Card Bill Payment,2794.2,INR,Auto Debit,Debit,Bills,Ahmedabad,Gujarat,India
1383,TXN001384,2019-03-14,08:23:20,Credit Card Bill Payment,Net Banking Payment Credit Card Bill Payment,2683.09,INR,Net Banking,Debit,Bills,Hyderabad,Telangana,India
1384,TXN001385,2019-03-14,09:36:24,Municipal Water Department,Auto Debit Municipal Water Department,207.92,INR,Auto Debit,Debit,Bills,Ahmedabad,Gujarat,India
1385,TXN001386,2019-03-15,09:12:20,Employer Salary Credit,NEFT Salary Credit,44565.02,INR,NEFT,Credit,Salary,Pune,Maharashtra,India
1386,TXN001387,2019-03-15,09:40:35,Reliance Fresh,POS Purchase Reliance Fresh,2426.06,INR,Debit Card,Debit,Groceries,Hyderabad,Telangana,India
1387,TXN001388,2019-03-15,11:13:53,Credit Card Bill Payment,Auto Debit Credit Card Bill Payment,2667.26,INR,Auto Debit,Debit,Bills,Bengaluru,Karnataka,India
1388,TXN001389,2019-03-16,06:57:56,House Rent Payment,IMPS Transfer House Rent Payment,8252.31,INR,IMPS,Debit,Rent,Pune,Maharashtra,India
1389,TXN001390,2019-03-16,09:04:48,Zomato,POS Purchase Zomato,192.49,INR,Debit Card,Debit,Food,Bengaluru,Karnataka,India
1390,TXN001391,2019-03-16,10:04:56,DMart,UPI/Paytm/DMart,2424.61,INR,UPI,Debit,Groceries,Bengaluru,Karnataka,India
1391,TXN001392,2019-03-16,12:47:45,BigBasket,UPI/DR/447799726494/BigBasket,463.89,INR,UPI,Debit,Groceries,Bengaluru,Karnataka,India
1392,TXN001393,2019-03-17,06:41:37,Jio Fiber,UPI/Paytm/Jio Fiber,1319.01,INR,UPI,Debit,Bills,Bengaluru,Karnataka,India
1393,TXN001394,2019-03-17,06:42:01,Credit Card Bill Payment,Auto Debit Credit Card Bill Payment,6956.02,INR,Auto Debit,Debit,Bills,Kochi,Kerala,India
1394,TXN001395,2019-03-17,11:45:16,Airtel,Net Banking Payment Airtel,197.52,INR,Net Banking,Debit,Bills,Kochi,Kerala,India
1395,TXN001396,2019-03-17,16:02:07,Nykaa,POS Purchase Nykaa,562.87,INR,Debit Card,Debit,Shopping,Bengaluru,Karnataka,India
1396,TXN001397,2019-03-18,06:00:20,Credit Card Bill Payment,Auto Debit Credit Card Bill Payment,3796.41,INR,Auto Debit,Debit,Bills,Lucknow,Uttar Pradesh,India
1397,TXN001398,2019-03-18,10:31:52,BEST,Electricity Bill BEST,5188.22,INR,Auto Debit,Debit,Bills,Ahmedabad,Gujarat,India
1398,TXN001399,2019-03-18,12:04:07,Cafe Coffee Day,POS Purchase Cafe Coffee Day,365.1,INR,Debit Card,Debit,Food,Pune,Maharashtra,India
1399,TXN001400,2019-03-19,09:54:03,Municipal Water Department,Auto Debit Municipal Water Department,212.27,INR,Auto Debit,Debit,Bills,Bengaluru,Karnataka,India
1400,TXN001401,2019-03-19,22:23:41,Chaayos,POS Purchase Chaayos,191.9,INR,Credit Card,Debit,Food,Bengaluru,Karnataka,India
1401,TXN001402,2019-03-20,07:14:30,Spotify,Auto Debit Spotify,150.5,INR,Auto Debit,Debit,Subscription,Bengaluru,Karnataka,India
1402,TXN001403,2019-03-20,08:16:55,Swiggy,POS Purchase Swiggy,144.31,INR,Credit Card,Debit,Food,Kolkata,West Bengal,India
1403,TXN001404,2019-03-20,10:14:39,HDFC Ergo,Net Banking Payment HDFC Ergo,8675.42,INR,Net Banking,Debit,Insurance,Bengaluru,Karnataka,India
1404,TXN001405,2019-03-20,10:43:12,Credit Card Bill Payment,Net Banking Payment Credit Card Bill Payment,4130.01,INR,Net Banking,Debit,Bills,Jaipur,Rajasthan,India
1405,TXN001406,2019-03-20,18:35:03,Amazon India,UPI Collect Amazon India,570.7,INR,UPI,Debit,Shopping,Nagpur,Maharashtra,India
1406,TXN001407,2019-03-20,20:54:44,Amazon India,POS Purchase Amazon India,539.87,INR,Credit Card,Debit,Shopping,Hyderabad,Telangana,India
1407,TXN001408,2019-03-20,21:00:11,Flipkart,POS Purchase Flipkart,569.72,INR,Debit Card,Debit,Shopping,Bengaluru,Karnataka,India
1408,TXN001409,2019-03-21,07:05:57,Credit Card Bill Payment,Net Banking Payment Credit Card Bill Payment,2787.0,INR,Net Banking,Debit,Bills,Indore,Madhya Pradesh,India
1409,TXN001410,2019-03-21,10:33:49,Indian Oil,POS Purchase Indian Oil,3373.49,INR,Debit Card,Debit,Fuel,Pune,Maharashtra,India
1410,TXN001411,2019-03-21,12:39:32,EatClub,POS Purchase EatClub,193.66,INR,Credit Card,Debit,Food,Jaipur,Rajasthan,India
1411,TXN001412,2019-03-21,16:10:34,DMart,UPI Collect DMart,728.41,INR,UPI,Debit,Groceries,Lucknow,Uttar Pradesh,India
1412,TXN001413,2019-03-22,07:54:20,Credit Card Bill Payment,Auto Debit Credit Card Bill Payment,6998.92,INR,Auto Debit,Debit,Bills,Nagpur,Maharashtra,India
1413,TXN001414,2019-03-23,07:01:55,Bharat Gas,Auto Debit Bharat Gas,880.77,INR,Auto Debit,Debit,Bills,Noida,Uttar Pradesh,India
1414,TXN001415,2019-03-23,20:40:59,BPCL,POS Purchase BPCL,3514.06,INR,Debit Card,Debit,Fuel,Noida,Uttar Pradesh,India
1415,TXN001416,2019-03-24,07:34:37,Jio Fiber,UPI/DR/934435252417/Jio Fiber,1269.07,INR,UPI,Debit,Bills,Bengaluru,Karnataka,India
1416,TXN001417,2019-03-24,10:31:42,Credit Card Bill Payment,Auto Debit Credit Card Bill Payment,2728.77,INR,Auto Debit,Debit,Bills,Delhi,Delhi,India
1417,TXN001418,2019-03-24,14:36:27,HPCL,UPI/Paytm/HPCL,3294.51,INR,UPI,Debit,Fuel,Bengaluru,Karnataka,India
1418,TXN001419,2019-03-26,09:34:25,Airtel Digital TV,Auto Debit Airtel Digital TV,296.46,INR,Auto Debit,Debit,Subscription,Chennai,Tamil Nadu,India
1419,TXN001420,2019-03-26,20:48:52,Myntra,UPI Payment Myntra,653.84,INR,UPI,Debit,Shopping,Chennai,Tamil Nadu,India
1420,TXN001421,2019-03-27,07:44:55,House Rent Payment,NEFT Rent Payment,7965.89,INR,NEFT,Debit,Rent,Hyderabad,Telangana,India
1421,TXN001422,2019-03-27,09:09:08,Reliance Fresh,POS Purchase Reliance Fresh,697.43,INR,Debit Card,Debit,Groceries,Ahmedabad,Gujarat,India
1422,TXN001423,2019-03-27,10:55:54,Credit Card Bill Payment,Net Banking Payment Credit Card Bill Payment,2734.38,INR,Net Banking,Debit,Bills,Noida,Uttar Pradesh,India
1423,TXN001424,2019-03-29,01:22:27,Employer Salary Credit,NEFT Salary Credit,44479.59,INR,NEFT,Credit,Salary,Surat,Gujarat,India
1424,TXN001425,2019-03-29,06:22:31,Airtel,Auto Debit Airtel,190.83,INR,Auto Debit,Debit,Bills,Lucknow,Uttar Pradesh,India
1425,TXN001426,2019-03-29,07:07:32,Credit Card Bill Payment,Auto Debit Credit Card Bill Payment,2659.6,INR,Auto Debit,Debit,Bills,Kochi,Kerala,India
1426,TXN001427,2019-03-30,08:59:20,Domino's India,UPI Payment Domino's India,176.49,INR,UPI,Debit,Food,Indore,Madhya Pradesh,India
1427,TXN001428,2019-03-30,09:06:50,Myntra,UPI Collect Myntra,636.3,INR,UPI,Debit,Shopping,Surat,Gujarat,India
1428,TXN001429,2019-03-30,12:28:16,Chaayos,UPI Payment Chaayos,193.51,INR,UPI,Debit,Food,Bengaluru,Karnataka,India
1429,TXN001430,2019-03-30,13:32:54,Burger King,UPI Collect Burger King,184.08,INR,UPI,Debit,Food,Bengaluru,Karnataka,India
1430,TXN001431,2019-03-31,06:37:58,Municipal Water Department,Auto Debit Municipal Water Department,225.02,INR,Auto Debit,Debit,Bills,Pune,Maharashtra,India
1431,TXN001432,2019-04-01,06:04:59,Credit Card Bill Payment,Auto Debit Credit Card Bill Payment,3557.34,INR,Auto Debit,Debit,Bills,Lucknow,Uttar Pradesh,India
1432,TXN001433,2019-04-01,11:29:38,Flipkart,UPI/DR/510503797037/Flipkart,1205.33,INR,UPI,Debit,Shopping,Jaipur,Rajasthan,India
1433,TXN001434,2019-04-01,21:49:35,Nature's Basket,UPI/DR/417590523551/Nature's Basket,475.75,INR,UPI,Debit,Groceries,Bengaluru,Karnataka,India
1434,TXN001435,2019-04-02,09:03:29,Reliance Fresh,POS Purchase Reliance Fresh,454.3,INR,Credit Card,Debit,Groceries,Mumbai,Maharashtra,India
1435,TXN001436,2019-04-02,09:09:21,Myntra,POS Purchase Myntra,1182.78,INR,Debit Card,Debit,Shopping,Bengaluru,Karnataka,India
1436,TXN001437,2019-04-02,09:28:33,Credit Card Bill Payment,Net Banking Payment Credit Card Bill Payment,4645.18,INR,Net Banking,Debit,Bills,Indore,Madhya Pradesh,India
1437,TXN001438,2019-04-02,22:42:12,Burger King,POS Purchase Burger King,309.86,INR,Credit Card,Debit,Food,Bengaluru,Karnataka,India
1438,TXN001439,2019-04-03,07:53:41,Spotify,Auto Debit Spotify,163.24,INR,Auto Debit,Debit,Subscription,Bengaluru,Karnataka,India
1439,TXN001440,2019-04-03,09:49:04,Airtel,UPI Collect Airtel,1335.95,INR,UPI,Debit,Bills,Mumbai,Maharashtra,India
1440,TXN001441,2019-04-03,18:31:27,Ace Hardware India,Debit Card POS Ace Hardware India,524.96,INR,Debit Card,Debit,Miscellaneous,Bengaluru,Karnataka,India
1441,TXN001442,2019-04-03,19:09:34,Blinkit,UPI/DR/422639992513/Blinkit,727.83,INR,UPI,Debit,Groceries,Kochi,Kerala,India
1442,TXN001443,2019-04-03,19:44:41,Nature's Basket,POS Purchase Nature's Basket,448.69,INR,Credit Card,Debit,Groceries,Bengaluru,Karnataka,India
1443,TXN001444,2019-04-04,15:09:55,Flipkart,POS Purchase Flipkart,2661.76,INR,Credit Card,Debit,Shopping,Bengaluru,Karnataka,India
1444,TXN001445,2019-04-04,16:48:15,Blinkit,UPI Collect Blinkit,467.05,INR,UPI,Debit,Groceries,Delhi,Delhi,India
1445,TXN001446,2019-04-06,07:18:30,Credit Card Bill Payment,Net Banking Payment Credit Card Bill Payment,3600.63,INR,Net Banking,Debit,Bills,Nagpur,Maharashtra,India
1446,TXN001447,2019-04-06,08:47:29,Dish TV,Net Banking Payment Dish TV,301.98,INR,Net Banking,Debit,Subscription,Pune,Maharashtra,India
1447,TXN001448,2019-04-06,08:58:09,Credit Card Bill Payment,Auto Debit Credit Card Bill Payment,3566.5,INR,Auto Debit,Debit,Bills,Lucknow,Uttar Pradesh,India
1448,TXN001449,2019-04-06,09:44:30,Amazon India,POS Purchase Amazon India,2964.03,INR,Debit Card,Debit,Shopping,Hyderabad,Telangana,India
1449,TXN001450,2019-04-06,22:19:58,Local Barbershop,Debit Card POS Local Barbershop,1535.77,INR,Debit Card,Debit,Miscellaneous,Bengaluru,Karnataka,India
1450,TXN001451,2019-04-07,06:05:13,HP Gas,Net Banking Payment HP Gas,421.85,INR,Net Banking,Debit,Bills,Bengaluru,Karnataka,India
1451,TXN001452,2019-04-07,06:39:01,ICICI Lombard,Auto Debit ICICI Lombard,8600.84,INR,Auto Debit,Debit,Insurance,Bengaluru,Karnataka,India
1452,TXN001453,2019-04-07,11:53:59,Credit Card Bill Payment,Net Banking Payment Credit Card Bill Payment,4823.08,INR,Net Banking,Debit,Bills,Ahmedabad,Gujarat,India
1453,TXN001454,2019-04-07,19:22:02,Local Barbershop,Debit Card POS Local Barbershop,1448.56,INR,Debit Card,Debit,Miscellaneous,Bengaluru,Karnataka,India
1454,TXN001455,2019-04-07,20:08:49,Blinkit,POS Purchase Blinkit,703.5,INR,Credit Card,Debit,Groceries,Nagpur,Maharashtra,India
1455,TXN001456,2019-04-08,07:05:25,LIC,Auto Debit LIC,8639.82,INR,Auto Debit,Debit,Insurance,Mumbai,Maharashtra,India
1456,TXN001457,2019-04-08,12:28:51,Indian Oil,UPI/DR/667285782430/Indian Oil,3783.73,INR,UPI,Debit,Fuel,Nagpur,Maharashtra,India
1457,TXN001458,2019-04-08,13:40:08,Faasos,POS Purchase Faasos,623.73,INR,Debit Card,Debit,Food,Delhi,Delhi,India
1458,TXN001459,2019-04-09,09:51:26,Credit Card Bill Payment,Net Banking Payment Credit Card Bill Payment,3810.92,INR,Net Banking,Debit,Bills,Ahmedabad,Gujarat,India
1459,TXN001460,2019-04-10,19:15:19,Social,UPI/DR/560826223204/Social,2562.65,INR,UPI,Debit,Food,Nagpur,Maharashtra,India
1460,TXN001461,2019-04-11,08:05:09,EatClub,UPI Payment EatClub,287.99,INR,UPI,Debit,Food,Lucknow,Uttar Pradesh,India
1461,TXN001462,2019-04-11,12:14:29,Ace Hardware India,UPI Collect Ace Hardware India,505.76,INR,UPI,Debit,Miscellaneous,Hyderabad,Telangana,India
1462,TXN001463,2019-04-11,15:51:33,Reliance Fresh,Debit Card POS Reliance Fresh,569.53,INR,Debit Card,Debit,Groceries,Chennai,Tamil Nadu,India
1463,TXN001464,2019-04-12,08:39:17,Airtel,Auto Debit Airtel,190.78,INR,Auto Debit,Debit,Bills,Nagpur,Maharashtra,India
1464,TXN001465,2019-04-12,08:50:34,Tata Power,Electricity Bill Tata Power,5246.0,INR,Auto Debit,Debit,Bills,Delhi,Delhi,India
1465,TXN001466,2019-04-12,09:58:35,Employer Salary Credit,NEFT Salary Credit,45024.58,INR,NEFT,Credit,Salary,Lucknow,Uttar Pradesh,India
1466,TXN001467,2019-04-12,09:59:23,BSNL,Auto Debit BSNL,1411.53,INR,Auto Debit,Debit,Bills,Bengaluru,Karnataka,India
1467,TXN001468,2019-04-13,10:06:41,ICICI Lombard,Auto Debit ICICI Lombard,8141.15,INR,Auto Debit,Debit,Insurance,Bengaluru,Karnataka,India
1468,TXN001469,2019-04-14,07:27:37,House Rent Payment,IMPS Transfer House Rent Payment,8404.06,INR,IMPS,Debit,Rent,Bengaluru,Karnataka,India
1469,TXN001470,2019-04-14,13:38:23,BigBasket,UPI Collect BigBasket,743.01,INR,UPI,Debit,Groceries,Noida,Uttar Pradesh,India
1470,TXN001471,2019-04-14,14:05:18,Home Depot India,UPI/DR/436872878477/Home Depot India,488.81,INR,UPI,Debit,Miscellaneous,Bengaluru,Karnataka,India
1471,TXN001472,2019-04-15,08:59:31,Social,UPI Payment Social,2527.02,INR,UPI,Debit,Food,Hyderabad,Telangana,India
1472,TXN001473,2019-04-15,10:26:11,Amazon India,POS Purchase Amazon India,1164.25,INR,Debit Card,Debit,Shopping,Kochi,Kerala,India
1473,TXN001474,2019-04-15,13:02:44,Swiggy,UPI Payment Swiggy,691.86,INR,UPI,Debit,Food,Bengaluru,Karnataka,India
1474,TXN001475,2019-04-16,06:17:56,Credit Card Bill Payment,Auto Debit Credit Card Bill Payment,4788.63,INR,Auto Debit,Debit,Bills,Lucknow,Uttar Pradesh,India
1475,TXN001476,2019-04-16,06:20:45,Credit Card Bill Payment,Auto Debit Credit Card Bill Payment,3540.34,INR,Auto Debit,Debit,Bills,Bengaluru,Karnataka,India
1476,TXN001477,2019-04-16,09:13:07,Faasos,Debit Card POS Faasos,243.58,INR,Debit Card,Debit,Food,Delhi,Delhi,India
1477,TXN001478,2019-04-16,10:20:16,Credit Card Bill Payment,Net Banking Payment Credit Card Bill Payment,4667.24,INR,Net Banking,Debit,Bills,Nagpur,Maharashtra,India
1478,TXN001479,2019-04-16,11:13:09,Zepto,UPI/DR/740918061247/Zepto,463.09,INR,UPI,Debit,Groceries,Ahmedabad,Gujarat,India
1479,TXN001480,2019-04-16,13:22:21,Local Wine & Beer Shop,POS Purchase Local Wine & Beer Shop,916.81,INR,Credit Card,Debit,Food,Chennai,Tamil Nadu,India
1480,TXN001481,2019-04-16,14:34:32,BPCL,Debit Card POS BPCL,3776.72,INR,Debit Card,Debit,Fuel,Mumbai,Maharashtra,India
1481,TXN001482,2019-04-16,17:05:45,Flipkart,Debit Card POS Flipkart,1179.34,INR,Debit Card,Debit,Shopping,Kochi,Kerala,India
1482,TXN001483,2019-04-16,20:50:12,DMart,UPI Collect DMart,1228.11,INR,UPI,Debit,Groceries,Kochi,Kerala,India
1483,TXN001484,2019-04-17,08:01:13,Jio Fiber,Auto Debit Jio Fiber,1302.67,INR,Auto Debit,Debit,Bills,Nagpur,Maharashtra,India
1484,TXN001485,2019-04-17,11:15:28,Municipal Water Department,Auto Debit Municipal Water Department,211.71,INR,Auto Debit,Debit,Bills,Bengaluru,Karnataka,India
1485,TXN001486,2019-04-17,14:54:02,Toit Brewpub,UPI Collect Toit Brewpub,957.01,INR,UPI,Debit,Food,Nagpur,Maharashtra,India
1486,TXN001487,2019-04-17,22:04:41,HPCL,UPI Collect HPCL,3613.89,INR,UPI,Debit,Fuel,Bengaluru,Karnataka,India
1487,TXN001488,2019-04-18,09:17:12,House Rent Payment,NEFT Rent Payment,7592.08,INR,NEFT,Debit,Rent,Indore,Madhya Pradesh,India
1488,TXN001489,2019-04-18,09:17:57,Lakme Salon,UPI Payment Lakme Salon,1559.99,INR,UPI,Debit,Miscellaneous,Surat,Gujarat,India
1489,TXN001490,2019-04-18,18:01:43,HPCL,UPI Collect HPCL,3896.18,INR,UPI,Debit,Fuel,Bengaluru,Karnataka,India
1490,TXN001491,2019-04-18,20:30:01,Local Wine & Beer Shop,POS Purchase Local Wine & Beer Shop,2400.0,INR,Credit Card,Debit,Food,Ahmedabad,Gujarat,India
1491,TXN001492,2019-04-19,11:22:24,DMart,Debit Card POS DMart,755.97,INR,Debit Card,Debit,Groceries,Bengaluru,Karnataka,India
1492,TXN001493,2019-04-20,06:33:34,Airtel Digital TV,Auto Debit Airtel Digital TV,294.4,INR,Auto Debit,Debit,Subscription,Mumbai,Maharashtra,India
1493,TXN001494,2019-04-20,07:02:22,Credit Card Bill Payment,Net Banking Payment Credit Card Bill Payment,2690.99,INR,Net Banking,Debit,Bills,Pune,Maharashtra,India
1494,TXN001495,2019-04-20,20:37:29,Meesho,Debit Card POS Meesho,1196.02,INR,Debit Card,Debit,Shopping,Chennai,Tamil Nadu,India
1495,TXN001496,2019-04-21,08:02:53,Spotify,Auto Debit Spotify,167.15,INR,Auto Debit,Debit,Subscription,Bengaluru,Karnataka,India
1496,TXN001497,2019-04-21,13:24:11,Cafe Coffee Day,Debit Card POS Cafe Coffee Day,235.31,INR,Debit Card,Debit,Food,Kochi,Kerala,India
1497,TXN001498,2019-04-21,16:35:29,Blinkit,UPI Collect Blinkit,609.69,INR,UPI,Debit,Groceries,Kolkata,West Bengal,India
1498,TXN001499,2019-04-21,20:05:34,Meesho,Debit Card POS Meesho,956.14,INR,Debit Card,Debit,Shopping,Bengaluru,Karnataka,India
1499,TXN001500,2019-04-21,21:34:39,Myntra,POS Purchase Myntra,939.75,INR,Credit Card,Debit,Shopping,Bengaluru,Karnataka,India
1500,TXN001501,2019-04-22,06:34:49,Credit Card Bill Payment,Net Banking Payment Credit Card Bill Payment,4354.13,INR,Net Banking,Debit,Bills,Hyderabad,Telangana,India
1501,TXN001502,2019-04-22,07:11:55,Credit Card Bill Payment,Auto Debit Credit Card Bill Payment,4804.61,INR,Auto Debit,Debit,Bills,Kolkata,West Bengal,India
1502,TXN001503,2019-04-22,08:25:23,Nykaa,UPI/Paytm/Nykaa,568.8,INR,UPI,Debit,Shopping,Bengaluru,Karnataka,India
1503,TXN001504,2019-04-22,09:04:48,Credit Card Bill Payment,Auto Debit Credit Card Bill Payment,4865.74,INR,Auto Debit,Debit,Bills,Chennai,Tamil Nadu,India
1504,TXN001505,2019-04-23,06:57:42,Credit Card Bill Payment,Auto Debit Credit Card Bill Payment,2718.47,INR,Auto Debit,Debit,Bills,Jaipur,Rajasthan,India
1505,TXN001506,2019-04-23,07:29:36,Credit Card Bill Payment,Auto Debit Credit Card Bill Payment,2531.75,INR,Auto Debit,Debit,Bills,Kochi,Kerala,India
1506,TXN001507,2019-04-23,17:27:30,Flipkart,POS Purchase Flipkart,2975.04,INR,Credit Card,Debit,Shopping,Bengaluru,Karnataka,India
1507,TXN001508,2019-04-23,22:31:22,Cafe Coffee Day,UPI/DR/539706537809/Cafe Coffee Day,676.95,INR,UPI,Debit,Food,Bengaluru,Karnataka,India
1508,TXN001509,2019-04-24,12:36:32,Cafe Coffee Day,UPI/DR/382915414789/Cafe Coffee Day,277.8,INR,UPI,Debit,Food,Kochi,Kerala,India
1509,TXN001510,2019-04-26,01:32:42,Employer Salary Credit,NEFT Salary Credit,42783.69,INR,NEFT,Credit,Salary,Mumbai,Maharashtra,India
1510,TXN001511,2019-04-26,10:34:24,Credit Card Bill Payment,Net Banking Payment Credit Card Bill Payment,2499.95,INR,Net Banking,Debit,Bills,Kolkata,West Bengal,India
1511,TXN001512,2019-04-26,10:46:57,Credit Card Bill Payment,Net Banking Payment Credit Card Bill Payment,3735.87,INR,Net Banking,Debit,Bills,Hyderabad,Telangana,India
1512,TXN001513,2019-04-26,11:22:45,DMart,POS Purchase DMart,678.62,INR,Debit Card,Debit,Groceries,Bengaluru,Karnataka,India
1513,TXN001514,2019-04-27,09:01:54,Jio,Net Banking Payment Jio,206.63,INR,Net Banking,Debit,Bills,Bengaluru,Karnataka,India
1514,TXN001515,2019-04-27,09:25:00,Municipal Water Department,Auto Debit Municipal Water Department,207.68,INR,Auto Debit,Debit,Bills,Chennai,Tamil Nadu,India
1515,TXN001516,2019-04-28,09:11:13,Tata Play,Auto Debit Tata Play,285.83,INR,Auto Debit,Debit,Subscription,Nagpur,Maharashtra,India
1516,TXN001517,2019-04-28,09:36:37,House Rent Payment,NEFT Rent Payment,8103.93,INR,NEFT,Debit,Rent,Bengaluru,Karnataka,India
1517,TXN001518,2019-04-28,09:36:52,BPCL,UPI Payment BPCL,3628.34,INR,UPI,Debit,Fuel,Noida,Uttar Pradesh,India
1518,TXN001519,2019-04-28,09:46:54,DMart,POS Purchase DMart,570.13,INR,Credit Card,Debit,Groceries,Pune,Maharashtra,India
1519,TXN001520,2019-04-28,11:47:31,Municipal Water Department,Auto Debit Municipal Water Department,210.81,INR,Auto Debit,Debit,Bills,Kolkata,West Bengal,India
1520,TXN001521,2019-04-28,21:40:50,Nature's Basket,UPI/Paytm/Nature's Basket,469.52,INR,UPI,Debit,Groceries,Indore,Madhya Pradesh,India
1521,TXN001522,2019-04-29,06:38:36,Credit Card Bill Payment,Auto Debit Credit Card Bill Payment,3680.65,INR,Auto Debit,Debit,Bills,Ahmedabad,Gujarat,India
1522,TXN001523,2019-04-29,07:49:06,Credit Card Bill Payment,Net Banking Payment Credit Card Bill Payment,10541.12,INR,Net Banking,Debit,Bills,Bengaluru,Karnataka,India
1523,TXN001524,2019-04-29,08:52:36,Spotify,Auto Debit Spotify,152.75,INR,Auto Debit,Debit,Subscription,Hyderabad,Telangana,India
1524,TXN001525,2019-04-29,09:27:45,HP Gas,Auto Debit HP Gas,419.7,INR,Auto Debit,Debit,Bills,Noida,Uttar Pradesh,India
1525,TXN001526,2019-04-29,10:15:23,Airtel,Auto Debit Airtel,196.8,INR,Auto Debit,Debit,Bills,Indore,Madhya Pradesh,India
1526,TXN001527,2019-04-30,06:33:09,Municipal Water Department,Auto Debit Municipal Water Department,213.7,INR,Auto Debit,Debit,Bills,Noida,Uttar Pradesh,India
1527,TXN001528,2019-04-30,09:19:45,Credit Card Bill Payment,Auto Debit Credit Card Bill Payment,3577.22,INR,Auto Debit,Debit,Bills,Jaipur,Rajasthan,India
1528,TXN001529,2019-04-30,10:20:11,Tata Power,UPI Collect Tata Power,5111.07,INR,UPI,Debit,Bills,Kolkata,West Bengal,India
1529,TXN001530,2019-05-01,08:46:54,Credit Card Bill Payment,Net Banking Payment Credit Card Bill Payment,3728.75,INR,Net Banking,Debit,Bills,Noida,Uttar Pradesh,India
1530,TXN001531,2019-05-03,07:58:30,House Rent Payment,NEFT Rent Payment,8084.36,INR,NEFT,Debit,Rent,Nagpur,Maharashtra,India
1531,TXN001532,2019-05-03,08:16:29,Jio Fiber,Auto Debit Jio Fiber,1288.64,INR,Auto Debit,Debit,Bills,Bengaluru,Karnataka,India
1532,TXN001533,2019-05-03,08:54:35,Flipkart,UPI/DR/280901060638/Flipkart,290.2,INR,UPI,Debit,Shopping,Bengaluru,Karnataka,India
1533,TXN001534,2019-05-03,10:26:02,Credit Card Bill Payment,Net Banking Payment Credit Card Bill Payment,5623.17,INR,Net Banking,Debit,Bills,Bengaluru,Karnataka,India
1534,TXN001535,2019-05-03,10:30:08,Credit Card Bill Payment,Auto Debit Credit Card Bill Payment,4017.31,INR,Auto Debit,Debit,Bills,Bengaluru,Karnataka,India
1535,TXN001536,2019-05-04,06:36:11,Tata Power,Electricity Bill Tata Power,5410.64,INR,Auto Debit,Debit,Bills,Mumbai,Maharashtra,India
1536,TXN001537,2019-05-04,09:28:10,BEST,Electricity Bill BEST,5216.66,INR,Auto Debit,Debit,Bills,Bengaluru,Karnataka,India
1537,TXN001538,2019-05-05,07:46:49,Dish TV,UPI/DR/571590243417/Dish TV,779.14,INR,UPI,Debit,Subscription,Bengaluru,Karnataka,India
1538,TXN001539,2019-05-06,06:45:47,Credit Card Bill Payment,Auto Debit Credit Card Bill Payment,3824.97,INR,Auto Debit,Debit,Bills,Bengaluru,Karnataka,India
1539,TXN001540,2019-05-06,07:48:16,Credit Card Bill Payment,Net Banking Payment Credit Card Bill Payment,5583.16,INR,Net Banking,Debit,Bills,Bengaluru,Karnataka,India
1540,TXN001541,2019-05-06,09:53:51,Credit Card Bill Payment,Net Banking Payment Credit Card Bill Payment,3669.23,INR,Net Banking,Debit,Bills,Bengaluru,Karnataka,India
1541,TXN001542,2019-05-06,09:58:04,Credit Card Bill Payment,Net Banking Payment Credit Card Bill Payment,5457.87,INR,Net Banking,Debit,Bills,Noida,Uttar Pradesh,India
1542,TXN001543,2019-05-06,16:56:08,Nature's Basket,UPI Collect Nature's Basket,409.19,INR,UPI,Debit,Groceries,Bengaluru,Karnataka,India
1543,TXN001544,2019-05-06,22:23:08,Nykaa,POS Purchase Nykaa,1250.66,INR,Credit Card,Debit,Shopping,Bengaluru,Karnataka,India
1544,TXN001545,2019-05-07,06:02:44,Credit Card Bill Payment,Net Banking Payment Credit Card Bill Payment,3415.94,INR,Net Banking,Debit,Bills,Bengaluru,Karnataka,India
1545,TXN001546,2019-05-07,12:31:54,Home Depot India,UPI/Paytm/Home Depot India,494.32,INR,UPI,Debit,Miscellaneous,Delhi,Delhi,India
1546,TXN001547,2019-05-07,13:39:01,Amazon India,POS Purchase Amazon India,23543.32,INR,Credit Card,Debit,Shopping,Lucknow,Uttar Pradesh,India
1547,TXN001548,2019-05-08,13:32:00,Barbeque Nation,UPI Collect Barbeque Nation,402.81,INR,UPI,Debit,Food,Jaipur,Rajasthan,India
1548,TXN001549,2019-05-08,14:23:34,Domino's India,UPI Collect Domino's India,398.22,INR,UPI,Debit,Food,Hyderabad,Telangana,India
1549,TXN001550,2019-05-09,09:04:33,Credit Card Bill Payment,Auto Debit Credit Card Bill Payment,5714.58,INR,Auto Debit,Debit,Bills,Noida,Uttar Pradesh,India
1550,TXN001551,2019-05-09,11:08:22,House Rent Payment,IMPS Transfer House Rent Payment,7783.46,INR,IMPS,Debit,Rent,Nagpur,Maharashtra,India
1551,TXN001552,2019-05-09,13:33:51,Cafe Coffee Day,UPI/Paytm/Cafe Coffee Day,180.93,INR,UPI,Debit,Food,Kochi,Kerala,India
1552,TXN001553,2019-05-09,19:05:21,BPCL,POS Purchase BPCL,3419.84,INR,Debit Card,Debit,Fuel,Kochi,Kerala,India
1553,TXN001554,2019-05-10,09:58:50,Employer Salary Credit,NEFT Salary Credit,43452.98,INR,NEFT,Credit,Salary,Nagpur,Maharashtra,India
1554,TXN001555,2019-05-10,20:33:56,EatClub,POS Purchase EatClub,932.22,INR,Debit Card,Debit,Food,Hyderabad,Telangana,India
1555,TXN001556,2019-05-10,20:54:20,Domino's India,UPI/DR/197581577604/Domino's India,383.56,INR,UPI,Debit,Food,Pune,Maharashtra,India
1556,TXN001557,2019-05-11,09:01:14,Municipal Water Department,Auto Debit Municipal Water Department,215.21,INR,Auto Debit,Debit,Bills,Mumbai,Maharashtra,India
1557,TXN001558,2019-05-11,10:36:03,Spotify,Auto Debit Spotify,154.11,INR,Auto Debit,Debit,Subscription,Bengaluru,Karnataka,India
1558,TXN001559,2019-05-11,11:28:36,Airtel,Auto Debit Airtel,195.45,INR,Auto Debit,Debit,Bills,Lucknow,Uttar Pradesh,India
1559,TXN001560,2019-05-11,12:01:53,Myntra,POS Purchase Myntra,673.02,INR,Credit Card,Debit,Shopping,Noida,Uttar Pradesh,India
1560,TXN001561,2019-05-11,13:58:11,Amazon India,UPI Payment Amazon India,288.14,INR,UPI,Debit,Shopping,Mumbai,Maharashtra,India
1561,TXN001562,2019-05-12,17:59:52,Flipkart,POS Purchase Flipkart,23730.95,INR,Credit Card,Debit,Shopping,Bengaluru,Karnataka,India
1562,TXN001563,2019-05-13,10:00:56,Myntra,UPI/DR/502491509787/Myntra,308.96,INR,UPI,Debit,Shopping,Bengaluru,Karnataka,India
1563,TXN001564,2019-05-15,08:35:47,ICICI Lombard,Net Banking Payment ICICI Lombard,8156.13,INR,Net Banking,Debit,Insurance,Bengaluru,Karnataka,India
1564,TXN001565,2019-05-15,09:02:12,Bharat Gas,UPI Payment Bharat Gas,379.16,INR,UPI,Debit,Bills,Bengaluru,Karnataka,India
1565,TXN001566,2019-05-15,10:14:53,HDFC Ergo,Net Banking Payment HDFC Ergo,8444.78,INR,Net Banking,Debit,Insurance,Ahmedabad,Gujarat,India
1566,TXN001567,2019-05-15,10:35:57,Credit Card Bill Payment,Auto Debit Credit Card Bill Payment,5764.07,INR,Auto Debit,Debit,Bills,Bengaluru,Karnataka,India
1567,TXN001568,2019-05-15,11:07:31,Credit Card Bill Payment,Auto Debit Credit Card Bill Payment,3597.81,INR,Auto Debit,Debit,Bills,Pune,Maharashtra,India
1568,TXN001569,2019-05-15,20:46:26,Ajio,Debit Card POS Ajio,644.02,INR,Debit Card,Debit,Shopping,Bengaluru,Karnataka,India
1569,TXN001570,2019-05-16,13:24:55,Barbeque Nation,UPI/Paytm/Barbeque Nation,413.96,INR,UPI,Debit,Food,Ahmedabad,Gujarat,India
1570,TXN001571,2019-05-16,20:38:26,Myntra,POS Purchase Myntra,578.93,INR,Credit Card,Debit,Shopping,Bengaluru,Karnataka,India
1571,TXN001572,2019-05-17,06:41:38,ICICI Lombard,Auto Debit ICICI Lombard,8080.37,INR,Auto Debit,Debit,Insurance,Jaipur,Rajasthan,India
1572,TXN001573,2019-05-17,07:41:26,Bharat Gas,Auto Debit Bharat Gas,383.03,INR,Auto Debit,Debit,Bills,Kochi,Kerala,India
1573,TXN001574,2019-05-17,10:10:13,Amazon India,Debit Card POS Amazon India,1006.7,INR,Debit Card,Debit,Shopping,Ahmedabad,Gujarat,India
1574,TXN001575,2019-05-17,12:13:33,Barbeque Nation,UPI/DR/456857612334/Barbeque Nation,405.6,INR,UPI,Debit,Food,Ahmedabad,Gujarat,India
1575,TXN001576,2019-05-18,06:07:28,House Rent Payment,NEFT Rent Payment,8214.63,INR,NEFT,Debit,Rent,Surat,Gujarat,India
1576,TXN001577,2019-05-18,08:43:00,Jio,UPI/DR/074085677789/Jio,194.16,INR,UPI,Debit,Bills,Indore,Madhya Pradesh,India
1577,TXN001578,2019-05-18,08:58:15,EatClub,POS Purchase EatClub,422.08,INR,Debit Card,Debit,Food,Kolkata,West Bengal,India
1578,TXN001579,2019-05-18,19:49:04,HPCL,POS Purchase HPCL,3300.86,INR,Debit Card,Debit,Fuel,Kolkata,West Bengal,India
1579,TXN001580,2019-05-20,10:24:32,Spotify,Auto Debit Spotify,153.49,INR,Auto Debit,Debit,Subscription,Bengaluru,Karnataka,India
1580,TXN001581,2019-05-20,22:13:37,Zomato,UPI Payment Zomato,395.0,INR,UPI,Debit,Food,Bengaluru,Karnataka,India
1581,TXN001582,2019-05-21,18:26:14,Ajio,UPI/Paytm/Ajio,710.48,INR,UPI,Debit,Shopping,Bengaluru,Karnataka,India
1582,TXN001583,2019-05-22,14:39:31,Local Hardware Store,POS Purchase Local Hardware Store,489.03,INR,Credit Card,Debit,Miscellaneous,Bengaluru,Karnataka,India
1583,TXN001584,2019-05-22,21:18:18,Cafe Coffee Day,Debit Card POS Cafe Coffee Day,188.33,INR,Debit Card,Debit,Food,Hyderabad,Telangana,India
1584,TXN001585,2019-05-23,06:13:22,Credit Card Bill Payment,Net Banking Payment Credit Card Bill Payment,5437.47,INR,Net Banking,Debit,Bills,Surat,Gujarat,India
1585,TXN001586,2019-05-23,07:51:54,Tata Play,Auto Debit Tata Play,833.67,INR,Auto Debit,Debit,Subscription,Pune,Maharashtra,India
1586,TXN001587,2019-05-23,09:32:40,Ace Hardware India,UPI/Paytm/Ace Hardware India,515.52,INR,UPI,Debit,Miscellaneous,Bengaluru,Karnataka,India
1587,TXN001588,2019-05-23,09:55:51,Swiggy,UPI/DR/542614413187/Swiggy,396.33,INR,UPI,Debit,Food,Pune,Maharashtra,India
1588,TXN001589,2019-05-23,10:31:41,Municipal Water Department,Net Banking Payment Municipal Water Department,218.41,INR,Net Banking,Debit,Bills,Ahmedabad,Gujarat,India
1589,TXN001590,2019-05-23,12:31:13,HPCL,ATM Cash Withdrawal,3317.35,INR,Cash Withdrawal,Debit,Fuel,Indore,Madhya Pradesh,India
1590,TXN001591,2019-05-24,01:07:58,Employer Salary Credit,NEFT Salary Credit,43478.43,INR,NEFT,Credit,Salary,Bengaluru,Karnataka,India
1591,TXN001592,2019-05-24,07:32:47,Tata Play,Auto Debit Tata Play,828.21,INR,Auto Debit,Debit,Subscription,Noida,Uttar Pradesh,India
1592,TXN001593,2019-05-24,11:50:54,Spotify,Auto Debit Spotify,158.95,INR,Auto Debit,Debit,Subscription,Kolkata,West Bengal,India
1593,TXN001594,2019-05-25,10:17:04,Credit Card Bill Payment,Net Banking Payment Credit Card Bill Payment,3653.56,INR,Net Banking,Debit,Bills,Jaipur,Rajasthan,India
1594,TXN001595,2019-05-25,12:52:07,Barbeque Nation,UPI Collect Barbeque Nation,399.51,INR,UPI,Debit,Food,Bengaluru,Karnataka,India
1595,TXN001596,2019-05-26,06:37:15,BSNL,UPI Collect BSNL,207.24,INR,UPI,Debit,Bills,Ahmedabad,Gujarat,India
1596,TXN001597,2019-05-26,10:51:26,Airtel,Auto Debit Airtel,1377.91,INR,Auto Debit,Debit,Bills,Bengaluru,Karnataka,India
1597,TXN001598,2019-05-26,11:13:56,Municipal Water Department,Net Banking Payment Municipal Water Department,223.5,INR,Net Banking,Debit,Bills,Bengaluru,Karnataka,India
1598,TXN001599,2019-05-26,12:48:42,Swiggy,UPI Collect Swiggy,433.75,INR,UPI,Debit,Food,Kolkata,West Bengal,India
1599,TXN001600,2019-05-26,17:43:12,DMart,UPI Payment DMart,415.12,INR,UPI,Debit,Groceries,Lucknow,Uttar Pradesh,India
1600,TXN001601,2019-05-26,22:20:36,Ace Hardware India,POS Purchase Ace Hardware India,545.18,INR,Credit Card,Debit,Miscellaneous,Chennai,Tamil Nadu,India
1601,TXN001602,2019-05-26,22:21:47,Amazon India,POS Purchase Amazon India,706.05,INR,Debit Card,Debit,Shopping,Nagpur,Maharashtra,India
1602,TXN001603,2019-05-27,20:53:01,Indian Oil,UPI/Paytm/Indian Oil,3415.45,INR,UPI,Debit,Fuel,Noida,Uttar Pradesh,India
1603,TXN001604,2019-05-28,10:08:05,Bharat Gas,Auto Debit Bharat Gas,420.52,INR,Auto Debit,Debit,Bills,Bengaluru,Karnataka,India
1604,TXN001605,2019-05-28,12:32:22,Flipkart,POS Purchase Flipkart,958.01,INR,Credit Card,Debit,Shopping,Delhi,Delhi,India
1605,TXN001606,2019-05-28,15:56:01,DMart,POS Purchase DMart,410.9,INR,Debit Card,Debit,Groceries,Chennai,Tamil Nadu,India
1606,TXN001607,2019-05-28,22:20:18,McDonald's India,UPI Collect McDonald's India,975.18,INR,UPI,Debit,Food,Bengaluru,Karnataka,India
1607,TXN001608,2019-05-29,17:23:47,Indian Oil,UPI/DR/725096154629/Indian Oil,3445.44,INR,UPI,Debit,Fuel,Ahmedabad,Gujarat,India
1608,TXN001609,2019-05-29,20:18:57,Flipkart,POS Purchase Flipkart,671.11,INR,Credit Card,Debit,Shopping,Delhi,Delhi,India
1609,TXN001610,2019-05-30,09:23:33,Airtel,Auto Debit Airtel,1393.67,INR,Auto Debit,Debit,Bills,Kochi,Kerala,India
1610,TXN001611,2019-05-30,10:02:51,Credit Card Bill Payment,Auto Debit Credit Card Bill Payment,3528.95,INR,Auto Debit,Debit,Bills,Mumbai,Maharashtra,India
1611,TXN001612,2019-05-30,10:33:11,Credit Card Bill Payment,Net Banking Payment Credit Card Bill Payment,5570.15,INR,Net Banking,Debit,Bills,Bengaluru,Karnataka,India
1612,TXN001613,2019-05-30,15:18:27,Home Depot India,UPI/Paytm/Home Depot India,539.62,INR,UPI,Debit,Miscellaneous,Kochi,Kerala,India
1613,TXN001614,2019-05-31,14:37:46,Amazon India,UPI Collect Amazon India,996.69,INR,UPI,Debit,Shopping,Jaipur,Rajasthan,India
1614,TXN001615,2019-05-31,20:20:29,Domino's India,UPI/Paytm/Domino's India,902.76,INR,UPI,Debit,Food,Kolkata,West Bengal,India
1615,TXN001616,2019-06-01,06:06:22,Credit Card Bill Payment,Net Banking Payment Credit Card Bill Payment,1547.21,INR,Net Banking,Debit,Bills,Delhi,Delhi,India
1616,TXN001617,2019-06-01,06:56:31,BSNL,Net Banking Payment BSNL,194.97,INR,Net Banking,Debit,Bills,Bengaluru,Karnataka,India
1617,TXN001618,2019-06-01,10:25:38,Credit Card Bill Payment,Net Banking Payment Credit Card Bill Payment,1918.91,INR,Net Banking,Debit,Bills,Kochi,Kerala,India
1618,TXN001619,2019-06-01,19:31:07,Reliance Fresh,UPI Payment Reliance Fresh,842.48,INR,UPI,Debit,Groceries,Nagpur,Maharashtra,India
1619,TXN001620,2019-06-01,22:07:16,Barbeque Nation,UPI Payment Barbeque Nation,309.76,INR,UPI,Debit,Food,Mumbai,Maharashtra,India
1620,TXN001621,2019-06-02,07:49:41,Credit Card Bill Payment,Net Banking Payment Credit Card Bill Payment,2420.56,INR,Net Banking,Debit,Bills,Bengaluru,Karnataka,India
1621,TXN001622,2019-06-02,08:07:08,Cafe Coffee Day,UPI/Paytm/Cafe Coffee Day,147.36,INR,UPI,Debit,Food,Bengaluru,Karnataka,India
1622,TXN001623,2019-06-02,11:45:32,House Rent Payment,IMPS Transfer House Rent Payment,8217.82,INR,IMPS,Debit,Rent,Bengaluru,Karnataka,India
1623,TXN001624,2019-06-02,11:46:12,Credit Card Bill Payment,Auto Debit Credit Card Bill Payment,1982.53,INR,Auto Debit,Debit,Bills,Surat,Gujarat,India
1624,TXN001625,2019-06-02,15:12:17,Nature's Basket,POS Purchase Nature's Basket,604.94,INR,Credit Card,Debit,Groceries,Delhi,Delhi,India
1625,TXN001626,2019-06-02,16:13:08,BPCL,UPI Payment BPCL,3290.82,INR,UPI,Debit,Fuel,Noida,Uttar Pradesh,India
1626,TXN001627,2019-06-03,10:17:50,Credit Card Bill Payment,Net Banking Payment Credit Card Bill Payment,1774.19,INR,Net Banking,Debit,Bills,Delhi,Delhi,India
1627,TXN001628,2019-06-03,10:47:18,Spotify,Auto Debit Spotify,154.03,INR,Auto Debit,Debit,Subscription,Pune,Maharashtra,India
1628,TXN001629,2019-06-03,14:49:03,Local Wine & Beer Shop,POS Purchase Local Wine & Beer Shop,997.22,INR,Credit Card,Debit,Food,Jaipur,Rajasthan,India
1629,TXN001630,2019-06-04,08:17:58,Tata Power,Electricity Bill Tata Power,5023.96,INR,Auto Debit,Debit,Bills,Indore,Madhya Pradesh,India
1630,TXN001631,2019-06-04,13:43:12,Starbucks India,UPI Payment Starbucks India,148.97,INR,UPI,Debit,Food,Noida,Uttar Pradesh,India
1631,TXN001632,2019-06-05,06:15:35,Municipal Water Department,Auto Debit Municipal Water Department,216.12,INR,Auto Debit,Debit,Bills,Lucknow,Uttar Pradesh,India
1632,TXN001633,2019-06-05,06:25:52,Credit Card Bill Payment,Auto Debit Credit Card Bill Payment,1884.67,INR,Auto Debit,Debit,Bills,Noida,Uttar Pradesh,India
1633,TXN001634,2019-06-05,12:12:59,The Beer Cafe,POS Purchase The Beer Cafe,1027.42,INR,Credit Card,Debit,Food,Nagpur,Maharashtra,India
1634,TXN001635,2019-06-05,16:53:36,HPCL,ATM Cash Withdrawal,3234.15,INR,Cash Withdrawal,Debit,Fuel,Lucknow,Uttar Pradesh,India
1635,TXN001636,2019-06-06,08:22:59,Credit Card Bill Payment,Net Banking Payment Credit Card Bill Payment,1486.42,INR,Net Banking,Debit,Bills,Bengaluru,Karnataka,India
1636,TXN001637,2019-06-06,08:48:43,Credit Card Bill Payment,Auto Debit Credit Card Bill Payment,3390.54,INR,Auto Debit,Debit,Bills,Bengaluru,Karnataka,India
1637,TXN001638,2019-06-06,09:28:15,Ace Hardware India,UPI Payment Ace Hardware India,8441.15,INR,UPI,Debit,Miscellaneous,Bengaluru,Karnataka,India
1638,TXN001639,2019-06-06,10:22:13,Credit Card Bill Payment,Auto Debit Credit Card Bill Payment,3747.24,INR,Auto Debit,Debit,Bills,Indore,Madhya Pradesh,India
1639,TXN001640,2019-06-06,10:50:17,Naturals Salon,UPI Collect Naturals Salon,1517.87,INR,UPI,Debit,Miscellaneous,Kochi,Kerala,India
1640,TXN001641,2019-06-06,22:59:24,BPCL,UPI/Paytm/BPCL,3269.48,INR,UPI,Debit,Fuel,Surat,Gujarat,India
1641,TXN001642,2019-06-07,01:51:53,Employer Salary Credit,NEFT Salary Credit,46265.66,INR,NEFT,Credit,Salary,Chennai,Tamil Nadu,India
1642,TXN001643,2019-06-07,08:11:43,Meesho,POS Purchase Meesho,549.27,INR,Credit Card,Debit,Shopping,Bengaluru,Karnataka,India
1643,TXN001644,2019-06-07,10:59:38,Airtel,UPI Payment Airtel,188.56,INR,UPI,Debit,Bills,Chennai,Tamil Nadu,India
1644,TXN001645,2019-06-07,14:44:54,Nature's Basket,UPI/Paytm/Nature's Basket,879.25,INR,UPI,Debit,Groceries,Delhi,Delhi,India
1645,TXN001646,2019-06-08,10:30:00,Adani Electricity,Electricity Bill Adani Electricity,4963.3,INR,Auto Debit,Debit,Bills,Hyderabad,Telangana,India
1646,TXN001647,2019-06-08,20:51:03,Home Depot India,POS Purchase Home Depot India,8311.09,INR,Credit Card,Debit,Miscellaneous,Kolkata,West Bengal,India
1647,TXN001648,2019-06-09,07:19:40,Jio Fiber,Auto Debit Jio Fiber,1402.24,INR,Auto Debit,Debit,Bills,Lucknow,Uttar Pradesh,India
1648,TXN001649,2019-06-09,11:24:42,Tata Play,Auto Debit Tata Play,824.41,INR,Auto Debit,Debit,Subscription,Bengaluru,Karnataka,India
1649,TXN001650,2019-06-10,10:35:24,Credit Card Bill Payment,Auto Debit Credit Card Bill Payment,1476.41,INR,Auto Debit,Debit,Bills,Nagpur,Maharashtra,India
1650,TXN001651,2019-06-10,12:48:35,Local Wine & Beer Shop,POS Purchase Local Wine & Beer Shop,1020.72,INR,Credit Card,Debit,Food,Bengaluru,Karnataka,India
1651,TXN001652,2019-06-11,06:34:59,House Rent Payment,NEFT Rent Payment,7658.91,INR,NEFT,Debit,Rent,Hyderabad,Telangana,India
1652,TXN001653,2019-06-11,08:15:05,Naturals Salon,ATM Cash Withdrawal,1585.54,INR,Cash Withdrawal,Debit,Miscellaneous,Jaipur,Rajasthan,India
1653,TXN001654,2019-06-11,08:56:24,Burger King,UPI Collect Burger King,312.06,INR,UPI,Debit,Food,Hyderabad,Telangana,India
1654,TXN001655,2019-06-11,09:12:43,Naturals Salon,ATM Cash Withdrawal,1534.72,INR,Cash Withdrawal,Debit,Miscellaneous,Chennai,Tamil Nadu,India
1655,TXN001656,2019-06-11,09:44:22,Reliance Fresh,Debit Card POS Reliance Fresh,807.7,INR,Debit Card,Debit,Groceries,Bengaluru,Karnataka,India
1656,TXN001657,2019-06-11,15:04:46,Myntra,POS Purchase Myntra,577.3,INR,Credit Card,Debit,Shopping,Nagpur,Maharashtra,India
1657,TXN001658,2019-06-11,22:57:04,Toit Brewpub,POS Purchase Toit Brewpub,1000.34,INR,Credit Card,Debit,Food,Surat,Gujarat,India
1658,TXN001659,2019-06-12,22:11:24,Third Wave Coffee,UPI Payment Third Wave Coffee,159.71,INR,UPI,Debit,Food,Ahmedabad,Gujarat,India
1659,TXN001660,2019-06-12,22:27:16,Domino's India,UPI Payment Domino's India,313.98,INR,UPI,Debit,Food,Bengaluru,Karnataka,India
1660,TXN001661,2019-06-14,09:39:07,Credit Card Bill Payment,Auto Debit Credit Card Bill Payment,1803.02,INR,Auto Debit,Debit,Bills,Ahmedabad,Gujarat,India
1661,TXN001662,2019-06-16,10:56:50,Municipal Water Department,Auto Debit Municipal Water Department,206.73,INR,Auto Debit,Debit,Bills,Nagpur,Maharashtra,India
1662,TXN001663,2019-06-16,11:00:36,BPCL,ATM Cash Withdrawal,2908.65,INR,Cash Withdrawal,Debit,Fuel,Ahmedabad,Gujarat,India
1663,TXN001664,2019-06-16,14:31:53,BigBasket,POS Purchase BigBasket,811.61,INR,Debit Card,Debit,Groceries,Bengaluru,Karnataka,India
1664,TXN001665,2019-06-16,19:51:50,Cafe Coffee Day,UPI/DR/605503259204/Cafe Coffee Day,154.93,INR,UPI,Debit,Food,Kolkata,West Bengal,India
1665,TXN001666,2019-06-17,07:33:03,Jio Fiber,UPI Collect Jio Fiber,1326.07,INR,UPI,Debit,Bills,Bengaluru,Karnataka,India
1666,TXN001667,2019-06-17,08:06:03,Dish TV,Auto Debit Dish TV,833.46,INR,Auto Debit,Debit,Subscription,Bengaluru,Karnataka,India
1667,TXN001668,2019-06-18,10:21:34,Indane Gas,Auto Debit Indane Gas,420.78,INR,Auto Debit,Debit,Bills,Bengaluru,Karnataka,India
1668,TXN001669,2019-06-18,10:55:33,HPCL,UPI Collect HPCL,3951.02,INR,UPI,Debit,Fuel,Indore,Madhya Pradesh,India
1669,TXN001670,2019-06-19,06:40:57,ICICI Lombard,Net Banking Payment ICICI Lombard,8967.86,INR,Net Banking,Debit,Insurance,Nagpur,Maharashtra,India
1670,TXN001671,2019-06-19,09:05:52,Credit Card Bill Payment,Net Banking Payment Credit Card Bill Payment,1489.25,INR,Net Banking,Debit,Bills,Ahmedabad,Gujarat,India
1671,TXN001672,2019-06-19,10:06:18,Home Depot India,POS Purchase Home Depot India,8286.68,INR,Credit Card,Debit,Miscellaneous,Bengaluru,Karnataka,India
1672,TXN001673,2019-06-19,11:57:53,Credit Card Bill Payment,Auto Debit Credit Card Bill Payment,3352.5,INR,Auto Debit,Debit,Bills,Hyderabad,Telangana,India
1673,TXN001674,2019-06-19,22:20:33,Cafe Coffee Day,POS Purchase Cafe Coffee Day,157.19,INR,Credit Card,Debit,Food,Bengaluru,Karnataka,India
1674,TXN001675,2019-06-20,07:01:36,Credit Card Bill Payment,Net Banking Payment Credit Card Bill Payment,3295.5,INR,Net Banking,Debit,Bills,Pune,Maharashtra,India
1675,TXN001676,2019-06-20,07:47:03,Spotify,Auto Debit Spotify,155.62,INR,Auto Debit,Debit,Subscription,Bengaluru,Karnataka,India
1676,TXN001677,2019-06-20,08:14:09,Spotify,Auto Debit Spotify,159.92,INR,Auto Debit,Debit,Subscription,Chennai,Tamil Nadu,India
1677,TXN001678,2019-06-20,09:53:54,Credit Card Bill Payment,Net Banking Payment Credit Card Bill Payment,2650.73,INR,Net Banking,Debit,Bills,Kolkata,West Bengal,India
1678,TXN001679,2019-06-21,01:32:23,Employer Salary Credit,NEFT Salary Credit,43178.85,INR,NEFT,Credit,Salary,Hyderabad,Telangana,India
1679,TXN001680,2019-06-21,06:20:34,Bharat Gas,Auto Debit Bharat Gas,404.09,INR,Auto Debit,Debit,Bills,Bengaluru,Karnataka,India
1680,TXN001681,2019-06-21,07:43:50,Tata Power,UPI Payment Tata Power,5427.54,INR,UPI,Debit,Bills,Bengaluru,Karnataka,India
1681,TXN001682,2019-06-22,06:55:52,Bajaj Allianz,Auto Debit Bajaj Allianz,8989.75,INR,Auto Debit,Debit,Insurance,Jaipur,Rajasthan,India
1682,TXN001683,2019-06-23,11:25:03,Municipal Water Department,Auto Debit Municipal Water Department,212.97,INR,Auto Debit,Debit,Bills,Noida,Uttar Pradesh,India
1683,TXN001684,2019-06-23,21:22:33,Reliance Fresh,UPI/Paytm/Reliance Fresh,452.86,INR,UPI,Debit,Groceries,Bengaluru,Karnataka,India
1684,TXN001685,2019-06-24,07:27:01,Airtel,Auto Debit Airtel,208.94,INR,Auto Debit,Debit,Bills,Kochi,Kerala,India
1685,TXN001686,2019-06-25,08:09:00,Credit Card Bill Payment,Auto Debit Credit Card Bill Payment,2408.91,INR,Auto Debit,Debit,Bills,Bengaluru,Karnataka,India
1686,TXN001687,2019-06-25,14:59:31,Toit Brewpub,UPI Collect Toit Brewpub,1041.05,INR,UPI,Debit,Food,Bengaluru,Karnataka,India
1687,TXN001688,2019-06-25,19:54:08,Meesho,UPI Payment Meesho,537.66,INR,UPI,Debit,Shopping,Indore,Madhya Pradesh,India
1688,TXN001689,2019-06-26,07:11:14,Bajaj Allianz,Auto Debit Bajaj Allianz,8843.13,INR,Auto Debit,Debit,Insurance,Bengaluru,Karnataka,India
1689,TXN001690,2019-06-26,08:22:06,House Rent Payment,IMPS Transfer House Rent Payment,8334.9,INR,IMPS,Debit,Rent,Noida,Uttar Pradesh,India
1690,TXN001691,2019-06-26,09:47:00,Credit Card Bill Payment,Auto Debit Credit Card Bill Payment,3223.81,INR,Auto Debit,Debit,Bills,Bengaluru,Karnataka,India
1691,TXN001692,2019-06-26,20:31:21,HPCL,UPI Payment HPCL,3009.19,INR,UPI,Debit,Fuel,Noida,Uttar Pradesh,India
1692,TXN001693,2019-06-27,17:16:14,HPCL,UPI/Paytm/HPCL,3021.93,INR,UPI,Debit,Fuel,Bengaluru,Karnataka,India
1693,TXN001694,2019-06-28,08:25:40,HPCL,UPI Collect HPCL,2724.63,INR,UPI,Debit,Fuel,Nagpur,Maharashtra,India
1694,TXN001695,2019-06-30,09:01:09,Airtel,Auto Debit Airtel,1289.35,INR,Auto Debit,Debit,Bills,Lucknow,Uttar Pradesh,India
1695,TXN001696,2019-06-30,09:23:35,Credit Card Bill Payment,Net Banking Payment Credit Card Bill Payment,1502.87,INR,Net Banking,Debit,Bills,Bengaluru,Karnataka,India
1696,TXN001697,2019-06-30,11:05:25,Dish TV,UPI Payment Dish TV,827.88,INR,UPI,Debit,Subscription,Bengaluru,Karnataka,India
1697,TXN001698,2019-06-30,20:25:35,Zepto,POS Purchase Zepto,454.09,INR,Credit Card,Debit,Groceries,Jaipur,Rajasthan,India
1698,TXN001699,2019-06-30,21:00:34,BigBasket,POS Purchase BigBasket,454.94,INR,Debit Card,Debit,Groceries,Delhi,Delhi,India
1699,TXN001700,2019-07-01,08:33:19,Credit Card Bill Payment,Net Banking Payment Credit Card Bill Payment,5967.97,INR,Net Banking,Debit,Bills,Noida,Uttar Pradesh,India
1700,TXN001701,2019-07-01,08:46:05,Credit Card Bill Payment,Auto Debit Credit Card Bill Payment,2504.6,INR,Auto Debit,Debit,Bills,Lucknow,Uttar Pradesh,India
1701,TXN001702,2019-07-02,13:44:40,Cafe Coffee Day,UPI Payment Cafe Coffee Day,336.45,INR,UPI,Debit,Food,Hyderabad,Telangana,India
1702,TXN001703,2019-07-02,14:17:25,Starbucks India,UPI Collect Starbucks India,140.44,INR,UPI,Debit,Food,Surat,Gujarat,India
1703,TXN001704,2019-07-02,15:39:38,BigBasket,UPI Collect BigBasket,488.21,INR,UPI,Debit,Groceries,Chennai,Tamil Nadu,India
1704,TXN001705,2019-07-03,08:58:50,Jio,Net Banking Payment Jio,201.17,INR,Net Banking,Debit,Bills,Nagpur,Maharashtra,India
1705,TXN001706,2019-07-03,18:50:08,Meesho,POS Purchase Meesho,2693.4,INR,Credit Card,Debit,Shopping,Kolkata,West Bengal,India
1706,TXN001707,2019-07-04,08:16:13,Burger King,UPI/Paytm/Burger King,206.5,INR,UPI,Debit,Food,Ahmedabad,Gujarat,India
1707,TXN001708,2019-07-04,13:14:00,Nature's Basket,Debit Card POS Nature's Basket,2465.61,INR,Debit Card,Debit,Groceries,Mumbai,Maharashtra,India
1708,TXN001709,2019-07-04,13:29:44,Third Wave Coffee,POS Purchase Third Wave Coffee,226.02,INR,Credit Card,Debit,Food,Nagpur,Maharashtra,India
1709,TXN001710,2019-07-04,13:39:45,Cafe Coffee Day,POS Purchase Cafe Coffee Day,313.23,INR,Debit Card,Debit,Food,Indore,Madhya Pradesh,India
1710,TXN001711,2019-07-05,08:14:24,Credit Card Bill Payment,Auto Debit Credit Card Bill Payment,2539.75,INR,Auto Debit,Debit,Bills,Bengaluru,Karnataka,India
1711,TXN001712,2019-07-05,08:19:29,HPCL,Debit Card POS HPCL,3368.81,INR,Debit Card,Debit,Fuel,Hyderabad,Telangana,India
1712,TXN001713,2019-07-05,09:10:13,Employer Salary Credit,NEFT Salary Credit,62918.91,INR,NEFT,Credit,Salary,Bengaluru,Karnataka,India
1713,TXN001714,2019-07-05,11:02:48,Credit Card Bill Payment,Net Banking Payment Credit Card Bill Payment,2279.9,INR,Net Banking,Debit,Bills,Hyderabad,Telangana,India
1714,TXN001715,2019-07-05,21:36:48,HPCL,Debit Card POS HPCL,3357.47,INR,Debit Card,Debit,Fuel,Mumbai,Maharashtra,India
1715,TXN001716,2019-07-06,08:34:03,Local Barbershop,ATM Cash Withdrawal,1581.99,INR,Cash Withdrawal,Debit,Miscellaneous,Bengaluru,Karnataka,India
1716,TXN001717,2019-07-06,20:14:48,Swiggy,UPI/DR/189335873808/Swiggy,478.21,INR,UPI,Debit,Food,Ahmedabad,Gujarat,India
1717,TXN001718,2019-07-07,09:43:07,Bharat Gas,UPI/Paytm/Bharat Gas,381.3,INR,UPI,Debit,Bills,Bengaluru,Karnataka,India
1718,TXN001719,2019-07-07,10:56:29,ICICI Lombard,Auto Debit ICICI Lombard,8358.0,INR,Auto Debit,Debit,Insurance,Pune,Maharashtra,India
1719,TXN001720,2019-07-07,14:53:50,DMart,Debit Card POS DMart,660.68,INR,Debit Card,Debit,Groceries,Hyderabad,Telangana,India
1720,TXN001721,2019-07-08,08:29:46,Credit Card Bill Payment,Auto Debit Credit Card Bill Payment,2372.47,INR,Auto Debit,Debit,Bills,Pune,Maharashtra,India
1721,TXN001722,2019-07-08,11:21:41,Bajaj Allianz,Auto Debit Bajaj Allianz,8425.93,INR,Auto Debit,Debit,Insurance,Bengaluru,Karnataka,India
1722,TXN001723,2019-07-09,07:33:44,Bharat Gas,Net Banking Payment Bharat Gas,388.13,INR,Net Banking,Debit,Bills,Mumbai,Maharashtra,India
1723,TXN001724,2019-07-09,21:16:18,Barbeque Nation,POS Purchase Barbeque Nation,343.18,INR,Debit Card,Debit,Food,Mumbai,Maharashtra,India
1724,TXN001725,2019-07-09,21:32:03,Swiggy,POS Purchase Swiggy,203.85,INR,Debit Card,Debit,Food,Kochi,Kerala,India
1725,TXN001726,2019-07-10,09:08:09,Credit Card Bill Payment,Auto Debit Credit Card Bill Payment,1717.06,INR,Auto Debit,Debit,Bills,Bengaluru,Karnataka,India
1726,TXN001727,2019-07-10,09:23:04,Home Depot India,Debit Card POS Home Depot India,530.73,INR,Debit Card,Debit,Miscellaneous,Lucknow,Uttar Pradesh,India
1727,TXN001728,2019-07-10,11:16:06,Ace Hardware India,POS Purchase Ace Hardware India,536.43,INR,Credit Card,Debit,Miscellaneous,Bengaluru,Karnataka,India
1728,TXN001729,2019-07-10,12:20:33,Local Hardware Store,POS Purchase Local Hardware Store,709.38,INR,Credit Card,Debit,Miscellaneous,Nagpur,Maharashtra,India
1729,TXN001730,2019-07-10,16:53:06,Amazon India,Debit Card POS Amazon India,2651.57,INR,Debit Card,Debit,Shopping,Bengaluru,Karnataka,India
1730,TXN001731,2019-07-11,06:01:42,Airtel Digital TV,Net Banking Payment Airtel Digital TV,800.26,INR,Net Banking,Debit,Subscription,Bengaluru,Karnataka,India
1731,TXN001732,2019-07-11,07:55:41,Bharat Gas,UPI/DR/392459387598/Bharat Gas,411.05,INR,UPI,Debit,Bills,Ahmedabad,Gujarat,India
1732,TXN001733,2019-07-11,09:59:05,Cafe Coffee Day,POS Purchase Cafe Coffee Day,355.32,INR,Credit Card,Debit,Food,Pune,Maharashtra,India
1733,TXN001734,2019-07-11,10:32:41,BSNL,Auto Debit BSNL,1410.12,INR,Auto Debit,Debit,Bills,Bengaluru,Karnataka,India
1734,TXN001735,2019-07-11,19:24:19,Toit Brewpub,POS Purchase Toit Brewpub,1288.99,INR,Debit Card,Debit,Food,Bengaluru,Karnataka,India
1735,TXN001736,2019-07-12,07:12:45,Credit Card Bill Payment,Auto Debit Credit Card Bill Payment,1691.09,INR,Auto Debit,Debit,Bills,Jaipur,Rajasthan,India
1736,TXN001737,2019-07-12,09:35:56,Faasos,UPI/DR/106474983554/Faasos,332.1,INR,UPI,Debit,Food,Pune,Maharashtra,India
1737,TXN001738,2019-07-12,10:21:14,Credit Card Bill Payment,Auto Debit Credit Card Bill Payment,2595.06,INR,Auto Debit,Debit,Bills,Bengaluru,Karnataka,India
1738,TXN001739,2019-07-12,13:44:05,EatClub,UPI Payment EatClub,324.45,INR,UPI,Debit,Food,Bengaluru,Karnataka,India
1739,TXN001740,2019-07-12,14:18:48,Cafe Coffee Day,UPI/Paytm/Cafe Coffee Day,188.77,INR,UPI,Debit,Food,Bengaluru,Karnataka,India
1740,TXN001741,2019-07-12,21:49:27,Nykaa,UPI/DR/959936760671/Nykaa,585.72,INR,UPI,Debit,Shopping,Nagpur,Maharashtra,India
1741,TXN001742,2019-07-13,08:27:46,Credit Card Bill Payment,Net Banking Payment Credit Card Bill Payment,2313.05,INR,Net Banking,Debit,Bills,Bengaluru,Karnataka,India
1742,TXN001743,2019-07-13,11:02:37,Lakme Salon,ATM Cash Withdrawal,1507.28,INR,Cash Withdrawal,Debit,Miscellaneous,Mumbai,Maharashtra,India
1743,TXN001744,2019-07-13,16:46:53,Reliance Fresh,POS Purchase Reliance Fresh,2279.74,INR,Credit Card,Debit,Groceries,Indore,Madhya Pradesh,India
1744,TXN001745,2019-07-13,22:12:48,Barbeque Nation,UPI Collect Barbeque Nation,345.13,INR,UPI,Debit,Food,Bengaluru,Karnataka,India
1745,TXN001746,2019-07-14,06:17:24,ICICI Lombard,Net Banking Payment ICICI Lombard,8993.8,INR,Net Banking,Debit,Insurance,Pune,Maharashtra,India
1746,TXN001747,2019-07-14,08:32:31,McDonald's India,POS Purchase McDonald's India,349.96,INR,Debit Card,Debit,Food,Noida,Uttar Pradesh,India
1747,TXN001748,2019-07-14,11:41:59,Credit Card Bill Payment,Net Banking Payment Credit Card Bill Payment,2813.54,INR,Net Banking,Debit,Bills,Bengaluru,Karnataka,India
1748,TXN001749,2019-07-14,13:23:58,BigBasket,UPI Collect BigBasket,732.58,INR,UPI,Debit,Groceries,Bengaluru,Karnataka,India
1749,TXN001750,2019-07-14,16:20:30,Nature's Basket,UPI Payment Nature's Basket,710.31,INR,UPI,Debit,Groceries,Bengaluru,Karnataka,India
1750,TXN001751,2019-07-14,17:36:26,Local Hardware Store,UPI Collect Local Hardware Store,659.9,INR,UPI,Debit,Miscellaneous,Nagpur,Maharashtra,India
1751,TXN001752,2019-07-15,12:05:54,Faasos,POS Purchase Faasos,329.79,INR,Debit Card,Debit,Food,Bengaluru,Karnataka,India
1752,TXN001753,2019-07-16,10:09:56,Credit Card Bill Payment,Net Banking Payment Credit Card Bill Payment,2729.35,INR,Net Banking,Debit,Bills,Bengaluru,Karnataka,India
1753,TXN001754,2019-07-16,11:12:15,Spotify,Auto Debit Spotify,161.8,INR,Auto Debit,Debit,Subscription,Surat,Gujarat,India
1754,TXN001755,2019-07-16,12:17:58,Starbucks India,UPI Collect Starbucks India,224.43,INR,UPI,Debit,Food,Hyderabad,Telangana,India
1755,TXN001756,2019-07-17,09:53:18,Credit Card Bill Payment,Net Banking Payment Credit Card Bill Payment,2719.3,INR,Net Banking,Debit,Bills,Noida,Uttar Pradesh,India
1756,TXN001757,2019-07-17,14:38:03,Burger King,POS Purchase Burger King,506.16,INR,Credit Card,Debit,Food,Bengaluru,Karnataka,India
1757,TXN001758,2019-07-17,14:50:31,Nature's Basket,UPI Payment Nature's Basket,2488.31,INR,UPI,Debit,Groceries,Kochi,Kerala,India
1758,TXN001759,2019-07-18,06:59:14,Municipal Water Department,UPI/DR/616338874599/Municipal Water Department,209.41,INR,UPI,Debit,Bills,Bengaluru,Karnataka,India
1759,TXN001760,2019-07-18,10:18:02,Ace Hardware India,POS Purchase Ace Hardware India,532.26,INR,Credit Card,Debit,Miscellaneous,Jaipur,Rajasthan,India
1760,TXN001761,2019-07-18,13:59:33,Nature's Basket,UPI/DR/972340461518/Nature's Basket,483.25,INR,UPI,Debit,Groceries,Surat,Gujarat,India
1761,TXN001762,2019-07-18,14:59:21,Faasos,UPI Collect Faasos,319.84,INR,UPI,Debit,Food,Delhi,Delhi,India
1762,TXN001763,2019-07-19,01:49:12,Employer Salary Credit,NEFT Salary Credit,65194.21,INR,NEFT,Credit,Salary,Noida,Uttar Pradesh,India
1763,TXN001764,2019-07-19,06:47:07,Bharat Gas,Net Banking Payment Bharat Gas,384.66,INR,Net Banking,Debit,Bills,Bengaluru,Karnataka,India
1764,TXN001765,2019-07-19,08:23:37,Third Wave Coffee,UPI/Paytm/Third Wave Coffee,217.33,INR,UPI,Debit,Food,Bengaluru,Karnataka,India
1765,TXN001766,2019-07-19,09:30:19,Credit Card Bill Payment,Auto Debit Credit Card Bill Payment,2181.51,INR,Auto Debit,Debit,Bills,Hyderabad,Telangana,India
1766,TXN001767,2019-07-19,14:43:49,Local Hardware Store,UPI Payment Local Hardware Store,692.36,INR,UPI,Debit,Miscellaneous,Bengaluru,Karnataka,India
1767,TXN001768,2019-07-19,20:53:54,Home Depot India,POS Purchase Home Depot India,680.69,INR,Debit Card,Debit,Miscellaneous,Nagpur,Maharashtra,India
1768,TXN001769,2019-07-20,07:07:39,House Rent Payment,NEFT Rent Payment,8033.08,INR,NEFT,Debit,Rent,Nagpur,Maharashtra,India
1769,TXN001770,2019-07-20,10:00:52,Local Hardware Store,POS Purchase Local Hardware Store,559.45,INR,Credit Card,Debit,Miscellaneous,Pune,Maharashtra,India
1770,TXN001771,2019-07-20,19:23:47,Naturals Salon,ATM Cash Withdrawal,1526.97,INR,Cash Withdrawal,Debit,Miscellaneous,Mumbai,Maharashtra,India
1771,TXN001772,2019-07-20,21:09:21,Social,UPI/Paytm/Social,1273.6,INR,UPI,Debit,Food,Bengaluru,Karnataka,India
1772,TXN001773,2019-07-21,09:14:18,House Rent Payment,IMPS Transfer House Rent Payment,8314.94,INR,IMPS,Debit,Rent,Bengaluru,Karnataka,India
1773,TXN001774,2019-07-21,11:43:53,Spotify,Auto Debit Spotify,151.8,INR,Auto Debit,Debit,Subscription,Bengaluru,Karnataka,India
1774,TXN001775,2019-07-21,11:51:51,Airtel Digital TV,UPI/Paytm/Airtel Digital TV,844.91,INR,UPI,Debit,Subscription,Surat,Gujarat,India
1775,TXN001776,2019-07-21,12:46:58,Reliance Fresh,POS Purchase Reliance Fresh,486.1,INR,Credit Card,Debit,Groceries,Bengaluru,Karnataka,India
1776,TXN001777,2019-07-21,12:53:49,Blinkit,UPI Payment Blinkit,2330.56,INR,UPI,Debit,Groceries,Bengaluru,Karnataka,India
1777,TXN001778,2019-07-21,21:24:53,Social,UPI Collect Social,1265.59,INR,UPI,Debit,Food,Bengaluru,Karnataka,India
1778,TXN001779,2019-07-22,06:01:07,Credit Card Bill Payment,Net Banking Payment Credit Card Bill Payment,2515.51,INR,Net Banking,Debit,Bills,Nagpur,Maharashtra,India
1779,TXN001780,2019-07-22,11:00:48,Reliance Fresh,Debit Card POS Reliance Fresh,651.86,INR,Debit Card,Debit,Groceries,Ahmedabad,Gujarat,India
1780,TXN001781,2019-07-23,11:05:32,BEST,Net Banking Payment BEST,5083.78,INR,Net Banking,Debit,Bills,Bengaluru,Karnataka,India
1781,TXN001782,2019-07-24,06:08:54,Jio Fiber,UPI/DR/332104798809/Jio Fiber,1298.54,INR,UPI,Debit,Bills,Nagpur,Maharashtra,India
1782,TXN001783,2019-07-24,08:50:20,Credit Card Bill Payment,Net Banking Payment Credit Card Bill Payment,2307.5,INR,Net Banking,Debit,Bills,Delhi,Delhi,India
1783,TXN001784,2019-07-24,10:18:01,Credit Card Bill Payment,Net Banking Payment Credit Card Bill Payment,2786.75,INR,Net Banking,Debit,Bills,Nagpur,Maharashtra,India
1784,TXN001785,2019-07-24,13:46:29,Burger King,POS Purchase Burger King,345.83,INR,Credit Card,Debit,Food,Bengaluru,Karnataka,India
1785,TXN001786,2019-07-24,16:21:37,Zepto,POS Purchase Zepto,2589.62,INR,Debit Card,Debit,Groceries,Noida,Uttar Pradesh,India
1786,TXN001787,2019-07-25,08:45:53,Credit Card Bill Payment,Auto Debit Credit Card Bill Payment,2373.59,INR,Auto Debit,Debit,Bills,Bengaluru,Karnataka,India
1787,TXN001788,2019-07-25,14:39:42,Chaayos,UPI/DR/475336046415/Chaayos,139.24,INR,UPI,Debit,Food,Mumbai,Maharashtra,India
1788,TXN001789,2019-07-25,19:55:27,Ajio,POS Purchase Ajio,577.92,INR,Debit Card,Debit,Shopping,Noida,Uttar Pradesh,India
1789,TXN001790,2019-07-25,21:57:09,EatClub,POS Purchase EatClub,336.25,INR,Debit Card,Debit,Food,Kochi,Kerala,India
1790,TXN001791,2019-07-26,08:30:43,Municipal Water Department,Net Banking Payment Municipal Water Department,226.25,INR,Net Banking,Debit,Bills,Kolkata,West Bengal,India
1791,TXN001792,2019-07-26,12:07:47,EatClub,POS Purchase EatClub,318.1,INR,Credit Card,Debit,Food,Chennai,Tamil Nadu,India
1792,TXN001793,2019-07-26,20:00:43,Indian Oil,Debit Card POS Indian Oil,3568.22,INR,Debit Card,Debit,Fuel,Noida,Uttar Pradesh,India
1793,TXN001794,2019-07-27,09:14:54,Credit Card Bill Payment,Net Banking Payment Credit Card Bill Payment,2359.1,INR,Net Banking,Debit,Bills,Bengaluru,Karnataka,India
1794,TXN001795,2019-07-27,15:00:57,Reliance Fresh,POS Purchase Reliance Fresh,662.98,INR,Debit Card,Debit,Groceries,Chennai,Tamil Nadu,India
1795,TXN001796,2019-07-28,15:57:38,Reliance Fresh,POS Purchase Reliance Fresh,976.44,INR,Credit Card,Debit,Groceries,Bengaluru,Karnataka,India
1796,TXN001797,2019-07-28,19:03:11,BigBasket,UPI/DR/756278342286/BigBasket,942.31,INR,UPI,Debit,Groceries,Hyderabad,Telangana,India
1797,TXN001798,2019-07-29,08:08:58,Credit Card Bill Payment,Net Banking Payment Credit Card Bill Payment,1733.23,INR,Net Banking,Debit,Bills,Kochi,Kerala,India
1798,TXN001799,2019-07-30,08:57:25,Jio Fiber,Net Banking Payment Jio Fiber,1260.72,INR,Net Banking,Debit,Bills,Noida,Uttar Pradesh,India
1799,TXN001800,2019-07-30,11:34:24,Credit Card Bill Payment,Net Banking Payment Credit Card Bill Payment,2433.02,INR,Net Banking,Debit,Bills,Hyderabad,Telangana,India
1800,TXN001801,2019-07-30,17:35:55,Flipkart,POS Purchase Flipkart,565.9,INR,Credit Card,Debit,Shopping,Bengaluru,Karnataka,India
1801,TXN001802,2019-07-31,08:22:21,BSNL,UPI Payment BSNL,194.56,INR,UPI,Debit,Bills,Chennai,Tamil Nadu,India
1802,TXN001803,2019-07-31,11:42:46,Municipal Water Department,Auto Debit Municipal Water Department,223.08,INR,Auto Debit,Debit,Bills,Bengaluru,Karnataka,India
1803,TXN001804,2019-08-01,15:06:14,Zepto,POS Purchase Zepto,466.97,INR,Debit Card,Debit,Groceries,Kochi,Kerala,India
1804,TXN001805,2019-08-02,00:06:41,Employer Salary Credit,NEFT Salary Credit,64085.11,INR,NEFT,Credit,Salary,Bengaluru,Karnataka,India
1805,TXN001806,2019-08-02,07:22:58,Credit Card Bill Payment,Net Banking Payment Credit Card Bill Payment,3144.96,INR,Net Banking,Debit,Bills,Nagpur,Maharashtra,India
1806,TXN001807,2019-08-02,13:12:04,BPCL,UPI Collect BPCL,3326.2,INR,UPI,Debit,Fuel,Kochi,Kerala,India
1807,TXN001808,2019-08-02,21:40:59,Zomato,Debit Card POS Zomato,343.06,INR,Debit Card,Debit,Food,Bengaluru,Karnataka,India
1808,TXN001809,2019-08-03,08:58:14,Credit Card Bill Payment,Net Banking Payment Credit Card Bill Payment,8122.37,INR,Net Banking,Debit,Bills,Chennai,Tamil Nadu,India
1809,TXN001810,2019-08-03,18:52:16,Blinkit,UPI Collect Blinkit,463.69,INR,UPI,Debit,Groceries,Noida,Uttar Pradesh,India
1810,TXN001811,2019-08-04,07:00:28,Spotify,Auto Debit Spotify,166.92,INR,Auto Debit,Debit,Subscription,Indore,Madhya Pradesh,India
1811,TXN001812,2019-08-04,08:52:41,Ace Hardware India,POS Purchase Ace Hardware India,529.16,INR,Credit Card,Debit,Miscellaneous,Nagpur,Maharashtra,India
1812,TXN001813,2019-08-04,08:57:38,Credit Card Bill Payment,Auto Debit Credit Card Bill Payment,1690.06,INR,Auto Debit,Debit,Bills,Mumbai,Maharashtra,India
1813,TXN001814,2019-08-04,11:26:42,Local Hardware Store,UPI Collect Local Hardware Store,619.17,INR,UPI,Debit,Miscellaneous,Bengaluru,Karnataka,India
1814,TXN001815,2019-08-04,11:52:56,Credit Card Bill Payment,Auto Debit Credit Card Bill Payment,3094.4,INR,Auto Debit,Debit,Bills,Bengaluru,Karnataka,India
1815,TXN001816,2019-08-04,21:40:47,BPCL,Debit Card POS BPCL,3112.24,INR,Debit Card,Debit,Fuel,Nagpur,Maharashtra,India
1816,TXN001817,2019-08-05,06:25:05,Credit Card Bill Payment,Net Banking Payment Credit Card Bill Payment,3006.56,INR,Net Banking,Debit,Bills,Lucknow,Uttar Pradesh,India
1817,TXN001818,2019-08-05,06:30:25,Jio,Auto Debit Jio,187.74,INR,Auto Debit,Debit,Bills,Bengaluru,Karnataka,India
1818,TXN001819,2019-08-05,07:05:53,BSNL,Auto Debit BSNL,1337.57,INR,Auto Debit,Debit,Bills,Noida,Uttar Pradesh,India
1819,TXN001820,2019-08-05,19:04:10,Social,UPI Payment Social,1168.68,INR,UPI,Debit,Food,Bengaluru,Karnataka,India
1820,TXN001821,2019-08-06,14:00:03,Starbucks India,POS Purchase Starbucks India,142.07,INR,Credit Card,Debit,Food,Pune,Maharashtra,India
1821,TXN001822,2019-08-06,14:34:28,Home Depot India,UPI Collect Home Depot India,600.06,INR,UPI,Debit,Miscellaneous,Bengaluru,Karnataka,India
1822,TXN001823,2019-08-06,17:24:21,Ace Hardware India,UPI/Paytm/Ace Hardware India,597.31,INR,UPI,Debit,Miscellaneous,Bengaluru,Karnataka,India
1823,TXN001824,2019-08-07,08:29:25,Credit Card Bill Payment,Auto Debit Credit Card Bill Payment,1579.57,INR,Auto Debit,Debit,Bills,Bengaluru,Karnataka,India
1824,TXN001825,2019-08-07,08:43:51,Burger King,UPI Collect Burger King,476.85,INR,UPI,Debit,Food,Surat,Gujarat,India
1825,TXN001826,2019-08-07,20:33:54,Starbucks India,POS Purchase Starbucks India,143.5,INR,Credit Card,Debit,Food,Bengaluru,Karnataka,India
1826,TXN001827,2019-08-08,09:30:35,Credit Card Bill Payment,Net Banking Payment Credit Card Bill Payment,1721.41,INR,Net Banking,Debit,Bills,Chennai,Tamil Nadu,India
1827,TXN001828,2019-08-08,22:39:44,Ace Hardware India,Debit Card POS Ace Hardware India,611.9,INR,Debit Card,Debit,Miscellaneous,Bengaluru,Karnataka,India
1828,TXN001829,2019-08-09,08:33:34,Credit Card Bill Payment,Auto Debit Credit Card Bill Payment,4001.14,INR,Auto Debit,Debit,Bills,Bengaluru,Karnataka,India
1829,TXN001830,2019-08-09,12:09:22,Third Wave Coffee,POS Purchase Third Wave Coffee,137.34,INR,Debit Card,Debit,Food,Bengaluru,Karnataka,India
1830,TXN001831,2019-08-10,16:11:26,Reliance Fresh,Debit Card POS Reliance Fresh,626.82,INR,Debit Card,Debit,Groceries,Hyderabad,Telangana,India
1831,TXN001832,2019-08-11,14:51:58,Chaayos,UPI Payment Chaayos,138.41,INR,UPI,Debit,Food,Nagpur,Maharashtra,India
1832,TXN001833,2019-08-11,18:44:46,HPCL,UPI Payment HPCL,3403.18,INR,UPI,Debit,Fuel,Hyderabad,Telangana,India
1833,TXN001834,2019-08-12,06:11:45,Credit Card Bill Payment,Net Banking Payment Credit Card Bill Payment,1742.7,INR,Net Banking,Debit,Bills,Bengaluru,Karnataka,India
1834,TXN001835,2019-08-12,09:15:20,Adani Electricity,Electricity Bill Adani Electricity,5416.43,INR,Auto Debit,Debit,Bills,Bengaluru,Karnataka,India
1835,TXN001836,2019-08-12,10:49:58,BSNL,UPI/DR/863996450885/BSNL,191.42,INR,UPI,Debit,Bills,Nagpur,Maharashtra,India
1836,TXN001837,2019-08-12,11:52:18,Naturals Salon,UPI Payment Naturals Salon,192.12,INR,UPI,Debit,Miscellaneous,Bengaluru,Karnataka,India
1837,TXN001838,2019-08-12,13:43:35,Ace Hardware India,Debit Card POS Ace Hardware India,570.6,INR,Debit Card,Debit,Miscellaneous,Kolkata,West Bengal,India
1838,TXN001839,2019-08-12,19:45:56,EatClub,POS Purchase EatClub,436.46,INR,Debit Card,Debit,Food,Pune,Maharashtra,India
1839,TXN001840,2019-08-13,06:08:50,Airtel Digital TV,Auto Debit Airtel Digital TV,780.34,INR,Auto Debit,Debit,Subscription,Lucknow,Uttar Pradesh,India
1840,TXN001841,2019-08-13,08:31:48,Credit Card Bill Payment,Net Banking Payment Credit Card Bill Payment,1405.66,INR,Net Banking,Debit,Bills,Bengaluru,Karnataka,India
1841,TXN001842,2019-08-13,13:51:21,Starbucks India,UPI Payment Starbucks India,139.43,INR,UPI,Debit,Food,Bengaluru,Karnataka,India
1842,TXN001843,2019-08-14,09:18:47,Domino's India,POS Purchase Domino's India,305.64,INR,Debit Card,Debit,Food,Bengaluru,Karnataka,India
1843,TXN001844,2019-08-14,10:39:22,House Rent Payment,IMPS Transfer House Rent Payment,7822.56,INR,IMPS,Debit,Rent,Indore,Madhya Pradesh,India
1844,TXN001845,2019-08-14,10:45:11,Credit Card Bill Payment,Net Banking Payment Credit Card Bill Payment,1759.74,INR,Net Banking,Debit,Bills,Bengaluru,Karnataka,India
1845,TXN001846,2019-08-14,21:07:29,Swiggy,POS Purchase Swiggy,148.84,INR,Debit Card,Debit,Food,Chennai,Tamil Nadu,India
1846,TXN001847,2019-08-15,09:33:58,Chaayos,POS Purchase Chaayos,147.5,INR,Debit Card,Debit,Food,Delhi,Delhi,India
1847,TXN001848,2019-08-15,10:47:35,Municipal Water Department,Auto Debit Municipal Water Department,227.07,INR,Auto Debit,Debit,Bills,Hyderabad,Telangana,India
1848,TXN001849,2019-08-16,01:32:52,Employer Salary Credit,NEFT Salary Credit,66323.7,INR,NEFT,Credit,Salary,Indore,Madhya Pradesh,India
1849,TXN001850,2019-08-16,09:50:18,Bharat Gas,Auto Debit Bharat Gas,407.33,INR,Auto Debit,Debit,Bills,Indore,Madhya Pradesh,India
1850,TXN001851,2019-08-16,12:50:48,Domino's India,POS Purchase Domino's India,347.16,INR,Credit Card,Debit,Food,Bengaluru,Karnataka,India
1851,TXN001852,2019-08-17,13:33:55,Ace Hardware India,Debit Card POS Ace Hardware India,541.21,INR,Debit Card,Debit,Miscellaneous,Chennai,Tamil Nadu,India
1852,TXN001853,2019-08-17,22:32:12,Chaayos,UPI Collect Chaayos,138.43,INR,UPI,Debit,Food,Kochi,Kerala,India
1853,TXN001854,2019-08-17,22:57:27,Cafe Coffee Day,UPI/DR/967744483371/Cafe Coffee Day,143.24,INR,UPI,Debit,Food,Bengaluru,Karnataka,India
1854,TXN001855,2019-08-18,09:21:46,The Beer Cafe,POS Purchase The Beer Cafe,1126.34,INR,Debit Card,Debit,Food,Pune,Maharashtra,India
1855,TXN001856,2019-08-18,09:22:20,Swiggy,Debit Card POS Swiggy,490.45,INR,Debit Card,Debit,Food,Bengaluru,Karnataka,India
1856,TXN001857,2019-08-18,09:33:09,Dish TV,Net Banking Payment Dish TV,813.9,INR,Net Banking,Debit,Subscription,Lucknow,Uttar Pradesh,India
1857,TXN001858,2019-08-18,20:10:44,EatClub,POS Purchase EatClub,468.39,INR,Credit Card,Debit,Food,Bengaluru,Karnataka,India
1858,TXN001859,2019-08-19,06:26:43,Credit Card Bill Payment,Net Banking Payment Credit Card Bill Payment,8770.03,INR,Net Banking,Debit,Bills,Bengaluru,Karnataka,India
1859,TXN001860,2019-08-19,19:46:36,HPCL,UPI/Paytm/HPCL,3322.95,INR,UPI,Debit,Fuel,Bengaluru,Karnataka,India
1860,TXN001861,2019-08-20,06:09:00,Credit Card Bill Payment,Net Banking Payment Credit Card Bill Payment,8907.87,INR,Net Banking,Debit,Bills,Noida,Uttar Pradesh,India
1861,TXN001862,2019-08-20,09:45:28,Credit Card Bill Payment,Auto Debit Credit Card Bill Payment,1563.41,INR,Auto Debit,Debit,Bills,Surat,Gujarat,India
1862,TXN001863,2019-08-21,06:19:27,BSNL,UPI/Paytm/BSNL,1325.42,INR,UPI,Debit,Bills,Hyderabad,Telangana,India
1863,TXN001864,2019-08-21,07:19:46,Municipal Water Department,Auto Debit Municipal Water Department,226.83,INR,Auto Debit,Debit,Bills,Chennai,Tamil Nadu,India
1864,TXN001865,2019-08-21,08:28:32,Credit Card Bill Payment,Auto Debit Credit Card Bill Payment,8359.8,INR,Auto Debit,Debit,Bills,Bengaluru,Karnataka,India
1865,TXN001866,2019-08-21,09:32:02,Cafe Coffee Day,UPI Collect Cafe Coffee Day,302.25,INR,UPI,Debit,Food,Ahmedabad,Gujarat,India
1866,TXN001867,2019-08-21,10:35:25,HDFC Ergo,Auto Debit HDFC Ergo,8456.97,INR,Auto Debit,Debit,Insurance,Bengaluru,Karnataka,India
1867,TXN001868,2019-08-22,08:34:25,Bharat Gas,Net Banking Payment Bharat Gas,386.79,INR,Net Banking,Debit,Bills,Bengaluru,Karnataka,India
1868,TXN001869,2019-08-22,09:26:00,House Rent Payment,NEFT Rent Payment,8106.69,INR,NEFT,Debit,Rent,Bengaluru,Karnataka,India
1869,TXN001870,2019-08-23,16:58:27,Nature's Basket,Debit Card POS Nature's Basket,639.31,INR,Debit Card,Debit,Groceries,Delhi,Delhi,India
1870,TXN001871,2019-08-23,21:03:36,Zomato,UPI/Paytm/Zomato,332.28,INR,UPI,Debit,Food,Delhi,Delhi,India
1871,TXN001872,2019-08-23,21:08:25,Cafe Coffee Day,UPI/DR/672153004330/Cafe Coffee Day,152.71,INR,UPI,Debit,Food,Bengaluru,Karnataka,India
1872,TXN001873,2019-08-24,06:09:40,HDFC Ergo,Auto Debit HDFC Ergo,8269.12,INR,Auto Debit,Debit,Insurance,Jaipur,Rajasthan,India
1873,TXN001874,2019-08-24,16:57:57,DMart,UPI Collect DMart,597.19,INR,UPI,Debit,Groceries,Bengaluru,Karnataka,India
1874,TXN001875,2019-08-24,19:47:48,Amazon India,UPI/DR/105075986852/Amazon India,561.58,INR,UPI,Debit,Shopping,Surat,Gujarat,India
1875,TXN001876,2019-08-25,09:16:47,Credit Card Bill Payment,Net Banking Payment Credit Card Bill Payment,3167.36,INR,Net Banking,Debit,Bills,Hyderabad,Telangana,India
1876,TXN001877,2019-08-25,18:48:40,Amazon India,POS Purchase Amazon India,576.09,INR,Debit Card,Debit,Shopping,Lucknow,Uttar Pradesh,India
1877,TXN001878,2019-08-25,19:43:54,Chaayos,POS Purchase Chaayos,140.52,INR,Debit Card,Debit,Food,Kochi,Kerala,India
1878,TXN001879,2019-08-25,21:26:55,Third Wave Coffee,UPI/Paytm/Third Wave Coffee,144.9,INR,UPI,Debit,Food,Delhi,Delhi,India
1879,TXN001880,2019-08-26,11:16:42,Zepto,UPI Payment Zepto,456.35,INR,UPI,Debit,Groceries,Chennai,Tamil Nadu,India
1880,TXN001881,2019-08-26,17:32:35,Reliance Fresh,UPI/DR/354011857844/Reliance Fresh,1007.38,INR,UPI,Debit,Groceries,Ahmedabad,Gujarat,India
1881,TXN001882,2019-08-26,21:15:12,EatClub,UPI Payment EatClub,146.86,INR,UPI,Debit,Food,Bengaluru,Karnataka,India
1882,TXN001883,2019-08-26,22:43:43,Third Wave Coffee,UPI/DR/497531134805/Third Wave Coffee,137.41,INR,UPI,Debit,Food,Lucknow,Uttar Pradesh,India
1883,TXN001884,2019-08-27,06:14:27,Credit Card Bill Payment,Net Banking Payment Credit Card Bill Payment,1739.21,INR,Net Banking,Debit,Bills,Lucknow,Uttar Pradesh,India
1884,TXN001885,2019-08-27,09:29:40,Spotify,Auto Debit Spotify,150.05,INR,Auto Debit,Debit,Subscription,Bengaluru,Karnataka,India
1885,TXN001886,2019-08-27,19:14:52,Home Depot India,POS Purchase Home Depot India,548.96,INR,Debit Card,Debit,Miscellaneous,Kochi,Kerala,India
1886,TXN001887,2019-08-28,09:14:01,Reliance Fresh,UPI Payment Reliance Fresh,605.77,INR,UPI,Debit,Groceries,Bengaluru,Karnataka,India
1887,TXN001888,2019-08-29,07:13:18,HP Gas,Auto Debit HP Gas,376.96,INR,Auto Debit,Debit,Bills,Indore,Madhya Pradesh,India
1888,TXN001889,2019-08-29,09:53:29,Barbeque Nation,UPI/DR/047156530716/Barbeque Nation,157.17,INR,UPI,Debit,Food,Lucknow,Uttar Pradesh,India
1889,TXN001890,2019-08-29,19:49:06,Lakme Salon,UPI Payment Lakme Salon,196.57,INR,UPI,Debit,Miscellaneous,Delhi,Delhi,India
1890,TXN001891,2019-08-30,01:32:10,Employer Salary Credit,NEFT Salary Credit,67511.5,INR,NEFT,Credit,Salary,Bengaluru,Karnataka,India
1891,TXN001892,2019-08-30,08:10:28,Bharat Gas,Net Banking Payment Bharat Gas,419.34,INR,Net Banking,Debit,Bills,Nagpur,Maharashtra,India
1892,TXN001893,2019-08-30,09:26:48,Municipal Water Department,Auto Debit Municipal Water Department,220.75,INR,Auto Debit,Debit,Bills,Bengaluru,Karnataka,India
1893,TXN001894,2019-08-30,09:45:00,Barbeque Nation,UPI Payment Barbeque Nation,337.24,INR,UPI,Debit,Food,Nagpur,Maharashtra,India
1894,TXN001895,2019-08-31,06:21:19,Credit Card Bill Payment,Net Banking Payment Credit Card Bill Payment,3071.03,INR,Net Banking,Debit,Bills,Delhi,Delhi,India
1895,TXN001896,2019-08-31,08:15:46,Starbucks India,POS Purchase Starbucks India,144.84,INR,Debit Card,Debit,Food,Bengaluru,Karnataka,India
1896,TXN001897,2019-08-31,16:12:26,Indian Oil,POS Purchase Indian Oil,3490.36,INR,Debit Card,Debit,Fuel,Nagpur,Maharashtra,India
1897,TXN001898,2019-09-01,09:50:56,House Rent Payment,NEFT Rent Payment,7646.7,INR,NEFT,Debit,Rent,Kolkata,West Bengal,India
1898,TXN001899,2019-09-01,09:55:20,Third Wave Coffee,UPI Collect Third Wave Coffee,167.35,INR,UPI,Debit,Food,Bengaluru,Karnataka,India
1899,TXN001900,2019-09-01,12:28:44,DMart,UPI/DR/315356008802/DMart,1824.12,INR,UPI,Debit,Groceries,Mumbai,Maharashtra,India
1900,TXN001901,2019-09-01,16:17:39,Flipkart,UPI/Paytm/Flipkart,1484.04,INR,UPI,Debit,Shopping,Noida,Uttar Pradesh,India
1901,TXN001902,2019-09-03,13:54:29,Reliance Fresh,UPI/DR/909645325116/Reliance Fresh,959.07,INR,UPI,Debit,Groceries,Bengaluru,Karnataka,India
1902,TXN001903,2019-09-05,06:26:51,Credit Card Bill Payment,Net Banking Payment Credit Card Bill Payment,9504.31,INR,Net Banking,Debit,Bills,Noida,Uttar Pradesh,India
1903,TXN001904,2019-09-05,11:38:48,HPCL,UPI Payment HPCL,3305.27,INR,UPI,Debit,Fuel,Indore,Madhya Pradesh,India
1904,TXN001905,2019-09-05,19:34:31,HPCL,UPI Collect HPCL,3144.55,INR,UPI,Debit,Fuel,Mumbai,Maharashtra,India
1905,TXN001906,2019-09-06,06:46:13,Airtel Digital TV,UPI/DR/856205374202/Airtel Digital TV,792.72,INR,UPI,Debit,Subscription,Mumbai,Maharashtra,India
1906,TXN001907,2019-09-06,06:50:30,Credit Card Bill Payment,Auto Debit Credit Card Bill Payment,3147.49,INR,Auto Debit,Debit,Bills,Surat,Gujarat,India
1907,TXN001908,2019-09-06,08:40:55,Credit Card Bill Payment,Net Banking Payment Credit Card Bill Payment,9935.19,INR,Net Banking,Debit,Bills,Bengaluru,Karnataka,India
1908,TXN001909,2019-09-06,09:02:43,Indane Gas,Auto Debit Indane Gas,387.22,INR,Auto Debit,Debit,Bills,Bengaluru,Karnataka,India
1909,TXN001910,2019-09-06,11:32:11,Bajaj Allianz,Net Banking Payment Bajaj Allianz,8076.08,INR,Net Banking,Debit,Insurance,Kolkata,West Bengal,India
1910,TXN001911,2019-09-06,11:51:10,Credit Card Bill Payment,Net Banking Payment Credit Card Bill Payment,2039.07,INR,Net Banking,Debit,Bills,Ahmedabad,Gujarat,India
1911,TXN001912,2019-09-06,12:27:38,Chaayos,POS Purchase Chaayos,152.48,INR,Debit Card,Debit,Food,Mumbai,Maharashtra,India
1912,TXN001913,2019-09-06,19:18:17,Swiggy,UPI Collect Swiggy,472.9,INR,UPI,Debit,Food,Bengaluru,Karnataka,India
1913,TXN001914,2019-09-06,21:28:09,Starbucks India,UPI Collect Starbucks India,145.16,INR,UPI,Debit,Food,Delhi,Delhi,India
1914,TXN001915,2019-09-06,22:29:57,Social,UPI/DR/621557199150/Social,1219.38,INR,UPI,Debit,Food,Lucknow,Uttar Pradesh,India
1915,TXN001916,2019-09-07,06:14:08,Credit Card Bill Payment,Net Banking Payment Credit Card Bill Payment,992.67,INR,Net Banking,Debit,Bills,Indore,Madhya Pradesh,India
1916,TXN001917,2019-09-07,09:16:51,Credit Card Bill Payment,Net Banking Payment Credit Card Bill Payment,995.52,INR,Net Banking,Debit,Bills,Noida,Uttar Pradesh,India
1917,TXN001918,2019-09-07,10:05:04,Amazon India,UPI Collect Amazon India,911.46,INR,UPI,Debit,Shopping,Ahmedabad,Gujarat,India
1918,TXN001919,2019-09-07,10:59:53,Spotify,Auto Debit Spotify,155.75,INR,Auto Debit,Debit,Subscription,Noida,Uttar Pradesh,India
1919,TXN001920,2019-09-08,11:01:14,Credit Card Bill Payment,Auto Debit Credit Card Bill Payment,10946.9,INR,Auto Debit,Debit,Bills,Chennai,Tamil Nadu,India
1920,TXN001921,2019-09-08,19:25:05,Third Wave Coffee,UPI Collect Third Wave Coffee,116.81,INR,UPI,Debit,Food,Bengaluru,Karnataka,India
1921,TXN001922,2019-09-08,20:29:59,Local Wine & Beer Shop,POS Purchase Local Wine & Beer Shop,1224.64,INR,Credit Card,Debit,Food,Noida,Uttar Pradesh,India
1922,TXN001923,2019-09-09,07:32:01,Credit Card Bill Payment,Auto Debit Credit Card Bill Payment,10130.0,INR,Auto Debit,Debit,Bills,Ahmedabad,Gujarat,India
1923,TXN001924,2019-09-09,08:34:38,Spotify,Auto Debit Spotify,160.77,INR,Auto Debit,Debit,Subscription,Hyderabad,Telangana,India
1924,TXN001925,2019-09-09,09:15:41,Credit Card Bill Payment,Auto Debit Credit Card Bill Payment,1501.08,INR,Auto Debit,Debit,Bills,Nagpur,Maharashtra,India
1925,TXN001926,2019-09-09,13:56:51,Flipkart,UPI Payment Flipkart,1501.37,INR,UPI,Debit,Shopping,Bengaluru,Karnataka,India
1926,TXN001927,2019-09-10,08:57:03,Credit Card Bill Payment,Net Banking Payment Credit Card Bill Payment,4138.51,INR,Net Banking,Debit,Bills,Lucknow,Uttar Pradesh,India
1927,TXN001928,2019-09-10,14:20:43,Amazon India,POS Purchase Amazon India,593.85,INR,Credit Card,Debit,Shopping,Lucknow,Uttar Pradesh,India
1928,TXN001929,2019-09-11,10:00:34,Airtel,Auto Debit Airtel,189.72,INR,Auto Debit,Debit,Bills,Bengaluru,Karnataka,India
1929,TXN001930,2019-09-11,11:29:23,Credit Card Bill Payment,Net Banking Payment Credit Card Bill Payment,3249.57,INR,Net Banking,Debit,Bills,Bengaluru,Karnataka,India
1930,TXN001931,2019-09-11,16:34:49,BPCL,UPI/Paytm/BPCL,282.59,INR,UPI,Debit,Fuel,Pune,Maharashtra,India
1931,TXN001932,2019-09-11,19:28:20,Local Wine & Beer Shop,UPI/DR/449105557443/Local Wine & Beer Shop,2532.28,INR,UPI,Debit,Food,Lucknow,Uttar Pradesh,India
1932,TXN001933,2019-09-11,22:27:23,The Beer Cafe,UPI/Paytm/The Beer Cafe,1199.09,INR,UPI,Debit,Food,Surat,Gujarat,India
1933,TXN001934,2019-09-12,07:15:10,Credit Card Bill Payment,Net Banking Payment Credit Card Bill Payment,957.64,INR,Net Banking,Debit,Bills,Kolkata,West Bengal,India
1934,TXN001935,2019-09-12,19:14:33,Swiggy,POS Purchase Swiggy,1218.11,INR,Debit Card,Debit,Food,Lucknow,Uttar Pradesh,India
1935,TXN001936,2019-09-12,20:21:53,Social,UPI Payment Social,888.8,INR,UPI,Debit,Food,Mumbai,Maharashtra,India
1936,TXN001937,2019-09-13,09:40:43,Employer Salary Credit,NEFT Salary Credit,68118.93,INR,NEFT,Credit,Salary,Delhi,Delhi,India
1937,TXN001938,2019-09-13,14:25:30,Third Wave Coffee,POS Purchase Third Wave Coffee,158.06,INR,Credit Card,Debit,Food,Pune,Maharashtra,India
1938,TXN001939,2019-09-14,06:08:40,Credit Card Bill Payment,Auto Debit Credit Card Bill Payment,3315.8,INR,Auto Debit,Debit,Bills,Bengaluru,Karnataka,India
1939,TXN001940,2019-09-14,07:07:48,Credit Card Bill Payment,Auto Debit Credit Card Bill Payment,1023.54,INR,Auto Debit,Debit,Bills,Lucknow,Uttar Pradesh,India
1940,TXN001941,2019-09-14,07:31:36,Credit Card Bill Payment,Auto Debit Credit Card Bill Payment,2067.55,INR,Auto Debit,Debit,Bills,Bengaluru,Karnataka,India
1941,TXN001942,2019-09-14,09:11:27,Municipal Water Department,Auto Debit Municipal Water Department,222.14,INR,Auto Debit,Debit,Bills,Chennai,Tamil Nadu,India
1942,TXN001943,2019-09-14,09:36:59,Amazon India,UPI/DR/252093687139/Amazon India,1490.46,INR,UPI,Debit,Shopping,Bengaluru,Karnataka,India
1943,TXN001944,2019-09-14,11:09:01,Credit Card Bill Payment,Auto Debit Credit Card Bill Payment,3272.83,INR,Auto Debit,Debit,Bills,Bengaluru,Karnataka,India
1944,TXN001945,2019-09-14,11:27:21,Credit Card Bill Payment,Auto Debit Credit Card Bill Payment,9199.89,INR,Auto Debit,Debit,Bills,Bengaluru,Karnataka,India
1945,TXN001946,2019-09-14,14:28:17,DMart,POS Purchase DMart,1327.69,INR,Credit Card,Debit,Groceries,Mumbai,Maharashtra,India
1946,TXN001947,2019-09-14,19:39:12,Indian Oil,POS Purchase Indian Oil,2812.36,INR,Debit Card,Debit,Fuel,Bengaluru,Karnataka,India
1947,TXN001948,2019-09-14,20:10:38,HPCL,Debit Card POS HPCL,3135.32,INR,Debit Card,Debit,Fuel,Kolkata,West Bengal,India
1948,TXN001949,2019-09-14,21:33:35,Swiggy,UPI Payment Swiggy,450.7,INR,UPI,Debit,Food,Indore,Madhya Pradesh,India
1949,TXN001950,2019-09-15,09:48:16,Myntra,UPI Payment Myntra,905.17,INR,UPI,Debit,Shopping,Bengaluru,Karnataka,India
1950,TXN001951,2019-09-15,10:02:19,Credit Card Bill Payment,Net Banking Payment Credit Card Bill Payment,9844.44,INR,Net Banking,Debit,Bills,Bengaluru,Karnataka,India
1951,TXN001952,2019-09-15,10:12:55,House Rent Payment,NEFT Rent Payment,8163.2,INR,NEFT,Debit,Rent,Bengaluru,Karnataka,India
1952,TXN001953,2019-09-15,21:50:36,BigBasket,POS Purchase BigBasket,919.77,INR,Credit Card,Debit,Groceries,Surat,Gujarat,India
1953,TXN001954,2019-09-16,08:05:34,Airtel,Net Banking Payment Airtel,192.49,INR,Net Banking,Debit,Bills,Bengaluru,Karnataka,India
1954,TXN001955,2019-09-16,10:36:05,Tata Power,Electricity Bill Tata Power,5068.43,INR,Auto Debit,Debit,Bills,Mumbai,Maharashtra,India
1955,TXN001956,2019-09-16,11:50:38,Dish TV,Auto Debit Dish TV,803.15,INR,Auto Debit,Debit,Subscription,Mumbai,Maharashtra,India
1956,TXN001957,2019-09-16,13:48:05,Meesho,POS Purchase Meesho,544.02,INR,Credit Card,Debit,Shopping,Bengaluru,Karnataka,India
1957,TXN001958,2019-09-17,06:37:30,Dish TV,Net Banking Payment Dish TV,778.22,INR,Net Banking,Debit,Subscription,Bengaluru,Karnataka,India
1958,TXN001959,2019-09-17,08:47:23,Local Wine & Beer Shop,Debit Card POS Local Wine & Beer Shop,1257.95,INR,Debit Card,Debit,Food,Bengaluru,Karnataka,India
1959,TXN001960,2019-09-17,10:15:19,ICICI Lombard,Net Banking Payment ICICI Lombard,8073.43,INR,Net Banking,Debit,Insurance,Bengaluru,Karnataka,India
1960,TXN001961,2019-09-17,10:59:22,Tata Power,Electricity Bill Tata Power,5409.28,INR,Auto Debit,Debit,Bills,Bengaluru,Karnataka,India
1961,TXN001962,2019-09-18,11:02:07,Credit Card Bill Payment,Net Banking Payment Credit Card Bill Payment,9691.96,INR,Net Banking,Debit,Bills,Delhi,Delhi,India
1962,TXN001963,2019-09-19,06:23:54,Credit Card Bill Payment,Net Banking Payment Credit Card Bill Payment,3261.73,INR,Net Banking,Debit,Bills,Bengaluru,Karnataka,India
1963,TXN001964,2019-09-19,06:38:02,Bharat Gas,Auto Debit Bharat Gas,406.28,INR,Auto Debit,Debit,Bills,Bengaluru,Karnataka,India
1964,TXN001965,2019-09-19,13:16:11,BigBasket,UPI/DR/530189929439/BigBasket,1310.55,INR,UPI,Debit,Groceries,Hyderabad,Telangana,India
1965,TXN001966,2019-09-19,14:20:59,Ace Hardware India,POS Purchase Ace Hardware India,535.3,INR,Credit Card,Debit,Miscellaneous,Jaipur,Rajasthan,India
1966,TXN001967,2019-09-19,14:39:34,HPCL,Debit Card POS HPCL,2692.36,INR,Debit Card,Debit,Fuel,Bengaluru,Karnataka,India
1967,TXN001968,2019-09-19,18:23:18,DMart,Debit Card POS DMart,1310.43,INR,Debit Card,Debit,Groceries,Bengaluru,Karnataka,India
1968,TXN001969,2019-09-19,20:21:51,Burger King,POS Purchase Burger King,1148.04,INR,Credit Card,Debit,Food,Hyderabad,Telangana,India
1969,TXN001970,2019-09-21,11:34:33,Credit Card Bill Payment,Auto Debit Credit Card Bill Payment,951.04,INR,Auto Debit,Debit,Bills,Nagpur,Maharashtra,India
1970,TXN001971,2019-09-21,15:37:25,Nature's Basket,Debit Card POS Nature's Basket,1266.06,INR,Debit Card,Debit,Groceries,Delhi,Delhi,India
1971,TXN001972,2019-09-22,13:08:00,Chaayos,UPI/Paytm/Chaayos,134.84,INR,UPI,Debit,Food,Nagpur,Maharashtra,India
1972,TXN001973,2019-09-22,13:48:49,Toit Brewpub,POS Purchase Toit Brewpub,1208.26,INR,Debit Card,Debit,Food,Bengaluru,Karnataka,India
1973,TXN001974,2019-09-22,20:43:12,McDonald's India,Debit Card POS McDonald's India,1253.33,INR,Debit Card,Debit,Food,Bengaluru,Karnataka,India
1974,TXN001975,2019-09-23,06:05:45,Credit Card Bill Payment,Auto Debit Credit Card Bill Payment,1518.33,INR,Auto Debit,Debit,Bills,Kochi,Kerala,India
1975,TXN001976,2019-09-23,06:49:33,Spotify,Auto Debit Spotify,163.21,INR,Auto Debit,Debit,Subscription,Bengaluru,Karnataka,India
1976,TXN001977,2019-09-23,08:27:39,Starbucks India,UPI/Paytm/Starbucks India,144.95,INR,UPI,Debit,Food,Lucknow,Uttar Pradesh,India
1977,TXN001978,2019-09-23,09:21:11,Home Depot India,POS Purchase Home Depot India,509.16,INR,Debit Card,Debit,Miscellaneous,Delhi,Delhi,India
1978,TXN001979,2019-09-24,13:39:55,Third Wave Coffee,UPI Payment Third Wave Coffee,118.72,INR,UPI,Debit,Food,Pune,Maharashtra,India
1979,TXN001980,2019-09-25,06:10:43,House Rent Payment,NEFT Rent Payment,8259.41,INR,NEFT,Debit,Rent,Bengaluru,Karnataka,India
1980,TXN001981,2019-09-25,07:01:11,Credit Card Bill Payment,Auto Debit Credit Card Bill Payment,9600.09,INR,Auto Debit,Debit,Bills,Bengaluru,Karnataka,India
1981,TXN001982,2019-09-25,14:07:07,HPCL,Debit Card POS HPCL,297.14,INR,Debit Card,Debit,Fuel,Kolkata,West Bengal,India
1982,TXN001983,2019-09-25,22:43:42,Cafe Coffee Day,POS Purchase Cafe Coffee Day,133.25,INR,Debit Card,Debit,Food,Bengaluru,Karnataka,India
1983,TXN001984,2019-09-26,11:49:12,Indane Gas,Net Banking Payment Indane Gas,407.47,INR,Net Banking,Debit,Bills,Bengaluru,Karnataka,India
1984,TXN001985,2019-09-26,12:45:02,Nature's Basket,UPI Collect Nature's Basket,1282.72,INR,UPI,Debit,Groceries,Nagpur,Maharashtra,India
1985,TXN001986,2019-09-26,14:57:37,Indian Oil,Debit Card POS Indian Oil,3054.74,INR,Debit Card,Debit,Fuel,Bengaluru,Karnataka,India
1986,TXN001987,2019-09-27,01:31:33,Employer Salary Credit,NEFT Salary Credit,62150.48,INR,NEFT,Credit,Salary,Lucknow,Uttar Pradesh,India
1987,TXN001988,2019-09-27,07:35:19,Municipal Water Department,UPI Collect Municipal Water Department,201.62,INR,UPI,Debit,Bills,Bengaluru,Karnataka,India
1988,TXN001989,2019-09-27,09:10:52,Jio,Auto Debit Jio,210.24,INR,Auto Debit,Debit,Bills,Jaipur,Rajasthan,India
1989,TXN001990,2019-09-27,09:58:59,Credit Card Bill Payment,Auto Debit Credit Card Bill Payment,9024.34,INR,Auto Debit,Debit,Bills,Kolkata,West Bengal,India
1990,TXN001991,2019-09-27,18:33:41,Amazon India,Debit Card POS Amazon India,922.46,INR,Debit Card,Debit,Shopping,Bengaluru,Karnataka,India
1991,TXN001992,2019-09-28,08:34:00,Airtel,Net Banking Payment Airtel,1318.5,INR,Net Banking,Debit,Bills,Bengaluru,Karnataka,India
1992,TXN001993,2019-09-28,09:11:53,Credit Card Bill Payment,Net Banking Payment Credit Card Bill Payment,1015.24,INR,Net Banking,Debit,Bills,Bengaluru,Karnataka,India
1993,TXN001994,2019-09-28,14:17:38,Social,POS Purchase Social,1289.31,INR,Debit Card,Debit,Food,Surat,Gujarat,India
1994,TXN001995,2019-09-29,06:11:35,Airtel,UPI Payment Airtel,1359.88,INR,UPI,Debit,Bills,Bengaluru,Karnataka,India
1995,TXN001996,2019-09-29,08:22:31,Municipal Water Department,Auto Debit Municipal Water Department,225.44,INR,Auto Debit,Debit,Bills,Noida,Uttar Pradesh,India
1996,TXN001997,2019-09-30,06:22:39,Credit Card Bill Payment,Auto Debit Credit Card Bill Payment,9542.5,INR,Auto Debit,Debit,Bills,Bengaluru,Karnataka,India
1997,TXN001998,2019-09-30,09:03:13,Credit Card Bill Payment,Auto Debit Credit Card Bill Payment,973.88,INR,Auto Debit,Debit,Bills,Lucknow,Uttar Pradesh,India
1998,TXN001999,2019-09-30,09:23:25,Credit Card Bill Payment,Auto Debit Credit Card Bill Payment,1440.81,INR,Auto Debit,Debit,Bills,Bengaluru,Karnataka,India
1999,TXN002000,2019-09-30,13:33:22,Chaayos,UPI Payment Chaayos,142.2,INR,UPI,Debit,Food,Bengaluru,Karnataka,India
2000,TXN002001,2018-01-01,00:09:16,Tea Stall,UPI/Tea Stall,34.47,INR,UPI,Debit,Other,Nagpur,Maharashtra,India
2001,TXN002002,2018-01-01,16:55:43,DMart,UPI/DR/880909484/DMart,1722.01,INR,UPI,Debit,Groceries,Kolkata,West Bengal,India
2002,TXN002003,2018-01-01,18:13:10,Swiggy,UPI/Paytm/Swiggy,116.0,INR,UPI,Debit,Food,Hyderabad,Telangana,India
2003,TXN002004,2018-01-02,10:10:28,BEST,Auto Debit BEST,3690.12,INR,Auto Debit,Debit,Bills,Ahmedabad,Gujarat,India
2004,TXN002005,2018-01-02,12:09:10,Tata Power,Auto Debit Tata Power,720.95,INR,Auto Debit,Debit,Bills,Delhi,Delhi,India
2005,TXN002006,2018-01-02,15:42:07,Domino's India,UPI/Paytm/Domino's India,188.77,INR,UPI,Debit,Food,Chennai,Tamil Nadu,India
2006,TXN002007,2018-01-03,10:21:27,Tailor,UPI/Tailor,381.19,INR,UPI,Debit,Other,Indore,Madhya Pradesh,India
2007,TXN002008,2018-01-03,14:23:12,Local Services,Cash Withdrawal ATM,1301.4,INR,Cash Withdrawal,Debit,Other,Lucknow,Uttar Pradesh,India
2008,TXN002009,2018-01-03,14:53:54,Misc Vendor,Cash Withdrawal ATM,554.73,INR,Cash Withdrawal,Debit,Other,Noida,Uttar Pradesh,India
2009,TXN002010,2018-01-03,16:42:13,Airtel,Auto Debit Airtel,6710.98,INR,Auto Debit,Debit,Bills,Hyderabad,Telangana,India
2010,TXN002011,2018-01-04,08:22:27,Tata Power,Net Banking Payment Tata Power,1423.08,INR,Net Banking,Debit,Bills,Indore,Madhya Pradesh,India
2011,TXN002012,2018-01-04,09:45:03,Tailor,UPI/Tailor,2366.08,INR,UPI,Debit,Other,Kolkata,West Bengal,India
2012,TXN002013,2018-01-04,11:15:42,Third Wave Coffee,UPI/Paytm/Third Wave Coffee,559.61,INR,UPI,Debit,Food,Surat,Gujarat,India
2013,TXN002014,2018-01-04,16:33:06,BookMyShow,UPI Payment BookMyShow,220.19,INR,UPI,Debit,Entertainment,Jaipur,Rajasthan,India
2014,TXN002015,2018-01-04,20:10:57,Flower Shop,UPI/Flower Shop,390.94,INR,UPI,Debit,Other,Pune,Maharashtra,India
2015,TXN002016,2018-01-04,20:15:47,Employer Salary Credit,NEFT Salary Credit,43271.2,INR,NEFT,Credit,Salary,Ahmedabad,Gujarat,India
2016,TXN002017,2018-01-04,21:40:58,Domino's India,UPI/Paytm/Domino's India,329.01,INR,UPI,Debit,Food,Nagpur,Maharashtra,India
2017,TXN002018,2018-01-05,09:03:33,Myntra,UPI Payment Myntra,298.19,INR,UPI,Debit,Shopping,Delhi,Delhi,India
2018,TXN002019,2018-01-05,09:42:30,Bharat Gas,Net Banking Payment Bharat Gas,5251.36,INR,Net Banking,Debit,Bills,Noida,Uttar Pradesh,India
2019,TXN002020,2018-01-05,09:49:49,Local Wine & Beer Shop,Debit Card Local Wine & Beer Shop,564.79,INR,Debit Card,Debit,Food,Jaipur,Rajasthan,India
2020,TXN002021,2018-01-05,13:31:59,Jio,Net Banking Payment Jio,784.01,INR,Net Banking,Debit,Bills,Mumbai,Maharashtra,India
2021,TXN002022,2018-01-05,13:54:04,Credit Card Bill Payment,Net Banking Payment Credit Card Bill Payment,2904.21,INR,Net Banking,Debit,Bills,Chennai,Tamil Nadu,India
2022,TXN002023,2018-01-05,19:13:19,Laundry,UPI/Laundry,712.26,INR,UPI,Debit,Other,Chennai,Tamil Nadu,India
2023,TXN002024,2018-01-05,22:02:39,Starbucks India,UPI/Paytm/Starbucks India,289.32,INR,UPI,Debit,Food,Jaipur,Rajasthan,India
2024,TXN002025,2018-01-06,05:26:41,Credit Card Bill Payment,Auto Debit Credit Card Bill Payment,592.19,INR,Auto Debit,Debit,Bills,Kolkata,West Bengal,India
2025,TXN002026,2018-01-06,12:50:11,Indian Oil,UPI/Indian Oil,2138.69,INR,UPI,Debit,Fuel,Noida,Uttar Pradesh,India
2026,TXN002027,2018-01-06,13:25:56,Street Vendor,UPI/Street Vendor,127.88,INR,UPI,Debit,Other,Ahmedabad,Gujarat,India
2027,TXN002028,2018-01-06,17:31:27,Bakery,Debit Card Bakery,367.77,INR,Debit Card,Debit,Other,Pune,Maharashtra,India
2028,TXN002029,2018-01-06,20:58:37,House Rent Payment,IMPS Rent Payment,7953.52,INR,IMPS,Debit,Rent,Mumbai,Maharashtra,India
2029,TXN002030,2018-01-07,18:43:40,Tata Power,UPI/Tata Power,1434.85,INR,UPI,Debit,Bills,Kochi,Kerala,India
2030,TXN002031,2018-01-08,08:08:09,Municipal Water Department,Net Banking Payment Municipal Water Department,798.3,INR,Net Banking,Debit,Bills,Indore,Madhya Pradesh,India
2031,TXN002032,2018-01-08,13:55:06,Tata Power,Auto Debit Tata Power,1157.01,INR,Auto Debit,Debit,Bills,Ahmedabad,Gujarat,India
2032,TXN002033,2018-01-09,09:28:42,Airtel,Auto Debit Airtel,4782.61,INR,Auto Debit,Debit,Bills,Ahmedabad,Gujarat,India
2033,TXN002034,2018-01-09,10:58:52,Tata Power,Auto Debit Tata Power,1305.89,INR,Auto Debit,Debit,Bills,Chennai,Tamil Nadu,India
2034,TXN002035,2018-01-09,11:13:02,Swiggy,POS Purchase Swiggy,1200.42,INR,Credit Card,Debit,Food,Kolkata,West Bengal,India
2035,TXN002036,2018-01-09,12:21:20,Credit Card Bill Payment,Net Banking Payment Credit Card Bill Payment,1983.91,INR,Net Banking,Debit,Bills,Kolkata,West Bengal,India
2036,TXN002037,2018-01-09,16:53:24,BigBasket,UPI/DR/613511668/BigBasket,300.0,INR,UPI,Debit,Groceries,Mumbai,Maharashtra,India
2037,TXN002038,2018-01-09,19:08:59,Credit Card Bill Payment,Net Banking Payment Credit Card Bill Payment,559.29,INR,Net Banking,Debit,Bills,Lucknow,Uttar Pradesh,India
2038,TXN002039,2018-01-10,01:59:42,Jio Fiber,Auto Debit Jio Fiber,2158.4,INR,Auto Debit,Debit,Bills,Indore,Madhya Pradesh,India
2039,TXN002040,2018-01-10,03:52:42,KFC India,UPI/Paytm/KFC India,264.37,INR,UPI,Debit,Food,Hyderabad,Telangana,India
2040,TXN002041,2018-01-10,04:47:39,Swiggy,UPI/Paytm/Swiggy,439.88,INR,UPI,Debit,Food,Surat,Gujarat,India
2041,TXN002042,2018-01-10,08:26:24,Cafe Coffee Day,Debit Card Cafe Coffee Day,773.07,INR,Debit Card,Debit,Food,Delhi,Delhi,India
2042,TXN002043,2018-01-10,10:30:30,Airtel,Auto Debit Airtel,2098.83,INR,Auto Debit,Debit,Bills,Chennai,Tamil Nadu,India
2043,TXN002044,2018-01-10,11:56:09,Zomato,POS Purchase Zomato,1813.41,INR,Credit Card,Debit,Food,Hyderabad,Telangana,India
2044,TXN002045,2018-01-10,12:10:36,Faasos,UPI/Paytm/Faasos,819.32,INR,UPI,Debit,Food,Surat,Gujarat,India
2045,TXN002046,2018-01-10,13:27:44,Credit Card Bill Payment,Auto Debit Credit Card Bill Payment,6805.12,INR,Auto Debit,Debit,Bills,Mumbai,Maharashtra,India
2046,TXN002047,2018-01-11,10:29:31,Amazon Prime,Auto Debit Amazon Prime Subscription,313.7,INR,Auto Debit,Debit,Subscription,Bengaluru,Karnataka,India
2047,TXN002048,2018-01-11,13:15:50,DMart,UPI/DR/864717990/DMart,707.1,INR,UPI,Debit,Groceries,Surat,Gujarat,India
2048,TXN002049,2018-01-11,16:26:12,Employer Salary Credit,NEFT Salary Credit,50578.37,INR,NEFT,Credit,Salary,Mumbai,Maharashtra,India
2049,TXN002050,2018-01-11,21:28:21,KFC India,UPI/Paytm/KFC India,1076.8,INR,UPI,Debit,Food,Ahmedabad,Gujarat,India
2050,TXN002051,2018-01-12,02:45:42,EatClub,UPI/Paytm/EatClub,1739.38,INR,UPI,Debit,Food,Ahmedabad,Gujarat,India
2051,TXN002052,2018-01-12,06:06:36,Bharat Gas,Net Banking Payment Bharat Gas,3765.97,INR,Net Banking,Debit,Bills,Noida,Uttar Pradesh,India
2052,TXN002053,2018-01-12,09:02:02,Spotify,Auto Debit Spotify Subscription,850.0,INR,Auto Debit,Debit,Subscription,Jaipur,Rajasthan,India
2053,TXN002054,2018-01-12,18:49:19,Reliance Fresh,UPI/DR/692353117/Reliance Fresh,343.5,INR,UPI,Debit,Groceries,Chennai,Tamil Nadu,India
2054,TXN002055,2018-01-12,21:57:51,Mobile Repair,Cash Withdrawal ATM,690.66,INR,Cash Withdrawal,Debit,Other,Hyderabad,Telangana,India
2055,TXN002056,2018-01-12,22:09:48,Indian Oil,UPI/Indian Oil,2971.11,INR,UPI,Debit,Fuel,Mumbai,Maharashtra,India
2056,TXN002057,2018-01-13,08:07:14,Tea Stall,UPI/Tea Stall,131.76,INR,UPI,Debit,Other,Kochi,Kerala,India
2057,TXN002058,2018-01-13,08:41:13,Ajio,UPI Payment Ajio,1143.09,INR,UPI,Debit,Shopping,Mumbai,Maharashtra,India
2058,TXN002059,2018-01-13,09:24:47,Reliance Fresh,POS Purchase Reliance Fresh,941.07,INR,Credit Card,Debit,Groceries,Bengaluru,Karnataka,India
2059,TXN002060,2018-01-13,11:45:40,Credit Card Bill Payment,Net Banking Payment Credit Card Bill Payment,2513.01,INR,Net Banking,Debit,Bills,Ahmedabad,Gujarat,India
2060,TXN002061,2018-01-14,15:13:08,Employer Salary Credit,NEFT Salary Credit,45739.84,INR,NEFT,Credit,Salary,Lucknow,Uttar Pradesh,India
2061,TXN002062,2018-01-14,20:02:35,Blinkit,POS Purchase Blinkit,300.0,INR,Credit Card,Debit,Groceries,Noida,Uttar Pradesh,India
2062,TXN002063,2018-01-15,02:36:47,Chaayos,UPI/Paytm/Chaayos,1794.63,INR,UPI,Debit,Food,Delhi,Delhi,India
2063,TXN002064,2018-01-15,05:34:30,Credit Card Bill Payment,Net Banking Payment Credit Card Bill Payment,833.71,INR,Net Banking,Debit,Bills,Lucknow,Uttar Pradesh,India
2064,TXN002065,2018-01-15,08:39:22,Spotify,Auto Debit Spotify Subscription,149.0,INR,Auto Debit,Debit,Subscription,Nagpur,Maharashtra,India
2065,TXN002066,2018-01-15,20:26:15,BookMyShow,POS Purchase BookMyShow,237.48,INR,Credit Card,Debit,Entertainment,Pune,Maharashtra,India
2066,TXN002067,2018-01-16,08:07:41,Mobile Repair,Debit Card Mobile Repair,412.32,INR,Debit Card,Debit,Other,Hyderabad,Telangana,India
2067,TXN002068,2018-01-16,12:01:07,Jio,Auto Debit Jio,7545.04,INR,Auto Debit,Debit,Bills,Kolkata,West Bengal,India
2068,TXN002069,2018-01-16,17:22:26,Indane Gas,Net Banking Payment Indane Gas,187.0,INR,Net Banking,Debit,Bills,Lucknow,Uttar Pradesh,India
2069,TXN002070,2018-01-17,08:49:34,Credit Card Bill Payment,Auto Debit Credit Card Bill Payment,712.64,INR,Auto Debit,Debit,Bills,Kochi,Kerala,India
2070,TXN002071,2018-01-17,12:58:54,Credit Card Bill Payment,Auto Debit Credit Card Bill Payment,489.1,INR,Auto Debit,Debit,Bills,Noida,Uttar Pradesh,India
2071,TXN002072,2018-01-18,08:52:48,BigBasket,UPI/DR/109452902/BigBasket,1550.25,INR,UPI,Debit,Groceries,Hyderabad,Telangana,India
2072,TXN002073,2018-01-18,13:42:55,Local Store,UPI/Local Store,2272.87,INR,UPI,Debit,Other,Delhi,Delhi,India
2073,TXN002074,2018-01-18,16:49:00,Netflix,Auto Debit Netflix Subscription,175.31,INR,Auto Debit,Debit,Subscription,Chennai,Tamil Nadu,India
2074,TXN002075,2018-01-18,18:08:46,Credit Card Bill Payment,Auto Debit Credit Card Bill Payment,4670.64,INR,Auto Debit,Debit,Bills,Kolkata,West Bengal,India
2075,TXN002076,2018-01-18,23:31:11,Zomato,UPI/Paytm/Zomato,296.76,INR,UPI,Debit,Food,Kolkata,West Bengal,India
2076,TXN002077,2018-01-19,14:05:43,McDonald's India,UPI/Paytm/McDonald's India,116.0,INR,UPI,Debit,Food,Pune,Maharashtra,India
2077,TXN002078,2018-01-20,06:31:44,HPCL,Cash Withdrawal ATM,4507.02,INR,Cash Withdrawal,Debit,Fuel,Lucknow,Uttar Pradesh,India
2078,TXN002079,2018-01-20,10:55:40,Indian Oil,UPI/Indian Oil,4429.38,INR,UPI,Debit,Fuel,Hyderabad,Telangana,India
2079,TXN002080,2018-01-20,12:41:10,Faasos,Debit Card Faasos,631.19,INR,Debit Card,Debit,Food,Chennai,Tamil Nadu,India
2080,TXN002081,2018-01-20,14:40:42,Domino's India,UPI/Paytm/Domino's India,991.3,INR,UPI,Debit,Food,Kolkata,West Bengal,India
2081,TXN002082,2018-01-20,14:50:54,Street Vendor,UPI/Street Vendor,272.74,INR,UPI,Debit,Other,Indore,Madhya Pradesh,India
2082,TXN002083,2018-01-20,18:59:42,HP Gas,Net Banking Payment HP Gas,2421.9,INR,Net Banking,Debit,Bills,Kochi,Kerala,India
2083,TXN002084,2018-01-21,05:29:39,Myntra,POS Purchase Myntra,288.0,INR,Credit Card,Debit,Shopping,Chennai,Tamil Nadu,India
2084,TXN002085,2018-01-21,09:19:15,Indian Oil,UPI/Indian Oil,3583.44,INR,UPI,Debit,Fuel,Noida,Uttar Pradesh,India
2085,TXN002086,2018-01-21,10:12:48,Bharat Gas,Auto Debit Bharat Gas,322.01,INR,Auto Debit,Debit,Bills,Nagpur,Maharashtra,India
2086,TXN002087,2018-01-21,12:23:18,Employer Salary Credit,NEFT Salary Credit,51984.61,INR,NEFT,Credit,Salary,Surat,Gujarat,India
2087,TXN002088,2018-01-21,14:16:29,Jio Fiber,Auto Debit Jio Fiber,2594.14,INR,Auto Debit,Debit,Bills,Nagpur,Maharashtra,India
2088,TXN002089,2018-01-21,19:04:13,BigBasket,POS Purchase BigBasket,346.91,INR,Credit Card,Debit,Groceries,Hyderabad,Telangana,India
2089,TXN002090,2018-01-22,07:28:22,House Rent Payment,NEFT Rent Payment,7610.06,INR,NEFT,Debit,Rent,Surat,Gujarat,India
2090,TXN002091,2018-01-22,10:52:34,Employer Salary Credit,NEFT Salary Credit,38749.41,INR,NEFT,Credit,Salary,Kolkata,West Bengal,India
2091,TXN002092,2018-01-22,14:38:03,Municipal Water Department,UPI/Municipal Water Department,6837.82,INR,UPI,Debit,Bills,Delhi,Delhi,India
2092,TXN002093,2018-01-22,14:59:30,Jio Fiber,Net Banking Payment Jio Fiber,5983.69,INR,Net Banking,Debit,Bills,Indore,Madhya Pradesh,India
2093,TXN002094,2018-01-22,16:09:45,Zomato,POS Purchase Zomato,117.59,INR,Credit Card,Debit,Food,Ahmedabad,Gujarat,India
2094,TXN002095,2018-01-23,11:41:08,BookMyShow,UPI Payment BookMyShow,243.93,INR,UPI,Debit,Entertainment,Bengaluru,Karnataka,India
2095,TXN002096,2018-01-23,13:13:04,BEST,Net Banking Payment BEST,779.77,INR,Net Banking,Debit,Bills,Ahmedabad,Gujarat,India
2096,TXN002097,2018-01-23,14:51:50,BookMyShow,Debit Card BookMyShow,267.34,INR,Debit Card,Debit,Entertainment,Delhi,Delhi,India
2097,TXN002098,2018-01-23,18:47:05,Laundry,UPI/Laundry,2103.52,INR,UPI,Debit,Other,Hyderabad,Telangana,India
2098,TXN002099,2018-01-24,08:44:48,KFC India,UPI/Paytm/KFC India,145.6,INR,UPI,Debit,Food,Surat,Gujarat,India
2099,TXN002100,2018-01-24,16:08:16,Flower Shop,UPI/Flower Shop,82.2,INR,UPI,Debit,Other,Pune,Maharashtra,India
2100,TXN002101,2018-01-24,16:48:14,Employer Salary Credit,NEFT Salary Credit,38906.12,INR,NEFT,Credit,Salary,Lucknow,Uttar Pradesh,India
2101,TXN002102,2018-01-24,18:42:52,Nature's Basket,Debit Card Nature's Basket,1240.28,INR,Debit Card,Debit,Groceries,Nagpur,Maharashtra,India
2102,TXN002103,2018-01-24,20:20:29,Unknown Merchant,Debit Card Unknown Merchant,328.67,INR,Debit Card,Debit,Other,Mumbai,Maharashtra,India
2103,TXN002104,2018-01-25,15:30:49,Zomato,UPI/Paytm/Zomato,167.19,INR,UPI,Debit,Food,Indore,Madhya Pradesh,India
2104,TXN002105,2018-01-25,19:14:58,Blinkit,POS Purchase Blinkit,439.44,INR,Credit Card,Debit,Groceries,Kochi,Kerala,India
2105,TXN002106,2018-01-26,12:16:14,HDFC Ergo,Net Banking Payment HDFC Ergo Insurance Premium,8142.45,INR,Net Banking,Debit,Insurance,Chennai,Tamil Nadu,India
2106,TXN002107,2018-01-26,13:47:47,Laundry,Debit Card Laundry,996.01,INR,Debit Card,Debit,Other,Surat,Gujarat,India
2107,TXN002108,2018-01-26,14:01:31,Employer Salary Credit,NEFT Salary Credit,42260.69,INR,NEFT,Credit,Salary,Noida,Uttar Pradesh,India
2108,TXN002109,2018-01-26,18:12:27,BookMyShow,POS Purchase BookMyShow,309.91,INR,Credit Card,Debit,Entertainment,Lucknow,Uttar Pradesh,India
2109,TXN002110,2018-01-26,22:02:33,Lakme Salon,Debit Card Lakme Salon,101.55,INR,Debit Card,Debit,Miscellaneous,Indore,Madhya Pradesh,India
2110,TXN002111,2018-01-27,07:17:53,DMart,POS Purchase DMart,432.03,INR,Credit Card,Debit,Groceries,Mumbai,Maharashtra,India
2111,TXN002112,2018-01-27,10:17:36,Credit Card Bill Payment,Auto Debit Credit Card Bill Payment,187.0,INR,Auto Debit,Debit,Bills,Bengaluru,Karnataka,India
2112,TXN002113,2018-01-27,14:36:42,Nature's Basket,UPI/DR/260142678/Nature's Basket,386.4,INR,UPI,Debit,Groceries,Chennai,Tamil Nadu,India
2113,TXN002114,2018-01-27,20:49:43,BSNL,Auto Debit BSNL,3909.49,INR,Auto Debit,Debit,Bills,Chennai,Tamil Nadu,India
2114,TXN002115,2018-01-27,22:19:04,HPCL,UPI/HPCL,2778.55,INR,UPI,Debit,Fuel,Surat,Gujarat,India
2115,TXN002116,2018-01-29,03:08:12,IRCTC,UPI/IRCTC,746.78,INR,UPI,Debit,Miscellaneous,Bengaluru,Karnataka,India
2116,TXN002117,2018-01-29,09:36:05,Jio,Net Banking Payment Jio,4062.01,INR,Net Banking,Debit,Bills,Indore,Madhya Pradesh,India
2117,TXN002118,2018-01-29,13:23:33,BEST,Auto Debit BEST,1987.08,INR,Auto Debit,Debit,Bills,Noida,Uttar Pradesh,India
2118,TXN002119,2018-01-30,08:12:47,Faasos,UPI/Paytm/Faasos,116.0,INR,UPI,Debit,Food,Indore,Madhya Pradesh,India
2119,TXN002120,2018-01-30,09:51:33,Airtel,Net Banking Payment Airtel,1797.25,INR,Net Banking,Debit,Bills,Nagpur,Maharashtra,India
2120,TXN002121,2018-02-01,11:37:04,Toit Brewpub,POS Purchase Toit Brewpub,523.46,INR,Credit Card,Debit,Food,Bengaluru,Karnataka,India
2121,TXN002122,2018-02-01,17:19:14,BPCL,UPI/BPCL,3058.43,INR,UPI,Debit,Fuel,Surat,Gujarat,India
2122,TXN002123,2018-02-02,09:41:16,House Rent Payment,IMPS Rent Payment,41465.79,INR,IMPS,Debit,Rent,Delhi,Delhi,India
2123,TXN002124,2018-02-02,09:42:57,Jio,Net Banking Payment Jio,3034.93,INR,Net Banking,Debit,Bills,Noida,Uttar Pradesh,India
2124,TXN002125,2018-02-02,09:43:41,Airtel,Auto Debit Airtel,632.42,INR,Auto Debit,Debit,Bills,Hyderabad,Telangana,India
2125,TXN002126,2018-02-02,15:53:07,Indane Gas,Auto Debit Indane Gas,559.61,INR,Auto Debit,Debit,Bills,Noida,Uttar Pradesh,India
2126,TXN002127,2018-02-02,20:07:24,Employer Salary Credit,NEFT Salary Credit,51917.28,INR,NEFT,Credit,Salary,Lucknow,Uttar Pradesh,India
2127,TXN002128,2018-02-03,06:53:05,Municipal Water Department,Auto Debit Municipal Water Department,1204.76,INR,Auto Debit,Debit,Bills,Indore,Madhya Pradesh,India
2128,TXN002129,2018-02-03,16:24:40,Nykaa,POS Purchase Nykaa,6245.92,INR,Credit Card,Debit,Shopping,Delhi,Delhi,India
2129,TXN002130,2018-02-03,16:43:42,Swiggy,UPI/Paytm/Swiggy,272.38,INR,UPI,Debit,Food,Kochi,Kerala,India
2130,TXN002131,2018-02-03,18:22:26,Unknown Merchant,UPI/Unknown Merchant,108.34,INR,UPI,Debit,Other,Jaipur,Rajasthan,India
2131,TXN002132,2018-02-03,18:48:27,IRCTC,UPI/IRCTC,1391.19,INR,UPI,Debit,Miscellaneous,Kochi,Kerala,India
2132,TXN002133,2018-02-03,23:03:11,DMart,UPI/DR/370484159/DMart,698.71,INR,UPI,Debit,Groceries,Delhi,Delhi,India
2133,TXN002134,2018-02-04,11:47:14,Flipkart,POS Purchase Flipkart,14508.05,INR,Credit Card,Debit,Shopping,Chennai,Tamil Nadu,India
2134,TXN002135,2018-02-04,16:25:23,Mobile Repair,Cash Withdrawal ATM,1079.95,INR,Cash Withdrawal,Debit,Other,Jaipur,Rajasthan,India
2135,TXN002136,2018-02-04,18:11:30,DMart,UPI/DR/760080817/DMart,651.08,INR,UPI,Debit,Groceries,Kolkata,West Bengal,India
2136,TXN002137,2018-02-04,22:45:07,House Rent Payment,NEFT Rent Payment,7696.22,INR,NEFT,Debit,Rent,Indore,Madhya Pradesh,India
2137,TXN002138,2018-02-05,08:33:53,Myntra,POS Purchase Myntra,2958.71,INR,Credit Card,Debit,Shopping,Pune,Maharashtra,India
2138,TXN002139,2018-02-05,09:26:53,DMart,UPI/DR/212650803/DMart,491.94,INR,UPI,Debit,Groceries,Kolkata,West Bengal,India
2139,TXN002140,2018-02-05,09:54:55,Amazon India,POS Purchase Amazon India,614.7,INR,Credit Card,Debit,Shopping,Hyderabad,Telangana,India
2140,TXN002141,2018-02-05,12:58:17,Tata Power,Net Banking Payment Tata Power,1112.43,INR,Net Banking,Debit,Bills,Kochi,Kerala,India
2141,TXN002142,2018-02-05,13:00:22,Credit Card Bill Payment,Net Banking Payment Credit Card Bill Payment,8736.47,INR,Net Banking,Debit,Bills,Delhi,Delhi,India
2142,TXN002143,2018-02-05,13:00:25,Flower Shop,UPI/Flower Shop,305.99,INR,UPI,Debit,Other,Surat,Gujarat,India
2143,TXN002144,2018-02-05,22:47:24,Zomato,UPI/Paytm/Zomato,607.08,INR,UPI,Debit,Food,Lucknow,Uttar Pradesh,India
2144,TXN002145,2018-02-06,11:50:44,Airtel,Auto Debit Airtel,3196.67,INR,Auto Debit,Debit,Bills,Indore,Madhya Pradesh,India
2145,TXN002146,2018-02-06,14:02:35,Blinkit,UPI/DR/323009714/Blinkit,471.6,INR,UPI,Debit,Groceries,Chennai,Tamil Nadu,India
2146,TXN002147,2018-02-06,15:17:07,Ola,Debit Card Ola,401.39,INR,Debit Card,Debit,Miscellaneous,Bengaluru,Karnataka,India
2147,TXN002148,2018-02-06,21:44:19,Jio Fiber,UPI/Jio Fiber,4260.32,INR,UPI,Debit,Bills,Kolkata,West Bengal,India
2148,TXN002149,2018-02-07,03:17:35,Credit Card Bill Payment,UPI/Credit Card Bill Payment,2139.59,INR,UPI,Debit,Bills,Pune,Maharashtra,India
2149,TXN002150,2018-02-08,08:09:21,Indian Oil,UPI/Indian Oil,2633.51,INR,UPI,Debit,Fuel,Kolkata,West Bengal,India
2150,TXN002151,2018-02-08,12:13:37,Municipal Water Department,Auto Debit Municipal Water Department,705.49,INR,Auto Debit,Debit,Bills,Lucknow,Uttar Pradesh,India
2151,TXN002152,2018-02-08,12:33:48,Amazon India,UPI Payment Amazon India,4570.0,INR,UPI,Debit,Shopping,Delhi,Delhi,India
2152,TXN002153,2018-02-08,15:24:44,HP Gas,Auto Debit HP Gas,3015.27,INR,Auto Debit,Debit,Bills,Pune,Maharashtra,India
2153,TXN002154,2018-02-09,10:42:31,Airtel,Auto Debit Airtel,3757.07,INR,Auto Debit,Debit,Bills,Surat,Gujarat,India
2154,TXN002155,2018-02-09,16:37:05,Misc Vendor,UPI/Misc Vendor,1301.93,INR,UPI,Debit,Other,Delhi,Delhi,India
2155,TXN002156,2018-02-09,17:15:46,Barbeque Nation,UPI/Paytm/Barbeque Nation,463.55,INR,UPI,Debit,Food,Hyderabad,Telangana,India
2156,TXN002157,2018-02-10,00:14:51,Airtel,Auto Debit Airtel,4383.04,INR,Auto Debit,Debit,Bills,Surat,Gujarat,India
2157,TXN002158,2018-02-10,06:12:02,Amazon India,UPI Payment Amazon India,288.0,INR,UPI,Debit,Shopping,Delhi,Delhi,India
2158,TXN002159,2018-02-10,10:21:35,Faasos,UPI/Paytm/Faasos,116.0,INR,UPI,Debit,Food,Jaipur,Rajasthan,India
2159,TXN002160,2018-02-10,11:30:34,Ajio,Debit Card Ajio,288.0,INR,Debit Card,Debit,Shopping,Bengaluru,Karnataka,India
2160,TXN002161,2018-02-10,12:48:47,Credit Card Bill Payment,Net Banking Payment Credit Card Bill Payment,4641.64,INR,Net Banking,Debit,Bills,Delhi,Delhi,India
2161,TXN002162,2018-02-10,21:14:19,Jio Fiber,Auto Debit Jio Fiber,937.52,INR,Auto Debit,Debit,Bills,Delhi,Delhi,India
2162,TXN002163,2018-02-10,21:49:29,Tailor,UPI/Tailor,90.12,INR,UPI,Debit,Other,Pune,Maharashtra,India
2163,TXN002164,2018-02-10,23:29:28,Tata Power,Auto Debit Tata Power,3291.18,INR,Auto Debit,Debit,Bills,Bengaluru,Karnataka,India
2164,TXN002165,2018-02-11,08:16:23,Myntra,Debit Card Myntra,417.21,INR,Debit Card,Debit,Shopping,Lucknow,Uttar Pradesh,India
2165,TXN002166,2018-02-11,09:50:09,Airtel,Net Banking Payment Airtel,279.28,INR,Net Banking,Debit,Bills,Pune,Maharashtra,India
2166,TXN002167,2018-02-11,11:13:52,Spotify,Auto Debit Spotify Subscription,279.09,INR,Auto Debit,Debit,Subscription,Mumbai,Maharashtra,India
2167,TXN002168,2018-02-11,14:11:03,Credit Card Bill Payment,Net Banking Payment Credit Card Bill Payment,1467.79,INR,Net Banking,Debit,Bills,Nagpur,Maharashtra,India
2168,TXN002169,2018-02-11,15:38:24,KFC India,UPI/Paytm/KFC India,210.57,INR,UPI,Debit,Food,Jaipur,Rajasthan,India
2169,TXN002170,2018-02-11,17:56:29,Tailor,UPI/Tailor,1837.28,INR,UPI,Debit,Other,Pune,Maharashtra,India
2170,TXN002171,2018-02-12,02:11:41,Employer Salary Credit,NEFT Salary Credit,39793.23,INR,NEFT,Credit,Salary,Noida,Uttar Pradesh,India
2171,TXN002172,2018-02-12,08:43:49,Credit Card Bill Payment,Auto Debit Credit Card Bill Payment,2613.51,INR,Auto Debit,Debit,Bills,Kochi,Kerala,India
2172,TXN002173,2018-02-12,12:10:23,Airtel,Auto Debit Airtel,948.23,INR,Auto Debit,Debit,Bills,Lucknow,Uttar Pradesh,India
2173,TXN002174,2018-02-12,12:14:41,Credit Card Bill Payment,Auto Debit Credit Card Bill Payment,989.27,INR,Auto Debit,Debit,Bills,Indore,Madhya Pradesh,India
2174,TXN002175,2018-02-12,14:51:08,Jio,Net Banking Payment Jio,4677.29,INR,Net Banking,Debit,Bills,Noida,Uttar Pradesh,India
2175,TXN002176,2018-02-12,18:00:35,DMart,POS Purchase DMart,672.68,INR,Credit Card,Debit,Groceries,Kochi,Kerala,India
2176,TXN002177,2018-02-12,19:04:25,Credit Card Bill Payment,Auto Debit Credit Card Bill Payment,187.0,INR,Auto Debit,Debit,Bills,Kochi,Kerala,India
2177,TXN002178,2018-02-13,08:00:24,Bharat Gas,Net Banking Payment Bharat Gas,3114.36,INR,Net Banking,Debit,Bills,Nagpur,Maharashtra,India
2178,TXN002179,2018-02-13,10:33:08,Swiggy,UPI/Paytm/Swiggy,668.07,INR,UPI,Debit,Food,Mumbai,Maharashtra,India
2179,TXN002180,2018-02-13,12:29:59,Airtel,UPI/Airtel,2624.96,INR,UPI,Debit,Bills,Lucknow,Uttar Pradesh,India
2180,TXN002181,2018-02-13,18:42:20,Nature's Basket,UPI/DR/250248163/Nature's Basket,1679.85,INR,UPI,Debit,Groceries,Hyderabad,Telangana,India
2181,TXN002182,2018-02-14,08:53:43,Unknown Merchant,UPI/Unknown Merchant,1276.15,INR,UPI,Debit,Other,Hyderabad,Telangana,India
2182,TXN002183,2018-02-14,18:03:13,Credit Card Bill Payment,UPI/Credit Card Bill Payment,352.44,INR,UPI,Debit,Bills,Kochi,Kerala,India
2183,TXN002184,2018-02-14,18:11:08,Credit Card Bill Payment,Auto Debit Credit Card Bill Payment,1444.72,INR,Auto Debit,Debit,Bills,Ahmedabad,Gujarat,India
2184,TXN002185,2018-02-15,07:22:28,Credit Card Bill Payment,UPI/Credit Card Bill Payment,4920.74,INR,UPI,Debit,Bills,Bengaluru,Karnataka,India
2185,TXN002186,2018-02-15,08:39:36,Credit Card Bill Payment,Auto Debit Credit Card Bill Payment,3113.57,INR,Auto Debit,Debit,Bills,Indore,Madhya Pradesh,India
2186,TXN002187,2018-02-15,13:21:44,Bajaj Allianz,Auto Debit Bajaj Allianz Insurance Premium,8462.13,INR,Auto Debit,Debit,Insurance,Indore,Madhya Pradesh,India
2187,TXN002188,2018-02-15,13:34:18,Disney+ Hotstar,Auto Debit Disney+ Hotstar Subscription,149.0,INR,Auto Debit,Debit,Subscription,Ahmedabad,Gujarat,India
2188,TXN002189,2018-02-15,14:06:29,Tata Play,Auto Debit Tata Play Subscription,172.02,INR,Auto Debit,Debit,Subscription,Nagpur,Maharashtra,India
2189,TXN002190,2018-02-15,18:45:21,BigBasket,UPI/DR/193974854/BigBasket,841.0,INR,UPI,Debit,Groceries,Bengaluru,Karnataka,India
2190,TXN002191,2018-02-15,19:01:11,Lakme Salon,UPI/Lakme Salon,294.65,INR,UPI,Debit,Miscellaneous,Chennai,Tamil Nadu,India
2191,TXN002192,2018-02-15,21:05:05,Employer Salary Credit,NEFT Salary Credit,38622.51,INR,NEFT,Credit,Salary,Ahmedabad,Gujarat,India
2192,TXN002193,2018-02-16,14:45:23,Local Services,UPI/Local Services,401.93,INR,UPI,Debit,Other,Kochi,Kerala,India
2193,TXN002194,2018-02-16,15:45:42,DMart,UPI/DR/868706268/DMart,1263.38,INR,UPI,Debit,Groceries,Lucknow,Uttar Pradesh,India
2194,TXN002195,2018-02-16,19:17:20,Swiggy,UPI/Paytm/Swiggy,1230.59,INR,UPI,Debit,Food,Kochi,Kerala,India
2195,TXN002196,2018-02-17,10:43:02,House Rent Payment,IMPS Rent Payment,7676.24,INR,IMPS,Debit,Rent,Indore,Madhya Pradesh,India
2196,TXN002197,2018-02-17,11:48:05,Myntra,Debit Card Myntra,288.0,INR,Debit Card,Debit,Shopping,Indore,Madhya Pradesh,India
2197,TXN002198,2018-02-18,06:33:07,Nykaa,POS Purchase Nykaa,437.16,INR,Credit Card,Debit,Shopping,Nagpur,Maharashtra,India
2198,TXN002199,2018-02-18,08:02:39,BEST,Net Banking Payment BEST,1499.25,INR,Net Banking,Debit,Bills,Indore,Madhya Pradesh,India
2199,TXN002200,2018-02-18,08:25:16,BPCL,Debit Card BPCL,4201.13,INR,Debit Card,Debit,Fuel,Indore,Madhya Pradesh,India
2200,TXN002201,2018-02-18,19:20:58,Credit Card Bill Payment,Net Banking Payment Credit Card Bill Payment,5083.65,INR,Net Banking,Debit,Bills,Jaipur,Rajasthan,India
2201,TXN002202,2018-02-19,08:31:54,Spotify,Auto Debit Spotify Subscription,406.41,INR,Auto Debit,Debit,Subscription,Mumbai,Maharashtra,India
2202,TXN002203,2018-02-19,11:32:05,HPCL,Debit Card HPCL,4048.72,INR,Debit Card,Debit,Fuel,Surat,Gujarat,India
2203,TXN002204,2018-02-19,14:27:57,Credit Card Bill Payment,Auto Debit Credit Card Bill Payment,1523.81,INR,Auto Debit,Debit,Bills,Jaipur,Rajasthan,India
2204,TXN002205,2018-02-19,16:39:03,Municipal Water Department,Net Banking Payment Municipal Water Department,1437.86,INR,Net Banking,Debit,Bills,Jaipur,Rajasthan,India
2205,TXN002206,2018-02-20,09:12:49,BigBasket,POS Purchase BigBasket,1456.69,INR,Credit Card,Debit,Groceries,Mumbai,Maharashtra,India
2206,TXN002207,2018-02-20,09:57:14,Indane Gas,Auto Debit Indane Gas,1426.8,INR,Auto Debit,Debit,Bills,Chennai,Tamil Nadu,India
2207,TXN002208,2018-02-20,16:32:12,Starbucks India,UPI/Paytm/Starbucks India,458.29,INR,UPI,Debit,Food,Mumbai,Maharashtra,India
2208,TXN002209,2018-02-20,23:17:43,Flipkart,Debit Card Flipkart,1358.66,INR,Debit Card,Debit,Shopping,Ahmedabad,Gujarat,India
2209,TXN002210,2018-02-21,11:36:12,Credit Card Bill Payment,Net Banking Payment Credit Card Bill Payment,924.06,INR,Net Banking,Debit,Bills,Mumbai,Maharashtra,India
2210,TXN002211,2018-02-21,14:38:01,Indane Gas,Auto Debit Indane Gas,2304.39,INR,Auto Debit,Debit,Bills,Bengaluru,Karnataka,India
2211,TXN002212,2018-02-22,15:23:25,ICICI Lombard,Auto Debit ICICI Lombard Insurance Premium,8531.19,INR,Auto Debit,Debit,Insurance,Pune,Maharashtra,India
2212,TXN002213,2018-02-22,15:52:13,Cafe Coffee Day,UPI/Paytm/Cafe Coffee Day,517.29,INR,UPI,Debit,Food,Delhi,Delhi,India
2213,TXN002214,2018-02-22,22:04:43,Tata Play,Auto Debit Tata Play Subscription,517.22,INR,Auto Debit,Debit,Subscription,Hyderabad,Telangana,India
2214,TXN002215,2018-02-23,11:47:50,Blinkit,UPI/DR/720608968/Blinkit,390.81,INR,UPI,Debit,Groceries,Bengaluru,Karnataka,India
2215,TXN002216,2018-02-23,12:38:03,Ajio,UPI Payment Ajio,288.0,INR,UPI,Debit,Shopping,Delhi,Delhi,India
2216,TXN002217,2018-02-23,15:24:25,Netflix,Auto Debit Netflix Subscription,546.2,INR,Auto Debit,Debit,Subscription,Ahmedabad,Gujarat,India
2217,TXN002218,2018-02-23,16:17:01,Credit Card Bill Payment,Auto Debit Credit Card Bill Payment,3449.58,INR,Auto Debit,Debit,Bills,Pune,Maharashtra,India
2218,TXN002219,2018-02-24,08:41:47,Chaayos,UPI/Paytm/Chaayos,489.03,INR,UPI,Debit,Food,Chennai,Tamil Nadu,India
2219,TXN002220,2018-02-24,12:43:09,DMart,Debit Card DMart,1552.11,INR,Debit Card,Debit,Groceries,Bengaluru,Karnataka,India
2220,TXN002221,2018-02-24,14:08:13,DMart,Debit Card DMart,843.17,INR,Debit Card,Debit,Groceries,Mumbai,Maharashtra,India
2221,TXN002222,2018-02-24,15:15:33,Chaayos,UPI/Paytm/Chaayos,234.13,INR,UPI,Debit,Food,Pune,Maharashtra,India
2222,TXN002223,2018-02-24,15:36:38,HPCL,Debit Card HPCL,3218.87,INR,Debit Card,Debit,Fuel,Noida,Uttar Pradesh,India
2223,TXN002224,2018-02-24,18:01:41,Nature's Basket,Debit Card Nature's Basket,584.0,INR,Debit Card,Debit,Groceries,Chennai,Tamil Nadu,India
2224,TXN002225,2018-02-24,18:28:37,Employer Salary Credit,NEFT Salary Credit,51651.89,INR,NEFT,Credit,Salary,Jaipur,Rajasthan,India
2225,TXN002226,2018-02-25,08:41:26,Fruit Vendor,Cash Withdrawal ATM,140.08,INR,Cash Withdrawal,Debit,Other,Delhi,Delhi,India
2226,TXN002227,2018-02-25,15:42:21,Flower Shop,UPI/Flower Shop,284.75,INR,UPI,Debit,Other,Pune,Maharashtra,India
2227,TXN002228,2018-02-25,18:34:49,Credit Card Bill Payment,Auto Debit Credit Card Bill Payment,242.85,INR,Auto Debit,Debit,Bills,Pune,Maharashtra,India
2228,TXN002229,2018-02-26,07:18:13,Nature's Basket,Debit Card Nature's Basket,1402.3,INR,Debit Card,Debit,Groceries,Delhi,Delhi,India
2229,TXN002230,2018-02-26,08:25:23,McDonald's India,POS Purchase McDonald's India,129.79,INR,Credit Card,Debit,Food,Indore,Madhya Pradesh,India
2230,TXN002231,2018-02-26,08:43:44,Employer Salary Credit,NEFT Salary Credit,58513.32,INR,NEFT,Credit,Salary,Delhi,Delhi,India
2231,TXN002232,2018-02-26,09:28:01,BookMyShow,UPI Payment BookMyShow,213.7,INR,UPI,Debit,Entertainment,Bengaluru,Karnataka,India
2232,TXN002233,2018-02-26,10:31:11,BSNL,Auto Debit BSNL,1673.6,INR,Auto Debit,Debit,Bills,Kolkata,West Bengal,India
2233,TXN002234,2018-02-26,13:08:21,Third Wave Coffee,UPI/Paytm/Third Wave Coffee,289.1,INR,UPI,Debit,Food,Mumbai,Maharashtra,India
2234,TXN002235,2018-02-26,21:19:38,Airtel,UPI/Airtel,3735.78,INR,UPI,Debit,Bills,Mumbai,Maharashtra,India
2235,TXN002236,2018-02-26,21:24:22,KFC India,UPI/Paytm/KFC India,116.0,INR,UPI,Debit,Food,Kolkata,West Bengal,India
2236,TXN002237,2018-02-27,11:38:58,HPCL,Debit Card HPCL,2525.27,INR,Debit Card,Debit,Fuel,Kochi,Kerala,India
2237,TXN002238,2018-02-27,12:07:03,House Rent Payment,NEFT Rent Payment,47173.03,INR,NEFT,Debit,Rent,Pune,Maharashtra,India
2238,TXN002239,2018-02-27,12:23:37,Credit Card Bill Payment,Auto Debit Credit Card Bill Payment,1038.68,INR,Auto Debit,Debit,Bills,Noida,Uttar Pradesh,India
2239,TXN002240,2018-02-27,14:17:36,Kirana Shop,UPI/Kirana Shop,2186.59,INR,UPI,Debit,Other,Kolkata,West Bengal,India
2240,TXN002241,2018-02-27,16:51:30,General Store,UPI/General Store,392.65,INR,UPI,Debit,Other,Lucknow,Uttar Pradesh,India
2241,TXN002242,2018-02-27,21:29:58,Municipal Water Department,UPI/Municipal Water Department,2802.27,INR,UPI,Debit,Bills,Mumbai,Maharashtra,India
2242,TXN002243,2018-02-28,07:44:09,Street Vendor,UPI/Street Vendor,125.91,INR,UPI,Debit,Other,Mumbai,Maharashtra,India
2243,TXN002244,2018-02-28,08:57:10,Credit Card Bill Payment,UPI/Credit Card Bill Payment,14701.11,INR,UPI,Debit,Bills,Kochi,Kerala,India
2244,TXN002245,2018-02-28,14:32:52,Bharat Gas,Auto Debit Bharat Gas,2967.41,INR,Auto Debit,Debit,Bills,Bengaluru,Karnataka,India
2245,TXN002246,2018-02-28,15:14:19,Chaayos,Debit Card Chaayos,116.0,INR,Debit Card,Debit,Food,Kochi,Kerala,India
2246,TXN002247,2018-02-28,16:40:57,Swiggy,POS Purchase Swiggy,432.0,INR,Credit Card,Debit,Food,Ahmedabad,Gujarat,India
2247,TXN002248,2018-02-28,18:13:38,Vegetable Market,UPI/Vegetable Market,351.28,INR,UPI,Debit,Other,Surat,Gujarat,India
2248,TXN002249,2018-02-28,21:50:05,Zomato,UPI/Paytm/Zomato,116.0,INR,UPI,Debit,Food,Noida,Uttar Pradesh,India
2249,TXN002250,2018-02-28,22:41:21,Credit Card Bill Payment,Net Banking Payment Credit Card Bill Payment,852.76,INR,Net Banking,Debit,Bills,Nagpur,Maharashtra,India
2250,TXN002251,2018-03-01,08:42:52,Tata Power,Auto Debit Tata Power,2609.63,INR,Auto Debit,Debit,Bills,Noida,Uttar Pradesh,India
2251,TXN002252,2018-03-01,09:24:21,Jio,Net Banking Payment Jio,5955.09,INR,Net Banking,Debit,Bills,Hyderabad,Telangana,India
2252,TXN002253,2018-03-01,10:33:30,Domino's India,UPI/Paytm/Domino's India,336.3,INR,UPI,Debit,Food,Bengaluru,Karnataka,India
2253,TXN002254,2018-03-01,13:47:39,EatClub,UPI/Paytm/EatClub,160.23,INR,UPI,Debit,Food,Kolkata,West Bengal,India
2254,TXN002255,2018-03-01,14:05:02,Credit Card Bill Payment,UPI/Credit Card Bill Payment,1715.11,INR,UPI,Debit,Bills,Hyderabad,Telangana,India
2255,TXN002256,2018-03-02,08:27:22,Third Wave Coffee,UPI/Paytm/Third Wave Coffee,1373.15,INR,UPI,Debit,Food,Mumbai,Maharashtra,India
2256,TXN002257,2018-03-02,10:16:28,Zomato,UPI/Paytm/Zomato,116.0,INR,UPI,Debit,Food,Chennai,Tamil Nadu,India
2257,TXN002258,2018-03-02,21:11:59,Zomato,UPI/Paytm/Zomato,794.97,INR,UPI,Debit,Food,Kochi,Kerala,India
2258,TXN002259,2018-03-02,23:42:06,BigBasket,POS Purchase BigBasket,300.0,INR,Credit Card,Debit,Groceries,Hyderabad,Telangana,India
2259,TXN002260,2018-03-03,12:30:42,BigBasket,UPI/DR/747975975/BigBasket,717.97,INR,UPI,Debit,Groceries,Pune,Maharashtra,India
2260,TXN002261,2018-03-03,14:34:13,Bharat Gas,Auto Debit Bharat Gas,4120.65,INR,Auto Debit,Debit,Bills,Noida,Uttar Pradesh,India
2261,TXN002262,2018-03-03,17:59:48,Amazon Prime,Auto Debit Amazon Prime Subscription,149.0,INR,Auto Debit,Debit,Subscription,Delhi,Delhi,India
2262,TXN002263,2018-03-04,08:10:17,Bajaj Allianz,Auto Debit Bajaj Allianz Insurance Premium,8637.27,INR,Auto Debit,Debit,Insurance,Indore,Madhya Pradesh,India
2263,TXN002264,2018-03-04,09:03:25,Credit Card Bill Payment,Auto Debit Credit Card Bill Payment,5484.88,INR,Auto Debit,Debit,Bills,Mumbai,Maharashtra,India
2264,TXN002265,2018-03-04,09:55:54,HP Gas,Auto Debit HP Gas,3204.59,INR,Auto Debit,Debit,Bills,Chennai,Tamil Nadu,India
2265,TXN002266,2018-03-04,12:35:48,Jio,Net Banking Payment Jio,205.02,INR,Net Banking,Debit,Bills,Ahmedabad,Gujarat,India
2266,TXN002267,2018-03-04,12:37:38,Dish TV,Net Banking Payment Dish TV,289.07,INR,Net Banking,Debit,Subscription,Chennai,Tamil Nadu,India
2267,TXN002268,2018-03-04,15:39:55,Blinkit,UPI/DR/894024006/Blinkit,753.67,INR,UPI,Debit,Groceries,Hyderabad,Telangana,India
2268,TXN002269,2018-03-04,16:27:14,Burger King,UPI/Paytm/Burger King,116.0,INR,UPI,Debit,Food,Kochi,Kerala,India
2269,TXN002270,2018-03-04,21:30:45,Employer Salary Credit,NEFT Salary Credit,38309.59,INR,NEFT,Credit,Salary,Noida,Uttar Pradesh,India
2270,TXN002271,2018-03-05,08:04:15,Credit Card Bill Payment,Auto Debit Credit Card Bill Payment,1870.21,INR,Auto Debit,Debit,Bills,Delhi,Delhi,India
2271,TXN002272,2018-03-05,11:15:06,BSNL,Net Banking Payment BSNL,1493.53,INR,Net Banking,Debit,Bills,Pune,Maharashtra,India
2272,TXN002273,2018-03-05,12:48:52,Domino's India,POS Purchase Domino's India,1304.01,INR,Credit Card,Debit,Food,Mumbai,Maharashtra,India
2273,TXN002274,2018-03-05,14:08:16,HPCL,Debit Card HPCL,2135.52,INR,Debit Card,Debit,Fuel,Lucknow,Uttar Pradesh,India
2274,TXN002275,2018-03-05,19:24:15,KFC India,UPI/Paytm/KFC India,528.28,INR,UPI,Debit,Food,Nagpur,Maharashtra,India
2275,TXN002276,2018-03-06,10:38:07,Ace Hardware India,UPI/Ace Hardware India,2095.27,INR,UPI,Debit,Miscellaneous,Kochi,Kerala,India
2276,TXN002277,2018-03-06,14:23:08,McDonald's India,UPI/Paytm/McDonald's India,182.96,INR,UPI,Debit,Food,Mumbai,Maharashtra,India
2277,TXN002278,2018-03-06,18:49:18,Meesho,POS Purchase Meesho,288.0,INR,Credit Card,Debit,Shopping,Lucknow,Uttar Pradesh,India
2278,TXN002279,2018-03-07,08:07:59,DMart,UPI/DR/521869399/DMart,1228.91,INR,UPI,Debit,Groceries,Kochi,Kerala,India
2279,TXN002280,2018-03-07,08:51:39,Naturals Salon,UPI/Naturals Salon,639.89,INR,UPI,Debit,Miscellaneous,Ahmedabad,Gujarat,India
2280,TXN002281,2018-03-07,10:35:45,ICICI Lombard,Net Banking Payment ICICI Lombard Insurance Premium,8303.95,INR,Net Banking,Debit,Insurance,Bengaluru,Karnataka,India
2281,TXN002282,2018-03-07,12:12:52,Airtel,UPI/Airtel,1695.62,INR,UPI,Debit,Bills,Noida,Uttar Pradesh,India
2282,TXN002283,2018-03-07,13:20:01,Myntra,UPI Payment Myntra,288.0,INR,UPI,Debit,Shopping,Pune,Maharashtra,India
2283,TXN002284,2018-03-07,14:30:41,Tea Stall,Cash Withdrawal ATM,104.8,INR,Cash Withdrawal,Debit,Other,Pune,Maharashtra,India
2284,TXN002285,2018-03-07,15:05:57,Local Wine & Beer Shop,UPI/Paytm/Local Wine & Beer Shop,660.84,INR,UPI,Debit,Food,Indore,Madhya Pradesh,India
2285,TXN002286,2018-03-07,15:14:32,Tata Power,Auto Debit Tata Power,968.33,INR,Auto Debit,Debit,Bills,Jaipur,Rajasthan,India
2286,TXN002287,2018-03-07,16:02:50,Indane Gas,Net Banking Payment Indane Gas,1351.34,INR,Net Banking,Debit,Bills,Surat,Gujarat,India
2287,TXN002288,2018-03-07,18:28:19,Swiggy,POS Purchase Swiggy,272.64,INR,Credit Card,Debit,Food,Chennai,Tamil Nadu,India
2288,TXN002289,2018-03-07,21:43:56,Amazon Prime,Auto Debit Amazon Prime Subscription,149.0,INR,Auto Debit,Debit,Subscription,Lucknow,Uttar Pradesh,India
2289,TXN002290,2018-03-07,22:10:58,DMart,UPI/DR/971887294/DMart,676.25,INR,UPI,Debit,Groceries,Kolkata,West Bengal,India
2290,TXN002291,2018-03-08,00:12:53,Amazon India,POS Purchase Amazon India,1073.62,INR,Credit Card,Debit,Shopping,Surat,Gujarat,India
2291,TXN002292,2018-03-08,00:59:16,Credit Card Bill Payment,Net Banking Payment Credit Card Bill Payment,321.92,INR,Net Banking,Debit,Bills,Delhi,Delhi,India
2292,TXN002293,2018-03-08,09:30:01,Indane Gas,Auto Debit Indane Gas,720.7,INR,Auto Debit,Debit,Bills,Jaipur,Rajasthan,India
2293,TXN002294,2018-03-08,09:43:44,Nykaa,UPI Payment Nykaa,288.0,INR,UPI,Debit,Shopping,Surat,Gujarat,India
2294,TXN002295,2018-03-08,11:45:32,Spotify,Auto Debit Spotify Subscription,344.98,INR,Auto Debit,Debit,Subscription,Nagpur,Maharashtra,India
2295,TXN002296,2018-03-08,13:53:58,Municipal Water Department,Net Banking Payment Municipal Water Department,4832.44,INR,Net Banking,Debit,Bills,Indore,Madhya Pradesh,India
2296,TXN002297,2018-03-08,15:53:00,Domino's India,UPI/Paytm/Domino's India,264.98,INR,UPI,Debit,Food,Delhi,Delhi,India
2297,TXN002298,2018-03-09,14:58:23,Tata Play,Auto Debit Tata Play Subscription,346.74,INR,Auto Debit,Debit,Subscription,Ahmedabad,Gujarat,India
2298,TXN002299,2018-03-09,21:48:53,Jio,Net Banking Payment Jio,1657.74,INR,Net Banking,Debit,Bills,Ahmedabad,Gujarat,India
2299,TXN002300,2018-03-09,23:12:01,LIC,Auto Debit LIC Insurance Premium,8419.12,INR,Auto Debit,Debit,Insurance,Indore,Madhya Pradesh,India
2300,TXN002301,2018-03-10,01:18:29,DMart,Debit Card DMart,1092.72,INR,Debit Card,Debit,Groceries,Mumbai,Maharashtra,India
2301,TXN002302,2018-03-10,08:10:51,Vegetable Market,UPI/Vegetable Market,180.72,INR,UPI,Debit,Other,Mumbai,Maharashtra,India
2302,TXN002303,2018-03-10,10:01:25,ICICI Lombard,Auto Debit ICICI Lombard Insurance Premium,8682.66,INR,Auto Debit,Debit,Insurance,Jaipur,Rajasthan,India
2303,TXN002304,2018-03-10,21:27:10,Credit Card Bill Payment,Net Banking Payment Credit Card Bill Payment,4031.43,INR,Net Banking,Debit,Bills,Chennai,Tamil Nadu,India
2304,TXN002305,2018-03-10,21:44:24,BookMyShow,UPI Payment BookMyShow,417.74,INR,UPI,Debit,Entertainment,Kolkata,West Bengal,India
2305,TXN002306,2018-03-10,23:15:03,Tata Power,Auto Debit Tata Power,1196.89,INR,Auto Debit,Debit,Bills,Surat,Gujarat,India
2306,TXN002307,2018-03-11,08:44:26,Faasos,UPI/Paytm/Faasos,872.17,INR,UPI,Debit,Food,Ahmedabad,Gujarat,India
2307,TXN002308,2018-03-11,09:48:56,Tata Power,Auto Debit Tata Power,271.79,INR,Auto Debit,Debit,Bills,Ahmedabad,Gujarat,India
2308,TXN002309,2018-03-11,10:03:21,BookMyShow,UPI Payment BookMyShow,473.5,INR,UPI,Debit,Entertainment,Delhi,Delhi,India
2309,TXN002310,2018-03-11,10:11:25,Social,UPI/Paytm/Social,116.0,INR,UPI,Debit,Food,Lucknow,Uttar Pradesh,India
2310,TXN002311,2018-03-11,10:26:37,HDFC Ergo,Net Banking Payment HDFC Ergo Insurance Premium,8411.77,INR,Net Banking,Debit,Insurance,Lucknow,Uttar Pradesh,India
2311,TXN002312,2018-03-11,12:18:41,Credit Card Bill Payment,Auto Debit Credit Card Bill Payment,626.75,INR,Auto Debit,Debit,Bills,Bengaluru,Karnataka,India
2312,TXN002313,2018-03-11,12:44:00,Flipkart,Debit Card Flipkart,288.0,INR,Debit Card,Debit,Shopping,Bengaluru,Karnataka,India
2313,TXN002314,2018-03-11,14:01:40,Starbucks India,UPI/Paytm/Starbucks India,229.56,INR,UPI,Debit,Food,Nagpur,Maharashtra,India
2314,TXN002315,2018-03-11,15:53:28,Chaayos,POS Purchase Chaayos,448.26,INR,Credit Card,Debit,Food,Jaipur,Rajasthan,India
2315,TXN002316,2018-03-11,16:55:20,General Store,UPI/General Store,1674.87,INR,UPI,Debit,Other,Kochi,Kerala,India
2316,TXN002317,2018-03-11,19:51:18,Mobile Repair,UPI/Mobile Repair,2486.88,INR,UPI,Debit,Other,Surat,Gujarat,India
2317,TXN002318,2018-03-11,22:09:05,Local Wine & Beer Shop,UPI/Paytm/Local Wine & Beer Shop,116.0,INR,UPI,Debit,Food,Mumbai,Maharashtra,India
2318,TXN002319,2018-03-11,22:35:49,Blinkit,UPI/DR/744192644/Blinkit,1318.17,INR,UPI,Debit,Groceries,Jaipur,Rajasthan,India
2319,TXN002320,2018-03-12,06:54:29,Burger King,UPI/Paytm/Burger King,190.66,INR,UPI,Debit,Food,Jaipur,Rajasthan,India
2320,TXN002321,2018-03-12,12:12:20,BPCL,Debit Card BPCL,4261.96,INR,Debit Card,Debit,Fuel,Lucknow,Uttar Pradesh,India
2321,TXN002322,2018-03-12,18:19:11,Jio Fiber,Auto Debit Jio Fiber,1856.68,INR,Auto Debit,Debit,Bills,Surat,Gujarat,India
2322,TXN002323,2018-03-12,19:24:30,Blinkit,UPI/DR/588169687/Blinkit,1269.29,INR,UPI,Debit,Groceries,Kolkata,West Bengal,India
2323,TXN002324,2018-03-12,20:10:08,Barbeque Nation,Debit Card Barbeque Nation,1049.71,INR,Debit Card,Debit,Food,Mumbai,Maharashtra,India
2324,TXN002325,2018-03-13,06:09:39,Zepto,UPI/DR/831017246/Zepto,1088.71,INR,UPI,Debit,Groceries,Jaipur,Rajasthan,India
2325,TXN002326,2018-03-13,09:59:58,Local Store,Cash Withdrawal ATM,1495.47,INR,Cash Withdrawal,Debit,Other,Nagpur,Maharashtra,India
2326,TXN002327,2018-03-13,13:41:50,Credit Card Bill Payment,Net Banking Payment Credit Card Bill Payment,2989.49,INR,Net Banking,Debit,Bills,Lucknow,Uttar Pradesh,India
2327,TXN002328,2018-03-13,15:17:59,Airtel,Auto Debit Airtel,2817.89,INR,Auto Debit,Debit,Bills,Hyderabad,Telangana,India
2328,TXN002329,2018-03-13,18:56:40,DMart,UPI/DR/928123020/DMart,305.82,INR,UPI,Debit,Groceries,Nagpur,Maharashtra,India
2329,TXN002330,2018-03-13,21:27:13,Kirana Shop,UPI/Kirana Shop,1464.76,INR,UPI,Debit,Other,Noida,Uttar Pradesh,India
2330,TXN002331,2018-03-14,11:41:10,Starbucks India,UPI/Paytm/Starbucks India,1546.33,INR,UPI,Debit,Food,Jaipur,Rajasthan,India
2331,TXN002332,2018-03-14,14:10:48,Employer Salary Credit,NEFT Salary Credit,42767.31,INR,NEFT,Credit,Salary,Lucknow,Uttar Pradesh,India
2332,TXN002333,2018-03-14,15:28:24,Reliance Fresh,UPI/DR/687639985/Reliance Fresh,559.27,INR,UPI,Debit,Groceries,Indore,Madhya Pradesh,India
2333,TXN002334,2018-03-14,16:03:25,HP Gas,Auto Debit HP Gas,2759.86,INR,Auto Debit,Debit,Bills,Noida,Uttar Pradesh,India
2334,TXN002335,2018-03-14,17:28:05,Ola,POS Purchase Ola,931.49,INR,Credit Card,Debit,Miscellaneous,Jaipur,Rajasthan,India
2335,TXN002336,2018-03-14,19:36:32,Flower Shop,UPI/Flower Shop,63.11,INR,UPI,Debit,Other,Kolkata,West Bengal,India
2336,TXN002337,2018-03-14,21:01:11,BSNL,Auto Debit BSNL,1583.3,INR,Auto Debit,Debit,Bills,Mumbai,Maharashtra,India
2337,TXN002338,2018-03-14,21:38:44,Reliance Fresh,Debit Card Reliance Fresh,669.69,INR,Debit Card,Debit,Groceries,Kolkata,West Bengal,India
2338,TXN002339,2018-03-15,04:25:26,Jio Fiber,UPI/Jio Fiber,1241.52,INR,UPI,Debit,Bills,Mumbai,Maharashtra,India
2339,TXN002340,2018-03-15,08:28:15,BSNL,Auto Debit BSNL,2718.82,INR,Auto Debit,Debit,Bills,Kochi,Kerala,India
2340,TXN002341,2018-03-15,09:16:13,Nature's Basket,UPI/DR/424425818/Nature's Basket,425.12,INR,UPI,Debit,Groceries,Chennai,Tamil Nadu,India
2341,TXN002342,2018-03-15,10:03:12,Mobile Repair,UPI/Mobile Repair,2362.83,INR,UPI,Debit,Other,Pune,Maharashtra,India
2342,TXN002343,2018-03-15,11:32:38,Adani Electricity,UPI/Adani Electricity,7041.49,INR,UPI,Debit,Bills,Ahmedabad,Gujarat,India
2343,TXN002344,2018-03-15,11:54:19,BEST,Net Banking Payment BEST,5082.06,INR,Net Banking,Debit,Bills,Surat,Gujarat,India
2344,TXN002345,2018-03-15,12:10:39,HDFC Ergo,Net Banking Payment HDFC Ergo Insurance Premium,7990.0,INR,Net Banking,Debit,Insurance,Kolkata,West Bengal,India
2345,TXN002346,2018-03-15,17:22:09,KFC India,UPI/Paytm/KFC India,1253.44,INR,UPI,Debit,Food,Nagpur,Maharashtra,India
2346,TXN002347,2018-03-15,22:58:51,BEST,Net Banking Payment BEST,1523.8,INR,Net Banking,Debit,Bills,Jaipur,Rajasthan,India
2347,TXN002348,2018-03-16,07:24:07,EatClub,Debit Card EatClub,233.15,INR,Debit Card,Debit,Food,Surat,Gujarat,India
2348,TXN002349,2018-03-16,12:06:18,Burger King,UPI/Paytm/Burger King,229.98,INR,UPI,Debit,Food,Ahmedabad,Gujarat,India
2349,TXN002350,2018-03-16,14:08:12,Domino's India,UPI/Paytm/Domino's India,424.61,INR,UPI,Debit,Food,Kochi,Kerala,India
2350,TXN002351,2018-03-16,18:07:36,BookMyShow,UPI Payment BookMyShow,165.7,INR,UPI,Debit,Entertainment,Noida,Uttar Pradesh,India
2351,TXN002352,2018-03-17,10:04:54,Spotify,Auto Debit Spotify Subscription,335.12,INR,Auto Debit,Debit,Subscription,Delhi,Delhi,India
2352,TXN002353,2018-03-17,17:27:35,Netflix,Auto Debit Netflix Subscription,183.32,INR,Auto Debit,Debit,Subscription,Kochi,Kerala,India
2353,TXN002354,2018-03-18,07:07:29,Jio,Auto Debit Jio,2279.01,INR,Auto Debit,Debit,Bills,Lucknow,Uttar Pradesh,India
2354,TXN002355,2018-03-18,08:48:15,Bharat Gas,Auto Debit Bharat Gas,3573.84,INR,Auto Debit,Debit,Bills,Mumbai,Maharashtra,India
2355,TXN002356,2018-03-18,09:14:24,House Rent Payment,NEFT Rent Payment,35206.41,INR,NEFT,Debit,Rent,Hyderabad,Telangana,India
2356,TXN002357,2018-03-18,09:27:36,Flipkart,UPI Payment Flipkart,288.0,INR,UPI,Debit,Shopping,Lucknow,Uttar Pradesh,India
2357,TXN002358,2018-03-18,09:30:16,Airtel,Auto Debit Airtel,2407.43,INR,Auto Debit,Debit,Bills,Bengaluru,Karnataka,India
2358,TXN002359,2018-03-18,10:22:22,BigBasket,UPI/DR/999423880/BigBasket,1023.42,INR,UPI,Debit,Groceries,Pune,Maharashtra,India
2359,TXN002360,2018-03-18,17:24:33,Uber,UPI/Uber,2918.13,INR,UPI,Debit,Miscellaneous,Delhi,Delhi,India
2360,TXN002361,2018-03-18,18:50:06,Meesho,UPI Payment Meesho,4411.32,INR,UPI,Debit,Shopping,Pune,Maharashtra,India
2361,TXN002362,2018-03-18,21:48:58,Reliance Fresh,UPI/DR/829835592/Reliance Fresh,635.91,INR,UPI,Debit,Groceries,Pune,Maharashtra,India
2362,TXN002363,2018-03-19,04:36:33,Airtel,Auto Debit Airtel,4730.86,INR,Auto Debit,Debit,Bills,Lucknow,Uttar Pradesh,India
2363,TXN002364,2018-03-19,06:46:54,BigBasket,Debit Card BigBasket,523.85,INR,Debit Card,Debit,Groceries,Nagpur,Maharashtra,India
2364,TXN002365,2018-03-19,10:04:08,Jio,Auto Debit Jio,1916.49,INR,Auto Debit,Debit,Bills,Lucknow,Uttar Pradesh,India
2365,TXN002366,2018-03-19,16:51:47,Zepto,Debit Card Zepto,300.0,INR,Debit Card,Debit,Groceries,Kolkata,West Bengal,India
2366,TXN002367,2018-03-19,17:41:53,Indian Oil,UPI/Indian Oil,3414.33,INR,UPI,Debit,Fuel,Ahmedabad,Gujarat,India
2367,TXN002368,2018-03-19,21:43:28,Reliance Fresh,Debit Card Reliance Fresh,652.02,INR,Debit Card,Debit,Groceries,Pune,Maharashtra,India
2368,TXN002369,2018-03-20,14:46:31,Mobile Repair,Cash Withdrawal ATM,809.89,INR,Cash Withdrawal,Debit,Other,Nagpur,Maharashtra,India
2369,TXN002370,2018-03-20,17:03:57,Disney+ Hotstar,Auto Debit Disney+ Hotstar Subscription,371.79,INR,Auto Debit,Debit,Subscription,Lucknow,Uttar Pradesh,India
2370,TXN002371,2018-03-21,07:12:37,LIC,Auto Debit LIC Insurance Premium,8420.62,INR,Auto Debit,Debit,Insurance,Noida,Uttar Pradesh,India
2371,TXN002372,2018-03-21,12:04:28,Municipal Water Department,Auto Debit Municipal Water Department,1705.38,INR,Auto Debit,Debit,Bills,Chennai,Tamil Nadu,India
2372,TXN002373,2018-03-21,14:12:11,BookMyShow,POS Purchase BookMyShow,209.49,INR,Credit Card,Debit,Entertainment,Noida,Uttar Pradesh,India
2373,TXN002374,2018-03-22,05:07:17,Uber,Debit Card Uber,431.87,INR,Debit Card,Debit,Miscellaneous,Pune,Maharashtra,India
2374,TXN002375,2018-03-22,10:54:34,Tata Power,Net Banking Payment Tata Power,3482.54,INR,Net Banking,Debit,Bills,Ahmedabad,Gujarat,India
2375,TXN002376,2018-03-22,16:10:48,Blinkit,UPI/DR/250721880/Blinkit,1504.26,INR,UPI,Debit,Groceries,Noida,Uttar Pradesh,India
2376,TXN002377,2018-03-22,19:52:06,Zomato,UPI/Paytm/Zomato,626.41,INR,UPI,Debit,Food,Pune,Maharashtra,India
2377,TXN002378,2018-03-23,08:10:03,Flipkart,UPI Payment Flipkart,288.0,INR,UPI,Debit,Shopping,Surat,Gujarat,India
2378,TXN002379,2018-03-23,16:05:19,Credit Card Bill Payment,Auto Debit Credit Card Bill Payment,2844.84,INR,Auto Debit,Debit,Bills,Noida,Uttar Pradesh,India
2379,TXN002380,2018-03-23,19:43:27,Local Wine & Beer Shop,UPI/Paytm/Local Wine & Beer Shop,726.27,INR,UPI,Debit,Food,Delhi,Delhi,India
2380,TXN002381,2018-03-24,03:36:46,BigBasket,UPI/DR/340501969/BigBasket,641.08,INR,UPI,Debit,Groceries,Jaipur,Rajasthan,India
2381,TXN002382,2018-03-24,07:34:13,Indian Oil,Debit Card Indian Oil,3138.36,INR,Debit Card,Debit,Fuel,Surat,Gujarat,India
2382,TXN002383,2018-03-24,10:27:47,Employer Salary Credit,NEFT Salary Credit,42835.65,INR,NEFT,Credit,Salary,Kochi,Kerala,India
2383,TXN002384,2018-03-24,10:43:25,Jio,Auto Debit Jio,2964.71,INR,Auto Debit,Debit,Bills,Kochi,Kerala,India
2384,TXN002385,2018-03-24,13:29:17,BPCL,Debit Card BPCL,3566.19,INR,Debit Card,Debit,Fuel,Kochi,Kerala,India
2385,TXN002386,2018-03-24,16:37:33,Amazon India,Debit Card Amazon India,288.0,INR,Debit Card,Debit,Shopping,Chennai,Tamil Nadu,India
2386,TXN002387,2018-03-25,21:03:02,Chaayos,Debit Card Chaayos,116.0,INR,Debit Card,Debit,Food,Indore,Madhya Pradesh,India
2387,TXN002388,2018-03-26,08:20:26,Amazon India,POS Purchase Amazon India,1307.85,INR,Credit Card,Debit,Shopping,Lucknow,Uttar Pradesh,India
2388,TXN002389,2018-03-26,09:22:14,Airtel,UPI/Airtel,2688.47,INR,UPI,Debit,Bills,Hyderabad,Telangana,India
2389,TXN002390,2018-03-26,11:37:52,Nature's Basket,UPI/DR/295296618/Nature's Basket,300.0,INR,UPI,Debit,Groceries,Delhi,Delhi,India
2390,TXN002391,2018-03-26,12:24:04,McDonald's India,UPI/Paytm/McDonald's India,116.0,INR,UPI,Debit,Food,Chennai,Tamil Nadu,India
2391,TXN002392,2018-03-26,13:07:19,Indian Oil,Debit Card Indian Oil,3325.09,INR,Debit Card,Debit,Fuel,Chennai,Tamil Nadu,India
2392,TXN002393,2018-03-26,14:44:10,Amazon India,POS Purchase Amazon India,288.0,INR,Credit Card,Debit,Shopping,Indore,Madhya Pradesh,India
2393,TXN002394,2018-03-26,14:57:38,Credit Card Bill Payment,UPI/Credit Card Bill Payment,937.74,INR,UPI,Debit,Bills,Bengaluru,Karnataka,India
2394,TXN002395,2018-03-26,19:55:02,Credit Card Bill Payment,Auto Debit Credit Card Bill Payment,5887.05,INR,Auto Debit,Debit,Bills,Kolkata,West Bengal,India
2395,TXN002396,2018-03-27,09:20:09,Local Services,Cash Withdrawal ATM,1756.65,INR,Cash Withdrawal,Debit,Other,Bengaluru,Karnataka,India
2396,TXN002397,2018-03-27,09:47:43,Bharat Gas,Auto Debit Bharat Gas,187.0,INR,Auto Debit,Debit,Bills,Kolkata,West Bengal,India
2397,TXN002398,2018-03-27,20:03:52,Blinkit,UPI/DR/587972689/Blinkit,300.0,INR,UPI,Debit,Groceries,Surat,Gujarat,India
2398,TXN002399,2018-03-28,10:21:05,BookMyShow,Debit Card BookMyShow,278.24,INR,Debit Card,Debit,Entertainment,Kochi,Kerala,India
2399,TXN002400,2018-03-28,21:55:00,Social,Debit Card Social,116.0,INR,Debit Card,Debit,Food,Surat,Gujarat,India
2400,TXN002401,2018-03-28,22:58:21,Swiggy,UPI/Paytm/Swiggy,116.0,INR,UPI,Debit,Food,Nagpur,Maharashtra,India
2401,TXN002402,2018-03-29,06:51:34,Faasos,UPI/Paytm/Faasos,198.73,INR,UPI,Debit,Food,Jaipur,Rajasthan,India
2402,TXN002403,2018-03-29,09:02:31,HPCL,Debit Card HPCL,2851.31,INR,Debit Card,Debit,Fuel,Mumbai,Maharashtra,India
2403,TXN002404,2018-03-29,11:36:36,BEST,Auto Debit BEST,4525.56,INR,Auto Debit,Debit,Bills,Chennai,Tamil Nadu,India
2404,TXN002405,2018-03-29,16:34:52,Nykaa,Debit Card Nykaa,971.3,INR,Debit Card,Debit,Shopping,Delhi,Delhi,India
2405,TXN002406,2018-03-29,17:09:46,HPCL,UPI/HPCL,3436.81,INR,UPI,Debit,Fuel,Bengaluru,Karnataka,India
2406,TXN002407,2018-03-29,22:26:08,Local Services,UPI/Local Services,1571.19,INR,UPI,Debit,Other,Kochi,Kerala,India
2407,TXN002408,2018-03-30,00:20:08,Cafe Coffee Day,UPI/Paytm/Cafe Coffee Day,373.41,INR,UPI,Debit,Food,Ahmedabad,Gujarat,India
2408,TXN002409,2018-03-30,10:06:33,KFC India,UPI/Paytm/KFC India,116.0,INR,UPI,Debit,Food,Pune,Maharashtra,India
2409,TXN002410,2018-03-30,17:43:41,Credit Card Bill Payment,Net Banking Payment Credit Card Bill Payment,1288.29,INR,Net Banking,Debit,Bills,Indore,Madhya Pradesh,India
2410,TXN002411,2018-03-30,18:34:21,Indane Gas,Auto Debit Indane Gas,3814.04,INR,Auto Debit,Debit,Bills,Noida,Uttar Pradesh,India
2411,TXN002412,2018-03-30,19:00:38,Municipal Water Department,UPI/Municipal Water Department,4390.38,INR,UPI,Debit,Bills,Lucknow,Uttar Pradesh,India
2412,TXN002413,2018-03-31,09:05:52,Chaayos,UPI/Paytm/Chaayos,116.0,INR,UPI,Debit,Food,Mumbai,Maharashtra,India
2413,TXN002414,2018-03-31,10:44:52,BookMyShow,POS Purchase BookMyShow,371.33,INR,Credit Card,Debit,Entertainment,Delhi,Delhi,India
2414,TXN002415,2018-03-31,12:57:38,Bakery,UPI/Bakery,264.12,INR,UPI,Debit,Other,Bengaluru,Karnataka,India
2415,TXN002416,2018-03-31,18:08:30,Burger King,Debit Card Burger King,270.42,INR,Debit Card,Debit,Food,Pune,Maharashtra,India
2416,TXN002417,2018-03-31,18:27:50,Barbeque Nation,UPI/Paytm/Barbeque Nation,276.62,INR,UPI,Debit,Food,Hyderabad,Telangana,India
2417,TXN002418,2018-03-31,22:39:17,BigBasket,UPI/DR/887125715/BigBasket,306.21,INR,UPI,Debit,Groceries,Kolkata,West Bengal,India
2418,TXN002419,2018-04-01,04:28:20,Jio,Auto Debit Jio,1097.85,INR,Auto Debit,Debit,Bills,Ahmedabad,Gujarat,India
2419,TXN002420,2018-04-01,09:44:10,McDonald's India,Debit Card McDonald's India,468.49,INR,Debit Card,Debit,Food,Indore,Madhya Pradesh,India
2420,TXN002421,2018-04-01,10:47:34,Jio Fiber,Auto Debit Jio Fiber,4464.92,INR,Auto Debit,Debit,Bills,Bengaluru,Karnataka,India
2421,TXN002422,2018-04-01,12:14:16,DMart,UPI/DR/964454042/DMart,749.83,INR,UPI,Debit,Groceries,Jaipur,Rajasthan,India
2422,TXN002423,2018-04-01,13:24:09,BigBasket,Debit Card BigBasket,1209.95,INR,Debit Card,Debit,Groceries,Bengaluru,Karnataka,India
2423,TXN002424,2018-04-01,19:25:21,Social,UPI/Paytm/Social,545.7,INR,UPI,Debit,Food,Kochi,Kerala,India
2424,TXN002425,2018-04-01,22:10:05,Meesho,UPI Payment Meesho,3737.46,INR,UPI,Debit,Shopping,Nagpur,Maharashtra,India
2425,TXN002426,2018-04-02,10:34:01,Amazon India,POS Purchase Amazon India,288.0,INR,Credit Card,Debit,Shopping,Pune,Maharashtra,India
2426,TXN002427,2018-04-02,10:35:59,DMart,Debit Card DMart,841.93,INR,Debit Card,Debit,Groceries,Ahmedabad,Gujarat,India
2427,TXN002428,2018-04-02,12:12:06,Flower Shop,UPI/Flower Shop,230.22,INR,UPI,Debit,Other,Bengaluru,Karnataka,India
2428,TXN002429,2018-04-02,12:14:25,Credit Card Bill Payment,Auto Debit Credit Card Bill Payment,552.36,INR,Auto Debit,Debit,Bills,Jaipur,Rajasthan,India
2429,TXN002430,2018-04-02,13:14:13,EatClub,UPI/Paytm/EatClub,452.47,INR,UPI,Debit,Food,Kolkata,West Bengal,India
2430,TXN002431,2018-04-03,07:33:23,Bharat Gas,Auto Debit Bharat Gas,904.33,INR,Auto Debit,Debit,Bills,Indore,Madhya Pradesh,India
2431,TXN002432,2018-04-03,09:41:55,Airtel,Auto Debit Airtel,860.04,INR,Auto Debit,Debit,Bills,Kochi,Kerala,India
2432,TXN002433,2018-04-03,13:22:15,Tata Power,UPI/Tata Power,2467.37,INR,UPI,Debit,Bills,Mumbai,Maharashtra,India
2433,TXN002434,2018-04-03,18:20:03,HDFC Ergo,Auto Debit HDFC Ergo Insurance Premium,8292.7,INR,Auto Debit,Debit,Insurance,Jaipur,Rajasthan,India
2434,TXN002435,2018-04-03,20:49:32,Reliance Fresh,Debit Card Reliance Fresh,976.2,INR,Debit Card,Debit,Groceries,Indore,Madhya Pradesh,India
2435,TXN002436,2018-04-04,09:51:23,Jio Fiber,Auto Debit Jio Fiber,1851.51,INR,Auto Debit,Debit,Bills,Ahmedabad,Gujarat,India
2436,TXN002437,2018-04-04,12:36:47,Misc Vendor,UPI/Misc Vendor,372.86,INR,UPI,Debit,Other,Noida,Uttar Pradesh,India
2437,TXN002438,2018-04-04,12:48:17,Mobile Repair,UPI/Mobile Repair,2025.56,INR,UPI,Debit,Other,Chennai,Tamil Nadu,India
2438,TXN002439,2018-04-04,14:57:40,Tata Power,Auto Debit Tata Power,913.15,INR,Auto Debit,Debit,Bills,Hyderabad,Telangana,India
2439,TXN002440,2018-04-04,15:16:41,House Rent Payment,IMPS Rent Payment,8001.03,INR,IMPS,Debit,Rent,Jaipur,Rajasthan,India
2440,TXN002441,2018-04-04,19:51:32,Amazon India,POS Purchase Amazon India,288.0,INR,Credit Card,Debit,Shopping,Nagpur,Maharashtra,India
2441,TXN002442,2018-04-04,19:55:00,Tata Power,Auto Debit Tata Power,1035.42,INR,Auto Debit,Debit,Bills,Jaipur,Rajasthan,India
2442,TXN002443,2018-04-04,19:57:59,Unknown Merchant,UPI/Unknown Merchant,1488.39,INR,UPI,Debit,Other,Chennai,Tamil Nadu,India
2443,TXN002444,2018-04-05,08:02:27,DMart,Debit Card DMart,300.0,INR,Debit Card,Debit,Groceries,Indore,Madhya Pradesh,India
2444,TXN002445,2018-04-05,10:55:53,Indian Oil,UPI/Indian Oil,4155.1,INR,UPI,Debit,Fuel,Kochi,Kerala,India
2445,TXN002446,2018-04-05,12:42:41,Zepto,POS Purchase Zepto,300.0,INR,Credit Card,Debit,Groceries,Pune,Maharashtra,India
2446,TXN002447,2018-04-05,18:39:18,HPCL,UPI/HPCL,2979.29,INR,UPI,Debit,Fuel,Lucknow,Uttar Pradesh,India
2447,TXN002448,2018-04-05,18:47:25,Reliance Fresh,UPI/DR/956292577/Reliance Fresh,734.79,INR,UPI,Debit,Groceries,Delhi,Delhi,India
2448,TXN002449,2018-04-06,10:26:31,Ajio,Debit Card Ajio,339.91,INR,Debit Card,Debit,Shopping,Pune,Maharashtra,India
2449,TXN002450,2018-04-07,00:23:29,Mobile Repair,UPI/Mobile Repair,683.69,INR,UPI,Debit,Other,Pune,Maharashtra,India
2450,TXN002451,2018-04-07,08:37:10,DMart,Debit Card DMart,443.56,INR,Debit Card,Debit,Groceries,Hyderabad,Telangana,India
2451,TXN002452,2018-04-07,10:27:28,Credit Card Bill Payment,Net Banking Payment Credit Card Bill Payment,2477.96,INR,Net Banking,Debit,Bills,Kolkata,West Bengal,India
2452,TXN002453,2018-04-07,11:15:17,Airtel,UPI/Airtel,5385.57,INR,UPI,Debit,Bills,Noida,Uttar Pradesh,India
2453,TXN002454,2018-04-07,13:23:20,Swiggy,Debit Card Swiggy,176.51,INR,Debit Card,Debit,Food,Ahmedabad,Gujarat,India
2454,TXN002455,2018-04-08,00:21:49,Credit Card Bill Payment,UPI/Credit Card Bill Payment,1412.91,INR,UPI,Debit,Bills,Pune,Maharashtra,India
2455,TXN002456,2018-04-08,08:57:03,Blinkit,Debit Card Blinkit,1591.64,INR,Debit Card,Debit,Groceries,Delhi,Delhi,India
2456,TXN002457,2018-04-08,10:34:07,Employer Salary Credit,NEFT Salary Credit,47566.28,INR,NEFT,Credit,Salary,Hyderabad,Telangana,India
2457,TXN002458,2018-04-08,16:39:10,Myntra,UPI Payment Myntra,288.0,INR,UPI,Debit,Shopping,Hyderabad,Telangana,India
2458,TXN002459,2018-04-09,07:52:22,Zomato,UPI/Paytm/Zomato,286.65,INR,UPI,Debit,Food,Nagpur,Maharashtra,India
2459,TXN002460,2018-04-09,08:15:14,HP Gas,Auto Debit HP Gas,762.41,INR,Auto Debit,Debit,Bills,Pune,Maharashtra,India
2460,TXN002461,2018-04-09,12:28:15,Credit Card Bill Payment,Auto Debit Credit Card Bill Payment,4004.28,INR,Auto Debit,Debit,Bills,Pune,Maharashtra,India
2461,TXN002462,2018-04-09,13:57:23,BigBasket,Debit Card BigBasket,479.91,INR,Debit Card,Debit,Groceries,Bengaluru,Karnataka,India
2462,TXN002463,2018-04-09,17:44:48,Credit Card Bill Payment,Auto Debit Credit Card Bill Payment,308.86,INR,Auto Debit,Debit,Bills,Nagpur,Maharashtra,India
2463,TXN002464,2018-04-09,18:05:27,Ajio,UPI Payment Ajio,288.0,INR,UPI,Debit,Shopping,Hyderabad,Telangana,India
2464,TXN002465,2018-04-09,18:08:15,Adani Electricity,Auto Debit Adani Electricity,436.38,INR,Auto Debit,Debit,Bills,Mumbai,Maharashtra,India
2465,TXN002466,2018-04-09,22:41:45,DMart,UPI/DR/799506796/DMart,494.43,INR,UPI,Debit,Groceries,Kolkata,West Bengal,India
2466,TXN002467,2018-04-10,03:15:41,Employer Salary Credit,NEFT Salary Credit,37608.1,INR,NEFT,Credit,Salary,Indore,Madhya Pradesh,India
2467,TXN002468,2018-04-10,08:47:44,Social,Debit Card Social,116.0,INR,Debit Card,Debit,Food,Hyderabad,Telangana,India
2468,TXN002469,2018-04-10,10:44:25,BEST,Auto Debit BEST,1187.67,INR,Auto Debit,Debit,Bills,Nagpur,Maharashtra,India
2469,TXN002470,2018-04-10,10:49:22,Disney+ Hotstar,Auto Debit Disney+ Hotstar Subscription,169.17,INR,Auto Debit,Debit,Subscription,Jaipur,Rajasthan,India
2470,TXN002471,2018-04-10,11:32:45,Credit Card Bill Payment,Net Banking Payment Credit Card Bill Payment,2664.41,INR,Net Banking,Debit,Bills,Nagpur,Maharashtra,India
2471,TXN002472,2018-04-10,12:53:44,Local Wine & Beer Shop,Debit Card Local Wine & Beer Shop,456.44,INR,Debit Card,Debit,Food,Indore,Madhya Pradesh,India
2472,TXN002473,2018-04-11,07:47:59,Employer Salary Credit,NEFT Salary Credit,28930.95,INR,NEFT,Credit,Salary,Bengaluru,Karnataka,India
2473,TXN002474,2018-04-11,10:17:04,Laundry,UPI/Laundry,1970.07,INR,UPI,Debit,Other,Jaipur,Rajasthan,India
2474,TXN002475,2018-04-11,10:42:30,Credit Card Bill Payment,UPI/Credit Card Bill Payment,2674.21,INR,UPI,Debit,Bills,Noida,Uttar Pradesh,India
2475,TXN002476,2018-04-11,13:51:35,Myntra,POS Purchase Myntra,3640.8,INR,Credit Card,Debit,Shopping,Jaipur,Rajasthan,India
2476,TXN002477,2018-04-11,15:37:00,Zomato,UPI/Paytm/Zomato,116.0,INR,UPI,Debit,Food,Kochi,Kerala,India
2477,TXN002478,2018-04-12,02:42:43,BigBasket,Debit Card BigBasket,1001.36,INR,Debit Card,Debit,Groceries,Hyderabad,Telangana,India
2478,TXN002479,2018-04-12,10:55:42,Credit Card Bill Payment,Auto Debit Credit Card Bill Payment,7603.84,INR,Auto Debit,Debit,Bills,Delhi,Delhi,India
2479,TXN002480,2018-04-12,12:15:24,Credit Card Bill Payment,Auto Debit Credit Card Bill Payment,361.05,INR,Auto Debit,Debit,Bills,Indore,Madhya Pradesh,India
2480,TXN002481,2018-04-12,15:40:57,Credit Card Bill Payment,Net Banking Payment Credit Card Bill Payment,2782.86,INR,Net Banking,Debit,Bills,Kochi,Kerala,India
2481,TXN002482,2018-04-12,19:13:43,Jio,Auto Debit Jio,1292.2,INR,Auto Debit,Debit,Bills,Surat,Gujarat,India
2482,TXN002483,2018-04-13,07:25:37,Ajio,UPI Payment Ajio,416.17,INR,UPI,Debit,Shopping,Surat,Gujarat,India
2483,TXN002484,2018-04-13,07:26:49,Tata Power,Auto Debit Tata Power,1057.11,INR,Auto Debit,Debit,Bills,Lucknow,Uttar Pradesh,India
2484,TXN002485,2018-04-13,08:47:10,BPCL,Debit Card BPCL,3529.76,INR,Debit Card,Debit,Fuel,Bengaluru,Karnataka,India
2485,TXN002486,2018-04-13,12:22:34,Cafe Coffee Day,UPI/Paytm/Cafe Coffee Day,963.42,INR,UPI,Debit,Food,Ahmedabad,Gujarat,India
2486,TXN002487,2018-04-13,15:04:09,Jio,Auto Debit Jio,2773.71,INR,Auto Debit,Debit,Bills,Mumbai,Maharashtra,India
2487,TXN002488,2018-04-14,10:14:47,Indian Oil,Cash Withdrawal ATM,1862.0,INR,Cash Withdrawal,Debit,Fuel,Hyderabad,Telangana,India
2488,TXN002489,2018-04-14,11:53:06,Blinkit,UPI/DR/677409188/Blinkit,678.63,INR,UPI,Debit,Groceries,Surat,Gujarat,India
2489,TXN002490,2018-04-14,16:06:47,Bharat Gas,Auto Debit Bharat Gas,443.78,INR,Auto Debit,Debit,Bills,Mumbai,Maharashtra,India
2490,TXN002491,2018-04-14,16:08:16,Nature's Basket,POS Purchase Nature's Basket,455.34,INR,Credit Card,Debit,Groceries,Chennai,Tamil Nadu,India
2491,TXN002492,2018-04-14,21:50:56,Blinkit,Debit Card Blinkit,729.45,INR,Debit Card,Debit,Groceries,Lucknow,Uttar Pradesh,India
2492,TXN002493,2018-04-15,08:43:13,Credit Card Bill Payment,Net Banking Payment Credit Card Bill Payment,3834.63,INR,Net Banking,Debit,Bills,Noida,Uttar Pradesh,India
2493,TXN002494,2018-04-15,10:42:37,Blinkit,UPI/DR/244564312/Blinkit,863.63,INR,UPI,Debit,Groceries,Noida,Uttar Pradesh,India
2494,TXN002495,2018-04-15,10:47:05,Domino's India,UPI/Paytm/Domino's India,116.0,INR,UPI,Debit,Food,Jaipur,Rajasthan,India
2495,TXN002496,2018-04-15,10:48:49,BookMyShow,POS Purchase BookMyShow,558.74,INR,Credit Card,Debit,Entertainment,Nagpur,Maharashtra,India
2496,TXN002497,2018-04-15,23:16:23,ICICI Lombard,Auto Debit ICICI Lombard Insurance Premium,8796.7,INR,Auto Debit,Debit,Insurance,Pune,Maharashtra,India
2497,TXN002498,2018-04-16,07:24:43,Amazon India,POS Purchase Amazon India,288.0,INR,Credit Card,Debit,Shopping,Nagpur,Maharashtra,India
2498,TXN002499,2018-04-16,10:40:47,Netflix,Auto Debit Netflix Subscription,788.37,INR,Auto Debit,Debit,Subscription,Hyderabad,Telangana,India
2499,TXN002500,2018-04-16,12:54:27,Burger King,UPI/Paytm/Burger King,260.52,INR,UPI,Debit,Food,Hyderabad,Telangana,India
2500,TXN002501,2018-04-16,16:44:53,Credit Card Bill Payment,Auto Debit Credit Card Bill Payment,12588.12,INR,Auto Debit,Debit,Bills,Pune,Maharashtra,India
2501,TXN002502,2018-04-16,17:08:32,HPCL,UPI/HPCL,2960.66,INR,UPI,Debit,Fuel,Kochi,Kerala,India
2502,TXN002503,2018-04-16,21:48:34,Burger King,UPI/Paytm/Burger King,422.28,INR,UPI,Debit,Food,Delhi,Delhi,India
2503,TXN002504,2018-04-17,02:07:11,Lakme Salon,Debit Card Lakme Salon,60.0,INR,Debit Card,Debit,Miscellaneous,Delhi,Delhi,India
2504,TXN002505,2018-04-17,12:51:32,Zepto,UPI/DR/622702576/Zepto,560.08,INR,UPI,Debit,Groceries,Chennai,Tamil Nadu,India
2505,TXN002506,2018-04-17,13:14:26,EatClub,Debit Card EatClub,116.0,INR,Debit Card,Debit,Food,Nagpur,Maharashtra,India
2506,TXN002507,2018-04-17,15:14:07,Credit Card Bill Payment,UPI/Credit Card Bill Payment,2856.68,INR,UPI,Debit,Bills,Surat,Gujarat,India
2507,TXN002508,2018-04-17,15:34:31,Credit Card Bill Payment,Auto Debit Credit Card Bill Payment,3985.4,INR,Auto Debit,Debit,Bills,Chennai,Tamil Nadu,India
2508,TXN002509,2018-04-18,01:38:38,KFC India,Debit Card KFC India,145.6,INR,Debit Card,Debit,Food,Mumbai,Maharashtra,India
2509,TXN002510,2018-04-18,06:41:43,Faasos,UPI/Paytm/Faasos,116.0,INR,UPI,Debit,Food,Lucknow,Uttar Pradesh,India
2510,TXN002511,2018-04-18,07:27:25,Amazon India,POS Purchase Amazon India,288.0,INR,Credit Card,Debit,Shopping,Surat,Gujarat,India
2511,TXN002512,2018-04-18,08:52:52,Uber,POS Purchase Uber,478.76,INR,Credit Card,Debit,Miscellaneous,Surat,Gujarat,India
2512,TXN002513,2018-04-18,10:44:40,Zepto,UPI/DR/862735437/Zepto,463.42,INR,UPI,Debit,Groceries,Lucknow,Uttar Pradesh,India
2513,TXN002514,2018-04-18,10:57:34,DMart,POS Purchase DMart,658.51,INR,Credit Card,Debit,Groceries,Chennai,Tamil Nadu,India
2514,TXN002515,2018-04-18,13:26:00,Domino's India,UPI/Paytm/Domino's India,379.56,INR,UPI,Debit,Food,Bengaluru,Karnataka,India
2515,TXN002516,2018-04-18,14:03:47,Adani Electricity,UPI/Adani Electricity,2409.82,INR,UPI,Debit,Bills,Lucknow,Uttar Pradesh,India
2516,TXN002517,2018-04-18,18:20:49,Swiggy,Debit Card Swiggy,171.85,INR,Debit Card,Debit,Food,Nagpur,Maharashtra,India
2517,TXN002518,2018-04-19,07:31:21,Blinkit,Debit Card Blinkit,1049.51,INR,Debit Card,Debit,Groceries,Lucknow,Uttar Pradesh,India
2518,TXN002519,2018-04-19,07:38:29,Ajio,Debit Card Ajio,2373.78,INR,Debit Card,Debit,Shopping,Hyderabad,Telangana,India
2519,TXN002520,2018-04-19,10:14:57,Employer Salary Credit,NEFT Salary Credit,37667.92,INR,NEFT,Credit,Salary,Kolkata,West Bengal,India
2520,TXN002521,2018-04-19,11:11:49,Airtel,Auto Debit Airtel,3343.58,INR,Auto Debit,Debit,Bills,Pune,Maharashtra,India
2521,TXN002522,2018-04-19,11:46:21,Netflix,Auto Debit Netflix Subscription,333.8,INR,Auto Debit,Debit,Subscription,Ahmedabad,Gujarat,India
2522,TXN002523,2018-04-19,14:02:11,Cafe Coffee Day,UPI/Paytm/Cafe Coffee Day,116.0,INR,UPI,Debit,Food,Jaipur,Rajasthan,India
2523,TXN002524,2018-04-19,15:06:00,BigBasket,Debit Card BigBasket,300.0,INR,Debit Card,Debit,Groceries,Noida,Uttar Pradesh,India
2524,TXN002525,2018-04-19,17:13:52,Credit Card Bill Payment,Net Banking Payment Credit Card Bill Payment,5456.62,INR,Net Banking,Debit,Bills,Kochi,Kerala,India
2525,TXN002526,2018-04-19,18:04:52,BookMyShow,POS Purchase BookMyShow,291.55,INR,Credit Card,Debit,Entertainment,Kochi,Kerala,India
2526,TXN002527,2018-04-19,20:25:54,Domino's India,POS Purchase Domino's India,460.8,INR,Credit Card,Debit,Food,Delhi,Delhi,India
2527,TXN002528,2018-04-20,10:47:19,Spotify,UPI/Spotify,149.0,INR,UPI,Debit,Subscription,Mumbai,Maharashtra,India
2528,TXN002529,2018-04-20,11:51:16,General Store,UPI/General Store,223.32,INR,UPI,Debit,Other,Lucknow,Uttar Pradesh,India
2529,TXN002530,2018-04-20,18:16:09,Vegetable Market,UPI/Vegetable Market,590.48,INR,UPI,Debit,Other,Indore,Madhya Pradesh,India
2530,TXN002531,2018-04-20,21:00:57,Credit Card Bill Payment,Auto Debit Credit Card Bill Payment,952.61,INR,Auto Debit,Debit,Bills,Indore,Madhya Pradesh,India
2531,TXN002532,2018-04-21,08:03:12,Local Hardware Store,UPI/Local Hardware Store,169.8,INR,UPI,Debit,Miscellaneous,Nagpur,Maharashtra,India
2532,TXN002533,2018-04-21,10:22:02,PharmEasy,POS Purchase PharmEasy,658.76,INR,Credit Card,Debit,Miscellaneous,Pune,Maharashtra,India
2533,TXN002534,2018-04-21,11:50:53,The Beer Cafe,Debit Card The Beer Cafe,116.0,INR,Debit Card,Debit,Food,Chennai,Tamil Nadu,India
2534,TXN002535,2018-04-21,12:25:48,KFC India,UPI/Paytm/KFC India,277.66,INR,UPI,Debit,Food,Lucknow,Uttar Pradesh,India
2535,TXN002536,2018-04-21,12:50:49,Credit Card Bill Payment,Auto Debit Credit Card Bill Payment,5700.34,INR,Auto Debit,Debit,Bills,Jaipur,Rajasthan,India
2536,TXN002537,2018-04-21,16:19:15,Domino's India,UPI/Paytm/Domino's India,116.0,INR,UPI,Debit,Food,Nagpur,Maharashtra,India
2537,TXN002538,2018-04-22,08:04:11,Reliance Fresh,POS Purchase Reliance Fresh,372.55,INR,Credit Card,Debit,Groceries,Pune,Maharashtra,India
2538,TXN002539,2018-04-22,10:15:31,Credit Card Bill Payment,Auto Debit Credit Card Bill Payment,2025.24,INR,Auto Debit,Debit,Bills,Kolkata,West Bengal,India
2539,TXN002540,2018-04-22,12:05:07,Flower Shop,UPI/Flower Shop,393.57,INR,UPI,Debit,Other,Pune,Maharashtra,India
2540,TXN002541,2018-04-22,13:53:55,Jio Fiber,Net Banking Payment Jio Fiber,261.09,INR,Net Banking,Debit,Bills,Jaipur,Rajasthan,India
2541,TXN002542,2018-04-22,14:26:39,Domino's India,UPI/Paytm/Domino's India,356.15,INR,UPI,Debit,Food,Delhi,Delhi,India
2542,TXN002543,2018-04-22,16:48:19,Tea Stall,UPI/Tea Stall,34.72,INR,UPI,Debit,Other,Kochi,Kerala,India
2543,TXN002544,2018-04-22,20:38:15,Mobile Repair,UPI/Mobile Repair,379.85,INR,UPI,Debit,Other,Ahmedabad,Gujarat,India
2544,TXN002545,2018-04-22,20:53:37,Local Services,UPI/Local Services,1924.13,INR,UPI,Debit,Other,Delhi,Delhi,India
2545,TXN002546,2018-04-23,13:15:31,House Rent Payment,IMPS Rent Payment,8269.39,INR,IMPS,Debit,Rent,Pune,Maharashtra,India
2546,TXN002547,2018-04-23,13:31:12,HPCL,UPI/HPCL,3048.13,INR,UPI,Debit,Fuel,Jaipur,Rajasthan,India
2547,TXN002548,2018-04-23,16:42:30,Street Vendor,UPI/Street Vendor,225.0,INR,UPI,Debit,Other,Chennai,Tamil Nadu,India
2548,TXN002549,2018-04-23,20:09:00,Barbeque Nation,UPI/Paytm/Barbeque Nation,120.79,INR,UPI,Debit,Food,Surat,Gujarat,India
2549,TXN002550,2018-04-23,20:27:10,Municipal Water Department,Net Banking Payment Municipal Water Department,1970.2,INR,Net Banking,Debit,Bills,Mumbai,Maharashtra,India
2550,TXN002551,2018-04-24,00:47:47,Municipal Water Department,Auto Debit Municipal Water Department,1219.46,INR,Auto Debit,Debit,Bills,Hyderabad,Telangana,India
2551,TXN002552,2018-04-24,12:36:00,Zomato,UPI/Paytm/Zomato,764.03,INR,UPI,Debit,Food,Nagpur,Maharashtra,India
2552,TXN002553,2018-04-24,12:57:19,BEST,Net Banking Payment BEST,287.93,INR,Net Banking,Debit,Bills,Noida,Uttar Pradesh,India
2553,TXN002554,2018-04-24,13:02:27,BEST,Auto Debit BEST,1583.13,INR,Auto Debit,Debit,Bills,Bengaluru,Karnataka,India
2554,TXN002555,2018-04-24,13:32:19,DMart,Debit Card DMart,1030.99,INR,Debit Card,Debit,Groceries,Kochi,Kerala,India
2555,TXN002556,2018-04-24,14:03:54,Blinkit,UPI/DR/211361103/Blinkit,1732.03,INR,UPI,Debit,Groceries,Pune,Maharashtra,India
2556,TXN002557,2018-04-24,14:44:22,Faasos,UPI/Paytm/Faasos,247.48,INR,UPI,Debit,Food,Kolkata,West Bengal,India
2557,TXN002558,2018-04-24,18:24:22,McDonald's India,UPI/Paytm/McDonald's India,769.31,INR,UPI,Debit,Food,Ahmedabad,Gujarat,India
2558,TXN002559,2018-04-25,08:53:41,Tea Stall,UPI/Tea Stall,145.32,INR,UPI,Debit,Other,Delhi,Delhi,India
2559,TXN002560,2018-04-25,11:57:40,Unknown Merchant,UPI/Unknown Merchant,278.19,INR,UPI,Debit,Other,Lucknow,Uttar Pradesh,India
2560,TXN002561,2018-04-25,13:45:30,Municipal Water Department,Net Banking Payment Municipal Water Department,12420.95,INR,Net Banking,Debit,Bills,Chennai,Tamil Nadu,India
2561,TXN002562,2018-04-25,14:25:04,Flipkart,POS Purchase Flipkart,288.0,INR,Credit Card,Debit,Shopping,Noida,Uttar Pradesh,India
2562,TXN002563,2018-04-25,16:37:46,Zomato,UPI/Paytm/Zomato,317.53,INR,UPI,Debit,Food,Hyderabad,Telangana,India
2563,TXN002564,2018-04-26,01:55:00,Tata Power,Net Banking Payment Tata Power,1451.05,INR,Net Banking,Debit,Bills,Delhi,Delhi,India
2564,TXN002565,2018-04-26,08:21:36,Social,UPI/Paytm/Social,337.96,INR,UPI,Debit,Food,Kochi,Kerala,India
2565,TXN002566,2018-04-26,08:52:41,Credit Card Bill Payment,Net Banking Payment Credit Card Bill Payment,605.35,INR,Net Banking,Debit,Bills,Pune,Maharashtra,India
2566,TXN002567,2018-04-26,09:26:07,Zepto,UPI/DR/260677223/Zepto,596.13,INR,UPI,Debit,Groceries,Ahmedabad,Gujarat,India
2567,TXN002568,2018-04-26,09:57:50,Swiggy,UPI/Paytm/Swiggy,302.5,INR,UPI,Debit,Food,Surat,Gujarat,India
2568,TXN002569,2018-04-26,11:18:36,KFC India,Debit Card KFC India,683.57,INR,Debit Card,Debit,Food,Hyderabad,Telangana,India
2569,TXN002570,2018-04-26,12:20:25,Credit Card Bill Payment,Net Banking Payment Credit Card Bill Payment,2420.61,INR,Net Banking,Debit,Bills,Nagpur,Maharashtra,India
2570,TXN002571,2018-04-26,12:25:44,Swiggy,POS Purchase Swiggy,116.0,INR,Credit Card,Debit,Food,Kochi,Kerala,India
2571,TXN002572,2018-04-26,13:18:47,BSNL,Auto Debit BSNL,1207.76,INR,Auto Debit,Debit,Bills,Kochi,Kerala,India
2572,TXN002573,2018-04-26,14:55:23,Employer Salary Credit,NEFT Salary Credit,49436.77,INR,NEFT,Credit,Salary,Hyderabad,Telangana,India
2573,TXN002574,2018-04-26,16:29:42,Credit Card Bill Payment,Auto Debit Credit Card Bill Payment,1950.66,INR,Auto Debit,Debit,Bills,Noida,Uttar Pradesh,India
2574,TXN002575,2018-04-26,17:43:19,DMart,POS Purchase DMart,591.84,INR,Credit Card,Debit,Groceries,Jaipur,Rajasthan,India
2575,TXN002576,2018-04-27,09:23:22,Laundry,UPI/Laundry,2039.26,INR,UPI,Debit,Other,Delhi,Delhi,India
2576,TXN002577,2018-04-27,09:52:55,Swiggy,UPI/Paytm/Swiggy,423.36,INR,UPI,Debit,Food,Hyderabad,Telangana,India
2577,TXN002578,2018-04-27,12:21:04,Nykaa,UPI Payment Nykaa,288.0,INR,UPI,Debit,Shopping,Noida,Uttar Pradesh,India
2578,TXN002579,2018-04-27,20:04:25,Credit Card Bill Payment,Net Banking Payment Credit Card Bill Payment,2696.01,INR,Net Banking,Debit,Bills,Chennai,Tamil Nadu,India
2579,TXN002580,2018-04-27,20:44:52,BPCL,UPI/BPCL,2743.85,INR,UPI,Debit,Fuel,Nagpur,Maharashtra,India
2580,TXN002581,2018-04-28,11:04:17,Bharat Gas,UPI/Bharat Gas,794.3,INR,UPI,Debit,Bills,Delhi,Delhi,India
2581,TXN002582,2018-04-28,11:34:09,BookMyShow,POS Purchase BookMyShow,177.93,INR,Credit Card,Debit,Entertainment,Mumbai,Maharashtra,India
2582,TXN002583,2018-04-28,14:20:01,HPCL,Debit Card HPCL,3026.19,INR,Debit Card,Debit,Fuel,Delhi,Delhi,India
2583,TXN002584,2018-04-28,16:20:03,Cafe Coffee Day,Debit Card Cafe Coffee Day,1396.41,INR,Debit Card,Debit,Food,Bengaluru,Karnataka,India
2584,TXN002585,2018-04-28,18:35:23,Credit Card Bill Payment,Net Banking Payment Credit Card Bill Payment,1801.64,INR,Net Banking,Debit,Bills,Indore,Madhya Pradesh,India
2585,TXN002586,2018-04-28,21:41:41,Jio,Net Banking Payment Jio,394.47,INR,Net Banking,Debit,Bills,Kolkata,West Bengal,India
2586,TXN002587,2018-04-29,06:02:20,Airtel,UPI/Airtel,4043.87,INR,UPI,Debit,Bills,Kolkata,West Bengal,India
2587,TXN002588,2018-04-29,11:24:21,Credit Card Bill Payment,Net Banking Payment Credit Card Bill Payment,2479.88,INR,Net Banking,Debit,Bills,Pune,Maharashtra,India
2588,TXN002589,2018-04-29,13:11:39,BEST,Auto Debit BEST,2199.04,INR,Auto Debit,Debit,Bills,Jaipur,Rajasthan,India
2589,TXN002590,2018-04-29,16:34:12,Reliance Fresh,UPI/DR/887637532/Reliance Fresh,532.19,INR,UPI,Debit,Groceries,Nagpur,Maharashtra,India
2590,TXN002591,2018-04-29,21:44:21,Employer Salary Credit,NEFT Salary Credit,62799.59,INR,NEFT,Credit,Salary,Noida,Uttar Pradesh,India
2591,TXN002592,2018-04-30,10:34:11,Employer Salary Credit,NEFT Salary Credit,35678.35,INR,NEFT,Credit,Salary,Pune,Maharashtra,India
2592,TXN002593,2018-04-30,11:03:35,Domino's India,Debit Card Domino's India,953.34,INR,Debit Card,Debit,Food,Ahmedabad,Gujarat,India
2593,TXN002594,2018-04-30,11:17:35,Myntra,POS Purchase Myntra,1152.98,INR,Credit Card,Debit,Shopping,Chennai,Tamil Nadu,India
2594,TXN002595,2018-04-30,13:30:46,Local Hardware Store,POS Purchase Local Hardware Store,1341.12,INR,Credit Card,Debit,Miscellaneous,Kochi,Kerala,India
2595,TXN002596,2018-04-30,13:50:07,BigBasket,POS Purchase BigBasket,1224.49,INR,Credit Card,Debit,Groceries,Ahmedabad,Gujarat,India
2596,TXN002597,2018-04-30,14:56:56,EatClub,UPI/Paytm/EatClub,1035.4,INR,UPI,Debit,Food,Bengaluru,Karnataka,India
2597,TXN002598,2018-04-30,16:17:53,Airtel,Net Banking Payment Airtel,570.23,INR,Net Banking,Debit,Bills,Pune,Maharashtra,India
2598,TXN002599,2018-04-30,17:36:05,BPCL,UPI/BPCL,2530.05,INR,UPI,Debit,Fuel,Indore,Madhya Pradesh,India
2599,TXN002600,2018-05-01,12:13:36,Apollo Pharmacy,UPI/Apollo Pharmacy,951.2,INR,UPI,Debit,Miscellaneous,Hyderabad,Telangana,India
2600,TXN002601,2018-05-01,15:05:22,Cafe Coffee Day,UPI/Paytm/Cafe Coffee Day,647.53,INR,UPI,Debit,Food,Noida,Uttar Pradesh,India
2601,TXN002602,2018-05-01,17:15:12,Municipal Water Department,Auto Debit Municipal Water Department,1619.85,INR,Auto Debit,Debit,Bills,Kochi,Kerala,India
2602,TXN002603,2018-05-01,19:38:30,Tata Power,Auto Debit Tata Power,502.32,INR,Auto Debit,Debit,Bills,Nagpur,Maharashtra,India
2603,TXN002604,2018-05-01,20:33:12,BSNL,Auto Debit BSNL,1223.96,INR,Auto Debit,Debit,Bills,Indore,Madhya Pradesh,India
2604,TXN002605,2018-05-01,21:53:42,Adani Electricity,UPI/Adani Electricity,2127.44,INR,UPI,Debit,Bills,Ahmedabad,Gujarat,India
2605,TXN002606,2018-05-02,08:29:41,HPCL,Debit Card HPCL,2590.2,INR,Debit Card,Debit,Fuel,Bengaluru,Karnataka,India
2606,TXN002607,2018-05-02,09:18:38,BPCL,Debit Card BPCL,2722.19,INR,Debit Card,Debit,Fuel,Bengaluru,Karnataka,India
2607,TXN002608,2018-05-02,13:18:22,Credit Card Bill Payment,Auto Debit Credit Card Bill Payment,338.81,INR,Auto Debit,Debit,Bills,Lucknow,Uttar Pradesh,India
2608,TXN002609,2018-05-02,14:43:19,Swiggy,UPI/Paytm/Swiggy,2018.47,INR,UPI,Debit,Food,Nagpur,Maharashtra,India
2609,TXN002610,2018-05-02,16:30:23,Third Wave Coffee,UPI/Paytm/Third Wave Coffee,116.0,INR,UPI,Debit,Food,Ahmedabad,Gujarat,India
2610,TXN002611,2018-05-03,00:40:29,House Rent Payment,IMPS Rent Payment,8065.67,INR,IMPS,Debit,Rent,Kolkata,West Bengal,India
2611,TXN002612,2018-05-03,10:43:55,Tata Power,Net Banking Payment Tata Power,2652.14,INR,Net Banking,Debit,Bills,Surat,Gujarat,India
2612,TXN002613,2018-05-03,11:43:59,Burger King,POS Purchase Burger King,329.51,INR,Credit Card,Debit,Food,Nagpur,Maharashtra,India
2613,TXN002614,2018-05-03,13:38:06,Dish TV,Auto Debit Dish TV Subscription,850.0,INR,Auto Debit,Debit,Subscription,Hyderabad,Telangana,India
2614,TXN002615,2018-05-03,14:10:15,Credit Card Bill Payment,Net Banking Payment Credit Card Bill Payment,1961.32,INR,Net Banking,Debit,Bills,Pune,Maharashtra,India
2615,TXN002616,2018-05-03,19:34:03,The Beer Cafe,UPI/Paytm/The Beer Cafe,541.79,INR,UPI,Debit,Food,Kolkata,West Bengal,India
2616,TXN002617,2018-05-03,20:23:22,Employer Salary Credit,NEFT Salary Credit,48722.46,INR,NEFT,Credit,Salary,Chennai,Tamil Nadu,India
2617,TXN002618,2018-05-03,22:11:12,HPCL,UPI/HPCL,2937.15,INR,UPI,Debit,Fuel,Noida,Uttar Pradesh,India
2618,TXN002619,2018-05-03,22:43:42,Myntra,UPI Payment Myntra,3335.07,INR,UPI,Debit,Shopping,Chennai,Tamil Nadu,India
2619,TXN002620,2018-05-04,03:22:55,Nykaa,POS Purchase Nykaa,2624.75,INR,Credit Card,Debit,Shopping,Hyderabad,Telangana,India
2620,TXN002621,2018-05-04,10:09:06,EatClub,Debit Card EatClub,192.72,INR,Debit Card,Debit,Food,Pune,Maharashtra,India
2621,TXN002622,2018-05-04,17:33:58,Airtel,Auto Debit Airtel,4157.99,INR,Auto Debit,Debit,Bills,Chennai,Tamil Nadu,India
2622,TXN002623,2018-05-04,20:02:29,BPCL,Cash Withdrawal ATM,5000.0,INR,Cash Withdrawal,Debit,Fuel,Lucknow,Uttar Pradesh,India
2623,TXN002624,2018-05-04,20:33:42,Meesho,Debit Card Meesho,288.0,INR,Debit Card,Debit,Shopping,Surat,Gujarat,India
2624,TXN002625,2018-05-05,05:29:46,Employer Salary Credit,NEFT Salary Credit,45517.82,INR,NEFT,Credit,Salary,Surat,Gujarat,India
2625,TXN002626,2018-05-05,09:25:26,Lakme Salon,UPI/Lakme Salon,1286.53,INR,UPI,Debit,Miscellaneous,Lucknow,Uttar Pradesh,India
2626,TXN002627,2018-05-05,11:36:37,Nature's Basket,Debit Card Nature's Basket,1173.79,INR,Debit Card,Debit,Groceries,Jaipur,Rajasthan,India
2627,TXN002628,2018-05-05,13:15:09,Faasos,POS Purchase Faasos,262.1,INR,Credit Card,Debit,Food,Mumbai,Maharashtra,India
2628,TXN002629,2018-05-05,16:30:04,Swiggy,UPI/Paytm/Swiggy,143.26,INR,UPI,Debit,Food,Surat,Gujarat,India
2629,TXN002630,2018-05-06,07:50:50,Employer Salary Credit,NEFT Salary Credit,63990.66,INR,NEFT,Credit,Salary,Hyderabad,Telangana,India
2630,TXN002631,2018-05-06,12:56:39,Rapido,POS Purchase Rapido,370.99,INR,Credit Card,Debit,Miscellaneous,Surat,Gujarat,India
2631,TXN002632,2018-05-06,14:03:18,HPCL,Debit Card HPCL,2498.61,INR,Debit Card,Debit,Fuel,Surat,Gujarat,India
2632,TXN002633,2018-05-06,16:53:29,Credit Card Bill Payment,Net Banking Payment Credit Card Bill Payment,661.27,INR,Net Banking,Debit,Bills,Kolkata,West Bengal,India
2633,TXN002634,2018-05-06,21:46:00,Local Wine & Beer Shop,UPI/Paytm/Local Wine & Beer Shop,814.45,INR,UPI,Debit,Food,Mumbai,Maharashtra,India
2634,TXN002635,2018-05-07,12:38:32,Tata Power,Net Banking Payment Tata Power,393.94,INR,Net Banking,Debit,Bills,Ahmedabad,Gujarat,India
2635,TXN002636,2018-05-07,16:59:56,Domino's India,UPI/Paytm/Domino's India,369.5,INR,UPI,Debit,Food,Mumbai,Maharashtra,India
2636,TXN002637,2018-05-07,18:48:39,DMart,UPI/DR/609874021/DMart,1166.98,INR,UPI,Debit,Groceries,Noida,Uttar Pradesh,India
2637,TXN002638,2018-05-08,00:04:30,Employer Salary Credit,NEFT Salary Credit,40246.74,INR,NEFT,Credit,Salary,Jaipur,Rajasthan,India
2638,TXN002639,2018-05-08,08:40:43,Credit Card Bill Payment,Auto Debit Credit Card Bill Payment,1049.42,INR,Auto Debit,Debit,Bills,Kolkata,West Bengal,India
2639,TXN002640,2018-05-08,08:45:28,BEST,Net Banking Payment BEST,323.64,INR,Net Banking,Debit,Bills,Chennai,Tamil Nadu,India
2640,TXN002641,2018-05-08,14:54:28,Street Vendor,UPI/Street Vendor,231.48,INR,UPI,Debit,Other,Ahmedabad,Gujarat,India
2641,TXN002642,2018-05-08,15:37:20,Zomato,Debit Card Zomato,116.0,INR,Debit Card,Debit,Food,Delhi,Delhi,India
2642,TXN002643,2018-05-08,18:17:27,BSNL,UPI/BSNL,3713.76,INR,UPI,Debit,Bills,Chennai,Tamil Nadu,India
2643,TXN002644,2018-05-09,08:06:08,Barbeque Nation,UPI/Paytm/Barbeque Nation,116.0,INR,UPI,Debit,Food,Indore,Madhya Pradesh,India
2644,TXN002645,2018-05-09,10:22:55,Local Wine & Beer Shop,UPI/Paytm/Local Wine & Beer Shop,617.25,INR,UPI,Debit,Food,Kochi,Kerala,India
2645,TXN002646,2018-05-09,10:39:09,Amazon India,Debit Card Amazon India,7434.08,INR,Debit Card,Debit,Shopping,Indore,Madhya Pradesh,India
2646,TXN002647,2018-05-09,11:19:36,Flipkart,POS Purchase Flipkart,296.46,INR,Credit Card,Debit,Shopping,Lucknow,Uttar Pradesh,India
2647,TXN002648,2018-05-09,16:55:43,Unknown Merchant,Cash Withdrawal ATM,2486.18,INR,Cash Withdrawal,Debit,Other,Indore,Madhya Pradesh,India
2648,TXN002649,2018-05-09,22:49:27,House Rent Payment,NEFT Rent Payment,41600.71,INR,NEFT,Debit,Rent,Mumbai,Maharashtra,India
2649,TXN002650,2018-05-10,04:16:35,Meesho,Debit Card Meesho,330.35,INR,Debit Card,Debit,Shopping,Kochi,Kerala,India
2650,TXN002651,2018-05-10,08:51:50,Credit Card Bill Payment,Net Banking Payment Credit Card Bill Payment,2916.36,INR,Net Banking,Debit,Bills,Chennai,Tamil Nadu,India
2651,TXN002652,2018-05-10,09:10:04,Zepto,UPI/DR/149089708/Zepto,681.64,INR,UPI,Debit,Groceries,Kochi,Kerala,India
2652,TXN002653,2018-05-10,16:11:07,Lakme Salon,Debit Card Lakme Salon,485.41,INR,Debit Card,Debit,Miscellaneous,Lucknow,Uttar Pradesh,India
2653,TXN002654,2018-05-10,23:00:21,HPCL,UPI/HPCL,2159.65,INR,UPI,Debit,Fuel,Mumbai,Maharashtra,India
2654,TXN002655,2018-05-11,12:01:13,Local Wine & Beer Shop,Debit Card Local Wine & Beer Shop,229.66,INR,Debit Card,Debit,Food,Jaipur,Rajasthan,India
2655,TXN002656,2018-05-11,21:10:40,EatClub,UPI/Paytm/EatClub,511.62,INR,UPI,Debit,Food,Kolkata,West Bengal,India
2656,TXN002657,2018-05-11,21:50:30,HPCL,Debit Card HPCL,3497.7,INR,Debit Card,Debit,Fuel,Pune,Maharashtra,India
2657,TXN002658,2018-05-11,23:55:45,Zepto,Debit Card Zepto,1479.63,INR,Debit Card,Debit,Groceries,Pune,Maharashtra,India
2658,TXN002659,2018-05-12,07:14:01,Credit Card Bill Payment,UPI/Credit Card Bill Payment,2712.4,INR,UPI,Debit,Bills,Lucknow,Uttar Pradesh,India
2659,TXN002660,2018-05-12,20:49:51,BSNL,Net Banking Payment BSNL,2559.28,INR,Net Banking,Debit,Bills,Pune,Maharashtra,India
2660,TXN002661,2018-05-13,10:23:11,Domino's India,Debit Card Domino's India,899.55,INR,Debit Card,Debit,Food,Chennai,Tamil Nadu,India
2661,TXN002662,2018-05-13,14:01:14,Blinkit,Debit Card Blinkit,823.98,INR,Debit Card,Debit,Groceries,Surat,Gujarat,India
2662,TXN002663,2018-05-13,16:21:01,Jio,Net Banking Payment Jio,861.63,INR,Net Banking,Debit,Bills,Chennai,Tamil Nadu,India
2663,TXN002664,2018-05-13,20:28:48,Indian Oil,Debit Card Indian Oil,2404.29,INR,Debit Card,Debit,Fuel,Jaipur,Rajasthan,India
2664,TXN002665,2018-05-13,20:55:02,Tata Power,Net Banking Payment Tata Power,2025.93,INR,Net Banking,Debit,Bills,Kochi,Kerala,India
2665,TXN002666,2018-05-13,21:14:57,DMart,Debit Card DMart,614.14,INR,Debit Card,Debit,Groceries,Delhi,Delhi,India
2666,TXN002667,2018-05-14,07:13:22,General Store,UPI/General Store,906.27,INR,UPI,Debit,Other,Delhi,Delhi,India
2667,TXN002668,2018-05-14,10:23:55,BigBasket,UPI/DR/849088260/BigBasket,300.0,INR,UPI,Debit,Groceries,Bengaluru,Karnataka,India
2668,TXN002669,2018-05-14,13:12:54,Flipkart,Debit Card Flipkart,2353.34,INR,Debit Card,Debit,Shopping,Indore,Madhya Pradesh,India
2669,TXN002670,2018-05-14,16:55:29,Amazon Prime,Auto Debit Amazon Prime Subscription,149.0,INR,Auto Debit,Debit,Subscription,Kolkata,West Bengal,India
2670,TXN002671,2018-05-14,21:10:11,Flipkart,UPI Payment Flipkart,288.0,INR,UPI,Debit,Shopping,Kochi,Kerala,India
2671,TXN002672,2018-05-15,08:45:16,House Rent Payment,IMPS Rent Payment,46416.94,INR,IMPS,Debit,Rent,Indore,Madhya Pradesh,India
2672,TXN002673,2018-05-15,12:49:55,Ajio,Debit Card Ajio,288.0,INR,Debit Card,Debit,Shopping,Lucknow,Uttar Pradesh,India
2673,TXN002674,2018-05-15,16:17:13,Zepto,Debit Card Zepto,1416.99,INR,Debit Card,Debit,Groceries,Delhi,Delhi,India
2674,TXN002675,2018-05-15,20:10:11,Reliance Fresh,Debit Card Reliance Fresh,300.0,INR,Debit Card,Debit,Groceries,Jaipur,Rajasthan,India
2675,TXN002676,2018-05-16,06:26:56,Starbucks India,POS Purchase Starbucks India,271.92,INR,Credit Card,Debit,Food,Noida,Uttar Pradesh,India
2676,TXN002677,2018-05-16,09:03:09,Swiggy,UPI/Paytm/Swiggy,484.57,INR,UPI,Debit,Food,Mumbai,Maharashtra,India
2677,TXN002678,2018-05-16,21:31:11,BookMyShow,UPI Payment BookMyShow,310.07,INR,UPI,Debit,Entertainment,Pune,Maharashtra,India
2678,TXN002679,2018-05-17,06:09:10,Nature's Basket,Debit Card Nature's Basket,1234.84,INR,Debit Card,Debit,Groceries,Pune,Maharashtra,India
2679,TXN002680,2018-05-17,10:22:25,Meesho,Debit Card Meesho,3897.07,INR,Debit Card,Debit,Shopping,Kochi,Kerala,India
2680,TXN002681,2018-05-17,20:41:11,Credit Card Bill Payment,Auto Debit Credit Card Bill Payment,1937.56,INR,Auto Debit,Debit,Bills,Bengaluru,Karnataka,India
2681,TXN002682,2018-05-18,00:32:26,Zomato,UPI/Paytm/Zomato,853.93,INR,UPI,Debit,Food,Indore,Madhya Pradesh,India
2682,TXN002683,2018-05-18,07:52:48,Chaayos,POS Purchase Chaayos,1351.8,INR,Credit Card,Debit,Food,Bengaluru,Karnataka,India
2683,TXN002684,2018-05-18,12:09:07,DMart,UPI/DR/105400747/DMart,449.75,INR,UPI,Debit,Groceries,Bengaluru,Karnataka,India
2684,TXN002685,2018-05-18,13:49:30,Tata Power,Net Banking Payment Tata Power,187.0,INR,Net Banking,Debit,Bills,Chennai,Tamil Nadu,India
2685,TXN002686,2018-05-18,20:49:27,House Rent Payment,NEFT Rent Payment,41317.41,INR,NEFT,Debit,Rent,Surat,Gujarat,India
2686,TXN002687,2018-05-19,12:08:32,Airtel Digital TV,UPI/Airtel Digital TV,463.29,INR,UPI,Debit,Subscription,Indore,Madhya Pradesh,India
2687,TXN002688,2018-05-19,16:16:44,Flipkart,UPI Payment Flipkart,13480.45,INR,UPI,Debit,Shopping,Chennai,Tamil Nadu,India
2688,TXN002689,2018-05-19,19:18:44,BEST,Net Banking Payment BEST,1336.42,INR,Net Banking,Debit,Bills,Nagpur,Maharashtra,India
2689,TXN002690,2018-05-19,20:15:10,Ola,POS Purchase Ola,1625.65,INR,Credit Card,Debit,Miscellaneous,Indore,Madhya Pradesh,India
2690,TXN002691,2018-05-20,08:00:48,Flipkart,UPI Payment Flipkart,1391.55,INR,UPI,Debit,Shopping,Kochi,Kerala,India
2691,TXN002692,2018-05-20,09:42:32,Nature's Basket,UPI/DR/280089806/Nature's Basket,407.79,INR,UPI,Debit,Groceries,Nagpur,Maharashtra,India
2692,TXN002693,2018-05-20,11:44:12,KFC India,POS Purchase KFC India,289.98,INR,Credit Card,Debit,Food,Chennai,Tamil Nadu,India
2693,TXN002694,2018-05-20,11:58:30,Swiggy,UPI/Paytm/Swiggy,817.46,INR,UPI,Debit,Food,Hyderabad,Telangana,India
2694,TXN002695,2018-05-20,16:36:28,Disney+ Hotstar,Auto Debit Disney+ Hotstar Subscription,354.61,INR,Auto Debit,Debit,Subscription,Surat,Gujarat,India
2695,TXN002696,2018-05-21,03:43:27,Faasos,POS Purchase Faasos,131.42,INR,Credit Card,Debit,Food,Noida,Uttar Pradesh,India
2696,TXN002697,2018-05-21,10:38:51,Credit Card Bill Payment,Auto Debit Credit Card Bill Payment,2107.6,INR,Auto Debit,Debit,Bills,Surat,Gujarat,India
2697,TXN002698,2018-05-21,12:45:33,Kirana Shop,Cash Withdrawal ATM,684.4,INR,Cash Withdrawal,Debit,Other,Kochi,Kerala,India
2698,TXN002699,2018-05-21,12:49:40,HPCL,Cash Withdrawal ATM,3337.03,INR,Cash Withdrawal,Debit,Fuel,Ahmedabad,Gujarat,India
2699,TXN002700,2018-05-21,13:43:45,Flower Shop,UPI/Flower Shop,380.36,INR,UPI,Debit,Other,Pune,Maharashtra,India
2700,TXN002701,2018-05-21,18:14:58,Tailor,UPI/Tailor,1214.62,INR,UPI,Debit,Other,Indore,Madhya Pradesh,India
2701,TXN002702,2018-05-22,03:37:07,BigBasket,UPI/DR/583725630/BigBasket,300.0,INR,UPI,Debit,Groceries,Delhi,Delhi,India
2702,TXN002703,2018-05-22,09:16:47,Meesho,UPI Payment Meesho,288.0,INR,UPI,Debit,Shopping,Mumbai,Maharashtra,India
2703,TXN002704,2018-05-22,10:49:11,Myntra,UPI Payment Myntra,288.0,INR,UPI,Debit,Shopping,Chennai,Tamil Nadu,India
2704,TXN002705,2018-05-22,14:22:51,Zomato,POS Purchase Zomato,137.56,INR,Credit Card,Debit,Food,Noida,Uttar Pradesh,India
2705,TXN002706,2018-05-22,16:31:33,Indian Oil,Debit Card Indian Oil,3097.93,INR,Debit Card,Debit,Fuel,Jaipur,Rajasthan,India
2706,TXN002707,2018-05-22,18:12:26,Misc Vendor,UPI/Misc Vendor,2067.24,INR,UPI,Debit,Other,Pune,Maharashtra,India
2707,TXN002708,2018-05-22,18:20:22,LIC,Auto Debit LIC Insurance Premium,8380.51,INR,Auto Debit,Debit,Insurance,Pune,Maharashtra,India
2708,TXN002709,2018-05-22,19:54:58,Indian Oil,UPI/Indian Oil,3501.41,INR,UPI,Debit,Fuel,Hyderabad,Telangana,India
2709,TXN002710,2018-05-23,08:03:26,Ace Hardware India,POS Purchase Ace Hardware India,1372.08,INR,Credit Card,Debit,Miscellaneous,Nagpur,Maharashtra,India
2710,TXN002711,2018-05-23,10:20:15,Credit Card Bill Payment,Auto Debit Credit Card Bill Payment,5095.65,INR,Auto Debit,Debit,Bills,Nagpur,Maharashtra,India
2711,TXN002712,2018-05-23,11:09:51,Chaayos,UPI/Paytm/Chaayos,800.34,INR,UPI,Debit,Food,Chennai,Tamil Nadu,India
2712,TXN002713,2018-05-23,11:27:35,Municipal Water Department,Net Banking Payment Municipal Water Department,1365.34,INR,Net Banking,Debit,Bills,Bengaluru,Karnataka,India
2713,TXN002714,2018-05-23,14:42:06,Zomato,UPI/Paytm/Zomato,811.42,INR,UPI,Debit,Food,Indore,Madhya Pradesh,India
2714,TXN002715,2018-05-23,15:24:30,House Rent Payment,NEFT Rent Payment,35931.76,INR,NEFT,Debit,Rent,Nagpur,Maharashtra,India
2715,TXN002716,2018-05-23,18:35:14,Credit Card Bill Payment,Auto Debit Credit Card Bill Payment,730.89,INR,Auto Debit,Debit,Bills,Hyderabad,Telangana,India
2716,TXN002717,2018-05-23,19:15:24,Myntra,POS Purchase Myntra,288.0,INR,Credit Card,Debit,Shopping,Delhi,Delhi,India
2717,TXN002718,2018-05-23,21:49:31,House Rent Payment,IMPS Rent Payment,34723.26,INR,IMPS,Debit,Rent,Chennai,Tamil Nadu,India
2718,TXN002719,2018-05-24,09:10:42,Municipal Water Department,Net Banking Payment Municipal Water Department,6907.28,INR,Net Banking,Debit,Bills,Indore,Madhya Pradesh,India
2719,TXN002720,2018-05-24,10:43:21,Nature's Basket,UPI/DR/586909856/Nature's Basket,526.17,INR,UPI,Debit,Groceries,Kolkata,West Bengal,India
2720,TXN002721,2018-05-25,03:53:44,Zepto,UPI/DR/204922732/Zepto,2238.82,INR,UPI,Debit,Groceries,Jaipur,Rajasthan,India
2721,TXN002722,2018-05-25,15:51:15,Local Wine & Beer Shop,Debit Card Local Wine & Beer Shop,931.02,INR,Debit Card,Debit,Food,Surat,Gujarat,India
2722,TXN002723,2018-05-25,19:06:50,BigBasket,UPI/DR/675132064/BigBasket,658.14,INR,UPI,Debit,Groceries,Nagpur,Maharashtra,India
2723,TXN002724,2018-05-25,19:52:48,Swiggy,UPI/Paytm/Swiggy,535.56,INR,UPI,Debit,Food,Kochi,Kerala,India
2724,TXN002725,2018-05-26,17:34:25,Faasos,UPI/Paytm/Faasos,2304.44,INR,UPI,Debit,Food,Surat,Gujarat,India
2725,TXN002726,2018-05-27,11:51:21,Starbucks India,POS Purchase Starbucks India,1050.82,INR,Credit Card,Debit,Food,Indore,Madhya Pradesh,India
2726,TXN002727,2018-05-27,17:33:26,BigBasket,UPI/DR/837733572/BigBasket,675.16,INR,UPI,Debit,Groceries,Noida,Uttar Pradesh,India
2727,TXN002728,2018-05-28,08:18:11,Fruit Vendor,UPI/Fruit Vendor,167.54,INR,UPI,Debit,Other,Kochi,Kerala,India
2728,TXN002729,2018-05-28,11:40:04,Employer Salary Credit,NEFT Salary Credit,45843.78,INR,NEFT,Credit,Salary,Ahmedabad,Gujarat,India
2729,TXN002730,2018-05-28,13:35:05,HDFC Ergo,Net Banking Payment HDFC Ergo Insurance Premium,7998.52,INR,Net Banking,Debit,Insurance,Surat,Gujarat,India
2730,TXN002731,2018-05-28,14:44:56,Third Wave Coffee,UPI/Paytm/Third Wave Coffee,278.8,INR,UPI,Debit,Food,Jaipur,Rajasthan,India
2731,TXN002732,2018-05-28,15:38:08,House Rent Payment,NEFT Rent Payment,36701.32,INR,NEFT,Debit,Rent,Ahmedabad,Gujarat,India
2732,TXN002733,2018-05-28,18:18:03,Netflix,Auto Debit Netflix Subscription,202.56,INR,Auto Debit,Debit,Subscription,Lucknow,Uttar Pradesh,India
2733,TXN002734,2018-05-29,06:34:08,Airtel,Auto Debit Airtel,940.37,INR,Auto Debit,Debit,Bills,Ahmedabad,Gujarat,India
2734,TXN002735,2018-05-29,13:45:20,Credit Card Bill Payment,Auto Debit Credit Card Bill Payment,858.03,INR,Auto Debit,Debit,Bills,Surat,Gujarat,India
2735,TXN002736,2018-05-30,07:28:54,Cafe Coffee Day,UPI/Paytm/Cafe Coffee Day,1130.63,INR,UPI,Debit,Food,Lucknow,Uttar Pradesh,India
2736,TXN002737,2018-05-30,07:58:11,Credit Card Bill Payment,Auto Debit Credit Card Bill Payment,1420.08,INR,Auto Debit,Debit,Bills,Ahmedabad,Gujarat,India
2737,TXN002738,2018-05-30,09:21:50,Airtel,UPI/Airtel,2746.01,INR,UPI,Debit,Bills,Kolkata,West Bengal,India
2738,TXN002739,2018-05-30,12:36:12,Domino's India,POS Purchase Domino's India,116.0,INR,Credit Card,Debit,Food,Jaipur,Rajasthan,India
2739,TXN002740,2018-05-30,15:02:53,BEST,Net Banking Payment BEST,1100.32,INR,Net Banking,Debit,Bills,Ahmedabad,Gujarat,India
2740,TXN002741,2018-05-30,15:39:15,Blinkit,Debit Card Blinkit,2629.42,INR,Debit Card,Debit,Groceries,Bengaluru,Karnataka,India
2741,TXN002742,2018-05-30,17:41:29,Jio,Net Banking Payment Jio,250.6,INR,Net Banking,Debit,Bills,Pune,Maharashtra,India
2742,TXN002743,2018-05-30,18:08:27,HPCL,UPI/HPCL,3439.84,INR,UPI,Debit,Fuel,Kolkata,West Bengal,India
2743,TXN002744,2018-05-30,18:49:05,Airtel,Auto Debit Airtel,2107.08,INR,Auto Debit,Debit,Bills,Hyderabad,Telangana,India
2744,TXN002745,2018-05-31,00:22:37,Bharat Gas,Auto Debit Bharat Gas,187.0,INR,Auto Debit,Debit,Bills,Nagpur,Maharashtra,India
2745,TXN002746,2018-05-31,07:31:41,Local Wine & Beer Shop,UPI/Paytm/Local Wine & Beer Shop,116.0,INR,UPI,Debit,Food,Lucknow,Uttar Pradesh,India
2746,TXN002747,2018-05-31,09:39:40,DMart,Debit Card DMart,1261.11,INR,Debit Card,Debit,Groceries,Nagpur,Maharashtra,India
2747,TXN002748,2018-05-31,12:07:01,BEST,Auto Debit BEST,1570.57,INR,Auto Debit,Debit,Bills,Mumbai,Maharashtra,India
2748,TXN002749,2018-05-31,14:30:24,Nature's Basket,UPI/DR/140507249/Nature's Basket,629.93,INR,UPI,Debit,Groceries,Bengaluru,Karnataka,India
2749,TXN002750,2018-05-31,15:39:35,Naturals Salon,Debit Card Naturals Salon,3768.86,INR,Debit Card,Debit,Miscellaneous,Noida,Uttar Pradesh,India
2750,TXN002751,2018-05-31,16:04:09,Credit Card Bill Payment,Auto Debit Credit Card Bill Payment,187.0,INR,Auto Debit,Debit,Bills,Delhi,Delhi,India
2751,TXN002752,2018-05-31,16:54:32,Domino's India,UPI/Paytm/Domino's India,564.62,INR,UPI,Debit,Food,Kolkata,West Bengal,India
2752,TXN002753,2018-06-01,12:02:15,HPCL,Debit Card HPCL,4489.62,INR,Debit Card,Debit,Fuel,Kolkata,West Bengal,India
2753,TXN002754,2018-06-01,17:25:59,ICICI Lombard,Auto Debit ICICI Lombard Insurance Premium,8953.06,INR,Auto Debit,Debit,Insurance,Chennai,Tamil Nadu,India
2754,TXN002755,2018-06-02,08:23:53,BEST,UPI/BEST,2867.93,INR,UPI,Debit,Bills,Nagpur,Maharashtra,India
2755,TXN002756,2018-06-02,13:19:50,Credit Card Bill Payment,Net Banking Payment Credit Card Bill Payment,6875.5,INR,Net Banking,Debit,Bills,Chennai,Tamil Nadu,India
2756,TXN002757,2018-06-02,14:36:55,KFC India,Debit Card KFC India,130.03,INR,Debit Card,Debit,Food,Surat,Gujarat,India
2757,TXN002758,2018-06-02,20:14:52,Credit Card Bill Payment,Auto Debit Credit Card Bill Payment,3370.65,INR,Auto Debit,Debit,Bills,Bengaluru,Karnataka,India
2758,TXN002759,2018-06-03,04:34:46,EatClub,POS Purchase EatClub,1019.6,INR,Credit Card,Debit,Food,Kochi,Kerala,India
2759,TXN002760,2018-06-03,07:24:06,HP Gas,Net Banking Payment HP Gas,3987.61,INR,Net Banking,Debit,Bills,Lucknow,Uttar Pradesh,India
2760,TXN002761,2018-06-03,10:01:04,Cafe Coffee Day,UPI/Paytm/Cafe Coffee Day,742.29,INR,UPI,Debit,Food,Surat,Gujarat,India
2761,TXN002762,2018-06-03,11:37:00,Netflix,UPI/Netflix,245.93,INR,UPI,Debit,Subscription,Jaipur,Rajasthan,India
2762,TXN002763,2018-06-04,10:00:03,McDonald's India,Debit Card McDonald's India,455.27,INR,Debit Card,Debit,Food,Kochi,Kerala,India
2763,TXN002764,2018-06-04,13:42:22,Blinkit,Debit Card Blinkit,962.59,INR,Debit Card,Debit,Groceries,Chennai,Tamil Nadu,India
2764,TXN002765,2018-06-04,15:56:06,Jio,Auto Debit Jio,838.21,INR,Auto Debit,Debit,Bills,Mumbai,Maharashtra,India
2765,TXN002766,2018-06-04,15:56:16,Credit Card Bill Payment,Auto Debit Credit Card Bill Payment,1154.94,INR,Auto Debit,Debit,Bills,Pune,Maharashtra,India
2766,TXN002767,2018-06-04,20:13:34,Home Depot India,UPI/Home Depot India,1439.87,INR,UPI,Debit,Miscellaneous,Lucknow,Uttar Pradesh,India
2767,TXN002768,2018-06-05,07:19:43,Reliance Fresh,Debit Card Reliance Fresh,642.17,INR,Debit Card,Debit,Groceries,Kolkata,West Bengal,India
2768,TXN002769,2018-06-05,08:33:23,Airtel,Net Banking Payment Airtel,1188.37,INR,Net Banking,Debit,Bills,Ahmedabad,Gujarat,India
2769,TXN002770,2018-06-05,09:03:43,HPCL,UPI/HPCL,4577.46,INR,UPI,Debit,Fuel,Mumbai,Maharashtra,India
2770,TXN002771,2018-06-05,10:27:08,HP Gas,Net Banking Payment HP Gas,187.0,INR,Net Banking,Debit,Bills,Bengaluru,Karnataka,India
2771,TXN002772,2018-06-05,11:28:18,Indian Oil,UPI/Indian Oil,3918.36,INR,UPI,Debit,Fuel,Kochi,Kerala,India
2772,TXN002773,2018-06-05,13:41:43,Burger King,UPI/Paytm/Burger King,116.0,INR,UPI,Debit,Food,Pune,Maharashtra,India
2773,TXN002774,2018-06-05,15:53:03,Blinkit,Debit Card Blinkit,301.11,INR,Debit Card,Debit,Groceries,Mumbai,Maharashtra,India
2774,TXN002775,2018-06-05,16:43:57,Bakery,UPI/Bakery,150.62,INR,UPI,Debit,Other,Nagpur,Maharashtra,India
2775,TXN002776,2018-06-05,18:40:29,Rapido,Debit Card Rapido,881.0,INR,Debit Card,Debit,Miscellaneous,Kolkata,West Bengal,India
2776,TXN002777,2018-06-06,06:01:56,BookMyShow,Debit Card BookMyShow,437.94,INR,Debit Card,Debit,Entertainment,Chennai,Tamil Nadu,India
2777,TXN002778,2018-06-06,12:11:53,Bajaj Allianz,Auto Debit Bajaj Allianz Insurance Premium,8075.36,INR,Auto Debit,Debit,Insurance,Mumbai,Maharashtra,India
2778,TXN002779,2018-06-06,13:34:22,HPCL,UPI/HPCL,2777.16,INR,UPI,Debit,Fuel,Lucknow,Uttar Pradesh,India
2779,TXN002780,2018-06-06,13:45:47,Flipkart,POS Purchase Flipkart,288.0,INR,Credit Card,Debit,Shopping,Hyderabad,Telangana,India
2780,TXN002781,2018-06-06,13:48:06,Tea Stall,UPI/Tea Stall,147.88,INR,UPI,Debit,Other,Jaipur,Rajasthan,India
2781,TXN002782,2018-06-06,15:34:38,Indian Oil,Debit Card Indian Oil,3195.47,INR,Debit Card,Debit,Fuel,Chennai,Tamil Nadu,India
2782,TXN002783,2018-06-06,18:23:10,EatClub,UPI/Paytm/EatClub,383.91,INR,UPI,Debit,Food,Nagpur,Maharashtra,India
2783,TXN002784,2018-06-07,08:08:50,Credit Card Bill Payment,Net Banking Payment Credit Card Bill Payment,12214.53,INR,Net Banking,Debit,Bills,Noida,Uttar Pradesh,India
2784,TXN002785,2018-06-07,12:25:58,Cafe Coffee Day,Debit Card Cafe Coffee Day,759.47,INR,Debit Card,Debit,Food,Surat,Gujarat,India
2785,TXN002786,2018-06-07,13:33:15,Zomato,UPI/Paytm/Zomato,116.0,INR,UPI,Debit,Food,Ahmedabad,Gujarat,India
2786,TXN002787,2018-06-07,14:03:17,Faasos,UPI/Paytm/Faasos,353.87,INR,UPI,Debit,Food,Ahmedabad,Gujarat,India
2787,TXN002788,2018-06-07,19:22:51,Municipal Water Department,UPI/Municipal Water Department,1106.87,INR,UPI,Debit,Bills,Nagpur,Maharashtra,India
2788,TXN002789,2018-06-08,10:44:38,Zomato,POS Purchase Zomato,116.0,INR,Credit Card,Debit,Food,Mumbai,Maharashtra,India
2789,TXN002790,2018-06-08,10:54:06,Credit Card Bill Payment,Net Banking Payment Credit Card Bill Payment,785.88,INR,Net Banking,Debit,Bills,Lucknow,Uttar Pradesh,India
2790,TXN002791,2018-06-08,14:41:04,Jio Fiber,Auto Debit Jio Fiber,1315.09,INR,Auto Debit,Debit,Bills,Hyderabad,Telangana,India
2791,TXN002792,2018-06-08,14:53:12,Tea Stall,UPI/Tea Stall,69.16,INR,UPI,Debit,Other,Delhi,Delhi,India
2792,TXN002793,2018-06-08,20:57:54,Cafe Coffee Day,UPI/Paytm/Cafe Coffee Day,1398.82,INR,UPI,Debit,Food,Noida,Uttar Pradesh,India
2793,TXN002794,2018-06-08,21:12:39,Starbucks India,Debit Card Starbucks India,145.02,INR,Debit Card,Debit,Food,Noida,Uttar Pradesh,India
2794,TXN002795,2018-06-08,23:55:16,Ajio,POS Purchase Ajio,4036.78,INR,Credit Card,Debit,Shopping,Surat,Gujarat,India
2795,TXN002796,2018-06-09,06:37:34,Zepto,UPI/DR/286669820/Zepto,779.4,INR,UPI,Debit,Groceries,Jaipur,Rajasthan,India
2796,TXN002797,2018-06-09,08:44:39,Employer Salary Credit,NEFT Salary Credit,41362.59,INR,NEFT,Credit,Salary,Noida,Uttar Pradesh,India
2797,TXN002798,2018-06-09,09:00:36,BSNL,Auto Debit BSNL,3090.63,INR,Auto Debit,Debit,Bills,Kochi,Kerala,India
2798,TXN002799,2018-06-09,11:18:47,Misc Vendor,Debit Card Misc Vendor,69.39,INR,Debit Card,Debit,Other,Chennai,Tamil Nadu,India
2799,TXN002800,2018-06-09,13:34:46,DMart,UPI/DR/126527569/DMart,397.61,INR,UPI,Debit,Groceries,Nagpur,Maharashtra,India
2800,TXN002801,2018-06-09,14:20:44,Naturals Salon,Debit Card Naturals Salon,60.34,INR,Debit Card,Debit,Miscellaneous,Hyderabad,Telangana,India
2801,TXN002802,2018-06-10,08:06:37,Jio,UPI/Jio,187.0,INR,UPI,Debit,Bills,Bengaluru,Karnataka,India
2802,TXN002803,2018-06-10,12:45:13,Municipal Water Department,Net Banking Payment Municipal Water Department,1290.54,INR,Net Banking,Debit,Bills,Mumbai,Maharashtra,India
2803,TXN002804,2018-06-11,06:59:36,Jio,Auto Debit Jio,8783.69,INR,Auto Debit,Debit,Bills,Mumbai,Maharashtra,India
2804,TXN002805,2018-06-11,12:17:17,House Rent Payment,NEFT Rent Payment,43127.43,INR,NEFT,Debit,Rent,Delhi,Delhi,India
2805,TXN002806,2018-06-11,12:42:06,Tata Power,Net Banking Payment Tata Power,536.09,INR,Net Banking,Debit,Bills,Kochi,Kerala,India
2806,TXN002807,2018-06-11,15:35:06,Amazon Prime,Auto Debit Amazon Prime Subscription,468.43,INR,Auto Debit,Debit,Subscription,Kochi,Kerala,India
2807,TXN002808,2018-06-11,18:59:45,Credit Card Bill Payment,Net Banking Payment Credit Card Bill Payment,12749.75,INR,Net Banking,Debit,Bills,Surat,Gujarat,India
2808,TXN002809,2018-06-12,05:23:58,Tata Power,Net Banking Payment Tata Power,6331.71,INR,Net Banking,Debit,Bills,Nagpur,Maharashtra,India
2809,TXN002810,2018-06-12,10:36:12,Credit Card Bill Payment,Auto Debit Credit Card Bill Payment,587.17,INR,Auto Debit,Debit,Bills,Mumbai,Maharashtra,India
2810,TXN002811,2018-06-12,12:55:45,Cafe Coffee Day,Debit Card Cafe Coffee Day,740.56,INR,Debit Card,Debit,Food,Jaipur,Rajasthan,India
2811,TXN002812,2018-06-12,16:46:08,Nykaa,UPI Payment Nykaa,288.0,INR,UPI,Debit,Shopping,Nagpur,Maharashtra,India
2812,TXN002813,2018-06-12,16:55:06,Indian Oil,Debit Card Indian Oil,2791.73,INR,Debit Card,Debit,Fuel,Bengaluru,Karnataka,India
2813,TXN002814,2018-06-13,01:41:36,HPCL,Debit Card HPCL,3259.65,INR,Debit Card,Debit,Fuel,Surat,Gujarat,India
2814,TXN002815,2018-06-13,02:32:27,BPCL,UPI/BPCL,3061.18,INR,UPI,Debit,Fuel,Delhi,Delhi,India
2815,TXN002816,2018-06-13,06:16:52,Social,Debit Card Social,555.29,INR,Debit Card,Debit,Food,Bengaluru,Karnataka,India
2816,TXN002817,2018-06-13,08:38:29,BEST,Auto Debit BEST,1575.23,INR,Auto Debit,Debit,Bills,Noida,Uttar Pradesh,India
2817,TXN002818,2018-06-13,10:29:34,Faasos,POS Purchase Faasos,116.0,INR,Credit Card,Debit,Food,Hyderabad,Telangana,India
2818,TXN002819,2018-06-13,12:29:36,Chaayos,Debit Card Chaayos,641.34,INR,Debit Card,Debit,Food,Surat,Gujarat,India
2819,TXN002820,2018-06-13,12:46:11,HPCL,UPI/HPCL,2391.37,INR,UPI,Debit,Fuel,Kolkata,West Bengal,India
2820,TXN002821,2018-06-13,17:52:45,Spotify,Auto Debit Spotify Subscription,627.48,INR,Auto Debit,Debit,Subscription,Delhi,Delhi,India
2821,TXN002822,2018-06-14,07:43:31,Third Wave Coffee,UPI/Paytm/Third Wave Coffee,825.39,INR,UPI,Debit,Food,Pune,Maharashtra,India
2822,TXN002823,2018-06-14,13:32:49,BSNL,Auto Debit BSNL,490.4,INR,Auto Debit,Debit,Bills,Jaipur,Rajasthan,India
2823,TXN002824,2018-06-15,04:20:04,Swiggy,Debit Card Swiggy,1111.53,INR,Debit Card,Debit,Food,Nagpur,Maharashtra,India
2824,TXN002825,2018-06-15,10:07:06,BigBasket,UPI/DR/807499502/BigBasket,736.06,INR,UPI,Debit,Groceries,Delhi,Delhi,India
2825,TXN002826,2018-06-15,11:57:37,Nykaa,POS Purchase Nykaa,288.0,INR,Credit Card,Debit,Shopping,Kochi,Kerala,India
2826,TXN002827,2018-06-15,12:17:12,KFC India,UPI/Paytm/KFC India,497.59,INR,UPI,Debit,Food,Delhi,Delhi,India
2827,TXN002828,2018-06-15,12:50:52,Lakme Salon,POS Purchase Lakme Salon,1086.31,INR,Credit Card,Debit,Miscellaneous,Ahmedabad,Gujarat,India
2828,TXN002829,2018-06-15,13:25:00,Indian Oil,UPI/Indian Oil,2941.09,INR,UPI,Debit,Fuel,Mumbai,Maharashtra,India
2829,TXN002830,2018-06-15,13:25:37,Tata Play,Auto Debit Tata Play Subscription,328.21,INR,Auto Debit,Debit,Subscription,Ahmedabad,Gujarat,India
2830,TXN002831,2018-06-15,19:06:51,Credit Card Bill Payment,Net Banking Payment Credit Card Bill Payment,376.19,INR,Net Banking,Debit,Bills,Kolkata,West Bengal,India
2831,TXN002832,2018-06-15,21:39:02,Employer Salary Credit,NEFT Salary Credit,55535.43,INR,NEFT,Credit,Salary,Lucknow,Uttar Pradesh,India
2832,TXN002833,2018-06-15,23:21:10,Airtel,Auto Debit Airtel,1029.24,INR,Auto Debit,Debit,Bills,Lucknow,Uttar Pradesh,India
2833,TXN002834,2018-06-16,06:14:12,Airtel,Net Banking Payment Airtel,1956.61,INR,Net Banking,Debit,Bills,Kochi,Kerala,India
2834,TXN002835,2018-06-16,07:30:08,HPCL,Debit Card HPCL,2652.67,INR,Debit Card,Debit,Fuel,Pune,Maharashtra,India
2835,TXN002836,2018-06-16,08:42:27,Spotify,Auto Debit Spotify Subscription,754.89,INR,Auto Debit,Debit,Subscription,Pune,Maharashtra,India
2836,TXN002837,2018-06-16,11:39:26,Credit Card Bill Payment,Auto Debit Credit Card Bill Payment,1058.94,INR,Auto Debit,Debit,Bills,Nagpur,Maharashtra,India
2837,TXN002838,2018-06-16,13:35:47,Misc Vendor,UPI/Misc Vendor,1752.62,INR,UPI,Debit,Other,Chennai,Tamil Nadu,India
2838,TXN002839,2018-06-16,13:38:28,Municipal Water Department,Auto Debit Municipal Water Department,1404.76,INR,Auto Debit,Debit,Bills,Ahmedabad,Gujarat,India
2839,TXN002840,2018-06-16,16:48:07,Bakery,Debit Card Bakery,339.67,INR,Debit Card,Debit,Other,Jaipur,Rajasthan,India
2840,TXN002841,2018-06-16,20:10:05,Starbucks India,UPI/Paytm/Starbucks India,116.0,INR,UPI,Debit,Food,Jaipur,Rajasthan,India
2841,TXN002842,2018-06-16,20:36:50,Cafe Coffee Day,UPI/Paytm/Cafe Coffee Day,684.17,INR,UPI,Debit,Food,Surat,Gujarat,India
2842,TXN002843,2018-06-17,11:33:39,Municipal Water Department,Net Banking Payment Municipal Water Department,9894.69,INR,Net Banking,Debit,Bills,Pune,Maharashtra,India
2843,TXN002844,2018-06-17,18:46:36,Misc Vendor,UPI/Misc Vendor,1768.51,INR,UPI,Debit,Other,Bengaluru,Karnataka,India
2844,TXN002845,2018-06-17,21:58:43,Employer Salary Credit,NEFT Salary Credit,41585.43,INR,NEFT,Credit,Salary,Lucknow,Uttar Pradesh,India
2845,TXN002846,2018-06-17,22:12:36,Third Wave Coffee,UPI/Paytm/Third Wave Coffee,187.09,INR,UPI,Debit,Food,Noida,Uttar Pradesh,India
2846,TXN002847,2018-06-18,08:34:16,Credit Card Bill Payment,Auto Debit Credit Card Bill Payment,4119.21,INR,Auto Debit,Debit,Bills,Mumbai,Maharashtra,India
2847,TXN002848,2018-06-18,18:38:20,Municipal Water Department,Auto Debit Municipal Water Department,1233.33,INR,Auto Debit,Debit,Bills,Delhi,Delhi,India
2848,TXN002849,2018-06-19,06:38:05,Bharat Gas,UPI/Bharat Gas,3393.14,INR,UPI,Debit,Bills,Kolkata,West Bengal,India
2849,TXN002850,2018-06-19,10:25:36,HPCL,UPI/HPCL,3117.55,INR,UPI,Debit,Fuel,Kolkata,West Bengal,India
2850,TXN002851,2018-06-19,11:24:14,Airtel,Auto Debit Airtel,5941.61,INR,Auto Debit,Debit,Bills,Kochi,Kerala,India
2851,TXN002852,2018-06-19,12:16:58,Third Wave Coffee,POS Purchase Third Wave Coffee,817.22,INR,Credit Card,Debit,Food,Kochi,Kerala,India
2852,TXN002853,2018-06-19,17:03:09,Misc Vendor,UPI/Misc Vendor,2411.64,INR,UPI,Debit,Other,Lucknow,Uttar Pradesh,India
2853,TXN002854,2018-06-19,22:44:01,Credit Card Bill Payment,UPI/Credit Card Bill Payment,4408.55,INR,UPI,Debit,Bills,Kochi,Kerala,India
2854,TXN002855,2018-06-20,00:30:37,Barbeque Nation,UPI/Paytm/Barbeque Nation,147.38,INR,UPI,Debit,Food,Ahmedabad,Gujarat,India
2855,TXN002856,2018-06-20,08:39:17,BPCL,Cash Withdrawal ATM,2407.53,INR,Cash Withdrawal,Debit,Fuel,Jaipur,Rajasthan,India
2856,TXN002857,2018-06-20,11:14:01,Burger King,UPI/Paytm/Burger King,1932.25,INR,UPI,Debit,Food,Kolkata,West Bengal,India
2857,TXN002858,2018-06-20,11:41:06,House Rent Payment,NEFT Rent Payment,37016.08,INR,NEFT,Debit,Rent,Kolkata,West Bengal,India
2858,TXN002859,2018-06-20,13:57:10,Employer Salary Credit,NEFT Salary Credit,42818.28,INR,NEFT,Credit,Salary,Jaipur,Rajasthan,India
2859,TXN002860,2018-06-20,15:42:51,Flower Shop,Cash Withdrawal ATM,388.21,INR,Cash Withdrawal,Debit,Other,Jaipur,Rajasthan,India
2860,TXN002861,2018-06-20,21:03:06,Ace Hardware India,Debit Card Ace Hardware India,74.56,INR,Debit Card,Debit,Miscellaneous,Jaipur,Rajasthan,India
2861,TXN002862,2018-06-21,11:35:24,Reliance Fresh,Debit Card Reliance Fresh,677.86,INR,Debit Card,Debit,Groceries,Surat,Gujarat,India
2862,TXN002863,2018-06-21,12:05:12,BigBasket,POS Purchase BigBasket,604.98,INR,Credit Card,Debit,Groceries,Chennai,Tamil Nadu,India
2863,TXN002864,2018-06-21,13:26:24,KFC India,UPI/Paytm/KFC India,536.55,INR,UPI,Debit,Food,Chennai,Tamil Nadu,India
2864,TXN002865,2018-06-21,14:27:10,KFC India,UPI/Paytm/KFC India,116.0,INR,UPI,Debit,Food,Jaipur,Rajasthan,India
2865,TXN002866,2018-06-22,06:55:21,Zepto,UPI/DR/661677752/Zepto,300.0,INR,UPI,Debit,Groceries,Noida,Uttar Pradesh,India
2866,TXN002867,2018-06-22,11:57:34,Third Wave Coffee,Debit Card Third Wave Coffee,116.0,INR,Debit Card,Debit,Food,Lucknow,Uttar Pradesh,India
2867,TXN002868,2018-06-22,16:27:56,Indian Oil,UPI/Indian Oil,2820.14,INR,UPI,Debit,Fuel,Indore,Madhya Pradesh,India
2868,TXN002869,2018-06-22,16:31:55,Credit Card Bill Payment,Auto Debit Credit Card Bill Payment,5459.32,INR,Auto Debit,Debit,Bills,Pune,Maharashtra,India
2869,TXN002870,2018-06-23,10:36:52,HPCL,UPI/HPCL,2275.23,INR,UPI,Debit,Fuel,Kolkata,West Bengal,India
2870,TXN002871,2018-06-23,11:21:06,Reliance Fresh,Debit Card Reliance Fresh,1823.21,INR,Debit Card,Debit,Groceries,Delhi,Delhi,India
2871,TXN002872,2018-06-23,11:39:37,Zepto,Debit Card Zepto,1561.95,INR,Debit Card,Debit,Groceries,Noida,Uttar Pradesh,India
2872,TXN002873,2018-06-23,12:49:39,Airtel,Net Banking Payment Airtel,1357.61,INR,Net Banking,Debit,Bills,Delhi,Delhi,India
2873,TXN002874,2018-06-23,14:28:46,Ajio,POS Purchase Ajio,12498.14,INR,Credit Card,Debit,Shopping,Bengaluru,Karnataka,India
2874,TXN002875,2018-06-23,16:22:54,Starbucks India,UPI/Paytm/Starbucks India,956.71,INR,UPI,Debit,Food,Indore,Madhya Pradesh,India
2875,TXN002876,2018-06-23,18:57:42,ICICI Lombard,Auto Debit ICICI Lombard Insurance Premium,8081.03,INR,Auto Debit,Debit,Insurance,Delhi,Delhi,India
2876,TXN002877,2018-06-23,19:30:40,Credit Card Bill Payment,Auto Debit Credit Card Bill Payment,981.71,INR,Auto Debit,Debit,Bills,Pune,Maharashtra,India
2877,TXN002878,2018-06-24,02:20:20,McDonald's India,POS Purchase McDonald's India,404.31,INR,Credit Card,Debit,Food,Chennai,Tamil Nadu,India
2878,TXN002879,2018-06-24,02:35:18,Unknown Merchant,UPI/Unknown Merchant,1008.58,INR,UPI,Debit,Other,Bengaluru,Karnataka,India
2879,TXN002880,2018-06-24,10:54:59,Credit Card Bill Payment,Auto Debit Credit Card Bill Payment,4206.6,INR,Auto Debit,Debit,Bills,Bengaluru,Karnataka,India
2880,TXN002881,2018-06-24,12:24:59,Flipkart,UPI Payment Flipkart,288.0,INR,UPI,Debit,Shopping,Ahmedabad,Gujarat,India
2881,TXN002882,2018-06-24,13:15:46,House Rent Payment,IMPS Rent Payment,46267.12,INR,IMPS,Debit,Rent,Hyderabad,Telangana,India
2882,TXN002883,2018-06-25,08:18:49,Credit Card Bill Payment,UPI/Credit Card Bill Payment,529.13,INR,UPI,Debit,Bills,Ahmedabad,Gujarat,India
2883,TXN002884,2018-06-25,08:52:18,IRCTC,UPI/IRCTC,503.25,INR,UPI,Debit,Miscellaneous,Chennai,Tamil Nadu,India
2884,TXN002885,2018-06-25,09:27:41,Nature's Basket,UPI/DR/177438788/Nature's Basket,613.49,INR,UPI,Debit,Groceries,Kochi,Kerala,India
2885,TXN002886,2018-06-25,11:12:11,EatClub,Debit Card EatClub,547.34,INR,Debit Card,Debit,Food,Jaipur,Rajasthan,India
2886,TXN002887,2018-06-25,12:36:16,Adani Electricity,Auto Debit Adani Electricity,2768.35,INR,Auto Debit,Debit,Bills,Hyderabad,Telangana,India
2887,TXN002888,2018-06-25,13:42:51,Netflix,Auto Debit Netflix Subscription,149.0,INR,Auto Debit,Debit,Subscription,Noida,Uttar Pradesh,India
2888,TXN002889,2018-06-26,00:36:13,Jio,Auto Debit Jio,920.0,INR,Auto Debit,Debit,Bills,Indore,Madhya Pradesh,India
2889,TXN002890,2018-06-26,11:39:29,Bharat Gas,Auto Debit Bharat Gas,1895.07,INR,Auto Debit,Debit,Bills,Indore,Madhya Pradesh,India
2890,TXN002891,2018-06-26,12:28:31,Zomato,Debit Card Zomato,427.85,INR,Debit Card,Debit,Food,Surat,Gujarat,India
2891,TXN002892,2018-06-26,19:58:45,Zomato,UPI/Paytm/Zomato,501.28,INR,UPI,Debit,Food,Mumbai,Maharashtra,India
2892,TXN002893,2018-06-26,22:53:47,BookMyShow,UPI Payment BookMyShow,223.08,INR,UPI,Debit,Entertainment,Hyderabad,Telangana,India
2893,TXN002894,2018-06-27,02:17:14,Flipkart,POS Purchase Flipkart,288.0,INR,Credit Card,Debit,Shopping,Jaipur,Rajasthan,India
2894,TXN002895,2018-06-27,09:46:20,Indian Oil,Debit Card Indian Oil,2784.52,INR,Debit Card,Debit,Fuel,Jaipur,Rajasthan,India
2895,TXN002896,2018-06-27,10:08:42,Airtel,Net Banking Payment Airtel,491.67,INR,Net Banking,Debit,Bills,Mumbai,Maharashtra,India
2896,TXN002897,2018-06-27,12:48:35,Indane Gas,Auto Debit Indane Gas,1103.56,INR,Auto Debit,Debit,Bills,Surat,Gujarat,India
2897,TXN002898,2018-06-27,15:01:03,Nature's Basket,UPI/DR/224328383/Nature's Basket,921.02,INR,UPI,Debit,Groceries,Mumbai,Maharashtra,India
2898,TXN002899,2018-06-27,18:11:24,McDonald's India,UPI/Paytm/McDonald's India,799.79,INR,UPI,Debit,Food,Nagpur,Maharashtra,India
2899,TXN002900,2018-06-27,21:33:43,Ola,Cash Withdrawal ATM,1126.18,INR,Cash Withdrawal,Debit,Miscellaneous,Pune,Maharashtra,India
2900,TXN002901,2018-06-27,21:48:59,Local Services,UPI/Local Services,2468.49,INR,UPI,Debit,Other,Nagpur,Maharashtra,India
2901,TXN002902,2018-06-28,08:04:12,Chaayos,UPI/Paytm/Chaayos,116.0,INR,UPI,Debit,Food,Delhi,Delhi,India
2902,TXN002903,2018-06-28,23:28:35,Burger King,UPI/Paytm/Burger King,198.81,INR,UPI,Debit,Food,Mumbai,Maharashtra,India
2903,TXN002904,2018-06-29,08:02:00,BigBasket,Debit Card BigBasket,605.32,INR,Debit Card,Debit,Groceries,Kochi,Kerala,India
2904,TXN002905,2018-06-29,09:09:34,Credit Card Bill Payment,Auto Debit Credit Card Bill Payment,1910.61,INR,Auto Debit,Debit,Bills,Bengaluru,Karnataka,India
2905,TXN002906,2018-06-29,09:41:28,McDonald's India,UPI/Paytm/McDonald's India,460.43,INR,UPI,Debit,Food,Delhi,Delhi,India
2906,TXN002907,2018-06-29,12:30:45,KFC India,UPI/Paytm/KFC India,230.27,INR,UPI,Debit,Food,Bengaluru,Karnataka,India
2907,TXN002908,2018-06-29,12:40:04,Blinkit,Debit Card Blinkit,782.05,INR,Debit Card,Debit,Groceries,Mumbai,Maharashtra,India
2908,TXN002909,2018-06-29,14:21:41,DMart,UPI/DR/338642889/DMart,516.94,INR,UPI,Debit,Groceries,Indore,Madhya Pradesh,India
2909,TXN002910,2018-06-29,15:34:05,Credit Card Bill Payment,Net Banking Payment Credit Card Bill Payment,2553.24,INR,Net Banking,Debit,Bills,Jaipur,Rajasthan,India
2910,TXN002911,2018-06-29,15:43:08,Reliance Fresh,POS Purchase Reliance Fresh,724.47,INR,Credit Card,Debit,Groceries,Lucknow,Uttar Pradesh,India
2911,TXN002912,2018-06-29,16:35:03,Spotify,Auto Debit Spotify Subscription,149.0,INR,Auto Debit,Debit,Subscription,Bengaluru,Karnataka,India
2912,TXN002913,2018-06-29,17:28:15,Indane Gas,Auto Debit Indane Gas,2533.4,INR,Auto Debit,Debit,Bills,Delhi,Delhi,India
2913,TXN002914,2018-06-29,20:04:56,Jio,Auto Debit Jio,1349.59,INR,Auto Debit,Debit,Bills,Surat,Gujarat,India
2914,TXN002915,2018-06-29,22:25:47,BEST,Net Banking Payment BEST,814.83,INR,Net Banking,Debit,Bills,Chennai,Tamil Nadu,India
2915,TXN002916,2018-06-29,22:56:30,Bharat Gas,Auto Debit Bharat Gas,599.75,INR,Auto Debit,Debit,Bills,Chennai,Tamil Nadu,India
2916,TXN002917,2018-06-30,09:15:55,Jio Fiber,Net Banking Payment Jio Fiber,6735.91,INR,Net Banking,Debit,Bills,Pune,Maharashtra,India
2917,TXN002918,2018-06-30,12:14:52,BEST,Auto Debit BEST,453.36,INR,Auto Debit,Debit,Bills,Chennai,Tamil Nadu,India
2918,TXN002919,2018-06-30,12:50:45,Ola,Debit Card Ola,353.46,INR,Debit Card,Debit,Miscellaneous,Nagpur,Maharashtra,India
2919,TXN002920,2018-06-30,14:27:18,Bakery,Debit Card Bakery,200.0,INR,Debit Card,Debit,Other,Kolkata,West Bengal,India
2920,TXN002921,2018-06-30,14:51:34,Airtel,Auto Debit Airtel,2358.51,INR,Auto Debit,Debit,Bills,Hyderabad,Telangana,India
2921,TXN002922,2018-07-01,11:39:09,Credit Card Bill Payment,Auto Debit Credit Card Bill Payment,2174.78,INR,Auto Debit,Debit,Bills,Surat,Gujarat,India
2922,TXN002923,2018-07-01,13:30:10,BigBasket,UPI/DR/336079027/BigBasket,385.47,INR,UPI,Debit,Groceries,Noida,Uttar Pradesh,India
2923,TXN002924,2018-07-01,14:09:46,Netflix,Auto Debit Netflix Subscription,149.0,INR,Auto Debit,Debit,Subscription,Kolkata,West Bengal,India
2924,TXN002925,2018-07-02,05:09:22,ICICI Lombard,Net Banking Payment ICICI Lombard Insurance Premium,8656.61,INR,Net Banking,Debit,Insurance,Nagpur,Maharashtra,India
2925,TXN002926,2018-07-02,09:14:48,DMart,UPI/DR/348839570/DMart,956.79,INR,UPI,Debit,Groceries,Chennai,Tamil Nadu,India
2926,TXN002927,2018-07-02,09:18:58,Airtel,UPI/Airtel,2775.24,INR,UPI,Debit,Bills,Kochi,Kerala,India
2927,TXN002928,2018-07-02,13:25:40,Toit Brewpub,UPI/Paytm/Toit Brewpub,159.72,INR,UPI,Debit,Food,Nagpur,Maharashtra,India
2928,TXN002929,2018-07-02,16:47:09,BookMyShow,UPI Payment BookMyShow,301.35,INR,UPI,Debit,Entertainment,Chennai,Tamil Nadu,India
2929,TXN002930,2018-07-03,09:00:59,Indian Oil,Cash Withdrawal ATM,3113.54,INR,Cash Withdrawal,Debit,Fuel,Kolkata,West Bengal,India
2930,TXN002931,2018-07-03,19:05:24,Nature's Basket,UPI/DR/526656677/Nature's Basket,648.18,INR,UPI,Debit,Groceries,Noida,Uttar Pradesh,India
2931,TXN002932,2018-07-03,20:51:43,Credit Card Bill Payment,Auto Debit Credit Card Bill Payment,640.01,INR,Auto Debit,Debit,Bills,Kochi,Kerala,India
2932,TXN002933,2018-07-03,23:24:42,HPCL,UPI/HPCL,2463.25,INR,UPI,Debit,Fuel,Nagpur,Maharashtra,India
2933,TXN002934,2018-07-04,07:09:27,Myntra,UPI Payment Myntra,921.03,INR,UPI,Debit,Shopping,Hyderabad,Telangana,India
2934,TXN002935,2018-07-04,07:44:11,House Rent Payment,NEFT Rent Payment,42117.09,INR,NEFT,Debit,Rent,Nagpur,Maharashtra,India
2935,TXN002936,2018-07-04,14:51:55,Toit Brewpub,Debit Card Toit Brewpub,2474.76,INR,Debit Card,Debit,Food,Noida,Uttar Pradesh,India
2936,TXN002937,2018-07-04,16:20:23,Amazon India,POS Purchase Amazon India,3854.44,INR,Credit Card,Debit,Shopping,Jaipur,Rajasthan,India
2937,TXN002938,2018-07-04,16:20:35,Spotify,Auto Debit Spotify Subscription,149.0,INR,Auto Debit,Debit,Subscription,Hyderabad,Telangana,India
2938,TXN002939,2018-07-04,18:03:18,BSNL,Auto Debit BSNL,527.05,INR,Auto Debit,Debit,Bills,Ahmedabad,Gujarat,India
2939,TXN002940,2018-07-04,21:04:56,Municipal Water Department,Auto Debit Municipal Water Department,2815.32,INR,Auto Debit,Debit,Bills,Mumbai,Maharashtra,India
2940,TXN002941,2018-07-05,07:49:07,Swiggy,Debit Card Swiggy,1489.87,INR,Debit Card,Debit,Food,Kochi,Kerala,India
2941,TXN002942,2018-07-06,15:03:16,Municipal Water Department,Net Banking Payment Municipal Water Department,11583.88,INR,Net Banking,Debit,Bills,Ahmedabad,Gujarat,India
2942,TXN002943,2018-07-07,08:45:37,Cafe Coffee Day,UPI/Paytm/Cafe Coffee Day,379.17,INR,UPI,Debit,Food,Chennai,Tamil Nadu,India
2943,TXN002944,2018-07-07,10:21:41,Burger King,UPI/Paytm/Burger King,116.0,INR,UPI,Debit,Food,Indore,Madhya Pradesh,India
2944,TXN002945,2018-07-07,10:48:13,Indian Oil,Debit Card Indian Oil,1662.31,INR,Debit Card,Debit,Fuel,Indore,Madhya Pradesh,India
2945,TXN002946,2018-07-07,13:01:15,Tea Stall,UPI/Tea Stall,33.31,INR,UPI,Debit,Other,Delhi,Delhi,India
2946,TXN002947,2018-07-07,16:03:37,Credit Card Bill Payment,UPI/Credit Card Bill Payment,481.36,INR,UPI,Debit,Bills,Mumbai,Maharashtra,India
2947,TXN002948,2018-07-07,16:49:36,Credit Card Bill Payment,Auto Debit Credit Card Bill Payment,2449.17,INR,Auto Debit,Debit,Bills,Ahmedabad,Gujarat,India
2948,TXN002949,2018-07-07,20:12:18,PharmEasy,Cash Withdrawal ATM,4126.45,INR,Cash Withdrawal,Debit,Miscellaneous,Nagpur,Maharashtra,India
2949,TXN002950,2018-07-07,21:12:13,Nature's Basket,Debit Card Nature's Basket,858.41,INR,Debit Card,Debit,Groceries,Jaipur,Rajasthan,India
2950,TXN002951,2018-07-08,10:29:35,Credit Card Bill Payment,UPI/Credit Card Bill Payment,770.88,INR,UPI,Debit,Bills,Pune,Maharashtra,India
2951,TXN002952,2018-07-08,13:15:20,Employer Salary Credit,NEFT Salary Credit,52762.45,INR,NEFT,Credit,Salary,Ahmedabad,Gujarat,India
2952,TXN002953,2018-07-08,15:26:15,BPCL,UPI/BPCL,2129.03,INR,UPI,Debit,Fuel,Jaipur,Rajasthan,India
2953,TXN002954,2018-07-08,16:05:09,Amazon India,UPI Payment Amazon India,2426.73,INR,UPI,Debit,Shopping,Bengaluru,Karnataka,India
2954,TXN002955,2018-07-08,17:56:18,Employer Salary Credit,NEFT Salary Credit,40113.86,INR,NEFT,Credit,Salary,Jaipur,Rajasthan,India
2955,TXN002956,2018-07-08,22:59:37,BookMyShow,POS Purchase BookMyShow,243.45,INR,Credit Card,Debit,Entertainment,Bengaluru,Karnataka,India
2956,TXN002957,2018-07-10,04:10:55,Zomato,POS Purchase Zomato,1852.79,INR,Credit Card,Debit,Food,Kolkata,West Bengal,India
2957,TXN002958,2018-07-10,15:20:03,Fruit Vendor,UPI/Fruit Vendor,179.05,INR,UPI,Debit,Other,Bengaluru,Karnataka,India
2958,TXN002959,2018-07-10,18:07:25,BEST,Auto Debit BEST,2729.42,INR,Auto Debit,Debit,Bills,Bengaluru,Karnataka,India
2959,TXN002960,2018-07-11,08:04:59,Misc Vendor,UPI/Misc Vendor,931.62,INR,UPI,Debit,Other,Jaipur,Rajasthan,India
2960,TXN002961,2018-07-11,10:35:03,Zepto,UPI/DR/898509546/Zepto,722.61,INR,UPI,Debit,Groceries,Bengaluru,Karnataka,India
2961,TXN002962,2018-07-11,10:36:27,Indane Gas,Auto Debit Indane Gas,5950.44,INR,Auto Debit,Debit,Bills,Jaipur,Rajasthan,India
2962,TXN002963,2018-07-11,12:07:15,Local Wine & Beer Shop,UPI/Paytm/Local Wine & Beer Shop,368.13,INR,UPI,Debit,Food,Nagpur,Maharashtra,India
2963,TXN002964,2018-07-11,12:08:10,The Beer Cafe,UPI/Paytm/The Beer Cafe,729.52,INR,UPI,Debit,Food,Mumbai,Maharashtra,India
2964,TXN002965,2018-07-11,18:04:32,Bharat Gas,Auto Debit Bharat Gas,1695.08,INR,Auto Debit,Debit,Bills,Surat,Gujarat,India
2965,TXN002966,2018-07-12,15:14:47,Zepto,UPI/DR/429730298/Zepto,300.0,INR,UPI,Debit,Groceries,Kochi,Kerala,India
2966,TXN002967,2018-07-12,19:51:18,Disney+ Hotstar,Auto Debit Disney+ Hotstar Subscription,371.65,INR,Auto Debit,Debit,Subscription,Nagpur,Maharashtra,India
2967,TXN002968,2018-07-12,20:56:53,Adani Electricity,Auto Debit Adani Electricity,187.44,INR,Auto Debit,Debit,Bills,Delhi,Delhi,India
2968,TXN002969,2018-07-13,12:44:18,Airtel,Auto Debit Airtel,3244.95,INR,Auto Debit,Debit,Bills,Noida,Uttar Pradesh,India
2969,TXN002970,2018-07-13,12:57:25,Tata Power,Auto Debit Tata Power,2135.37,INR,Auto Debit,Debit,Bills,Kochi,Kerala,India
2970,TXN002971,2018-07-13,17:29:49,House Rent Payment,IMPS Rent Payment,37725.87,INR,IMPS,Debit,Rent,Hyderabad,Telangana,India
2971,TXN002972,2018-07-13,21:21:17,Airtel,UPI/Airtel,1462.29,INR,UPI,Debit,Bills,Kochi,Kerala,India
2972,TXN002973,2018-07-13,22:29:37,Jio,Net Banking Payment Jio,6153.99,INR,Net Banking,Debit,Bills,Noida,Uttar Pradesh,India
2973,TXN002974,2018-07-14,03:47:20,BEST,Net Banking Payment BEST,3254.55,INR,Net Banking,Debit,Bills,Jaipur,Rajasthan,India
2974,TXN002975,2018-07-14,08:02:59,BigBasket,UPI/DR/999222522/BigBasket,1357.4,INR,UPI,Debit,Groceries,Hyderabad,Telangana,India
2975,TXN002976,2018-07-14,13:11:42,Airtel,Auto Debit Airtel,3091.75,INR,Auto Debit,Debit,Bills,Hyderabad,Telangana,India
2976,TXN002977,2018-07-14,14:12:31,Laundry,UPI/Laundry,168.05,INR,UPI,Debit,Other,Hyderabad,Telangana,India
2977,TXN002978,2018-07-14,19:28:44,Credit Card Bill Payment,Auto Debit Credit Card Bill Payment,2149.78,INR,Auto Debit,Debit,Bills,Jaipur,Rajasthan,India
2978,TXN002979,2018-07-14,20:21:34,Indane Gas,UPI/Indane Gas,2790.15,INR,UPI,Debit,Bills,Chennai,Tamil Nadu,India
2979,TXN002980,2018-07-14,22:11:31,KFC India,UPI/Paytm/KFC India,143.06,INR,UPI,Debit,Food,Hyderabad,Telangana,India
2980,TXN002981,2018-07-15,09:07:16,Domino's India,Debit Card Domino's India,253.82,INR,Debit Card,Debit,Food,Hyderabad,Telangana,India
2981,TXN002982,2018-07-15,09:49:23,Credit Card Bill Payment,Net Banking Payment Credit Card Bill Payment,5572.09,INR,Net Banking,Debit,Bills,Noida,Uttar Pradesh,India
2982,TXN002983,2018-07-15,13:14:34,Credit Card Bill Payment,Net Banking Payment Credit Card Bill Payment,5256.29,INR,Net Banking,Debit,Bills,Surat,Gujarat,India
2983,TXN002984,2018-07-15,21:25:30,House Rent Payment,NEFT Rent Payment,47421.89,INR,NEFT,Debit,Rent,Nagpur,Maharashtra,India
2984,TXN002985,2018-07-16,09:45:36,Credit Card Bill Payment,Auto Debit Credit Card Bill Payment,2000.2,INR,Auto Debit,Debit,Bills,Nagpur,Maharashtra,India
2985,TXN002986,2018-07-16,09:51:54,Unknown Merchant,UPI/Unknown Merchant,952.34,INR,UPI,Debit,Other,Pune,Maharashtra,India
2986,TXN002987,2018-07-16,12:17:02,Zomato,UPI/Paytm/Zomato,116.0,INR,UPI,Debit,Food,Kolkata,West Bengal,India
2987,TXN002988,2018-07-16,14:58:30,Naturals Salon,Debit Card Naturals Salon,1053.32,INR,Debit Card,Debit,Miscellaneous,Delhi,Delhi,India
2988,TXN002989,2018-07-16,15:48:23,Street Vendor,UPI/Street Vendor,164.41,INR,UPI,Debit,Other,Mumbai,Maharashtra,India
2989,TXN002990,2018-07-16,17:03:05,Barbeque Nation,UPI/Paytm/Barbeque Nation,259.51,INR,UPI,Debit,Food,Nagpur,Maharashtra,India
2990,TXN002991,2018-07-16,17:31:57,Burger King,Debit Card Burger King,152.15,INR,Debit Card,Debit,Food,Hyderabad,Telangana,India
2991,TXN002992,2018-07-16,19:19:05,Nature's Basket,Debit Card Nature's Basket,300.0,INR,Debit Card,Debit,Groceries,Ahmedabad,Gujarat,India
2992,TXN002993,2018-07-16,19:56:05,Local Services,UPI/Local Services,1715.8,INR,UPI,Debit,Other,Surat,Gujarat,India
2993,TXN002994,2018-07-16,22:48:33,Zepto,UPI/DR/501483027/Zepto,1176.57,INR,UPI,Debit,Groceries,Kochi,Kerala,India
2994,TXN002995,2018-07-17,09:14:29,BookMyShow,UPI Payment BookMyShow,258.09,INR,UPI,Debit,Entertainment,Delhi,Delhi,India
2995,TXN002996,2018-07-17,13:07:24,Jio,Auto Debit Jio,4214.62,INR,Auto Debit,Debit,Bills,Kolkata,West Bengal,India
2996,TXN002997,2018-07-17,13:55:23,McDonald's India,Debit Card McDonald's India,531.96,INR,Debit Card,Debit,Food,Indore,Madhya Pradesh,India
2997,TXN002998,2018-07-17,18:41:56,Ola,UPI/Ola,2116.02,INR,UPI,Debit,Miscellaneous,Mumbai,Maharashtra,India
2998,TXN002999,2018-07-18,07:05:08,Airtel,Auto Debit Airtel,1782.67,INR,Auto Debit,Debit,Bills,Pune,Maharashtra,India
2999,TXN003000,2018-07-18,09:35:59,Flipkart,POS Purchase Flipkart,5876.53,INR,Credit Card,Debit,Shopping,Delhi,Delhi,India
3000,TXN003001,2018-07-18,20:25:47,Uber,POS Purchase Uber,945.12,INR,Credit Card,Debit,Miscellaneous,Bengaluru,Karnataka,India
3001,TXN003002,2018-07-18,20:39:09,Toit Brewpub,POS Purchase Toit Brewpub,762.85,INR,Credit Card,Debit,Food,Nagpur,Maharashtra,India
3002,TXN003003,2018-07-19,02:14:46,Credit Card Bill Payment,Auto Debit Credit Card Bill Payment,1941.2,INR,Auto Debit,Debit,Bills,Bengaluru,Karnataka,India
3003,TXN003004,2018-07-19,08:06:28,Municipal Water Department,Net Banking Payment Municipal Water Department,187.0,INR,Net Banking,Debit,Bills,Noida,Uttar Pradesh,India
3004,TXN003005,2018-07-19,11:37:09,Credit Card Bill Payment,UPI/Credit Card Bill Payment,669.16,INR,UPI,Debit,Bills,Pune,Maharashtra,India
3005,TXN003006,2018-07-19,11:57:44,Rapido,UPI/Rapido,73.33,INR,UPI,Debit,Miscellaneous,Noida,Uttar Pradesh,India
3006,TXN003007,2018-07-19,19:09:03,Reliance Fresh,UPI/DR/377304178/Reliance Fresh,1078.97,INR,UPI,Debit,Groceries,Pune,Maharashtra,India
3007,TXN003008,2018-07-19,20:09:58,Employer Salary Credit,NEFT Salary Credit,45802.36,INR,NEFT,Credit,Salary,Jaipur,Rajasthan,India
3008,TXN003009,2018-07-20,09:41:33,Myntra,POS Purchase Myntra,899.36,INR,Credit Card,Debit,Shopping,Nagpur,Maharashtra,India
3009,TXN003010,2018-07-21,04:41:21,Credit Card Bill Payment,Auto Debit Credit Card Bill Payment,1949.91,INR,Auto Debit,Debit,Bills,Indore,Madhya Pradesh,India
3010,TXN003011,2018-07-21,08:41:50,ICICI Lombard,Net Banking Payment ICICI Lombard Insurance Premium,8590.92,INR,Net Banking,Debit,Insurance,Lucknow,Uttar Pradesh,India
3011,TXN003012,2018-07-21,14:42:15,General Store,UPI/General Store,1372.6,INR,UPI,Debit,Other,Pune,Maharashtra,India
3012,TXN003013,2018-07-21,18:18:20,Misc Vendor,UPI/Misc Vendor,1821.85,INR,UPI,Debit,Other,Delhi,Delhi,India
3013,TXN003014,2018-07-22,13:40:46,Zomato,UPI/Paytm/Zomato,180.31,INR,UPI,Debit,Food,Kolkata,West Bengal,India
3014,TXN003015,2018-07-22,15:15:54,DMart,UPI/DR/759316106/DMart,682.66,INR,UPI,Debit,Groceries,Delhi,Delhi,India
3015,TXN003016,2018-07-22,18:38:38,Swiggy,Debit Card Swiggy,667.25,INR,Debit Card,Debit,Food,Bengaluru,Karnataka,India
3016,TXN003017,2018-07-22,19:31:49,Indian Oil,Debit Card Indian Oil,2935.64,INR,Debit Card,Debit,Fuel,Noida,Uttar Pradesh,India
3017,TXN003018,2018-07-23,05:54:27,ICICI Lombard,Net Banking Payment ICICI Lombard Insurance Premium,8569.35,INR,Net Banking,Debit,Insurance,Lucknow,Uttar Pradesh,India
3018,TXN003019,2018-07-23,08:26:43,BigBasket,UPI/DR/673273772/BigBasket,724.7,INR,UPI,Debit,Groceries,Mumbai,Maharashtra,India
3019,TXN003020,2018-07-23,12:16:39,Municipal Water Department,Auto Debit Municipal Water Department,1977.66,INR,Auto Debit,Debit,Bills,Chennai,Tamil Nadu,India
3020,TXN003021,2018-07-23,17:48:23,Flipkart,Debit Card Flipkart,288.0,INR,Debit Card,Debit,Shopping,Lucknow,Uttar Pradesh,India
3021,TXN003022,2018-07-23,19:18:43,Nature's Basket,UPI/DR/821955780/Nature's Basket,300.0,INR,UPI,Debit,Groceries,Lucknow,Uttar Pradesh,India
3022,TXN003023,2018-07-24,00:16:49,House Rent Payment,NEFT Rent Payment,45435.29,INR,NEFT,Debit,Rent,Chennai,Tamil Nadu,India
3023,TXN003024,2018-07-24,00:42:29,Tailor,UPI/Tailor,1305.49,INR,UPI,Debit,Other,Pune,Maharashtra,India
3024,TXN003025,2018-07-24,10:13:37,KFC India,UPI/Paytm/KFC India,541.52,INR,UPI,Debit,Food,Indore,Madhya Pradesh,India
3025,TXN003026,2018-07-24,14:46:03,Jio,Net Banking Payment Jio,10344.12,INR,Net Banking,Debit,Bills,Mumbai,Maharashtra,India
3026,TXN003027,2018-07-24,15:17:51,Amazon India,POS Purchase Amazon India,288.0,INR,Credit Card,Debit,Shopping,Surat,Gujarat,India
3027,TXN003028,2018-07-24,16:37:15,Jio Fiber,Auto Debit Jio Fiber,6443.89,INR,Auto Debit,Debit,Bills,Surat,Gujarat,India
3028,TXN003029,2018-07-25,07:48:11,Credit Card Bill Payment,Auto Debit Credit Card Bill Payment,2144.03,INR,Auto Debit,Debit,Bills,Chennai,Tamil Nadu,India
3029,TXN003030,2018-07-25,08:41:09,Vegetable Market,UPI/Vegetable Market,195.46,INR,UPI,Debit,Other,Indore,Madhya Pradesh,India
3030,TXN003031,2018-07-25,11:58:32,Amazon India,Debit Card Amazon India,2444.05,INR,Debit Card,Debit,Shopping,Nagpur,Maharashtra,India
3031,TXN003032,2018-07-25,13:09:42,Spotify,Auto Debit Spotify Subscription,149.0,INR,Auto Debit,Debit,Subscription,Pune,Maharashtra,India
3032,TXN003033,2018-07-25,13:37:28,Credit Card Bill Payment,Net Banking Payment Credit Card Bill Payment,6665.56,INR,Net Banking,Debit,Bills,Hyderabad,Telangana,India
3033,TXN003034,2018-07-25,13:46:28,McDonald's India,POS Purchase McDonald's India,1713.54,INR,Credit Card,Debit,Food,Noida,Uttar Pradesh,India
3034,TXN003035,2018-07-25,16:26:27,Faasos,Debit Card Faasos,475.51,INR,Debit Card,Debit,Food,Mumbai,Maharashtra,India
3035,TXN003036,2018-07-25,16:49:12,Social,POS Purchase Social,151.7,INR,Credit Card,Debit,Food,Mumbai,Maharashtra,India
3036,TXN003037,2018-07-25,19:09:41,Indian Oil,Debit Card Indian Oil,2593.68,INR,Debit Card,Debit,Fuel,Kolkata,West Bengal,India
3037,TXN003038,2018-07-25,21:59:04,Credit Card Bill Payment,Auto Debit Credit Card Bill Payment,650.05,INR,Auto Debit,Debit,Bills,Bengaluru,Karnataka,India
3038,TXN003039,2018-07-26,06:19:58,McDonald's India,UPI/Paytm/McDonald's India,491.94,INR,UPI,Debit,Food,Jaipur,Rajasthan,India
3039,TXN003040,2018-07-26,12:47:37,EatClub,Debit Card EatClub,150.48,INR,Debit Card,Debit,Food,Mumbai,Maharashtra,India
3040,TXN003041,2018-07-26,13:15:37,Credit Card Bill Payment,Net Banking Payment Credit Card Bill Payment,961.25,INR,Net Banking,Debit,Bills,Lucknow,Uttar Pradesh,India
3041,TXN003042,2018-07-26,15:56:48,Employer Salary Credit,NEFT Salary Credit,68241.2,INR,NEFT,Credit,Salary,Chennai,Tamil Nadu,India
3042,TXN003043,2018-07-26,17:11:16,House Rent Payment,NEFT Rent Payment,8046.59,INR,NEFT,Debit,Rent,Delhi,Delhi,India
3043,TXN003044,2018-07-26,20:25:05,Starbucks India,Debit Card Starbucks India,523.5,INR,Debit Card,Debit,Food,Lucknow,Uttar Pradesh,India
3044,TXN003045,2018-07-27,07:21:45,Credit Card Bill Payment,Auto Debit Credit Card Bill Payment,3233.7,INR,Auto Debit,Debit,Bills,Indore,Madhya Pradesh,India
3045,TXN003046,2018-07-27,07:34:45,Tata Power,Net Banking Payment Tata Power,5907.07,INR,Net Banking,Debit,Bills,Nagpur,Maharashtra,India
3046,TXN003047,2018-07-27,10:43:25,Swiggy,UPI/Paytm/Swiggy,1896.2,INR,UPI,Debit,Food,Chennai,Tamil Nadu,India
3047,TXN003048,2018-07-27,15:24:09,Credit Card Bill Payment,Auto Debit Credit Card Bill Payment,3759.27,INR,Auto Debit,Debit,Bills,Kochi,Kerala,India
3048,TXN003049,2018-07-27,20:42:56,DMart,UPI/DR/294493146/DMart,1323.74,INR,UPI,Debit,Groceries,Noida,Uttar Pradesh,India
3049,TXN003050,2018-07-28,08:09:36,Jio Fiber,Net Banking Payment Jio Fiber,5548.53,INR,Net Banking,Debit,Bills,Hyderabad,Telangana,India
3050,TXN003051,2018-07-28,15:17:31,Myntra,UPI Payment Myntra,288.0,INR,UPI,Debit,Shopping,Pune,Maharashtra,India
3051,TXN003052,2018-07-28,16:41:09,Tata Power,Net Banking Payment Tata Power,4162.8,INR,Net Banking,Debit,Bills,Indore,Madhya Pradesh,India
3052,TXN003053,2018-07-28,17:55:28,Blinkit,UPI/DR/342180853/Blinkit,1613.91,INR,UPI,Debit,Groceries,Kochi,Kerala,India
3053,TXN003054,2018-07-29,08:04:59,Zomato,UPI/Paytm/Zomato,340.93,INR,UPI,Debit,Food,Chennai,Tamil Nadu,India
3054,TXN003055,2018-07-29,12:22:56,Reliance Fresh,UPI/DR/383614547/Reliance Fresh,1407.88,INR,UPI,Debit,Groceries,Ahmedabad,Gujarat,India
3055,TXN003056,2018-07-29,12:40:34,Credit Card Bill Payment,UPI/Credit Card Bill Payment,3836.07,INR,UPI,Debit,Bills,Nagpur,Maharashtra,India
3056,TXN003057,2018-07-29,12:48:31,Jio Fiber,Net Banking Payment Jio Fiber,6373.81,INR,Net Banking,Debit,Bills,Kochi,Kerala,India
3057,TXN003058,2018-07-29,19:15:36,The Beer Cafe,UPI/Paytm/The Beer Cafe,237.73,INR,UPI,Debit,Food,Noida,Uttar Pradesh,India
3058,TXN003059,2018-07-30,01:59:29,Tailor,UPI/Tailor,754.47,INR,UPI,Debit,Other,Kochi,Kerala,India
3059,TXN003060,2018-07-30,05:16:13,Credit Card Bill Payment,Auto Debit Credit Card Bill Payment,657.62,INR,Auto Debit,Debit,Bills,Hyderabad,Telangana,India
3060,TXN003061,2018-07-30,08:15:00,Local Wine & Beer Shop,UPI/Paytm/Local Wine & Beer Shop,776.0,INR,UPI,Debit,Food,Nagpur,Maharashtra,India
3061,TXN003062,2018-07-30,16:13:51,KFC India,Debit Card KFC India,651.28,INR,Debit Card,Debit,Food,Pune,Maharashtra,India
3062,TXN003063,2018-07-30,17:41:54,House Rent Payment,IMPS Rent Payment,45894.24,INR,IMPS,Debit,Rent,Nagpur,Maharashtra,India
3063,TXN003064,2018-07-31,05:39:04,Reliance Fresh,UPI/DR/308889819/Reliance Fresh,980.42,INR,UPI,Debit,Groceries,Chennai,Tamil Nadu,India
3064,TXN003065,2018-07-31,06:58:11,Swiggy,UPI/Paytm/Swiggy,218.29,INR,UPI,Debit,Food,Indore,Madhya Pradesh,India
3065,TXN003066,2018-07-31,12:55:30,Zepto,Debit Card Zepto,1223.91,INR,Debit Card,Debit,Groceries,Jaipur,Rajasthan,India
3066,TXN003067,2018-07-31,14:33:34,Tata Power,Net Banking Payment Tata Power,378.06,INR,Net Banking,Debit,Bills,Noida,Uttar Pradesh,India
3067,TXN003068,2018-08-01,11:44:21,Swiggy,POS Purchase Swiggy,269.42,INR,Credit Card,Debit,Food,Kochi,Kerala,India
3068,TXN003069,2018-08-01,13:24:37,BPCL,UPI/BPCL,2608.2,INR,UPI,Debit,Fuel,Kolkata,West Bengal,India
3069,TXN003070,2018-08-01,18:26:40,General Store,UPI/General Store,1657.85,INR,UPI,Debit,Other,Kolkata,West Bengal,India
3070,TXN003071,2018-08-02,00:35:29,KFC India,Debit Card KFC India,703.5,INR,Debit Card,Debit,Food,Hyderabad,Telangana,India
3071,TXN003072,2018-08-02,01:50:23,McDonald's India,UPI/Paytm/McDonald's India,607.77,INR,UPI,Debit,Food,Mumbai,Maharashtra,India
3072,TXN003073,2018-08-02,09:09:09,HP Gas,Auto Debit HP Gas,3962.54,INR,Auto Debit,Debit,Bills,Delhi,Delhi,India
3073,TXN003074,2018-08-02,12:11:09,Ola,POS Purchase Ola,60.0,INR,Credit Card,Debit,Miscellaneous,Bengaluru,Karnataka,India
3074,TXN003075,2018-08-02,13:42:24,House Rent Payment,IMPS Rent Payment,7881.55,INR,IMPS,Debit,Rent,Nagpur,Maharashtra,India
3075,TXN003076,2018-08-02,15:29:03,Domino's India,UPI/Paytm/Domino's India,124.8,INR,UPI,Debit,Food,Pune,Maharashtra,India
3076,TXN003077,2018-08-02,20:19:33,HPCL,UPI/HPCL,3827.59,INR,UPI,Debit,Fuel,Bengaluru,Karnataka,India
3077,TXN003078,2018-08-02,20:55:22,Chaayos,UPI/Paytm/Chaayos,161.91,INR,UPI,Debit,Food,Bengaluru,Karnataka,India
3078,TXN003079,2018-08-03,00:50:34,BookMyShow,Debit Card BookMyShow,540.12,INR,Debit Card,Debit,Entertainment,Hyderabad,Telangana,India
3079,TXN003080,2018-08-03,09:08:39,Zepto,Debit Card Zepto,625.52,INR,Debit Card,Debit,Groceries,Ahmedabad,Gujarat,India
3080,TXN003081,2018-08-03,13:00:00,BookMyShow,UPI Payment BookMyShow,254.91,INR,UPI,Debit,Entertainment,Pune,Maharashtra,India
3081,TXN003082,2018-08-03,13:18:01,Blinkit,UPI/DR/153312407/Blinkit,992.74,INR,UPI,Debit,Groceries,Ahmedabad,Gujarat,India
3082,TXN003083,2018-08-03,19:58:36,Social,UPI/Paytm/Social,116.0,INR,UPI,Debit,Food,Indore,Madhya Pradesh,India
3083,TXN003084,2018-08-04,09:58:38,General Store,UPI/General Store,1580.0,INR,UPI,Debit,Other,Surat,Gujarat,India
3084,TXN003085,2018-08-04,11:49:40,BPCL,Debit Card BPCL,5000.0,INR,Debit Card,Debit,Fuel,Jaipur,Rajasthan,India
3085,TXN003086,2018-08-04,21:45:28,IRCTC,POS Purchase IRCTC,2250.69,INR,Credit Card,Debit,Miscellaneous,Hyderabad,Telangana,India
3086,TXN003087,2018-08-05,07:49:55,Apollo Pharmacy,Debit Card Apollo Pharmacy,3519.91,INR,Debit Card,Debit,Miscellaneous,Indore,Madhya Pradesh,India
3087,TXN003088,2018-08-05,08:45:21,BSNL,Auto Debit BSNL,1090.93,INR,Auto Debit,Debit,Bills,Delhi,Delhi,India
3088,TXN003089,2018-08-05,12:02:22,Tata Power,Auto Debit Tata Power,1063.79,INR,Auto Debit,Debit,Bills,Noida,Uttar Pradesh,India
3089,TXN003090,2018-08-05,15:32:24,Third Wave Coffee,Debit Card Third Wave Coffee,698.37,INR,Debit Card,Debit,Food,Ahmedabad,Gujarat,India
3090,TXN003091,2018-08-05,17:10:15,ICICI Lombard,Auto Debit ICICI Lombard Insurance Premium,8336.57,INR,Auto Debit,Debit,Insurance,Indore,Madhya Pradesh,India
3091,TXN003092,2018-08-05,17:36:37,DMart,UPI/DR/244658840/DMart,300.0,INR,UPI,Debit,Groceries,Pune,Maharashtra,India
3092,TXN003093,2018-08-05,19:33:55,House Rent Payment,IMPS Rent Payment,8171.27,INR,IMPS,Debit,Rent,Ahmedabad,Gujarat,India
3093,TXN003094,2018-08-06,14:45:29,Employer Salary Credit,NEFT Salary Credit,57328.47,INR,NEFT,Credit,Salary,Kochi,Kerala,India
3094,TXN003095,2018-08-06,23:07:08,Blinkit,Debit Card Blinkit,630.33,INR,Debit Card,Debit,Groceries,Mumbai,Maharashtra,India
3095,TXN003096,2018-08-07,12:08:05,Tea Stall,UPI/Tea Stall,105.08,INR,UPI,Debit,Other,Ahmedabad,Gujarat,India
3096,TXN003097,2018-08-08,00:40:14,Credit Card Bill Payment,Auto Debit Credit Card Bill Payment,1512.87,INR,Auto Debit,Debit,Bills,Bengaluru,Karnataka,India
3097,TXN003098,2018-08-08,07:53:40,BEST,Auto Debit BEST,609.5,INR,Auto Debit,Debit,Bills,Nagpur,Maharashtra,India
3098,TXN003099,2018-08-08,10:50:00,Flipkart,UPI Payment Flipkart,5674.55,INR,UPI,Debit,Shopping,Noida,Uttar Pradesh,India
3099,TXN003100,2018-08-08,12:23:37,Laundry,UPI/Laundry,2231.92,INR,UPI,Debit,Other,Hyderabad,Telangana,India
3100,TXN003101,2018-08-08,15:09:00,Cafe Coffee Day,POS Purchase Cafe Coffee Day,116.0,INR,Credit Card,Debit,Food,Kolkata,West Bengal,India
3101,TXN003102,2018-08-09,10:35:55,Airtel,Auto Debit Airtel,8177.52,INR,Auto Debit,Debit,Bills,Bengaluru,Karnataka,India
3102,TXN003103,2018-08-09,11:12:39,Reliance Fresh,UPI/DR/938511718/Reliance Fresh,382.48,INR,UPI,Debit,Groceries,Kochi,Kerala,India
3103,TXN003104,2018-08-10,10:01:32,Zomato,UPI/Paytm/Zomato,454.58,INR,UPI,Debit,Food,Kochi,Kerala,India
3104,TXN003105,2018-08-10,14:53:37,Credit Card Bill Payment,Auto Debit Credit Card Bill Payment,2884.37,INR,Auto Debit,Debit,Bills,Jaipur,Rajasthan,India
3105,TXN003106,2018-08-10,15:16:58,DMart,POS Purchase DMart,2159.76,INR,Credit Card,Debit,Groceries,Ahmedabad,Gujarat,India
3106,TXN003107,2018-08-10,18:28:39,Employer Salary Credit,NEFT Salary Credit,53031.42,INR,NEFT,Credit,Salary,Lucknow,Uttar Pradesh,India
3107,TXN003108,2018-08-10,18:48:36,ICICI Lombard,Net Banking Payment ICICI Lombard Insurance Premium,8860.99,INR,Net Banking,Debit,Insurance,Hyderabad,Telangana,India
3108,TXN003109,2018-08-10,19:47:28,Reliance Fresh,UPI/DR/986721049/Reliance Fresh,345.02,INR,UPI,Debit,Groceries,Delhi,Delhi,India
3109,TXN003110,2018-08-10,20:40:45,Zomato,POS Purchase Zomato,477.93,INR,Credit Card,Debit,Food,Noida,Uttar Pradesh,India
3110,TXN003111,2018-08-11,06:29:50,Cafe Coffee Day,Debit Card Cafe Coffee Day,193.37,INR,Debit Card,Debit,Food,Surat,Gujarat,India
3111,TXN003112,2018-08-11,12:22:57,Blinkit,Debit Card Blinkit,1081.48,INR,Debit Card,Debit,Groceries,Chennai,Tamil Nadu,India
3112,TXN003113,2018-08-11,17:51:07,Jio Fiber,Net Banking Payment Jio Fiber,5835.99,INR,Net Banking,Debit,Bills,Chennai,Tamil Nadu,India
3113,TXN003114,2018-08-12,12:35:24,Local Wine & Beer Shop,UPI/Paytm/Local Wine & Beer Shop,309.52,INR,UPI,Debit,Food,Ahmedabad,Gujarat,India
3114,TXN003115,2018-08-12,12:55:49,Credit Card Bill Payment,Auto Debit Credit Card Bill Payment,3397.04,INR,Auto Debit,Debit,Bills,Bengaluru,Karnataka,India
3115,TXN003116,2018-08-12,13:37:30,Street Vendor,UPI/Street Vendor,140.67,INR,UPI,Debit,Other,Jaipur,Rajasthan,India
3116,TXN003117,2018-08-13,01:18:41,Chaayos,UPI/Paytm/Chaayos,1046.83,INR,UPI,Debit,Food,Bengaluru,Karnataka,India
3117,TXN003118,2018-08-13,09:37:07,Cafe Coffee Day,Debit Card Cafe Coffee Day,413.64,INR,Debit Card,Debit,Food,Lucknow,Uttar Pradesh,India
3118,TXN003119,2018-08-13,12:45:50,Starbucks India,UPI/Paytm/Starbucks India,116.0,INR,UPI,Debit,Food,Hyderabad,Telangana,India
3119,TXN003120,2018-08-13,14:41:31,BigBasket,Debit Card BigBasket,1567.0,INR,Debit Card,Debit,Groceries,Jaipur,Rajasthan,India
3120,TXN003121,2018-08-14,08:18:50,HPCL,UPI/HPCL,3594.37,INR,UPI,Debit,Fuel,Ahmedabad,Gujarat,India
3121,TXN003122,2018-08-14,10:32:58,Credit Card Bill Payment,Auto Debit Credit Card Bill Payment,4256.79,INR,Auto Debit,Debit,Bills,Kochi,Kerala,India
3122,TXN003123,2018-08-14,13:44:35,Chaayos,POS Purchase Chaayos,149.79,INR,Credit Card,Debit,Food,Kolkata,West Bengal,India
3123,TXN003124,2018-08-14,13:57:24,BigBasket,UPI/DR/474423649/BigBasket,1527.84,INR,UPI,Debit,Groceries,Kochi,Kerala,India
3124,TXN003125,2018-08-14,14:01:14,Cafe Coffee Day,UPI/Paytm/Cafe Coffee Day,1659.67,INR,UPI,Debit,Food,Noida,Uttar Pradesh,India
3125,TXN003126,2018-08-14,23:44:35,Third Wave Coffee,UPI/Paytm/Third Wave Coffee,1130.9,INR,UPI,Debit,Food,Mumbai,Maharashtra,India
3126,TXN003127,2018-08-15,16:29:20,Local Wine & Beer Shop,UPI/Paytm/Local Wine & Beer Shop,132.84,INR,UPI,Debit,Food,Ahmedabad,Gujarat,India
3127,TXN003128,2018-08-16,00:59:38,Myntra,POS Purchase Myntra,288.0,INR,Credit Card,Debit,Shopping,Ahmedabad,Gujarat,India
3128,TXN003129,2018-08-16,07:15:05,Employer Salary Credit,NEFT Salary Credit,46185.36,INR,NEFT,Credit,Salary,Noida,Uttar Pradesh,India
3129,TXN003130,2018-08-16,08:50:30,Blinkit,Debit Card Blinkit,1267.39,INR,Debit Card,Debit,Groceries,Kolkata,West Bengal,India
3130,TXN003131,2018-08-17,11:02:53,Swiggy,Debit Card Swiggy,2990.0,INR,Debit Card,Debit,Food,Kochi,Kerala,India
3131,TXN003132,2018-08-17,17:41:17,BigBasket,UPI/DR/261319410/BigBasket,738.21,INR,UPI,Debit,Groceries,Surat,Gujarat,India
3132,TXN003133,2018-08-18,11:33:48,BPCL,UPI/BPCL,2292.74,INR,UPI,Debit,Fuel,Nagpur,Maharashtra,India
3133,TXN003134,2018-08-18,21:27:54,Flipkart,POS Purchase Flipkart,288.0,INR,Credit Card,Debit,Shopping,Ahmedabad,Gujarat,India
3134,TXN003135,2018-08-18,21:57:41,HP Gas,Auto Debit HP Gas,581.58,INR,Auto Debit,Debit,Bills,Lucknow,Uttar Pradesh,India
3135,TXN003136,2018-08-19,09:38:06,Chaayos,POS Purchase Chaayos,172.07,INR,Credit Card,Debit,Food,Kolkata,West Bengal,India
3136,TXN003137,2018-08-19,17:05:07,Mobile Repair,UPI/Mobile Repair,1363.66,INR,UPI,Debit,Other,Pune,Maharashtra,India
3137,TXN003138,2018-08-20,00:27:17,Jio Fiber,Auto Debit Jio Fiber,3377.94,INR,Auto Debit,Debit,Bills,Hyderabad,Telangana,India
3138,TXN003139,2018-08-20,10:42:00,Mobile Repair,Cash Withdrawal ATM,1800.58,INR,Cash Withdrawal,Debit,Other,Lucknow,Uttar Pradesh,India
3139,TXN003140,2018-08-21,09:20:29,Tata Power,Auto Debit Tata Power,2037.85,INR,Auto Debit,Debit,Bills,Chennai,Tamil Nadu,India
3140,TXN003141,2018-08-21,11:30:55,Adani Electricity,Auto Debit Adani Electricity,4755.64,INR,Auto Debit,Debit,Bills,Lucknow,Uttar Pradesh,India
3141,TXN003142,2018-08-21,12:26:14,Domino's India,UPI/Paytm/Domino's India,116.0,INR,UPI,Debit,Food,Lucknow,Uttar Pradesh,India
3142,TXN003143,2018-08-21,12:31:25,Jio,Net Banking Payment Jio,11004.5,INR,Net Banking,Debit,Bills,Kolkata,West Bengal,India
3143,TXN003144,2018-08-21,12:34:51,Flower Shop,UPI/Flower Shop,201.13,INR,UPI,Debit,Other,Jaipur,Rajasthan,India
3144,TXN003145,2018-08-21,16:01:05,Jio,Auto Debit Jio,555.28,INR,Auto Debit,Debit,Bills,Mumbai,Maharashtra,India
3145,TXN003146,2018-08-22,12:55:09,Lakme Salon,Cash Withdrawal ATM,378.72,INR,Cash Withdrawal,Debit,Miscellaneous,Pune,Maharashtra,India
3146,TXN003147,2018-08-22,21:46:07,Zomato,UPI/Paytm/Zomato,205.45,INR,UPI,Debit,Food,Surat,Gujarat,India
3147,TXN003148,2018-08-23,15:38:57,Local Hardware Store,UPI/Local Hardware Store,177.85,INR,UPI,Debit,Miscellaneous,Jaipur,Rajasthan,India
3148,TXN003149,2018-08-24,04:26:18,Cafe Coffee Day,Debit Card Cafe Coffee Day,196.86,INR,Debit Card,Debit,Food,Pune,Maharashtra,India
3149,TXN003150,2018-08-24,12:12:15,Meesho,UPI Payment Meesho,288.0,INR,UPI,Debit,Shopping,Mumbai,Maharashtra,India
3150,TXN003151,2018-08-24,16:36:39,Apollo Pharmacy,UPI/Apollo Pharmacy,1851.32,INR,UPI,Debit,Miscellaneous,Bengaluru,Karnataka,India
3151,TXN003152,2018-08-25,21:31:50,Mobile Repair,Debit Card Mobile Repair,1654.32,INR,Debit Card,Debit,Other,Chennai,Tamil Nadu,India
3152,TXN003153,2018-08-26,11:00:33,BigBasket,POS Purchase BigBasket,546.6,INR,Credit Card,Debit,Groceries,Indore,Madhya Pradesh,India
3153,TXN003154,2018-08-26,13:40:37,Credit Card Bill Payment,Auto Debit Credit Card Bill Payment,2406.7,INR,Auto Debit,Debit,Bills,Hyderabad,Telangana,India
3154,TXN003155,2018-08-26,19:36:16,Dish TV,Auto Debit Dish TV Subscription,149.0,INR,Auto Debit,Debit,Subscription,Bengaluru,Karnataka,India
3155,TXN003156,2018-08-27,10:40:54,Mobile Repair,UPI/Mobile Repair,2368.36,INR,UPI,Debit,Other,Delhi,Delhi,India
3156,TXN003157,2018-08-27,14:06:52,Vegetable Market,Cash Withdrawal ATM,415.92,INR,Cash Withdrawal,Debit,Other,Pune,Maharashtra,India
3157,TXN003158,2018-08-27,14:45:47,Zepto,POS Purchase Zepto,769.16,INR,Credit Card,Debit,Groceries,Mumbai,Maharashtra,India
3158,TXN003159,2018-08-27,18:00:18,Credit Card Bill Payment,Net Banking Payment Credit Card Bill Payment,187.0,INR,Net Banking,Debit,Bills,Mumbai,Maharashtra,India
3159,TXN003160,2018-08-27,18:23:50,HPCL,Debit Card HPCL,2408.53,INR,Debit Card,Debit,Fuel,Mumbai,Maharashtra,India
3160,TXN003161,2018-08-28,23:14:41,Reliance Fresh,UPI/DR/827669728/Reliance Fresh,1221.7,INR,UPI,Debit,Groceries,Surat,Gujarat,India
3161,TXN003162,2018-08-29,09:05:20,Local Store,UPI/Local Store,2280.76,INR,UPI,Debit,Other,Jaipur,Rajasthan,India
3162,TXN003163,2018-08-29,09:37:15,HPCL,UPI/HPCL,2326.44,INR,UPI,Debit,Fuel,Surat,Gujarat,India
3163,TXN003164,2018-08-29,11:02:06,Naturals Salon,Debit Card Naturals Salon,225.75,INR,Debit Card,Debit,Miscellaneous,Noida,Uttar Pradesh,India
3164,TXN003165,2018-08-29,11:30:29,Reliance Fresh,POS Purchase Reliance Fresh,802.45,INR,Credit Card,Debit,Groceries,Chennai,Tamil Nadu,India
3165,TXN003166,2018-08-29,17:47:58,Burger King,UPI/Paytm/Burger King,213.6,INR,UPI,Debit,Food,Pune,Maharashtra,India
3166,TXN003167,2018-08-29,22:17:05,Swiggy,UPI/Paytm/Swiggy,1379.34,INR,UPI,Debit,Food,Hyderabad,Telangana,India
3167,TXN003168,2018-08-30,07:56:30,Flipkart,Debit Card Flipkart,927.51,INR,Debit Card,Debit,Shopping,Noida,Uttar Pradesh,India
3168,TXN003169,2018-08-30,10:21:36,Lakme Salon,Debit Card Lakme Salon,973.62,INR,Debit Card,Debit,Miscellaneous,Kochi,Kerala,India
3169,TXN003170,2018-08-30,11:05:03,PharmEasy,Debit Card PharmEasy,75.16,INR,Debit Card,Debit,Miscellaneous,Indore,Madhya Pradesh,India
3170,TXN003171,2018-08-30,12:35:07,Credit Card Bill Payment,Net Banking Payment Credit Card Bill Payment,3020.37,INR,Net Banking,Debit,Bills,Nagpur,Maharashtra,India
3171,TXN003172,2018-08-30,19:58:10,Flower Shop,UPI/Flower Shop,332.13,INR,UPI,Debit,Other,Indore,Madhya Pradesh,India
3172,TXN003173,2018-08-30,22:09:11,EatClub,UPI/Paytm/EatClub,344.71,INR,UPI,Debit,Food,Kolkata,West Bengal,India
3173,TXN003174,2018-08-31,10:48:15,Municipal Water Department,Net Banking Payment Municipal Water Department,187.89,INR,Net Banking,Debit,Bills,Hyderabad,Telangana,India
3174,TXN003175,2018-08-31,13:26:19,BPCL,UPI/BPCL,3601.82,INR,UPI,Debit,Fuel,Chennai,Tamil Nadu,India
3175,TXN003176,2018-08-31,14:28:20,Local Store,UPI/Local Store,945.14,INR,UPI,Debit,Other,Mumbai,Maharashtra,India
3176,TXN003177,2018-08-31,18:38:12,Myntra,UPI Payment Myntra,288.0,INR,UPI,Debit,Shopping,Jaipur,Rajasthan,India
3177,TXN003178,2018-09-01,05:30:07,Meesho,UPI Payment Meesho,288.0,INR,UPI,Debit,Shopping,Nagpur,Maharashtra,India
3178,TXN003179,2018-09-01,08:02:20,Bharat Gas,Auto Debit Bharat Gas,2222.43,INR,Auto Debit,Debit,Bills,Delhi,Delhi,India
3179,TXN003180,2018-09-01,10:57:48,Adani Electricity,Auto Debit Adani Electricity,4136.68,INR,Auto Debit,Debit,Bills,Kochi,Kerala,India
3180,TXN003181,2018-09-01,14:40:12,Uber,Debit Card Uber,182.77,INR,Debit Card,Debit,Miscellaneous,Mumbai,Maharashtra,India
3181,TXN003182,2018-09-01,18:19:29,McDonald's India,Debit Card McDonald's India,116.0,INR,Debit Card,Debit,Food,Hyderabad,Telangana,India
3182,TXN003183,2018-09-01,19:50:48,Cafe Coffee Day,Debit Card Cafe Coffee Day,929.11,INR,Debit Card,Debit,Food,Surat,Gujarat,India
3183,TXN003184,2018-09-01,21:18:16,Vegetable Market,UPI/Vegetable Market,248.78,INR,UPI,Debit,Other,Surat,Gujarat,India
3184,TXN003185,2018-09-01,22:30:42,Employer Salary Credit,NEFT Salary Credit,48254.84,INR,NEFT,Credit,Salary,Nagpur,Maharashtra,India
3185,TXN003186,2018-09-02,16:37:11,BookMyShow,UPI Payment BookMyShow,515.6,INR,UPI,Debit,Entertainment,Lucknow,Uttar Pradesh,India
3186,TXN003187,2018-09-03,03:25:24,Social,Debit Card Social,214.21,INR,Debit Card,Debit,Food,Ahmedabad,Gujarat,India
3187,TXN003188,2018-09-03,08:29:26,Jio Fiber,Auto Debit Jio Fiber,526.71,INR,Auto Debit,Debit,Bills,Kolkata,West Bengal,India
3188,TXN003189,2018-09-03,11:25:42,Third Wave Coffee,POS Purchase Third Wave Coffee,1364.58,INR,Credit Card,Debit,Food,Indore,Madhya Pradesh,India
3189,TXN003190,2018-09-03,11:32:18,Myntra,POS Purchase Myntra,3195.84,INR,Credit Card,Debit,Shopping,Lucknow,Uttar Pradesh,India
3190,TXN003191,2018-09-03,14:57:01,Reliance Fresh,Debit Card Reliance Fresh,928.2,INR,Debit Card,Debit,Groceries,Kochi,Kerala,India
3191,TXN003192,2018-09-03,18:19:05,EatClub,Debit Card EatClub,550.57,INR,Debit Card,Debit,Food,Noida,Uttar Pradesh,India
3192,TXN003193,2018-09-03,19:32:40,Credit Card Bill Payment,Net Banking Payment Credit Card Bill Payment,487.41,INR,Net Banking,Debit,Bills,Indore,Madhya Pradesh,India
3193,TXN003194,2018-09-04,03:21:10,McDonald's India,UPI/Paytm/McDonald's India,506.08,INR,UPI,Debit,Food,Mumbai,Maharashtra,India
3194,TXN003195,2018-09-04,08:11:41,Reliance Fresh,UPI/DR/188018583/Reliance Fresh,2141.69,INR,UPI,Debit,Groceries,Jaipur,Rajasthan,India
3195,TXN003196,2018-09-04,10:49:52,Indane Gas,Net Banking Payment Indane Gas,1533.28,INR,Net Banking,Debit,Bills,Pune,Maharashtra,India
3196,TXN003197,2018-09-05,09:13:41,HPCL,UPI/HPCL,2584.47,INR,UPI,Debit,Fuel,Pune,Maharashtra,India
3197,TXN003198,2018-09-05,09:26:44,Airtel,Net Banking Payment Airtel,2538.45,INR,Net Banking,Debit,Bills,Surat,Gujarat,India
3198,TXN003199,2018-09-05,10:36:40,Burger King,Debit Card Burger King,212.37,INR,Debit Card,Debit,Food,Nagpur,Maharashtra,India
3199,TXN003200,2018-09-05,11:44:44,Indian Oil,UPI/Indian Oil,2886.57,INR,UPI,Debit,Fuel,Hyderabad,Telangana,India
3200,TXN003201,2018-09-06,08:42:22,Laundry,Cash Withdrawal ATM,1647.86,INR,Cash Withdrawal,Debit,Other,Bengaluru,Karnataka,India
3201,TXN003202,2018-09-06,10:49:34,Nature's Basket,UPI/DR/107871158/Nature's Basket,457.85,INR,UPI,Debit,Groceries,Noida,Uttar Pradesh,India
3202,TXN003203,2018-09-06,12:36:08,Meesho,POS Purchase Meesho,288.0,INR,Credit Card,Debit,Shopping,Jaipur,Rajasthan,India
3203,TXN003204,2018-09-06,13:31:02,Zomato,Debit Card Zomato,195.19,INR,Debit Card,Debit,Food,Indore,Madhya Pradesh,India
3204,TXN003205,2018-09-06,17:51:43,Chaayos,POS Purchase Chaayos,393.12,INR,Credit Card,Debit,Food,Nagpur,Maharashtra,India
3205,TXN003206,2018-09-06,19:21:26,Credit Card Bill Payment,Auto Debit Credit Card Bill Payment,2472.55,INR,Auto Debit,Debit,Bills,Mumbai,Maharashtra,India
3206,TXN003207,2018-09-06,22:31:58,Local Services,UPI/Local Services,1406.75,INR,UPI,Debit,Other,Mumbai,Maharashtra,India
3207,TXN003208,2018-09-07,08:27:06,KFC India,POS Purchase KFC India,117.66,INR,Credit Card,Debit,Food,Mumbai,Maharashtra,India
3208,TXN003209,2018-09-07,14:55:08,Indian Oil,UPI/Indian Oil,3273.45,INR,UPI,Debit,Fuel,Nagpur,Maharashtra,India
3209,TXN003210,2018-09-07,21:45:12,General Store,UPI/General Store,1248.8,INR,UPI,Debit,Other,Nagpur,Maharashtra,India
3210,TXN003211,2018-09-08,07:02:29,Zepto,UPI/DR/486949792/Zepto,580.59,INR,UPI,Debit,Groceries,Bengaluru,Karnataka,India
3211,TXN003212,2018-09-08,12:40:08,Bakery,UPI/Bakery,296.46,INR,UPI,Debit,Other,Bengaluru,Karnataka,India
3212,TXN003213,2018-09-08,13:40:36,McDonald's India,UPI/Paytm/McDonald's India,340.31,INR,UPI,Debit,Food,Indore,Madhya Pradesh,India
3213,TXN003214,2018-09-08,14:14:04,Credit Card Bill Payment,Auto Debit Credit Card Bill Payment,2382.42,INR,Auto Debit,Debit,Bills,Lucknow,Uttar Pradesh,India
3214,TXN003215,2018-09-09,11:34:23,BPCL,Cash Withdrawal ATM,2280.3,INR,Cash Withdrawal,Debit,Fuel,Chennai,Tamil Nadu,India
3215,TXN003216,2018-09-09,14:49:23,Credit Card Bill Payment,Auto Debit Credit Card Bill Payment,187.0,INR,Auto Debit,Debit,Bills,Pune,Maharashtra,India
3216,TXN003217,2018-09-09,15:08:06,Credit Card Bill Payment,UPI/Credit Card Bill Payment,472.82,INR,UPI,Debit,Bills,Jaipur,Rajasthan,India
3217,TXN003218,2018-09-09,15:32:31,Airtel,Auto Debit Airtel,982.15,INR,Auto Debit,Debit,Bills,Nagpur,Maharashtra,India
3218,TXN003219,2018-09-10,10:15:19,Municipal Water Department,Net Banking Payment Municipal Water Department,1459.41,INR,Net Banking,Debit,Bills,Indore,Madhya Pradesh,India
3219,TXN003220,2018-09-10,10:51:15,Third Wave Coffee,Debit Card Third Wave Coffee,1300.61,INR,Debit Card,Debit,Food,Mumbai,Maharashtra,India
3220,TXN003221,2018-09-10,10:54:50,BSNL,Net Banking Payment BSNL,1503.48,INR,Net Banking,Debit,Bills,Indore,Madhya Pradesh,India
3221,TXN003222,2018-09-10,11:16:29,Reliance Fresh,UPI/DR/207169001/Reliance Fresh,452.52,INR,UPI,Debit,Groceries,Bengaluru,Karnataka,India
3222,TXN003223,2018-09-10,13:45:17,Flipkart,POS Purchase Flipkart,1024.15,INR,Credit Card,Debit,Shopping,Jaipur,Rajasthan,India
3223,TXN003224,2018-09-10,14:55:42,Dish TV,Auto Debit Dish TV Subscription,688.43,INR,Auto Debit,Debit,Subscription,Pune,Maharashtra,India
3224,TXN003225,2018-09-10,15:56:54,DMart,POS Purchase DMart,866.58,INR,Credit Card,Debit,Groceries,Ahmedabad,Gujarat,India
3225,TXN003226,2018-09-10,16:50:17,Tata Power,Auto Debit Tata Power,1584.76,INR,Auto Debit,Debit,Bills,Jaipur,Rajasthan,India
3226,TXN003227,2018-09-10,18:31:05,Dish TV,Auto Debit Dish TV Subscription,246.99,INR,Auto Debit,Debit,Subscription,Pune,Maharashtra,India
3227,TXN003228,2018-09-11,08:12:26,Vegetable Market,UPI/Vegetable Market,564.03,INR,UPI,Debit,Other,Ahmedabad,Gujarat,India
3228,TXN003229,2018-09-11,09:52:41,Credit Card Bill Payment,Auto Debit Credit Card Bill Payment,1097.45,INR,Auto Debit,Debit,Bills,Pune,Maharashtra,India
3229,TXN003230,2018-09-11,14:58:39,Zomato,UPI/Paytm/Zomato,1902.19,INR,UPI,Debit,Food,Surat,Gujarat,India
3230,TXN003231,2018-09-11,17:32:44,HPCL,UPI/HPCL,3928.01,INR,UPI,Debit,Fuel,Surat,Gujarat,India
3231,TXN003232,2018-09-11,18:52:50,Blinkit,POS Purchase Blinkit,482.74,INR,Credit Card,Debit,Groceries,Nagpur,Maharashtra,India
3232,TXN003233,2018-09-12,00:12:26,Nykaa,Debit Card Nykaa,1021.45,INR,Debit Card,Debit,Shopping,Kolkata,West Bengal,India
3233,TXN003234,2018-09-12,02:14:42,Cafe Coffee Day,UPI/Paytm/Cafe Coffee Day,289.48,INR,UPI,Debit,Food,Jaipur,Rajasthan,India
3234,TXN003235,2018-09-12,08:32:35,Municipal Water Department,Auto Debit Municipal Water Department,4361.59,INR,Auto Debit,Debit,Bills,Indore,Madhya Pradesh,India
3235,TXN003236,2018-09-12,13:35:10,BookMyShow,POS Purchase BookMyShow,205.24,INR,Credit Card,Debit,Entertainment,Chennai,Tamil Nadu,India
3236,TXN003237,2018-09-12,14:11:54,Indian Oil,Debit Card Indian Oil,1763.48,INR,Debit Card,Debit,Fuel,Ahmedabad,Gujarat,India
3237,TXN003238,2018-09-12,15:19:16,McDonald's India,UPI/Paytm/McDonald's India,396.6,INR,UPI,Debit,Food,Lucknow,Uttar Pradesh,India
3238,TXN003239,2018-09-12,20:14:38,Indian Oil,UPI/Indian Oil,3850.66,INR,UPI,Debit,Fuel,Mumbai,Maharashtra,India
3239,TXN003240,2018-09-12,20:34:27,Jio,Net Banking Payment Jio,2923.96,INR,Net Banking,Debit,Bills,Hyderabad,Telangana,India
3240,TXN003241,2018-09-13,16:18:16,Credit Card Bill Payment,Auto Debit Credit Card Bill Payment,1525.27,INR,Auto Debit,Debit,Bills,Mumbai,Maharashtra,India
3241,TXN003242,2018-09-14,12:24:57,Credit Card Bill Payment,Auto Debit Credit Card Bill Payment,1145.86,INR,Auto Debit,Debit,Bills,Delhi,Delhi,India
3242,TXN003243,2018-09-14,12:30:34,Flipkart,Debit Card Flipkart,396.18,INR,Debit Card,Debit,Shopping,Bengaluru,Karnataka,India
3243,TXN003244,2018-09-14,13:18:36,Misc Vendor,UPI/Misc Vendor,731.22,INR,UPI,Debit,Other,Bengaluru,Karnataka,India
3244,TXN003245,2018-09-14,14:02:21,Home Depot India,UPI/Home Depot India,1724.03,INR,UPI,Debit,Miscellaneous,Lucknow,Uttar Pradesh,India
3245,TXN003246,2018-09-14,15:59:34,Spotify,Auto Debit Spotify Subscription,249.62,INR,Auto Debit,Debit,Subscription,Jaipur,Rajasthan,India
3246,TXN003247,2018-09-15,09:04:57,Credit Card Bill Payment,UPI/Credit Card Bill Payment,12197.62,INR,UPI,Debit,Bills,Indore,Madhya Pradesh,India
3247,TXN003248,2018-09-15,12:45:40,Employer Salary Credit,NEFT Salary Credit,44737.05,INR,NEFT,Credit,Salary,Bengaluru,Karnataka,India
3248,TXN003249,2018-09-15,21:15:47,Myntra,UPI Payment Myntra,942.73,INR,UPI,Debit,Shopping,Bengaluru,Karnataka,India
3249,TXN003250,2018-09-16,16:34:14,Amazon India,POS Purchase Amazon India,288.0,INR,Credit Card,Debit,Shopping,Delhi,Delhi,India
3250,TXN003251,2018-09-16,20:12:06,HPCL,UPI/HPCL,2011.51,INR,UPI,Debit,Fuel,Bengaluru,Karnataka,India
3251,TXN003252,2018-09-16,23:32:33,Employer Salary Credit,NEFT Salary Credit,58887.48,INR,NEFT,Credit,Salary,Kochi,Kerala,India
3252,TXN003253,2018-09-17,08:07:33,Meesho,UPI Payment Meesho,288.0,INR,UPI,Debit,Shopping,Bengaluru,Karnataka,India
3253,TXN003254,2018-09-17,11:53:32,Adani Electricity,Net Banking Payment Adani Electricity,3122.9,INR,Net Banking,Debit,Bills,Noida,Uttar Pradesh,India
3254,TXN003255,2018-09-17,12:09:12,Rapido,Debit Card Rapido,78.1,INR,Debit Card,Debit,Miscellaneous,Lucknow,Uttar Pradesh,India
3255,TXN003256,2018-09-17,13:37:46,Flower Shop,UPI/Flower Shop,127.89,INR,UPI,Debit,Other,Jaipur,Rajasthan,India
3256,TXN003257,2018-09-17,14:19:49,Home Depot India,UPI/Home Depot India,337.61,INR,UPI,Debit,Miscellaneous,Lucknow,Uttar Pradesh,India
3257,TXN003258,2018-09-17,14:47:56,Tata Power,Auto Debit Tata Power,428.29,INR,Auto Debit,Debit,Bills,Pune,Maharashtra,India
3258,TXN003259,2018-09-17,15:06:06,Indian Oil,UPI/Indian Oil,4791.24,INR,UPI,Debit,Fuel,Mumbai,Maharashtra,India
3259,TXN003260,2018-09-17,17:28:07,Starbucks India,POS Purchase Starbucks India,216.82,INR,Credit Card,Debit,Food,Hyderabad,Telangana,India
3260,TXN003261,2018-09-18,09:59:06,Credit Card Bill Payment,Auto Debit Credit Card Bill Payment,4381.49,INR,Auto Debit,Debit,Bills,Mumbai,Maharashtra,India
3261,TXN003262,2018-09-18,09:59:08,HDFC Ergo,Auto Debit HDFC Ergo Insurance Premium,8316.46,INR,Auto Debit,Debit,Insurance,Chennai,Tamil Nadu,India
3262,TXN003263,2018-09-18,12:55:14,DMart,Debit Card DMart,1008.65,INR,Debit Card,Debit,Groceries,Mumbai,Maharashtra,India
3263,TXN003264,2018-09-18,18:30:39,HPCL,Debit Card HPCL,4914.92,INR,Debit Card,Debit,Fuel,Mumbai,Maharashtra,India
3264,TXN003265,2018-09-18,20:04:36,DMart,UPI/DR/344432632/DMart,300.0,INR,UPI,Debit,Groceries,Kochi,Kerala,India
3265,TXN003266,2018-09-19,10:23:59,Naturals Salon,Cash Withdrawal ATM,1176.68,INR,Cash Withdrawal,Debit,Miscellaneous,Bengaluru,Karnataka,India
3266,TXN003267,2018-09-19,15:19:05,Credit Card Bill Payment,Auto Debit Credit Card Bill Payment,1218.96,INR,Auto Debit,Debit,Bills,Surat,Gujarat,India
3267,TXN003268,2018-09-19,15:25:40,Disney+ Hotstar,Auto Debit Disney+ Hotstar Subscription,179.46,INR,Auto Debit,Debit,Subscription,Lucknow,Uttar Pradesh,India
3268,TXN003269,2018-09-19,18:06:21,Barbeque Nation,Debit Card Barbeque Nation,727.16,INR,Debit Card,Debit,Food,Nagpur,Maharashtra,India
3269,TXN003270,2018-09-20,10:15:41,McDonald's India,UPI/Paytm/McDonald's India,170.36,INR,UPI,Debit,Food,Nagpur,Maharashtra,India
3270,TXN003271,2018-09-20,11:37:04,Blinkit,UPI/DR/506101350/Blinkit,821.77,INR,UPI,Debit,Groceries,Surat,Gujarat,India
3271,TXN003272,2018-09-20,11:55:24,Municipal Water Department,Auto Debit Municipal Water Department,1800.86,INR,Auto Debit,Debit,Bills,Jaipur,Rajasthan,India
3272,TXN003273,2018-09-20,13:08:36,McDonald's India,UPI/Paytm/McDonald's India,701.41,INR,UPI,Debit,Food,Ahmedabad,Gujarat,India
3273,TXN003274,2018-09-20,14:43:28,Burger King,UPI/Paytm/Burger King,129.56,INR,UPI,Debit,Food,Kochi,Kerala,India
3274,TXN003275,2018-09-20,17:24:49,Nature's Basket,UPI/DR/756441105/Nature's Basket,859.14,INR,UPI,Debit,Groceries,Lucknow,Uttar Pradesh,India
3275,TXN003276,2018-09-20,19:03:43,Jio Fiber,Net Banking Payment Jio Fiber,316.15,INR,Net Banking,Debit,Bills,Indore,Madhya Pradesh,India
3276,TXN003277,2018-09-20,21:36:40,DMart,UPI/DR/872608028/DMart,803.19,INR,UPI,Debit,Groceries,Bengaluru,Karnataka,India
3277,TXN003278,2018-09-21,07:59:04,Bakery,UPI/Bakery,328.26,INR,UPI,Debit,Other,Noida,Uttar Pradesh,India
3278,TXN003279,2018-09-21,09:58:22,Bakery,UPI/Bakery,401.64,INR,UPI,Debit,Other,Bengaluru,Karnataka,India
3279,TXN003280,2018-09-21,12:11:50,Credit Card Bill Payment,Net Banking Payment Credit Card Bill Payment,553.48,INR,Net Banking,Debit,Bills,Lucknow,Uttar Pradesh,India
3280,TXN003281,2018-09-21,12:32:25,Bharat Gas,Auto Debit Bharat Gas,1908.86,INR,Auto Debit,Debit,Bills,Hyderabad,Telangana,India
3281,TXN003282,2018-09-21,14:57:53,DMart,Debit Card DMart,862.89,INR,Debit Card,Debit,Groceries,Indore,Madhya Pradesh,India
3282,TXN003283,2018-09-21,17:27:44,Airtel,Auto Debit Airtel,1096.92,INR,Auto Debit,Debit,Bills,Nagpur,Maharashtra,India
3283,TXN003284,2018-09-21,19:19:30,Adani Electricity,Net Banking Payment Adani Electricity,2074.43,INR,Net Banking,Debit,Bills,Surat,Gujarat,India
3284,TXN003285,2018-09-21,19:44:34,Credit Card Bill Payment,Auto Debit Credit Card Bill Payment,1210.75,INR,Auto Debit,Debit,Bills,Ahmedabad,Gujarat,India
3285,TXN003286,2018-09-21,22:38:38,Reliance Fresh,UPI/DR/420486085/Reliance Fresh,922.53,INR,UPI,Debit,Groceries,Nagpur,Maharashtra,India
3286,TXN003287,2018-09-21,23:05:23,BookMyShow,UPI Payment BookMyShow,546.43,INR,UPI,Debit,Entertainment,Noida,Uttar Pradesh,India
3287,TXN003288,2018-09-22,04:00:57,Jio Fiber,Net Banking Payment Jio Fiber,2873.29,INR,Net Banking,Debit,Bills,Delhi,Delhi,India
3288,TXN003289,2018-09-22,09:14:10,Swiggy,UPI/Paytm/Swiggy,2335.29,INR,UPI,Debit,Food,Chennai,Tamil Nadu,India
3289,TXN003290,2018-09-22,10:21:56,BSNL,Auto Debit BSNL,3653.69,INR,Auto Debit,Debit,Bills,Delhi,Delhi,India
3290,TXN003291,2018-09-22,14:58:21,Municipal Water Department,UPI/Municipal Water Department,659.86,INR,UPI,Debit,Bills,Jaipur,Rajasthan,India
3291,TXN003292,2018-09-22,17:06:22,BSNL,Net Banking Payment BSNL,3200.47,INR,Net Banking,Debit,Bills,Delhi,Delhi,India
3292,TXN003293,2018-09-22,17:38:51,Credit Card Bill Payment,Auto Debit Credit Card Bill Payment,3406.1,INR,Auto Debit,Debit,Bills,Indore,Madhya Pradesh,India
3293,TXN003294,2018-09-23,08:22:30,Zomato,UPI/Paytm/Zomato,239.98,INR,UPI,Debit,Food,Noida,Uttar Pradesh,India
3294,TXN003295,2018-09-23,12:46:07,Tata 1mg,Debit Card Tata 1mg,4110.68,INR,Debit Card,Debit,Miscellaneous,Indore,Madhya Pradesh,India
3295,TXN003296,2018-09-23,12:54:10,Flower Shop,UPI/Flower Shop,372.41,INR,UPI,Debit,Other,Bengaluru,Karnataka,India
3296,TXN003297,2018-09-23,14:30:37,Vegetable Market,UPI/Vegetable Market,311.39,INR,UPI,Debit,Other,Bengaluru,Karnataka,India
3297,TXN003298,2018-09-24,08:46:09,Municipal Water Department,Auto Debit Municipal Water Department,3474.71,INR,Auto Debit,Debit,Bills,Kolkata,West Bengal,India
3298,TXN003299,2018-09-24,13:40:56,Ajio,UPI Payment Ajio,288.0,INR,UPI,Debit,Shopping,Jaipur,Rajasthan,India
3299,TXN003300,2018-09-24,14:15:28,Credit Card Bill Payment,Auto Debit Credit Card Bill Payment,2729.29,INR,Auto Debit,Debit,Bills,Jaipur,Rajasthan,India
3300,TXN003301,2018-09-24,17:30:17,Credit Card Bill Payment,Auto Debit Credit Card Bill Payment,187.0,INR,Auto Debit,Debit,Bills,Mumbai,Maharashtra,India
3301,TXN003302,2018-09-24,19:16:46,Nature's Basket,Debit Card Nature's Basket,574.41,INR,Debit Card,Debit,Groceries,Delhi,Delhi,India
3302,TXN003303,2018-09-24,20:17:37,Street Vendor,UPI/Street Vendor,246.47,INR,UPI,Debit,Other,Lucknow,Uttar Pradesh,India
3303,TXN003304,2018-09-25,07:24:54,HP Gas,Net Banking Payment HP Gas,1705.74,INR,Net Banking,Debit,Bills,Kolkata,West Bengal,India
3304,TXN003305,2018-09-25,08:17:36,Jio,Auto Debit Jio,1763.21,INR,Auto Debit,Debit,Bills,Surat,Gujarat,India
3305,TXN003306,2018-09-25,10:16:18,Credit Card Bill Payment,Net Banking Payment Credit Card Bill Payment,1238.2,INR,Net Banking,Debit,Bills,Lucknow,Uttar Pradesh,India
3306,TXN003307,2018-09-25,12:05:31,Blinkit,UPI/DR/777566277/Blinkit,979.76,INR,UPI,Debit,Groceries,Lucknow,Uttar Pradesh,India
3307,TXN003308,2018-09-25,13:05:25,Third Wave Coffee,UPI/Paytm/Third Wave Coffee,2123.36,INR,UPI,Debit,Food,Noida,Uttar Pradesh,India
3308,TXN003309,2018-09-25,13:55:17,Zomato,UPI/Paytm/Zomato,396.47,INR,UPI,Debit,Food,Mumbai,Maharashtra,India
3309,TXN003310,2018-09-25,20:06:57,Barbeque Nation,UPI/Paytm/Barbeque Nation,1200.93,INR,UPI,Debit,Food,Jaipur,Rajasthan,India
3310,TXN003311,2018-09-26,00:44:38,Spotify,Auto Debit Spotify Subscription,149.0,INR,Auto Debit,Debit,Subscription,Kolkata,West Bengal,India
3311,TXN003312,2018-09-26,07:59:12,Jio,Auto Debit Jio,2472.08,INR,Auto Debit,Debit,Bills,Ahmedabad,Gujarat,India
3312,TXN003313,2018-09-26,09:52:46,Domino's India,UPI/Paytm/Domino's India,116.0,INR,UPI,Debit,Food,Nagpur,Maharashtra,India
3313,TXN003314,2018-09-26,13:08:04,Municipal Water Department,Net Banking Payment Municipal Water Department,187.0,INR,Net Banking,Debit,Bills,Mumbai,Maharashtra,India
3314,TXN003315,2018-09-26,14:05:52,Flipkart,Debit Card Flipkart,288.0,INR,Debit Card,Debit,Shopping,Pune,Maharashtra,India
3315,TXN003316,2018-09-26,19:20:27,HP Gas,Auto Debit HP Gas,1155.49,INR,Auto Debit,Debit,Bills,Jaipur,Rajasthan,India
3316,TXN003317,2018-09-26,20:30:33,Domino's India,UPI/Paytm/Domino's India,116.0,INR,UPI,Debit,Food,Lucknow,Uttar Pradesh,India
3317,TXN003318,2018-09-27,06:11:12,Tata 1mg,Debit Card Tata 1mg,586.63,INR,Debit Card,Debit,Miscellaneous,Lucknow,Uttar Pradesh,India
3318,TXN003319,2018-09-27,08:41:48,Domino's India,POS Purchase Domino's India,116.0,INR,Credit Card,Debit,Food,Surat,Gujarat,India
3319,TXN003320,2018-09-27,10:39:43,Credit Card Bill Payment,Auto Debit Credit Card Bill Payment,666.19,INR,Auto Debit,Debit,Bills,Jaipur,Rajasthan,India
3320,TXN003321,2018-09-27,10:40:14,Toit Brewpub,Debit Card Toit Brewpub,249.9,INR,Debit Card,Debit,Food,Indore,Madhya Pradesh,India
3321,TXN003322,2018-09-28,08:29:56,BPCL,UPI/BPCL,2540.6,INR,UPI,Debit,Fuel,Surat,Gujarat,India
3322,TXN003323,2018-09-28,11:12:44,BEST,Net Banking Payment BEST,2893.13,INR,Net Banking,Debit,Bills,Surat,Gujarat,India
3323,TXN003324,2018-09-28,11:34:18,Blinkit,POS Purchase Blinkit,1496.16,INR,Credit Card,Debit,Groceries,Hyderabad,Telangana,India
3324,TXN003325,2018-09-28,12:41:48,Third Wave Coffee,POS Purchase Third Wave Coffee,268.5,INR,Credit Card,Debit,Food,Bengaluru,Karnataka,India
3325,TXN003326,2018-09-28,13:36:41,EatClub,Debit Card EatClub,522.43,INR,Debit Card,Debit,Food,Delhi,Delhi,India
3326,TXN003327,2018-09-28,15:12:24,Employer Salary Credit,NEFT Salary Credit,50121.77,INR,NEFT,Credit,Salary,Kolkata,West Bengal,India
3327,TXN003328,2018-09-28,22:20:45,Naturals Salon,UPI/Naturals Salon,2875.04,INR,UPI,Debit,Miscellaneous,Bengaluru,Karnataka,India
3328,TXN003329,2018-09-29,08:38:33,Kirana Shop,UPI/Kirana Shop,2173.21,INR,UPI,Debit,Other,Delhi,Delhi,India
3329,TXN003330,2018-09-29,10:27:10,McDonald's India,UPI/Paytm/McDonald's India,330.55,INR,UPI,Debit,Food,Bengaluru,Karnataka,India
3330,TXN003331,2018-09-29,12:33:28,Jio,UPI/Jio,2938.35,INR,UPI,Debit,Bills,Indore,Madhya Pradesh,India
3331,TXN003332,2018-09-29,12:34:41,Barbeque Nation,POS Purchase Barbeque Nation,159.38,INR,Credit Card,Debit,Food,Bengaluru,Karnataka,India
3332,TXN003333,2018-09-29,12:42:49,House Rent Payment,NEFT Rent Payment,47390.24,INR,NEFT,Debit,Rent,Delhi,Delhi,India
3333,TXN003334,2018-09-29,13:56:57,Myntra,POS Purchase Myntra,288.0,INR,Credit Card,Debit,Shopping,Jaipur,Rajasthan,India
3334,TXN003335,2018-09-29,13:59:39,Third Wave Coffee,Debit Card Third Wave Coffee,528.1,INR,Debit Card,Debit,Food,Delhi,Delhi,India
3335,TXN003336,2018-09-29,15:54:45,Reliance Fresh,Debit Card Reliance Fresh,596.89,INR,Debit Card,Debit,Groceries,Bengaluru,Karnataka,India
3336,TXN003337,2018-09-29,17:07:49,Zomato,UPI/Paytm/Zomato,225.15,INR,UPI,Debit,Food,Kolkata,West Bengal,India
3337,TXN003338,2018-09-29,19:00:21,Burger King,UPI/Paytm/Burger King,2208.48,INR,UPI,Debit,Food,Bengaluru,Karnataka,India
3338,TXN003339,2018-09-30,06:25:37,Airtel,Auto Debit Airtel,382.14,INR,Auto Debit,Debit,Bills,Jaipur,Rajasthan,India
3339,TXN003340,2018-09-30,09:58:12,Nykaa,POS Purchase Nykaa,288.0,INR,Credit Card,Debit,Shopping,Chennai,Tamil Nadu,India
3340,TXN003341,2018-09-30,15:50:55,Reliance Fresh,UPI/DR/795720929/Reliance Fresh,714.23,INR,UPI,Debit,Groceries,Mumbai,Maharashtra,India
3341,TXN003342,2018-09-30,17:03:44,Home Depot India,Debit Card Home Depot India,744.12,INR,Debit Card,Debit,Miscellaneous,Noida,Uttar Pradesh,India
3342,TXN003343,2018-09-30,17:20:10,Meesho,Debit Card Meesho,288.0,INR,Debit Card,Debit,Shopping,Hyderabad,Telangana,India
3343,TXN003344,2018-09-30,18:35:32,Indian Oil,UPI/Indian Oil,3331.23,INR,UPI,Debit,Fuel,Noida,Uttar Pradesh,India
3344,TXN003345,2018-09-30,18:55:07,Indian Oil,UPI/Indian Oil,2187.64,INR,UPI,Debit,Fuel,Kochi,Kerala,India
3345,TXN003346,2018-09-30,20:29:22,Airtel,Auto Debit Airtel,1495.74,INR,Auto Debit,Debit,Bills,Nagpur,Maharashtra,India
3346,TXN003347,2018-10-01,07:16:13,Credit Card Bill Payment,Net Banking Payment Credit Card Bill Payment,3757.84,INR,Net Banking,Debit,Bills,Kochi,Kerala,India
3347,TXN003348,2018-10-01,09:08:46,Flipkart,POS Purchase Flipkart,288.0,INR,Credit Card,Debit,Shopping,Surat,Gujarat,India
3348,TXN003349,2018-10-02,12:57:10,Reliance Fresh,UPI/DR/250806165/Reliance Fresh,1444.23,INR,UPI,Debit,Groceries,Chennai,Tamil Nadu,India
3349,TXN003350,2018-10-02,15:21:05,Flipkart,Debit Card Flipkart,368.12,INR,Debit Card,Debit,Shopping,Kochi,Kerala,India
3350,TXN003351,2018-10-02,18:24:42,BookMyShow,UPI Payment BookMyShow,318.83,INR,UPI,Debit,Entertainment,Surat,Gujarat,India
3351,TXN003352,2018-10-02,19:15:39,HPCL,Cash Withdrawal ATM,4075.15,INR,Cash Withdrawal,Debit,Fuel,Kolkata,West Bengal,India
3352,TXN003353,2018-10-03,08:46:57,Domino's India,UPI/Paytm/Domino's India,116.0,INR,UPI,Debit,Food,Noida,Uttar Pradesh,India
3353,TXN003354,2018-10-03,09:35:34,HPCL,UPI/HPCL,1673.94,INR,UPI,Debit,Fuel,Mumbai,Maharashtra,India
3354,TXN003355,2018-10-03,11:05:17,Burger King,UPI/Paytm/Burger King,1486.27,INR,UPI,Debit,Food,Pune,Maharashtra,India
3355,TXN003356,2018-10-03,11:38:02,Credit Card Bill Payment,Auto Debit Credit Card Bill Payment,3739.66,INR,Auto Debit,Debit,Bills,Kolkata,West Bengal,India
3356,TXN003357,2018-10-03,13:04:19,Indane Gas,Auto Debit Indane Gas,2434.27,INR,Auto Debit,Debit,Bills,Ahmedabad,Gujarat,India
3357,TXN003358,2018-10-03,15:07:17,BookMyShow,UPI Payment BookMyShow,149.0,INR,UPI,Debit,Entertainment,Pune,Maharashtra,India
3358,TXN003359,2018-10-03,16:45:18,Credit Card Bill Payment,Net Banking Payment Credit Card Bill Payment,1635.66,INR,Net Banking,Debit,Bills,Surat,Gujarat,India
3359,TXN003360,2018-10-03,17:13:58,HP Gas,Net Banking Payment HP Gas,720.38,INR,Net Banking,Debit,Bills,Jaipur,Rajasthan,India
3360,TXN003361,2018-10-04,07:53:30,Burger King,Debit Card Burger King,365.39,INR,Debit Card,Debit,Food,Delhi,Delhi,India
3361,TXN003362,2018-10-04,09:30:43,Nature's Basket,UPI/DR/614345062/Nature's Basket,407.87,INR,UPI,Debit,Groceries,Chennai,Tamil Nadu,India
3362,TXN003363,2018-10-04,12:52:01,Kirana Shop,UPI/Kirana Shop,45.82,INR,UPI,Debit,Other,Mumbai,Maharashtra,India
3363,TXN003364,2018-10-04,13:46:12,Credit Card Bill Payment,Net Banking Payment Credit Card Bill Payment,1227.02,INR,Net Banking,Debit,Bills,Lucknow,Uttar Pradesh,India
3364,TXN003365,2018-10-04,14:38:41,Indian Oil,Debit Card Indian Oil,1595.46,INR,Debit Card,Debit,Fuel,Nagpur,Maharashtra,India
3365,TXN003366,2018-10-04,15:04:01,Unknown Merchant,Debit Card Unknown Merchant,855.88,INR,Debit Card,Debit,Other,Delhi,Delhi,India
3366,TXN003367,2018-10-04,18:53:57,Jio Fiber,UPI/Jio Fiber,4846.03,INR,UPI,Debit,Bills,Chennai,Tamil Nadu,India
3367,TXN003368,2018-10-05,10:45:41,Zepto,UPI/DR/641051458/Zepto,655.84,INR,UPI,Debit,Groceries,Pune,Maharashtra,India
3368,TXN003369,2018-10-05,15:11:01,Indian Oil,UPI/Indian Oil,3707.69,INR,UPI,Debit,Fuel,Delhi,Delhi,India
3369,TXN003370,2018-10-06,13:07:00,Social,UPI/Paytm/Social,1420.39,INR,UPI,Debit,Food,Mumbai,Maharashtra,India
3370,TXN003371,2018-10-06,14:27:18,Naturals Salon,UPI/Naturals Salon,88.18,INR,UPI,Debit,Miscellaneous,Jaipur,Rajasthan,India
3371,TXN003372,2018-10-06,15:58:28,Tea Stall,Cash Withdrawal ATM,123.68,INR,Cash Withdrawal,Debit,Other,Hyderabad,Telangana,India
3372,TXN003373,2018-10-07,16:42:52,Kirana Shop,UPI/Kirana Shop,2235.96,INR,UPI,Debit,Other,Mumbai,Maharashtra,India
3373,TXN003374,2018-10-07,21:46:02,Uber,UPI/Uber,81.73,INR,UPI,Debit,Miscellaneous,Chennai,Tamil Nadu,India
3374,TXN003375,2018-10-08,09:20:20,Meesho,POS Purchase Meesho,1842.74,INR,Credit Card,Debit,Shopping,Hyderabad,Telangana,India
3375,TXN003376,2018-10-08,17:12:12,Municipal Water Department,Auto Debit Municipal Water Department,3747.9,INR,Auto Debit,Debit,Bills,Noida,Uttar Pradesh,India
3376,TXN003377,2018-10-09,12:56:24,Indian Oil,UPI/Indian Oil,3039.27,INR,UPI,Debit,Fuel,Kolkata,West Bengal,India
3377,TXN003378,2018-10-09,17:19:16,Airtel,Auto Debit Airtel,403.48,INR,Auto Debit,Debit,Bills,Surat,Gujarat,India
3378,TXN003379,2018-10-10,11:39:42,Ace Hardware India,Cash Withdrawal ATM,409.67,INR,Cash Withdrawal,Debit,Miscellaneous,Mumbai,Maharashtra,India
3379,TXN003380,2018-10-10,19:02:18,HP Gas,Auto Debit HP Gas,4131.23,INR,Auto Debit,Debit,Bills,Mumbai,Maharashtra,India
3380,TXN003381,2018-10-10,19:50:51,Amazon India,POS Purchase Amazon India,288.0,INR,Credit Card,Debit,Shopping,Chennai,Tamil Nadu,India
3381,TXN003382,2018-10-11,08:17:40,BigBasket,UPI/DR/397302928/BigBasket,975.6,INR,UPI,Debit,Groceries,Lucknow,Uttar Pradesh,India
3382,TXN003383,2018-10-11,10:50:08,Domino's India,UPI/Paytm/Domino's India,236.72,INR,UPI,Debit,Food,Surat,Gujarat,India
3383,TXN003384,2018-10-12,08:43:29,BPCL,Debit Card BPCL,3585.23,INR,Debit Card,Debit,Fuel,Mumbai,Maharashtra,India
3384,TXN003385,2018-10-12,09:04:32,Credit Card Bill Payment,Net Banking Payment Credit Card Bill Payment,1917.57,INR,Net Banking,Debit,Bills,Hyderabad,Telangana,India
3385,TXN003386,2018-10-12,11:25:08,Airtel,Auto Debit Airtel,3168.78,INR,Auto Debit,Debit,Bills,Delhi,Delhi,India
3386,TXN003387,2018-10-12,17:35:35,Flipkart,UPI Payment Flipkart,288.0,INR,UPI,Debit,Shopping,Chennai,Tamil Nadu,India
3387,TXN003388,2018-10-12,17:53:26,Spotify,Auto Debit Spotify Subscription,225.39,INR,Auto Debit,Debit,Subscription,Pune,Maharashtra,India
3388,TXN003389,2018-10-12,20:39:48,Airtel,Auto Debit Airtel,3492.03,INR,Auto Debit,Debit,Bills,Chennai,Tamil Nadu,India
3389,TXN003390,2018-10-13,12:15:42,House Rent Payment,IMPS Rent Payment,8423.9,INR,IMPS,Debit,Rent,Chennai,Tamil Nadu,India
3390,TXN003391,2018-10-13,15:14:48,Ajio,UPI Payment Ajio,1620.18,INR,UPI,Debit,Shopping,Jaipur,Rajasthan,India
3391,TXN003392,2018-10-13,16:33:05,BSNL,Auto Debit BSNL,2980.17,INR,Auto Debit,Debit,Bills,Ahmedabad,Gujarat,India
3392,TXN003393,2018-10-13,17:54:30,Bharat Gas,UPI/Bharat Gas,3003.78,INR,UPI,Debit,Bills,Indore,Madhya Pradesh,India
3393,TXN003394,2018-10-14,10:06:33,House Rent Payment,NEFT Rent Payment,8441.21,INR,NEFT,Debit,Rent,Indore,Madhya Pradesh,India
3394,TXN003395,2018-10-14,12:57:41,Blinkit,Debit Card Blinkit,300.0,INR,Debit Card,Debit,Groceries,Kochi,Kerala,India
3395,TXN003396,2018-10-15,05:11:19,Netflix,Auto Debit Netflix Subscription,175.93,INR,Auto Debit,Debit,Subscription,Ahmedabad,Gujarat,India
3396,TXN003397,2018-10-15,10:07:29,HP Gas,Auto Debit HP Gas,1887.9,INR,Auto Debit,Debit,Bills,Mumbai,Maharashtra,India
3397,TXN003398,2018-10-15,14:33:45,McDonald's India,Debit Card McDonald's India,116.0,INR,Debit Card,Debit,Food,Lucknow,Uttar Pradesh,India
3398,TXN003399,2018-10-15,17:53:44,Bharat Gas,UPI/Bharat Gas,2537.97,INR,UPI,Debit,Bills,Kolkata,West Bengal,India
3399,TXN003400,2018-10-15,19:38:47,Street Vendor,UPI/Street Vendor,167.21,INR,UPI,Debit,Other,Nagpur,Maharashtra,India
3400,TXN003401,2018-10-16,17:45:23,Disney+ Hotstar,Auto Debit Disney+ Hotstar Subscription,149.0,INR,Auto Debit,Debit,Subscription,Indore,Madhya Pradesh,India
3401,TXN003402,2018-10-16,19:38:39,Domino's India,UPI/Paytm/Domino's India,205.3,INR,UPI,Debit,Food,Surat,Gujarat,India
3402,TXN003403,2018-10-16,19:58:42,Reliance Fresh,POS Purchase Reliance Fresh,614.49,INR,Credit Card,Debit,Groceries,Lucknow,Uttar Pradesh,India
3403,TXN003404,2018-10-16,23:29:48,BEST,Auto Debit BEST,337.64,INR,Auto Debit,Debit,Bills,Jaipur,Rajasthan,India
3404,TXN003405,2018-10-17,12:06:10,Misc Vendor,UPI/Misc Vendor,703.43,INR,UPI,Debit,Other,Hyderabad,Telangana,India
3405,TXN003406,2018-10-18,15:52:00,DMart,UPI/DR/932010779/DMart,864.98,INR,UPI,Debit,Groceries,Kolkata,West Bengal,India
3406,TXN003407,2018-10-18,18:08:41,McDonald's India,Debit Card McDonald's India,490.45,INR,Debit Card,Debit,Food,Kochi,Kerala,India
3407,TXN003408,2018-10-18,21:15:06,Swiggy,POS Purchase Swiggy,116.0,INR,Credit Card,Debit,Food,Chennai,Tamil Nadu,India
3408,TXN003409,2018-10-19,12:50:13,Employer Salary Credit,NEFT Salary Credit,48070.6,INR,NEFT,Credit,Salary,Delhi,Delhi,India
3409,TXN003410,2018-10-19,13:02:52,Credit Card Bill Payment,Auto Debit Credit Card Bill Payment,1697.05,INR,Auto Debit,Debit,Bills,Kochi,Kerala,India
3410,TXN003411,2018-10-19,18:30:44,Netflix,Auto Debit Netflix Subscription,380.44,INR,Auto Debit,Debit,Subscription,Indore,Madhya Pradesh,India
3411,TXN003412,2018-10-19,19:56:18,BookMyShow,UPI Payment BookMyShow,429.07,INR,UPI,Debit,Entertainment,Ahmedabad,Gujarat,India
3412,TXN003413,2018-10-20,03:40:01,Credit Card Bill Payment,Auto Debit Credit Card Bill Payment,234.5,INR,Auto Debit,Debit,Bills,Chennai,Tamil Nadu,India
3413,TXN003414,2018-10-20,09:47:09,Credit Card Bill Payment,Net Banking Payment Credit Card Bill Payment,831.69,INR,Net Banking,Debit,Bills,Kolkata,West Bengal,India
3414,TXN003415,2018-10-20,10:00:15,Local Hardware Store,POS Purchase Local Hardware Store,150.66,INR,Credit Card,Debit,Miscellaneous,Kolkata,West Bengal,India
3415,TXN003416,2018-10-20,10:21:05,Jio Fiber,Auto Debit Jio Fiber,1362.55,INR,Auto Debit,Debit,Bills,Kochi,Kerala,India
3416,TXN003417,2018-10-20,12:38:50,Jio,Auto Debit Jio,1523.77,INR,Auto Debit,Debit,Bills,Jaipur,Rajasthan,India
3417,TXN003418,2018-10-20,19:09:20,Credit Card Bill Payment,Net Banking Payment Credit Card Bill Payment,319.41,INR,Net Banking,Debit,Bills,Kochi,Kerala,India
3418,TXN003419,2018-10-21,00:27:20,Ajio,POS Purchase Ajio,288.0,INR,Credit Card,Debit,Shopping,Bengaluru,Karnataka,India
3419,TXN003420,2018-10-21,12:23:44,The Beer Cafe,UPI/Paytm/The Beer Cafe,237.02,INR,UPI,Debit,Food,Surat,Gujarat,India
3420,TXN003421,2018-10-21,12:28:48,Credit Card Bill Payment,Auto Debit Credit Card Bill Payment,997.5,INR,Auto Debit,Debit,Bills,Bengaluru,Karnataka,India
3421,TXN003422,2018-10-21,14:08:44,Local Wine & Beer Shop,UPI/Paytm/Local Wine & Beer Shop,116.0,INR,UPI,Debit,Food,Kochi,Kerala,India
3422,TXN003423,2018-10-21,17:39:56,Municipal Water Department,Net Banking Payment Municipal Water Department,1601.11,INR,Net Banking,Debit,Bills,Kochi,Kerala,India
3423,TXN003424,2018-10-22,05:56:20,Nature's Basket,Debit Card Nature's Basket,1147.5,INR,Debit Card,Debit,Groceries,Ahmedabad,Gujarat,India
3424,TXN003425,2018-10-22,16:28:23,BEST,Net Banking Payment BEST,787.9,INR,Net Banking,Debit,Bills,Lucknow,Uttar Pradesh,India
3425,TXN003426,2018-10-22,18:26:50,Kirana Shop,UPI/Kirana Shop,1842.15,INR,UPI,Debit,Other,Lucknow,Uttar Pradesh,India
3426,TXN003427,2018-10-22,18:53:08,Municipal Water Department,Auto Debit Municipal Water Department,918.19,INR,Auto Debit,Debit,Bills,Hyderabad,Telangana,India
3427,TXN003428,2018-10-22,22:36:28,Municipal Water Department,Net Banking Payment Municipal Water Department,1344.72,INR,Net Banking,Debit,Bills,Chennai,Tamil Nadu,India
3428,TXN003429,2018-10-23,10:52:06,Employer Salary Credit,NEFT Salary Credit,45805.96,INR,NEFT,Credit,Salary,Chennai,Tamil Nadu,India
3429,TXN003430,2018-10-23,22:43:13,General Store,UPI/General Store,1695.79,INR,UPI,Debit,Other,Lucknow,Uttar Pradesh,India
3430,TXN003431,2018-10-24,10:04:35,Cafe Coffee Day,UPI/Paytm/Cafe Coffee Day,504.5,INR,UPI,Debit,Food,Kolkata,West Bengal,India
3431,TXN003432,2018-10-24,21:01:22,Credit Card Bill Payment,Net Banking Payment Credit Card Bill Payment,213.6,INR,Net Banking,Debit,Bills,Delhi,Delhi,India
3432,TXN003433,2018-10-25,00:37:14,KFC India,UPI/Paytm/KFC India,684.16,INR,UPI,Debit,Food,Pune,Maharashtra,India
3433,TXN003434,2018-10-25,07:31:35,Cafe Coffee Day,POS Purchase Cafe Coffee Day,2053.09,INR,Credit Card,Debit,Food,Noida,Uttar Pradesh,India
3434,TXN003435,2018-10-25,15:35:46,Credit Card Bill Payment,Auto Debit Credit Card Bill Payment,739.76,INR,Auto Debit,Debit,Bills,Kochi,Kerala,India
3435,TXN003436,2018-10-26,14:49:17,Domino's India,Debit Card Domino's India,1345.3,INR,Debit Card,Debit,Food,Bengaluru,Karnataka,India
3436,TXN003437,2018-10-26,19:36:50,Municipal Water Department,Auto Debit Municipal Water Department,591.32,INR,Auto Debit,Debit,Bills,Bengaluru,Karnataka,India
3437,TXN003438,2018-10-27,00:58:35,Credit Card Bill Payment,Net Banking Payment Credit Card Bill Payment,187.0,INR,Net Banking,Debit,Bills,Chennai,Tamil Nadu,India
3438,TXN003439,2018-10-27,10:21:59,Apollo Pharmacy,UPI/Apollo Pharmacy,1260.27,INR,UPI,Debit,Miscellaneous,Hyderabad,Telangana,India
3439,TXN003440,2018-10-27,11:54:05,Cafe Coffee Day,POS Purchase Cafe Coffee Day,526.8,INR,Credit Card,Debit,Food,Hyderabad,Telangana,India
3440,TXN003441,2018-10-27,12:04:31,Street Vendor,UPI/Street Vendor,157.47,INR,UPI,Debit,Other,Hyderabad,Telangana,India
3441,TXN003442,2018-10-28,11:02:42,IRCTC,UPI/IRCTC,1321.61,INR,UPI,Debit,Miscellaneous,Jaipur,Rajasthan,India
3442,TXN003443,2018-10-30,09:52:09,House Rent Payment,NEFT Rent Payment,42775.53,INR,NEFT,Debit,Rent,Kochi,Kerala,India
3443,TXN003444,2018-10-30,16:05:45,BookMyShow,UPI Payment BookMyShow,324.82,INR,UPI,Debit,Entertainment,Hyderabad,Telangana,India
3444,TXN003445,2018-10-31,00:49:29,Myntra,UPI Payment Myntra,5505.56,INR,UPI,Debit,Shopping,Hyderabad,Telangana,India
3445,TXN003446,2018-10-31,11:44:07,Municipal Water Department,Net Banking Payment Municipal Water Department,541.39,INR,Net Banking,Debit,Bills,Surat,Gujarat,India
3446,TXN003447,2018-10-31,12:05:40,BookMyShow,Debit Card BookMyShow,263.45,INR,Debit Card,Debit,Entertainment,Kochi,Kerala,India
3447,TXN003448,2018-10-31,12:36:42,Reliance Fresh,UPI/DR/256980036/Reliance Fresh,892.33,INR,UPI,Debit,Groceries,Kochi,Kerala,India
3448,TXN003449,2018-10-31,12:55:30,Credit Card Bill Payment,Net Banking Payment Credit Card Bill Payment,2965.1,INR,Net Banking,Debit,Bills,Indore,Madhya Pradesh,India
3449,TXN003450,2018-11-01,10:25:07,Vegetable Market,UPI/Vegetable Market,306.58,INR,UPI,Debit,Other,Bengaluru,Karnataka,India
3450,TXN003451,2018-11-01,11:57:31,House Rent Payment,NEFT Rent Payment,33223.2,INR,NEFT,Debit,Rent,Pune,Maharashtra,India
3451,TXN003452,2018-11-01,13:15:27,Spotify,Auto Debit Spotify Subscription,440.41,INR,Auto Debit,Debit,Subscription,Mumbai,Maharashtra,India
3452,TXN003453,2018-11-01,15:30:08,Mobile Repair,UPI/Mobile Repair,730.58,INR,UPI,Debit,Other,Kochi,Kerala,India
3453,TXN003454,2018-11-01,15:47:07,House Rent Payment,IMPS Rent Payment,35646.96,INR,IMPS,Debit,Rent,Jaipur,Rajasthan,India
3454,TXN003455,2018-11-01,16:54:54,KFC India,UPI/Paytm/KFC India,541.01,INR,UPI,Debit,Food,Hyderabad,Telangana,India
3455,TXN003456,2018-11-02,09:05:20,Bakery,UPI/Bakery,318.03,INR,UPI,Debit,Other,Chennai,Tamil Nadu,India
3456,TXN003457,2018-11-02,10:19:36,Tea Stall,UPI/Tea Stall,57.16,INR,UPI,Debit,Other,Ahmedabad,Gujarat,India
3457,TXN003458,2018-11-02,10:46:51,BPCL,UPI/BPCL,2459.33,INR,UPI,Debit,Fuel,Jaipur,Rajasthan,India
3458,TXN003459,2018-11-02,12:00:13,BEST,Auto Debit BEST,3616.8,INR,Auto Debit,Debit,Bills,Nagpur,Maharashtra,India
3459,TXN003460,2018-11-02,13:25:03,Bharat Gas,Auto Debit Bharat Gas,1840.46,INR,Auto Debit,Debit,Bills,Jaipur,Rajasthan,India
3460,TXN003461,2018-11-02,19:21:59,Street Vendor,UPI/Street Vendor,107.68,INR,UPI,Debit,Other,Surat,Gujarat,India
3461,TXN003462,2018-11-03,10:19:42,Local Services,UPI/Local Services,400.75,INR,UPI,Debit,Other,Bengaluru,Karnataka,India
3462,TXN003463,2018-11-03,15:06:52,Tea Stall,UPI/Tea Stall,33.51,INR,UPI,Debit,Other,Jaipur,Rajasthan,India
3463,TXN003464,2018-11-03,19:04:16,Ajio,POS Purchase Ajio,288.0,INR,Credit Card,Debit,Shopping,Surat,Gujarat,India
3464,TXN003465,2018-11-04,10:33:42,BPCL,Debit Card BPCL,3666.89,INR,Debit Card,Debit,Fuel,Indore,Madhya Pradesh,India
3465,TXN003466,2018-11-04,11:19:50,Domino's India,UPI/Paytm/Domino's India,217.39,INR,UPI,Debit,Food,Ahmedabad,Gujarat,India
3466,TXN003467,2018-11-04,15:54:52,Bharat Gas,Net Banking Payment Bharat Gas,537.83,INR,Net Banking,Debit,Bills,Chennai,Tamil Nadu,India
3467,TXN003468,2018-11-04,18:18:39,BigBasket,Debit Card BigBasket,1304.04,INR,Debit Card,Debit,Groceries,Indore,Madhya Pradesh,India
3468,TXN003469,2018-11-04,19:32:08,Third Wave Coffee,Debit Card Third Wave Coffee,116.0,INR,Debit Card,Debit,Food,Hyderabad,Telangana,India
3469,TXN003470,2018-11-04,20:26:21,Jio,Auto Debit Jio,599.24,INR,Auto Debit,Debit,Bills,Mumbai,Maharashtra,India
3470,TXN003471,2018-11-05,03:43:46,Reliance Fresh,Debit Card Reliance Fresh,880.71,INR,Debit Card,Debit,Groceries,Lucknow,Uttar Pradesh,India
3471,TXN003472,2018-11-05,07:22:10,Flower Shop,Cash Withdrawal ATM,330.97,INR,Cash Withdrawal,Debit,Other,Bengaluru,Karnataka,India
3472,TXN003473,2018-11-05,08:10:20,KFC India,UPI/Paytm/KFC India,139.34,INR,UPI,Debit,Food,Kochi,Kerala,India
3473,TXN003474,2018-11-05,08:28:02,Indian Oil,Debit Card Indian Oil,3687.86,INR,Debit Card,Debit,Fuel,Kolkata,West Bengal,India
3474,TXN003475,2018-11-05,13:39:34,Credit Card Bill Payment,UPI/Credit Card Bill Payment,644.11,INR,UPI,Debit,Bills,Bengaluru,Karnataka,India
3475,TXN003476,2018-11-05,14:33:13,Credit Card Bill Payment,Auto Debit Credit Card Bill Payment,804.79,INR,Auto Debit,Debit,Bills,Noida,Uttar Pradesh,India
3476,TXN003477,2018-11-05,17:12:21,Zepto,UPI/DR/711392447/Zepto,403.3,INR,UPI,Debit,Groceries,Ahmedabad,Gujarat,India
3477,TXN003478,2018-11-06,08:02:44,Spotify,Auto Debit Spotify Subscription,294.24,INR,Auto Debit,Debit,Subscription,Kolkata,West Bengal,India
3478,TXN003479,2018-11-06,08:58:51,Cafe Coffee Day,Debit Card Cafe Coffee Day,2137.1,INR,Debit Card,Debit,Food,Kochi,Kerala,India
3479,TXN003480,2018-11-06,13:44:37,Nature's Basket,POS Purchase Nature's Basket,916.82,INR,Credit Card,Debit,Groceries,Pune,Maharashtra,India
3480,TXN003481,2018-11-06,17:04:19,Nature's Basket,POS Purchase Nature's Basket,1013.36,INR,Credit Card,Debit,Groceries,Mumbai,Maharashtra,India
3481,TXN003482,2018-11-06,17:40:03,BookMyShow,UPI Payment BookMyShow,397.65,INR,UPI,Debit,Entertainment,Kolkata,West Bengal,India
3482,TXN003483,2018-11-06,19:45:34,HDFC Ergo,Auto Debit HDFC Ergo Insurance Premium,7990.0,INR,Auto Debit,Debit,Insurance,Nagpur,Maharashtra,India
3483,TXN003484,2018-11-06,23:10:23,Nature's Basket,POS Purchase Nature's Basket,500.52,INR,Credit Card,Debit,Groceries,Jaipur,Rajasthan,India
3484,TXN003485,2018-11-07,09:31:20,Bajaj Allianz,Net Banking Payment Bajaj Allianz Insurance Premium,8042.74,INR,Net Banking,Debit,Insurance,Jaipur,Rajasthan,India
3485,TXN003486,2018-11-07,10:20:32,DMart,UPI/DR/203032434/DMart,746.38,INR,UPI,Debit,Groceries,Indore,Madhya Pradesh,India
3486,TXN003487,2018-11-07,18:39:16,Adani Electricity,Auto Debit Adani Electricity,2487.15,INR,Auto Debit,Debit,Bills,Hyderabad,Telangana,India
3487,TXN003488,2018-11-07,18:51:03,Zomato,POS Purchase Zomato,434.43,INR,Credit Card,Debit,Food,Jaipur,Rajasthan,India
3488,TXN003489,2018-11-08,09:36:34,HPCL,Cash Withdrawal ATM,2118.4,INR,Cash Withdrawal,Debit,Fuel,Surat,Gujarat,India
3489,TXN003490,2018-11-08,14:12:18,Misc Vendor,UPI/Misc Vendor,910.47,INR,UPI,Debit,Other,Jaipur,Rajasthan,India
3490,TXN003491,2018-11-09,13:16:08,Amazon Prime,UPI/Amazon Prime,683.41,INR,UPI,Debit,Subscription,Jaipur,Rajasthan,India
3491,TXN003492,2018-11-09,15:13:48,Credit Card Bill Payment,Net Banking Payment Credit Card Bill Payment,2969.84,INR,Net Banking,Debit,Bills,Noida,Uttar Pradesh,India
3492,TXN003493,2018-11-09,20:25:21,BigBasket,POS Purchase BigBasket,300.0,INR,Credit Card,Debit,Groceries,Nagpur,Maharashtra,India
3493,TXN003494,2018-11-10,07:06:30,Nature's Basket,POS Purchase Nature's Basket,414.11,INR,Credit Card,Debit,Groceries,Pune,Maharashtra,India
3494,TXN003495,2018-11-10,10:31:34,BookMyShow,Debit Card BookMyShow,362.25,INR,Debit Card,Debit,Entertainment,Kochi,Kerala,India
3495,TXN003496,2018-11-10,13:17:43,Misc Vendor,UPI/Misc Vendor,1627.76,INR,UPI,Debit,Other,Mumbai,Maharashtra,India
3496,TXN003497,2018-11-10,14:19:32,Ace Hardware India,UPI/Ace Hardware India,589.37,INR,UPI,Debit,Miscellaneous,Noida,Uttar Pradesh,India
3497,TXN003498,2018-11-10,16:28:40,Amazon India,POS Purchase Amazon India,4699.21,INR,Credit Card,Debit,Shopping,Pune,Maharashtra,India
3498,TXN003499,2018-11-10,20:02:17,Chaayos,Debit Card Chaayos,1194.1,INR,Debit Card,Debit,Food,Surat,Gujarat,India
3499,TXN003500,2018-11-11,08:27:10,DMart,Debit Card DMart,1316.85,INR,Debit Card,Debit,Groceries,Bengaluru,Karnataka,India
3500,TXN003501,2018-11-11,08:42:07,Credit Card Bill Payment,Auto Debit Credit Card Bill Payment,4056.12,INR,Auto Debit,Debit,Bills,Ahmedabad,Gujarat,India
3501,TXN003502,2018-11-11,10:59:39,Credit Card Bill Payment,Auto Debit Credit Card Bill Payment,2096.43,INR,Auto Debit,Debit,Bills,Lucknow,Uttar Pradesh,India
3502,TXN003503,2018-11-11,11:12:48,Credit Card Bill Payment,Auto Debit Credit Card Bill Payment,676.18,INR,Auto Debit,Debit,Bills,Pune,Maharashtra,India
3503,TXN003504,2018-11-12,14:55:48,BookMyShow,Debit Card BookMyShow,527.42,INR,Debit Card,Debit,Entertainment,Noida,Uttar Pradesh,India
3504,TXN003505,2018-11-13,03:43:27,Cafe Coffee Day,UPI/Paytm/Cafe Coffee Day,139.18,INR,UPI,Debit,Food,Pune,Maharashtra,India
3505,TXN003506,2018-11-13,10:02:49,Naturals Salon,UPI/Naturals Salon,426.38,INR,UPI,Debit,Miscellaneous,Pune,Maharashtra,India
3506,TXN003507,2018-11-13,11:33:19,Reliance Fresh,Debit Card Reliance Fresh,673.77,INR,Debit Card,Debit,Groceries,Ahmedabad,Gujarat,India
3507,TXN003508,2018-11-13,14:05:40,Domino's India,UPI/Paytm/Domino's India,2990.0,INR,UPI,Debit,Food,Noida,Uttar Pradesh,India
3508,TXN003509,2018-11-13,14:32:21,BPCL,UPI/BPCL,2020.3,INR,UPI,Debit,Fuel,Hyderabad,Telangana,India
3509,TXN003510,2018-11-13,14:45:55,Ace Hardware India,Debit Card Ace Hardware India,1477.67,INR,Debit Card,Debit,Miscellaneous,Noida,Uttar Pradesh,India
3510,TXN003511,2018-11-13,15:14:24,Indian Oil,UPI/Indian Oil,2129.05,INR,UPI,Debit,Fuel,Noida,Uttar Pradesh,India
3511,TXN003512,2018-11-13,20:05:49,BPCL,UPI/BPCL,2925.49,INR,UPI,Debit,Fuel,Bengaluru,Karnataka,India
3512,TXN003513,2018-11-13,20:40:34,Local Hardware Store,UPI/Local Hardware Store,5398.69,INR,UPI,Debit,Miscellaneous,Kochi,Kerala,India
3513,TXN003514,2018-11-14,00:34:13,Spotify,Auto Debit Spotify Subscription,850.0,INR,Auto Debit,Debit,Subscription,Hyderabad,Telangana,India
3514,TXN003515,2018-11-14,08:12:06,Municipal Water Department,Net Banking Payment Municipal Water Department,1855.72,INR,Net Banking,Debit,Bills,Indore,Madhya Pradesh,India
3515,TXN003516,2018-11-14,13:38:04,Tata Power,Net Banking Payment Tata Power,1479.86,INR,Net Banking,Debit,Bills,Ahmedabad,Gujarat,India
3516,TXN003517,2018-11-15,08:23:25,Starbucks India,POS Purchase Starbucks India,116.0,INR,Credit Card,Debit,Food,Chennai,Tamil Nadu,India
3517,TXN003518,2018-11-15,10:55:18,Swiggy,UPI/Paytm/Swiggy,116.0,INR,UPI,Debit,Food,Delhi,Delhi,India
3518,TXN003519,2018-11-15,16:50:01,Tata Power,Net Banking Payment Tata Power,1846.37,INR,Net Banking,Debit,Bills,Indore,Madhya Pradesh,India
3519,TXN003520,2018-11-15,19:42:48,Bakery,UPI/Bakery,44.92,INR,UPI,Debit,Other,Noida,Uttar Pradesh,India
3520,TXN003521,2018-11-16,12:18:42,Credit Card Bill Payment,UPI/Credit Card Bill Payment,4103.21,INR,UPI,Debit,Bills,Ahmedabad,Gujarat,India
3521,TXN003522,2018-11-16,15:22:33,Burger King,POS Purchase Burger King,116.0,INR,Credit Card,Debit,Food,Noida,Uttar Pradesh,India
3522,TXN003523,2018-11-16,18:40:38,Domino's India,UPI/Paytm/Domino's India,194.67,INR,UPI,Debit,Food,Indore,Madhya Pradesh,India
3523,TXN003524,2018-11-17,12:30:22,Swiggy,UPI/Paytm/Swiggy,116.0,INR,UPI,Debit,Food,Chennai,Tamil Nadu,India
3524,TXN003525,2018-11-17,14:29:23,Swiggy,UPI/Paytm/Swiggy,116.0,INR,UPI,Debit,Food,Bengaluru,Karnataka,India
3525,TXN003526,2018-11-17,14:58:06,BSNL,Net Banking Payment BSNL,2183.78,INR,Net Banking,Debit,Bills,Kochi,Kerala,India
3526,TXN003527,2018-11-17,16:02:46,HPCL,UPI/HPCL,2437.52,INR,UPI,Debit,Fuel,Indore,Madhya Pradesh,India
3527,TXN003528,2018-11-17,17:46:39,Reliance Fresh,Debit Card Reliance Fresh,1477.89,INR,Debit Card,Debit,Groceries,Indore,Madhya Pradesh,India
3528,TXN003529,2018-11-17,20:18:23,Kirana Shop,UPI/Kirana Shop,934.51,INR,UPI,Debit,Other,Delhi,Delhi,India
3529,TXN003530,2018-11-18,05:53:42,Airtel,Auto Debit Airtel,1309.1,INR,Auto Debit,Debit,Bills,Delhi,Delhi,India
3530,TXN003531,2018-11-18,08:14:31,Laundry,UPI/Laundry,1381.67,INR,UPI,Debit,Other,Nagpur,Maharashtra,India
3531,TXN003532,2018-11-18,09:45:14,Airtel,UPI/Airtel,2166.55,INR,UPI,Debit,Bills,Noida,Uttar Pradesh,India
3532,TXN003533,2018-11-18,10:07:59,Jio,Auto Debit Jio,2426.95,INR,Auto Debit,Debit,Bills,Ahmedabad,Gujarat,India
3533,TXN003534,2018-11-18,10:54:28,HDFC Ergo,Auto Debit HDFC Ergo Insurance Premium,8577.76,INR,Auto Debit,Debit,Insurance,Hyderabad,Telangana,India
3534,TXN003535,2018-11-18,11:24:53,Spotify,Auto Debit Spotify Subscription,243.74,INR,Auto Debit,Debit,Subscription,Kolkata,West Bengal,India
3535,TXN003536,2018-11-18,15:01:46,Burger King,Debit Card Burger King,1176.78,INR,Debit Card,Debit,Food,Chennai,Tamil Nadu,India
3536,TXN003537,2018-11-18,18:16:51,Airtel,Net Banking Payment Airtel,2116.97,INR,Net Banking,Debit,Bills,Pune,Maharashtra,India
3537,TXN003538,2018-11-18,19:08:39,Tata Power,Auto Debit Tata Power,3938.0,INR,Auto Debit,Debit,Bills,Kolkata,West Bengal,India
3538,TXN003539,2018-11-18,19:17:39,Lakme Salon,UPI/Lakme Salon,789.58,INR,UPI,Debit,Miscellaneous,Hyderabad,Telangana,India
3539,TXN003540,2018-11-18,20:39:03,Blinkit,Debit Card Blinkit,836.34,INR,Debit Card,Debit,Groceries,Jaipur,Rajasthan,India
3540,TXN003541,2018-11-19,08:42:30,IRCTC,POS Purchase IRCTC,336.88,INR,Credit Card,Debit,Miscellaneous,Chennai,Tamil Nadu,India
3541,TXN003542,2018-11-19,17:16:16,Amazon India,POS Purchase Amazon India,5588.54,INR,Credit Card,Debit,Shopping,Kochi,Kerala,India
3542,TXN003543,2018-11-19,22:27:50,Disney+ Hotstar,Auto Debit Disney+ Hotstar Subscription,309.9,INR,Auto Debit,Debit,Subscription,Ahmedabad,Gujarat,India
3543,TXN003544,2018-11-19,23:39:14,HPCL,Debit Card HPCL,2751.95,INR,Debit Card,Debit,Fuel,Jaipur,Rajasthan,India
3544,TXN003545,2018-11-20,02:08:38,Jio Fiber,Net Banking Payment Jio Fiber,1344.71,INR,Net Banking,Debit,Bills,Ahmedabad,Gujarat,India
3545,TXN003546,2018-11-20,22:32:03,LIC,Net Banking Payment LIC Insurance Premium,8133.63,INR,Net Banking,Debit,Insurance,Kolkata,West Bengal,India
3546,TXN003547,2018-11-21,09:46:15,Blinkit,Debit Card Blinkit,578.17,INR,Debit Card,Debit,Groceries,Surat,Gujarat,India
3547,TXN003548,2018-11-21,11:39:24,BookMyShow,UPI Payment BookMyShow,253.31,INR,UPI,Debit,Entertainment,Delhi,Delhi,India
3548,TXN003549,2018-11-21,12:06:28,Meesho,UPI Payment Meesho,288.0,INR,UPI,Debit,Shopping,Mumbai,Maharashtra,India
3549,TXN003550,2018-11-21,16:31:31,Rapido,Debit Card Rapido,751.46,INR,Debit Card,Debit,Miscellaneous,Delhi,Delhi,India
3550,TXN003551,2018-11-21,17:24:23,Airtel,Auto Debit Airtel,4787.86,INR,Auto Debit,Debit,Bills,Nagpur,Maharashtra,India
3551,TXN003552,2018-11-21,20:19:39,Adani Electricity,UPI/Adani Electricity,2954.19,INR,UPI,Debit,Bills,Noida,Uttar Pradesh,India
3552,TXN003553,2018-11-21,20:23:21,Misc Vendor,UPI/Misc Vendor,1847.06,INR,UPI,Debit,Other,Kochi,Kerala,India
3553,TXN003554,2018-11-22,08:57:41,Third Wave Coffee,UPI/Paytm/Third Wave Coffee,1194.96,INR,UPI,Debit,Food,Pune,Maharashtra,India
3554,TXN003555,2018-11-22,12:49:47,Credit Card Bill Payment,Auto Debit Credit Card Bill Payment,2435.51,INR,Auto Debit,Debit,Bills,Bengaluru,Karnataka,India
3555,TXN003556,2018-11-22,13:53:53,Zepto,UPI/DR/702859986/Zepto,714.09,INR,UPI,Debit,Groceries,Lucknow,Uttar Pradesh,India
3556,TXN003557,2018-11-23,03:55:06,Airtel,Net Banking Payment Airtel,3994.74,INR,Net Banking,Debit,Bills,Chennai,Tamil Nadu,India
3557,TXN003558,2018-11-23,06:35:31,Local Store,UPI/Local Store,143.57,INR,UPI,Debit,Other,Chennai,Tamil Nadu,India
3558,TXN003559,2018-11-23,08:52:07,Blinkit,UPI/DR/347332488/Blinkit,300.0,INR,UPI,Debit,Groceries,Hyderabad,Telangana,India
3559,TXN003560,2018-11-23,10:31:07,BEST,Auto Debit BEST,1201.81,INR,Auto Debit,Debit,Bills,Bengaluru,Karnataka,India
3560,TXN003561,2018-11-23,10:45:59,Adani Electricity,UPI/Adani Electricity,3002.16,INR,UPI,Debit,Bills,Mumbai,Maharashtra,India
3561,TXN003562,2018-11-23,16:59:31,Nykaa,POS Purchase Nykaa,6192.83,INR,Credit Card,Debit,Shopping,Delhi,Delhi,India
3562,TXN003563,2018-11-24,05:16:23,Indian Oil,Debit Card Indian Oil,3048.29,INR,Debit Card,Debit,Fuel,Chennai,Tamil Nadu,India
3563,TXN003564,2018-11-24,09:46:06,Zepto,POS Purchase Zepto,2058.92,INR,Credit Card,Debit,Groceries,Kolkata,West Bengal,India
3564,TXN003565,2018-11-24,14:40:10,House Rent Payment,IMPS Rent Payment,8298.96,INR,IMPS,Debit,Rent,Surat,Gujarat,India
3565,TXN003566,2018-11-24,14:43:41,Credit Card Bill Payment,Auto Debit Credit Card Bill Payment,1527.21,INR,Auto Debit,Debit,Bills,Delhi,Delhi,India
3566,TXN003567,2018-11-24,21:47:34,Credit Card Bill Payment,Auto Debit Credit Card Bill Payment,8910.56,INR,Auto Debit,Debit,Bills,Delhi,Delhi,India
3567,TXN003568,2018-11-24,22:20:25,HPCL,UPI/HPCL,2527.04,INR,UPI,Debit,Fuel,Jaipur,Rajasthan,India
3568,TXN003569,2018-11-25,08:14:47,BPCL,UPI/BPCL,3381.51,INR,UPI,Debit,Fuel,Hyderabad,Telangana,India
3569,TXN003570,2018-11-25,13:15:48,Amazon India,Debit Card Amazon India,493.23,INR,Debit Card,Debit,Shopping,Lucknow,Uttar Pradesh,India
3570,TXN003571,2018-11-25,14:06:59,Reliance Fresh,UPI/DR/704177085/Reliance Fresh,300.0,INR,UPI,Debit,Groceries,Indore,Madhya Pradesh,India
3571,TXN003572,2018-11-25,16:34:30,Domino's India,UPI/Paytm/Domino's India,720.99,INR,UPI,Debit,Food,Surat,Gujarat,India
3572,TXN003573,2018-11-25,22:59:40,Nature's Basket,Debit Card Nature's Basket,1658.96,INR,Debit Card,Debit,Groceries,Jaipur,Rajasthan,India
3573,TXN003574,2018-11-26,08:10:44,Credit Card Bill Payment,Net Banking Payment Credit Card Bill Payment,3223.38,INR,Net Banking,Debit,Bills,Ahmedabad,Gujarat,India
3574,TXN003575,2018-11-26,12:51:11,Credit Card Bill Payment,UPI/Credit Card Bill Payment,2288.68,INR,UPI,Debit,Bills,Kolkata,West Bengal,India
3575,TXN003576,2018-11-26,14:19:22,BookMyShow,POS Purchase BookMyShow,310.27,INR,Credit Card,Debit,Entertainment,Ahmedabad,Gujarat,India
3576,TXN003577,2018-11-26,19:05:46,Tata Power,Auto Debit Tata Power,910.52,INR,Auto Debit,Debit,Bills,Ahmedabad,Gujarat,India
3577,TXN003578,2018-11-27,00:25:04,Swiggy,UPI/Paytm/Swiggy,504.34,INR,UPI,Debit,Food,Jaipur,Rajasthan,India
3578,TXN003579,2018-11-27,08:31:09,KFC India,UPI/Paytm/KFC India,116.0,INR,UPI,Debit,Food,Bengaluru,Karnataka,India
3579,TXN003580,2018-11-27,09:48:15,Bakery,UPI/Bakery,480.08,INR,UPI,Debit,Other,Nagpur,Maharashtra,India
3580,TXN003581,2018-11-27,09:54:50,McDonald's India,UPI/Paytm/McDonald's India,1781.11,INR,UPI,Debit,Food,Delhi,Delhi,India
3581,TXN003582,2018-11-27,16:16:52,Flipkart,POS Purchase Flipkart,340.03,INR,Credit Card,Debit,Shopping,Ahmedabad,Gujarat,India
3582,TXN003583,2018-11-27,20:11:40,Amazon India,POS Purchase Amazon India,288.0,INR,Credit Card,Debit,Shopping,Chennai,Tamil Nadu,India
3583,TXN003584,2018-11-28,04:13:33,HDFC Ergo,Net Banking Payment HDFC Ergo Insurance Premium,8182.07,INR,Net Banking,Debit,Insurance,Hyderabad,Telangana,India
3584,TXN003585,2018-11-28,06:07:30,Zepto,Debit Card Zepto,1185.81,INR,Debit Card,Debit,Groceries,Bengaluru,Karnataka,India
3585,TXN003586,2018-11-28,10:29:04,Credit Card Bill Payment,Auto Debit Credit Card Bill Payment,1258.47,INR,Auto Debit,Debit,Bills,Hyderabad,Telangana,India
3586,TXN003587,2018-11-28,11:10:32,Flower Shop,UPI/Flower Shop,209.63,INR,UPI,Debit,Other,Bengaluru,Karnataka,India
3587,TXN003588,2018-11-28,12:02:12,Indian Oil,Debit Card Indian Oil,3105.63,INR,Debit Card,Debit,Fuel,Indore,Madhya Pradesh,India
3588,TXN003589,2018-11-29,12:19:31,Bharat Gas,Auto Debit Bharat Gas,1943.03,INR,Auto Debit,Debit,Bills,Bengaluru,Karnataka,India
3589,TXN003590,2018-11-29,12:39:03,BigBasket,UPI/DR/790844104/BigBasket,1083.32,INR,UPI,Debit,Groceries,Bengaluru,Karnataka,India
3590,TXN003591,2018-11-29,19:02:02,Reliance Fresh,POS Purchase Reliance Fresh,983.7,INR,Credit Card,Debit,Groceries,Hyderabad,Telangana,India
3591,TXN003592,2018-11-30,12:23:10,Street Vendor,Cash Withdrawal ATM,229.69,INR,Cash Withdrawal,Debit,Other,Mumbai,Maharashtra,India
3592,TXN003593,2018-11-30,14:20:38,Zepto,Debit Card Zepto,812.88,INR,Debit Card,Debit,Groceries,Bengaluru,Karnataka,India
3593,TXN003594,2018-12-01,00:22:56,Tea Stall,UPI/Tea Stall,49.78,INR,UPI,Debit,Other,Nagpur,Maharashtra,India
3594,TXN003595,2018-12-01,09:18:59,House Rent Payment,IMPS Rent Payment,7542.54,INR,IMPS,Debit,Rent,Delhi,Delhi,India
3595,TXN003596,2018-12-01,10:37:35,Jio,Auto Debit Jio,741.34,INR,Auto Debit,Debit,Bills,Surat,Gujarat,India
3596,TXN003597,2018-12-01,12:54:21,Burger King,Debit Card Burger King,240.51,INR,Debit Card,Debit,Food,Hyderabad,Telangana,India
3597,TXN003598,2018-12-01,13:35:12,Airtel,Net Banking Payment Airtel,1408.91,INR,Net Banking,Debit,Bills,Mumbai,Maharashtra,India
3598,TXN003599,2018-12-01,18:52:05,DMart,UPI/DR/748758323/DMart,810.77,INR,UPI,Debit,Groceries,Delhi,Delhi,India
3599,TXN003600,2018-12-02,10:44:23,BSNL,Auto Debit BSNL,1106.25,INR,Auto Debit,Debit,Bills,Surat,Gujarat,India
3600,TXN003601,2018-12-02,11:50:25,McDonald's India,Debit Card McDonald's India,116.0,INR,Debit Card,Debit,Food,Noida,Uttar Pradesh,India
3601,TXN003602,2018-12-02,17:13:53,Chaayos,POS Purchase Chaayos,517.83,INR,Credit Card,Debit,Food,Kochi,Kerala,India
3602,TXN003603,2018-12-03,12:01:55,Bajaj Allianz,Auto Debit Bajaj Allianz Insurance Premium,7990.0,INR,Auto Debit,Debit,Insurance,Delhi,Delhi,India
3603,TXN003604,2018-12-03,12:49:19,Rapido,Debit Card Rapido,2812.02,INR,Debit Card,Debit,Miscellaneous,Lucknow,Uttar Pradesh,India
3604,TXN003605,2018-12-03,12:57:32,Social,UPI/Paytm/Social,116.0,INR,UPI,Debit,Food,Chennai,Tamil Nadu,India
3605,TXN003606,2018-12-03,13:18:48,Blinkit,Debit Card Blinkit,300.0,INR,Debit Card,Debit,Groceries,Kolkata,West Bengal,India
3606,TXN003607,2018-12-03,17:27:25,Rapido,POS Purchase Rapido,4321.59,INR,Credit Card,Debit,Miscellaneous,Pune,Maharashtra,India
3607,TXN003608,2018-12-03,18:48:31,Blinkit,UPI/DR/358655621/Blinkit,857.23,INR,UPI,Debit,Groceries,Lucknow,Uttar Pradesh,India
3608,TXN003609,2018-12-03,19:52:42,Swiggy,UPI/Paytm/Swiggy,341.85,INR,UPI,Debit,Food,Bengaluru,Karnataka,India
3609,TXN003610,2018-12-03,21:33:36,EatClub,UPI/Paytm/EatClub,2611.07,INR,UPI,Debit,Food,Bengaluru,Karnataka,India
3610,TXN003611,2018-12-04,00:06:20,Cafe Coffee Day,UPI/Paytm/Cafe Coffee Day,185.54,INR,UPI,Debit,Food,Lucknow,Uttar Pradesh,India
3611,TXN003612,2018-12-04,06:54:29,Employer Salary Credit,NEFT Salary Credit,53993.7,INR,NEFT,Credit,Salary,Chennai,Tamil Nadu,India
3612,TXN003613,2018-12-04,08:55:27,Local Wine & Beer Shop,UPI/Paytm/Local Wine & Beer Shop,116.0,INR,UPI,Debit,Food,Mumbai,Maharashtra,India
3613,TXN003614,2018-12-04,10:34:22,Local Wine & Beer Shop,UPI/Paytm/Local Wine & Beer Shop,442.87,INR,UPI,Debit,Food,Delhi,Delhi,India
3614,TXN003615,2018-12-04,11:15:27,Credit Card Bill Payment,UPI/Credit Card Bill Payment,782.2,INR,UPI,Debit,Bills,Jaipur,Rajasthan,India
3615,TXN003616,2018-12-04,11:43:51,Social,UPI/Paytm/Social,234.97,INR,UPI,Debit,Food,Pune,Maharashtra,India
3616,TXN003617,2018-12-04,12:31:45,Jio,Auto Debit Jio,7454.14,INR,Auto Debit,Debit,Bills,Kolkata,West Bengal,India
3617,TXN003618,2018-12-04,18:55:18,Tata Play,Auto Debit Tata Play Subscription,149.0,INR,Auto Debit,Debit,Subscription,Kochi,Kerala,India
3618,TXN003619,2018-12-04,21:40:44,BookMyShow,UPI Payment BookMyShow,363.13,INR,UPI,Debit,Entertainment,Lucknow,Uttar Pradesh,India
3619,TXN003620,2018-12-05,02:41:11,DMart,UPI/DR/959922040/DMart,1031.74,INR,UPI,Debit,Groceries,Jaipur,Rajasthan,India
3620,TXN003621,2018-12-05,08:47:26,Adani Electricity,Net Banking Payment Adani Electricity,6668.1,INR,Net Banking,Debit,Bills,Noida,Uttar Pradesh,India
3621,TXN003622,2018-12-05,09:00:35,HP Gas,Auto Debit HP Gas,5861.25,INR,Auto Debit,Debit,Bills,Kolkata,West Bengal,India
3622,TXN003623,2018-12-05,10:00:04,Tata Play,Auto Debit Tata Play Subscription,152.37,INR,Auto Debit,Debit,Subscription,Hyderabad,Telangana,India
3623,TXN003624,2018-12-05,10:50:13,Swiggy,UPI/Paytm/Swiggy,116.0,INR,UPI,Debit,Food,Kochi,Kerala,India
3624,TXN003625,2018-12-05,16:42:28,House Rent Payment,IMPS Rent Payment,42382.94,INR,IMPS,Debit,Rent,Lucknow,Uttar Pradesh,India
3625,TXN003626,2018-12-05,19:05:57,Faasos,UPI/Paytm/Faasos,352.93,INR,UPI,Debit,Food,Kochi,Kerala,India
3626,TXN003627,2018-12-05,19:56:18,Unknown Merchant,UPI/Unknown Merchant,694.54,INR,UPI,Debit,Other,Mumbai,Maharashtra,India
3627,TXN003628,2018-12-06,11:57:45,Credit Card Bill Payment,Auto Debit Credit Card Bill Payment,626.15,INR,Auto Debit,Debit,Bills,Chennai,Tamil Nadu,India
3628,TXN003629,2018-12-06,17:10:11,Jio,Net Banking Payment Jio,1500.38,INR,Net Banking,Debit,Bills,Indore,Madhya Pradesh,India
3629,TXN003630,2018-12-07,10:07:11,DMart,UPI/DR/958628444/DMart,1234.5,INR,UPI,Debit,Groceries,Hyderabad,Telangana,India
3630,TXN003631,2018-12-07,16:58:52,Zepto,UPI/DR/895583423/Zepto,1550.31,INR,UPI,Debit,Groceries,Ahmedabad,Gujarat,India
3631,TXN003632,2018-12-07,22:56:29,Uber,Cash Withdrawal ATM,65.52,INR,Cash Withdrawal,Debit,Miscellaneous,Indore,Madhya Pradesh,India
3632,TXN003633,2018-12-08,08:26:21,Credit Card Bill Payment,Auto Debit Credit Card Bill Payment,4893.16,INR,Auto Debit,Debit,Bills,Kochi,Kerala,India
3633,TXN003634,2018-12-09,09:54:09,Credit Card Bill Payment,Auto Debit Credit Card Bill Payment,4224.36,INR,Auto Debit,Debit,Bills,Pune,Maharashtra,India
3634,TXN003635,2018-12-09,11:48:45,Vegetable Market,UPI/Vegetable Market,334.89,INR,UPI,Debit,Other,Delhi,Delhi,India
3635,TXN003636,2018-12-09,12:59:35,Credit Card Bill Payment,Auto Debit Credit Card Bill Payment,1922.02,INR,Auto Debit,Debit,Bills,Mumbai,Maharashtra,India
3636,TXN003637,2018-12-09,17:41:05,Domino's India,POS Purchase Domino's India,342.63,INR,Credit Card,Debit,Food,Surat,Gujarat,India
3637,TXN003638,2018-12-09,20:51:03,Indian Oil,Debit Card Indian Oil,1974.23,INR,Debit Card,Debit,Fuel,Hyderabad,Telangana,India
3638,TXN003639,2018-12-09,21:54:20,Local Wine & Beer Shop,POS Purchase Local Wine & Beer Shop,547.77,INR,Credit Card,Debit,Food,Kolkata,West Bengal,India
3639,TXN003640,2018-12-10,06:46:20,Jio Fiber,Auto Debit Jio Fiber,258.05,INR,Auto Debit,Debit,Bills,Delhi,Delhi,India
3640,TXN003641,2018-12-10,10:29:42,House Rent Payment,NEFT Rent Payment,7601.0,INR,NEFT,Debit,Rent,Kolkata,West Bengal,India
3641,TXN003642,2018-12-10,11:10:22,BPCL,UPI/BPCL,3036.7,INR,UPI,Debit,Fuel,Jaipur,Rajasthan,India
3642,TXN003643,2018-12-10,12:43:43,Credit Card Bill Payment,Auto Debit Credit Card Bill Payment,187.0,INR,Auto Debit,Debit,Bills,Jaipur,Rajasthan,India
3643,TXN003644,2018-12-10,13:05:48,Adani Electricity,Auto Debit Adani Electricity,1435.57,INR,Auto Debit,Debit,Bills,Pune,Maharashtra,India
3644,TXN003645,2018-12-10,18:32:42,Jio,Auto Debit Jio,230.35,INR,Auto Debit,Debit,Bills,Hyderabad,Telangana,India
3645,TXN003646,2018-12-11,10:07:49,Credit Card Bill Payment,Auto Debit Credit Card Bill Payment,4353.92,INR,Auto Debit,Debit,Bills,Ahmedabad,Gujarat,India
3646,TXN003647,2018-12-11,10:17:52,Zomato,UPI/Paytm/Zomato,605.95,INR,UPI,Debit,Food,Indore,Madhya Pradesh,India
3647,TXN003648,2018-12-11,10:51:58,Uber,POS Purchase Uber,566.93,INR,Credit Card,Debit,Miscellaneous,Kolkata,West Bengal,India
3648,TXN003649,2018-12-11,15:06:35,Credit Card Bill Payment,Auto Debit Credit Card Bill Payment,2319.46,INR,Auto Debit,Debit,Bills,Hyderabad,Telangana,India
3649,TXN003650,2018-12-11,16:24:17,Cafe Coffee Day,UPI/Paytm/Cafe Coffee Day,954.26,INR,UPI,Debit,Food,Kochi,Kerala,India
3650,TXN003651,2018-12-12,05:22:26,Vegetable Market,UPI/Vegetable Market,476.73,INR,UPI,Debit,Other,Lucknow,Uttar Pradesh,India
3651,TXN003652,2018-12-12,08:19:44,Local Services,UPI/Local Services,1993.85,INR,UPI,Debit,Other,Lucknow,Uttar Pradesh,India
3652,TXN003653,2018-12-12,09:00:27,Domino's India,UPI/Paytm/Domino's India,116.0,INR,UPI,Debit,Food,Indore,Madhya Pradesh,India
3653,TXN003654,2018-12-12,09:39:20,Ajio,POS Purchase Ajio,288.0,INR,Credit Card,Debit,Shopping,Chennai,Tamil Nadu,India
3654,TXN003655,2018-12-12,11:39:14,Starbucks India,POS Purchase Starbucks India,864.58,INR,Credit Card,Debit,Food,Surat,Gujarat,India
3655,TXN003656,2018-12-12,14:19:41,Jio Fiber,Net Banking Payment Jio Fiber,957.51,INR,Net Banking,Debit,Bills,Mumbai,Maharashtra,India
3656,TXN003657,2018-12-12,14:33:57,Credit Card Bill Payment,Net Banking Payment Credit Card Bill Payment,1920.7,INR,Net Banking,Debit,Bills,Nagpur,Maharashtra,India
3657,TXN003658,2018-12-13,00:00:45,The Beer Cafe,UPI/Paytm/The Beer Cafe,116.0,INR,UPI,Debit,Food,Surat,Gujarat,India
3658,TXN003659,2018-12-13,11:52:14,Burger King,UPI/Paytm/Burger King,1103.26,INR,UPI,Debit,Food,Surat,Gujarat,India
3659,TXN003660,2018-12-13,14:46:50,Apollo Pharmacy,POS Purchase Apollo Pharmacy,470.26,INR,Credit Card,Debit,Miscellaneous,Noida,Uttar Pradesh,India
3660,TXN003661,2018-12-13,16:11:23,Domino's India,Debit Card Domino's India,992.92,INR,Debit Card,Debit,Food,Kolkata,West Bengal,India
3661,TXN003662,2018-12-13,18:57:03,Indane Gas,Auto Debit Indane Gas,1048.49,INR,Auto Debit,Debit,Bills,Pune,Maharashtra,India
3662,TXN003663,2018-12-14,08:14:11,Airtel,UPI/Airtel,2215.6,INR,UPI,Debit,Bills,Delhi,Delhi,India
3663,TXN003664,2018-12-14,09:47:51,Bakery,UPI/Bakery,439.17,INR,UPI,Debit,Other,Kolkata,West Bengal,India
3664,TXN003665,2018-12-14,16:03:12,Bharat Gas,UPI/Bharat Gas,3557.66,INR,UPI,Debit,Bills,Noida,Uttar Pradesh,India
3665,TXN003666,2018-12-14,17:29:14,KFC India,Debit Card KFC India,431.23,INR,Debit Card,Debit,Food,Delhi,Delhi,India
3666,TXN003667,2018-12-14,19:51:21,DMart,POS Purchase DMart,1299.9,INR,Credit Card,Debit,Groceries,Mumbai,Maharashtra,India
3667,TXN003668,2018-12-14,20:50:14,General Store,Debit Card General Store,90.46,INR,Debit Card,Debit,Other,Pune,Maharashtra,India
3668,TXN003669,2018-12-14,21:51:18,Ajio,UPI Payment Ajio,3838.33,INR,UPI,Debit,Shopping,Jaipur,Rajasthan,India
3669,TXN003670,2018-12-15,08:51:08,Blinkit,Debit Card Blinkit,643.47,INR,Debit Card,Debit,Groceries,Pune,Maharashtra,India
3670,TXN003671,2018-12-15,13:58:04,Credit Card Bill Payment,Net Banking Payment Credit Card Bill Payment,3037.99,INR,Net Banking,Debit,Bills,Kochi,Kerala,India
3671,TXN003672,2018-12-15,17:57:18,Credit Card Bill Payment,Net Banking Payment Credit Card Bill Payment,4211.91,INR,Net Banking,Debit,Bills,Hyderabad,Telangana,India
3672,TXN003673,2018-12-15,17:58:55,Zepto,UPI/DR/944552318/Zepto,1077.92,INR,UPI,Debit,Groceries,Bengaluru,Karnataka,India
3673,TXN003674,2018-12-16,09:03:56,Employer Salary Credit,NEFT Salary Credit,48563.74,INR,NEFT,Credit,Salary,Ahmedabad,Gujarat,India
3674,TXN003675,2018-12-16,09:39:54,Airtel,UPI/Airtel,4028.97,INR,UPI,Debit,Bills,Delhi,Delhi,India
3675,TXN003676,2018-12-16,11:09:12,BEST,Auto Debit BEST,13326.76,INR,Auto Debit,Debit,Bills,Nagpur,Maharashtra,India
3676,TXN003677,2018-12-16,13:12:38,BigBasket,UPI/DR/935327024/BigBasket,1208.95,INR,UPI,Debit,Groceries,Surat,Gujarat,India
3677,TXN003678,2018-12-16,13:52:57,Indian Oil,Debit Card Indian Oil,3464.06,INR,Debit Card,Debit,Fuel,Mumbai,Maharashtra,India
3678,TXN003679,2018-12-16,14:33:42,Jio,Net Banking Payment Jio,6143.15,INR,Net Banking,Debit,Bills,Nagpur,Maharashtra,India
3679,TXN003680,2018-12-16,17:35:27,Misc Vendor,UPI/Misc Vendor,1541.36,INR,UPI,Debit,Other,Ahmedabad,Gujarat,India
3680,TXN003681,2018-12-16,18:47:48,House Rent Payment,IMPS Rent Payment,36214.95,INR,IMPS,Debit,Rent,Kolkata,West Bengal,India
3681,TXN003682,2018-12-16,19:55:30,Nature's Basket,POS Purchase Nature's Basket,662.23,INR,Credit Card,Debit,Groceries,Pune,Maharashtra,India
3682,TXN003683,2018-12-16,20:00:22,HP Gas,Auto Debit HP Gas,2888.39,INR,Auto Debit,Debit,Bills,Nagpur,Maharashtra,India
3683,TXN003684,2018-12-17,08:17:39,DMart,UPI/DR/852399189/DMart,320.31,INR,UPI,Debit,Groceries,Jaipur,Rajasthan,India
3684,TXN003685,2018-12-17,08:43:28,KFC India,Debit Card KFC India,378.12,INR,Debit Card,Debit,Food,Bengaluru,Karnataka,India
3685,TXN003686,2018-12-17,11:02:27,Employer Salary Credit,NEFT Salary Credit,42163.19,INR,NEFT,Credit,Salary,Noida,Uttar Pradesh,India
3686,TXN003687,2018-12-17,11:07:55,Zepto,Debit Card Zepto,1260.85,INR,Debit Card,Debit,Groceries,Hyderabad,Telangana,India
3687,TXN003688,2018-12-17,11:10:26,Nature's Basket,UPI/DR/676637967/Nature's Basket,300.0,INR,UPI,Debit,Groceries,Noida,Uttar Pradesh,India
3688,TXN003689,2018-12-17,11:34:00,Myntra,Debit Card Myntra,288.0,INR,Debit Card,Debit,Shopping,Mumbai,Maharashtra,India
3689,TXN003690,2018-12-17,12:29:43,BookMyShow,UPI Payment BookMyShow,237.41,INR,UPI,Debit,Entertainment,Kochi,Kerala,India
3690,TXN003691,2018-12-17,12:31:05,Credit Card Bill Payment,Auto Debit Credit Card Bill Payment,15356.53,INR,Auto Debit,Debit,Bills,Delhi,Delhi,India
3691,TXN003692,2018-12-17,13:02:02,Jio,Auto Debit Jio,270.5,INR,Auto Debit,Debit,Bills,Bengaluru,Karnataka,India
3692,TXN003693,2018-12-18,08:03:53,Reliance Fresh,Debit Card Reliance Fresh,300.0,INR,Debit Card,Debit,Groceries,Ahmedabad,Gujarat,India
3693,TXN003694,2018-12-18,09:32:59,Domino's India,UPI/Paytm/Domino's India,1240.91,INR,UPI,Debit,Food,Kolkata,West Bengal,India
3694,TXN003695,2018-12-18,13:38:24,Local Store,Debit Card Local Store,207.78,INR,Debit Card,Debit,Other,Indore,Madhya Pradesh,India
3695,TXN003696,2018-12-18,23:33:31,Burger King,POS Purchase Burger King,550.95,INR,Credit Card,Debit,Food,Kolkata,West Bengal,India
3696,TXN003697,2018-12-19,08:03:30,General Store,UPI/General Store,1162.32,INR,UPI,Debit,Other,Indore,Madhya Pradesh,India
3697,TXN003698,2018-12-19,09:44:36,McDonald's India,UPI/Paytm/McDonald's India,116.0,INR,UPI,Debit,Food,Surat,Gujarat,India
3698,TXN003699,2018-12-19,13:11:16,Local Services,UPI/Local Services,1104.34,INR,UPI,Debit,Other,Pune,Maharashtra,India
3699,TXN003700,2018-12-19,14:14:00,Credit Card Bill Payment,Auto Debit Credit Card Bill Payment,9335.72,INR,Auto Debit,Debit,Bills,Indore,Madhya Pradesh,India
3700,TXN003701,2018-12-19,16:50:21,Disney+ Hotstar,UPI/Disney+ Hotstar,349.22,INR,UPI,Debit,Subscription,Noida,Uttar Pradesh,India
3701,TXN003702,2018-12-20,00:23:44,Laundry,Debit Card Laundry,1853.7,INR,Debit Card,Debit,Other,Hyderabad,Telangana,India
3702,TXN003703,2018-12-20,05:44:25,Credit Card Bill Payment,Auto Debit Credit Card Bill Payment,2743.92,INR,Auto Debit,Debit,Bills,Hyderabad,Telangana,India
3703,TXN003704,2018-12-20,08:22:15,Credit Card Bill Payment,Auto Debit Credit Card Bill Payment,1542.39,INR,Auto Debit,Debit,Bills,Jaipur,Rajasthan,India
3704,TXN003705,2018-12-20,20:24:51,Swiggy,UPI/Paytm/Swiggy,311.96,INR,UPI,Debit,Food,Kochi,Kerala,India
3705,TXN003706,2018-12-20,20:58:44,Nature's Basket,UPI/DR/366544373/Nature's Basket,590.39,INR,UPI,Debit,Groceries,Delhi,Delhi,India
3706,TXN003707,2018-12-21,06:09:53,Blinkit,UPI/DR/376903372/Blinkit,814.29,INR,UPI,Debit,Groceries,Jaipur,Rajasthan,India
3707,TXN003708,2018-12-21,06:49:09,Nature's Basket,POS Purchase Nature's Basket,400.82,INR,Credit Card,Debit,Groceries,Lucknow,Uttar Pradesh,India
3708,TXN003709,2018-12-21,19:41:11,Local Store,Debit Card Local Store,678.52,INR,Debit Card,Debit,Other,Hyderabad,Telangana,India
3709,TXN003710,2018-12-22,09:51:25,Airtel,UPI/Airtel,2088.89,INR,UPI,Debit,Bills,Mumbai,Maharashtra,India
3710,TXN003711,2018-12-22,11:41:04,Zomato,UPI/Paytm/Zomato,336.54,INR,UPI,Debit,Food,Nagpur,Maharashtra,India
3711,TXN003712,2018-12-22,12:33:52,BigBasket,UPI/DR/526439295/BigBasket,1491.49,INR,UPI,Debit,Groceries,Jaipur,Rajasthan,India
3712,TXN003713,2018-12-22,12:38:25,Vegetable Market,UPI/Vegetable Market,404.52,INR,UPI,Debit,Other,Chennai,Tamil Nadu,India
3713,TXN003714,2018-12-22,14:33:02,HPCL,Debit Card HPCL,3629.57,INR,Debit Card,Debit,Fuel,Nagpur,Maharashtra,India
3714,TXN003715,2018-12-22,16:41:23,BSNL,Auto Debit BSNL,6213.83,INR,Auto Debit,Debit,Bills,Chennai,Tamil Nadu,India
3715,TXN003716,2018-12-22,17:14:52,Amazon India,POS Purchase Amazon India,9766.42,INR,Credit Card,Debit,Shopping,Indore,Madhya Pradesh,India
3716,TXN003717,2018-12-22,17:20:35,Home Depot India,Debit Card Home Depot India,736.02,INR,Debit Card,Debit,Miscellaneous,Noida,Uttar Pradesh,India
3717,TXN003718,2018-12-22,19:48:57,House Rent Payment,IMPS Rent Payment,37323.22,INR,IMPS,Debit,Rent,Hyderabad,Telangana,India
3718,TXN003719,2018-12-23,11:14:19,Swiggy,UPI/Paytm/Swiggy,1389.15,INR,UPI,Debit,Food,Hyderabad,Telangana,India
3719,TXN003720,2018-12-23,16:37:16,BPCL,UPI/BPCL,1925.59,INR,UPI,Debit,Fuel,Bengaluru,Karnataka,India
3720,TXN003721,2018-12-24,00:41:26,Burger King,Debit Card Burger King,270.24,INR,Debit Card,Debit,Food,Lucknow,Uttar Pradesh,India
3721,TXN003722,2018-12-24,07:34:27,EatClub,UPI/Paytm/EatClub,484.37,INR,UPI,Debit,Food,Noida,Uttar Pradesh,India
3722,TXN003723,2018-12-24,08:35:26,HPCL,UPI/HPCL,3543.1,INR,UPI,Debit,Fuel,Mumbai,Maharashtra,India
3723,TXN003724,2018-12-24,08:56:33,Jio,Net Banking Payment Jio,3854.75,INR,Net Banking,Debit,Bills,Bengaluru,Karnataka,India
3724,TXN003725,2018-12-24,09:24:33,BPCL,Debit Card BPCL,4777.55,INR,Debit Card,Debit,Fuel,Hyderabad,Telangana,India
3725,TXN003726,2018-12-24,11:57:46,Blinkit,UPI/DR/327350811/Blinkit,770.03,INR,UPI,Debit,Groceries,Lucknow,Uttar Pradesh,India
3726,TXN003727,2018-12-24,12:02:25,BookMyShow,Debit Card BookMyShow,258.06,INR,Debit Card,Debit,Entertainment,Indore,Madhya Pradesh,India
3727,TXN003728,2018-12-24,12:59:52,Indian Oil,Debit Card Indian Oil,3077.33,INR,Debit Card,Debit,Fuel,Kolkata,West Bengal,India
3728,TXN003729,2018-12-24,13:55:58,Jio,Net Banking Payment Jio,2679.42,INR,Net Banking,Debit,Bills,Lucknow,Uttar Pradesh,India
3729,TXN003730,2018-12-24,17:02:47,Flipkart,UPI Payment Flipkart,288.0,INR,UPI,Debit,Shopping,Kolkata,West Bengal,India
3730,TXN003731,2018-12-25,09:20:07,Tea Stall,UPI/Tea Stall,104.07,INR,UPI,Debit,Other,Chennai,Tamil Nadu,India
3731,TXN003732,2018-12-25,10:08:49,KFC India,Debit Card KFC India,633.44,INR,Debit Card,Debit,Food,Hyderabad,Telangana,India
3732,TXN003733,2018-12-25,10:14:08,Local Wine & Beer Shop,Debit Card Local Wine & Beer Shop,116.0,INR,Debit Card,Debit,Food,Surat,Gujarat,India
3733,TXN003734,2018-12-25,10:45:25,Myntra,POS Purchase Myntra,611.95,INR,Credit Card,Debit,Shopping,Mumbai,Maharashtra,India
3734,TXN003735,2018-12-25,14:29:02,Airtel,UPI/Airtel,1183.54,INR,UPI,Debit,Bills,Nagpur,Maharashtra,India
3735,TXN003736,2018-12-25,18:00:26,McDonald's India,UPI/Paytm/McDonald's India,116.0,INR,UPI,Debit,Food,Pune,Maharashtra,India
3736,TXN003737,2018-12-26,09:17:42,Local Store,UPI/Local Store,2150.23,INR,UPI,Debit,Other,Noida,Uttar Pradesh,India
3737,TXN003738,2018-12-26,10:19:46,Local Wine & Beer Shop,UPI/Paytm/Local Wine & Beer Shop,452.15,INR,UPI,Debit,Food,Bengaluru,Karnataka,India
3738,TXN003739,2018-12-26,11:36:43,Nature's Basket,UPI/DR/258320719/Nature's Basket,1147.49,INR,UPI,Debit,Groceries,Jaipur,Rajasthan,India
3739,TXN003740,2018-12-26,19:21:15,Jio Fiber,Net Banking Payment Jio Fiber,375.29,INR,Net Banking,Debit,Bills,Pune,Maharashtra,India
3740,TXN003741,2018-12-26,21:33:55,House Rent Payment,IMPS Rent Payment,8295.41,INR,IMPS,Debit,Rent,Bengaluru,Karnataka,India
3741,TXN003742,2018-12-27,08:16:15,Flipkart,UPI Payment Flipkart,288.0,INR,UPI,Debit,Shopping,Nagpur,Maharashtra,India
3742,TXN003743,2018-12-27,09:42:19,BigBasket,Debit Card BigBasket,810.62,INR,Debit Card,Debit,Groceries,Chennai,Tamil Nadu,India
3743,TXN003744,2018-12-27,10:45:44,The Beer Cafe,Debit Card The Beer Cafe,1425.26,INR,Debit Card,Debit,Food,Jaipur,Rajasthan,India
3744,TXN003745,2018-12-27,12:48:35,Credit Card Bill Payment,Auto Debit Credit Card Bill Payment,2459.75,INR,Auto Debit,Debit,Bills,Bengaluru,Karnataka,India
3745,TXN003746,2018-12-27,12:50:55,Credit Card Bill Payment,Net Banking Payment Credit Card Bill Payment,5312.32,INR,Net Banking,Debit,Bills,Surat,Gujarat,India
3746,TXN003747,2018-12-28,08:22:38,Bharat Gas,Auto Debit Bharat Gas,187.0,INR,Auto Debit,Debit,Bills,Nagpur,Maharashtra,India
3747,TXN003748,2018-12-28,10:16:11,Myntra,Debit Card Myntra,288.0,INR,Debit Card,Debit,Shopping,Noida,Uttar Pradesh,India
3748,TXN003749,2018-12-28,11:58:20,Amazon India,POS Purchase Amazon India,288.0,INR,Credit Card,Debit,Shopping,Kochi,Kerala,India
3749,TXN003750,2018-12-28,12:19:20,McDonald's India,Debit Card McDonald's India,390.15,INR,Debit Card,Debit,Food,Indore,Madhya Pradesh,India
3750,TXN003751,2018-12-28,13:33:54,BEST,Auto Debit BEST,1681.41,INR,Auto Debit,Debit,Bills,Indore,Madhya Pradesh,India
3751,TXN003752,2018-12-28,18:34:57,Uber,UPI/Uber,1064.92,INR,UPI,Debit,Miscellaneous,Lucknow,Uttar Pradesh,India
3752,TXN003753,2018-12-28,18:44:26,Third Wave Coffee,Debit Card Third Wave Coffee,116.0,INR,Debit Card,Debit,Food,Noida,Uttar Pradesh,India
3753,TXN003754,2018-12-29,01:19:54,Credit Card Bill Payment,Auto Debit Credit Card Bill Payment,1865.54,INR,Auto Debit,Debit,Bills,Pune,Maharashtra,India
3754,TXN003755,2018-12-29,08:16:47,Reliance Fresh,UPI/DR/839647637/Reliance Fresh,447.6,INR,UPI,Debit,Groceries,Kochi,Kerala,India
3755,TXN003756,2018-12-29,10:10:47,Tata Power,Auto Debit Tata Power,1981.89,INR,Auto Debit,Debit,Bills,Kochi,Kerala,India
3756,TXN003757,2018-12-29,10:20:48,Blinkit,Debit Card Blinkit,1484.68,INR,Debit Card,Debit,Groceries,Kochi,Kerala,India
3757,TXN003758,2018-12-29,11:26:31,Swiggy,UPI/Paytm/Swiggy,483.02,INR,UPI,Debit,Food,Kolkata,West Bengal,India
3758,TXN003759,2018-12-29,11:36:01,Nature's Basket,UPI/DR/306978174/Nature's Basket,349.21,INR,UPI,Debit,Groceries,Pune,Maharashtra,India
3759,TXN003760,2018-12-29,12:24:28,Cafe Coffee Day,Debit Card Cafe Coffee Day,1274.53,INR,Debit Card,Debit,Food,Kochi,Kerala,India
3760,TXN003761,2018-12-29,15:34:36,Swiggy,UPI/Paytm/Swiggy,551.79,INR,UPI,Debit,Food,Hyderabad,Telangana,India
3761,TXN003762,2018-12-29,17:26:28,Zepto,UPI/DR/168006560/Zepto,300.0,INR,UPI,Debit,Groceries,Bengaluru,Karnataka,India
3762,TXN003763,2018-12-29,17:32:35,Reliance Fresh,UPI/DR/802867083/Reliance Fresh,2928.96,INR,UPI,Debit,Groceries,Surat,Gujarat,India
3763,TXN003764,2018-12-29,22:31:34,Zomato,POS Purchase Zomato,324.23,INR,Credit Card,Debit,Food,Nagpur,Maharashtra,India
3764,TXN003765,2018-12-29,23:22:59,HP Gas,UPI/HP Gas,427.33,INR,UPI,Debit,Bills,Bengaluru,Karnataka,India
3765,TXN003766,2018-12-30,13:58:24,Cafe Coffee Day,UPI/Paytm/Cafe Coffee Day,1171.22,INR,UPI,Debit,Food,Ahmedabad,Gujarat,India
3766,TXN003767,2018-12-30,15:07:43,Reliance Fresh,UPI/DR/359779054/Reliance Fresh,300.0,INR,UPI,Debit,Groceries,Bengaluru,Karnataka,India
3767,TXN003768,2018-12-30,18:05:07,Domino's India,UPI/Paytm/Domino's India,152.9,INR,UPI,Debit,Food,Kochi,Kerala,India
3768,TXN003769,2018-12-31,09:20:40,Airtel,Net Banking Payment Airtel,1105.61,INR,Net Banking,Debit,Bills,Mumbai,Maharashtra,India
3769,TXN003770,2018-12-31,11:31:19,Street Vendor,UPI/Street Vendor,61.72,INR,UPI,Debit,Other,Surat,Gujarat,India
3770,TXN003771,2018-12-31,11:44:33,Credit Card Bill Payment,Auto Debit Credit Card Bill Payment,7286.14,INR,Auto Debit,Debit,Bills,Chennai,Tamil Nadu,India
3771,TXN003772,2018-12-31,13:48:50,Chaayos,UPI/Paytm/Chaayos,728.78,INR,UPI,Debit,Food,Ahmedabad,Gujarat,India
3772,TXN003773,2018-12-31,15:31:30,Unknown Merchant,Debit Card Unknown Merchant,451.42,INR,Debit Card,Debit,Other,Bengaluru,Karnataka,India
3773,TXN003774,2018-12-31,18:10:13,Zepto,UPI/DR/306938058/Zepto,1085.95,INR,UPI,Debit,Groceries,Delhi,Delhi,India
3774,TXN003775,2019-01-01,09:49:40,BPCL,UPI/BPCL,2784.02,INR,UPI,Debit,Fuel,Noida,Uttar Pradesh,India
3775,TXN003776,2019-01-02,07:43:54,Local Hardware Store,Cash Withdrawal ATM,96.86,INR,Cash Withdrawal,Debit,Miscellaneous,Jaipur,Rajasthan,India
3776,TXN003777,2019-01-02,09:47:30,BigBasket,Debit Card BigBasket,926.74,INR,Debit Card,Debit,Groceries,Kolkata,West Bengal,India
3777,TXN003778,2019-01-03,18:52:49,Local Store,UPI/Local Store,2433.13,INR,UPI,Debit,Other,Chennai,Tamil Nadu,India
3778,TXN003779,2019-01-03,20:39:38,Credit Card Bill Payment,Auto Debit Credit Card Bill Payment,2941.95,INR,Auto Debit,Debit,Bills,Noida,Uttar Pradesh,India
3779,TXN003780,2019-01-03,22:17:23,Bakery,UPI/Bakery,355.49,INR,UPI,Debit,Other,Mumbai,Maharashtra,India
3780,TXN003781,2019-01-04,10:42:55,Jio,Net Banking Payment Jio,9054.4,INR,Net Banking,Debit,Bills,Bengaluru,Karnataka,India
3781,TXN003782,2019-01-04,16:47:34,Jio,UPI/Jio,318.0,INR,UPI,Debit,Bills,Delhi,Delhi,India
3782,TXN003783,2019-01-05,07:08:21,Indian Oil,UPI/Indian Oil,2499.92,INR,UPI,Debit,Fuel,Indore,Madhya Pradesh,India
3783,TXN003784,2019-01-05,09:53:27,Credit Card Bill Payment,Auto Debit Credit Card Bill Payment,3527.9,INR,Auto Debit,Debit,Bills,Indore,Madhya Pradesh,India
3784,TXN003785,2019-01-05,10:17:39,BEST,UPI/BEST,1210.5,INR,UPI,Debit,Bills,Hyderabad,Telangana,India
3785,TXN003786,2019-01-05,19:54:44,Tailor,UPI/Tailor,1328.54,INR,UPI,Debit,Other,Kochi,Kerala,India
3786,TXN003787,2019-01-05,21:55:57,Spotify,Auto Debit Spotify Subscription,343.94,INR,Auto Debit,Debit,Subscription,Jaipur,Rajasthan,India
3787,TXN003788,2019-01-06,07:28:43,Fruit Vendor,UPI/Fruit Vendor,358.14,INR,UPI,Debit,Other,Indore,Madhya Pradesh,India
3788,TXN003789,2019-01-06,12:31:50,DMart,UPI/DR/937252824/DMart,1213.3,INR,UPI,Debit,Groceries,Delhi,Delhi,India
3789,TXN003790,2019-01-06,14:47:28,Jio Fiber,UPI/Jio Fiber,2315.5,INR,UPI,Debit,Bills,Noida,Uttar Pradesh,India
3790,TXN003791,2019-01-07,09:17:48,Barbeque Nation,Debit Card Barbeque Nation,687.91,INR,Debit Card,Debit,Food,Mumbai,Maharashtra,India
3791,TXN003792,2019-01-07,14:10:38,Flower Shop,UPI/Flower Shop,371.02,INR,UPI,Debit,Other,Chennai,Tamil Nadu,India
3792,TXN003793,2019-01-07,21:29:52,Blinkit,UPI/DR/304632391/Blinkit,1652.68,INR,UPI,Debit,Groceries,Delhi,Delhi,India
3793,TXN003794,2019-01-07,23:29:47,Flipkart,Debit Card Flipkart,485.28,INR,Debit Card,Debit,Shopping,Delhi,Delhi,India
3794,TXN003795,2019-01-08,08:53:33,HDFC Ergo,Net Banking Payment HDFC Ergo Insurance Premium,8337.12,INR,Net Banking,Debit,Insurance,Hyderabad,Telangana,India
3795,TXN003796,2019-01-08,10:51:33,Local Wine & Beer Shop,Debit Card Local Wine & Beer Shop,116.0,INR,Debit Card,Debit,Food,Bengaluru,Karnataka,India
3796,TXN003797,2019-01-08,12:14:43,Indian Oil,Debit Card Indian Oil,2364.91,INR,Debit Card,Debit,Fuel,Bengaluru,Karnataka,India
3797,TXN003798,2019-01-08,18:53:26,Nature's Basket,UPI/DR/253235987/Nature's Basket,300.0,INR,UPI,Debit,Groceries,Jaipur,Rajasthan,India
3798,TXN003799,2019-01-09,08:32:48,HP Gas,Auto Debit HP Gas,403.59,INR,Auto Debit,Debit,Bills,Pune,Maharashtra,India
3799,TXN003800,2019-01-10,08:26:42,DMart,UPI/DR/811335671/DMart,951.37,INR,UPI,Debit,Groceries,Indore,Madhya Pradesh,India
3800,TXN003801,2019-01-10,10:40:11,Ola,UPI/Ola,372.22,INR,UPI,Debit,Miscellaneous,Indore,Madhya Pradesh,India
3801,TXN003802,2019-01-10,12:12:09,BigBasket,UPI/DR/921921869/BigBasket,567.66,INR,UPI,Debit,Groceries,Noida,Uttar Pradesh,India
3802,TXN003803,2019-01-10,17:14:15,Myntra,POS Purchase Myntra,411.52,INR,Credit Card,Debit,Shopping,Mumbai,Maharashtra,India
3803,TXN003804,2019-01-11,10:18:29,Zomato,Debit Card Zomato,399.09,INR,Debit Card,Debit,Food,Hyderabad,Telangana,India
3804,TXN003805,2019-01-11,11:05:09,House Rent Payment,IMPS Rent Payment,36295.24,INR,IMPS,Debit,Rent,Jaipur,Rajasthan,India
3805,TXN003806,2019-01-11,11:17:09,Jio Fiber,Auto Debit Jio Fiber,1831.51,INR,Auto Debit,Debit,Bills,Surat,Gujarat,India
3806,TXN003807,2019-01-11,15:28:00,EatClub,UPI/Paytm/EatClub,685.65,INR,UPI,Debit,Food,Nagpur,Maharashtra,India
3807,TXN003808,2019-01-12,02:45:41,BigBasket,UPI/DR/140118673/BigBasket,721.38,INR,UPI,Debit,Groceries,Delhi,Delhi,India
3808,TXN003809,2019-01-12,10:05:27,Credit Card Bill Payment,Auto Debit Credit Card Bill Payment,1981.5,INR,Auto Debit,Debit,Bills,Kochi,Kerala,India
3809,TXN003810,2019-01-12,14:27:47,Credit Card Bill Payment,Net Banking Payment Credit Card Bill Payment,5290.63,INR,Net Banking,Debit,Bills,Noida,Uttar Pradesh,India
3810,TXN003811,2019-01-12,18:13:58,Domino's India,POS Purchase Domino's India,225.85,INR,Credit Card,Debit,Food,Pune,Maharashtra,India
3811,TXN003812,2019-01-12,18:35:59,BEST,Net Banking Payment BEST,3514.28,INR,Net Banking,Debit,Bills,Kolkata,West Bengal,India
3812,TXN003813,2019-01-12,18:40:53,Local Wine & Beer Shop,Debit Card Local Wine & Beer Shop,1613.93,INR,Debit Card,Debit,Food,Mumbai,Maharashtra,India
3813,TXN003814,2019-01-12,21:05:38,Amazon India,POS Purchase Amazon India,3517.35,INR,Credit Card,Debit,Shopping,Bengaluru,Karnataka,India
3814,TXN003815,2019-01-13,08:02:05,General Store,UPI/General Store,593.0,INR,UPI,Debit,Other,Ahmedabad,Gujarat,India
3815,TXN003816,2019-01-14,08:33:40,Flipkart,UPI Payment Flipkart,288.0,INR,UPI,Debit,Shopping,Hyderabad,Telangana,India
3816,TXN003817,2019-01-14,12:41:06,Municipal Water Department,Net Banking Payment Municipal Water Department,718.0,INR,Net Banking,Debit,Bills,Kochi,Kerala,India
3817,TXN003818,2019-01-14,12:51:42,Credit Card Bill Payment,Auto Debit Credit Card Bill Payment,2503.66,INR,Auto Debit,Debit,Bills,Kochi,Kerala,India
3818,TXN003819,2019-01-14,14:36:43,Credit Card Bill Payment,UPI/Credit Card Bill Payment,3507.04,INR,UPI,Debit,Bills,Delhi,Delhi,India
3819,TXN003820,2019-01-14,20:09:15,Credit Card Bill Payment,Auto Debit Credit Card Bill Payment,6221.93,INR,Auto Debit,Debit,Bills,Noida,Uttar Pradesh,India
3820,TXN003821,2019-01-14,21:16:21,Employer Salary Credit,NEFT Salary Credit,55998.36,INR,NEFT,Credit,Salary,Jaipur,Rajasthan,India
3821,TXN003822,2019-01-15,10:30:14,Amazon Prime,Auto Debit Amazon Prime Subscription,149.0,INR,Auto Debit,Debit,Subscription,Surat,Gujarat,India
3822,TXN003823,2019-01-15,16:29:52,Naturals Salon,UPI/Naturals Salon,4640.69,INR,UPI,Debit,Miscellaneous,Kolkata,West Bengal,India
3823,TXN003824,2019-01-15,22:11:24,Employer Salary Credit,NEFT Salary Credit,62172.08,INR,NEFT,Credit,Salary,Lucknow,Uttar Pradesh,India
3824,TXN003825,2019-01-16,17:52:01,Airtel,Net Banking Payment Airtel,1060.74,INR,Net Banking,Debit,Bills,Lucknow,Uttar Pradesh,India
3825,TXN003826,2019-01-16,22:01:00,Chaayos,UPI/Paytm/Chaayos,116.0,INR,UPI,Debit,Food,Noida,Uttar Pradesh,India
3826,TXN003827,2019-01-17,10:33:26,Jio,Auto Debit Jio,2724.38,INR,Auto Debit,Debit,Bills,Pune,Maharashtra,India
3827,TXN003828,2019-01-17,16:08:56,HPCL,UPI/HPCL,2424.69,INR,UPI,Debit,Fuel,Nagpur,Maharashtra,India
3828,TXN003829,2019-01-18,11:20:17,Rapido,POS Purchase Rapido,3475.39,INR,Credit Card,Debit,Miscellaneous,Pune,Maharashtra,India
3829,TXN003830,2019-01-18,13:41:24,Zepto,UPI/DR/977357994/Zepto,1932.15,INR,UPI,Debit,Groceries,Ahmedabad,Gujarat,India
3830,TXN003831,2019-01-18,20:20:49,Home Depot India,UPI/Home Depot India,453.14,INR,UPI,Debit,Miscellaneous,Chennai,Tamil Nadu,India
3831,TXN003832,2019-01-19,08:01:45,Third Wave Coffee,UPI/Paytm/Third Wave Coffee,908.73,INR,UPI,Debit,Food,Mumbai,Maharashtra,India
3832,TXN003833,2019-01-19,09:14:34,Bharat Gas,Auto Debit Bharat Gas,1662.79,INR,Auto Debit,Debit,Bills,Mumbai,Maharashtra,India
3833,TXN003834,2019-01-19,18:45:36,BigBasket,Debit Card BigBasket,1407.74,INR,Debit Card,Debit,Groceries,Kochi,Kerala,India
3834,TXN003835,2019-01-19,20:15:31,BookMyShow,Debit Card BookMyShow,547.9,INR,Debit Card,Debit,Entertainment,Ahmedabad,Gujarat,India
3835,TXN003836,2019-01-20,05:06:48,Kirana Shop,UPI/Kirana Shop,2273.6,INR,UPI,Debit,Other,Indore,Madhya Pradesh,India
3836,TXN003837,2019-01-20,10:27:22,Credit Card Bill Payment,Auto Debit Credit Card Bill Payment,187.0,INR,Auto Debit,Debit,Bills,Mumbai,Maharashtra,India
3837,TXN003838,2019-01-21,08:31:06,House Rent Payment,IMPS Rent Payment,7715.14,INR,IMPS,Debit,Rent,Pune,Maharashtra,India
3838,TXN003839,2019-01-21,12:41:05,Local Wine & Beer Shop,UPI/Paytm/Local Wine & Beer Shop,263.8,INR,UPI,Debit,Food,Jaipur,Rajasthan,India
3839,TXN003840,2019-01-21,20:59:56,Myntra,POS Purchase Myntra,288.0,INR,Credit Card,Debit,Shopping,Ahmedabad,Gujarat,India
3840,TXN003841,2019-01-22,05:13:24,Myntra,POS Purchase Myntra,288.0,INR,Credit Card,Debit,Shopping,Jaipur,Rajasthan,India
3841,TXN003842,2019-01-22,10:00:30,BigBasket,POS Purchase BigBasket,1330.86,INR,Credit Card,Debit,Groceries,Kolkata,West Bengal,India
3842,TXN003843,2019-01-22,12:40:06,Airtel,Net Banking Payment Airtel,2385.84,INR,Net Banking,Debit,Bills,Delhi,Delhi,India
3843,TXN003844,2019-01-22,13:17:18,Flipkart,POS Purchase Flipkart,405.6,INR,Credit Card,Debit,Shopping,Hyderabad,Telangana,India
3844,TXN003845,2019-01-22,13:41:45,Tata Play,UPI/Tata Play,333.18,INR,UPI,Debit,Subscription,Delhi,Delhi,India
3845,TXN003846,2019-01-22,13:47:42,Zomato,UPI/Paytm/Zomato,746.46,INR,UPI,Debit,Food,Mumbai,Maharashtra,India
3846,TXN003847,2019-01-22,17:05:32,HDFC Ergo,Auto Debit HDFC Ergo Insurance Premium,8829.58,INR,Auto Debit,Debit,Insurance,Ahmedabad,Gujarat,India
3847,TXN003848,2019-01-22,18:59:51,Ajio,Debit Card Ajio,288.0,INR,Debit Card,Debit,Shopping,Noida,Uttar Pradesh,India
3848,TXN003849,2019-01-23,11:53:33,Local Services,UPI/Local Services,902.64,INR,UPI,Debit,Other,Kochi,Kerala,India
3849,TXN003850,2019-01-23,12:46:30,BEST,Net Banking Payment BEST,2170.57,INR,Net Banking,Debit,Bills,Noida,Uttar Pradesh,India
3850,TXN003851,2019-01-23,15:43:40,DMart,Debit Card DMart,683.58,INR,Debit Card,Debit,Groceries,Bengaluru,Karnataka,India
3851,TXN003852,2019-01-23,20:06:57,HPCL,UPI/HPCL,2587.4,INR,UPI,Debit,Fuel,Lucknow,Uttar Pradesh,India
3852,TXN003853,2019-01-24,10:48:30,Faasos,UPI/Paytm/Faasos,1094.2,INR,UPI,Debit,Food,Kolkata,West Bengal,India
3853,TXN003854,2019-01-24,14:25:31,Cafe Coffee Day,UPI/Paytm/Cafe Coffee Day,116.0,INR,UPI,Debit,Food,Bengaluru,Karnataka,India
3854,TXN003855,2019-01-24,16:46:30,DMart,Debit Card DMart,853.73,INR,Debit Card,Debit,Groceries,Lucknow,Uttar Pradesh,India
3855,TXN003856,2019-01-24,19:18:16,House Rent Payment,IMPS Rent Payment,8178.67,INR,IMPS,Debit,Rent,Surat,Gujarat,India
3856,TXN003857,2019-01-25,07:34:52,McDonald's India,UPI/Paytm/McDonald's India,116.0,INR,UPI,Debit,Food,Lucknow,Uttar Pradesh,India
3857,TXN003858,2019-01-25,12:25:22,Nykaa,UPI Payment Nykaa,288.0,INR,UPI,Debit,Shopping,Hyderabad,Telangana,India
3858,TXN003859,2019-01-25,12:46:49,BEST,Auto Debit BEST,327.75,INR,Auto Debit,Debit,Bills,Hyderabad,Telangana,India
3859,TXN003860,2019-01-25,12:49:33,Adani Electricity,Auto Debit Adani Electricity,1550.28,INR,Auto Debit,Debit,Bills,Chennai,Tamil Nadu,India
3860,TXN003861,2019-01-25,19:07:02,McDonald's India,POS Purchase McDonald's India,534.01,INR,Credit Card,Debit,Food,Delhi,Delhi,India
3861,TXN003862,2019-01-26,00:58:55,Credit Card Bill Payment,Auto Debit Credit Card Bill Payment,6614.26,INR,Auto Debit,Debit,Bills,Hyderabad,Telangana,India
3862,TXN003863,2019-01-26,06:47:43,BEST,Auto Debit BEST,7639.04,INR,Auto Debit,Debit,Bills,Pune,Maharashtra,India
3863,TXN003864,2019-01-26,13:03:04,Credit Card Bill Payment,Net Banking Payment Credit Card Bill Payment,5381.68,INR,Net Banking,Debit,Bills,Hyderabad,Telangana,India
3864,TXN003865,2019-01-26,14:02:46,BEST,Net Banking Payment BEST,1114.28,INR,Net Banking,Debit,Bills,Chennai,Tamil Nadu,India
3865,TXN003866,2019-01-27,13:40:51,Blinkit,UPI/DR/688078280/Blinkit,1190.69,INR,UPI,Debit,Groceries,Nagpur,Maharashtra,India
3866,TXN003867,2019-01-27,14:14:28,LIC,Auto Debit LIC Insurance Premium,8405.16,INR,Auto Debit,Debit,Insurance,Lucknow,Uttar Pradesh,India
3867,TXN003868,2019-01-27,16:26:01,Reliance Fresh,UPI/DR/146325879/Reliance Fresh,677.75,INR,UPI,Debit,Groceries,Surat,Gujarat,India
3868,TXN003869,2019-01-27,22:50:13,BookMyShow,Debit Card BookMyShow,326.07,INR,Debit Card,Debit,Entertainment,Delhi,Delhi,India
3869,TXN003870,2019-01-28,11:38:59,BPCL,UPI/BPCL,1757.97,INR,UPI,Debit,Fuel,Bengaluru,Karnataka,India
3870,TXN003871,2019-01-28,13:25:27,BEST,Auto Debit BEST,1648.91,INR,Auto Debit,Debit,Bills,Hyderabad,Telangana,India
3871,TXN003872,2019-01-28,14:37:27,HP Gas,Net Banking Payment HP Gas,3410.97,INR,Net Banking,Debit,Bills,Nagpur,Maharashtra,India
3872,TXN003873,2019-01-28,15:40:37,Zepto,Debit Card Zepto,300.0,INR,Debit Card,Debit,Groceries,Jaipur,Rajasthan,India
3873,TXN003874,2019-01-29,10:53:12,Zepto,UPI/DR/161877074/Zepto,699.19,INR,UPI,Debit,Groceries,Kochi,Kerala,India
3874,TXN003875,2019-01-30,10:08:56,Domino's India,UPI/Paytm/Domino's India,156.26,INR,UPI,Debit,Food,Hyderabad,Telangana,India
3875,TXN003876,2019-01-30,11:31:09,The Beer Cafe,UPI/Paytm/The Beer Cafe,394.12,INR,UPI,Debit,Food,Lucknow,Uttar Pradesh,India
3876,TXN003877,2019-01-30,13:09:02,DMart,Debit Card DMart,1101.76,INR,Debit Card,Debit,Groceries,Pune,Maharashtra,India
3877,TXN003878,2019-01-30,13:56:36,Credit Card Bill Payment,Net Banking Payment Credit Card Bill Payment,341.39,INR,Net Banking,Debit,Bills,Hyderabad,Telangana,India
3878,TXN003879,2019-01-30,18:05:28,Ola,UPI/Ola,60.0,INR,UPI,Debit,Miscellaneous,Noida,Uttar Pradesh,India
3879,TXN003880,2019-01-30,19:22:57,Indian Oil,UPI/Indian Oil,2947.67,INR,UPI,Debit,Fuel,Lucknow,Uttar Pradesh,India
3880,TXN003881,2019-01-31,03:53:26,Credit Card Bill Payment,Net Banking Payment Credit Card Bill Payment,656.96,INR,Net Banking,Debit,Bills,Noida,Uttar Pradesh,India
3881,TXN003882,2019-01-31,08:52:41,Indane Gas,UPI/Indane Gas,1399.12,INR,UPI,Debit,Bills,Kochi,Kerala,India
3882,TXN003883,2019-01-31,13:27:52,Starbucks India,UPI/Paytm/Starbucks India,354.1,INR,UPI,Debit,Food,Surat,Gujarat,India
3883,TXN003884,2019-01-31,16:08:54,McDonald's India,UPI/Paytm/McDonald's India,116.0,INR,UPI,Debit,Food,Noida,Uttar Pradesh,India
3884,TXN003885,2019-01-31,17:54:27,House Rent Payment,IMPS Rent Payment,7870.76,INR,IMPS,Debit,Rent,Jaipur,Rajasthan,India
3885,TXN003886,2019-02-01,08:30:57,Rapido,Debit Card Rapido,1400.09,INR,Debit Card,Debit,Miscellaneous,Hyderabad,Telangana,India
3886,TXN003887,2019-02-01,10:39:54,Indian Oil,UPI/Indian Oil,4110.45,INR,UPI,Debit,Fuel,Lucknow,Uttar Pradesh,India
3887,TXN003888,2019-02-01,12:18:26,HDFC Ergo,Auto Debit HDFC Ergo Insurance Premium,8629.73,INR,Auto Debit,Debit,Insurance,Hyderabad,Telangana,India
3888,TXN003889,2019-02-01,17:00:42,Reliance Fresh,UPI/DR/218574293/Reliance Fresh,300.0,INR,UPI,Debit,Groceries,Indore,Madhya Pradesh,India
3889,TXN003890,2019-02-02,00:52:52,Bakery,UPI/Bakery,356.79,INR,UPI,Debit,Other,Nagpur,Maharashtra,India
3890,TXN003891,2019-02-02,09:30:16,Local Store,UPI/Local Store,2303.89,INR,UPI,Debit,Other,Pune,Maharashtra,India
3891,TXN003892,2019-02-02,09:52:39,Indian Oil,UPI/Indian Oil,4380.55,INR,UPI,Debit,Fuel,Nagpur,Maharashtra,India
3892,TXN003893,2019-02-02,14:55:54,Reliance Fresh,Debit Card Reliance Fresh,1268.01,INR,Debit Card,Debit,Groceries,Pune,Maharashtra,India
3893,TXN003894,2019-02-02,18:51:45,Cafe Coffee Day,POS Purchase Cafe Coffee Day,566.42,INR,Credit Card,Debit,Food,Indore,Madhya Pradesh,India
3894,TXN003895,2019-02-03,02:30:07,Spotify,Auto Debit Spotify Subscription,149.0,INR,Auto Debit,Debit,Subscription,Lucknow,Uttar Pradesh,India
3895,TXN003896,2019-02-03,10:17:49,House Rent Payment,NEFT Rent Payment,7807.94,INR,NEFT,Debit,Rent,Bengaluru,Karnataka,India
3896,TXN003897,2019-02-03,20:05:10,Myntra,POS Purchase Myntra,1052.31,INR,Credit Card,Debit,Shopping,Lucknow,Uttar Pradesh,India
3897,TXN003898,2019-02-04,07:53:45,Credit Card Bill Payment,Auto Debit Credit Card Bill Payment,2149.2,INR,Auto Debit,Debit,Bills,Hyderabad,Telangana,India
3898,TXN003899,2019-02-04,08:08:06,Municipal Water Department,Auto Debit Municipal Water Department,527.24,INR,Auto Debit,Debit,Bills,Ahmedabad,Gujarat,India
3899,TXN003900,2019-02-04,10:00:19,Rapido,POS Purchase Rapido,277.54,INR,Credit Card,Debit,Miscellaneous,Kolkata,West Bengal,India
3900,TXN003901,2019-02-04,11:51:46,McDonald's India,UPI/Paytm/McDonald's India,549.8,INR,UPI,Debit,Food,Chennai,Tamil Nadu,India
3901,TXN003902,2019-02-04,12:21:13,McDonald's India,POS Purchase McDonald's India,1330.85,INR,Credit Card,Debit,Food,Surat,Gujarat,India
3902,TXN003903,2019-02-04,13:18:17,Amazon India,Debit Card Amazon India,288.0,INR,Debit Card,Debit,Shopping,Pune,Maharashtra,India
3903,TXN003904,2019-02-05,07:43:54,BookMyShow,Debit Card BookMyShow,383.96,INR,Debit Card,Debit,Entertainment,Kolkata,West Bengal,India
3904,TXN003905,2019-02-05,08:30:51,Ajio,POS Purchase Ajio,1765.9,INR,Credit Card,Debit,Shopping,Bengaluru,Karnataka,India
3905,TXN003906,2019-02-05,10:32:18,Swiggy,POS Purchase Swiggy,817.66,INR,Credit Card,Debit,Food,Surat,Gujarat,India
3906,TXN003907,2019-02-05,10:37:45,Barbeque Nation,Debit Card Barbeque Nation,579.29,INR,Debit Card,Debit,Food,Kolkata,West Bengal,India
3907,TXN003908,2019-02-05,11:19:24,EatClub,Debit Card EatClub,359.85,INR,Debit Card,Debit,Food,Pune,Maharashtra,India
3908,TXN003909,2019-02-05,12:18:27,Jio Fiber,UPI/Jio Fiber,2711.69,INR,UPI,Debit,Bills,Bengaluru,Karnataka,India
3909,TXN003910,2019-02-05,16:30:58,Blinkit,UPI/DR/221265692/Blinkit,503.83,INR,UPI,Debit,Groceries,Chennai,Tamil Nadu,India
3910,TXN003911,2019-02-05,16:49:12,Indian Oil,Debit Card Indian Oil,2476.33,INR,Debit Card,Debit,Fuel,Indore,Madhya Pradesh,India
3911,TXN003912,2019-02-05,19:30:42,Credit Card Bill Payment,Net Banking Payment Credit Card Bill Payment,874.81,INR,Net Banking,Debit,Bills,Indore,Madhya Pradesh,India
3912,TXN003913,2019-02-06,12:52:55,Fruit Vendor,UPI/Fruit Vendor,132.27,INR,UPI,Debit,Other,Kolkata,West Bengal,India
3913,TXN003914,2019-02-06,14:45:31,BookMyShow,UPI Payment BookMyShow,263.12,INR,UPI,Debit,Entertainment,Jaipur,Rajasthan,India
3914,TXN003915,2019-02-06,19:13:11,Local Services,Debit Card Local Services,2037.32,INR,Debit Card,Debit,Other,Indore,Madhya Pradesh,India
3915,TXN003916,2019-02-06,19:28:29,Swiggy,POS Purchase Swiggy,513.11,INR,Credit Card,Debit,Food,Bengaluru,Karnataka,India
3916,TXN003917,2019-02-06,22:40:51,Flipkart,Debit Card Flipkart,3206.47,INR,Debit Card,Debit,Shopping,Kolkata,West Bengal,India
3917,TXN003918,2019-02-07,00:09:51,Amazon India,UPI Payment Amazon India,697.32,INR,UPI,Debit,Shopping,Mumbai,Maharashtra,India
3918,TXN003919,2019-02-07,13:10:24,Street Vendor,UPI/Street Vendor,58.19,INR,UPI,Debit,Other,Delhi,Delhi,India
3919,TXN003920,2019-02-08,11:24:36,Credit Card Bill Payment,Auto Debit Credit Card Bill Payment,9824.77,INR,Auto Debit,Debit,Bills,Lucknow,Uttar Pradesh,India
3920,TXN003921,2019-02-08,11:40:51,Toit Brewpub,UPI/Paytm/Toit Brewpub,1343.09,INR,UPI,Debit,Food,Noida,Uttar Pradesh,India
3921,TXN003922,2019-02-08,13:28:37,Credit Card Bill Payment,Auto Debit Credit Card Bill Payment,3252.37,INR,Auto Debit,Debit,Bills,Nagpur,Maharashtra,India
3922,TXN003923,2019-02-09,13:28:57,Credit Card Bill Payment,Auto Debit Credit Card Bill Payment,2214.49,INR,Auto Debit,Debit,Bills,Noida,Uttar Pradesh,India
3923,TXN003924,2019-02-09,13:30:44,Zepto,UPI/DR/320648482/Zepto,894.72,INR,UPI,Debit,Groceries,Pune,Maharashtra,India
3924,TXN003925,2019-02-09,15:35:24,General Store,UPI/General Store,809.51,INR,UPI,Debit,Other,Nagpur,Maharashtra,India
3925,TXN003926,2019-02-09,19:41:14,BigBasket,Debit Card BigBasket,395.39,INR,Debit Card,Debit,Groceries,Chennai,Tamil Nadu,India
3926,TXN003927,2019-02-10,08:18:36,Burger King,POS Purchase Burger King,173.45,INR,Credit Card,Debit,Food,Nagpur,Maharashtra,India
3927,TXN003928,2019-02-10,09:46:49,Ola,Debit Card Ola,3049.47,INR,Debit Card,Debit,Miscellaneous,Chennai,Tamil Nadu,India
3928,TXN003929,2019-02-10,13:07:50,Zepto,Debit Card Zepto,942.02,INR,Debit Card,Debit,Groceries,Indore,Madhya Pradesh,India
3929,TXN003930,2019-02-11,11:53:15,Swiggy,UPI/Paytm/Swiggy,388.27,INR,UPI,Debit,Food,Delhi,Delhi,India
3930,TXN003931,2019-02-11,13:58:46,BigBasket,UPI/DR/966878665/BigBasket,889.23,INR,UPI,Debit,Groceries,Kolkata,West Bengal,India
3931,TXN003932,2019-02-11,16:22:00,HP Gas,Auto Debit HP Gas,5131.85,INR,Auto Debit,Debit,Bills,Pune,Maharashtra,India
3932,TXN003933,2019-02-12,11:34:17,Toit Brewpub,UPI/Paytm/Toit Brewpub,586.43,INR,UPI,Debit,Food,Jaipur,Rajasthan,India
3933,TXN003934,2019-02-12,13:13:57,Flipkart,Debit Card Flipkart,288.0,INR,Debit Card,Debit,Shopping,Jaipur,Rajasthan,India
3934,TXN003935,2019-02-12,14:07:11,Starbucks India,UPI/Paytm/Starbucks India,284.72,INR,UPI,Debit,Food,Noida,Uttar Pradesh,India
3935,TXN003936,2019-02-12,14:41:09,Amazon India,POS Purchase Amazon India,802.39,INR,Credit Card,Debit,Shopping,Mumbai,Maharashtra,India
3936,TXN003937,2019-02-12,14:57:17,Employer Salary Credit,NEFT Salary Credit,44019.33,INR,NEFT,Credit,Salary,Noida,Uttar Pradesh,India
3937,TXN003938,2019-02-12,20:18:49,HDFC Ergo,Auto Debit HDFC Ergo Insurance Premium,8317.03,INR,Auto Debit,Debit,Insurance,Kochi,Kerala,India
3938,TXN003939,2019-02-13,13:40:11,Zomato,UPI/Paytm/Zomato,116.0,INR,UPI,Debit,Food,Pune,Maharashtra,India
3939,TXN003940,2019-02-13,21:20:36,Fruit Vendor,UPI/Fruit Vendor,51.68,INR,UPI,Debit,Other,Indore,Madhya Pradesh,India
3940,TXN003941,2019-02-14,07:16:09,Flipkart,UPI Payment Flipkart,11805.73,INR,UPI,Debit,Shopping,Nagpur,Maharashtra,India
3941,TXN003942,2019-02-14,11:55:58,Credit Card Bill Payment,Auto Debit Credit Card Bill Payment,751.22,INR,Auto Debit,Debit,Bills,Mumbai,Maharashtra,India
3942,TXN003943,2019-02-14,13:11:10,Naturals Salon,Debit Card Naturals Salon,273.07,INR,Debit Card,Debit,Miscellaneous,Hyderabad,Telangana,India
3943,TXN003944,2019-02-14,13:25:54,House Rent Payment,NEFT Rent Payment,7969.53,INR,NEFT,Debit,Rent,Mumbai,Maharashtra,India
3944,TXN003945,2019-02-14,16:02:01,Credit Card Bill Payment,Auto Debit Credit Card Bill Payment,2174.05,INR,Auto Debit,Debit,Bills,Indore,Madhya Pradesh,India
3945,TXN003946,2019-02-14,17:08:55,Bharat Gas,Auto Debit Bharat Gas,1424.23,INR,Auto Debit,Debit,Bills,Chennai,Tamil Nadu,India
3946,TXN003947,2019-02-14,18:58:37,DMart,UPI/DR/961425250/DMart,795.92,INR,UPI,Debit,Groceries,Chennai,Tamil Nadu,India
3947,TXN003948,2019-02-15,01:06:08,Chaayos,POS Purchase Chaayos,1127.29,INR,Credit Card,Debit,Food,Nagpur,Maharashtra,India
3948,TXN003949,2019-02-15,08:35:18,HPCL,Debit Card HPCL,3998.7,INR,Debit Card,Debit,Fuel,Noida,Uttar Pradesh,India
3949,TXN003950,2019-02-15,17:23:37,McDonald's India,UPI/Paytm/McDonald's India,384.47,INR,UPI,Debit,Food,Chennai,Tamil Nadu,India
3950,TXN003951,2019-02-15,19:41:16,The Beer Cafe,UPI/Paytm/The Beer Cafe,190.58,INR,UPI,Debit,Food,Mumbai,Maharashtra,India
3951,TXN003952,2019-02-15,23:36:08,Disney+ Hotstar,Net Banking Payment Disney+ Hotstar,243.36,INR,Net Banking,Debit,Subscription,Indore,Madhya Pradesh,India
3952,TXN003953,2019-02-16,08:18:02,Airtel,Net Banking Payment Airtel,4571.52,INR,Net Banking,Debit,Bills,Surat,Gujarat,India
3953,TXN003954,2019-02-16,11:40:19,Flipkart,POS Purchase Flipkart,1338.16,INR,Credit Card,Debit,Shopping,Surat,Gujarat,India
3954,TXN003955,2019-02-16,12:50:57,Adani Electricity,Auto Debit Adani Electricity,4769.81,INR,Auto Debit,Debit,Bills,Delhi,Delhi,India
3955,TXN003956,2019-02-16,16:11:12,Amazon India,POS Purchase Amazon India,614.11,INR,Credit Card,Debit,Shopping,Kolkata,West Bengal,India
3956,TXN003957,2019-02-17,08:12:31,Street Vendor,UPI/Street Vendor,39.35,INR,UPI,Debit,Other,Chennai,Tamil Nadu,India
3957,TXN003958,2019-02-17,15:05:41,Credit Card Bill Payment,Net Banking Payment Credit Card Bill Payment,2200.54,INR,Net Banking,Debit,Bills,Hyderabad,Telangana,India
3958,TXN003959,2019-02-17,16:55:58,Zepto,UPI/DR/834834366/Zepto,2040.49,INR,UPI,Debit,Groceries,Noida,Uttar Pradesh,India
3959,TXN003960,2019-02-17,22:56:00,Zomato,UPI/Paytm/Zomato,1523.28,INR,UPI,Debit,Food,Lucknow,Uttar Pradesh,India
3960,TXN003961,2019-02-18,07:20:54,Indian Oil,Debit Card Indian Oil,2918.02,INR,Debit Card,Debit,Fuel,Lucknow,Uttar Pradesh,India
3961,TXN003962,2019-02-18,11:04:10,Bharat Gas,Auto Debit Bharat Gas,1336.99,INR,Auto Debit,Debit,Bills,Bengaluru,Karnataka,India
3962,TXN003963,2019-02-18,12:51:00,PharmEasy,UPI/PharmEasy,1229.34,INR,UPI,Debit,Miscellaneous,Jaipur,Rajasthan,India
3963,TXN003964,2019-02-18,13:59:37,McDonald's India,Debit Card McDonald's India,203.22,INR,Debit Card,Debit,Food,Jaipur,Rajasthan,India
3964,TXN003965,2019-02-18,16:19:58,Myntra,UPI Payment Myntra,824.5,INR,UPI,Debit,Shopping,Lucknow,Uttar Pradesh,India
3965,TXN003966,2019-02-18,16:44:58,McDonald's India,Debit Card McDonald's India,421.6,INR,Debit Card,Debit,Food,Hyderabad,Telangana,India
3966,TXN003967,2019-02-18,20:14:00,BookMyShow,UPI Payment BookMyShow,200.42,INR,UPI,Debit,Entertainment,Ahmedabad,Gujarat,India
3967,TXN003968,2019-02-19,05:02:38,Airtel,Net Banking Payment Airtel,983.11,INR,Net Banking,Debit,Bills,Pune,Maharashtra,India
3968,TXN003969,2019-02-19,10:54:03,Reliance Fresh,Debit Card Reliance Fresh,974.66,INR,Debit Card,Debit,Groceries,Kochi,Kerala,India
3969,TXN003970,2019-02-19,14:03:42,Dish TV,Auto Debit Dish TV Subscription,226.62,INR,Auto Debit,Debit,Subscription,Nagpur,Maharashtra,India
3970,TXN003971,2019-02-19,14:23:07,Cafe Coffee Day,Debit Card Cafe Coffee Day,1891.1,INR,Debit Card,Debit,Food,Noida,Uttar Pradesh,India
3971,TXN003972,2019-02-19,16:03:25,Myntra,Debit Card Myntra,288.0,INR,Debit Card,Debit,Shopping,Indore,Madhya Pradesh,India
3972,TXN003973,2019-02-20,09:08:19,EatClub,UPI/Paytm/EatClub,309.47,INR,UPI,Debit,Food,Lucknow,Uttar Pradesh,India
3973,TXN003974,2019-02-20,09:32:33,Meesho,POS Purchase Meesho,803.32,INR,Credit Card,Debit,Shopping,Mumbai,Maharashtra,India
3974,TXN003975,2019-02-20,13:48:16,Lakme Salon,Debit Card Lakme Salon,1371.98,INR,Debit Card,Debit,Miscellaneous,Bengaluru,Karnataka,India
3975,TXN003976,2019-02-20,21:00:32,Reliance Fresh,Debit Card Reliance Fresh,753.39,INR,Debit Card,Debit,Groceries,Kolkata,West Bengal,India
3976,TXN003977,2019-02-20,21:05:26,Tata Power,Auto Debit Tata Power,4164.36,INR,Auto Debit,Debit,Bills,Hyderabad,Telangana,India
3977,TXN003978,2019-02-20,21:38:03,Zomato,UPI/Paytm/Zomato,266.71,INR,UPI,Debit,Food,Nagpur,Maharashtra,India
3978,TXN003979,2019-02-21,08:53:44,Ola,Debit Card Ola,159.54,INR,Debit Card,Debit,Miscellaneous,Mumbai,Maharashtra,India
3979,TXN003980,2019-02-21,11:43:30,Vegetable Market,Cash Withdrawal ATM,418.43,INR,Cash Withdrawal,Debit,Other,Mumbai,Maharashtra,India
3980,TXN003981,2019-02-21,11:55:48,Credit Card Bill Payment,Auto Debit Credit Card Bill Payment,3490.54,INR,Auto Debit,Debit,Bills,Chennai,Tamil Nadu,India
3981,TXN003982,2019-02-21,12:19:53,Bharat Gas,Auto Debit Bharat Gas,195.94,INR,Auto Debit,Debit,Bills,Hyderabad,Telangana,India
3982,TXN003983,2019-02-21,14:46:39,BigBasket,POS Purchase BigBasket,537.14,INR,Credit Card,Debit,Groceries,Indore,Madhya Pradesh,India
3983,TXN003984,2019-02-22,08:55:34,Adani Electricity,Auto Debit Adani Electricity,2307.1,INR,Auto Debit,Debit,Bills,Chennai,Tamil Nadu,India
3984,TXN003985,2019-02-22,20:59:02,Employer Salary Credit,NEFT Salary Credit,43972.5,INR,NEFT,Credit,Salary,Bengaluru,Karnataka,India
3985,TXN003986,2019-02-23,11:20:46,Jio Fiber,Auto Debit Jio Fiber,4064.7,INR,Auto Debit,Debit,Bills,Kochi,Kerala,India
3986,TXN003987,2019-02-23,12:36:40,Zomato,UPI/Paytm/Zomato,454.2,INR,UPI,Debit,Food,Indore,Madhya Pradesh,India
3987,TXN003988,2019-02-23,13:56:22,BigBasket,POS Purchase BigBasket,753.31,INR,Credit Card,Debit,Groceries,Nagpur,Maharashtra,India
3988,TXN003989,2019-02-23,14:30:44,Myntra,POS Purchase Myntra,313.71,INR,Credit Card,Debit,Shopping,Jaipur,Rajasthan,India
3989,TXN003990,2019-02-23,17:56:17,Credit Card Bill Payment,Auto Debit Credit Card Bill Payment,469.82,INR,Auto Debit,Debit,Bills,Noida,Uttar Pradesh,India
3990,TXN003991,2019-02-23,18:31:20,Tata Power,Auto Debit Tata Power,1234.52,INR,Auto Debit,Debit,Bills,Chennai,Tamil Nadu,India
3991,TXN003992,2019-02-24,03:31:52,Credit Card Bill Payment,Net Banking Payment Credit Card Bill Payment,4265.19,INR,Net Banking,Debit,Bills,Indore,Madhya Pradesh,India
3992,TXN003993,2019-02-24,11:09:58,Chaayos,UPI/Paytm/Chaayos,116.0,INR,UPI,Debit,Food,Ahmedabad,Gujarat,India
3993,TXN003994,2019-02-24,11:41:01,Blinkit,UPI/DR/533190034/Blinkit,1729.48,INR,UPI,Debit,Groceries,Indore,Madhya Pradesh,India
3994,TXN003995,2019-02-24,12:52:08,Zepto,UPI/DR/515973568/Zepto,300.0,INR,UPI,Debit,Groceries,Indore,Madhya Pradesh,India
3995,TXN003996,2019-02-24,17:34:16,Zomato,UPI/Paytm/Zomato,656.59,INR,UPI,Debit,Food,Hyderabad,Telangana,India
3996,TXN003997,2019-02-24,19:32:07,Reliance Fresh,UPI/DR/143630672/Reliance Fresh,998.68,INR,UPI,Debit,Groceries,Ahmedabad,Gujarat,India
3997,TXN003998,2019-02-24,20:05:13,Flipkart,POS Purchase Flipkart,288.0,INR,Credit Card,Debit,Shopping,Pune,Maharashtra,India
3998,TXN003999,2019-02-25,13:07:20,Employer Salary Credit,NEFT Salary Credit,41103.99,INR,NEFT,Credit,Salary,Surat,Gujarat,India
3999,TXN004000,2019-02-25,13:53:20,Burger King,UPI/Paytm/Burger King,116.0,INR,UPI,Debit,Food,Kolkata,West Bengal,India
4000,TXN004001,2019-02-25,14:40:51,Dish TV,Auto Debit Dish TV Subscription,290.46,INR,Auto Debit,Debit,Subscription,Bengaluru,Karnataka,India
4001,TXN004002,2019-02-25,15:10:36,DMart,Debit Card DMart,1691.59,INR,Debit Card,Debit,Groceries,Delhi,Delhi,India
4002,TXN004003,2019-02-25,16:18:05,BSNL,Auto Debit BSNL,1175.72,INR,Auto Debit,Debit,Bills,Kochi,Kerala,India
4003,TXN004004,2019-02-25,19:39:15,Indian Oil,UPI/Indian Oil,3020.39,INR,UPI,Debit,Fuel,Lucknow,Uttar Pradesh,India
4004,TXN004005,2019-02-26,04:08:15,Indane Gas,Auto Debit Indane Gas,3114.95,INR,Auto Debit,Debit,Bills,Delhi,Delhi,India
4005,TXN004006,2019-02-26,09:35:42,Jio,Auto Debit Jio,1108.76,INR,Auto Debit,Debit,Bills,Mumbai,Maharashtra,India
4006,TXN004007,2019-02-26,13:32:35,Jio,Net Banking Payment Jio,1454.08,INR,Net Banking,Debit,Bills,Bengaluru,Karnataka,India
4007,TXN004008,2019-02-26,13:47:57,Jio,Auto Debit Jio,4412.37,INR,Auto Debit,Debit,Bills,Bengaluru,Karnataka,India
4008,TXN004009,2019-02-26,14:21:57,McDonald's India,Debit Card McDonald's India,713.51,INR,Debit Card,Debit,Food,Hyderabad,Telangana,India
4009,TXN004010,2019-02-26,20:41:48,Amazon India,POS Purchase Amazon India,334.33,INR,Credit Card,Debit,Shopping,Lucknow,Uttar Pradesh,India
4010,TXN004011,2019-02-26,22:50:04,Social,UPI/Paytm/Social,116.0,INR,UPI,Debit,Food,Jaipur,Rajasthan,India
4011,TXN004012,2019-02-27,01:34:21,Credit Card Bill Payment,Auto Debit Credit Card Bill Payment,3771.2,INR,Auto Debit,Debit,Bills,Bengaluru,Karnataka,India
4012,TXN004013,2019-02-27,12:17:54,Blinkit,UPI/DR/250325647/Blinkit,1089.31,INR,UPI,Debit,Groceries,Kochi,Kerala,India
4013,TXN004014,2019-02-27,12:49:35,Credit Card Bill Payment,Net Banking Payment Credit Card Bill Payment,2406.76,INR,Net Banking,Debit,Bills,Hyderabad,Telangana,India
4014,TXN004015,2019-02-27,12:59:05,Jio Fiber,UPI/Jio Fiber,12175.1,INR,UPI,Debit,Bills,Nagpur,Maharashtra,India
4015,TXN004016,2019-02-27,13:51:28,BPCL,Cash Withdrawal ATM,2104.04,INR,Cash Withdrawal,Debit,Fuel,Jaipur,Rajasthan,India
4016,TXN004017,2019-02-28,00:44:13,Employer Salary Credit,NEFT Salary Credit,38433.18,INR,NEFT,Credit,Salary,Delhi,Delhi,India
4017,TXN004018,2019-02-28,09:43:33,DMart,Debit Card DMart,300.0,INR,Debit Card,Debit,Groceries,Delhi,Delhi,India
4018,TXN004019,2019-02-28,13:07:29,Credit Card Bill Payment,Auto Debit Credit Card Bill Payment,7116.05,INR,Auto Debit,Debit,Bills,Pune,Maharashtra,India
4019,TXN004020,2019-02-28,13:09:21,Jio Fiber,Net Banking Payment Jio Fiber,5659.7,INR,Net Banking,Debit,Bills,Indore,Madhya Pradesh,India
4020,TXN004021,2019-02-28,15:25:17,Nykaa,POS Purchase Nykaa,957.32,INR,Credit Card,Debit,Shopping,Chennai,Tamil Nadu,India
4021,TXN004022,2019-02-28,15:40:33,Nykaa,UPI Payment Nykaa,1626.39,INR,UPI,Debit,Shopping,Noida,Uttar Pradesh,India
4022,TXN004023,2019-02-28,19:34:34,Tailor,UPI/Tailor,2299.56,INR,UPI,Debit,Other,Bengaluru,Karnataka,India
4023,TXN004024,2019-03-01,09:53:04,House Rent Payment,NEFT Rent Payment,7570.9,INR,NEFT,Debit,Rent,Bengaluru,Karnataka,India
4024,TXN004025,2019-03-01,13:02:42,Ajio,UPI Payment Ajio,288.0,INR,UPI,Debit,Shopping,Lucknow,Uttar Pradesh,India
4025,TXN004026,2019-03-01,15:46:09,Credit Card Bill Payment,UPI/Credit Card Bill Payment,187.0,INR,UPI,Debit,Bills,Ahmedabad,Gujarat,India
4026,TXN004027,2019-03-02,09:26:23,Jio,Net Banking Payment Jio,1742.82,INR,Net Banking,Debit,Bills,Hyderabad,Telangana,India
4027,TXN004028,2019-03-02,11:18:26,Social,Debit Card Social,971.45,INR,Debit Card,Debit,Food,Pune,Maharashtra,India
4028,TXN004029,2019-03-02,12:23:15,Amazon India,POS Purchase Amazon India,288.0,INR,Credit Card,Debit,Shopping,Hyderabad,Telangana,India
4029,TXN004030,2019-03-02,14:06:24,Local Hardware Store,Debit Card Local Hardware Store,278.22,INR,Debit Card,Debit,Miscellaneous,Bengaluru,Karnataka,India
4030,TXN004031,2019-03-02,14:56:15,Apollo Pharmacy,UPI/Apollo Pharmacy,60.0,INR,UPI,Debit,Miscellaneous,Noida,Uttar Pradesh,India
4031,TXN004032,2019-03-02,23:12:07,BookMyShow,Debit Card BookMyShow,361.03,INR,Debit Card,Debit,Entertainment,Delhi,Delhi,India
4032,TXN004033,2019-03-03,13:25:23,Blinkit,UPI/DR/111372730/Blinkit,595.83,INR,UPI,Debit,Groceries,Noida,Uttar Pradesh,India
4033,TXN004034,2019-03-03,14:24:39,Myntra,UPI Payment Myntra,288.0,INR,UPI,Debit,Shopping,Nagpur,Maharashtra,India
4034,TXN004035,2019-03-03,15:25:32,Credit Card Bill Payment,Net Banking Payment Credit Card Bill Payment,629.07,INR,Net Banking,Debit,Bills,Chennai,Tamil Nadu,India
4035,TXN004036,2019-03-03,22:16:23,DMart,UPI/DR/145965208/DMart,999.54,INR,UPI,Debit,Groceries,Surat,Gujarat,India
4036,TXN004037,2019-03-04,02:51:50,Zomato,UPI/Paytm/Zomato,696.24,INR,UPI,Debit,Food,Pune,Maharashtra,India
4037,TXN004038,2019-03-04,09:48:28,Zepto,Debit Card Zepto,1635.68,INR,Debit Card,Debit,Groceries,Pune,Maharashtra,India
4038,TXN004039,2019-03-04,13:25:50,Flipkart,Debit Card Flipkart,288.0,INR,Debit Card,Debit,Shopping,Surat,Gujarat,India
4039,TXN004040,2019-03-04,18:11:20,BPCL,Cash Withdrawal ATM,3465.44,INR,Cash Withdrawal,Debit,Fuel,Kochi,Kerala,India
4040,TXN004041,2019-03-05,10:44:21,House Rent Payment,IMPS Rent Payment,8441.52,INR,IMPS,Debit,Rent,Kolkata,West Bengal,India
4041,TXN004042,2019-03-05,13:05:58,Adani Electricity,Auto Debit Adani Electricity,1615.87,INR,Auto Debit,Debit,Bills,Nagpur,Maharashtra,India
4042,TXN004043,2019-03-05,15:02:02,Credit Card Bill Payment,Auto Debit Credit Card Bill Payment,4094.41,INR,Auto Debit,Debit,Bills,Nagpur,Maharashtra,India
4043,TXN004044,2019-03-05,16:23:49,Nykaa,UPI Payment Nykaa,288.0,INR,UPI,Debit,Shopping,Indore,Madhya Pradesh,India
4044,TXN004045,2019-03-05,18:48:48,Credit Card Bill Payment,Auto Debit Credit Card Bill Payment,196.07,INR,Auto Debit,Debit,Bills,Hyderabad,Telangana,India
4045,TXN004046,2019-03-05,21:27:19,HPCL,UPI/HPCL,2785.17,INR,UPI,Debit,Fuel,Kolkata,West Bengal,India
4046,TXN004047,2019-03-06,13:08:18,Nykaa,Debit Card Nykaa,615.71,INR,Debit Card,Debit,Shopping,Indore,Madhya Pradesh,India
4047,TXN004048,2019-03-07,12:11:53,General Store,Cash Withdrawal ATM,1952.61,INR,Cash Withdrawal,Debit,Other,Ahmedabad,Gujarat,India
4048,TXN004049,2019-03-07,13:01:44,Flipkart,Debit Card Flipkart,692.67,INR,Debit Card,Debit,Shopping,Ahmedabad,Gujarat,India
4049,TXN004050,2019-03-07,15:51:41,BookMyShow,UPI Payment BookMyShow,267.12,INR,UPI,Debit,Entertainment,Hyderabad,Telangana,India
4050,TXN004051,2019-03-07,16:15:44,Faasos,Debit Card Faasos,795.19,INR,Debit Card,Debit,Food,Indore,Madhya Pradesh,India
4051,TXN004052,2019-03-07,22:21:14,Domino's India,POS Purchase Domino's India,322.89,INR,Credit Card,Debit,Food,Ahmedabad,Gujarat,India
4052,TXN004053,2019-03-08,10:01:01,Misc Vendor,Debit Card Misc Vendor,711.56,INR,Debit Card,Debit,Other,Kolkata,West Bengal,India
4053,TXN004054,2019-03-08,16:50:30,HP Gas,UPI/HP Gas,3077.87,INR,UPI,Debit,Bills,Delhi,Delhi,India
4054,TXN004055,2019-03-08,19:19:42,Credit Card Bill Payment,Auto Debit Credit Card Bill Payment,3279.33,INR,Auto Debit,Debit,Bills,Jaipur,Rajasthan,India
4055,TXN004056,2019-03-09,09:15:17,Amazon India,POS Purchase Amazon India,288.0,INR,Credit Card,Debit,Shopping,Chennai,Tamil Nadu,India
4056,TXN004057,2019-03-09,13:05:02,McDonald's India,Debit Card McDonald's India,116.0,INR,Debit Card,Debit,Food,Kolkata,West Bengal,India
4057,TXN004058,2019-03-09,17:21:19,Chaayos,UPI/Paytm/Chaayos,899.51,INR,UPI,Debit,Food,Jaipur,Rajasthan,India
4058,TXN004059,2019-03-10,00:19:28,Credit Card Bill Payment,Auto Debit Credit Card Bill Payment,187.0,INR,Auto Debit,Debit,Bills,Jaipur,Rajasthan,India
4059,TXN004060,2019-03-10,04:45:18,BEST,Auto Debit BEST,1516.07,INR,Auto Debit,Debit,Bills,Mumbai,Maharashtra,India
4060,TXN004061,2019-03-10,09:01:20,Swiggy,UPI/Paytm/Swiggy,499.87,INR,UPI,Debit,Food,Nagpur,Maharashtra,India
4061,TXN004062,2019-03-10,10:16:50,Uber,UPI/Uber,283.34,INR,UPI,Debit,Miscellaneous,Indore,Madhya Pradesh,India
4062,TXN004063,2019-03-10,11:39:57,Ola,Debit Card Ola,60.0,INR,Debit Card,Debit,Miscellaneous,Lucknow,Uttar Pradesh,India
4063,TXN004064,2019-03-11,07:22:44,Jio,Auto Debit Jio,432.92,INR,Auto Debit,Debit,Bills,Chennai,Tamil Nadu,India
4064,TXN004065,2019-03-11,11:17:03,BigBasket,UPI/DR/339129305/BigBasket,981.2,INR,UPI,Debit,Groceries,Noida,Uttar Pradesh,India
4065,TXN004066,2019-03-11,11:55:24,Zomato,UPI/Paytm/Zomato,116.0,INR,UPI,Debit,Food,Bengaluru,Karnataka,India
4066,TXN004067,2019-03-11,17:34:36,Indian Oil,Debit Card Indian Oil,2501.16,INR,Debit Card,Debit,Fuel,Pune,Maharashtra,India
4067,TXN004068,2019-03-12,13:05:33,Ola,Debit Card Ola,884.8,INR,Debit Card,Debit,Miscellaneous,Mumbai,Maharashtra,India
4068,TXN004069,2019-03-12,13:48:25,Jio,Auto Debit Jio,2704.05,INR,Auto Debit,Debit,Bills,Lucknow,Uttar Pradesh,India
4069,TXN004070,2019-03-12,15:45:26,DMart,POS Purchase DMart,300.0,INR,Credit Card,Debit,Groceries,Nagpur,Maharashtra,India
4070,TXN004071,2019-03-12,16:31:38,Blinkit,UPI/DR/290679038/Blinkit,975.51,INR,UPI,Debit,Groceries,Chennai,Tamil Nadu,India
4071,TXN004072,2019-03-12,17:56:03,Meesho,Debit Card Meesho,1152.69,INR,Debit Card,Debit,Shopping,Kochi,Kerala,India
4072,TXN004073,2019-03-12,20:30:35,Credit Card Bill Payment,Net Banking Payment Credit Card Bill Payment,1167.86,INR,Net Banking,Debit,Bills,Noida,Uttar Pradesh,India
4073,TXN004074,2019-03-12,20:57:24,IRCTC,Debit Card IRCTC,2875.28,INR,Debit Card,Debit,Miscellaneous,Kochi,Kerala,India
4074,TXN004075,2019-03-13,08:08:26,KFC India,POS Purchase KFC India,148.05,INR,Credit Card,Debit,Food,Surat,Gujarat,India
4075,TXN004076,2019-03-13,09:15:28,Social,UPI/Paytm/Social,450.74,INR,UPI,Debit,Food,Delhi,Delhi,India
4076,TXN004077,2019-03-13,14:41:24,DMart,UPI/DR/731015334/DMart,1185.57,INR,UPI,Debit,Groceries,Lucknow,Uttar Pradesh,India
4077,TXN004078,2019-03-13,20:24:21,House Rent Payment,IMPS Rent Payment,46257.98,INR,IMPS,Debit,Rent,Bengaluru,Karnataka,India
4078,TXN004079,2019-03-14,08:41:05,Local Wine & Beer Shop,UPI/Paytm/Local Wine & Beer Shop,328.54,INR,UPI,Debit,Food,Mumbai,Maharashtra,India
4079,TXN004080,2019-03-14,09:38:54,Local Barbershop,Debit Card Local Barbershop,812.93,INR,Debit Card,Debit,Miscellaneous,Lucknow,Uttar Pradesh,India
4080,TXN004081,2019-03-14,11:47:07,DMart,UPI/DR/914115345/DMart,2114.55,INR,UPI,Debit,Groceries,Indore,Madhya Pradesh,India
4081,TXN004082,2019-03-14,16:54:33,Employer Salary Credit,NEFT Salary Credit,48418.28,INR,NEFT,Credit,Salary,Chennai,Tamil Nadu,India
4082,TXN004083,2019-03-15,11:47:12,BookMyShow,UPI Payment BookMyShow,164.36,INR,UPI,Debit,Entertainment,Pune,Maharashtra,India
4083,TXN004084,2019-03-15,14:44:25,Kirana Shop,UPI/Kirana Shop,869.43,INR,UPI,Debit,Other,Kochi,Kerala,India
4084,TXN004085,2019-03-15,17:39:10,BookMyShow,POS Purchase BookMyShow,149.0,INR,Credit Card,Debit,Entertainment,Kochi,Kerala,India
4085,TXN004086,2019-03-16,10:37:42,Bajaj Allianz,Auto Debit Bajaj Allianz Insurance Premium,7990.0,INR,Auto Debit,Debit,Insurance,Mumbai,Maharashtra,India
4086,TXN004087,2019-03-16,12:43:23,Local Services,Debit Card Local Services,335.01,INR,Debit Card,Debit,Other,Pune,Maharashtra,India
4087,TXN004088,2019-03-16,19:06:43,BSNL,Net Banking Payment BSNL,920.64,INR,Net Banking,Debit,Bills,Delhi,Delhi,India
4088,TXN004089,2019-03-17,12:23:44,Zepto,POS Purchase Zepto,440.27,INR,Credit Card,Debit,Groceries,Indore,Madhya Pradesh,India
4089,TXN004090,2019-03-17,13:50:50,Zepto,UPI/DR/847462287/Zepto,741.23,INR,UPI,Debit,Groceries,Delhi,Delhi,India
4090,TXN004091,2019-03-18,08:48:46,Credit Card Bill Payment,Net Banking Payment Credit Card Bill Payment,3188.69,INR,Net Banking,Debit,Bills,Mumbai,Maharashtra,India
4091,TXN004092,2019-03-18,11:12:23,BSNL,Net Banking Payment BSNL,2642.16,INR,Net Banking,Debit,Bills,Noida,Uttar Pradesh,India
4092,TXN004093,2019-03-18,14:11:43,Domino's India,UPI/Paytm/Domino's India,1501.08,INR,UPI,Debit,Food,Delhi,Delhi,India
4093,TXN004094,2019-03-19,07:03:17,Employer Salary Credit,NEFT Salary Credit,56002.56,INR,NEFT,Credit,Salary,Pune,Maharashtra,India
4094,TXN004095,2019-03-19,09:31:33,Naturals Salon,UPI/Naturals Salon,328.43,INR,UPI,Debit,Miscellaneous,Mumbai,Maharashtra,India
4095,TXN004096,2019-03-19,10:59:36,Indian Oil,Debit Card Indian Oil,4057.51,INR,Debit Card,Debit,Fuel,Pune,Maharashtra,India
4096,TXN004097,2019-03-19,12:06:47,Vegetable Market,UPI/Vegetable Market,542.68,INR,UPI,Debit,Other,Kolkata,West Bengal,India
4097,TXN004098,2019-03-19,20:16:02,Credit Card Bill Payment,Auto Debit Credit Card Bill Payment,1405.74,INR,Auto Debit,Debit,Bills,Indore,Madhya Pradesh,India
4098,TXN004099,2019-03-20,12:21:53,Credit Card Bill Payment,UPI/Credit Card Bill Payment,7531.63,INR,UPI,Debit,Bills,Kolkata,West Bengal,India
4099,TXN004100,2019-03-20,12:38:25,Zomato,Debit Card Zomato,345.65,INR,Debit Card,Debit,Food,Delhi,Delhi,India
4100,TXN004101,2019-03-20,12:57:32,Jio Fiber,Auto Debit Jio Fiber,3720.62,INR,Auto Debit,Debit,Bills,Pune,Maharashtra,India
4101,TXN004102,2019-03-21,07:59:47,Indian Oil,UPI/Indian Oil,3883.96,INR,UPI,Debit,Fuel,Nagpur,Maharashtra,India
4102,TXN004103,2019-03-21,12:22:17,Employer Salary Credit,NEFT Salary Credit,43706.26,INR,NEFT,Credit,Salary,Surat,Gujarat,India
4103,TXN004104,2019-03-21,17:07:01,Credit Card Bill Payment,Auto Debit Credit Card Bill Payment,2890.79,INR,Auto Debit,Debit,Bills,Mumbai,Maharashtra,India
4104,TXN004105,2019-03-21,17:35:04,Reliance Fresh,UPI/DR/821216549/Reliance Fresh,1309.79,INR,UPI,Debit,Groceries,Nagpur,Maharashtra,India
4105,TXN004106,2019-03-21,18:35:17,Adani Electricity,Auto Debit Adani Electricity,4495.9,INR,Auto Debit,Debit,Bills,Pune,Maharashtra,India
4106,TXN004107,2019-03-22,06:52:20,Chaayos,Debit Card Chaayos,785.09,INR,Debit Card,Debit,Food,Surat,Gujarat,India
4107,TXN004108,2019-03-22,12:38:38,Nature's Basket,Debit Card Nature's Basket,745.14,INR,Debit Card,Debit,Groceries,Kolkata,West Bengal,India
4108,TXN004109,2019-03-22,13:47:43,Jio,Auto Debit Jio,187.0,INR,Auto Debit,Debit,Bills,Nagpur,Maharashtra,India
4109,TXN004110,2019-03-22,18:21:21,DMart,UPI/DR/415223070/DMart,951.75,INR,UPI,Debit,Groceries,Lucknow,Uttar Pradesh,India
4110,TXN004111,2019-03-23,06:54:04,Nature's Basket,Debit Card Nature's Basket,1490.71,INR,Debit Card,Debit,Groceries,Lucknow,Uttar Pradesh,India
4111,TXN004112,2019-03-23,07:45:57,Indian Oil,UPI/Indian Oil,4295.38,INR,UPI,Debit,Fuel,Noida,Uttar Pradesh,India
4112,TXN004113,2019-03-23,09:27:46,Swiggy,POS Purchase Swiggy,189.85,INR,Credit Card,Debit,Food,Kochi,Kerala,India
4113,TXN004114,2019-03-24,09:55:44,Tata Power,Net Banking Payment Tata Power,1225.18,INR,Net Banking,Debit,Bills,Hyderabad,Telangana,India
4114,TXN004115,2019-03-24,10:56:28,HDFC Ergo,Auto Debit HDFC Ergo Insurance Premium,8771.0,INR,Auto Debit,Debit,Insurance,Mumbai,Maharashtra,India
4115,TXN004116,2019-03-24,13:57:32,Bharat Gas,Net Banking Payment Bharat Gas,2078.99,INR,Net Banking,Debit,Bills,Ahmedabad,Gujarat,India
4116,TXN004117,2019-03-24,18:00:03,Domino's India,UPI/Paytm/Domino's India,1175.3,INR,UPI,Debit,Food,Ahmedabad,Gujarat,India
4117,TXN004118,2019-03-25,13:27:20,Indian Oil,Debit Card Indian Oil,2668.35,INR,Debit Card,Debit,Fuel,Hyderabad,Telangana,India
4118,TXN004119,2019-03-25,14:29:06,Tailor,UPI/Tailor,1483.92,INR,UPI,Debit,Other,Indore,Madhya Pradesh,India
4119,TXN004120,2019-03-25,19:00:44,Employer Salary Credit,NEFT Salary Credit,50014.14,INR,NEFT,Credit,Salary,Mumbai,Maharashtra,India
4120,TXN004121,2019-03-25,19:26:02,Credit Card Bill Payment,Net Banking Payment Credit Card Bill Payment,6893.07,INR,Net Banking,Debit,Bills,Lucknow,Uttar Pradesh,India
4121,TXN004122,2019-03-25,19:41:21,Jio,Auto Debit Jio,4869.69,INR,Auto Debit,Debit,Bills,Indore,Madhya Pradesh,India
4122,TXN004123,2019-03-26,20:51:43,BEST,Auto Debit BEST,4889.78,INR,Auto Debit,Debit,Bills,Ahmedabad,Gujarat,India
4123,TXN004124,2019-03-27,09:08:56,Spotify,Auto Debit Spotify Subscription,149.0,INR,Auto Debit,Debit,Subscription,Jaipur,Rajasthan,India
4124,TXN004125,2019-03-27,09:25:23,Domino's India,Debit Card Domino's India,227.75,INR,Debit Card,Debit,Food,Hyderabad,Telangana,India
4125,TXN004126,2019-03-27,09:44:56,DMart,POS Purchase DMart,975.04,INR,Credit Card,Debit,Groceries,Mumbai,Maharashtra,India
4126,TXN004127,2019-03-27,12:25:59,McDonald's India,POS Purchase McDonald's India,116.0,INR,Credit Card,Debit,Food,Indore,Madhya Pradesh,India
4127,TXN004128,2019-03-27,20:58:46,Toit Brewpub,UPI/Paytm/Toit Brewpub,153.16,INR,UPI,Debit,Food,Jaipur,Rajasthan,India
4128,TXN004129,2019-03-28,15:54:35,Credit Card Bill Payment,Net Banking Payment Credit Card Bill Payment,1891.52,INR,Net Banking,Debit,Bills,Indore,Madhya Pradesh,India
4129,TXN004130,2019-03-28,17:19:47,Adani Electricity,Net Banking Payment Adani Electricity,3897.25,INR,Net Banking,Debit,Bills,Lucknow,Uttar Pradesh,India
4130,TXN004131,2019-03-28,20:53:36,Barbeque Nation,Debit Card Barbeque Nation,169.0,INR,Debit Card,Debit,Food,Ahmedabad,Gujarat,India
4131,TXN004132,2019-03-29,09:41:26,Tailor,UPI/Tailor,2320.53,INR,UPI,Debit,Other,Kolkata,West Bengal,India
4132,TXN004133,2019-03-29,11:10:20,Tailor,UPI/Tailor,839.36,INR,UPI,Debit,Other,Mumbai,Maharashtra,India
4133,TXN004134,2019-03-29,15:10:46,Jio Fiber,Auto Debit Jio Fiber,977.34,INR,Auto Debit,Debit,Bills,Chennai,Tamil Nadu,India
4134,TXN004135,2019-03-29,15:34:48,Swiggy,UPI/Paytm/Swiggy,168.79,INR,UPI,Debit,Food,Delhi,Delhi,India
4135,TXN004136,2019-03-29,19:09:29,Local Barbershop,Debit Card Local Barbershop,4937.58,INR,Debit Card,Debit,Miscellaneous,Kochi,Kerala,India
4136,TXN004137,2019-03-30,06:22:21,BookMyShow,POS Purchase BookMyShow,520.83,INR,Credit Card,Debit,Entertainment,Hyderabad,Telangana,India
4137,TXN004138,2019-03-30,13:11:35,Toit Brewpub,UPI/Paytm/Toit Brewpub,116.0,INR,UPI,Debit,Food,Pune,Maharashtra,India
4138,TXN004139,2019-03-30,17:32:06,Blinkit,Debit Card Blinkit,1029.93,INR,Debit Card,Debit,Groceries,Nagpur,Maharashtra,India
4139,TXN004140,2019-03-30,19:10:32,DMart,Debit Card DMart,1126.24,INR,Debit Card,Debit,Groceries,Kochi,Kerala,India
4140,TXN004141,2019-03-31,10:48:21,Credit Card Bill Payment,Auto Debit Credit Card Bill Payment,580.17,INR,Auto Debit,Debit,Bills,Indore,Madhya Pradesh,India
4141,TXN004142,2019-03-31,11:06:04,Chaayos,POS Purchase Chaayos,455.52,INR,Credit Card,Debit,Food,Lucknow,Uttar Pradesh,India
4142,TXN004143,2019-03-31,11:24:36,Amazon India,POS Purchase Amazon India,288.0,INR,Credit Card,Debit,Shopping,Chennai,Tamil Nadu,India
4143,TXN004144,2019-03-31,13:54:02,Third Wave Coffee,Debit Card Third Wave Coffee,382.96,INR,Debit Card,Debit,Food,Noida,Uttar Pradesh,India
4144,TXN004145,2019-03-31,17:23:06,Adani Electricity,Net Banking Payment Adani Electricity,1976.96,INR,Net Banking,Debit,Bills,Hyderabad,Telangana,India
4145,TXN004146,2019-04-01,08:35:15,BookMyShow,POS Purchase BookMyShow,181.74,INR,Credit Card,Debit,Entertainment,Surat,Gujarat,India
4146,TXN004147,2019-04-01,12:05:59,HP Gas,Net Banking Payment HP Gas,515.05,INR,Net Banking,Debit,Bills,Delhi,Delhi,India
4147,TXN004148,2019-04-01,12:54:06,Credit Card Bill Payment,Auto Debit Credit Card Bill Payment,495.87,INR,Auto Debit,Debit,Bills,Ahmedabad,Gujarat,India
4148,TXN004149,2019-04-02,08:15:26,Adani Electricity,Auto Debit Adani Electricity,6157.99,INR,Auto Debit,Debit,Bills,Hyderabad,Telangana,India
4149,TXN004150,2019-04-02,10:53:35,The Beer Cafe,POS Purchase The Beer Cafe,116.0,INR,Credit Card,Debit,Food,Kolkata,West Bengal,India
4150,TXN004151,2019-04-02,17:30:46,Employer Salary Credit,NEFT Salary Credit,52336.86,INR,NEFT,Credit,Salary,Delhi,Delhi,India
4151,TXN004152,2019-04-02,18:14:38,Zomato,UPI/Paytm/Zomato,502.47,INR,UPI,Debit,Food,Surat,Gujarat,India
4152,TXN004153,2019-04-02,20:18:38,BSNL,Auto Debit BSNL,2578.79,INR,Auto Debit,Debit,Bills,Nagpur,Maharashtra,India
4153,TXN004154,2019-04-03,06:28:19,Amazon India,UPI Payment Amazon India,288.0,INR,UPI,Debit,Shopping,Lucknow,Uttar Pradesh,India
4154,TXN004155,2019-04-03,08:07:52,Vegetable Market,UPI/Vegetable Market,330.51,INR,UPI,Debit,Other,Pune,Maharashtra,India
4155,TXN004156,2019-04-03,09:32:41,Jio,UPI/Jio,965.61,INR,UPI,Debit,Bills,Pune,Maharashtra,India
4156,TXN004157,2019-04-03,13:49:17,Municipal Water Department,Net Banking Payment Municipal Water Department,1809.71,INR,Net Banking,Debit,Bills,Lucknow,Uttar Pradesh,India
4157,TXN004158,2019-04-03,14:25:43,Ajio,UPI Payment Ajio,288.0,INR,UPI,Debit,Shopping,Mumbai,Maharashtra,India
4158,TXN004159,2019-04-03,14:36:40,BSNL,Auto Debit BSNL,4443.37,INR,Auto Debit,Debit,Bills,Hyderabad,Telangana,India
4159,TXN004160,2019-04-03,15:51:54,EatClub,UPI/Paytm/EatClub,116.0,INR,UPI,Debit,Food,Bengaluru,Karnataka,India
4160,TXN004161,2019-04-03,15:54:21,Municipal Water Department,Net Banking Payment Municipal Water Department,3520.66,INR,Net Banking,Debit,Bills,Kochi,Kerala,India
4161,TXN004162,2019-04-03,16:40:27,Credit Card Bill Payment,Auto Debit Credit Card Bill Payment,2095.05,INR,Auto Debit,Debit,Bills,Kochi,Kerala,India
4162,TXN004163,2019-04-03,19:57:02,Municipal Water Department,Net Banking Payment Municipal Water Department,13683.17,INR,Net Banking,Debit,Bills,Kochi,Kerala,India
4163,TXN004164,2019-04-04,10:34:14,Tata Power,UPI/Tata Power,2552.03,INR,UPI,Debit,Bills,Hyderabad,Telangana,India
4164,TXN004165,2019-04-04,14:11:23,Faasos,Debit Card Faasos,839.28,INR,Debit Card,Debit,Food,Mumbai,Maharashtra,India
4165,TXN004166,2019-04-04,16:47:04,Credit Card Bill Payment,Net Banking Payment Credit Card Bill Payment,1477.78,INR,Net Banking,Debit,Bills,Chennai,Tamil Nadu,India
4166,TXN004167,2019-04-04,20:00:31,Credit Card Bill Payment,Net Banking Payment Credit Card Bill Payment,4412.58,INR,Net Banking,Debit,Bills,Mumbai,Maharashtra,India
4167,TXN004168,2019-04-05,08:07:44,PharmEasy,POS Purchase PharmEasy,130.43,INR,Credit Card,Debit,Miscellaneous,Kochi,Kerala,India
4168,TXN004169,2019-04-05,10:17:19,Zomato,Debit Card Zomato,308.71,INR,Debit Card,Debit,Food,Nagpur,Maharashtra,India
4169,TXN004170,2019-04-05,11:56:16,Credit Card Bill Payment,Auto Debit Credit Card Bill Payment,881.87,INR,Auto Debit,Debit,Bills,Mumbai,Maharashtra,India
4170,TXN004171,2019-04-05,12:43:35,LIC,Net Banking Payment LIC Insurance Premium,8612.36,INR,Net Banking,Debit,Insurance,Indore,Madhya Pradesh,India
4171,TXN004172,2019-04-05,14:06:50,BookMyShow,POS Purchase BookMyShow,466.34,INR,Credit Card,Debit,Entertainment,Kochi,Kerala,India
4172,TXN004173,2019-04-06,08:46:33,Credit Card Bill Payment,Net Banking Payment Credit Card Bill Payment,401.24,INR,Net Banking,Debit,Bills,Hyderabad,Telangana,India
4173,TXN004174,2019-04-06,09:18:46,Unknown Merchant,UPI/Unknown Merchant,2228.36,INR,UPI,Debit,Other,Surat,Gujarat,India
4174,TXN004175,2019-04-06,13:03:32,Jio,Auto Debit Jio,1427.12,INR,Auto Debit,Debit,Bills,Indore,Madhya Pradesh,India
4175,TXN004176,2019-04-06,14:31:33,Adani Electricity,UPI/Adani Electricity,1208.7,INR,UPI,Debit,Bills,Ahmedabad,Gujarat,India
4176,TXN004177,2019-04-06,16:54:36,Nature's Basket,UPI/DR/330122826/Nature's Basket,673.68,INR,UPI,Debit,Groceries,Delhi,Delhi,India
4177,TXN004178,2019-04-06,18:27:28,Starbucks India,UPI/Paytm/Starbucks India,116.0,INR,UPI,Debit,Food,Noida,Uttar Pradesh,India
4178,TXN004179,2019-04-06,22:36:38,Apollo Pharmacy,POS Purchase Apollo Pharmacy,3485.28,INR,Credit Card,Debit,Miscellaneous,Ahmedabad,Gujarat,India
4179,TXN004180,2019-04-07,12:18:36,Starbucks India,UPI/Paytm/Starbucks India,116.0,INR,UPI,Debit,Food,Delhi,Delhi,India
4180,TXN004181,2019-04-08,11:15:04,HPCL,UPI/HPCL,2970.72,INR,UPI,Debit,Fuel,Nagpur,Maharashtra,India
4181,TXN004182,2019-04-09,08:34:52,Chaayos,UPI/Paytm/Chaayos,116.38,INR,UPI,Debit,Food,Delhi,Delhi,India
4182,TXN004183,2019-04-09,11:11:01,Third Wave Coffee,POS Purchase Third Wave Coffee,1410.15,INR,Credit Card,Debit,Food,Lucknow,Uttar Pradesh,India
4183,TXN004184,2019-04-09,12:44:39,Meesho,UPI Payment Meesho,288.0,INR,UPI,Debit,Shopping,Chennai,Tamil Nadu,India
4184,TXN004185,2019-04-09,14:05:41,Starbucks India,UPI/Paytm/Starbucks India,538.39,INR,UPI,Debit,Food,Noida,Uttar Pradesh,India
4185,TXN004186,2019-04-09,21:03:35,McDonald's India,UPI/Paytm/McDonald's India,116.0,INR,UPI,Debit,Food,Jaipur,Rajasthan,India
4186,TXN004187,2019-04-10,08:28:23,Burger King,Debit Card Burger King,1053.47,INR,Debit Card,Debit,Food,Delhi,Delhi,India
4187,TXN004188,2019-04-10,09:06:53,Jio,Auto Debit Jio,1459.27,INR,Auto Debit,Debit,Bills,Surat,Gujarat,India
4188,TXN004189,2019-04-10,09:45:45,Nature's Basket,UPI/DR/395685474/Nature's Basket,388.74,INR,UPI,Debit,Groceries,Hyderabad,Telangana,India
4189,TXN004190,2019-04-10,10:25:03,BookMyShow,UPI Payment BookMyShow,477.96,INR,UPI,Debit,Entertainment,Hyderabad,Telangana,India
4190,TXN004191,2019-04-10,11:10:25,Zomato,UPI/Paytm/Zomato,116.0,INR,UPI,Debit,Food,Hyderabad,Telangana,India
4191,TXN004192,2019-04-10,11:44:37,BigBasket,Debit Card BigBasket,742.11,INR,Debit Card,Debit,Groceries,Pune,Maharashtra,India
4192,TXN004193,2019-04-10,15:36:50,Netflix,Auto Debit Netflix Subscription,149.0,INR,Auto Debit,Debit,Subscription,Kolkata,West Bengal,India
4193,TXN004194,2019-04-10,19:46:53,Amazon India,Debit Card Amazon India,288.0,INR,Debit Card,Debit,Shopping,Noida,Uttar Pradesh,India
4194,TXN004195,2019-04-11,06:51:55,Adani Electricity,Net Banking Payment Adani Electricity,1678.84,INR,Net Banking,Debit,Bills,Indore,Madhya Pradesh,India
4195,TXN004196,2019-04-11,08:35:00,House Rent Payment,NEFT Rent Payment,34802.44,INR,NEFT,Debit,Rent,Hyderabad,Telangana,India
4196,TXN004197,2019-04-11,09:26:40,Myntra,Debit Card Myntra,1587.67,INR,Debit Card,Debit,Shopping,Jaipur,Rajasthan,India
4197,TXN004198,2019-04-11,09:41:17,Airtel,Auto Debit Airtel,506.27,INR,Auto Debit,Debit,Bills,Surat,Gujarat,India
4198,TXN004199,2019-04-11,15:43:07,Credit Card Bill Payment,Net Banking Payment Credit Card Bill Payment,2416.51,INR,Net Banking,Debit,Bills,Ahmedabad,Gujarat,India
4199,TXN004200,2019-04-11,22:32:56,Reliance Fresh,UPI/DR/549537843/Reliance Fresh,790.82,INR,UPI,Debit,Groceries,Ahmedabad,Gujarat,India
4200,TXN004201,2019-04-12,10:16:37,Nature's Basket,UPI/DR/597959181/Nature's Basket,954.11,INR,UPI,Debit,Groceries,Nagpur,Maharashtra,India
4201,TXN004202,2019-04-12,13:26:28,ICICI Lombard,Auto Debit ICICI Lombard Insurance Premium,8670.81,INR,Auto Debit,Debit,Insurance,Mumbai,Maharashtra,India
4202,TXN004203,2019-04-13,07:26:50,DMart,Debit Card DMart,956.49,INR,Debit Card,Debit,Groceries,Hyderabad,Telangana,India
4203,TXN004204,2019-04-13,08:38:43,Local Store,Cash Withdrawal ATM,541.72,INR,Cash Withdrawal,Debit,Other,Lucknow,Uttar Pradesh,India
4204,TXN004205,2019-04-13,11:20:31,Amazon Prime,Auto Debit Amazon Prime Subscription,149.0,INR,Auto Debit,Debit,Subscription,Hyderabad,Telangana,India
4205,TXN004206,2019-04-13,12:05:22,Reliance Fresh,UPI/DR/329086910/Reliance Fresh,471.64,INR,UPI,Debit,Groceries,Surat,Gujarat,India
4206,TXN004207,2019-04-13,13:05:49,Burger King,UPI/Paytm/Burger King,505.67,INR,UPI,Debit,Food,Jaipur,Rajasthan,India
4207,TXN004208,2019-04-13,16:42:08,BPCL,Debit Card BPCL,3208.3,INR,Debit Card,Debit,Fuel,Indore,Madhya Pradesh,India
4208,TXN004209,2019-04-13,20:55:30,Credit Card Bill Payment,UPI/Credit Card Bill Payment,2612.71,INR,UPI,Debit,Bills,Bengaluru,Karnataka,India
4209,TXN004210,2019-04-13,21:12:58,Credit Card Bill Payment,Net Banking Payment Credit Card Bill Payment,839.91,INR,Net Banking,Debit,Bills,Jaipur,Rajasthan,India
4210,TXN004211,2019-04-14,09:50:37,BSNL,Net Banking Payment BSNL,6485.93,INR,Net Banking,Debit,Bills,Jaipur,Rajasthan,India
4211,TXN004212,2019-04-14,09:53:30,Jio Fiber,Auto Debit Jio Fiber,538.96,INR,Auto Debit,Debit,Bills,Chennai,Tamil Nadu,India
4212,TXN004213,2019-04-14,10:49:26,Credit Card Bill Payment,Auto Debit Credit Card Bill Payment,910.08,INR,Auto Debit,Debit,Bills,Kochi,Kerala,India
4213,TXN004214,2019-04-14,12:29:55,Credit Card Bill Payment,Auto Debit Credit Card Bill Payment,1240.25,INR,Auto Debit,Debit,Bills,Mumbai,Maharashtra,India
4214,TXN004215,2019-04-14,12:59:36,Misc Vendor,Debit Card Misc Vendor,1925.63,INR,Debit Card,Debit,Other,Mumbai,Maharashtra,India
4215,TXN004216,2019-04-14,16:17:26,Chaayos,UPI/Paytm/Chaayos,626.4,INR,UPI,Debit,Food,Nagpur,Maharashtra,India
4216,TXN004217,2019-04-14,17:41:20,HPCL,UPI/HPCL,3187.85,INR,UPI,Debit,Fuel,Indore,Madhya Pradesh,India
4217,TXN004218,2019-04-15,08:48:04,Credit Card Bill Payment,Auto Debit Credit Card Bill Payment,2700.86,INR,Auto Debit,Debit,Bills,Jaipur,Rajasthan,India
4218,TXN004219,2019-04-15,10:14:35,Mobile Repair,Cash Withdrawal ATM,2237.96,INR,Cash Withdrawal,Debit,Other,Ahmedabad,Gujarat,India
4219,TXN004220,2019-04-16,00:46:44,Tata 1mg,Debit Card Tata 1mg,60.0,INR,Debit Card,Debit,Miscellaneous,Jaipur,Rajasthan,India
4220,TXN004221,2019-04-16,02:50:49,BigBasket,UPI/DR/476365632/BigBasket,1680.8,INR,UPI,Debit,Groceries,Ahmedabad,Gujarat,India
4221,TXN004222,2019-04-16,12:09:04,McDonald's India,UPI/Paytm/McDonald's India,151.83,INR,UPI,Debit,Food,Pune,Maharashtra,India
4222,TXN004223,2019-04-16,12:29:32,KFC India,UPI/Paytm/KFC India,882.1,INR,UPI,Debit,Food,Lucknow,Uttar Pradesh,India
4223,TXN004224,2019-04-16,14:47:48,Employer Salary Credit,NEFT Salary Credit,51185.37,INR,NEFT,Credit,Salary,Jaipur,Rajasthan,India
4224,TXN004225,2019-04-16,15:37:36,BigBasket,Debit Card BigBasket,867.72,INR,Debit Card,Debit,Groceries,Hyderabad,Telangana,India
4225,TXN004226,2019-04-16,16:18:08,Cafe Coffee Day,UPI/Paytm/Cafe Coffee Day,232.9,INR,UPI,Debit,Food,Pune,Maharashtra,India
4226,TXN004227,2019-04-16,21:50:04,McDonald's India,UPI/Paytm/McDonald's India,988.18,INR,UPI,Debit,Food,Lucknow,Uttar Pradesh,India
4227,TXN004228,2019-04-16,22:36:47,BPCL,Cash Withdrawal ATM,1827.58,INR,Cash Withdrawal,Debit,Fuel,Bengaluru,Karnataka,India
4228,TXN004229,2019-04-16,23:13:21,Ajio,POS Purchase Ajio,1007.05,INR,Credit Card,Debit,Shopping,Ahmedabad,Gujarat,India
4229,TXN004230,2019-04-16,23:50:16,HP Gas,Net Banking Payment HP Gas,3766.41,INR,Net Banking,Debit,Bills,Lucknow,Uttar Pradesh,India
4230,TXN004231,2019-04-17,08:49:58,Nature's Basket,Debit Card Nature's Basket,320.61,INR,Debit Card,Debit,Groceries,Kolkata,West Bengal,India
4231,TXN004232,2019-04-17,10:38:12,Tata Power,Net Banking Payment Tata Power,5170.3,INR,Net Banking,Debit,Bills,Pune,Maharashtra,India
4232,TXN004233,2019-04-17,10:38:33,Zepto,UPI/DR/565644493/Zepto,472.58,INR,UPI,Debit,Groceries,Lucknow,Uttar Pradesh,India
4233,TXN004234,2019-04-17,11:16:24,Reliance Fresh,UPI/DR/339336253/Reliance Fresh,450.36,INR,UPI,Debit,Groceries,Kolkata,West Bengal,India
4234,TXN004235,2019-04-17,12:40:01,Zepto,UPI/DR/724800158/Zepto,796.09,INR,UPI,Debit,Groceries,Kochi,Kerala,India
4235,TXN004236,2019-04-17,13:13:24,BSNL,Auto Debit BSNL,4915.58,INR,Auto Debit,Debit,Bills,Ahmedabad,Gujarat,India
4236,TXN004237,2019-04-17,14:32:12,Municipal Water Department,Net Banking Payment Municipal Water Department,2046.63,INR,Net Banking,Debit,Bills,Kolkata,West Bengal,India
4237,TXN004238,2019-04-17,15:54:45,Local Services,UPI/Local Services,2046.49,INR,UPI,Debit,Other,Chennai,Tamil Nadu,India
4238,TXN004239,2019-04-18,09:54:14,Employer Salary Credit,NEFT Salary Credit,52963.61,INR,NEFT,Credit,Salary,Indore,Madhya Pradesh,India
4239,TXN004240,2019-04-18,13:11:29,Ace Hardware India,Debit Card Ace Hardware India,269.59,INR,Debit Card,Debit,Miscellaneous,Mumbai,Maharashtra,India
4240,TXN004241,2019-04-18,16:30:03,Cafe Coffee Day,Debit Card Cafe Coffee Day,539.18,INR,Debit Card,Debit,Food,Hyderabad,Telangana,India
4241,TXN004242,2019-04-18,16:51:40,Tata 1mg,POS Purchase Tata 1mg,1074.59,INR,Credit Card,Debit,Miscellaneous,Surat,Gujarat,India
4242,TXN004243,2019-04-19,06:51:11,House Rent Payment,IMPS Rent Payment,8043.07,INR,IMPS,Debit,Rent,Kolkata,West Bengal,India
4243,TXN004244,2019-04-19,09:53:54,McDonald's India,UPI/Paytm/McDonald's India,116.0,INR,UPI,Debit,Food,Ahmedabad,Gujarat,India
4244,TXN004245,2019-04-19,10:35:45,Credit Card Bill Payment,Auto Debit Credit Card Bill Payment,1379.13,INR,Auto Debit,Debit,Bills,Lucknow,Uttar Pradesh,India
4245,TXN004246,2019-04-19,10:49:12,House Rent Payment,IMPS Rent Payment,42343.13,INR,IMPS,Debit,Rent,Noida,Uttar Pradesh,India
4246,TXN004247,2019-04-19,15:03:09,Swiggy,UPI/Paytm/Swiggy,1810.81,INR,UPI,Debit,Food,Delhi,Delhi,India
4247,TXN004248,2019-04-19,23:24:52,Bharat Gas,Auto Debit Bharat Gas,8793.4,INR,Auto Debit,Debit,Bills,Hyderabad,Telangana,India
4248,TXN004249,2019-04-20,00:30:12,KFC India,Debit Card KFC India,116.0,INR,Debit Card,Debit,Food,Indore,Madhya Pradesh,India
4249,TXN004250,2019-04-20,08:56:53,BSNL,UPI/BSNL,8857.85,INR,UPI,Debit,Bills,Hyderabad,Telangana,India
4250,TXN004251,2019-04-20,10:02:28,Cafe Coffee Day,UPI/Paytm/Cafe Coffee Day,376.11,INR,UPI,Debit,Food,Jaipur,Rajasthan,India
4251,TXN004252,2019-04-20,13:30:45,Indian Oil,Debit Card Indian Oil,2012.33,INR,Debit Card,Debit,Fuel,Hyderabad,Telangana,India
4252,TXN004253,2019-04-20,14:13:45,Jio,Net Banking Payment Jio,2836.16,INR,Net Banking,Debit,Bills,Lucknow,Uttar Pradesh,India
4253,TXN004254,2019-04-20,16:51:41,Credit Card Bill Payment,Auto Debit Credit Card Bill Payment,2209.24,INR,Auto Debit,Debit,Bills,Noida,Uttar Pradesh,India
4254,TXN004255,2019-04-20,18:44:02,BookMyShow,POS Purchase BookMyShow,292.8,INR,Credit Card,Debit,Entertainment,Jaipur,Rajasthan,India
4255,TXN004256,2019-04-21,08:20:09,BEST,Auto Debit BEST,3972.57,INR,Auto Debit,Debit,Bills,Chennai,Tamil Nadu,India
4256,TXN004257,2019-04-21,10:01:30,BookMyShow,POS Purchase BookMyShow,554.2,INR,Credit Card,Debit,Entertainment,Kolkata,West Bengal,India
4257,TXN004258,2019-04-21,13:27:25,Nature's Basket,POS Purchase Nature's Basket,370.42,INR,Credit Card,Debit,Groceries,Ahmedabad,Gujarat,India
4258,TXN004259,2019-04-21,14:25:27,Zepto,UPI/DR/118136542/Zepto,300.0,INR,UPI,Debit,Groceries,Lucknow,Uttar Pradesh,India
4259,TXN004260,2019-04-21,15:30:37,Spotify,Auto Debit Spotify Subscription,674.41,INR,Auto Debit,Debit,Subscription,Pune,Maharashtra,India
4260,TXN004261,2019-04-21,20:01:18,HDFC Ergo,Net Banking Payment HDFC Ergo Insurance Premium,8536.28,INR,Net Banking,Debit,Insurance,Surat,Gujarat,India
4261,TXN004262,2019-04-22,11:26:27,HPCL,UPI/HPCL,3266.91,INR,UPI,Debit,Fuel,Lucknow,Uttar Pradesh,India
4262,TXN004263,2019-04-22,15:06:30,Reliance Fresh,POS Purchase Reliance Fresh,353.98,INR,Credit Card,Debit,Groceries,Indore,Madhya Pradesh,India
4263,TXN004264,2019-04-22,15:33:22,Tata Power,Net Banking Payment Tata Power,5519.43,INR,Net Banking,Debit,Bills,Pune,Maharashtra,India
4264,TXN004265,2019-04-23,01:04:55,Laundry,UPI/Laundry,627.63,INR,UPI,Debit,Other,Nagpur,Maharashtra,India
4265,TXN004266,2019-04-23,09:44:39,BigBasket,UPI/DR/564766900/BigBasket,1669.6,INR,UPI,Debit,Groceries,Indore,Madhya Pradesh,India
4266,TXN004267,2019-04-23,12:25:02,Reliance Fresh,Debit Card Reliance Fresh,425.91,INR,Debit Card,Debit,Groceries,Ahmedabad,Gujarat,India
4267,TXN004268,2019-04-23,12:27:00,Adani Electricity,UPI/Adani Electricity,385.96,INR,UPI,Debit,Bills,Noida,Uttar Pradesh,India
4268,TXN004269,2019-04-23,12:34:26,Tata Power,UPI/Tata Power,1132.82,INR,UPI,Debit,Bills,Jaipur,Rajasthan,India
4269,TXN004270,2019-04-23,15:43:45,Myntra,Debit Card Myntra,1909.72,INR,Debit Card,Debit,Shopping,Bengaluru,Karnataka,India
4270,TXN004271,2019-04-23,17:59:30,Reliance Fresh,UPI/DR/351798116/Reliance Fresh,1081.68,INR,UPI,Debit,Groceries,Lucknow,Uttar Pradesh,India
4271,TXN004272,2019-04-23,20:07:20,Flower Shop,UPI/Flower Shop,45.21,INR,UPI,Debit,Other,Noida,Uttar Pradesh,India
4272,TXN004273,2019-04-23,22:13:28,Starbucks India,UPI/Paytm/Starbucks India,487.19,INR,UPI,Debit,Food,Delhi,Delhi,India
4273,TXN004274,2019-04-24,11:32:00,McDonald's India,UPI/Paytm/McDonald's India,501.26,INR,UPI,Debit,Food,Bengaluru,Karnataka,India
4274,TXN004275,2019-04-24,23:30:45,Credit Card Bill Payment,Auto Debit Credit Card Bill Payment,1960.69,INR,Auto Debit,Debit,Bills,Kolkata,West Bengal,India
4275,TXN004276,2019-04-25,06:55:49,Zomato,UPI/Paytm/Zomato,890.92,INR,UPI,Debit,Food,Bengaluru,Karnataka,India
4276,TXN004277,2019-04-25,08:13:26,Amazon India,Debit Card Amazon India,288.0,INR,Debit Card,Debit,Shopping,Noida,Uttar Pradesh,India
4277,TXN004278,2019-04-25,09:40:03,Flipkart,POS Purchase Flipkart,288.0,INR,Credit Card,Debit,Shopping,Bengaluru,Karnataka,India
4278,TXN004279,2019-04-25,09:41:12,Adani Electricity,Auto Debit Adani Electricity,6021.68,INR,Auto Debit,Debit,Bills,Nagpur,Maharashtra,India
4279,TXN004280,2019-04-25,09:50:51,Laundry,UPI/Laundry,89.28,INR,UPI,Debit,Other,Hyderabad,Telangana,India
4280,TXN004281,2019-04-25,12:59:35,BigBasket,Debit Card BigBasket,636.29,INR,Debit Card,Debit,Groceries,Chennai,Tamil Nadu,India
4281,TXN004282,2019-04-25,18:09:29,ICICI Lombard,Auto Debit ICICI Lombard Insurance Premium,8351.92,INR,Auto Debit,Debit,Insurance,Kolkata,West Bengal,India
4282,TXN004283,2019-04-25,20:00:59,Indian Oil,Cash Withdrawal ATM,4526.25,INR,Cash Withdrawal,Debit,Fuel,Nagpur,Maharashtra,India
4283,TXN004284,2019-04-26,00:48:19,Lakme Salon,UPI/Lakme Salon,3379.76,INR,UPI,Debit,Miscellaneous,Mumbai,Maharashtra,India
4284,TXN004285,2019-04-26,07:57:28,Myntra,UPI Payment Myntra,288.0,INR,UPI,Debit,Shopping,Mumbai,Maharashtra,India
4285,TXN004286,2019-04-26,11:20:21,Laundry,UPI/Laundry,1504.6,INR,UPI,Debit,Other,Kochi,Kerala,India
4286,TXN004287,2019-04-26,11:24:24,Credit Card Bill Payment,Net Banking Payment Credit Card Bill Payment,4345.72,INR,Net Banking,Debit,Bills,Hyderabad,Telangana,India
4287,TXN004288,2019-04-26,11:25:00,Credit Card Bill Payment,Net Banking Payment Credit Card Bill Payment,1926.23,INR,Net Banking,Debit,Bills,Nagpur,Maharashtra,India
4288,TXN004289,2019-04-26,12:03:44,Misc Vendor,Debit Card Misc Vendor,1426.96,INR,Debit Card,Debit,Other,Kolkata,West Bengal,India
4289,TXN004290,2019-04-26,12:44:39,Indian Oil,Debit Card Indian Oil,2316.95,INR,Debit Card,Debit,Fuel,Nagpur,Maharashtra,India
4290,TXN004291,2019-04-26,18:22:04,PharmEasy,UPI/PharmEasy,262.69,INR,UPI,Debit,Miscellaneous,Pune,Maharashtra,India
4291,TXN004292,2019-04-27,08:38:49,Netflix,UPI/Netflix,461.3,INR,UPI,Debit,Subscription,Kochi,Kerala,India
4292,TXN004293,2019-04-27,13:13:38,House Rent Payment,NEFT Rent Payment,34377.77,INR,NEFT,Debit,Rent,Hyderabad,Telangana,India
4293,TXN004294,2019-04-27,15:27:32,EatClub,Debit Card EatClub,116.0,INR,Debit Card,Debit,Food,Lucknow,Uttar Pradesh,India
4294,TXN004295,2019-04-27,18:57:57,BSNL,Net Banking Payment BSNL,4887.51,INR,Net Banking,Debit,Bills,Nagpur,Maharashtra,India
4295,TXN004296,2019-04-27,22:11:55,Reliance Fresh,UPI/DR/411994135/Reliance Fresh,300.0,INR,UPI,Debit,Groceries,Bengaluru,Karnataka,India
4296,TXN004297,2019-04-28,11:15:10,BSNL,Net Banking Payment BSNL,2594.44,INR,Net Banking,Debit,Bills,Ahmedabad,Gujarat,India
4297,TXN004298,2019-04-28,16:53:58,Vegetable Market,UPI/Vegetable Market,499.85,INR,UPI,Debit,Other,Indore,Madhya Pradesh,India
4298,TXN004299,2019-04-29,09:02:00,BEST,Auto Debit BEST,2128.66,INR,Auto Debit,Debit,Bills,Nagpur,Maharashtra,India
4299,TXN004300,2019-04-29,10:23:29,Starbucks India,Debit Card Starbucks India,116.0,INR,Debit Card,Debit,Food,Chennai,Tamil Nadu,India
4300,TXN004301,2019-04-29,10:53:05,Indian Oil,UPI/Indian Oil,1702.15,INR,UPI,Debit,Fuel,Chennai,Tamil Nadu,India
4301,TXN004302,2019-04-29,14:52:27,HPCL,Debit Card HPCL,2740.09,INR,Debit Card,Debit,Fuel,Ahmedabad,Gujarat,India
4302,TXN004303,2019-04-29,16:39:05,Spotify,Auto Debit Spotify Subscription,850.0,INR,Auto Debit,Debit,Subscription,Surat,Gujarat,India
4303,TXN004304,2019-04-30,06:39:51,Flipkart,Debit Card Flipkart,426.74,INR,Debit Card,Debit,Shopping,Mumbai,Maharashtra,India
4304,TXN004305,2019-04-30,08:31:12,BEST,Auto Debit BEST,10254.46,INR,Auto Debit,Debit,Bills,Indore,Madhya Pradesh,India
4305,TXN004306,2019-04-30,17:38:47,Airtel,Auto Debit Airtel,6443.68,INR,Auto Debit,Debit,Bills,Chennai,Tamil Nadu,India
4306,TXN004307,2019-04-30,18:50:50,Jio,Net Banking Payment Jio,3109.44,INR,Net Banking,Debit,Bills,Chennai,Tamil Nadu,India
4307,TXN004308,2019-04-30,19:03:17,Chaayos,POS Purchase Chaayos,427.25,INR,Credit Card,Debit,Food,Kochi,Kerala,India
4308,TXN004309,2019-04-30,19:37:22,Myntra,UPI Payment Myntra,288.0,INR,UPI,Debit,Shopping,Lucknow,Uttar Pradesh,India
4309,TXN004310,2019-04-30,19:45:50,Ace Hardware India,Debit Card Ace Hardware India,141.87,INR,Debit Card,Debit,Miscellaneous,Pune,Maharashtra,India
4310,TXN004311,2019-04-30,19:47:03,PharmEasy,UPI/PharmEasy,395.01,INR,UPI,Debit,Miscellaneous,Kochi,Kerala,India
4311,TXN004312,2019-04-30,20:39:02,BookMyShow,POS Purchase BookMyShow,343.17,INR,Credit Card,Debit,Entertainment,Surat,Gujarat,India
4312,TXN004313,2019-05-01,06:35:26,Jio,UPI/Jio,1476.19,INR,UPI,Debit,Bills,Indore,Madhya Pradesh,India
4313,TXN004314,2019-05-01,08:36:48,IRCTC,Debit Card IRCTC,60.0,INR,Debit Card,Debit,Miscellaneous,Nagpur,Maharashtra,India
4314,TXN004315,2019-05-01,12:21:51,Domino's India,UPI/Paytm/Domino's India,382.2,INR,UPI,Debit,Food,Ahmedabad,Gujarat,India
4315,TXN004316,2019-05-01,18:46:56,Credit Card Bill Payment,UPI/Credit Card Bill Payment,1130.02,INR,UPI,Debit,Bills,Mumbai,Maharashtra,India
4316,TXN004317,2019-05-01,19:00:33,Meesho,UPI Payment Meesho,288.0,INR,UPI,Debit,Shopping,Kochi,Kerala,India
4317,TXN004318,2019-05-01,20:34:20,Street Vendor,UPI/Street Vendor,248.37,INR,UPI,Debit,Other,Bengaluru,Karnataka,India
4318,TXN004319,2019-05-02,09:32:06,Tailor,UPI/Tailor,2353.08,INR,UPI,Debit,Other,Noida,Uttar Pradesh,India
4319,TXN004320,2019-05-02,10:22:32,Bharat Gas,Net Banking Payment Bharat Gas,2385.52,INR,Net Banking,Debit,Bills,Indore,Madhya Pradesh,India
4320,TXN004321,2019-05-02,12:18:57,Blinkit,Debit Card Blinkit,908.62,INR,Debit Card,Debit,Groceries,Hyderabad,Telangana,India
4321,TXN004322,2019-05-02,17:04:04,House Rent Payment,NEFT Rent Payment,43761.7,INR,NEFT,Debit,Rent,Jaipur,Rajasthan,India
4322,TXN004323,2019-05-03,10:58:51,Bakery,UPI/Bakery,239.49,INR,UPI,Debit,Other,Chennai,Tamil Nadu,India
4323,TXN004324,2019-05-03,13:02:32,Vegetable Market,UPI/Vegetable Market,476.64,INR,UPI,Debit,Other,Lucknow,Uttar Pradesh,India
4324,TXN004325,2019-05-03,21:18:38,Reliance Fresh,Debit Card Reliance Fresh,928.74,INR,Debit Card,Debit,Groceries,Kolkata,West Bengal,India
4325,TXN004326,2019-05-04,00:25:25,DMart,Debit Card DMart,928.02,INR,Debit Card,Debit,Groceries,Chennai,Tamil Nadu,India
4326,TXN004327,2019-05-04,11:20:27,Jio Fiber,Net Banking Payment Jio Fiber,12768.3,INR,Net Banking,Debit,Bills,Lucknow,Uttar Pradesh,India
4327,TXN004328,2019-05-05,16:19:10,Credit Card Bill Payment,Net Banking Payment Credit Card Bill Payment,2043.99,INR,Net Banking,Debit,Bills,Pune,Maharashtra,India
4328,TXN004329,2019-05-05,18:12:26,Municipal Water Department,Auto Debit Municipal Water Department,3317.0,INR,Auto Debit,Debit,Bills,Hyderabad,Telangana,India
4329,TXN004330,2019-05-06,14:24:40,Myntra,Debit Card Myntra,14738.39,INR,Debit Card,Debit,Shopping,Bengaluru,Karnataka,India
4330,TXN004331,2019-05-07,07:14:02,BPCL,UPI/BPCL,1788.73,INR,UPI,Debit,Fuel,Ahmedabad,Gujarat,India
4331,TXN004332,2019-05-07,08:23:27,Credit Card Bill Payment,Net Banking Payment Credit Card Bill Payment,6776.91,INR,Net Banking,Debit,Bills,Indore,Madhya Pradesh,India
4332,TXN004333,2019-05-07,14:09:42,Credit Card Bill Payment,Auto Debit Credit Card Bill Payment,5975.77,INR,Auto Debit,Debit,Bills,Chennai,Tamil Nadu,India
4333,TXN004334,2019-05-07,15:45:19,Credit Card Bill Payment,Auto Debit Credit Card Bill Payment,517.04,INR,Auto Debit,Debit,Bills,Ahmedabad,Gujarat,India
4334,TXN004335,2019-05-08,06:39:02,Credit Card Bill Payment,Net Banking Payment Credit Card Bill Payment,367.43,INR,Net Banking,Debit,Bills,Mumbai,Maharashtra,India
4335,TXN004336,2019-05-08,08:10:31,Myntra,Debit Card Myntra,288.0,INR,Debit Card,Debit,Shopping,Indore,Madhya Pradesh,India
4336,TXN004337,2019-05-08,11:15:41,Local Store,UPI/Local Store,1570.22,INR,UPI,Debit,Other,Nagpur,Maharashtra,India
4337,TXN004338,2019-05-08,14:00:21,Reliance Fresh,Debit Card Reliance Fresh,610.66,INR,Debit Card,Debit,Groceries,Lucknow,Uttar Pradesh,India
4338,TXN004339,2019-05-08,20:13:04,Domino's India,UPI/Paytm/Domino's India,116.0,INR,UPI,Debit,Food,Indore,Madhya Pradesh,India
4339,TXN004340,2019-05-08,23:34:24,BPCL,UPI/BPCL,4463.25,INR,UPI,Debit,Fuel,Surat,Gujarat,India
4340,TXN004341,2019-05-09,22:20:54,Tata Power,Net Banking Payment Tata Power,1575.94,INR,Net Banking,Debit,Bills,Surat,Gujarat,India
4341,TXN004342,2019-05-10,03:25:35,Credit Card Bill Payment,Auto Debit Credit Card Bill Payment,2036.41,INR,Auto Debit,Debit,Bills,Kochi,Kerala,India
4342,TXN004343,2019-05-10,08:14:47,Credit Card Bill Payment,Net Banking Payment Credit Card Bill Payment,2251.07,INR,Net Banking,Debit,Bills,Indore,Madhya Pradesh,India
4343,TXN004344,2019-05-10,10:14:25,Airtel,Auto Debit Airtel,305.14,INR,Auto Debit,Debit,Bills,Mumbai,Maharashtra,India
4344,TXN004345,2019-05-10,16:44:42,DMart,UPI/DR/509721231/DMart,1261.94,INR,UPI,Debit,Groceries,Bengaluru,Karnataka,India
4345,TXN004346,2019-05-10,19:29:20,Airtel,Auto Debit Airtel,204.0,INR,Auto Debit,Debit,Bills,Kolkata,West Bengal,India
4346,TXN004347,2019-05-10,21:01:47,Fruit Vendor,UPI/Fruit Vendor,102.3,INR,UPI,Debit,Other,Kochi,Kerala,India
4347,TXN004348,2019-05-10,23:32:51,Street Vendor,UPI/Street Vendor,235.18,INR,UPI,Debit,Other,Nagpur,Maharashtra,India
4348,TXN004349,2019-05-11,03:43:32,Amazon India,UPI Payment Amazon India,288.0,INR,UPI,Debit,Shopping,Chennai,Tamil Nadu,India
4349,TXN004350,2019-05-11,09:17:56,Tata Power,UPI/Tata Power,380.95,INR,UPI,Debit,Bills,Jaipur,Rajasthan,India
4350,TXN004351,2019-05-11,10:42:54,Bharat Gas,UPI/Bharat Gas,2581.5,INR,UPI,Debit,Bills,Indore,Madhya Pradesh,India
4351,TXN004352,2019-05-11,10:49:00,PharmEasy,Debit Card PharmEasy,60.0,INR,Debit Card,Debit,Miscellaneous,Indore,Madhya Pradesh,India
4352,TXN004353,2019-05-11,12:35:48,BEST,Auto Debit BEST,1252.05,INR,Auto Debit,Debit,Bills,Noida,Uttar Pradesh,India
4353,TXN004354,2019-05-12,08:43:22,Indian Oil,Debit Card Indian Oil,3695.52,INR,Debit Card,Debit,Fuel,Lucknow,Uttar Pradesh,India
4354,TXN004355,2019-05-12,12:59:08,PharmEasy,Debit Card PharmEasy,2026.71,INR,Debit Card,Debit,Miscellaneous,Jaipur,Rajasthan,India
4355,TXN004356,2019-05-13,06:06:06,Flipkart,Debit Card Flipkart,288.0,INR,Debit Card,Debit,Shopping,Indore,Madhya Pradesh,India
4356,TXN004357,2019-05-13,08:43:07,Zepto,UPI/DR/106333920/Zepto,1012.97,INR,UPI,Debit,Groceries,Noida,Uttar Pradesh,India
4357,TXN004358,2019-05-13,11:35:32,Cafe Coffee Day,UPI/Paytm/Cafe Coffee Day,451.13,INR,UPI,Debit,Food,Hyderabad,Telangana,India
4358,TXN004359,2019-05-13,17:07:56,Credit Card Bill Payment,Net Banking Payment Credit Card Bill Payment,2942.96,INR,Net Banking,Debit,Bills,Jaipur,Rajasthan,India
4359,TXN004360,2019-05-14,10:45:53,EatClub,Debit Card EatClub,1816.26,INR,Debit Card,Debit,Food,Chennai,Tamil Nadu,India
4360,TXN004361,2019-05-14,12:32:23,Bharat Gas,UPI/Bharat Gas,2640.71,INR,UPI,Debit,Bills,Bengaluru,Karnataka,India
4361,TXN004362,2019-05-15,08:21:39,BigBasket,POS Purchase BigBasket,449.83,INR,Credit Card,Debit,Groceries,Hyderabad,Telangana,India
4362,TXN004363,2019-05-15,10:36:39,Municipal Water Department,UPI/Municipal Water Department,2324.76,INR,UPI,Debit,Bills,Hyderabad,Telangana,India
4363,TXN004364,2019-05-15,12:33:05,Amazon Prime,Net Banking Payment Amazon Prime,305.04,INR,Net Banking,Debit,Subscription,Noida,Uttar Pradesh,India
4364,TXN004365,2019-05-15,14:25:56,IRCTC,Debit Card IRCTC,60.0,INR,Debit Card,Debit,Miscellaneous,Nagpur,Maharashtra,India
4365,TXN004366,2019-05-15,16:24:22,Spotify,Auto Debit Spotify Subscription,149.0,INR,Auto Debit,Debit,Subscription,Surat,Gujarat,India
4366,TXN004367,2019-05-15,20:24:25,Nature's Basket,UPI/DR/809446097/Nature's Basket,300.0,INR,UPI,Debit,Groceries,Kochi,Kerala,India
4367,TXN004368,2019-05-15,23:31:54,Tata 1mg,Debit Card Tata 1mg,2655.63,INR,Debit Card,Debit,Miscellaneous,Chennai,Tamil Nadu,India
4368,TXN004369,2019-05-16,09:05:56,BookMyShow,POS Purchase BookMyShow,271.09,INR,Credit Card,Debit,Entertainment,Hyderabad,Telangana,India
4369,TXN004370,2019-05-16,10:29:55,Meesho,UPI Payment Meesho,2003.45,INR,UPI,Debit,Shopping,Noida,Uttar Pradesh,India
4370,TXN004371,2019-05-16,12:07:06,Jio,Auto Debit Jio,13960.69,INR,Auto Debit,Debit,Bills,Surat,Gujarat,India
4371,TXN004372,2019-05-17,10:36:15,Jio Fiber,Auto Debit Jio Fiber,546.94,INR,Auto Debit,Debit,Bills,Mumbai,Maharashtra,India
4372,TXN004373,2019-05-17,10:59:57,Zomato,UPI/Paytm/Zomato,866.68,INR,UPI,Debit,Food,Kolkata,West Bengal,India
4373,TXN004374,2019-05-17,12:19:29,Credit Card Bill Payment,Net Banking Payment Credit Card Bill Payment,1966.52,INR,Net Banking,Debit,Bills,Hyderabad,Telangana,India
4374,TXN004375,2019-05-17,13:00:47,Nykaa,UPI Payment Nykaa,11751.02,INR,UPI,Debit,Shopping,Mumbai,Maharashtra,India
4375,TXN004376,2019-05-18,08:28:03,Rapido,POS Purchase Rapido,3377.64,INR,Credit Card,Debit,Miscellaneous,Pune,Maharashtra,India
4376,TXN004377,2019-05-18,10:18:44,Airtel,UPI/Airtel,696.75,INR,UPI,Debit,Bills,Pune,Maharashtra,India
4377,TXN004378,2019-05-18,12:32:48,DMart,Debit Card DMart,300.0,INR,Debit Card,Debit,Groceries,Indore,Madhya Pradesh,India
4378,TXN004379,2019-05-18,13:47:56,HPCL,Debit Card HPCL,3704.43,INR,Debit Card,Debit,Fuel,Ahmedabad,Gujarat,India
4379,TXN004380,2019-05-18,22:51:37,Netflix,Auto Debit Netflix Subscription,294.67,INR,Auto Debit,Debit,Subscription,Nagpur,Maharashtra,India
4380,TXN004381,2019-05-19,06:46:53,House Rent Payment,NEFT Rent Payment,7920.8,INR,NEFT,Debit,Rent,Lucknow,Uttar Pradesh,India
4381,TXN004382,2019-05-19,06:57:45,Local Barbershop,UPI/Local Barbershop,650.05,INR,UPI,Debit,Miscellaneous,Kolkata,West Bengal,India
4382,TXN004383,2019-05-19,12:13:29,Indane Gas,Net Banking Payment Indane Gas,1580.03,INR,Net Banking,Debit,Bills,Mumbai,Maharashtra,India
4383,TXN004384,2019-05-19,23:58:10,HPCL,UPI/HPCL,2785.38,INR,UPI,Debit,Fuel,Lucknow,Uttar Pradesh,India
4384,TXN004385,2019-05-20,19:38:47,BSNL,Net Banking Payment BSNL,9754.07,INR,Net Banking,Debit,Bills,Mumbai,Maharashtra,India
4385,TXN004386,2019-05-20,22:34:01,Adani Electricity,Auto Debit Adani Electricity,1221.47,INR,Auto Debit,Debit,Bills,Hyderabad,Telangana,India
4386,TXN004387,2019-05-21,12:42:13,BookMyShow,Debit Card BookMyShow,252.07,INR,Debit Card,Debit,Entertainment,Nagpur,Maharashtra,India
4387,TXN004388,2019-05-21,15:40:00,House Rent Payment,IMPS Rent Payment,8289.52,INR,IMPS,Debit,Rent,Kolkata,West Bengal,India
4388,TXN004389,2019-05-21,19:23:23,BSNL,Auto Debit BSNL,534.97,INR,Auto Debit,Debit,Bills,Ahmedabad,Gujarat,India
4389,TXN004390,2019-05-21,19:57:13,Tata 1mg,UPI/Tata 1mg,60.0,INR,UPI,Debit,Miscellaneous,Lucknow,Uttar Pradesh,India
4390,TXN004391,2019-05-22,09:57:03,KFC India,UPI/Paytm/KFC India,791.4,INR,UPI,Debit,Food,Pune,Maharashtra,India
4391,TXN004392,2019-05-22,10:46:15,Nature's Basket,Debit Card Nature's Basket,300.0,INR,Debit Card,Debit,Groceries,Chennai,Tamil Nadu,India
4392,TXN004393,2019-05-22,12:25:08,Credit Card Bill Payment,UPI/Credit Card Bill Payment,2139.49,INR,UPI,Debit,Bills,Jaipur,Rajasthan,India
4393,TXN004394,2019-05-22,14:19:58,Spotify,Auto Debit Spotify Subscription,196.53,INR,Auto Debit,Debit,Subscription,Kolkata,West Bengal,India
4394,TXN004395,2019-05-23,09:35:52,Netflix,Auto Debit Netflix Subscription,530.94,INR,Auto Debit,Debit,Subscription,Lucknow,Uttar Pradesh,India
4395,TXN004396,2019-05-23,11:10:19,Jio,Auto Debit Jio,762.82,INR,Auto Debit,Debit,Bills,Noida,Uttar Pradesh,India
4396,TXN004397,2019-05-23,13:40:03,Jio Fiber,Net Banking Payment Jio Fiber,2441.18,INR,Net Banking,Debit,Bills,Surat,Gujarat,India
4397,TXN004398,2019-05-24,11:29:40,McDonald's India,UPI/Paytm/McDonald's India,225.81,INR,UPI,Debit,Food,Hyderabad,Telangana,India
4398,TXN004399,2019-05-24,15:17:44,Swiggy,UPI/Paytm/Swiggy,485.25,INR,UPI,Debit,Food,Kolkata,West Bengal,India
4399,TXN004400,2019-05-24,16:40:33,Tata 1mg,POS Purchase Tata 1mg,889.47,INR,Credit Card,Debit,Miscellaneous,Indore,Madhya Pradesh,India
4400,TXN004401,2019-05-24,18:44:18,Swiggy,UPI/Paytm/Swiggy,893.09,INR,UPI,Debit,Food,Pune,Maharashtra,India
4401,TXN004402,2019-05-24,22:15:10,Credit Card Bill Payment,Net Banking Payment Credit Card Bill Payment,486.44,INR,Net Banking,Debit,Bills,Chennai,Tamil Nadu,India
4402,TXN004403,2019-05-24,23:30:57,ICICI Lombard,Auto Debit ICICI Lombard Insurance Premium,8473.54,INR,Auto Debit,Debit,Insurance,Bengaluru,Karnataka,India
4403,TXN004404,2019-05-25,11:06:07,Flipkart,POS Purchase Flipkart,288.0,INR,Credit Card,Debit,Shopping,Kolkata,West Bengal,India
4404,TXN004405,2019-05-25,11:54:08,Myntra,UPI Payment Myntra,2165.0,INR,UPI,Debit,Shopping,Lucknow,Uttar Pradesh,India
4405,TXN004406,2019-05-25,12:13:08,Employer Salary Credit,NEFT Salary Credit,33983.8,INR,NEFT,Credit,Salary,Lucknow,Uttar Pradesh,India
4406,TXN004407,2019-05-25,17:16:45,Credit Card Bill Payment,Net Banking Payment Credit Card Bill Payment,3122.66,INR,Net Banking,Debit,Bills,Chennai,Tamil Nadu,India
4407,TXN004408,2019-05-26,09:26:41,Nature's Basket,UPI/DR/955675121/Nature's Basket,300.0,INR,UPI,Debit,Groceries,Kolkata,West Bengal,India
4408,TXN004409,2019-05-26,09:31:22,Chaayos,Debit Card Chaayos,582.73,INR,Debit Card,Debit,Food,Kolkata,West Bengal,India
4409,TXN004410,2019-05-26,17:19:05,Unknown Merchant,UPI/Unknown Merchant,720.14,INR,UPI,Debit,Other,Pune,Maharashtra,India
4410,TXN004411,2019-05-27,11:40:15,Municipal Water Department,Auto Debit Municipal Water Department,2082.75,INR,Auto Debit,Debit,Bills,Indore,Madhya Pradesh,India
4411,TXN004412,2019-05-27,12:54:11,Barbeque Nation,UPI/Paytm/Barbeque Nation,602.39,INR,UPI,Debit,Food,Pune,Maharashtra,India
4412,TXN004413,2019-05-28,08:51:51,Zepto,Debit Card Zepto,1414.28,INR,Debit Card,Debit,Groceries,Jaipur,Rajasthan,India
4413,TXN004414,2019-05-28,09:48:49,Tata Play,Auto Debit Tata Play Subscription,182.41,INR,Auto Debit,Debit,Subscription,Nagpur,Maharashtra,India
4414,TXN004415,2019-05-28,11:05:07,Indian Oil,UPI/Indian Oil,1793.82,INR,UPI,Debit,Fuel,Mumbai,Maharashtra,India
4415,TXN004416,2019-05-29,13:34:48,Credit Card Bill Payment,Auto Debit Credit Card Bill Payment,8265.34,INR,Auto Debit,Debit,Bills,Nagpur,Maharashtra,India
4416,TXN004417,2019-05-29,15:21:01,Flower Shop,UPI/Flower Shop,245.95,INR,UPI,Debit,Other,Nagpur,Maharashtra,India
4417,TXN004418,2019-05-29,16:19:08,Local Wine & Beer Shop,UPI/Paytm/Local Wine & Beer Shop,440.37,INR,UPI,Debit,Food,Ahmedabad,Gujarat,India
4418,TXN004419,2019-05-29,17:53:11,Adani Electricity,Auto Debit Adani Electricity,2629.92,INR,Auto Debit,Debit,Bills,Kolkata,West Bengal,India
4419,TXN004420,2019-05-29,20:58:29,Blinkit,Debit Card Blinkit,955.27,INR,Debit Card,Debit,Groceries,Pune,Maharashtra,India
4420,TXN004421,2019-05-30,11:16:26,Nature's Basket,UPI/DR/584392493/Nature's Basket,1037.04,INR,UPI,Debit,Groceries,Ahmedabad,Gujarat,India
4421,TXN004422,2019-05-30,12:53:21,Flower Shop,UPI/Flower Shop,37.96,INR,UPI,Debit,Other,Mumbai,Maharashtra,India
4422,TXN004423,2019-05-30,17:27:07,Cafe Coffee Day,UPI/Paytm/Cafe Coffee Day,116.0,INR,UPI,Debit,Food,Chennai,Tamil Nadu,India
4423,TXN004424,2019-05-30,22:40:45,Zepto,UPI/DR/795389979/Zepto,943.63,INR,UPI,Debit,Groceries,Mumbai,Maharashtra,India
4424,TXN004425,2019-05-31,04:53:48,Flower Shop,UPI/Flower Shop,72.83,INR,UPI,Debit,Other,Indore,Madhya Pradesh,India
4425,TXN004426,2019-05-31,07:45:51,Rapido,UPI/Rapido,60.0,INR,UPI,Debit,Miscellaneous,Nagpur,Maharashtra,India
4426,TXN004427,2019-05-31,08:27:12,Burger King,UPI/Paytm/Burger King,293.47,INR,UPI,Debit,Food,Mumbai,Maharashtra,India
4427,TXN004428,2019-05-31,08:58:00,Cafe Coffee Day,UPI/Paytm/Cafe Coffee Day,959.68,INR,UPI,Debit,Food,Surat,Gujarat,India
4428,TXN004429,2019-05-31,09:08:15,Domino's India,POS Purchase Domino's India,1354.39,INR,Credit Card,Debit,Food,Nagpur,Maharashtra,India
4429,TXN004430,2019-05-31,09:12:18,Blinkit,UPI/DR/290509600/Blinkit,902.76,INR,UPI,Debit,Groceries,Chennai,Tamil Nadu,India
4430,TXN004431,2019-05-31,12:24:43,Adani Electricity,Auto Debit Adani Electricity,4332.87,INR,Auto Debit,Debit,Bills,Mumbai,Maharashtra,India
4431,TXN004432,2019-05-31,12:49:59,Municipal Water Department,Net Banking Payment Municipal Water Department,841.11,INR,Net Banking,Debit,Bills,Noida,Uttar Pradesh,India
4432,TXN004433,2019-05-31,15:26:35,Zomato,Debit Card Zomato,134.92,INR,Debit Card,Debit,Food,Noida,Uttar Pradesh,India
4433,TXN004434,2019-06-01,15:02:37,Amazon India,POS Purchase Amazon India,539.44,INR,Credit Card,Debit,Shopping,Delhi,Delhi,India
4434,TXN004435,2019-06-01,20:09:54,Credit Card Bill Payment,Net Banking Payment Credit Card Bill Payment,2975.46,INR,Net Banking,Debit,Bills,Jaipur,Rajasthan,India
4435,TXN004436,2019-06-02,05:55:07,Credit Card Bill Payment,Auto Debit Credit Card Bill Payment,2624.31,INR,Auto Debit,Debit,Bills,Pune,Maharashtra,India
4436,TXN004437,2019-06-02,08:01:39,House Rent Payment,IMPS Rent Payment,47647.26,INR,IMPS,Debit,Rent,Indore,Madhya Pradesh,India
4437,TXN004438,2019-06-02,09:06:47,Employer Salary Credit,NEFT Salary Credit,45507.89,INR,NEFT,Credit,Salary,Bengaluru,Karnataka,India
4438,TXN004439,2019-06-02,11:36:41,Chaayos,Debit Card Chaayos,316.76,INR,Debit Card,Debit,Food,Hyderabad,Telangana,India
4439,TXN004440,2019-06-02,13:25:36,Zomato,Debit Card Zomato,140.43,INR,Debit Card,Debit,Food,Noida,Uttar Pradesh,India
4440,TXN004441,2019-06-02,14:41:08,PharmEasy,UPI/PharmEasy,3115.38,INR,UPI,Debit,Miscellaneous,Chennai,Tamil Nadu,India
4441,TXN004442,2019-06-02,20:31:54,Swiggy,UPI/Paytm/Swiggy,347.57,INR,UPI,Debit,Food,Jaipur,Rajasthan,India
4442,TXN004443,2019-06-03,08:58:05,Nykaa,Debit Card Nykaa,288.0,INR,Debit Card,Debit,Shopping,Noida,Uttar Pradesh,India
4443,TXN004444,2019-06-03,09:30:28,Credit Card Bill Payment,Auto Debit Credit Card Bill Payment,1497.07,INR,Auto Debit,Debit,Bills,Hyderabad,Telangana,India
4444,TXN004445,2019-06-03,14:22:59,Airtel,Auto Debit Airtel,1275.54,INR,Auto Debit,Debit,Bills,Chennai,Tamil Nadu,India
4445,TXN004446,2019-06-03,15:25:53,Mobile Repair,UPI/Mobile Repair,2452.73,INR,UPI,Debit,Other,Mumbai,Maharashtra,India
4446,TXN004447,2019-06-03,21:21:38,Barbeque Nation,UPI/Paytm/Barbeque Nation,620.15,INR,UPI,Debit,Food,Delhi,Delhi,India
4447,TXN004448,2019-06-04,03:57:33,Third Wave Coffee,UPI/Paytm/Third Wave Coffee,163.09,INR,UPI,Debit,Food,Kolkata,West Bengal,India
4448,TXN004449,2019-06-04,06:07:31,BookMyShow,Debit Card BookMyShow,154.0,INR,Debit Card,Debit,Entertainment,Jaipur,Rajasthan,India
4449,TXN004450,2019-06-04,10:01:29,Uber,POS Purchase Uber,1498.7,INR,Credit Card,Debit,Miscellaneous,Hyderabad,Telangana,India
4450,TXN004451,2019-06-04,18:44:33,Flipkart,Debit Card Flipkart,1941.68,INR,Debit Card,Debit,Shopping,Chennai,Tamil Nadu,India
4451,TXN004452,2019-06-05,07:46:46,Netflix,Auto Debit Netflix Subscription,319.22,INR,Auto Debit,Debit,Subscription,Noida,Uttar Pradesh,India
4452,TXN004453,2019-06-05,10:04:03,BSNL,Auto Debit BSNL,1839.87,INR,Auto Debit,Debit,Bills,Pune,Maharashtra,India
4453,TXN004454,2019-06-05,10:17:02,Airtel,Net Banking Payment Airtel,5789.19,INR,Net Banking,Debit,Bills,Bengaluru,Karnataka,India
4454,TXN004455,2019-06-05,11:10:37,BigBasket,UPI/DR/373821508/BigBasket,1293.2,INR,UPI,Debit,Groceries,Kochi,Kerala,India
4455,TXN004456,2019-06-06,09:20:40,Nature's Basket,UPI/DR/105061082/Nature's Basket,690.02,INR,UPI,Debit,Groceries,Bengaluru,Karnataka,India
4456,TXN004457,2019-06-06,09:43:24,Cafe Coffee Day,UPI/Paytm/Cafe Coffee Day,1247.46,INR,UPI,Debit,Food,Pune,Maharashtra,India
4457,TXN004458,2019-06-06,18:34:18,Adani Electricity,Net Banking Payment Adani Electricity,1840.01,INR,Net Banking,Debit,Bills,Lucknow,Uttar Pradesh,India
4458,TXN004459,2019-06-07,08:17:41,BigBasket,UPI/DR/651131533/BigBasket,300.0,INR,UPI,Debit,Groceries,Ahmedabad,Gujarat,India
4459,TXN004460,2019-06-07,09:21:46,Blinkit,UPI/DR/338760659/Blinkit,525.77,INR,UPI,Debit,Groceries,Mumbai,Maharashtra,India
4460,TXN004461,2019-06-07,10:46:04,BPCL,UPI/BPCL,3788.65,INR,UPI,Debit,Fuel,Mumbai,Maharashtra,India
4461,TXN004462,2019-06-07,22:29:59,Nykaa,POS Purchase Nykaa,1504.3,INR,Credit Card,Debit,Shopping,Ahmedabad,Gujarat,India
4462,TXN004463,2019-06-08,03:01:42,HP Gas,Auto Debit HP Gas,2546.74,INR,Auto Debit,Debit,Bills,Surat,Gujarat,India
4463,TXN004464,2019-06-08,09:03:15,Swiggy,UPI/Paytm/Swiggy,182.49,INR,UPI,Debit,Food,Indore,Madhya Pradesh,India
4464,TXN004465,2019-06-08,09:17:56,Vegetable Market,UPI/Vegetable Market,572.38,INR,UPI,Debit,Other,Delhi,Delhi,India
4465,TXN004466,2019-06-08,17:57:41,Zepto,Debit Card Zepto,1186.25,INR,Debit Card,Debit,Groceries,Jaipur,Rajasthan,India
4466,TXN004467,2019-06-08,18:43:48,Zomato,UPI/Paytm/Zomato,678.24,INR,UPI,Debit,Food,Jaipur,Rajasthan,India
4467,TXN004468,2019-06-08,20:37:38,Airtel,Auto Debit Airtel,5915.83,INR,Auto Debit,Debit,Bills,Bengaluru,Karnataka,India
4468,TXN004469,2019-06-09,09:41:20,Zepto,UPI/DR/856524312/Zepto,561.27,INR,UPI,Debit,Groceries,Bengaluru,Karnataka,India
4469,TXN004470,2019-06-09,12:12:11,Airtel,Auto Debit Airtel,5317.58,INR,Auto Debit,Debit,Bills,Jaipur,Rajasthan,India
4470,TXN004471,2019-06-09,14:14:04,EatClub,Debit Card EatClub,388.45,INR,Debit Card,Debit,Food,Surat,Gujarat,India
4471,TXN004472,2019-06-09,20:11:37,BSNL,Auto Debit BSNL,3169.36,INR,Auto Debit,Debit,Bills,Ahmedabad,Gujarat,India
4472,TXN004473,2019-06-09,21:21:33,PharmEasy,UPI/PharmEasy,3342.03,INR,UPI,Debit,Miscellaneous,Ahmedabad,Gujarat,India
4473,TXN004474,2019-06-10,10:32:25,Airtel,Auto Debit Airtel,187.0,INR,Auto Debit,Debit,Bills,Kochi,Kerala,India
4474,TXN004475,2019-06-10,11:29:04,Airtel,Auto Debit Airtel,2875.69,INR,Auto Debit,Debit,Bills,Mumbai,Maharashtra,India
4475,TXN004476,2019-06-10,16:41:26,Indane Gas,Net Banking Payment Indane Gas,4504.05,INR,Net Banking,Debit,Bills,Indore,Madhya Pradesh,India
4476,TXN004477,2019-06-10,16:55:02,Swiggy,UPI/Paytm/Swiggy,116.0,INR,UPI,Debit,Food,Chennai,Tamil Nadu,India
4477,TXN004478,2019-06-11,04:52:12,Spotify,Auto Debit Spotify Subscription,149.0,INR,Auto Debit,Debit,Subscription,Mumbai,Maharashtra,India
4478,TXN004479,2019-06-11,09:42:22,Adani Electricity,Auto Debit Adani Electricity,8769.27,INR,Auto Debit,Debit,Bills,Mumbai,Maharashtra,India
4479,TXN004480,2019-06-11,10:37:46,Local Services,Debit Card Local Services,1645.44,INR,Debit Card,Debit,Other,Chennai,Tamil Nadu,India
4480,TXN004481,2019-06-11,13:13:29,Jio,UPI/Jio,719.84,INR,UPI,Debit,Bills,Lucknow,Uttar Pradesh,India
4481,TXN004482,2019-06-11,16:38:09,Jio Fiber,Auto Debit Jio Fiber,1410.16,INR,Auto Debit,Debit,Bills,Indore,Madhya Pradesh,India
4482,TXN004483,2019-06-12,09:36:36,Swiggy,UPI/Paytm/Swiggy,1207.05,INR,UPI,Debit,Food,Pune,Maharashtra,India
4483,TXN004484,2019-06-12,10:05:44,Indian Oil,UPI/Indian Oil,2711.16,INR,UPI,Debit,Fuel,Delhi,Delhi,India
4484,TXN004485,2019-06-12,10:18:10,Airtel,Net Banking Payment Airtel,8486.41,INR,Net Banking,Debit,Bills,Chennai,Tamil Nadu,India
4485,TXN004486,2019-06-12,15:29:44,Myntra,UPI Payment Myntra,288.0,INR,UPI,Debit,Shopping,Delhi,Delhi,India
4486,TXN004487,2019-06-13,08:20:11,Municipal Water Department,Auto Debit Municipal Water Department,278.37,INR,Auto Debit,Debit,Bills,Chennai,Tamil Nadu,India
4487,TXN004488,2019-06-13,10:30:51,Employer Salary Credit,NEFT Salary Credit,51158.94,INR,NEFT,Credit,Salary,Delhi,Delhi,India
4488,TXN004489,2019-06-13,19:49:35,Indian Oil,UPI/Indian Oil,3191.42,INR,UPI,Debit,Fuel,Kolkata,West Bengal,India
4489,TXN004490,2019-06-14,11:45:58,Netflix,Auto Debit Netflix Subscription,149.0,INR,Auto Debit,Debit,Subscription,Lucknow,Uttar Pradesh,India
4490,TXN004491,2019-06-14,15:44:57,Third Wave Coffee,Debit Card Third Wave Coffee,1118.87,INR,Debit Card,Debit,Food,Lucknow,Uttar Pradesh,India
4491,TXN004492,2019-06-15,07:48:35,Credit Card Bill Payment,Net Banking Payment Credit Card Bill Payment,7707.07,INR,Net Banking,Debit,Bills,Nagpur,Maharashtra,India
4492,TXN004493,2019-06-15,09:45:09,Tata Power,Auto Debit Tata Power,2457.95,INR,Auto Debit,Debit,Bills,Ahmedabad,Gujarat,India
4493,TXN004494,2019-06-15,10:23:42,Tata Power,Auto Debit Tata Power,1914.55,INR,Auto Debit,Debit,Bills,Mumbai,Maharashtra,India
4494,TXN004495,2019-06-15,17:42:46,Vegetable Market,UPI/Vegetable Market,535.7,INR,UPI,Debit,Other,Jaipur,Rajasthan,India
4495,TXN004496,2019-06-15,18:47:38,Zomato,POS Purchase Zomato,116.0,INR,Credit Card,Debit,Food,Lucknow,Uttar Pradesh,India
4496,TXN004497,2019-06-15,19:20:07,Reliance Fresh,Debit Card Reliance Fresh,350.63,INR,Debit Card,Debit,Groceries,Chennai,Tamil Nadu,India
4497,TXN004498,2019-06-16,06:35:12,BPCL,UPI/BPCL,3008.67,INR,UPI,Debit,Fuel,Chennai,Tamil Nadu,India
4498,TXN004499,2019-06-16,08:32:09,Tata Power,Auto Debit Tata Power,1620.18,INR,Auto Debit,Debit,Bills,Bengaluru,Karnataka,India
4499,TXN004500,2019-06-16,08:33:29,Jio,Net Banking Payment Jio,2897.56,INR,Net Banking,Debit,Bills,Pune,Maharashtra,India
4500,TXN004501,2019-06-16,09:26:43,McDonald's India,POS Purchase McDonald's India,406.52,INR,Credit Card,Debit,Food,Chennai,Tamil Nadu,India
4501,TXN004502,2019-06-16,12:44:31,BEST,Auto Debit BEST,2684.03,INR,Auto Debit,Debit,Bills,Lucknow,Uttar Pradesh,India
4502,TXN004503,2019-06-16,14:31:32,Tea Stall,UPI/Tea Stall,141.69,INR,UPI,Debit,Other,Nagpur,Maharashtra,India
4503,TXN004504,2019-06-16,14:41:45,Credit Card Bill Payment,UPI/Credit Card Bill Payment,5402.58,INR,UPI,Debit,Bills,Chennai,Tamil Nadu,India
4504,TXN004505,2019-06-16,22:01:23,Airtel,Net Banking Payment Airtel,463.29,INR,Net Banking,Debit,Bills,Noida,Uttar Pradesh,India
4505,TXN004506,2019-06-17,03:56:31,Faasos,Debit Card Faasos,446.89,INR,Debit Card,Debit,Food,Chennai,Tamil Nadu,India
4506,TXN004507,2019-06-17,10:13:44,Naturals Salon,POS Purchase Naturals Salon,129.83,INR,Credit Card,Debit,Miscellaneous,Surat,Gujarat,India
4507,TXN004508,2019-06-17,12:27:09,Street Vendor,UPI/Street Vendor,99.29,INR,UPI,Debit,Other,Nagpur,Maharashtra,India
4508,TXN004509,2019-06-17,12:47:33,Burger King,UPI/Paytm/Burger King,116.0,INR,UPI,Debit,Food,Noida,Uttar Pradesh,India
4509,TXN004510,2019-06-17,13:26:29,Zomato,POS Purchase Zomato,845.15,INR,Credit Card,Debit,Food,Jaipur,Rajasthan,India
4510,TXN004511,2019-06-17,14:09:22,Starbucks India,Debit Card Starbucks India,931.94,INR,Debit Card,Debit,Food,Bengaluru,Karnataka,India
4511,TXN004512,2019-06-17,16:19:36,IRCTC,Cash Withdrawal ATM,592.35,INR,Cash Withdrawal,Debit,Miscellaneous,Mumbai,Maharashtra,India
4512,TXN004513,2019-06-17,23:53:35,LIC,Net Banking Payment LIC Insurance Premium,8349.36,INR,Net Banking,Debit,Insurance,Chennai,Tamil Nadu,India
4513,TXN004514,2019-06-18,09:19:07,HDFC Ergo,Auto Debit HDFC Ergo Insurance Premium,8348.61,INR,Auto Debit,Debit,Insurance,Kolkata,West Bengal,India
4514,TXN004515,2019-06-18,11:10:21,Burger King,UPI/Paytm/Burger King,638.15,INR,UPI,Debit,Food,Noida,Uttar Pradesh,India
4515,TXN004516,2019-06-18,13:12:46,Reliance Fresh,UPI/DR/115115189/Reliance Fresh,492.46,INR,UPI,Debit,Groceries,Lucknow,Uttar Pradesh,India
4516,TXN004517,2019-06-18,16:29:00,McDonald's India,Debit Card McDonald's India,116.0,INR,Debit Card,Debit,Food,Lucknow,Uttar Pradesh,India
4517,TXN004518,2019-06-18,19:43:34,Mobile Repair,UPI/Mobile Repair,344.63,INR,UPI,Debit,Other,Jaipur,Rajasthan,India
4518,TXN004519,2019-06-19,14:41:41,Amazon India,POS Purchase Amazon India,947.34,INR,Credit Card,Debit,Shopping,Noida,Uttar Pradesh,India
4519,TXN004520,2019-06-19,17:25:54,Flipkart,UPI Payment Flipkart,2131.07,INR,UPI,Debit,Shopping,Kolkata,West Bengal,India
4520,TXN004521,2019-06-19,19:53:15,The Beer Cafe,UPI/Paytm/The Beer Cafe,227.76,INR,UPI,Debit,Food,Chennai,Tamil Nadu,India
4521,TXN004522,2019-06-19,21:32:20,EatClub,UPI/Paytm/EatClub,220.13,INR,UPI,Debit,Food,Ahmedabad,Gujarat,India
4522,TXN004523,2019-06-20,08:40:10,Credit Card Bill Payment,UPI/Credit Card Bill Payment,305.24,INR,UPI,Debit,Bills,Noida,Uttar Pradesh,India
4523,TXN004524,2019-06-20,13:41:01,Indian Oil,UPI/Indian Oil,4246.81,INR,UPI,Debit,Fuel,Delhi,Delhi,India
4524,TXN004525,2019-06-20,18:21:23,Nykaa,UPI Payment Nykaa,3682.91,INR,UPI,Debit,Shopping,Pune,Maharashtra,India
4525,TXN004526,2019-06-21,07:41:33,Local Services,UPI/Local Services,810.01,INR,UPI,Debit,Other,Indore,Madhya Pradesh,India
4526,TXN004527,2019-06-21,09:12:20,Jio,Auto Debit Jio,842.17,INR,Auto Debit,Debit,Bills,Jaipur,Rajasthan,India
4527,TXN004528,2019-06-21,10:15:17,Municipal Water Department,Auto Debit Municipal Water Department,430.1,INR,Auto Debit,Debit,Bills,Chennai,Tamil Nadu,India
4528,TXN004529,2019-06-21,20:16:47,BSNL,Auto Debit BSNL,5268.34,INR,Auto Debit,Debit,Bills,Chennai,Tamil Nadu,India
4529,TXN004530,2019-06-22,06:50:28,Credit Card Bill Payment,UPI/Credit Card Bill Payment,613.57,INR,UPI,Debit,Bills,Bengaluru,Karnataka,India
4530,TXN004531,2019-06-22,07:45:55,Zomato,POS Purchase Zomato,983.7,INR,Credit Card,Debit,Food,Bengaluru,Karnataka,India
4531,TXN004532,2019-06-22,12:27:17,Employer Salary Credit,NEFT Salary Credit,49657.84,INR,NEFT,Credit,Salary,Bengaluru,Karnataka,India
4532,TXN004533,2019-06-22,14:06:55,DMart,UPI/DR/244295352/DMart,1265.11,INR,UPI,Debit,Groceries,Surat,Gujarat,India
4533,TXN004534,2019-06-22,15:16:23,Credit Card Bill Payment,Auto Debit Credit Card Bill Payment,10162.95,INR,Auto Debit,Debit,Bills,Pune,Maharashtra,India
4534,TXN004535,2019-06-22,17:39:21,Nykaa,POS Purchase Nykaa,288.0,INR,Credit Card,Debit,Shopping,Kolkata,West Bengal,India
4535,TXN004536,2019-06-22,23:27:22,Credit Card Bill Payment,Net Banking Payment Credit Card Bill Payment,7669.15,INR,Net Banking,Debit,Bills,Ahmedabad,Gujarat,India
4536,TXN004537,2019-06-23,08:15:11,Netflix,Auto Debit Netflix Subscription,389.59,INR,Auto Debit,Debit,Subscription,Hyderabad,Telangana,India
4537,TXN004538,2019-06-23,10:09:31,Bajaj Allianz,Net Banking Payment Bajaj Allianz Insurance Premium,8821.05,INR,Net Banking,Debit,Insurance,Pune,Maharashtra,India
4538,TXN004539,2019-06-23,10:18:12,Ola,Debit Card Ola,4341.65,INR,Debit Card,Debit,Miscellaneous,Bengaluru,Karnataka,India
4539,TXN004540,2019-06-24,09:46:19,Third Wave Coffee,UPI/Paytm/Third Wave Coffee,853.9,INR,UPI,Debit,Food,Indore,Madhya Pradesh,India
4540,TXN004541,2019-06-24,16:04:15,Local Wine & Beer Shop,UPI/Paytm/Local Wine & Beer Shop,116.0,INR,UPI,Debit,Food,Lucknow,Uttar Pradesh,India
4541,TXN004542,2019-06-24,16:06:43,Airtel,Auto Debit Airtel,3710.16,INR,Auto Debit,Debit,Bills,Mumbai,Maharashtra,India
4542,TXN004543,2019-06-24,16:51:15,Municipal Water Department,Auto Debit Municipal Water Department,2813.39,INR,Auto Debit,Debit,Bills,Nagpur,Maharashtra,India
4543,TXN004544,2019-06-25,09:41:02,Tata Power,Net Banking Payment Tata Power,3904.71,INR,Net Banking,Debit,Bills,Delhi,Delhi,India
4544,TXN004545,2019-06-25,17:51:14,Jio,Net Banking Payment Jio,10671.02,INR,Net Banking,Debit,Bills,Jaipur,Rajasthan,India
4545,TXN004546,2019-06-26,00:39:14,BookMyShow,POS Purchase BookMyShow,269.08,INR,Credit Card,Debit,Entertainment,Indore,Madhya Pradesh,India
4546,TXN004547,2019-06-26,00:47:39,Tata Play,Auto Debit Tata Play Subscription,149.0,INR,Auto Debit,Debit,Subscription,Bengaluru,Karnataka,India
4547,TXN004548,2019-06-26,05:20:26,Myntra,POS Purchase Myntra,2711.98,INR,Credit Card,Debit,Shopping,Lucknow,Uttar Pradesh,India
4548,TXN004549,2019-06-26,08:46:17,Airtel,Auto Debit Airtel,2955.95,INR,Auto Debit,Debit,Bills,Nagpur,Maharashtra,India
4549,TXN004550,2019-06-26,12:35:30,Nykaa,POS Purchase Nykaa,374.67,INR,Credit Card,Debit,Shopping,Pune,Maharashtra,India
4550,TXN004551,2019-06-26,13:02:49,Ace Hardware India,POS Purchase Ace Hardware India,502.65,INR,Credit Card,Debit,Miscellaneous,Surat,Gujarat,India
4551,TXN004552,2019-06-26,23:35:23,Credit Card Bill Payment,UPI/Credit Card Bill Payment,2501.87,INR,UPI,Debit,Bills,Indore,Madhya Pradesh,India
4552,TXN004553,2019-06-27,09:19:13,Ola,UPI/Ola,60.0,INR,UPI,Debit,Miscellaneous,Noida,Uttar Pradesh,India
4553,TXN004554,2019-06-27,10:03:32,Reliance Fresh,Debit Card Reliance Fresh,638.97,INR,Debit Card,Debit,Groceries,Delhi,Delhi,India
4554,TXN004555,2019-06-27,16:12:51,Municipal Water Department,Auto Debit Municipal Water Department,2992.01,INR,Auto Debit,Debit,Bills,Jaipur,Rajasthan,India
4555,TXN004556,2019-06-27,16:14:12,BPCL,UPI/BPCL,3564.98,INR,UPI,Debit,Fuel,Hyderabad,Telangana,India
4556,TXN004557,2019-06-28,09:05:16,Credit Card Bill Payment,Net Banking Payment Credit Card Bill Payment,1441.76,INR,Net Banking,Debit,Bills,Surat,Gujarat,India
4557,TXN004558,2019-06-28,11:05:21,Ace Hardware India,UPI/Ace Hardware India,60.0,INR,UPI,Debit,Miscellaneous,Chennai,Tamil Nadu,India
4558,TXN004559,2019-06-29,16:31:15,Ace Hardware India,UPI/Ace Hardware India,60.0,INR,UPI,Debit,Miscellaneous,Surat,Gujarat,India
4559,TXN004560,2019-06-29,18:04:12,Employer Salary Credit,NEFT Salary Credit,35672.4,INR,NEFT,Credit,Salary,Kolkata,West Bengal,India
4560,TXN004561,2019-06-29,19:12:20,Reliance Fresh,Debit Card Reliance Fresh,398.64,INR,Debit Card,Debit,Groceries,Chennai,Tamil Nadu,India
4561,TXN004562,2019-06-29,22:11:18,LIC,Net Banking Payment LIC Insurance Premium,8277.49,INR,Net Banking,Debit,Insurance,Indore,Madhya Pradesh,India
4562,TXN004563,2019-06-30,08:49:21,Indian Oil,UPI/Indian Oil,3582.74,INR,UPI,Debit,Fuel,Lucknow,Uttar Pradesh,India
4563,TXN004564,2019-06-30,15:19:36,Credit Card Bill Payment,Auto Debit Credit Card Bill Payment,1042.89,INR,Auto Debit,Debit,Bills,Hyderabad,Telangana,India
4564,TXN004565,2019-06-30,18:26:57,General Store,UPI/General Store,30.74,INR,UPI,Debit,Other,Chennai,Tamil Nadu,India
4565,TXN004566,2019-06-30,19:30:55,Airtel,Net Banking Payment Airtel,2742.33,INR,Net Banking,Debit,Bills,Kochi,Kerala,India
4566,TXN004567,2019-06-30,23:11:30,Myntra,Debit Card Myntra,288.0,INR,Debit Card,Debit,Shopping,Lucknow,Uttar Pradesh,India
4567,TXN004568,2019-07-01,13:06:16,Faasos,UPI/Paytm/Faasos,209.25,INR,UPI,Debit,Food,Surat,Gujarat,India
4568,TXN004569,2019-07-01,18:19:18,Jio,Net Banking Payment Jio,1831.59,INR,Net Banking,Debit,Bills,Surat,Gujarat,India
4569,TXN004570,2019-07-02,08:37:23,HP Gas,Auto Debit HP Gas,2041.04,INR,Auto Debit,Debit,Bills,Mumbai,Maharashtra,India
4570,TXN004571,2019-07-02,09:12:01,BookMyShow,POS Purchase BookMyShow,262.8,INR,Credit Card,Debit,Entertainment,Mumbai,Maharashtra,India
4571,TXN004572,2019-07-02,11:37:35,Indane Gas,Net Banking Payment Indane Gas,563.36,INR,Net Banking,Debit,Bills,Noida,Uttar Pradesh,India
4572,TXN004573,2019-07-03,08:02:42,Airtel,Auto Debit Airtel,1750.41,INR,Auto Debit,Debit,Bills,Surat,Gujarat,India
4573,TXN004574,2019-07-03,10:27:38,Credit Card Bill Payment,Auto Debit Credit Card Bill Payment,3356.46,INR,Auto Debit,Debit,Bills,Kochi,Kerala,India
4574,TXN004575,2019-07-03,13:11:49,Credit Card Bill Payment,Net Banking Payment Credit Card Bill Payment,2563.37,INR,Net Banking,Debit,Bills,Hyderabad,Telangana,India
4575,TXN004576,2019-07-03,14:08:41,Amazon Prime,Auto Debit Amazon Prime Subscription,498.32,INR,Auto Debit,Debit,Subscription,Delhi,Delhi,India
4576,TXN004577,2019-07-03,16:40:50,Burger King,Debit Card Burger King,1628.67,INR,Debit Card,Debit,Food,Kolkata,West Bengal,India
4577,TXN004578,2019-07-03,20:35:34,Credit Card Bill Payment,Auto Debit Credit Card Bill Payment,2362.53,INR,Auto Debit,Debit,Bills,Nagpur,Maharashtra,India
4578,TXN004579,2019-07-04,00:36:07,Cafe Coffee Day,UPI/Paytm/Cafe Coffee Day,136.81,INR,UPI,Debit,Food,Nagpur,Maharashtra,India
4579,TXN004580,2019-07-04,08:48:22,Zepto,POS Purchase Zepto,2009.78,INR,Credit Card,Debit,Groceries,Noida,Uttar Pradesh,India
4580,TXN004581,2019-07-04,09:05:20,Tata Power,UPI/Tata Power,690.03,INR,UPI,Debit,Bills,Hyderabad,Telangana,India
4581,TXN004582,2019-07-04,18:00:13,McDonald's India,Debit Card McDonald's India,318.78,INR,Debit Card,Debit,Food,Chennai,Tamil Nadu,India
4582,TXN004583,2019-07-05,10:44:34,Amazon India,UPI Payment Amazon India,288.0,INR,UPI,Debit,Shopping,Pune,Maharashtra,India
4583,TXN004584,2019-07-05,12:01:02,Credit Card Bill Payment,UPI/Credit Card Bill Payment,2890.58,INR,UPI,Debit,Bills,Surat,Gujarat,India
4584,TXN004585,2019-07-05,13:55:16,BSNL,Auto Debit BSNL,1268.51,INR,Auto Debit,Debit,Bills,Bengaluru,Karnataka,India
4585,TXN004586,2019-07-05,16:13:59,Employer Salary Credit,NEFT Salary Credit,52599.6,INR,NEFT,Credit,Salary,Jaipur,Rajasthan,India
4586,TXN004587,2019-07-06,00:30:08,Amazon Prime,Auto Debit Amazon Prime Subscription,149.0,INR,Auto Debit,Debit,Subscription,Surat,Gujarat,India
4587,TXN004588,2019-07-06,08:16:33,Credit Card Bill Payment,Auto Debit Credit Card Bill Payment,6359.62,INR,Auto Debit,Debit,Bills,Kochi,Kerala,India
4588,TXN004589,2019-07-06,08:25:39,Credit Card Bill Payment,Net Banking Payment Credit Card Bill Payment,207.06,INR,Net Banking,Debit,Bills,Mumbai,Maharashtra,India
4589,TXN004590,2019-07-06,13:56:24,Swiggy,UPI/Paytm/Swiggy,1216.43,INR,UPI,Debit,Food,Pune,Maharashtra,India
4590,TXN004591,2019-07-06,19:08:30,Faasos,Debit Card Faasos,116.0,INR,Debit Card,Debit,Food,Lucknow,Uttar Pradesh,India
4591,TXN004592,2019-07-07,07:10:17,Mobile Repair,Cash Withdrawal ATM,1437.8,INR,Cash Withdrawal,Debit,Other,Pune,Maharashtra,India
4592,TXN004593,2019-07-07,08:33:42,Indian Oil,Cash Withdrawal ATM,2005.49,INR,Cash Withdrawal,Debit,Fuel,Surat,Gujarat,India
4593,TXN004594,2019-07-07,13:42:17,Indane Gas,UPI/Indane Gas,7419.9,INR,UPI,Debit,Bills,Mumbai,Maharashtra,India
4594,TXN004595,2019-07-07,18:39:25,House Rent Payment,IMPS Rent Payment,7775.62,INR,IMPS,Debit,Rent,Pune,Maharashtra,India
4595,TXN004596,2019-07-08,10:50:59,LIC,Net Banking Payment LIC Insurance Premium,8547.9,INR,Net Banking,Debit,Insurance,Delhi,Delhi,India
4596,TXN004597,2019-07-08,14:21:49,Credit Card Bill Payment,Auto Debit Credit Card Bill Payment,212.11,INR,Auto Debit,Debit,Bills,Pune,Maharashtra,India
4597,TXN004598,2019-07-08,17:09:41,Credit Card Bill Payment,Auto Debit Credit Card Bill Payment,187.0,INR,Auto Debit,Debit,Bills,Mumbai,Maharashtra,India
4598,TXN004599,2019-07-09,05:52:16,House Rent Payment,IMPS Rent Payment,7798.14,INR,IMPS,Debit,Rent,Pune,Maharashtra,India
4599,TXN004600,2019-07-09,08:17:54,Dish TV,Auto Debit Dish TV Subscription,149.0,INR,Auto Debit,Debit,Subscription,Nagpur,Maharashtra,India
4600,TXN004601,2019-07-09,11:33:04,Zomato,POS Purchase Zomato,116.0,INR,Credit Card,Debit,Food,Nagpur,Maharashtra,India
4601,TXN004602,2019-07-09,13:39:51,Tata Power,UPI/Tata Power,187.0,INR,UPI,Debit,Bills,Kolkata,West Bengal,India
4602,TXN004603,2019-07-09,17:48:52,Burger King,Debit Card Burger King,983.91,INR,Debit Card,Debit,Food,Chennai,Tamil Nadu,India
4603,TXN004604,2019-07-09,17:51:19,BPCL,Debit Card BPCL,3701.95,INR,Debit Card,Debit,Fuel,Indore,Madhya Pradesh,India
4604,TXN004605,2019-07-09,17:53:01,Ace Hardware India,POS Purchase Ace Hardware India,1481.26,INR,Credit Card,Debit,Miscellaneous,Lucknow,Uttar Pradesh,India
4605,TXN004606,2019-07-09,17:53:05,Credit Card Bill Payment,Auto Debit Credit Card Bill Payment,3119.58,INR,Auto Debit,Debit,Bills,Chennai,Tamil Nadu,India
4606,TXN004607,2019-07-09,18:02:00,Tata Power,Net Banking Payment Tata Power,469.96,INR,Net Banking,Debit,Bills,Lucknow,Uttar Pradesh,India
4607,TXN004608,2019-07-09,20:36:38,Local Services,UPI/Local Services,542.99,INR,UPI,Debit,Other,Ahmedabad,Gujarat,India
4608,TXN004609,2019-07-09,22:11:47,Myntra,Debit Card Myntra,288.0,INR,Debit Card,Debit,Shopping,Hyderabad,Telangana,India
4609,TXN004610,2019-07-10,09:19:15,Third Wave Coffee,UPI/Paytm/Third Wave Coffee,464.88,INR,UPI,Debit,Food,Indore,Madhya Pradesh,India
4610,TXN004611,2019-07-10,10:52:50,BookMyShow,UPI Payment BookMyShow,202.95,INR,UPI,Debit,Entertainment,Indore,Madhya Pradesh,India
4611,TXN004612,2019-07-10,11:55:56,Indian Oil,UPI/Indian Oil,3389.76,INR,UPI,Debit,Fuel,Hyderabad,Telangana,India
4612,TXN004613,2019-07-11,06:50:55,Disney+ Hotstar,Auto Debit Disney+ Hotstar Subscription,612.62,INR,Auto Debit,Debit,Subscription,Kolkata,West Bengal,India
4613,TXN004614,2019-07-11,07:08:02,Employer Salary Credit,NEFT Salary Credit,37104.74,INR,NEFT,Credit,Salary,Mumbai,Maharashtra,India
4614,TXN004615,2019-07-11,08:09:00,Bajaj Allianz,Net Banking Payment Bajaj Allianz Insurance Premium,8258.18,INR,Net Banking,Debit,Insurance,Mumbai,Maharashtra,India
4615,TXN004616,2019-07-11,09:47:26,Municipal Water Department,Net Banking Payment Municipal Water Department,617.49,INR,Net Banking,Debit,Bills,Pune,Maharashtra,India
4616,TXN004617,2019-07-11,12:06:45,BigBasket,UPI/DR/780287364/BigBasket,384.44,INR,UPI,Debit,Groceries,Noida,Uttar Pradesh,India
4617,TXN004618,2019-07-11,14:15:29,Municipal Water Department,Net Banking Payment Municipal Water Department,4052.04,INR,Net Banking,Debit,Bills,Indore,Madhya Pradesh,India
4618,TXN004619,2019-07-11,16:16:10,House Rent Payment,NEFT Rent Payment,8078.93,INR,NEFT,Debit,Rent,Delhi,Delhi,India
4619,TXN004620,2019-07-11,22:43:44,House Rent Payment,IMPS Rent Payment,8458.82,INR,IMPS,Debit,Rent,Pune,Maharashtra,India
4620,TXN004621,2019-07-12,09:10:41,Domino's India,UPI/Paytm/Domino's India,1103.95,INR,UPI,Debit,Food,Jaipur,Rajasthan,India
4621,TXN004622,2019-07-12,09:16:50,KFC India,POS Purchase KFC India,173.53,INR,Credit Card,Debit,Food,Indore,Madhya Pradesh,India
4622,TXN004623,2019-07-12,10:06:05,Chaayos,UPI/Paytm/Chaayos,116.0,INR,UPI,Debit,Food,Bengaluru,Karnataka,India
4623,TXN004624,2019-07-12,11:16:05,Domino's India,UPI/Paytm/Domino's India,269.91,INR,UPI,Debit,Food,Lucknow,Uttar Pradesh,India
4624,TXN004625,2019-07-12,11:48:37,Nature's Basket,UPI/DR/892904680/Nature's Basket,341.19,INR,UPI,Debit,Groceries,Noida,Uttar Pradesh,India
4625,TXN004626,2019-07-12,18:46:13,Swiggy,UPI/Paytm/Swiggy,119.24,INR,UPI,Debit,Food,Hyderabad,Telangana,India
4626,TXN004627,2019-07-13,00:08:42,Municipal Water Department,Auto Debit Municipal Water Department,2001.62,INR,Auto Debit,Debit,Bills,Hyderabad,Telangana,India
4627,TXN004628,2019-07-13,00:23:00,LIC,Auto Debit LIC Insurance Premium,8427.55,INR,Auto Debit,Debit,Insurance,Nagpur,Maharashtra,India
4628,TXN004629,2019-07-13,00:42:23,Laundry,UPI/Laundry,1268.98,INR,UPI,Debit,Other,Pune,Maharashtra,India
4629,TXN004630,2019-07-13,17:20:07,BookMyShow,UPI Payment BookMyShow,248.13,INR,UPI,Debit,Entertainment,Hyderabad,Telangana,India
4630,TXN004631,2019-07-13,19:23:14,Jio Fiber,Auto Debit Jio Fiber,2854.83,INR,Auto Debit,Debit,Bills,Pune,Maharashtra,India
4631,TXN004632,2019-07-13,20:38:33,Credit Card Bill Payment,Auto Debit Credit Card Bill Payment,5126.57,INR,Auto Debit,Debit,Bills,Nagpur,Maharashtra,India
4632,TXN004633,2019-07-14,10:48:37,Third Wave Coffee,UPI/Paytm/Third Wave Coffee,868.78,INR,UPI,Debit,Food,Surat,Gujarat,India
4633,TXN004634,2019-07-14,14:39:11,Netflix,Auto Debit Netflix Subscription,149.0,INR,Auto Debit,Debit,Subscription,Chennai,Tamil Nadu,India
4634,TXN004635,2019-07-14,14:52:09,Blinkit,Debit Card Blinkit,517.68,INR,Debit Card,Debit,Groceries,Jaipur,Rajasthan,India
4635,TXN004636,2019-07-14,16:32:06,Myntra,UPI Payment Myntra,1181.94,INR,UPI,Debit,Shopping,Noida,Uttar Pradesh,India
4636,TXN004637,2019-07-14,20:17:35,BigBasket,POS Purchase BigBasket,461.49,INR,Credit Card,Debit,Groceries,Nagpur,Maharashtra,India
4637,TXN004638,2019-07-15,08:10:46,Faasos,Debit Card Faasos,1546.33,INR,Debit Card,Debit,Food,Delhi,Delhi,India
4638,TXN004639,2019-07-15,10:00:12,Amazon India,POS Purchase Amazon India,3404.51,INR,Credit Card,Debit,Shopping,Kochi,Kerala,India
4639,TXN004640,2019-07-15,11:08:27,BEST,Auto Debit BEST,1454.83,INR,Auto Debit,Debit,Bills,Pune,Maharashtra,India
4640,TXN004641,2019-07-15,11:32:57,Tata Play,Auto Debit Tata Play Subscription,502.62,INR,Auto Debit,Debit,Subscription,Chennai,Tamil Nadu,India
4641,TXN004642,2019-07-15,14:07:41,Credit Card Bill Payment,Net Banking Payment Credit Card Bill Payment,1832.31,INR,Net Banking,Debit,Bills,Kochi,Kerala,India
4642,TXN004643,2019-07-15,16:19:36,HDFC Ergo,Auto Debit HDFC Ergo Insurance Premium,8646.26,INR,Auto Debit,Debit,Insurance,Pune,Maharashtra,India
4643,TXN004644,2019-07-15,20:40:09,Nykaa,UPI Payment Nykaa,861.29,INR,UPI,Debit,Shopping,Kochi,Kerala,India
4644,TXN004645,2019-07-16,09:14:20,Myntra,UPI Payment Myntra,288.0,INR,UPI,Debit,Shopping,Noida,Uttar Pradesh,India
4645,TXN004646,2019-07-16,18:02:08,BSNL,Net Banking Payment BSNL,3620.57,INR,Net Banking,Debit,Bills,Noida,Uttar Pradesh,India
4646,TXN004647,2019-07-16,21:29:13,Jio,Auto Debit Jio,2426.05,INR,Auto Debit,Debit,Bills,Lucknow,Uttar Pradesh,India
4647,TXN004648,2019-07-17,03:25:54,Tata Play,Net Banking Payment Tata Play,310.81,INR,Net Banking,Debit,Subscription,Pune,Maharashtra,India
4648,TXN004649,2019-07-17,11:25:22,Blinkit,UPI/DR/470475638/Blinkit,312.73,INR,UPI,Debit,Groceries,Kochi,Kerala,India
4649,TXN004650,2019-07-17,18:49:46,Fruit Vendor,UPI/Fruit Vendor,101.56,INR,UPI,Debit,Other,Jaipur,Rajasthan,India
4650,TXN004651,2019-07-17,20:27:14,Blinkit,POS Purchase Blinkit,601.22,INR,Credit Card,Debit,Groceries,Delhi,Delhi,India
4651,TXN004652,2019-07-17,22:19:21,Indian Oil,UPI/Indian Oil,2662.2,INR,UPI,Debit,Fuel,Chennai,Tamil Nadu,India
4652,TXN004653,2019-07-18,07:56:55,Tata Power,Auto Debit Tata Power,989.69,INR,Auto Debit,Debit,Bills,Ahmedabad,Gujarat,India
4653,TXN004654,2019-07-18,08:10:04,Adani Electricity,Auto Debit Adani Electricity,187.0,INR,Auto Debit,Debit,Bills,Chennai,Tamil Nadu,India
4654,TXN004655,2019-07-18,09:09:17,Adani Electricity,Auto Debit Adani Electricity,4892.57,INR,Auto Debit,Debit,Bills,Nagpur,Maharashtra,India
4655,TXN004656,2019-07-18,14:29:45,Bakery,UPI/Bakery,330.08,INR,UPI,Debit,Other,Jaipur,Rajasthan,India
4656,TXN004657,2019-07-19,00:00:16,Flipkart,POS Purchase Flipkart,288.0,INR,Credit Card,Debit,Shopping,Pune,Maharashtra,India
4657,TXN004658,2019-07-19,08:12:53,Cafe Coffee Day,Debit Card Cafe Coffee Day,561.25,INR,Debit Card,Debit,Food,Delhi,Delhi,India
4658,TXN004659,2019-07-19,10:07:00,Fruit Vendor,UPI/Fruit Vendor,239.89,INR,UPI,Debit,Other,Mumbai,Maharashtra,India
4659,TXN004660,2019-07-19,10:23:29,Airtel,Net Banking Payment Airtel,1195.92,INR,Net Banking,Debit,Bills,Delhi,Delhi,India
4660,TXN004661,2019-07-19,10:24:39,Vegetable Market,UPI/Vegetable Market,239.93,INR,UPI,Debit,Other,Hyderabad,Telangana,India
4661,TXN004662,2019-07-19,11:40:11,Indian Oil,Debit Card Indian Oil,2329.72,INR,Debit Card,Debit,Fuel,Noida,Uttar Pradesh,India
4662,TXN004663,2019-07-19,14:30:10,Jio,Net Banking Payment Jio,1431.16,INR,Net Banking,Debit,Bills,Noida,Uttar Pradesh,India
4663,TXN004664,2019-07-19,16:47:48,Airtel,Auto Debit Airtel,1730.89,INR,Auto Debit,Debit,Bills,Lucknow,Uttar Pradesh,India
4664,TXN004665,2019-07-19,17:34:43,BPCL,UPI/BPCL,2161.67,INR,UPI,Debit,Fuel,Delhi,Delhi,India
4665,TXN004666,2019-07-19,18:38:25,Zepto,POS Purchase Zepto,300.0,INR,Credit Card,Debit,Groceries,Noida,Uttar Pradesh,India
4666,TXN004667,2019-07-19,20:47:37,Employer Salary Credit,NEFT Salary Credit,54192.35,INR,NEFT,Credit,Salary,Bengaluru,Karnataka,India
4667,TXN004668,2019-07-20,07:02:56,Zepto,Debit Card Zepto,563.89,INR,Debit Card,Debit,Groceries,Delhi,Delhi,India
4668,TXN004669,2019-07-20,10:21:28,BPCL,UPI/BPCL,2341.86,INR,UPI,Debit,Fuel,Noida,Uttar Pradesh,India
4669,TXN004670,2019-07-20,10:47:52,HPCL,Debit Card HPCL,3653.03,INR,Debit Card,Debit,Fuel,Ahmedabad,Gujarat,India
4670,TXN004671,2019-07-20,17:18:49,Local Wine & Beer Shop,POS Purchase Local Wine & Beer Shop,725.29,INR,Credit Card,Debit,Food,Mumbai,Maharashtra,India
4671,TXN004672,2019-07-20,21:10:24,Uber,POS Purchase Uber,60.0,INR,Credit Card,Debit,Miscellaneous,Noida,Uttar Pradesh,India
4672,TXN004673,2019-07-21,14:48:53,Swiggy,Debit Card Swiggy,348.8,INR,Debit Card,Debit,Food,Hyderabad,Telangana,India
4673,TXN004674,2019-07-21,17:49:13,Zepto,UPI/DR/835948208/Zepto,645.81,INR,UPI,Debit,Groceries,Kochi,Kerala,India
4674,TXN004675,2019-07-21,22:32:02,DMart,POS Purchase DMart,1086.93,INR,Credit Card,Debit,Groceries,Kolkata,West Bengal,India
4675,TXN004676,2019-07-22,09:29:21,Blinkit,POS Purchase Blinkit,1542.36,INR,Credit Card,Debit,Groceries,Lucknow,Uttar Pradesh,India
4676,TXN004677,2019-07-22,09:39:46,Jio,UPI/Jio,1155.69,INR,UPI,Debit,Bills,Kolkata,West Bengal,India
4677,TXN004678,2019-07-22,12:41:35,Credit Card Bill Payment,Net Banking Payment Credit Card Bill Payment,3829.87,INR,Net Banking,Debit,Bills,Bengaluru,Karnataka,India
4678,TXN004679,2019-07-22,15:04:47,Amazon Prime,Auto Debit Amazon Prime Subscription,177.41,INR,Auto Debit,Debit,Subscription,Kolkata,West Bengal,India
4679,TXN004680,2019-07-22,16:15:02,Credit Card Bill Payment,UPI/Credit Card Bill Payment,10638.34,INR,UPI,Debit,Bills,Jaipur,Rajasthan,India
4680,TXN004681,2019-07-22,18:24:50,Burger King,POS Purchase Burger King,131.92,INR,Credit Card,Debit,Food,Noida,Uttar Pradesh,India
4681,TXN004682,2019-07-22,18:57:20,Employer Salary Credit,NEFT Salary Credit,42295.15,INR,NEFT,Credit,Salary,Surat,Gujarat,India
4682,TXN004683,2019-07-22,20:03:05,Tata Play,Auto Debit Tata Play Subscription,149.0,INR,Auto Debit,Debit,Subscription,Surat,Gujarat,India
4683,TXN004684,2019-07-23,15:35:55,DMart,UPI/DR/864369269/DMart,850.19,INR,UPI,Debit,Groceries,Lucknow,Uttar Pradesh,India
4684,TXN004685,2019-07-24,07:05:45,General Store,UPI/General Store,1722.34,INR,UPI,Debit,Other,Kochi,Kerala,India
4685,TXN004686,2019-07-24,17:38:16,Vegetable Market,UPI/Vegetable Market,103.21,INR,UPI,Debit,Other,Indore,Madhya Pradesh,India
4686,TXN004687,2019-07-24,18:55:59,BEST,UPI/BEST,7450.46,INR,UPI,Debit,Bills,Nagpur,Maharashtra,India
4687,TXN004688,2019-07-25,00:42:47,Naturals Salon,UPI/Naturals Salon,3582.41,INR,UPI,Debit,Miscellaneous,Nagpur,Maharashtra,India
4688,TXN004689,2019-07-25,04:51:50,BookMyShow,UPI Payment BookMyShow,276.84,INR,UPI,Debit,Entertainment,Indore,Madhya Pradesh,India
4689,TXN004690,2019-07-25,10:43:37,Cafe Coffee Day,UPI/Paytm/Cafe Coffee Day,116.0,INR,UPI,Debit,Food,Mumbai,Maharashtra,India
4690,TXN004691,2019-07-25,12:09:03,Flipkart,Debit Card Flipkart,492.29,INR,Debit Card,Debit,Shopping,Nagpur,Maharashtra,India
4691,TXN004692,2019-07-25,12:47:37,Nature's Basket,POS Purchase Nature's Basket,300.0,INR,Credit Card,Debit,Groceries,Bengaluru,Karnataka,India
4692,TXN004693,2019-07-26,02:36:08,Unknown Merchant,Cash Withdrawal ATM,1864.74,INR,Cash Withdrawal,Debit,Other,Surat,Gujarat,India
4693,TXN004694,2019-07-26,09:10:18,Nature's Basket,UPI/DR/369037833/Nature's Basket,730.24,INR,UPI,Debit,Groceries,Hyderabad,Telangana,India
4694,TXN004695,2019-07-26,11:36:35,Zepto,UPI/DR/178255153/Zepto,409.0,INR,UPI,Debit,Groceries,Lucknow,Uttar Pradesh,India
4695,TXN004696,2019-07-26,16:23:39,Street Vendor,UPI/Street Vendor,43.15,INR,UPI,Debit,Other,Pune,Maharashtra,India
4696,TXN004697,2019-07-27,08:39:22,Amazon India,UPI Payment Amazon India,288.0,INR,UPI,Debit,Shopping,Pune,Maharashtra,India
4697,TXN004698,2019-07-27,13:16:30,Amazon India,UPI Payment Amazon India,288.0,INR,UPI,Debit,Shopping,Kochi,Kerala,India
4698,TXN004699,2019-07-27,16:01:35,Indian Oil,UPI/Indian Oil,2876.18,INR,UPI,Debit,Fuel,Nagpur,Maharashtra,India
4699,TXN004700,2019-07-27,18:00:07,Ajio,UPI Payment Ajio,11499.28,INR,UPI,Debit,Shopping,Delhi,Delhi,India
4700,TXN004701,2019-07-27,20:55:31,Local Services,UPI/Local Services,1154.96,INR,UPI,Debit,Other,Surat,Gujarat,India
4701,TXN004702,2019-07-28,02:20:11,BSNL,Auto Debit BSNL,967.53,INR,Auto Debit,Debit,Bills,Chennai,Tamil Nadu,India
4702,TXN004703,2019-07-28,18:42:58,BEST,Net Banking Payment BEST,9833.53,INR,Net Banking,Debit,Bills,Jaipur,Rajasthan,India
4703,TXN004704,2019-07-28,18:59:30,DMart,UPI/DR/353018691/DMart,1182.65,INR,UPI,Debit,Groceries,Jaipur,Rajasthan,India
4704,TXN004705,2019-07-29,18:26:57,Bakery,Debit Card Bakery,124.14,INR,Debit Card,Debit,Other,Lucknow,Uttar Pradesh,India
4705,TXN004706,2019-07-29,20:58:54,Credit Card Bill Payment,UPI/Credit Card Bill Payment,1183.07,INR,UPI,Debit,Bills,Bengaluru,Karnataka,India
4706,TXN004707,2019-07-30,10:47:03,Third Wave Coffee,Debit Card Third Wave Coffee,223.32,INR,Debit Card,Debit,Food,Delhi,Delhi,India
4707,TXN004708,2019-07-31,10:23:48,Jio,Auto Debit Jio,1805.42,INR,Auto Debit,Debit,Bills,Pune,Maharashtra,India
4708,TXN004709,2019-07-31,10:25:04,McDonald's India,Debit Card McDonald's India,681.11,INR,Debit Card,Debit,Food,Kolkata,West Bengal,India
4709,TXN004710,2019-07-31,13:56:08,Indane Gas,Net Banking Payment Indane Gas,2053.87,INR,Net Banking,Debit,Bills,Nagpur,Maharashtra,India
4710,TXN004711,2019-07-31,14:50:27,Toit Brewpub,UPI/Paytm/Toit Brewpub,298.02,INR,UPI,Debit,Food,Indore,Madhya Pradesh,India
4711,TXN004712,2019-07-31,16:14:55,Adani Electricity,Auto Debit Adani Electricity,1900.8,INR,Auto Debit,Debit,Bills,Hyderabad,Telangana,India
4712,TXN004713,2019-08-01,19:37:32,BigBasket,UPI/DR/232244172/BigBasket,1322.48,INR,UPI,Debit,Groceries,Pune,Maharashtra,India
4713,TXN004714,2019-08-02,08:38:42,House Rent Payment,IMPS Rent Payment,7665.2,INR,IMPS,Debit,Rent,Kolkata,West Bengal,India
4714,TXN004715,2019-08-02,11:35:15,Municipal Water Department,Auto Debit Municipal Water Department,2174.94,INR,Auto Debit,Debit,Bills,Kolkata,West Bengal,India
4715,TXN004716,2019-08-02,13:03:37,Indane Gas,Net Banking Payment Indane Gas,187.0,INR,Net Banking,Debit,Bills,Chennai,Tamil Nadu,India
4716,TXN004717,2019-08-02,16:41:34,Indane Gas,Net Banking Payment Indane Gas,5899.79,INR,Net Banking,Debit,Bills,Kochi,Kerala,India
4717,TXN004718,2019-08-02,17:01:49,Meesho,POS Purchase Meesho,288.0,INR,Credit Card,Debit,Shopping,Ahmedabad,Gujarat,India
4718,TXN004719,2019-08-02,19:46:31,Kirana Shop,UPI/Kirana Shop,2444.8,INR,UPI,Debit,Other,Delhi,Delhi,India
4719,TXN004720,2019-08-03,13:38:38,McDonald's India,UPI/Paytm/McDonald's India,717.23,INR,UPI,Debit,Food,Delhi,Delhi,India
4720,TXN004721,2019-08-03,14:35:18,Credit Card Bill Payment,Auto Debit Credit Card Bill Payment,423.65,INR,Auto Debit,Debit,Bills,Kochi,Kerala,India
4721,TXN004722,2019-08-03,17:23:52,Blinkit,UPI/DR/296354549/Blinkit,731.59,INR,UPI,Debit,Groceries,Lucknow,Uttar Pradesh,India
4722,TXN004723,2019-08-03,20:08:37,Zomato,UPI/Paytm/Zomato,116.0,INR,UPI,Debit,Food,Surat,Gujarat,India
4723,TXN004724,2019-08-04,12:28:46,Third Wave Coffee,UPI/Paytm/Third Wave Coffee,150.09,INR,UPI,Debit,Food,Mumbai,Maharashtra,India
4724,TXN004725,2019-08-04,14:36:43,Jio,Net Banking Payment Jio,1066.93,INR,Net Banking,Debit,Bills,Noida,Uttar Pradesh,India
4725,TXN004726,2019-08-04,15:04:57,Employer Salary Credit,NEFT Salary Credit,55679.65,INR,NEFT,Credit,Salary,Surat,Gujarat,India
4726,TXN004727,2019-08-05,01:36:54,Starbucks India,POS Purchase Starbucks India,213.12,INR,Credit Card,Debit,Food,Chennai,Tamil Nadu,India
4727,TXN004728,2019-08-05,08:35:54,Flower Shop,UPI/Flower Shop,61.47,INR,UPI,Debit,Other,Kolkata,West Bengal,India
4728,TXN004729,2019-08-05,09:40:17,BookMyShow,Debit Card BookMyShow,206.27,INR,Debit Card,Debit,Entertainment,Noida,Uttar Pradesh,India
4729,TXN004730,2019-08-05,14:10:11,Jio Fiber,Auto Debit Jio Fiber,1193.52,INR,Auto Debit,Debit,Bills,Kochi,Kerala,India
4730,TXN004731,2019-08-05,14:51:36,Bajaj Allianz,Net Banking Payment Bajaj Allianz Insurance Premium,8838.68,INR,Net Banking,Debit,Insurance,Mumbai,Maharashtra,India
4731,TXN004732,2019-08-05,18:35:46,Jio Fiber,Auto Debit Jio Fiber,827.34,INR,Auto Debit,Debit,Bills,Jaipur,Rajasthan,India
4732,TXN004733,2019-08-06,08:59:28,Indian Oil,Debit Card Indian Oil,3750.96,INR,Debit Card,Debit,Fuel,Kochi,Kerala,India
4733,TXN004734,2019-08-06,12:00:47,Swiggy,UPI/Paytm/Swiggy,116.0,INR,UPI,Debit,Food,Lucknow,Uttar Pradesh,India
4734,TXN004735,2019-08-06,15:45:35,Local Wine & Beer Shop,POS Purchase Local Wine & Beer Shop,531.83,INR,Credit Card,Debit,Food,Mumbai,Maharashtra,India
4735,TXN004736,2019-08-06,19:43:37,KFC India,UPI/Paytm/KFC India,628.11,INR,UPI,Debit,Food,Hyderabad,Telangana,India
4736,TXN004737,2019-08-07,11:39:18,Credit Card Bill Payment,Auto Debit Credit Card Bill Payment,5278.61,INR,Auto Debit,Debit,Bills,Mumbai,Maharashtra,India
4737,TXN004738,2019-08-07,18:28:26,Kirana Shop,UPI/Kirana Shop,1226.06,INR,UPI,Debit,Other,Delhi,Delhi,India
4738,TXN004739,2019-08-07,18:58:02,Reliance Fresh,UPI/DR/379834642/Reliance Fresh,584.61,INR,UPI,Debit,Groceries,Noida,Uttar Pradesh,India
4739,TXN004740,2019-08-08,01:49:33,Credit Card Bill Payment,Net Banking Payment Credit Card Bill Payment,1079.61,INR,Net Banking,Debit,Bills,Ahmedabad,Gujarat,India
4740,TXN004741,2019-08-08,02:26:58,McDonald's India,Debit Card McDonald's India,768.66,INR,Debit Card,Debit,Food,Mumbai,Maharashtra,India
4741,TXN004742,2019-08-08,06:05:29,DMart,UPI/DR/960347752/DMart,749.02,INR,UPI,Debit,Groceries,Chennai,Tamil Nadu,India
4742,TXN004743,2019-08-08,19:47:02,Swiggy,Debit Card Swiggy,378.2,INR,Debit Card,Debit,Food,Ahmedabad,Gujarat,India
4743,TXN004744,2019-08-08,20:39:15,Disney+ Hotstar,Auto Debit Disney+ Hotstar Subscription,705.04,INR,Auto Debit,Debit,Subscription,Noida,Uttar Pradesh,India
4744,TXN004745,2019-08-09,09:26:05,Ace Hardware India,UPI/Ace Hardware India,1906.78,INR,UPI,Debit,Miscellaneous,Chennai,Tamil Nadu,India
4745,TXN004746,2019-08-09,09:54:07,Zomato,UPI/Paytm/Zomato,935.57,INR,UPI,Debit,Food,Indore,Madhya Pradesh,India
4746,TXN004747,2019-08-09,13:17:28,Third Wave Coffee,POS Purchase Third Wave Coffee,116.0,INR,Credit Card,Debit,Food,Kolkata,West Bengal,India
4747,TXN004748,2019-08-09,13:53:33,Blinkit,Debit Card Blinkit,874.45,INR,Debit Card,Debit,Groceries,Surat,Gujarat,India
4748,TXN004749,2019-08-09,14:01:05,Airtel,Auto Debit Airtel,2144.1,INR,Auto Debit,Debit,Bills,Surat,Gujarat,India
4749,TXN004750,2019-08-09,15:29:15,Airtel,Auto Debit Airtel,683.87,INR,Auto Debit,Debit,Bills,Kochi,Kerala,India
4750,TXN004751,2019-08-10,14:04:24,Municipal Water Department,Auto Debit Municipal Water Department,3410.59,INR,Auto Debit,Debit,Bills,Noida,Uttar Pradesh,India
4751,TXN004752,2019-08-10,16:17:53,Zepto,UPI/DR/847520637/Zepto,879.26,INR,UPI,Debit,Groceries,Chennai,Tamil Nadu,India
4752,TXN004753,2019-08-10,23:05:30,Burger King,Debit Card Burger King,700.41,INR,Debit Card,Debit,Food,Kochi,Kerala,India
4753,TXN004754,2019-08-11,11:36:38,Zomato,POS Purchase Zomato,470.88,INR,Credit Card,Debit,Food,Delhi,Delhi,India
4754,TXN004755,2019-08-11,11:53:49,Jio Fiber,Net Banking Payment Jio Fiber,2094.44,INR,Net Banking,Debit,Bills,Delhi,Delhi,India
4755,TXN004756,2019-08-11,18:00:54,Credit Card Bill Payment,Auto Debit Credit Card Bill Payment,3283.63,INR,Auto Debit,Debit,Bills,Ahmedabad,Gujarat,India
4756,TXN004757,2019-08-11,18:17:46,Blinkit,UPI/DR/749591392/Blinkit,300.0,INR,UPI,Debit,Groceries,Ahmedabad,Gujarat,India
4757,TXN004758,2019-08-11,19:58:51,Third Wave Coffee,UPI/Paytm/Third Wave Coffee,416.09,INR,UPI,Debit,Food,Jaipur,Rajasthan,India
4758,TXN004759,2019-08-12,10:34:43,KFC India,UPI/Paytm/KFC India,984.25,INR,UPI,Debit,Food,Pune,Maharashtra,India
4759,TXN004760,2019-08-12,12:28:34,Bajaj Allianz,Auto Debit Bajaj Allianz Insurance Premium,7990.0,INR,Auto Debit,Debit,Insurance,Pune,Maharashtra,India
4760,TXN004761,2019-08-12,12:48:10,Municipal Water Department,Auto Debit Municipal Water Department,1728.35,INR,Auto Debit,Debit,Bills,Noida,Uttar Pradesh,India
4761,TXN004762,2019-08-13,10:36:00,House Rent Payment,NEFT Rent Payment,40188.34,INR,NEFT,Debit,Rent,Noida,Uttar Pradesh,India
4762,TXN004763,2019-08-13,13:09:53,Zepto,UPI/DR/699517559/Zepto,714.11,INR,UPI,Debit,Groceries,Kochi,Kerala,India
4763,TXN004764,2019-08-13,13:53:24,Nykaa,Debit Card Nykaa,2173.54,INR,Debit Card,Debit,Shopping,Surat,Gujarat,India
4764,TXN004765,2019-08-13,16:43:13,Fruit Vendor,Cash Withdrawal ATM,64.29,INR,Cash Withdrawal,Debit,Other,Mumbai,Maharashtra,India
4765,TXN004766,2019-08-14,09:52:46,Airtel,Net Banking Payment Airtel,1679.89,INR,Net Banking,Debit,Bills,Jaipur,Rajasthan,India
4766,TXN004767,2019-08-14,12:26:54,Mobile Repair,Debit Card Mobile Repair,45.64,INR,Debit Card,Debit,Other,Chennai,Tamil Nadu,India
4767,TXN004768,2019-08-14,15:56:58,General Store,UPI/General Store,416.93,INR,UPI,Debit,Other,Indore,Madhya Pradesh,India
4768,TXN004769,2019-08-14,19:06:48,Jio,UPI/Jio,2662.23,INR,UPI,Debit,Bills,Hyderabad,Telangana,India
4769,TXN004770,2019-08-14,21:48:40,Indian Oil,Debit Card Indian Oil,4681.64,INR,Debit Card,Debit,Fuel,Ahmedabad,Gujarat,India
4770,TXN004771,2019-08-14,23:12:54,Bakery,Cash Withdrawal ATM,57.52,INR,Cash Withdrawal,Debit,Other,Indore,Madhya Pradesh,India
4771,TXN004772,2019-08-15,01:29:49,Employer Salary Credit,NEFT Salary Credit,51961.53,INR,NEFT,Credit,Salary,Pune,Maharashtra,India
4772,TXN004773,2019-08-16,08:01:21,Indian Oil,UPI/Indian Oil,3208.1,INR,UPI,Debit,Fuel,Surat,Gujarat,India
4773,TXN004774,2019-08-16,23:29:54,Dish TV,Auto Debit Dish TV Subscription,178.16,INR,Auto Debit,Debit,Subscription,Pune,Maharashtra,India
4774,TXN004775,2019-08-17,11:25:08,Reliance Fresh,UPI/DR/662948033/Reliance Fresh,300.0,INR,UPI,Debit,Groceries,Delhi,Delhi,India
4775,TXN004776,2019-08-17,13:27:07,HP Gas,Net Banking Payment HP Gas,2496.57,INR,Net Banking,Debit,Bills,Delhi,Delhi,India
4776,TXN004777,2019-08-17,13:41:28,Credit Card Bill Payment,Auto Debit Credit Card Bill Payment,2378.38,INR,Auto Debit,Debit,Bills,Kolkata,West Bengal,India
4777,TXN004778,2019-08-17,14:19:54,Nature's Basket,POS Purchase Nature's Basket,467.82,INR,Credit Card,Debit,Groceries,Pune,Maharashtra,India
4778,TXN004779,2019-08-17,16:12:01,Reliance Fresh,UPI/DR/104427929/Reliance Fresh,410.23,INR,UPI,Debit,Groceries,Hyderabad,Telangana,India
4779,TXN004780,2019-08-18,08:37:22,Unknown Merchant,UPI/Unknown Merchant,2387.89,INR,UPI,Debit,Other,Kochi,Kerala,India
4780,TXN004781,2019-08-18,11:10:04,HPCL,UPI/HPCL,2988.95,INR,UPI,Debit,Fuel,Noida,Uttar Pradesh,India
4781,TXN004782,2019-08-18,14:26:16,DMart,UPI/DR/105872776/DMart,1437.46,INR,UPI,Debit,Groceries,Surat,Gujarat,India
4782,TXN004783,2019-08-18,15:20:54,DMart,UPI/DR/658010933/DMart,307.58,INR,UPI,Debit,Groceries,Nagpur,Maharashtra,India
4783,TXN004784,2019-08-18,17:04:18,Apollo Pharmacy,UPI/Apollo Pharmacy,6102.61,INR,UPI,Debit,Miscellaneous,Chennai,Tamil Nadu,India
4784,TXN004785,2019-08-18,20:20:25,Zomato,UPI/Paytm/Zomato,262.03,INR,UPI,Debit,Food,Jaipur,Rajasthan,India
4785,TXN004786,2019-08-18,22:02:54,Myntra,UPI Payment Myntra,2462.54,INR,UPI,Debit,Shopping,Chennai,Tamil Nadu,India
4786,TXN004787,2019-08-19,04:28:05,BigBasket,UPI/DR/635213213/BigBasket,600.91,INR,UPI,Debit,Groceries,Kochi,Kerala,India
4787,TXN004788,2019-08-19,08:48:33,Jio Fiber,Auto Debit Jio Fiber,1421.33,INR,Auto Debit,Debit,Bills,Jaipur,Rajasthan,India
4788,TXN004789,2019-08-19,10:01:48,BSNL,Auto Debit BSNL,4776.79,INR,Auto Debit,Debit,Bills,Hyderabad,Telangana,India
4789,TXN004790,2019-08-19,12:03:27,EatClub,POS Purchase EatClub,930.99,INR,Credit Card,Debit,Food,Hyderabad,Telangana,India
4790,TXN004791,2019-08-19,20:12:16,Airtel,Net Banking Payment Airtel,819.6,INR,Net Banking,Debit,Bills,Bengaluru,Karnataka,India
4791,TXN004792,2019-08-19,21:34:08,BookMyShow,UPI Payment BookMyShow,183.32,INR,UPI,Debit,Entertainment,Lucknow,Uttar Pradesh,India
4792,TXN004793,2019-08-20,13:41:22,Flower Shop,UPI/Flower Shop,102.23,INR,UPI,Debit,Other,Chennai,Tamil Nadu,India
4793,TXN004794,2019-08-20,19:08:22,Bakery,Cash Withdrawal ATM,220.97,INR,Cash Withdrawal,Debit,Other,Hyderabad,Telangana,India
4794,TXN004795,2019-08-21,07:52:31,Municipal Water Department,Net Banking Payment Municipal Water Department,4143.82,INR,Net Banking,Debit,Bills,Indore,Madhya Pradesh,India
4795,TXN004796,2019-08-21,14:56:51,Local Wine & Beer Shop,Debit Card Local Wine & Beer Shop,123.75,INR,Debit Card,Debit,Food,Noida,Uttar Pradesh,India
4796,TXN004797,2019-08-21,16:13:16,Municipal Water Department,Auto Debit Municipal Water Department,187.0,INR,Auto Debit,Debit,Bills,Hyderabad,Telangana,India
4797,TXN004798,2019-08-21,17:25:23,Tata Power,Auto Debit Tata Power,1789.8,INR,Auto Debit,Debit,Bills,Noida,Uttar Pradesh,India
4798,TXN004799,2019-08-21,20:46:39,Municipal Water Department,Auto Debit Municipal Water Department,251.19,INR,Auto Debit,Debit,Bills,Delhi,Delhi,India
4799,TXN004800,2019-08-22,00:13:07,Meesho,Debit Card Meesho,1015.07,INR,Debit Card,Debit,Shopping,Surat,Gujarat,India
4800,TXN004801,2019-08-22,12:46:07,Municipal Water Department,Net Banking Payment Municipal Water Department,1409.62,INR,Net Banking,Debit,Bills,Hyderabad,Telangana,India
4801,TXN004802,2019-08-22,18:03:12,BigBasket,UPI/DR/905505027/BigBasket,300.0,INR,UPI,Debit,Groceries,Nagpur,Maharashtra,India
4802,TXN004803,2019-08-22,22:05:39,Employer Salary Credit,NEFT Salary Credit,46862.71,INR,NEFT,Credit,Salary,Kolkata,West Bengal,India
4803,TXN004804,2019-08-22,23:21:21,PharmEasy,Debit Card PharmEasy,60.0,INR,Debit Card,Debit,Miscellaneous,Ahmedabad,Gujarat,India
4804,TXN004805,2019-08-23,07:24:31,Credit Card Bill Payment,Net Banking Payment Credit Card Bill Payment,1171.71,INR,Net Banking,Debit,Bills,Ahmedabad,Gujarat,India
4805,TXN004806,2019-08-23,08:04:35,Employer Salary Credit,NEFT Salary Credit,41048.69,INR,NEFT,Credit,Salary,Mumbai,Maharashtra,India
4806,TXN004807,2019-08-23,10:36:53,Disney+ Hotstar,Auto Debit Disney+ Hotstar Subscription,592.51,INR,Auto Debit,Debit,Subscription,Chennai,Tamil Nadu,India
4807,TXN004808,2019-08-23,13:18:30,LIC,Auto Debit LIC Insurance Premium,8330.25,INR,Auto Debit,Debit,Insurance,Kolkata,West Bengal,India
4808,TXN004809,2019-08-23,14:08:48,HPCL,UPI/HPCL,2698.27,INR,UPI,Debit,Fuel,Pune,Maharashtra,India
4809,TXN004810,2019-08-23,15:12:17,DMart,POS Purchase DMart,1168.27,INR,Credit Card,Debit,Groceries,Lucknow,Uttar Pradesh,India
4810,TXN004811,2019-08-24,15:34:51,Meesho,POS Purchase Meesho,288.0,INR,Credit Card,Debit,Shopping,Nagpur,Maharashtra,India
4811,TXN004812,2019-08-24,18:55:09,Flower Shop,UPI/Flower Shop,287.16,INR,UPI,Debit,Other,Indore,Madhya Pradesh,India
4812,TXN004813,2019-08-25,08:20:56,Indian Oil,UPI/Indian Oil,3094.71,INR,UPI,Debit,Fuel,Ahmedabad,Gujarat,India
4813,TXN004814,2019-08-25,09:26:10,BookMyShow,UPI Payment BookMyShow,180.12,INR,UPI,Debit,Entertainment,Mumbai,Maharashtra,India
4814,TXN004815,2019-08-25,10:52:39,Municipal Water Department,Auto Debit Municipal Water Department,2825.33,INR,Auto Debit,Debit,Bills,Jaipur,Rajasthan,India
4815,TXN004816,2019-08-25,12:42:24,Toit Brewpub,POS Purchase Toit Brewpub,1110.03,INR,Credit Card,Debit,Food,Kochi,Kerala,India
4816,TXN004817,2019-08-25,18:32:31,Bakery,Debit Card Bakery,375.93,INR,Debit Card,Debit,Other,Mumbai,Maharashtra,India
4817,TXN004818,2019-08-26,03:54:26,Credit Card Bill Payment,Auto Debit Credit Card Bill Payment,1615.3,INR,Auto Debit,Debit,Bills,Lucknow,Uttar Pradesh,India
4818,TXN004819,2019-08-26,08:01:24,Swiggy,POS Purchase Swiggy,2781.67,INR,Credit Card,Debit,Food,Delhi,Delhi,India
4819,TXN004820,2019-08-26,10:03:29,McDonald's India,UPI/Paytm/McDonald's India,559.41,INR,UPI,Debit,Food,Pune,Maharashtra,India
4820,TXN004821,2019-08-26,10:40:03,Indian Oil,Debit Card Indian Oil,4154.02,INR,Debit Card,Debit,Fuel,Lucknow,Uttar Pradesh,India
4821,TXN004822,2019-08-26,14:45:20,Reliance Fresh,Debit Card Reliance Fresh,786.16,INR,Debit Card,Debit,Groceries,Noida,Uttar Pradesh,India
4822,TXN004823,2019-08-27,08:11:01,Swiggy,UPI/Paytm/Swiggy,116.0,INR,UPI,Debit,Food,Ahmedabad,Gujarat,India
4823,TXN004824,2019-08-27,08:24:12,HPCL,UPI/HPCL,4135.57,INR,UPI,Debit,Fuel,Noida,Uttar Pradesh,India
4824,TXN004825,2019-08-27,08:37:30,Blinkit,POS Purchase Blinkit,300.0,INR,Credit Card,Debit,Groceries,Kolkata,West Bengal,India
4825,TXN004826,2019-08-27,10:19:37,Jio Fiber,Auto Debit Jio Fiber,3973.05,INR,Auto Debit,Debit,Bills,Lucknow,Uttar Pradesh,India
4826,TXN004827,2019-08-27,11:31:06,Credit Card Bill Payment,Auto Debit Credit Card Bill Payment,1942.47,INR,Auto Debit,Debit,Bills,Ahmedabad,Gujarat,India
4827,TXN004828,2019-08-27,12:29:32,Nature's Basket,UPI/DR/782266083/Nature's Basket,1616.32,INR,UPI,Debit,Groceries,Ahmedabad,Gujarat,India
4828,TXN004829,2019-08-27,12:51:58,Spotify,Auto Debit Spotify Subscription,281.68,INR,Auto Debit,Debit,Subscription,Mumbai,Maharashtra,India
4829,TXN004830,2019-08-27,13:36:58,Credit Card Bill Payment,Auto Debit Credit Card Bill Payment,941.33,INR,Auto Debit,Debit,Bills,Nagpur,Maharashtra,India
4830,TXN004831,2019-08-27,20:38:19,Uber,Debit Card Uber,1329.1,INR,Debit Card,Debit,Miscellaneous,Lucknow,Uttar Pradesh,India
4831,TXN004832,2019-08-28,07:31:33,KFC India,UPI/Paytm/KFC India,116.0,INR,UPI,Debit,Food,Hyderabad,Telangana,India
4832,TXN004833,2019-08-28,11:39:26,Credit Card Bill Payment,Net Banking Payment Credit Card Bill Payment,1270.28,INR,Net Banking,Debit,Bills,Surat,Gujarat,India
4833,TXN004834,2019-08-28,13:11:04,Credit Card Bill Payment,UPI/Credit Card Bill Payment,187.0,INR,UPI,Debit,Bills,Jaipur,Rajasthan,India
4834,TXN004835,2019-08-28,15:13:37,Employer Salary Credit,NEFT Salary Credit,59365.71,INR,NEFT,Credit,Salary,Chennai,Tamil Nadu,India
4835,TXN004836,2019-08-28,18:45:25,Employer Salary Credit,NEFT Salary Credit,35534.17,INR,NEFT,Credit,Salary,Pune,Maharashtra,India
4836,TXN004837,2019-08-29,09:50:19,HDFC Ergo,Net Banking Payment HDFC Ergo Insurance Premium,8139.61,INR,Net Banking,Debit,Insurance,Pune,Maharashtra,India
4837,TXN004838,2019-08-29,11:28:39,Bharat Gas,Net Banking Payment Bharat Gas,3535.28,INR,Net Banking,Debit,Bills,Kochi,Kerala,India
4838,TXN004839,2019-08-29,14:15:23,IRCTC,UPI/IRCTC,99.15,INR,UPI,Debit,Miscellaneous,Chennai,Tamil Nadu,India
4839,TXN004840,2019-08-29,19:31:22,DMart,POS Purchase DMart,960.5,INR,Credit Card,Debit,Groceries,Delhi,Delhi,India
4840,TXN004841,2019-08-30,07:34:40,House Rent Payment,NEFT Rent Payment,44273.13,INR,NEFT,Debit,Rent,Lucknow,Uttar Pradesh,India
4841,TXN004842,2019-08-30,08:24:25,Credit Card Bill Payment,Auto Debit Credit Card Bill Payment,4226.3,INR,Auto Debit,Debit,Bills,Mumbai,Maharashtra,India
4842,TXN004843,2019-08-30,12:04:28,Credit Card Bill Payment,Auto Debit Credit Card Bill Payment,3993.82,INR,Auto Debit,Debit,Bills,Delhi,Delhi,India
4843,TXN004844,2019-08-30,22:04:15,Laundry,UPI/Laundry,1381.0,INR,UPI,Debit,Other,Delhi,Delhi,India
4844,TXN004845,2019-08-31,07:31:00,Reliance Fresh,UPI/DR/890503688/Reliance Fresh,660.09,INR,UPI,Debit,Groceries,Noida,Uttar Pradesh,India
4845,TXN004846,2019-08-31,09:01:03,Tata Power,UPI/Tata Power,794.88,INR,UPI,Debit,Bills,Chennai,Tamil Nadu,India
4846,TXN004847,2019-08-31,13:13:49,Credit Card Bill Payment,UPI/Credit Card Bill Payment,4819.09,INR,UPI,Debit,Bills,Pune,Maharashtra,India
4847,TXN004848,2019-08-31,15:37:21,Credit Card Bill Payment,Net Banking Payment Credit Card Bill Payment,2782.8,INR,Net Banking,Debit,Bills,Kochi,Kerala,India
4848,TXN004849,2019-08-31,19:14:36,Swiggy,UPI/Paytm/Swiggy,116.0,INR,UPI,Debit,Food,Kochi,Kerala,India
4849,TXN004850,2019-09-01,07:11:16,BSNL,Auto Debit BSNL,1447.24,INR,Auto Debit,Debit,Bills,Bengaluru,Karnataka,India
4850,TXN004851,2019-09-01,09:21:29,Zepto,Debit Card Zepto,914.42,INR,Debit Card,Debit,Groceries,Mumbai,Maharashtra,India
4851,TXN004852,2019-09-01,11:51:30,Apollo Pharmacy,Debit Card Apollo Pharmacy,695.28,INR,Debit Card,Debit,Miscellaneous,Kolkata,West Bengal,India
4852,TXN004853,2019-09-01,16:07:59,McDonald's India,Debit Card McDonald's India,116.0,INR,Debit Card,Debit,Food,Kochi,Kerala,India
4853,TXN004854,2019-09-01,19:27:36,Unknown Merchant,UPI/Unknown Merchant,806.54,INR,UPI,Debit,Other,Lucknow,Uttar Pradesh,India
4854,TXN004855,2019-09-01,19:55:49,DMart,Debit Card DMart,548.91,INR,Debit Card,Debit,Groceries,Delhi,Delhi,India
4855,TXN004856,2019-09-02,06:00:16,Unknown Merchant,Debit Card Unknown Merchant,2153.41,INR,Debit Card,Debit,Other,Noida,Uttar Pradesh,India
4856,TXN004857,2019-09-02,06:25:17,Credit Card Bill Payment,UPI/Credit Card Bill Payment,2191.16,INR,UPI,Debit,Bills,Surat,Gujarat,India
4857,TXN004858,2019-09-02,09:21:00,Misc Vendor,Debit Card Misc Vendor,500.94,INR,Debit Card,Debit,Other,Indore,Madhya Pradesh,India
4858,TXN004859,2019-09-02,12:53:08,Indian Oil,Debit Card Indian Oil,2386.93,INR,Debit Card,Debit,Fuel,Pune,Maharashtra,India
4859,TXN004860,2019-09-02,13:20:36,HDFC Ergo,Auto Debit HDFC Ergo Insurance Premium,8480.02,INR,Auto Debit,Debit,Insurance,Pune,Maharashtra,India
4860,TXN004861,2019-09-02,16:18:27,Employer Salary Credit,NEFT Salary Credit,43056.95,INR,NEFT,Credit,Salary,Delhi,Delhi,India
4861,TXN004862,2019-09-02,20:03:18,Credit Card Bill Payment,Auto Debit Credit Card Bill Payment,3455.68,INR,Auto Debit,Debit,Bills,Chennai,Tamil Nadu,India
4862,TXN004863,2019-09-03,06:21:38,Domino's India,UPI/Paytm/Domino's India,116.0,INR,UPI,Debit,Food,Jaipur,Rajasthan,India
4863,TXN004864,2019-09-03,08:28:55,Cafe Coffee Day,Debit Card Cafe Coffee Day,302.22,INR,Debit Card,Debit,Food,Indore,Madhya Pradesh,India
4864,TXN004865,2019-09-03,13:13:28,BigBasket,POS Purchase BigBasket,735.36,INR,Credit Card,Debit,Groceries,Jaipur,Rajasthan,India
4865,TXN004866,2019-09-03,17:16:06,BigBasket,UPI/DR/879095530/BigBasket,692.95,INR,UPI,Debit,Groceries,Surat,Gujarat,India
4866,TXN004867,2019-09-03,17:50:19,Spotify,Auto Debit Spotify Subscription,149.0,INR,Auto Debit,Debit,Subscription,Noida,Uttar Pradesh,India
4867,TXN004868,2019-09-04,17:50:44,Credit Card Bill Payment,Auto Debit Credit Card Bill Payment,3981.79,INR,Auto Debit,Debit,Bills,Indore,Madhya Pradesh,India
4868,TXN004869,2019-09-05,00:48:07,Burger King,UPI/Paytm/Burger King,116.0,INR,UPI,Debit,Food,Jaipur,Rajasthan,India
4869,TXN004870,2019-09-05,07:29:32,Reliance Fresh,Debit Card Reliance Fresh,676.56,INR,Debit Card,Debit,Groceries,Noida,Uttar Pradesh,India
4870,TXN004871,2019-09-05,14:42:41,Blinkit,Debit Card Blinkit,457.96,INR,Debit Card,Debit,Groceries,Surat,Gujarat,India
4871,TXN004872,2019-09-05,15:44:00,McDonald's India,POS Purchase McDonald's India,1251.11,INR,Credit Card,Debit,Food,Pune,Maharashtra,India
4872,TXN004873,2019-09-05,17:31:55,Street Vendor,UPI/Street Vendor,32.02,INR,UPI,Debit,Other,Kochi,Kerala,India
4873,TXN004874,2019-09-05,18:28:10,BigBasket,UPI/DR/182772849/BigBasket,330.15,INR,UPI,Debit,Groceries,Surat,Gujarat,India
4874,TXN004875,2019-09-05,19:06:24,Zepto,UPI/DR/732080338/Zepto,1058.89,INR,UPI,Debit,Groceries,Noida,Uttar Pradesh,India
4875,TXN004876,2019-09-05,20:06:11,Local Services,UPI/Local Services,1906.78,INR,UPI,Debit,Other,Surat,Gujarat,India
4876,TXN004877,2019-09-06,00:30:24,Dish TV,Auto Debit Dish TV Subscription,149.0,INR,Auto Debit,Debit,Subscription,Indore,Madhya Pradesh,India
4877,TXN004878,2019-09-06,11:27:38,Amazon Prime,Auto Debit Amazon Prime Subscription,765.11,INR,Auto Debit,Debit,Subscription,Bengaluru,Karnataka,India
4878,TXN004879,2019-09-06,12:50:17,Flipkart,POS Purchase Flipkart,1164.91,INR,Credit Card,Debit,Shopping,Jaipur,Rajasthan,India
4879,TXN004880,2019-09-06,12:52:43,Third Wave Coffee,UPI/Paytm/Third Wave Coffee,821.31,INR,UPI,Debit,Food,Mumbai,Maharashtra,India
4880,TXN004881,2019-09-06,21:44:58,Spotify,Net Banking Payment Spotify,768.56,INR,Net Banking,Debit,Subscription,Hyderabad,Telangana,India
4881,TXN004882,2019-09-06,23:23:20,Swiggy,UPI/Paytm/Swiggy,262.21,INR,UPI,Debit,Food,Surat,Gujarat,India
4882,TXN004883,2019-09-07,10:04:37,Jio,Net Banking Payment Jio,633.28,INR,Net Banking,Debit,Bills,Mumbai,Maharashtra,India
4883,TXN004884,2019-09-07,10:41:31,Indian Oil,Debit Card Indian Oil,4773.25,INR,Debit Card,Debit,Fuel,Kolkata,West Bengal,India
4884,TXN004885,2019-09-07,15:28:37,Zomato,Debit Card Zomato,116.0,INR,Debit Card,Debit,Food,Ahmedabad,Gujarat,India
4885,TXN004886,2019-09-07,21:32:25,Myntra,POS Purchase Myntra,4505.92,INR,Credit Card,Debit,Shopping,Delhi,Delhi,India
4886,TXN004887,2019-09-08,01:11:33,Nature's Basket,UPI/DR/944238354/Nature's Basket,379.37,INR,UPI,Debit,Groceries,Indore,Madhya Pradesh,India
4887,TXN004888,2019-09-08,01:32:14,Flower Shop,UPI/Flower Shop,172.36,INR,UPI,Debit,Other,Jaipur,Rajasthan,India
4888,TXN004889,2019-09-08,08:49:55,Vegetable Market,UPI/Vegetable Market,229.58,INR,UPI,Debit,Other,Ahmedabad,Gujarat,India
4889,TXN004890,2019-09-08,09:45:13,Mobile Repair,UPI/Mobile Repair,441.33,INR,UPI,Debit,Other,Surat,Gujarat,India
4890,TXN004891,2019-09-08,12:22:25,Domino's India,UPI/Paytm/Domino's India,121.35,INR,UPI,Debit,Food,Noida,Uttar Pradesh,India
4891,TXN004892,2019-09-08,15:39:53,Nature's Basket,Debit Card Nature's Basket,566.59,INR,Debit Card,Debit,Groceries,Nagpur,Maharashtra,India
4892,TXN004893,2019-09-08,20:46:26,Adani Electricity,Auto Debit Adani Electricity,3680.32,INR,Auto Debit,Debit,Bills,Chennai,Tamil Nadu,India
4893,TXN004894,2019-09-09,08:55:37,Bakery,UPI/Bakery,80.02,INR,UPI,Debit,Other,Bengaluru,Karnataka,India
4894,TXN004895,2019-09-09,10:29:40,Municipal Water Department,Net Banking Payment Municipal Water Department,4326.89,INR,Net Banking,Debit,Bills,Kochi,Kerala,India
4895,TXN004896,2019-09-09,14:14:53,Third Wave Coffee,UPI/Paytm/Third Wave Coffee,265.62,INR,UPI,Debit,Food,Nagpur,Maharashtra,India
4896,TXN004897,2019-09-09,15:33:36,Ace Hardware India,POS Purchase Ace Hardware India,3263.04,INR,Credit Card,Debit,Miscellaneous,Jaipur,Rajasthan,India
4897,TXN004898,2019-09-09,18:22:01,Myntra,UPI Payment Myntra,488.24,INR,UPI,Debit,Shopping,Ahmedabad,Gujarat,India
4898,TXN004899,2019-09-10,09:14:23,Bharat Gas,Auto Debit Bharat Gas,2113.78,INR,Auto Debit,Debit,Bills,Pune,Maharashtra,India
4899,TXN004900,2019-09-10,21:23:57,Tata Power,Net Banking Payment Tata Power,2537.25,INR,Net Banking,Debit,Bills,Kolkata,West Bengal,India
4900,TXN004901,2019-09-10,23:00:45,Credit Card Bill Payment,Auto Debit Credit Card Bill Payment,2405.65,INR,Auto Debit,Debit,Bills,Noida,Uttar Pradesh,India
4901,TXN004902,2019-09-10,23:42:26,BSNL,Auto Debit BSNL,4178.27,INR,Auto Debit,Debit,Bills,Lucknow,Uttar Pradesh,India
4902,TXN004903,2019-09-11,08:49:31,Bharat Gas,Auto Debit Bharat Gas,1703.89,INR,Auto Debit,Debit,Bills,Surat,Gujarat,India
4903,TXN004904,2019-09-11,17:10:51,Jio Fiber,Net Banking Payment Jio Fiber,2012.72,INR,Net Banking,Debit,Bills,Jaipur,Rajasthan,India
4904,TXN004905,2019-09-12,07:06:43,Credit Card Bill Payment,UPI/Credit Card Bill Payment,9262.51,INR,UPI,Debit,Bills,Lucknow,Uttar Pradesh,India
4905,TXN004906,2019-09-12,12:50:21,Tata Power,Auto Debit Tata Power,2022.25,INR,Auto Debit,Debit,Bills,Noida,Uttar Pradesh,India
4906,TXN004907,2019-09-12,18:22:19,Bajaj Allianz,Net Banking Payment Bajaj Allianz Insurance Premium,8358.89,INR,Net Banking,Debit,Insurance,Chennai,Tamil Nadu,India
4907,TXN004908,2019-09-12,21:51:43,Nature's Basket,POS Purchase Nature's Basket,427.94,INR,Credit Card,Debit,Groceries,Lucknow,Uttar Pradesh,India
4908,TXN004909,2019-09-13,10:08:06,Nature's Basket,UPI/DR/317270101/Nature's Basket,371.56,INR,UPI,Debit,Groceries,Bengaluru,Karnataka,India
4909,TXN004910,2019-09-13,10:48:47,Swiggy,Debit Card Swiggy,405.95,INR,Debit Card,Debit,Food,Pune,Maharashtra,India
4910,TXN004911,2019-09-13,17:05:46,Barbeque Nation,POS Purchase Barbeque Nation,238.86,INR,Credit Card,Debit,Food,Delhi,Delhi,India
4911,TXN004912,2019-09-14,10:06:16,Blinkit,UPI/DR/310369078/Blinkit,1271.12,INR,UPI,Debit,Groceries,Jaipur,Rajasthan,India
4912,TXN004913,2019-09-14,10:17:52,Mobile Repair,UPI/Mobile Repair,2485.92,INR,UPI,Debit,Other,Nagpur,Maharashtra,India
4913,TXN004914,2019-09-14,15:25:49,HPCL,Debit Card HPCL,3811.46,INR,Debit Card,Debit,Fuel,Bengaluru,Karnataka,India
4914,TXN004915,2019-09-15,03:04:31,House Rent Payment,NEFT Rent Payment,37950.45,INR,NEFT,Debit,Rent,Kolkata,West Bengal,India
4915,TXN004916,2019-09-15,12:24:43,House Rent Payment,IMPS Rent Payment,42005.78,INR,IMPS,Debit,Rent,Lucknow,Uttar Pradesh,India
4916,TXN004917,2019-09-15,13:46:26,Starbucks India,POS Purchase Starbucks India,823.13,INR,Credit Card,Debit,Food,Pune,Maharashtra,India
4917,TXN004918,2019-09-15,16:14:34,Swiggy,Debit Card Swiggy,747.98,INR,Debit Card,Debit,Food,Surat,Gujarat,India
4918,TXN004919,2019-09-15,17:35:59,HPCL,Cash Withdrawal ATM,2259.97,INR,Cash Withdrawal,Debit,Fuel,Mumbai,Maharashtra,India
4919,TXN004920,2019-09-15,18:05:20,Adani Electricity,Auto Debit Adani Electricity,11840.36,INR,Auto Debit,Debit,Bills,Nagpur,Maharashtra,India
4920,TXN004921,2019-09-15,20:58:28,Bharat Gas,UPI/Bharat Gas,2098.14,INR,UPI,Debit,Bills,Nagpur,Maharashtra,India
4921,TXN004922,2019-09-16,06:32:29,Airtel,UPI/Airtel,1196.77,INR,UPI,Debit,Bills,Chennai,Tamil Nadu,India
4922,TXN004923,2019-09-16,10:19:00,Amazon India,Debit Card Amazon India,288.0,INR,Debit Card,Debit,Shopping,Delhi,Delhi,India
4923,TXN004924,2019-09-16,10:27:13,Flipkart,Debit Card Flipkart,705.36,INR,Debit Card,Debit,Shopping,Ahmedabad,Gujarat,India
4924,TXN004925,2019-09-16,10:44:08,BookMyShow,UPI Payment BookMyShow,216.75,INR,UPI,Debit,Entertainment,Surat,Gujarat,India
4925,TXN004926,2019-09-16,10:55:38,Indian Oil,Debit Card Indian Oil,3458.62,INR,Debit Card,Debit,Fuel,Noida,Uttar Pradesh,India
4926,TXN004927,2019-09-16,12:30:13,Credit Card Bill Payment,Auto Debit Credit Card Bill Payment,1268.88,INR,Auto Debit,Debit,Bills,Kochi,Kerala,India
4927,TXN004928,2019-09-16,14:54:31,Zepto,UPI/DR/277601056/Zepto,1087.22,INR,UPI,Debit,Groceries,Kochi,Kerala,India
4928,TXN004929,2019-09-16,20:48:26,House Rent Payment,IMPS Rent Payment,7867.17,INR,IMPS,Debit,Rent,Delhi,Delhi,India
4929,TXN004930,2019-09-16,21:43:06,Local Store,Cash Withdrawal ATM,388.33,INR,Cash Withdrawal,Debit,Other,Ahmedabad,Gujarat,India
4930,TXN004931,2019-09-16,22:28:16,Credit Card Bill Payment,Net Banking Payment Credit Card Bill Payment,187.0,INR,Net Banking,Debit,Bills,Delhi,Delhi,India
4931,TXN004932,2019-09-16,23:03:22,Chaayos,UPI/Paytm/Chaayos,646.93,INR,UPI,Debit,Food,Hyderabad,Telangana,India
4932,TXN004933,2019-09-17,09:36:57,Reliance Fresh,POS Purchase Reliance Fresh,758.42,INR,Credit Card,Debit,Groceries,Noida,Uttar Pradesh,India
4933,TXN004934,2019-09-17,09:47:22,Faasos,Debit Card Faasos,514.99,INR,Debit Card,Debit,Food,Bengaluru,Karnataka,India
4934,TXN004935,2019-09-17,22:46:17,Zomato,Debit Card Zomato,918.86,INR,Debit Card,Debit,Food,Noida,Uttar Pradesh,India
4935,TXN004936,2019-09-18,00:18:10,Burger King,Debit Card Burger King,369.42,INR,Debit Card,Debit,Food,Delhi,Delhi,India
4936,TXN004937,2019-09-18,08:02:22,DMart,UPI/DR/585969649/DMart,300.0,INR,UPI,Debit,Groceries,Kochi,Kerala,India
4937,TXN004938,2019-09-18,10:10:20,Swiggy,POS Purchase Swiggy,1038.88,INR,Credit Card,Debit,Food,Mumbai,Maharashtra,India
4938,TXN004939,2019-09-18,11:32:21,LIC,Auto Debit LIC Insurance Premium,8492.32,INR,Auto Debit,Debit,Insurance,Hyderabad,Telangana,India
4939,TXN004940,2019-09-18,12:39:47,BPCL,UPI/BPCL,2798.2,INR,UPI,Debit,Fuel,Noida,Uttar Pradesh,India
4940,TXN004941,2019-09-18,13:13:30,McDonald's India,UPI/Paytm/McDonald's India,119.09,INR,UPI,Debit,Food,Surat,Gujarat,India
4941,TXN004942,2019-09-18,17:05:19,BigBasket,UPI/DR/903477338/BigBasket,300.0,INR,UPI,Debit,Groceries,Surat,Gujarat,India
4942,TXN004943,2019-09-18,19:00:46,Kirana Shop,Cash Withdrawal ATM,1758.04,INR,Cash Withdrawal,Debit,Other,Indore,Madhya Pradesh,India
4943,TXN004944,2019-09-19,09:14:59,BookMyShow,UPI Payment BookMyShow,608.28,INR,UPI,Debit,Entertainment,Indore,Madhya Pradesh,India
4944,TXN004945,2019-09-19,09:42:09,BEST,Auto Debit BEST,6283.15,INR,Auto Debit,Debit,Bills,Kolkata,West Bengal,India
4945,TXN004946,2019-09-19,10:09:14,Credit Card Bill Payment,Auto Debit Credit Card Bill Payment,11001.92,INR,Auto Debit,Debit,Bills,Chennai,Tamil Nadu,India
4946,TXN004947,2019-09-19,13:00:33,Mobile Repair,UPI/Mobile Repair,930.82,INR,UPI,Debit,Other,Delhi,Delhi,India
4947,TXN004948,2019-09-19,13:19:50,Credit Card Bill Payment,Net Banking Payment Credit Card Bill Payment,1198.03,INR,Net Banking,Debit,Bills,Kolkata,West Bengal,India
4948,TXN004949,2019-09-19,13:36:23,Zepto,Debit Card Zepto,1243.4,INR,Debit Card,Debit,Groceries,Delhi,Delhi,India
4949,TXN004950,2019-09-19,19:25:49,BigBasket,Debit Card BigBasket,812.21,INR,Debit Card,Debit,Groceries,Jaipur,Rajasthan,India
4950,TXN004951,2019-09-20,09:30:02,Blinkit,UPI/DR/395723682/Blinkit,1262.95,INR,UPI,Debit,Groceries,Pune,Maharashtra,India
4951,TXN004952,2019-09-20,14:27:13,Jio Fiber,Auto Debit Jio Fiber,1371.46,INR,Auto Debit,Debit,Bills,Kolkata,West Bengal,India
4952,TXN004953,2019-09-21,12:28:05,PharmEasy,UPI/PharmEasy,97.92,INR,UPI,Debit,Miscellaneous,Mumbai,Maharashtra,India
4953,TXN004954,2019-09-21,12:42:27,Domino's India,POS Purchase Domino's India,749.27,INR,Credit Card,Debit,Food,Ahmedabad,Gujarat,India
4954,TXN004955,2019-09-21,15:58:05,Swiggy,POS Purchase Swiggy,178.32,INR,Credit Card,Debit,Food,Indore,Madhya Pradesh,India
4955,TXN004956,2019-09-21,18:10:50,Bharat Gas,Auto Debit Bharat Gas,4641.25,INR,Auto Debit,Debit,Bills,Hyderabad,Telangana,India
4956,TXN004957,2019-09-21,18:39:20,Jio Fiber,Auto Debit Jio Fiber,1157.52,INR,Auto Debit,Debit,Bills,Kochi,Kerala,India
4957,TXN004958,2019-09-21,19:25:17,Myntra,Debit Card Myntra,288.0,INR,Debit Card,Debit,Shopping,Kolkata,West Bengal,India
4958,TXN004959,2019-09-22,08:34:40,DMart,POS Purchase DMart,670.33,INR,Credit Card,Debit,Groceries,Delhi,Delhi,India
4959,TXN004960,2019-09-22,09:27:12,DMart,Debit Card DMart,636.77,INR,Debit Card,Debit,Groceries,Kochi,Kerala,India
4960,TXN004961,2019-09-22,10:30:18,Jio Fiber,Auto Debit Jio Fiber,2362.36,INR,Auto Debit,Debit,Bills,Noida,Uttar Pradesh,India
4961,TXN004962,2019-09-22,10:41:27,Nature's Basket,Debit Card Nature's Basket,1415.95,INR,Debit Card,Debit,Groceries,Noida,Uttar Pradesh,India
4962,TXN004963,2019-09-22,12:01:05,Jio,Auto Debit Jio,1744.3,INR,Auto Debit,Debit,Bills,Hyderabad,Telangana,India
4963,TXN004964,2019-09-22,13:13:33,BigBasket,UPI/DR/949824193/BigBasket,520.08,INR,UPI,Debit,Groceries,Kolkata,West Bengal,India
4964,TXN004965,2019-09-23,03:49:19,Adani Electricity,Auto Debit Adani Electricity,2091.87,INR,Auto Debit,Debit,Bills,Kochi,Kerala,India
4965,TXN004966,2019-09-23,08:49:19,Zomato,Debit Card Zomato,308.61,INR,Debit Card,Debit,Food,Mumbai,Maharashtra,India
4966,TXN004967,2019-09-23,10:48:51,Tailor,Debit Card Tailor,1993.51,INR,Debit Card,Debit,Other,Indore,Madhya Pradesh,India
4967,TXN004968,2019-09-23,12:11:12,Credit Card Bill Payment,Auto Debit Credit Card Bill Payment,3827.17,INR,Auto Debit,Debit,Bills,Surat,Gujarat,India
4968,TXN004969,2019-09-23,14:38:36,Rapido,UPI/Rapido,3288.47,INR,UPI,Debit,Miscellaneous,Delhi,Delhi,India
4969,TXN004970,2019-09-24,00:09:22,Cafe Coffee Day,POS Purchase Cafe Coffee Day,806.18,INR,Credit Card,Debit,Food,Nagpur,Maharashtra,India
4970,TXN004971,2019-09-24,12:04:42,BPCL,UPI/BPCL,3083.55,INR,UPI,Debit,Fuel,Noida,Uttar Pradesh,India
4971,TXN004972,2019-09-24,12:20:50,Myntra,UPI Payment Myntra,288.0,INR,UPI,Debit,Shopping,Chennai,Tamil Nadu,India
4972,TXN004973,2019-09-24,16:06:48,Adani Electricity,Auto Debit Adani Electricity,1917.24,INR,Auto Debit,Debit,Bills,Surat,Gujarat,India
4973,TXN004974,2019-09-24,17:59:35,Zepto,POS Purchase Zepto,804.04,INR,Credit Card,Debit,Groceries,Hyderabad,Telangana,India
4974,TXN004975,2019-09-24,22:09:01,Faasos,UPI/Paytm/Faasos,116.0,INR,UPI,Debit,Food,Nagpur,Maharashtra,India
4975,TXN004976,2019-09-24,23:41:27,Zepto,UPI/DR/485995156/Zepto,562.29,INR,UPI,Debit,Groceries,Nagpur,Maharashtra,India
4976,TXN004977,2019-09-25,07:47:28,Amazon India,POS Purchase Amazon India,288.0,INR,Credit Card,Debit,Shopping,Kolkata,West Bengal,India
4977,TXN004978,2019-09-25,10:54:46,Zomato,UPI/Paytm/Zomato,184.06,INR,UPI,Debit,Food,Indore,Madhya Pradesh,India
4978,TXN004979,2019-09-25,11:08:40,Credit Card Bill Payment,Auto Debit Credit Card Bill Payment,8771.99,INR,Auto Debit,Debit,Bills,Nagpur,Maharashtra,India
4979,TXN004980,2019-09-25,13:56:06,HP Gas,Net Banking Payment HP Gas,3453.36,INR,Net Banking,Debit,Bills,Delhi,Delhi,India
4980,TXN004981,2019-09-25,14:02:49,Fruit Vendor,UPI/Fruit Vendor,257.07,INR,UPI,Debit,Other,Kolkata,West Bengal,India
4981,TXN004982,2019-09-25,16:22:22,Airtel,Net Banking Payment Airtel,2931.56,INR,Net Banking,Debit,Bills,Mumbai,Maharashtra,India
4982,TXN004983,2019-09-25,17:15:42,Cafe Coffee Day,UPI/Paytm/Cafe Coffee Day,228.27,INR,UPI,Debit,Food,Hyderabad,Telangana,India
4983,TXN004984,2019-09-26,08:44:46,Toit Brewpub,Debit Card Toit Brewpub,1366.25,INR,Debit Card,Debit,Food,Indore,Madhya Pradesh,India
4984,TXN004985,2019-09-26,10:27:54,Airtel,Auto Debit Airtel,894.77,INR,Auto Debit,Debit,Bills,Noida,Uttar Pradesh,India
4985,TXN004986,2019-09-26,18:07:47,Tata 1mg,Cash Withdrawal ATM,227.7,INR,Cash Withdrawal,Debit,Miscellaneous,Kochi,Kerala,India
4986,TXN004987,2019-09-27,14:29:17,Employer Salary Credit,NEFT Salary Credit,44524.99,INR,NEFT,Credit,Salary,Bengaluru,Karnataka,India
4987,TXN004988,2019-09-28,16:09:11,Apollo Pharmacy,UPI/Apollo Pharmacy,870.5,INR,UPI,Debit,Miscellaneous,Delhi,Delhi,India
4988,TXN004989,2019-09-28,16:24:28,Vegetable Market,UPI/Vegetable Market,216.8,INR,UPI,Debit,Other,Chennai,Tamil Nadu,India
4989,TXN004990,2019-09-29,01:53:12,Credit Card Bill Payment,UPI/Credit Card Bill Payment,1417.91,INR,UPI,Debit,Bills,Lucknow,Uttar Pradesh,India
4990,TXN004991,2019-09-29,12:56:21,Zepto,UPI/DR/355098831/Zepto,754.06,INR,UPI,Debit,Groceries,Mumbai,Maharashtra,India
4991,TXN004992,2019-09-29,16:00:26,Employer Salary Credit,NEFT Salary Credit,42608.88,INR,NEFT,Credit,Salary,Bengaluru,Karnataka,India
4992,TXN004993,2019-09-29,19:19:13,Zomato,UPI/Paytm/Zomato,374.04,INR,UPI,Debit,Food,Noida,Uttar Pradesh,India
4993,TXN004994,2019-09-29,19:48:36,Credit Card Bill Payment,Net Banking Payment Credit Card Bill Payment,4758.52,INR,Net Banking,Debit,Bills,Ahmedabad,Gujarat,India
4994,TXN004995,2019-09-30,07:38:54,Local Services,UPI/Local Services,1792.17,INR,UPI,Debit,Other,Kochi,Kerala,India
4995,TXN004996,2019-09-30,09:50:32,Credit Card Bill Payment,Auto Debit Credit Card Bill Payment,4572.7,INR,Auto Debit,Debit,Bills,Nagpur,Maharashtra,India
4996,TXN004997,2019-09-30,12:33:52,Zepto,UPI/DR/502608133/Zepto,724.16,INR,UPI,Debit,Groceries,Delhi,Delhi,India
4997,TXN004998,2019-09-30,14:11:33,DMart,POS Purchase DMart,520.69,INR,Credit Card,Debit,Groceries,Ahmedabad,Gujarat,India
4998,TXN004999,2019-09-30,16:36:27,Third Wave Coffee,POS Purchase Third Wave Coffee,116.0,INR,Credit Card,Debit,Food,Kochi,Kerala,India
4999,TXN005000,2019-09-30,17:18:28,Jio,Auto Debit Jio,2558.76,INR,Auto Debit,Debit,Bills,Kolkata,West Bengal,India
5000,TXN005025,2018-01-01,03:59:23,Reliance Fresh,UPI/DR/120912992/Reliance Fresh,2869.54,INR,UPI,Debit,Groceries,Delhi,Delhi,India
5001,TXN006845,2018-01-01,11:56:18,Naturals Salon,UPI/Naturals Salon,4808.72,INR,UPI,Debit,Miscellaneous,Surat,Gujarat,India
5002,TXN007000,2018-01-01,16:06:32,House Rent Payment,Net Banking House Rent Payment,20861.36,INR,Net Banking,Debit,Rent,Lucknow,Uttar Pradesh,India
5003,TXN005992,2018-01-01,21:09:28,Income Tax Payment,NEFT Income Tax Payment,39289.29,INR,NEFT,Debit,Bills,Delhi,Delhi,India
5004,TXN005815,2018-01-02,07:42:16,House Rent Payment,UPI House Rent Payment,27481.17,INR,UPI,Debit,Rent,Hyderabad,Telangana,India
5005,TXN005070,2018-01-02,11:27:04,Bajaj Allianz,Insurance Premium Bajaj Allianz,14085.55,INR,Auto Debit,Debit,Insurance,Pune,Maharashtra,India
5006,TXN006651,2018-01-02,20:38:23,Myntra,POS Purchase Myntra,4337.21,INR,Debit Card,Debit,Shopping,Pune,Maharashtra,India
5007,TXN006369,2018-01-03,08:57:00,KFC,POS Purchase KFC,1821.89,INR,Debit Card,Debit,Food,Nagpur,Maharashtra,India
5008,TXN006546,2018-01-03,18:34:12,House Rent Payment,Net Banking House Rent Payment,10110.06,INR,Net Banking,Debit,Rent,Noida,Uttar Pradesh,India
5009,TXN006157,2018-01-05,06:58:32,Income Tax Payment,UPI/Income Tax Payment,13211.55,INR,UPI,Debit,Bills,Bengaluru,Karnataka,India
5010,TXN006662,2018-01-05,12:24:01,ICICI Prudential MF,SIP Investment ICICI Prudential MF,41358.08,INR,Auto Debit,Debit,Investment,Kolkata,West Bengal,India
5011,TXN006504,2018-01-05,16:46:46,Myntra,POS Purchase Myntra,5037.16,INR,Credit Card,Debit,Shopping,Indore,Madhya Pradesh,India
5012,TXN005967,2018-01-05,21:54:38,BookMyShow,UPI/BookMyShow,628.96,INR,UPI,Debit,Entertainment,Noida,Uttar Pradesh,India
5013,TXN006242,2018-01-06,12:19:25,Tailor,UPI/Paytm/Tailor,2088.68,INR,UPI,Debit,Other,Mumbai,Maharashtra,India
5014,TXN005695,2018-01-06,22:59:09,Jio Fiber,Auto Debit Jio Fiber,7236.33,INR,Auto Debit,Debit,Bills,Nagpur,Maharashtra,India
5015,TXN005428,2018-01-07,13:53:39,Faasos,POS Purchase Faasos,188.96,INR,Credit Card,Debit,Food,Chennai,Tamil Nadu,India
5016,TXN005953,2018-01-07,14:46:36,Barbeque Nation,UPI/DR/466534208/Barbeque Nation,539.78,INR,UPI,Debit,Food,Indore,Madhya Pradesh,India
5017,TXN005762,2018-01-08,03:33:00,Credit Card Bill Payment,Net Banking Credit Card Bill Payment,9711.58,INR,Net Banking,Debit,Bills,Lucknow,Uttar Pradesh,India
5018,TXN006004,2018-01-08,07:45:32,Reliance Fresh,UPI/Paytm/Reliance Fresh,1079.14,INR,UPI,Debit,Groceries,Noida,Uttar Pradesh,India
5019,TXN006603,2018-01-08,17:47:22,Street Vendor,UPI/Paytm/Street Vendor,1348.43,INR,UPI,Debit,Other,Bengaluru,Karnataka,India
5020,TXN005219,2018-01-08,20:08:48,Zomato,UPI/Zomato,2451.99,INR,UPI,Debit,Food,Noida,Uttar Pradesh,India
5021,TXN006752,2018-01-08,20:14:32,Third Wave Coffee,POS Purchase Third Wave Coffee,2587.05,INR,Credit Card,Debit,Food,Pune,Maharashtra,India
5022,TXN006624,2018-01-09,13:15:39,BPCL,UPI/DR/188707067/BPCL,2574.75,INR,UPI,Debit,Fuel,Indore,Madhya Pradesh,India
5023,TXN005827,2018-01-09,15:48:30,Reliance Fresh,POS Purchase Reliance Fresh,3149.39,INR,Debit Card,Debit,Groceries,Noida,Uttar Pradesh,India
5024,TXN006561,2018-01-10,03:43:50,Street Vendor,UPI/Paytm/Street Vendor,783.33,INR,UPI,Debit,Other,Kolkata,West Bengal,India
5025,TXN005828,2018-01-10,07:50:00,Local Store,UPI/DR/741027901/Local Store,453.6,INR,UPI,Debit,Other,Hyderabad,Telangana,India
5026,TXN005702,2018-01-10,07:57:41,Reliance Fresh,UPI/DR/578531560/Reliance Fresh,2597.58,INR,UPI,Debit,Groceries,Jaipur,Rajasthan,India
5027,TXN005787,2018-01-10,08:15:18,Reliance Fresh,POS Purchase Reliance Fresh,617.78,INR,Debit Card,Debit,Groceries,Noida,Uttar Pradesh,India
5028,TXN006549,2018-01-10,10:52:18,Third Wave Coffee,UPI/DR/439223200/Third Wave Coffee,1560.56,INR,UPI,Debit,Food,Delhi,Delhi,India
5029,TXN005458,2018-01-10,12:35:32,BigBasket,UPI/BigBasket,1106.89,INR,UPI,Debit,Groceries,Pune,Maharashtra,India
5030,TXN005639,2018-01-10,21:33:17,BPCL,POS Purchase BPCL,4393.55,INR,Debit Card,Debit,Fuel,Hyderabad,Telangana,India
5031,TXN006442,2018-01-10,21:53:22,Municipal Water Department,Net Banking Municipal Water Department,8197.48,INR,Net Banking,Debit,Bills,Delhi,Delhi,India
5032,TXN006601,2018-01-11,13:43:32,Amazon India,POS Purchase Amazon India,10485.16,INR,Net Banking,Debit,Shopping,Jaipur,Rajasthan,India
5033,TXN006411,2018-01-11,16:07:09,Starbucks India,UPI/Starbucks India,2573.36,INR,UPI,Debit,Food,Mumbai,Maharashtra,India
5034,TXN005735,2018-01-11,21:10:48,Amazon Prime,UPI/Paytm/Amazon Prime,512.88,INR,UPI,Debit,Subscription,Pune,Maharashtra,India
5035,TXN006871,2018-01-12,01:41:41,BEST,Net Banking BEST,6126.27,INR,Net Banking,Debit,Bills,Mumbai,Maharashtra,India
5036,TXN005660,2018-01-12,10:32:54,Zomato,POS Purchase Zomato,1182.37,INR,Debit Card,Debit,Food,Kochi,Kerala,India
5037,TXN005423,2018-01-13,09:46:57,Third Wave Coffee,UPI/DR/936626463/Third Wave Coffee,1267.79,INR,UPI,Debit,Food,Chennai,Tamil Nadu,India
5038,TXN005860,2018-01-14,20:31:59,LIC,Insurance Premium LIC,40473.78,INR,Auto Debit,Debit,Insurance,Kolkata,West Bengal,India
5039,TXN006663,2018-01-14,20:59:02,Home Depot India,POS Purchase Home Depot India,2146.94,INR,Debit Card,Debit,Miscellaneous,Ahmedabad,Gujarat,India
5040,TXN006156,2018-01-15,06:18:10,Reliance Fresh,UPI/Paytm/Reliance Fresh,968.04,INR,UPI,Debit,Groceries,Chennai,Tamil Nadu,India
5041,TXN005178,2018-01-15,15:23:43,Third Wave Coffee,UPI/Third Wave Coffee,1964.81,INR,UPI,Debit,Food,Delhi,Delhi,India
5042,TXN006480,2018-01-16,14:13:29,Cafe Coffee Day,UPI/DR/112864905/Cafe Coffee Day,278.63,INR,UPI,Debit,Food,Ahmedabad,Gujarat,India
5043,TXN006937,2018-01-17,11:34:45,BigBasket,POS Purchase BigBasket,353.12,INR,Debit Card,Debit,Groceries,Hyderabad,Telangana,India
5044,TXN006051,2018-01-17,13:50:46,Local Wine & Beer Shop,UPI/Local Wine & Beer Shop,1536.37,INR,UPI,Debit,Food,Noida,Uttar Pradesh,India
5045,TXN005411,2018-01-17,18:09:48,BigBasket,POS Purchase BigBasket,3271.64,INR,Credit Card,Debit,Groceries,Noida,Uttar Pradesh,India
5046,TXN005901,2018-01-19,11:22:40,HP Gas,Auto Debit HP Gas,5988.71,INR,Auto Debit,Debit,Bills,Mumbai,Maharashtra,India
5047,TXN006905,2018-01-19,12:49:24,IRCTC,UPI/IRCTC,1927.81,INR,UPI,Debit,Miscellaneous,Kochi,Kerala,India
5048,TXN005895,2018-01-19,18:57:42,HDFC Ergo,Net Banking Insurance Premium HDFC Ergo,40338.28,INR,Net Banking,Debit,Insurance,Bengaluru,Karnataka,India
5049,TXN005853,2018-01-20,11:49:39,Local Hardware Store,POS Purchase Local Hardware Store,6208.42,INR,Debit Card,Debit,Miscellaneous,Surat,Gujarat,India
5050,TXN005635,2018-01-20,23:08:13,Income Tax Payment,Auto Debit Income Tax Payment,5973.58,INR,Auto Debit,Debit,Bills,Indore,Madhya Pradesh,India
5051,TXN005637,2018-01-21,03:26:28,Credit Card Bill Payment,Auto Debit Credit Card Bill Payment,14781.61,INR,Auto Debit,Debit,Bills,Pune,Maharashtra,India
5052,TXN005595,2018-01-21,09:17:53,Indian Oil,POS Purchase Indian Oil,1337.62,INR,Debit Card,Debit,Fuel,Surat,Gujarat,India
5053,TXN005554,2018-01-21,10:58:39,Blinkit,UPI/Blinkit,680.92,INR,UPI,Debit,Groceries,Bengaluru,Karnataka,India
5054,TXN006374,2018-01-21,21:58:45,DMart,POS Purchase DMart,4893.35,INR,Debit Card,Debit,Groceries,Chennai,Tamil Nadu,India
5055,TXN005848,2018-01-22,04:16:57,Amazon India,UPI/DR/877817678/Amazon India,8142.1,INR,UPI,Debit,Shopping,Noida,Uttar Pradesh,India
5056,TXN006827,2018-01-22,05:43:48,BigBasket,UPI/DR/182653501/BigBasket,4550.49,INR,UPI,Debit,Groceries,Indore,Madhya Pradesh,India
5057,TXN006834,2018-01-22,07:42:09,BPCL,POS Purchase BPCL,1576.68,INR,Debit Card,Debit,Fuel,Kolkata,West Bengal,India
5058,TXN005135,2018-01-22,21:52:17,Rapido,POS Purchase Rapido,2850.59,INR,Credit Card,Debit,Miscellaneous,Bengaluru,Karnataka,India
5059,TXN006414,2018-01-23,00:53:43,Blinkit,UPI/DR/208652175/Blinkit,2224.24,INR,UPI,Debit,Groceries,Mumbai,Maharashtra,India
5060,TXN005969,2018-01-24,06:20:12,PharmEasy,UPI/DR/785960873/PharmEasy,639.69,INR,UPI,Debit,Miscellaneous,Lucknow,Uttar Pradesh,India
5061,TXN006322,2018-01-24,18:16:15,Laundry,UPI/Paytm/Laundry,1312.81,INR,UPI,Debit,Other,Chennai,Tamil Nadu,India
5062,TXN006351,2018-01-25,08:05:07,Indian Oil,POS Purchase Indian Oil,592.36,INR,Credit Card,Debit,Fuel,Lucknow,Uttar Pradesh,India
5063,TXN006491,2018-01-25,10:15:13,Indian Oil,POS Purchase Indian Oil,2286.82,INR,Debit Card,Debit,Fuel,Noida,Uttar Pradesh,India
5064,TXN005001,2018-01-26,11:14:08,Domino's India,POS Purchase Domino's India,2848.35,INR,Debit Card,Debit,Food,Mumbai,Maharashtra,India
5065,TXN006904,2018-01-27,06:34:38,Ace Hardware India,POS Purchase Ace Hardware India,1287.28,INR,Debit Card,Debit,Miscellaneous,Kochi,Kerala,India
5066,TXN006665,2018-01-27,10:54:45,Jio Fiber,Net Banking Jio Fiber,15758.74,INR,Net Banking,Debit,Bills,Ahmedabad,Gujarat,India
5067,TXN005797,2018-01-27,12:37:06,Adani Electricity,Net Banking Adani Electricity,8540.02,INR,Net Banking,Debit,Bills,Pune,Maharashtra,India
5068,TXN005374,2018-01-28,03:38:02,Tata Power,Auto Debit Tata Power,11784.38,INR,Auto Debit,Debit,Bills,Mumbai,Maharashtra,India
5069,TXN006014,2018-01-28,04:32:04,DMart,UPI/DMart,1262.94,INR,UPI,Debit,Groceries,Indore,Madhya Pradesh,India
5070,TXN005513,2018-01-28,11:24:58,Jio,Auto Debit Jio,13750.97,INR,Auto Debit,Debit,Bills,Lucknow,Uttar Pradesh,India
5071,TXN006449,2018-01-28,12:18:13,Apollo Pharmacy,UPI/Apollo Pharmacy,666.2,INR,UPI,Debit,Miscellaneous,Surat,Gujarat,India
5072,TXN006647,2018-01-28,18:44:00,Municipal Water Department,Net Banking Municipal Water Department,14826.14,INR,Net Banking,Debit,Bills,Chennai,Tamil Nadu,India
5073,TXN006280,2018-01-28,20:09:41,Indane Gas,Auto Debit Indane Gas,11736.95,INR,Auto Debit,Debit,Bills,Noida,Uttar Pradesh,India
5074,TXN006134,2018-01-28,20:30:07,HPCL,UPI/DR/787790914/HPCL,4966.24,INR,UPI,Debit,Fuel,Ahmedabad,Gujarat,India
5075,TXN005494,2018-01-28,21:56:19,Municipal Water Department,NEFT Municipal Water Department,7816.65,INR,NEFT,Debit,Bills,Delhi,Delhi,India
5076,TXN006348,2018-01-29,07:53:45,Jio,NEFT Jio,5568.2,INR,NEFT,Debit,Bills,Jaipur,Rajasthan,India
5077,TXN005551,2018-01-29,11:36:36,Reliance Fresh,POS Purchase Reliance Fresh,708.84,INR,Debit Card,Debit,Groceries,Hyderabad,Telangana,India
5078,TXN006701,2018-01-29,17:06:04,Naturals Salon,UPI/Naturals Salon,6788.36,INR,UPI,Debit,Miscellaneous,Indore,Madhya Pradesh,India
5079,TXN006388,2018-01-29,17:51:40,Domino's India,UPI/Domino's India,2758.73,INR,UPI,Debit,Food,Hyderabad,Telangana,India
5080,TXN005067,2018-01-29,18:16:02,Netflix,UPI/DR/291735734/Netflix,747.25,INR,UPI,Debit,Entertainment,Indore,Madhya Pradesh,India
5081,TXN006223,2018-01-29,20:41:11,Nature's Basket,POS Purchase Nature's Basket,2613.93,INR,Debit Card,Debit,Groceries,Kochi,Kerala,India
5082,TXN005964,2018-01-30,06:21:59,BEST,UPI/BEST,564.13,INR,UPI,Debit,Bills,Surat,Gujarat,India
5083,TXN006539,2018-01-30,08:14:46,Nature's Basket,UPI/DR/511769051/Nature's Basket,2830.16,INR,UPI,Debit,Groceries,Chennai,Tamil Nadu,India
5084,TXN006136,2018-01-30,09:38:47,EatClub,UPI/DR/629408646/EatClub,1328.33,INR,UPI,Debit,Food,Jaipur,Rajasthan,India
5085,TXN005544,2018-01-30,11:30:34,EMI Home Loan,NEFT EMI Home Loan,14813.44,INR,NEFT,Debit,Bills,Chennai,Tamil Nadu,India
5086,TXN006841,2018-01-30,14:43:09,Municipal Water Department,UPI/Municipal Water Department,2004.41,INR,UPI,Debit,Bills,Mumbai,Maharashtra,India
5087,TXN006922,2018-01-31,10:59:53,EMI Home Loan,NEFT EMI Home Loan,7898.87,INR,NEFT,Debit,Bills,Delhi,Delhi,India
5088,TXN005030,2018-01-31,18:14:00,Bharat Gas,Net Banking Bharat Gas,5258.57,INR,Net Banking,Debit,Bills,Hyderabad,Telangana,India
5089,TXN005003,2018-01-31,20:44:34,Bharat Gas,Auto Debit Bharat Gas,2618.8,INR,Auto Debit,Debit,Bills,Pune,Maharashtra,India
5090,TXN005169,2018-01-31,23:03:58,Tata Power,NEFT Tata Power,6950.31,INR,NEFT,Debit,Bills,Lucknow,Uttar Pradesh,India
5091,TXN005849,2018-02-01,09:34:44,Amazon India,Cashback Amazon India,3936.5,INR,UPI,Credit,Shopping,Surat,Gujarat,India
5092,TXN005534,2018-02-01,23:35:15,EMI Personal Loan,UPI/DR/696950800/EMI Personal Loan,17292.23,INR,UPI,Debit,Bills,Lucknow,Uttar Pradesh,India
5093,TXN006176,2018-02-02,03:24:28,Flipkart,POS Purchase Flipkart,5438.76,INR,Net Banking,Debit,Shopping,Pune,Maharashtra,India
5094,TXN006694,2018-02-02,10:32:10,Zomato,POS Purchase Zomato,564.94,INR,Debit Card,Debit,Food,Chennai,Tamil Nadu,India
5095,TXN005696,2018-02-02,19:03:49,House Rent Payment,NEFT House Rent Payment,20226.82,INR,NEFT,Debit,Rent,Pune,Maharashtra,India
5096,TXN006749,2018-02-03,13:13:14,Jio,Net Banking Jio,7816.14,INR,Net Banking,Debit,Bills,Hyderabad,Telangana,India
5097,TXN005315,2018-02-03,15:38:56,Employer Salary Credit,NEFT Salary Credit,160155.48,INR,NEFT,Credit,Salary,Nagpur,Maharashtra,India
5098,TXN005173,2018-02-04,04:05:58,Nature's Basket,UPI/Paytm/Nature's Basket,4325.5,INR,UPI,Debit,Groceries,Delhi,Delhi,India
5099,TXN006565,2018-02-04,12:31:19,Dish TV,Auto Debit Dish TV,220.9,INR,Auto Debit,Debit,Subscription,Noida,Uttar Pradesh,India
5100,TXN005330,2018-02-05,06:01:28,ICICI Prudential MF,SIP Investment ICICI Prudential MF,6045.93,INR,Auto Debit,Debit,Investment,Kochi,Kerala,India
5101,TXN006551,2018-02-05,09:32:44,EMI Personal Loan,Net Banking EMI Personal Loan,12012.76,INR,Net Banking,Debit,Bills,Lucknow,Uttar Pradesh,India
5102,TXN005584,2018-02-05,18:43:39,DMart,UPI/Paytm/DMart,1925.65,INR,UPI,Debit,Groceries,Hyderabad,Telangana,India
5103,TXN006900,2018-02-06,02:26:38,Flipkart,POS Purchase Flipkart,9632.4,INR,Credit Card,Debit,Shopping,Delhi,Delhi,India
5104,TXN005942,2018-02-06,13:57:24,Starbucks India,UPI/DR/446627326/Starbucks India,2398.52,INR,UPI,Debit,Food,Pune,Maharashtra,India
5105,TXN006049,2018-02-06,17:15:31,KFC,UPI/Paytm/KFC,1470.14,INR,UPI,Debit,Food,Ahmedabad,Gujarat,India
5106,TXN006980,2018-02-06,20:00:15,Reliance Fresh,POS Purchase Reliance Fresh,3963.73,INR,Credit Card,Debit,Groceries,Indore,Madhya Pradesh,India
5107,TXN006902,2018-02-06,20:22:27,Zepto,UPI/Zepto,3483.96,INR,UPI,Debit,Groceries,Chennai,Tamil Nadu,India
5108,TXN006931,2018-02-07,15:40:54,Ola,POS Purchase Ola,3413.44,INR,Credit Card,Debit,Miscellaneous,Nagpur,Maharashtra,India
5109,TXN006054,2018-02-07,15:41:01,Home Depot India,POS Purchase Home Depot India,903.44,INR,Debit Card,Debit,Miscellaneous,Kochi,Kerala,India
5110,TXN005732,2018-02-07,17:57:34,EMI Home Loan,Net Banking EMI Home Loan,16275.87,INR,Net Banking,Debit,Bills,Pune,Maharashtra,India
5111,TXN006467,2018-02-08,19:58:08,Third Wave Coffee,UPI/Third Wave Coffee,949.59,INR,UPI,Debit,Food,Nagpur,Maharashtra,India
5112,TXN005322,2018-02-09,15:33:29,Zepto,UPI/DR/963251765/Zepto,1973.65,INR,UPI,Debit,Groceries,Kochi,Kerala,India
5113,TXN006434,2018-02-09,21:21:16,Fruit Vendor,UPI/DR/311147379/Fruit Vendor,995.12,INR,UPI,Debit,Other,Mumbai,Maharashtra,India
5114,TXN005060,2018-02-10,06:43:15,Tata 1mg,POS Purchase Tata 1mg,2698.66,INR,Credit Card,Debit,Miscellaneous,Delhi,Delhi,India
5115,TXN005900,2018-02-10,12:21:31,Swiggy,UPI/Paytm/Swiggy,2783.31,INR,UPI,Debit,Food,Noida,Uttar Pradesh,India
5116,TXN005133,2018-02-10,19:16:01,BPCL,POS Purchase BPCL,3601.68,INR,Credit Card,Debit,Fuel,Surat,Gujarat,India
5117,TXN006576,2018-02-10,20:10:05,Misc Vendor,UPI/Misc Vendor,1836.35,INR,UPI,Debit,Other,Pune,Maharashtra,India
5118,TXN005500,2018-02-10,20:25:32,Chaayos,POS Purchase Chaayos,2772.71,INR,Credit Card,Debit,Food,Hyderabad,Telangana,India
5119,TXN006336,2018-02-11,03:23:19,BSNL,Net Banking BSNL,7733.28,INR,Net Banking,Debit,Bills,Nagpur,Maharashtra,India
5120,TXN005136,2018-02-11,15:33:41,Amazon Prime,UPI/Amazon Prime,789.18,INR,UPI,Debit,Subscription,Surat,Gujarat,India
5121,TXN006305,2018-02-12,05:40:07,BEST,Net Banking BEST,10753.43,INR,Net Banking,Debit,Bills,Surat,Gujarat,India
5122,TXN006936,2018-02-12,08:45:16,Barbeque Nation,UPI/Barbeque Nation,198.35,INR,UPI,Debit,Food,Lucknow,Uttar Pradesh,India
5123,TXN005921,2018-02-12,10:25:39,Disney+ Hotstar,UPI/DR/873309842/Disney+ Hotstar,595.04,INR,UPI,Debit,Subscription,Hyderabad,Telangana,India
5124,TXN005793,2018-02-13,10:31:57,BPCL,POS Purchase BPCL,2921.58,INR,Credit Card,Debit,Fuel,Surat,Gujarat,India
5125,TXN006872,2018-02-13,11:08:29,PharmEasy,POS Purchase PharmEasy,2488.51,INR,Credit Card,Debit,Miscellaneous,Noida,Uttar Pradesh,India
5126,TXN006072,2018-02-14,05:50:01,Indian Oil,FASTag Recharge,1523.35,INR,UPI,Debit,Fuel,Kochi,Kerala,India
5127,TXN006800,2018-02-14,09:04:16,Municipal Water Department,Auto Debit Municipal Water Department,10746.88,INR,Auto Debit,Debit,Bills,Chennai,Tamil Nadu,India
5128,TXN005007,2018-02-14,17:07:59,ICICI Lombard,Net Banking Insurance Premium ICICI Lombard,41957.25,INR,Net Banking,Debit,Insurance,Indore,Madhya Pradesh,India
5129,TXN005117,2018-02-16,17:18:44,BigBasket,POS Purchase BigBasket,1217.64,INR,Credit Card,Debit,Groceries,Nagpur,Maharashtra,India
5130,TXN006364,2018-02-16,17:36:04,Tata Play,Auto Debit Tata Play,318.63,INR,Auto Debit,Debit,Subscription,Ahmedabad,Gujarat,India
5131,TXN005689,2018-02-18,12:26:50,DMart,POS Purchase DMart,4267.6,INR,Credit Card,Debit,Groceries,Hyderabad,Telangana,India
5132,TXN005375,2018-02-19,01:25:28,Adani Electricity,Auto Debit Adani Electricity,9071.01,INR,Auto Debit,Debit,Bills,Mumbai,Maharashtra,India
5133,TXN005940,2018-02-20,10:43:18,McDonald's India,UPI/McDonald's India,2115.21,INR,UPI,Debit,Food,Mumbai,Maharashtra,India
5134,TXN006790,2018-02-20,15:02:17,Blinkit,POS Purchase Blinkit,536.14,INR,Debit Card,Debit,Groceries,Jaipur,Rajasthan,India
5135,TXN005189,2018-02-21,04:50:36,Flipkart,UPI/Flipkart,13223.34,INR,UPI,Debit,Shopping,Chennai,Tamil Nadu,India
5136,TXN006303,2018-02-21,14:53:48,Jio Fiber,UPI/DR/957905637/Jio Fiber,10434.48,INR,UPI,Debit,Bills,Kolkata,West Bengal,India
5137,TXN005342,2018-02-21,16:14:40,Blinkit,POS Purchase Blinkit,2803.17,INR,Debit Card,Debit,Groceries,Bengaluru,Karnataka,India
5138,TXN005539,2018-02-21,18:27:52,Bajaj Allianz,Insurance Premium Bajaj Allianz,44421.72,INR,Auto Debit,Debit,Insurance,Kolkata,West Bengal,India
5139,TXN005043,2018-02-21,21:33:10,Zomato,UPI/Paytm/Zomato,1050.58,INR,UPI,Debit,Food,Kochi,Kerala,India
5140,TXN005207,2018-02-22,11:06:36,BPCL,POS Purchase BPCL,3836.16,INR,Credit Card,Debit,Fuel,Mumbai,Maharashtra,India
5141,TXN006285,2018-02-22,18:54:45,Third Wave Coffee,UPI/Third Wave Coffee,2731.18,INR,UPI,Debit,Food,Chennai,Tamil Nadu,India
5142,TXN006554,2018-02-23,15:46:25,Income Tax Payment,UPI/Income Tax Payment,27240.34,INR,UPI,Debit,Bills,Kochi,Kerala,India
5143,TXN006355,2018-02-23,18:15:31,Zepto,UPI/Paytm/Zepto,1436.9,INR,UPI,Debit,Groceries,Ahmedabad,Gujarat,India
5144,TXN005770,2018-02-23,20:00:51,Jio Fiber,Auto Debit Jio Fiber,11674.12,INR,Auto Debit,Debit,Bills,Kochi,Kerala,India
5145,TXN006829,2018-02-24,09:53:14,Bharat Gas,Net Banking Bharat Gas,294.22,INR,Net Banking,Debit,Bills,Nagpur,Maharashtra,India
5146,TXN006140,2018-02-24,11:03:18,Amazon Prime,UPI/DR/783165158/Amazon Prime,1669.04,INR,UPI,Debit,Entertainment,Mumbai,Maharashtra,India
5147,TXN006857,2018-02-24,12:08:25,Netflix,POS Purchase Netflix,1664.49,INR,Debit Card,Debit,Entertainment,Kolkata,West Bengal,India
5148,TXN005182,2018-02-24,15:07:06,HP Gas,Auto Debit HP Gas,1268.27,INR,Auto Debit,Debit,Bills,Surat,Gujarat,India
5149,TXN005817,2018-02-24,16:48:05,Income Tax Payment,NEFT Income Tax Payment,6421.92,INR,NEFT,Debit,Bills,Chennai,Tamil Nadu,India
5150,TXN006177,2018-02-24,21:55:49,HP Gas,Auto Debit HP Gas,6572.7,INR,Auto Debit,Debit,Bills,Ahmedabad,Gujarat,India
5151,TXN006633,2018-02-24,23:20:13,Income Tax Payment,Auto Debit Income Tax Payment,30499.16,INR,Auto Debit,Debit,Bills,Bengaluru,Karnataka,India
5152,TXN006021,2018-02-25,01:10:29,BigBasket,UPI/BigBasket,795.73,INR,UPI,Debit,Groceries,Indore,Madhya Pradesh,India
5153,TXN006581,2018-02-25,04:19:54,Indane Gas,Auto Debit Indane Gas,3653.39,INR,Auto Debit,Debit,Bills,Hyderabad,Telangana,India
5154,TXN006077,2018-02-25,10:13:59,The Beer Cafe,POS Purchase The Beer Cafe,2923.32,INR,Credit Card,Debit,Food,Hyderabad,Telangana,India
5155,TXN006182,2018-02-25,11:51:47,Credit Card Bill Payment,NEFT Credit Card Bill Payment,7756.86,INR,NEFT,Debit,Bills,Noida,Uttar Pradesh,India
5156,TXN005795,2018-02-25,13:30:34,EMI Home Loan,Net Banking EMI Home Loan,24067.76,INR,Net Banking,Debit,Bills,Surat,Gujarat,India
5157,TXN006619,2018-02-25,15:42:17,Indane Gas,Net Banking Indane Gas,5651.26,INR,Net Banking,Debit,Bills,Jaipur,Rajasthan,India
5158,TXN006915,2018-02-25,17:31:17,Domino's India,UPI/DR/857526651/Domino's India,2044.72,INR,UPI,Debit,Food,Pune,Maharashtra,India
5159,TXN005668,2018-02-25,17:49:39,Nykaa,UPI/DR/456452891/Nykaa,9657.62,INR,UPI,Debit,Shopping,Surat,Gujarat,India
5160,TXN005843,2018-02-25,20:27:20,Municipal Water Department,UPI/Municipal Water Department,4914.76,INR,UPI,Debit,Bills,Surat,Gujarat,India
5161,TXN006314,2018-02-25,20:45:51,HP Gas,UPI/HP Gas,6096.7,INR,UPI,Debit,Bills,Jaipur,Rajasthan,India
5162,TXN006527,2018-02-26,03:00:29,HP Gas,NEFT HP Gas,3529.38,INR,NEFT,Debit,Bills,Delhi,Delhi,India
5163,TXN005569,2018-02-26,08:06:04,Adani Electricity,Auto Debit Adani Electricity,5411.17,INR,Auto Debit,Debit,Bills,Lucknow,Uttar Pradesh,India
5164,TXN006704,2018-02-26,09:00:22,EMI Home Loan,Auto Debit EMI Home Loan,9094.28,INR,Auto Debit,Debit,Bills,Kochi,Kerala,India
5165,TXN006394,2018-02-26,13:04:06,Vegetable Market,UPI/Paytm/Vegetable Market,642.48,INR,UPI,Debit,Other,Ahmedabad,Gujarat,India
5166,TXN006959,2018-02-27,05:04:08,Indane Gas,Auto Debit Indane Gas,727.51,INR,Auto Debit,Debit,Bills,Delhi,Delhi,India
5167,TXN006184,2018-02-27,07:15:41,ICICI Lombard,Insurance Premium ICICI Lombard,20441.92,INR,Auto Debit,Debit,Insurance,Kolkata,West Bengal,India
5168,TXN006395,2018-02-27,12:06:39,DMart,UPI/DR/509584709/DMart,1985.32,INR,UPI,Debit,Groceries,Ahmedabad,Gujarat,India
5169,TXN005750,2018-02-27,16:25:38,Blinkit,UPI/Blinkit,1763.15,INR,UPI,Debit,Groceries,Pune,Maharashtra,India
5170,TXN006649,2018-02-28,01:40:09,BEST,Auto Debit BEST,3163.35,INR,Auto Debit,Debit,Bills,Delhi,Delhi,India
5171,TXN006720,2018-02-28,07:44:52,PharmEasy,POS Purchase PharmEasy,14131.51,INR,Debit Card,Debit,Miscellaneous,Pune,Maharashtra,India
5172,TXN005842,2018-02-28,08:30:40,BSNL,Net Banking BSNL,2404.53,INR,Net Banking,Debit,Bills,Chennai,Tamil Nadu,India
5173,TXN005629,2018-02-28,11:00:57,Adani Electricity,Auto Debit Adani Electricity,5276.21,INR,Auto Debit,Debit,Bills,Chennai,Tamil Nadu,India
5174,TXN006782,2018-02-28,13:18:38,Adani Electricity,Auto Debit Adani Electricity,7782.98,INR,Auto Debit,Debit,Bills,Indore,Madhya Pradesh,India
5175,TXN006909,2018-02-28,14:11:18,Blinkit,UPI/Blinkit,2716.25,INR,UPI,Debit,Groceries,Bengaluru,Karnataka,India
5176,TXN005924,2018-02-28,20:03:12,Jio,Auto Debit Jio,11511.81,INR,Auto Debit,Debit,Bills,Hyderabad,Telangana,India
5177,TXN005514,2018-02-28,22:47:41,Airtel,NEFT Airtel,13822.72,INR,NEFT,Debit,Bills,Indore,Madhya Pradesh,India
5178,TXN006509,2018-03-01,07:15:30,Netflix,UPI/DR/889913429/Netflix,291.05,INR,UPI,Debit,Subscription,Kochi,Kerala,India
5179,TXN006392,2018-03-01,10:56:54,House Rent Payment,NEFT House Rent Payment,45695.16,INR,NEFT,Debit,Rent,Noida,Uttar Pradesh,India
5180,TXN006353,2018-03-02,10:11:01,Amazon India,POS Purchase Amazon India,6991.26,INR,Debit Card,Debit,Shopping,Chennai,Tamil Nadu,India
5181,TXN006073,2018-03-02,19:28:37,Employer Salary Credit,NEFT Salary Credit,177208.79,INR,NEFT,Credit,Salary,Delhi,Delhi,India
5182,TXN005471,2018-03-02,20:08:44,ATM,ATM Cash Withdrawal,3214.18,INR,Cash Withdrawal,Debit,Other,Delhi,Delhi,India
5183,TXN005031,2018-03-02,21:21:04,McDonald's India,UPI/McDonald's India,895.86,INR,UPI,Debit,Food,Hyderabad,Telangana,India
5184,TXN006080,2018-03-03,03:54:29,House Rent Payment,Net Banking House Rent Payment,18777.66,INR,Net Banking,Debit,Rent,Delhi,Delhi,India
5185,TXN005301,2018-03-03,20:35:17,House Rent Payment,Net Banking House Rent Payment,9992.57,INR,Net Banking,Debit,Rent,Ahmedabad,Gujarat,India
5186,TXN005279,2018-03-04,09:27:38,Employer Salary Credit,NEFT Salary Credit,105918.84,INR,IMPS,Credit,Salary,Jaipur,Rajasthan,India
5187,TXN006860,2018-03-04,18:32:47,Barbeque Nation,UPI/Paytm/Barbeque Nation,260.7,INR,UPI,Debit,Food,Chennai,Tamil Nadu,India
5188,TXN006883,2018-03-05,03:02:54,BookMyShow,POS Purchase BookMyShow,1373.95,INR,Debit Card,Debit,Entertainment,Indore,Madhya Pradesh,India
5189,TXN005460,2018-03-05,07:18:02,House Rent Payment,Net Banking House Rent Payment,12266.41,INR,Net Banking,Debit,Rent,Bengaluru,Karnataka,India
5190,TXN005468,2018-03-05,17:17:38,House Rent Payment,NEFT House Rent Payment,24343.91,INR,NEFT,Debit,Rent,Kolkata,West Bengal,India
5191,TXN006260,2018-03-05,17:24:05,Employer Salary Credit,NEFT Salary Credit,100003.05,INR,NEFT,Credit,Salary,Lucknow,Uttar Pradesh,India
5192,TXN006060,2018-03-06,08:09:48,ICICI Lombard,Insurance Premium ICICI Lombard,32438.82,INR,Auto Debit,Debit,Insurance,Ahmedabad,Gujarat,India
5193,TXN006108,2018-03-06,16:41:21,Street Vendor,UPI/Street Vendor,1512.77,INR,UPI,Debit,Other,Lucknow,Uttar Pradesh,India
5194,TXN006050,2018-03-06,20:19:31,IRCTC,POS Purchase IRCTC,1650.69,INR,Debit Card,Debit,Miscellaneous,Indore,Madhya Pradesh,India
5195,TXN006476,2018-03-06,20:53:53,Chaayos,UPI/Chaayos,2221.78,INR,UPI,Debit,Food,Jaipur,Rajasthan,India
5196,TXN005181,2018-03-06,22:19:41,HDFC Ergo,Net Banking Insurance Premium HDFC Ergo,45456.83,INR,Net Banking,Debit,Insurance,Nagpur,Maharashtra,India
5197,TXN006393,2018-03-08,01:58:51,DMart,POS Purchase DMart,1978.47,INR,Debit Card,Debit,Groceries,Kolkata,West Bengal,India
5198,TXN006379,2018-03-08,02:08:16,Laundry,UPI/Paytm/Laundry,1257.26,INR,UPI,Debit,Other,Jaipur,Rajasthan,India
5199,TXN005292,2018-03-08,05:45:45,BigBasket,UPI/DR/422076028/BigBasket,3437.52,INR,UPI,Debit,Groceries,Kolkata,West Bengal,India
5200,TXN006167,2018-03-08,06:21:12,Dish TV,Auto Debit Dish TV,791.56,INR,Auto Debit,Debit,Subscription,Kolkata,West Bengal,India
5201,TXN006843,2018-03-08,08:29:02,Faasos,POS Purchase Faasos,2222.64,INR,Debit Card,Debit,Food,Mumbai,Maharashtra,India
5202,TXN006185,2018-03-09,03:21:10,Municipal Water Department,NEFT Municipal Water Department,669.57,INR,NEFT,Debit,Bills,Pune,Maharashtra,India
5203,TXN006588,2018-03-09,11:58:21,Nature's Basket,UPI/Nature's Basket,3573.22,INR,UPI,Debit,Groceries,Indore,Madhya Pradesh,India
5204,TXN006481,2018-03-09,12:41:39,EatClub,POS Purchase EatClub,2830.35,INR,Debit Card,Debit,Food,Delhi,Delhi,India
5205,TXN006357,2018-03-09,13:40:14,Adani Electricity,Net Banking Adani Electricity,4469.36,INR,Net Banking,Debit,Bills,Pune,Maharashtra,India
5206,TXN006103,2018-03-09,14:05:05,Tata Power,Auto Debit Tata Power,14367.17,INR,Auto Debit,Debit,Bills,Chennai,Tamil Nadu,India
5207,TXN005014,2018-03-09,22:20:13,Mobile Repair,UPI/Paytm/Mobile Repair,515.19,INR,UPI,Debit,Other,Bengaluru,Karnataka,India
5208,TXN005204,2018-03-10,02:27:06,Disney+ Hotstar,UPI/Disney+ Hotstar,1210.43,INR,UPI,Debit,Entertainment,Kolkata,West Bengal,India
5209,TXN006172,2018-03-11,00:11:24,BEST,Net Banking BEST,6898.52,INR,Net Banking,Debit,Bills,Kochi,Kerala,India
5210,TXN006880,2018-03-11,05:14:06,Nature's Basket,UPI/Paytm/Nature's Basket,3659.34,INR,UPI,Debit,Groceries,Lucknow,Uttar Pradesh,India
5211,TXN006895,2018-03-11,09:04:34,Tata Play,UPI/Tata Play,539.49,INR,Credit Card,Debit,Subscription,Surat,Gujarat,India
5212,TXN006484,2018-03-11,17:28:24,The Beer Cafe,UPI/Paytm/The Beer Cafe,2274.2,INR,UPI,Debit,Food,Chennai,Tamil Nadu,India
5213,TXN005368,2018-03-12,09:26:11,Jio,UPI/DR/134075063/Jio,14838.04,INR,UPI,Debit,Bills,Indore,Madhya Pradesh,India
5214,TXN005851,2018-03-12,21:16:34,Cafe Coffee Day,UPI/DR/417476097/Cafe Coffee Day,675.35,INR,UPI,Debit,Food,Nagpur,Maharashtra,India
5215,TXN005213,2018-03-13,00:05:47,Kirana Shop,UPI/Paytm/Kirana Shop,1553.18,INR,UPI,Debit,Other,Delhi,Delhi,India
5216,TXN006043,2018-03-13,00:24:44,EMI Home Loan,Net Banking EMI Home Loan,15314.63,INR,Net Banking,Debit,Bills,Nagpur,Maharashtra,India
5217,TXN006794,2018-03-13,12:17:20,Swiggy,UPI/DR/876587717/Swiggy,798.51,INR,UPI,Debit,Food,Chennai,Tamil Nadu,India
5218,TXN006506,2018-03-14,01:58:07,Amazon Prime,Auto Debit Amazon Prime,812.66,INR,Auto Debit,Debit,Subscription,Chennai,Tamil Nadu,India
5219,TXN005984,2018-03-14,17:29:25,DMart,POS Purchase DMart,457.98,INR,Debit Card,Debit,Groceries,Ahmedabad,Gujarat,India
5220,TXN006093,2018-03-14,22:21:33,Indane Gas,Auto Debit Indane Gas,14262.23,INR,Auto Debit,Debit,Bills,Delhi,Delhi,India
5221,TXN005709,2018-03-15,04:01:29,Tata Power,Net Banking Tata Power,10984.35,INR,Net Banking,Debit,Bills,Jaipur,Rajasthan,India
5222,TXN006940,2018-03-15,12:09:01,Social,POS Purchase Social,2914.7,INR,Debit Card,Debit,Food,Noida,Uttar Pradesh,India
5223,TXN005887,2018-03-15,21:59:36,HPCL,POS Purchase HPCL,3892.55,INR,Debit Card,Debit,Fuel,Mumbai,Maharashtra,India
5224,TXN006000,2018-03-15,23:56:31,Zepto,UPI/Zepto,839.41,INR,UPI,Debit,Groceries,Hyderabad,Telangana,India
5225,TXN005499,2018-03-16,02:00:16,Adani Electricity,Auto Debit Adani Electricity,11059.08,INR,Auto Debit,Debit,Bills,Nagpur,Maharashtra,India
5226,TXN005698,2018-03-16,10:33:14,Jio Fiber,NEFT Jio Fiber,15567.58,INR,NEFT,Debit,Bills,Noida,Uttar Pradesh,India
5227,TXN005386,2018-03-16,19:42:35,Zomato,UPI/Paytm/Zomato,1443.8,INR,UPI,Debit,Food,Hyderabad,Telangana,India
5228,TXN006035,2018-03-17,01:24:24,Nykaa,POS Purchase Nykaa,2705.51,INR,Credit Card,Debit,Shopping,Lucknow,Uttar Pradesh,India
5229,TXN006978,2018-03-17,10:57:59,Tata Power,Net Banking Tata Power,14753.88,INR,Net Banking,Debit,Bills,Jaipur,Rajasthan,India
5230,TXN005157,2018-03-18,08:21:39,Tata Power,Net Banking Tata Power,2625.7,INR,Net Banking,Debit,Bills,Lucknow,Uttar Pradesh,India
5231,TXN006977,2018-03-18,10:17:29,DMart,UPI/Paytm/DMart,4297.7,INR,UPI,Debit,Groceries,Chennai,Tamil Nadu,India
5232,TXN005474,2018-03-19,20:05:25,Local Wine & Beer Shop,POS Purchase Local Wine & Beer Shop,1743.85,INR,Debit Card,Debit,Food,Kochi,Kerala,India
5233,TXN006769,2018-03-20,10:40:58,Street Food Vendor,UPI/DR/502926308/Street Food Vendor,85.53,INR,UPI,Debit,Other,Pune,Maharashtra,India
5234,TXN006672,2018-03-20,11:59:59,BigBasket,UPI/BigBasket,1770.06,INR,UPI,Debit,Groceries,Chennai,Tamil Nadu,India
5235,TXN006952,2018-03-20,20:30:38,Reliance Fresh,POS Purchase Reliance Fresh,2377.9,INR,Credit Card,Debit,Groceries,Nagpur,Maharashtra,India
5236,TXN005361,2018-03-21,09:03:53,Starbucks India,POS Purchase Starbucks India,2462.91,INR,Credit Card,Debit,Food,Lucknow,Uttar Pradesh,India
5237,TXN006587,2018-03-21,09:43:35,EatClub,UPI/Paytm/EatClub,1348.79,INR,UPI,Debit,Food,Nagpur,Maharashtra,India
5238,TXN005742,2018-03-21,12:58:14,Tata Power,Net Banking Tata Power,3238.98,INR,Net Banking,Debit,Bills,Pune,Maharashtra,India
5239,TXN006009,2018-03-21,17:51:37,DMart,POS Purchase DMart,4090.1,INR,Debit Card,Debit,Groceries,Noida,Uttar Pradesh,India
5240,TXN006151,2018-03-22,03:04:01,Myntra,POS Purchase Myntra,646.9,INR,Debit Card,Debit,Shopping,Surat,Gujarat,India
5241,TXN005414,2018-03-22,09:27:14,KFC,UPI/DR/157656107/KFC,361.29,INR,UPI,Debit,Food,Kolkata,West Bengal,India
5242,TXN005879,2018-03-22,13:26:59,Indian Oil,UPI/DR/473587211/Indian Oil,495.86,INR,UPI,Debit,Fuel,Noida,Uttar Pradesh,India
5243,TXN006268,2018-03-23,04:08:43,Indian Oil,POS Purchase Indian Oil,1437.08,INR,Credit Card,Debit,Fuel,Indore,Madhya Pradesh,India
5244,TXN005812,2018-03-23,10:20:41,Zepto,UPI/Zepto,1735.96,INR,UPI,Debit,Groceries,Kolkata,West Bengal,India
5245,TXN006046,2018-03-24,06:11:35,Unknown Merchant,UPI/DR/795561982/Unknown Merchant,484.78,INR,UPI,Debit,Other,Jaipur,Rajasthan,India
5246,TXN006095,2018-03-24,10:47:59,Myntra,POS Purchase Myntra,13438.39,INR,Debit Card,Debit,Shopping,Delhi,Delhi,India
5247,TXN005086,2018-03-24,12:44:09,Reliance Fresh,UPI/Reliance Fresh,1364.53,INR,UPI,Debit,Groceries,Mumbai,Maharashtra,India
5248,TXN005216,2018-03-25,13:31:38,Ace Hardware India,UPI/Paytm/Ace Hardware India,5979.02,INR,UPI,Debit,Miscellaneous,Jaipur,Rajasthan,India
5249,TXN006422,2018-03-25,21:39:04,Blinkit,POS Purchase Blinkit,556.78,INR,Debit Card,Debit,Groceries,Kochi,Kerala,India
5250,TXN006096,2018-03-26,03:24:23,Myntra,Cashback Myntra,3585.32,INR,Net Banking,Credit,Shopping,Ahmedabad,Gujarat,India
5251,TXN005991,2018-03-27,04:56:37,HP Gas,Auto Debit HP Gas,6715.57,INR,Auto Debit,Debit,Bills,Kochi,Kerala,India
5252,TXN005257,2018-03-27,08:28:57,ICICI Lombard,Insurance Premium ICICI Lombard,42421.71,INR,Auto Debit,Debit,Insurance,Nagpur,Maharashtra,India
5253,TXN005397,2018-03-27,13:08:53,Jio,NEFT Jio,15539.69,INR,NEFT,Debit,Bills,Kolkata,West Bengal,India
5254,TXN005537,2018-03-27,20:28:51,Jio Fiber,UPI/Jio Fiber,3093.39,INR,UPI,Debit,Bills,Mumbai,Maharashtra,India
5255,TXN005050,2018-03-28,05:28:53,Income Tax Payment,Auto Debit Income Tax Payment,3194.31,INR,Auto Debit,Debit,Bills,Mumbai,Maharashtra,India
5256,TXN005707,2018-03-28,06:55:43,Jio,Net Banking Jio,10672.19,INR,Net Banking,Debit,Bills,Delhi,Delhi,India
5257,TXN006313,2018-03-28,12:49:10,Jio,Auto Debit Jio,13211.3,INR,Auto Debit,Debit,Bills,Kochi,Kerala,India
5258,TXN005130,2018-03-28,19:47:52,EMI Personal Loan,NEFT EMI Personal Loan,24781.18,INR,NEFT,Debit,Bills,Delhi,Delhi,India
5259,TXN005656,2018-03-29,00:45:55,HP Gas,Net Banking HP Gas,664.84,INR,Net Banking,Debit,Bills,Kochi,Kerala,India
5260,TXN005891,2018-03-29,01:15:39,Myntra,POS Purchase Myntra,6038.12,INR,Credit Card,Debit,Shopping,Chennai,Tamil Nadu,India
5261,TXN005198,2018-03-29,02:08:17,Adani Electricity,Net Banking Adani Electricity,14256.9,INR,Net Banking,Debit,Bills,Jaipur,Rajasthan,India
5262,TXN005027,2018-03-29,02:48:34,BookMyShow,POS Purchase BookMyShow,1805.33,INR,Debit Card,Debit,Entertainment,Indore,Madhya Pradesh,India
5263,TXN005121,2018-03-29,03:35:48,Netflix,POS Purchase Netflix,1842.41,INR,Credit Card,Debit,Entertainment,Kochi,Kerala,India
5264,TXN005877,2018-03-29,05:31:52,Income Tax Payment,NEFT Income Tax Payment,7706.42,INR,NEFT,Debit,Bills,Chennai,Tamil Nadu,India
5265,TXN005417,2018-03-29,07:45:04,Kirana Shop,UPI/DR/956905222/Kirana Shop,540.57,INR,UPI,Debit,Other,Pune,Maharashtra,India
5266,TXN005268,2018-03-29,11:04:33,Flipkart,POS Purchase Flipkart,5693.36,INR,Debit Card,Debit,Shopping,Lucknow,Uttar Pradesh,India
5267,TXN005149,2018-03-29,13:21:59,Income Tax Payment,NEFT Income Tax Payment,22191.48,INR,NEFT,Debit,Bills,Kochi,Kerala,India
5268,TXN006101,2018-03-29,15:32:33,HP Gas,Auto Debit HP Gas,13147.28,INR,Auto Debit,Debit,Bills,Hyderabad,Telangana,India
5269,TXN005158,2018-03-29,17:24:20,Indane Gas,NEFT Indane Gas,8748.89,INR,NEFT,Debit,Bills,Surat,Gujarat,India
5270,TXN005581,2018-03-29,17:26:48,BookMyShow,POS Purchase BookMyShow,1422.28,INR,Debit Card,Debit,Entertainment,Hyderabad,Telangana,India
5271,TXN005491,2018-03-30,03:37:46,Dish TV,UPI/Dish TV,662.29,INR,Credit Card,Debit,Subscription,Ahmedabad,Gujarat,India
5272,TXN005582,2018-03-30,13:34:43,Jio Fiber,NEFT Jio Fiber,4878.72,INR,NEFT,Debit,Bills,Hyderabad,Telangana,India
5273,TXN006282,2018-03-30,15:27:01,Chaayos,UPI/DR/259091651/Chaayos,893.11,INR,UPI,Debit,Food,Lucknow,Uttar Pradesh,India
5274,TXN006083,2018-03-30,15:55:13,Local Barbershop,UPI/Paytm/Local Barbershop,210.91,INR,UPI,Debit,Miscellaneous,Ahmedabad,Gujarat,India
5275,TXN005046,2018-03-30,18:33:20,Jio Fiber,Net Banking Jio Fiber,11305.77,INR,Net Banking,Debit,Bills,Hyderabad,Telangana,India
5276,TXN006518,2018-03-30,20:18:46,Adani Electricity,Net Banking Adani Electricity,11853.56,INR,Net Banking,Debit,Bills,Indore,Madhya Pradesh,India
5277,TXN005777,2018-03-30,21:25:25,Credit Card Bill Payment,UPI/DR/479167941/Credit Card Bill Payment,11023.61,INR,UPI,Debit,Bills,Ahmedabad,Gujarat,India
5278,TXN005120,2018-03-31,01:09:09,BEST,Net Banking BEST,14847.81,INR,Net Banking,Debit,Bills,Pune,Maharashtra,India
5279,TXN005710,2018-03-31,08:35:04,Apollo Pharmacy,UPI/Apollo Pharmacy,2839.38,INR,UPI,Debit,Miscellaneous,Noida,Uttar Pradesh,India
5280,TXN005365,2018-03-31,09:46:01,HP Gas,Net Banking HP Gas,14210.47,INR,Net Banking,Debit,Bills,Jaipur,Rajasthan,India
5281,TXN006684,2018-03-31,11:54:01,EatClub,UPI/EatClub,1632.55,INR,UPI,Debit,Food,Noida,Uttar Pradesh,India
5282,TXN006795,2018-03-31,15:39:03,EMI Home Loan,NEFT EMI Home Loan,5455.05,INR,NEFT,Debit,Bills,Kochi,Kerala,India
5283,TXN006892,2018-03-31,16:19:06,Tata Power,Auto Debit Tata Power,2631.55,INR,Auto Debit,Debit,Bills,Kochi,Kerala,India
5284,TXN006932,2018-03-31,17:20:04,Jio,UPI/DR/755335262/Jio,3795.47,INR,UPI,Debit,Bills,Kochi,Kerala,India
5285,TXN005587,2018-03-31,17:25:35,LIC,Net Banking Insurance Premium LIC,37983.29,INR,Net Banking,Debit,Insurance,Hyderabad,Telangana,India
5286,TXN006141,2018-03-31,20:11:48,Municipal Water Department,Auto Debit Municipal Water Department,10107.86,INR,Auto Debit,Debit,Bills,Chennai,Tamil Nadu,India
5287,TXN005291,2018-03-31,21:20:42,Local Wine & Beer Shop,POS Purchase Local Wine & Beer Shop,2693.37,INR,Debit Card,Debit,Food,Ahmedabad,Gujarat,India
5288,TXN006344,2018-04-01,00:36:40,Meesho,UPI/Paytm/Meesho,11829.17,INR,UPI,Debit,Shopping,Delhi,Delhi,India
5289,TXN005628,2018-04-01,13:25:27,Indian Oil,POS Purchase Indian Oil,2930.35,INR,Debit Card,Debit,Fuel,Kolkata,West Bengal,India
5290,TXN006971,2018-04-02,00:38:57,ICICI Prudential MF,SIP Investment ICICI Prudential MF,48875.36,INR,Auto Debit,Debit,Investment,Noida,Uttar Pradesh,India
5291,TXN006819,2018-04-02,01:57:02,House Rent Payment,Net Banking House Rent Payment,14993.98,INR,Net Banking,Debit,Rent,Indore,Madhya Pradesh,India
5292,TXN006365,2018-04-02,04:46:35,Netflix,UPI/Netflix,513.51,INR,UPI,Debit,Entertainment,Delhi,Delhi,India
5293,TXN006747,2018-04-02,19:59:26,Tata 1mg,POS Purchase Tata 1mg,2969.41,INR,Debit Card,Debit,Miscellaneous,Jaipur,Rajasthan,India
5294,TXN006090,2018-04-03,09:10:45,DMart,UPI/Paytm/DMart,1715.95,INR,UPI,Debit,Groceries,Nagpur,Maharashtra,India
5295,TXN005714,2018-04-03,09:38:05,House Rent Payment,UPI House Rent Payment,35207.19,INR,UPI,Debit,Rent,Nagpur,Maharashtra,India
5296,TXN005605,2018-04-03,12:03:10,Nykaa,POS Purchase Nykaa,5843.63,INR,Credit Card,Debit,Shopping,Indore,Madhya Pradesh,India
5297,TXN005140,2018-04-03,12:20:07,Employer Salary Credit,NEFT Salary Credit,103650.59,INR,IMPS,Credit,Salary,Indore,Madhya Pradesh,India
5298,TXN006045,2018-04-03,13:34:54,Interest Credit,Interest Credit Savings Account,284.25,INR,NEFT,Credit,Salary,Nagpur,Maharashtra,India
5299,TXN005235,2018-04-03,16:24:29,EMI Personal Loan,Net Banking EMI Personal Loan,24324.66,INR,Net Banking,Debit,Bills,Lucknow,Uttar Pradesh,India
5300,TXN006833,2018-04-03,18:33:46,Employer Salary Credit,NEFT Salary Credit,98319.03,INR,IMPS,Credit,Salary,Noida,Uttar Pradesh,India
5301,TXN006599,2018-04-03,23:15:05,Unknown Merchant,UPI/Unknown Merchant,191.23,INR,UPI,Debit,Other,Kochi,Kerala,India
5302,TXN006475,2018-04-04,08:21:52,Chaayos,UPI/Chaayos,1901.59,INR,UPI,Debit,Food,Noida,Uttar Pradesh,India
5303,TXN005612,2018-04-04,10:17:40,House Rent Payment,Net Banking House Rent Payment,32283.24,INR,Net Banking,Debit,Rent,Delhi,Delhi,India
5304,TXN005138,2018-04-04,10:42:06,Street Food Vendor,UPI/DR/457887167/Street Food Vendor,208.99,INR,UPI,Debit,Other,Indore,Madhya Pradesh,India
5305,TXN005665,2018-04-04,14:02:35,Employer Salary Credit,NEFT Salary Credit,122159.85,INR,NEFT,Credit,Salary,Jaipur,Rajasthan,India
5306,TXN005666,2018-04-04,17:40:19,Swiggy,POS Purchase Swiggy,1818.41,INR,Debit Card,Debit,Food,Surat,Gujarat,India
5307,TXN006534,2018-04-04,19:12:45,House Rent Payment,NEFT House Rent Payment,29378.56,INR,NEFT,Debit,Rent,Indore,Madhya Pradesh,India
5308,TXN005055,2018-04-05,08:02:00,Income Tax Payment,Net Banking Income Tax Payment,8126.41,INR,Net Banking,Debit,Bills,Indore,Madhya Pradesh,India
5309,TXN005538,2018-04-05,10:07:02,ATM,ATM Cash Withdrawal,760.29,INR,Cash Withdrawal,Debit,Other,Mumbai,Maharashtra,India
5310,TXN005700,2018-04-05,21:21:21,Disney+ Hotstar,UPI/Disney+ Hotstar,1332.01,INR,UPI,Debit,Entertainment,Kochi,Kerala,India
5311,TXN005076,2018-04-06,07:43:19,BigBasket,POS Purchase BigBasket,4932.56,INR,Debit Card,Debit,Groceries,Mumbai,Maharashtra,India
5312,TXN005406,2018-04-06,15:03:40,Zomato,UPI/DR/693458652/Zomato,2235.58,INR,UPI,Debit,Food,Hyderabad,Telangana,India
5313,TXN005571,2018-04-06,15:45:01,Uber,UPI/Paytm/Uber,1815.54,INR,UPI,Debit,Miscellaneous,Hyderabad,Telangana,India
5314,TXN006266,2018-04-06,18:14:41,Social,UPI/DR/597706044/Social,1799.78,INR,UPI,Debit,Food,Ahmedabad,Gujarat,India
5315,TXN005757,2018-04-06,19:34:52,Zepto,UPI/Zepto,4088.16,INR,UPI,Debit,Groceries,Chennai,Tamil Nadu,India
5316,TXN005524,2018-04-06,21:33:26,Burger King,UPI/Burger King,967.59,INR,UPI,Debit,Food,Kolkata,West Bengal,India
5317,TXN005841,2018-04-07,21:19:59,Indian Oil,UPI/DR/517817593/Indian Oil,4923.29,INR,UPI,Debit,Fuel,Delhi,Delhi,India
5318,TXN005485,2018-04-08,04:37:14,PharmEasy,UPI/DR/183686071/PharmEasy,12191.82,INR,UPI,Debit,Miscellaneous,Surat,Gujarat,India
5319,TXN006461,2018-04-08,07:56:55,Reliance Fresh,UPI/Reliance Fresh,4845.07,INR,UPI,Debit,Groceries,Delhi,Delhi,India
5320,TXN006391,2018-04-08,17:07:05,Local Wine & Beer Shop,POS Purchase Local Wine & Beer Shop,2283.76,INR,Debit Card,Debit,Food,Kolkata,West Bengal,India
5321,TXN006068,2018-04-08,17:32:14,BEST,Net Banking BEST,704.39,INR,Net Banking,Debit,Bills,Noida,Uttar Pradesh,India
5322,TXN006563,2018-04-09,08:07:32,Zomato,UPI/DR/292879335/Zomato,1134.62,INR,UPI,Debit,Food,Noida,Uttar Pradesh,India
5323,TXN006966,2018-04-10,01:36:33,Indian Oil,POS Purchase Indian Oil,4174.45,INR,Debit Card,Debit,Fuel,Pune,Maharashtra,India
5324,TXN005864,2018-04-10,07:34:24,Bharat Gas,Auto Debit Bharat Gas,7798.19,INR,Auto Debit,Debit,Bills,Lucknow,Uttar Pradesh,India
5325,TXN006712,2018-04-10,09:35:55,Airtel Digital TV,UPI/Airtel Digital TV,286.85,INR,Credit Card,Debit,Subscription,Surat,Gujarat,India
5326,TXN005172,2018-04-10,18:02:19,KFC,POS Purchase KFC,1914.72,INR,Credit Card,Debit,Food,Delhi,Delhi,India
5327,TXN006088,2018-04-11,02:35:48,DMart,UPI/DMart,753.71,INR,UPI,Debit,Groceries,Mumbai,Maharashtra,India
5328,TXN005596,2018-04-11,04:19:47,Adani Electricity,UPI/Adani Electricity,10795.3,INR,UPI,Debit,Bills,Bengaluru,Karnataka,India
5329,TXN006849,2018-04-11,09:38:19,ATM,ATM Cash Withdrawal,3095.86,INR,Cash Withdrawal,Debit,Other,Noida,Uttar Pradesh,India
5330,TXN005035,2018-04-11,23:21:51,Credit Card Bill Payment,Auto Debit Credit Card Bill Payment,15571.58,INR,Auto Debit,Debit,Bills,Surat,Gujarat,India
5331,TXN005858,2018-04-12,12:42:31,Blinkit,UPI/Paytm/Blinkit,1311.45,INR,UPI,Debit,Groceries,Jaipur,Rajasthan,India
5332,TXN006639,2018-04-12,17:39:21,Bharat Gas,Auto Debit Bharat Gas,3339.94,INR,Auto Debit,Debit,Bills,Indore,Madhya Pradesh,India
5333,TXN005156,2018-04-13,04:26:55,Indian Oil,UPI/Paytm/Indian Oil,2222.08,INR,UPI,Debit,Fuel,Surat,Gujarat,India
5334,TXN005723,2018-04-13,11:20:31,EatClub,UPI/EatClub,2034.66,INR,UPI,Debit,Food,Ahmedabad,Gujarat,India
5335,TXN005769,2018-04-13,13:51:35,Cafe Coffee Day,UPI/DR/944048177/Cafe Coffee Day,1801.91,INR,UPI,Debit,Food,Mumbai,Maharashtra,India
5336,TXN005049,2018-04-13,16:16:08,Reliance Fresh,UPI/Reliance Fresh,2309.44,INR,UPI,Debit,Groceries,Surat,Gujarat,India
5337,TXN006221,2018-04-13,19:16:32,Social,POS Purchase Social,700.06,INR,Debit Card,Debit,Food,Nagpur,Maharashtra,India
5338,TXN006297,2018-04-14,15:19:15,Disney+ Hotstar,POS Purchase Disney+ Hotstar,1075.24,INR,Debit Card,Debit,Entertainment,Kolkata,West Bengal,India
5339,TXN005464,2018-04-15,20:48:15,Bharat Gas,Net Banking Bharat Gas,2320.91,INR,Net Banking,Debit,Bills,Indore,Madhya Pradesh,India
5340,TXN005835,2018-04-15,22:28:46,Blinkit,UPI/Blinkit,2365.7,INR,UPI,Debit,Groceries,Ahmedabad,Gujarat,India
5341,TXN005708,2018-04-17,19:49:27,Social,UPI/Paytm/Social,2611.04,INR,UPI,Debit,Food,Hyderabad,Telangana,India
5342,TXN006304,2018-04-19,19:50:54,Zepto,POS Purchase Zepto,4436.74,INR,Debit Card,Debit,Groceries,Noida,Uttar Pradesh,India
5343,TXN005590,2018-04-19,20:18:55,Domino's India,UPI/Domino's India,1520.36,INR,UPI,Debit,Food,Kochi,Kerala,India
5344,TXN006870,2018-04-20,00:18:29,Nature's Basket,UPI/DR/259092607/Nature's Basket,4252.27,INR,UPI,Debit,Groceries,Surat,Gujarat,India
5345,TXN006767,2018-04-20,02:04:31,Misc Vendor,UPI/DR/293947512/Misc Vendor,931.13,INR,UPI,Debit,Other,Ahmedabad,Gujarat,India
5346,TXN005792,2018-04-20,19:00:48,HPCL,FASTag Recharge,4972.45,INR,Net Banking,Debit,Fuel,Surat,Gujarat,India
5347,TXN005101,2018-04-21,09:36:43,Airtel,Net Banking Airtel,14194.56,INR,Net Banking,Debit,Bills,Surat,Gujarat,India
5348,TXN006885,2018-04-21,12:08:40,BigBasket,POS Purchase BigBasket,2195.08,INR,Debit Card,Debit,Groceries,Hyderabad,Telangana,India
5349,TXN005566,2018-04-21,12:28:46,Mobile Repair,UPI/Mobile Repair,413.34,INR,UPI,Debit,Other,Bengaluru,Karnataka,India
5350,TXN006522,2018-04-22,02:18:05,Amazon India,UPI/Amazon India,9392.73,INR,UPI,Debit,Shopping,Jaipur,Rajasthan,India
5351,TXN005945,2018-04-22,16:05:30,Zepto,UPI/Paytm/Zepto,2938.98,INR,UPI,Debit,Groceries,Jaipur,Rajasthan,India
5352,TXN006616,2018-04-22,18:53:28,Burger King,POS Purchase Burger King,2426.16,INR,Credit Card,Debit,Food,Jaipur,Rajasthan,India
5353,TXN005990,2018-04-22,19:49:52,Reliance Fresh,POS Purchase Reliance Fresh,4703.07,INR,Debit Card,Debit,Groceries,Kolkata,West Bengal,India
5354,TXN006723,2018-04-22,23:06:58,Income Tax Payment,Auto Debit Income Tax Payment,12205.36,INR,Auto Debit,Debit,Bills,Surat,Gujarat,India
5355,TXN006622,2018-04-23,00:08:09,ATM,ATM Cash Withdrawal,3689.45,INR,Cash Withdrawal,Debit,Other,Lucknow,Uttar Pradesh,India
5356,TXN006075,2018-04-23,11:47:26,EatClub,UPI/EatClub,1439.07,INR,UPI,Debit,Food,Surat,Gujarat,India
5357,TXN006897,2018-04-24,00:02:21,Stationery Shop,UPI/DR/801402523/Stationery Shop,2396.13,INR,UPI,Debit,Other,Mumbai,Maharashtra,India
5358,TXN005833,2018-04-24,14:17:44,BigBasket,UPI/Paytm/BigBasket,4839.36,INR,UPI,Debit,Groceries,Delhi,Delhi,India
5359,TXN005021,2018-04-25,15:00:46,Barbeque Nation,UPI/Barbeque Nation,466.74,INR,UPI,Debit,Food,Jaipur,Rajasthan,India
5360,TXN006813,2018-04-26,14:11:17,Airtel,Auto Debit Airtel,11349.5,INR,Auto Debit,Debit,Bills,Jaipur,Rajasthan,India
5361,TXN005288,2018-04-26,15:33:24,Tata Power,Net Banking Tata Power,2196.11,INR,Net Banking,Debit,Bills,Indore,Madhya Pradesh,India
5362,TXN006935,2018-04-26,16:55:28,Tata Power,Auto Debit Tata Power,9134.3,INR,Auto Debit,Debit,Bills,Chennai,Tamil Nadu,India
5363,TXN006888,2018-04-27,04:57:00,Jio Fiber,Auto Debit Jio Fiber,1837.47,INR,Auto Debit,Debit,Bills,Noida,Uttar Pradesh,India
5364,TXN005452,2018-04-27,05:52:43,Reliance Fresh,UPI/DR/762888128/Reliance Fresh,4504.4,INR,UPI,Debit,Groceries,Kochi,Kerala,India
5365,TXN005226,2018-04-27,12:33:05,BEST,Auto Debit BEST,2039.25,INR,Auto Debit,Debit,Bills,Nagpur,Maharashtra,India
5366,TXN006744,2018-04-27,14:27:23,ATM,ATM Cash Withdrawal,3502.46,INR,Cash Withdrawal,Debit,Other,Lucknow,Uttar Pradesh,India
5367,TXN006099,2018-04-27,18:55:44,Reliance Fresh,UPI/Paytm/Reliance Fresh,4978.56,INR,UPI,Debit,Groceries,Ahmedabad,Gujarat,India
5368,TXN005176,2018-04-28,02:09:48,Indane Gas,Net Banking Indane Gas,9318.66,INR,Net Banking,Debit,Bills,Hyderabad,Telangana,India
5369,TXN006863,2018-04-28,04:38:56,Flipkart,POS Purchase Flipkart,4166.44,INR,Credit Card,Debit,Shopping,Indore,Madhya Pradesh,India
5370,TXN005650,2018-04-28,05:07:25,Jio Fiber,NEFT Jio Fiber,12497.61,INR,NEFT,Debit,Bills,Jaipur,Rajasthan,India
5371,TXN005020,2018-04-28,17:48:17,Credit Card Bill Payment,Net Banking Credit Card Bill Payment,10853.51,INR,Net Banking,Debit,Bills,Mumbai,Maharashtra,India
5372,TXN006721,2018-04-28,18:25:54,Jio,Auto Debit Jio,6198.08,INR,Auto Debit,Debit,Bills,Bengaluru,Karnataka,India
5373,TXN005320,2018-04-29,10:35:23,BEST,Auto Debit BEST,4610.78,INR,Auto Debit,Debit,Bills,Surat,Gujarat,India
5374,TXN005064,2018-04-29,15:14:12,Municipal Water Department,NEFT Municipal Water Department,8149.04,INR,NEFT,Debit,Bills,Pune,Maharashtra,India
5375,TXN005683,2018-04-29,17:30:37,Indane Gas,NEFT Indane Gas,8289.76,INR,NEFT,Debit,Bills,Indore,Madhya Pradesh,India
5376,TXN006231,2018-04-29,22:54:10,Tata Power,Auto Debit Tata Power,13959.33,INR,Auto Debit,Debit,Bills,Bengaluru,Karnataka,India
5377,TXN005053,2018-04-30,09:38:13,Municipal Water Department,Auto Debit Municipal Water Department,6584.46,INR,Auto Debit,Debit,Bills,Kochi,Kerala,India
5378,TXN006290,2018-04-30,20:22:28,HP Gas,Net Banking HP Gas,2789.63,INR,Net Banking,Debit,Bills,Pune,Maharashtra,India
5379,TXN006869,2018-04-30,21:17:25,Adani Electricity,Net Banking Adani Electricity,7462.28,INR,Net Banking,Debit,Bills,Mumbai,Maharashtra,India
5380,TXN005363,2018-04-30,22:37:31,Nature's Basket,POS Purchase Nature's Basket,1716.48,INR,Debit Card,Debit,Groceries,Pune,Maharashtra,India
5381,TXN005950,2018-05-01,06:51:39,Adani Electricity,Net Banking Adani Electricity,5397.44,INR,Net Banking,Debit,Bills,Bengaluru,Karnataka,India
5382,TXN005466,2018-05-01,06:51:47,Ajio,UPI/Ajio,9207.49,INR,UPI,Debit,Shopping,Bengaluru,Karnataka,India
5383,TXN005603,2018-05-01,11:23:31,Employer Salary Credit,NEFT Salary Credit,79766.06,INR,IMPS,Credit,Salary,Delhi,Delhi,India
5384,TXN005392,2018-05-01,17:59:37,House Rent Payment,NEFT House Rent Payment,35917.83,INR,NEFT,Debit,Rent,Jaipur,Rajasthan,India
5385,TXN006771,2018-05-01,19:38:34,Jio Fiber,UPI/DR/619595468/Jio Fiber,13812.9,INR,UPI,Debit,Bills,Jaipur,Rajasthan,India
5386,TXN005388,2018-05-01,22:38:45,Myntra,UPI/DR/360482447/Myntra,7835.39,INR,UPI,Debit,Shopping,Kochi,Kerala,India
5387,TXN006335,2018-05-02,13:07:07,BSNL,Net Banking BSNL,3744.96,INR,Net Banking,Debit,Bills,Chennai,Tamil Nadu,India
5388,TXN006963,2018-05-02,19:49:37,Employer Salary Credit,NEFT Salary Credit,94651.28,INR,IMPS,Credit,Salary,Noida,Uttar Pradesh,India
5389,TXN006759,2018-05-02,20:58:16,Reliance Fresh,UPI/DR/918375813/Reliance Fresh,2049.21,INR,UPI,Debit,Groceries,Nagpur,Maharashtra,India
5390,TXN005910,2018-05-02,23:01:48,Stationery Shop,UPI/Stationery Shop,1945.59,INR,UPI,Debit,Other,Kolkata,West Bengal,India
5391,TXN006138,2018-05-03,00:54:16,BPCL,POS Purchase BPCL,3157.15,INR,Debit Card,Debit,Fuel,Indore,Madhya Pradesh,India
5392,TXN005507,2018-05-03,05:31:22,HPCL,FASTag Recharge,1897.41,INR,UPI,Debit,Fuel,Jaipur,Rajasthan,India
5393,TXN005262,2018-05-04,00:57:05,SBI Mutual Fund,UPI/Paytm/SBI Mutual Fund,27993.87,INR,UPI,Debit,Investment,Indore,Madhya Pradesh,India
5394,TXN006628,2018-05-04,08:12:59,Blinkit,UPI/Blinkit,3975.21,INR,UPI,Debit,Groceries,Delhi,Delhi,India
5395,TXN006865,2018-05-05,07:53:54,Ace Hardware India,UPI/DR/297615674/Ace Hardware India,6938.25,INR,UPI,Debit,Miscellaneous,Kolkata,West Bengal,India
5396,TXN005808,2018-05-05,19:12:36,General Store,UPI/Paytm/General Store,1777.69,INR,UPI,Debit,Other,Indore,Madhya Pradesh,India
5397,TXN006044,2018-05-05,21:19:25,Nature's Basket,UPI/DR/458028166/Nature's Basket,3680.96,INR,UPI,Debit,Groceries,Delhi,Delhi,India
5398,TXN006917,2018-05-06,08:15:44,Chaayos,UPI/Chaayos,2367.2,INR,UPI,Debit,Food,Indore,Madhya Pradesh,India
5399,TXN006168,2018-05-06,15:17:48,Third Wave Coffee,UPI/DR/878678109/Third Wave Coffee,1032.42,INR,UPI,Debit,Food,Pune,Maharashtra,India
5400,TXN006171,2018-05-06,20:08:01,HPCL,POS Purchase HPCL,2060.4,INR,Debit Card,Debit,Fuel,Jaipur,Rajasthan,India
5401,TXN006716,2018-05-07,01:23:54,HDFC Ergo,Net Banking Insurance Premium HDFC Ergo,24320.46,INR,Net Banking,Debit,Insurance,Surat,Gujarat,India
5402,TXN005930,2018-05-07,14:40:23,Laundry,UPI/Paytm/Laundry,1394.48,INR,UPI,Debit,Other,Kolkata,West Bengal,India
5403,TXN006540,2018-05-07,17:40:46,Municipal Water Department,Net Banking Municipal Water Department,5930.75,INR,Net Banking,Debit,Bills,Kochi,Kerala,India
5404,TXN006574,2018-05-08,06:42:57,Jio,NEFT Jio,2019.51,INR,NEFT,Debit,Bills,Pune,Maharashtra,India
5405,TXN005299,2018-05-08,09:10:10,Income Tax Payment,Net Banking Income Tax Payment,25860.21,INR,Net Banking,Debit,Bills,Surat,Gujarat,India
5406,TXN006359,2018-05-09,02:54:40,Reliance Fresh,UPI/DR/578869802/Reliance Fresh,2334.24,INR,UPI,Debit,Groceries,Delhi,Delhi,India
5407,TXN006279,2018-05-09,03:52:01,Home Depot India,UPI/Home Depot India,92.01,INR,UPI,Debit,Miscellaneous,Jaipur,Rajasthan,India
5408,TXN006495,2018-05-09,16:53:50,Chaayos,UPI/Paytm/Chaayos,2003.52,INR,UPI,Debit,Food,Indore,Madhya Pradesh,India
5409,TXN006595,2018-05-10,08:03:58,HPCL,POS Purchase HPCL,1269.38,INR,Debit Card,Debit,Fuel,Chennai,Tamil Nadu,India
5410,TXN005371,2018-05-11,00:48:01,Flipkart,UPI/Flipkart,8235.19,INR,UPI,Debit,Shopping,Hyderabad,Telangana,India
5411,TXN006934,2018-05-11,10:55:39,The Beer Cafe,UPI/The Beer Cafe,261.49,INR,UPI,Debit,Food,Kochi,Kerala,India
5412,TXN006401,2018-05-11,13:32:41,Spotify,Auto Debit Spotify,347.02,INR,Auto Debit,Debit,Subscription,Bengaluru,Karnataka,India
5413,TXN006545,2018-05-11,14:36:47,Starbucks India,POS Purchase Starbucks India,1982.15,INR,Credit Card,Debit,Food,Indore,Madhya Pradesh,India
5414,TXN006333,2018-05-11,22:32:55,Pet Shop,UPI/DR/238926282/Pet Shop,1155.83,INR,UPI,Debit,Other,Noida,Uttar Pradesh,India
5415,TXN005245,2018-05-11,23:43:58,Tata Power,Net Banking Tata Power,15376.84,INR,Net Banking,Debit,Bills,Delhi,Delhi,India
5416,TXN006990,2018-05-12,15:38:26,Nykaa,UPI/DR/964062922/Nykaa,10396.72,INR,UPI,Debit,Shopping,Mumbai,Maharashtra,India
5417,TXN005677,2018-05-12,21:38:38,Airtel,Auto Debit Airtel,6283.57,INR,Auto Debit,Debit,Bills,Surat,Gujarat,India
5418,TXN005857,2018-05-13,06:06:31,Tailor,UPI/Tailor,360.03,INR,UPI,Debit,Other,Kolkata,West Bengal,India
5419,TXN005221,2018-05-13,07:32:35,Laundry,UPI/Paytm/Laundry,953.12,INR,UPI,Debit,Other,Ahmedabad,Gujarat,India
5420,TXN006706,2018-05-13,10:26:57,Amazon India,UPI/Amazon India,5646.41,INR,UPI,Debit,Shopping,Kolkata,West Bengal,India
5421,TXN005244,2018-05-13,12:35:24,Third Wave Coffee,UPI/Third Wave Coffee,1793.43,INR,UPI,Debit,Food,Delhi,Delhi,India
5422,TXN006810,2018-05-14,14:55:39,BookMyShow,UPI/DR/514008800/BookMyShow,1786.87,INR,UPI,Debit,Entertainment,Noida,Uttar Pradesh,India
5423,TXN005655,2018-05-14,15:07:56,Indane Gas,Net Banking Indane Gas,10791.08,INR,Net Banking,Debit,Bills,Kolkata,West Bengal,India
5424,TXN005205,2018-05-14,18:35:35,Meesho,POS Purchase Meesho,7002.46,INR,Debit Card,Debit,Shopping,Lucknow,Uttar Pradesh,India
5425,TXN006226,2018-05-14,21:26:50,Uber,POS Purchase Uber,2694.69,INR,Debit Card,Debit,Miscellaneous,Noida,Uttar Pradesh,India
5426,TXN006927,2018-05-16,12:51:43,EatClub,POS Purchase EatClub,404.11,INR,Credit Card,Debit,Food,Mumbai,Maharashtra,India
5427,TXN005966,2018-05-16,14:24:45,DMart,UPI/DMart,1704.01,INR,UPI,Debit,Groceries,Delhi,Delhi,India
5428,TXN006243,2018-05-16,17:02:37,ATM,ATM Cash Withdrawal,3890.43,INR,Cash Withdrawal,Debit,Other,Kochi,Kerala,India
5429,TXN006685,2018-05-17,11:23:54,BSNL,UPI/BSNL,15707.89,INR,UPI,Debit,Bills,Surat,Gujarat,India
5430,TXN006062,2018-05-17,17:24:49,Zomato,UPI/Paytm/Zomato,2088.5,INR,UPI,Debit,Food,Kolkata,West Bengal,India
5431,TXN006650,2018-05-17,20:15:52,Indian Oil,POS Purchase Indian Oil,1327.96,INR,Debit Card,Debit,Fuel,Delhi,Delhi,India
5432,TXN005488,2018-05-17,21:09:04,EMI Home Loan,Net Banking EMI Home Loan,6010.01,INR,Net Banking,Debit,Bills,Noida,Uttar Pradesh,India
5433,TXN005734,2018-05-18,02:25:23,BigBasket,UPI/Paytm/BigBasket,2084.99,INR,UPI,Debit,Groceries,Kochi,Kerala,India
5434,TXN005749,2018-05-18,08:57:36,Cafe Coffee Day,POS Purchase Cafe Coffee Day,2423.9,INR,Debit Card,Debit,Food,Noida,Uttar Pradesh,India
5435,TXN005727,2018-05-18,10:56:30,BigBasket,POS Purchase BigBasket,327.07,INR,Debit Card,Debit,Groceries,Pune,Maharashtra,India
5436,TXN005350,2018-05-18,15:17:12,The Beer Cafe,POS Purchase The Beer Cafe,2787.47,INR,Credit Card,Debit,Food,Nagpur,Maharashtra,India
5437,TXN005915,2018-05-18,15:45:41,Street Food Vendor,UPI/Paytm/Street Food Vendor,252.62,INR,UPI,Debit,Other,Nagpur,Maharashtra,India
5438,TXN006428,2018-05-18,16:22:14,Local Services,UPI/DR/577283948/Local Services,2124.09,INR,UPI,Debit,Other,Pune,Maharashtra,India
5439,TXN006582,2018-05-18,18:22:17,Blinkit,UPI/Blinkit,3156.44,INR,UPI,Debit,Groceries,Noida,Uttar Pradesh,India
5440,TXN005928,2018-05-19,00:11:29,Stationery Shop,UPI/DR/584135007/Stationery Shop,1547.64,INR,UPI,Debit,Other,Hyderabad,Telangana,India
5441,TXN005183,2018-05-19,11:42:47,Bharat Gas,Auto Debit Bharat Gas,471.06,INR,Auto Debit,Debit,Bills,Bengaluru,Karnataka,India
5442,TXN005600,2018-05-19,16:56:36,Third Wave Coffee,POS Purchase Third Wave Coffee,1951.12,INR,Debit Card,Debit,Food,Pune,Maharashtra,India
5443,TXN006059,2018-05-21,01:37:11,PharmEasy,UPI/PharmEasy,1466.73,INR,UPI,Debit,Miscellaneous,Kolkata,West Bengal,India
5444,TXN006802,2018-05-22,10:20:55,Cafe Coffee Day,UPI/Cafe Coffee Day,306.16,INR,UPI,Debit,Food,Mumbai,Maharashtra,India
5445,TXN006341,2018-05-22,14:42:28,HDFC Ergo,Net Banking Insurance Premium HDFC Ergo,5629.04,INR,Net Banking,Debit,Insurance,Hyderabad,Telangana,India
5446,TXN005455,2018-05-22,15:40:34,Reliance Fresh,UPI/DR/299451515/Reliance Fresh,3277.35,INR,UPI,Debit,Groceries,Jaipur,Rajasthan,India
5447,TXN006128,2018-05-23,02:09:13,General Store,UPI/Paytm/General Store,1438.68,INR,UPI,Debit,Other,Indore,Madhya Pradesh,India
5448,TXN006528,2018-05-23,03:55:33,EMI Personal Loan,Auto Debit EMI Personal Loan,4375.58,INR,Auto Debit,Debit,Bills,Nagpur,Maharashtra,India
5449,TXN006121,2018-05-23,09:01:25,LIC,Insurance Premium LIC,17904.66,INR,Auto Debit,Debit,Insurance,Ahmedabad,Gujarat,India
5450,TXN006445,2018-05-23,10:36:40,HPCL,POS Purchase HPCL,3657.34,INR,Debit Card,Debit,Fuel,Jaipur,Rajasthan,India
5451,TXN005535,2018-05-24,01:53:49,Ajio,POS Purchase Ajio,7933.98,INR,Credit Card,Debit,Shopping,Bengaluru,Karnataka,India
5452,TXN006876,2018-05-24,09:59:25,BPCL,POS Purchase BPCL,2798.39,INR,Debit Card,Debit,Fuel,Chennai,Tamil Nadu,India
5453,TXN005615,2018-05-24,13:25:24,Indian Oil,UPI/DR/378556835/Indian Oil,2322.44,INR,UPI,Debit,Fuel,Nagpur,Maharashtra,India
5454,TXN006617,2018-05-24,13:56:55,Cafe Coffee Day,UPI/DR/106238675/Cafe Coffee Day,2981.9,INR,UPI,Debit,Food,Bengaluru,Karnataka,India
5455,TXN005736,2018-05-24,18:36:42,Reliance Fresh,UPI/Reliance Fresh,420.52,INR,UPI,Debit,Groceries,Kochi,Kerala,India
5456,TXN005311,2018-05-25,19:26:15,Blinkit,UPI/DR/512477736/Blinkit,1439.61,INR,UPI,Debit,Groceries,Hyderabad,Telangana,India
5457,TXN005556,2018-05-26,16:55:23,Airtel,NEFT Airtel,13456.46,INR,NEFT,Debit,Bills,Kochi,Kerala,India
5458,TXN006688,2018-05-27,00:44:27,Ajio,POS Purchase Ajio,1273.55,INR,Credit Card,Debit,Shopping,Chennai,Tamil Nadu,India
5459,TXN005768,2018-05-27,14:50:44,Indane Gas,Net Banking Indane Gas,9912.34,INR,Net Banking,Debit,Bills,Kochi,Kerala,India
5460,TXN006065,2018-05-27,16:28:26,Local Barbershop,POS Purchase Local Barbershop,2400.61,INR,Debit Card,Debit,Miscellaneous,Pune,Maharashtra,India
5461,TXN005904,2018-05-27,16:43:39,Income Tax Payment,Net Banking Income Tax Payment,9503.88,INR,Net Banking,Debit,Bills,Mumbai,Maharashtra,India
5462,TXN006830,2018-05-27,23:21:28,Jio,Auto Debit Jio,10530.67,INR,Auto Debit,Debit,Bills,Indore,Madhya Pradesh,India
5463,TXN005593,2018-05-28,18:44:25,Third Wave Coffee,POS Purchase Third Wave Coffee,1413.29,INR,Debit Card,Debit,Food,Surat,Gujarat,India
5464,TXN006360,2018-05-29,05:50:15,Jio,Net Banking Jio,2770.87,INR,Net Banking,Debit,Bills,Kolkata,West Bengal,India
5465,TXN006239,2018-05-29,06:45:24,BEST,UPI/DR/837502201/BEST,15742.03,INR,UPI,Debit,Bills,Ahmedabad,Gujarat,India
5466,TXN006785,2018-05-29,09:00:20,Starbucks India,POS Purchase Starbucks India,2494.39,INR,Debit Card,Debit,Food,Noida,Uttar Pradesh,India
5467,TXN006404,2018-05-29,17:54:03,Reliance Fresh,UPI/Paytm/Reliance Fresh,3866.25,INR,UPI,Debit,Groceries,Jaipur,Rajasthan,India
5468,TXN006558,2018-05-29,18:55:51,Jio,NEFT Jio,8215.42,INR,NEFT,Debit,Bills,Jaipur,Rajasthan,India
5469,TXN005267,2018-05-29,19:22:15,Jio Fiber,Auto Debit Jio Fiber,10658.14,INR,Auto Debit,Debit,Bills,Hyderabad,Telangana,India
5470,TXN005771,2018-05-29,19:27:05,Spotify,Auto Debit Spotify,300.93,INR,Auto Debit,Debit,Subscription,Bengaluru,Karnataka,India
5471,TXN005472,2018-05-29,21:25:31,EMI Personal Loan,NEFT EMI Personal Loan,9351.26,INR,NEFT,Debit,Bills,Ahmedabad,Gujarat,India
5472,TXN006589,2018-05-30,00:06:24,Indian Oil,POS Purchase Indian Oil,1106.96,INR,Credit Card,Debit,Fuel,Kochi,Kerala,India
5473,TXN005188,2018-05-30,06:41:40,HP Gas,Auto Debit HP Gas,11048.44,INR,Auto Debit,Debit,Bills,Nagpur,Maharashtra,India
5474,TXN005354,2018-05-30,07:00:16,BEST,Auto Debit BEST,11740.33,INR,Auto Debit,Debit,Bills,Kolkata,West Bengal,India
5475,TXN005339,2018-05-30,09:45:05,HP Gas,Auto Debit HP Gas,1977.19,INR,Auto Debit,Debit,Bills,Pune,Maharashtra,India
5476,TXN006154,2018-05-30,11:22:10,Local Services,UPI/DR/722503273/Local Services,318.98,INR,UPI,Debit,Other,Hyderabad,Telangana,India
5477,TXN005890,2018-05-30,11:43:23,Local Wine & Beer Shop,UPI/Local Wine & Beer Shop,2326.75,INR,UPI,Debit,Food,Jaipur,Rajasthan,India
5478,TXN005838,2018-05-30,12:04:34,EMI Personal Loan,Auto Debit EMI Personal Loan,20176.75,INR,Auto Debit,Debit,Bills,Mumbai,Maharashtra,India
5479,TXN005955,2018-05-30,14:57:55,EMI Home Loan,Auto Debit EMI Home Loan,16160.96,INR,Auto Debit,Debit,Bills,Jaipur,Rajasthan,India
5480,TXN005258,2018-05-31,02:58:14,Uber,POS Purchase Uber,1682.93,INR,Debit Card,Debit,Miscellaneous,Nagpur,Maharashtra,India
5481,TXN005077,2018-05-31,07:30:39,Bharat Gas,Auto Debit Bharat Gas,10664.92,INR,Auto Debit,Debit,Bills,Lucknow,Uttar Pradesh,India
5482,TXN005378,2018-05-31,09:17:03,BSNL,Auto Debit BSNL,13382.34,INR,Auto Debit,Debit,Bills,Delhi,Delhi,India
5483,TXN006317,2018-05-31,14:41:13,Reliance Fresh,POS Purchase Reliance Fresh,2200.16,INR,Debit Card,Debit,Groceries,Mumbai,Maharashtra,India
5484,TXN006948,2018-05-31,19:30:42,Indane Gas,NEFT Indane Gas,7202.96,INR,NEFT,Debit,Bills,Kolkata,West Bengal,India
5485,TXN006105,2018-06-01,06:33:40,Spotify,Auto Debit Spotify,549.81,INR,Auto Debit,Debit,Subscription,Indore,Madhya Pradesh,India
5486,TXN005586,2018-06-01,23:58:51,Disney+ Hotstar,UPI/DR/443328397/Disney+ Hotstar,831.42,INR,Credit Card,Debit,Subscription,Delhi,Delhi,India
5487,TXN005971,2018-06-02,00:39:35,BigBasket,UPI/BigBasket,927.36,INR,UPI,Debit,Groceries,Hyderabad,Telangana,India
5488,TXN006676,2018-06-02,04:20:09,EMI Personal Loan,NEFT EMI Personal Loan,16629.58,INR,NEFT,Debit,Bills,Kochi,Kerala,India
5489,TXN006438,2018-06-02,07:14:46,ATM,ATM Cash Withdrawal,4785.0,INR,Cash Withdrawal,Debit,Other,Surat,Gujarat,India
5490,TXN005255,2018-06-02,08:03:41,SBI Mutual Fund,SIP Investment SBI Mutual Fund,7945.64,INR,Auto Debit,Debit,Investment,Noida,Uttar Pradesh,India
5491,TXN005744,2018-06-02,09:32:41,Employer Salary Credit,NEFT Salary Credit,82756.63,INR,IMPS,Credit,Salary,Chennai,Tamil Nadu,India
5492,TXN005151,2018-06-02,10:35:48,Street Food Vendor,UPI/DR/470574014/Street Food Vendor,293.72,INR,UPI,Debit,Other,Kolkata,West Bengal,India
5493,TXN006020,2018-06-02,17:46:53,Employer Salary Credit,NEFT Salary Credit,148020.81,INR,IMPS,Credit,Salary,Nagpur,Maharashtra,India
5494,TXN005733,2018-06-02,18:46:54,Indian Oil,POS Purchase Indian Oil,3211.6,INR,Debit Card,Debit,Fuel,Surat,Gujarat,India
5495,TXN006691,2018-06-03,15:47:08,Disney+ Hotstar,POS Purchase Disney+ Hotstar,458.78,INR,Debit Card,Debit,Entertainment,Pune,Maharashtra,India
5496,TXN006943,2018-06-03,17:01:06,Interest Credit,Interest Credit Savings Account,1155.43,INR,NEFT,Credit,Salary,Surat,Gujarat,India
5497,TXN005521,2018-06-04,11:34:22,EatClub,UPI/DR/125673445/EatClub,1326.98,INR,UPI,Debit,Food,Noida,Uttar Pradesh,India
5498,TXN005398,2018-06-04,14:23:03,PharmEasy,UPI/Paytm/PharmEasy,461.52,INR,UPI,Debit,Miscellaneous,Mumbai,Maharashtra,India
5499,TXN006926,2018-06-04,15:47:59,Employer Salary Credit,NEFT Salary Credit,47528.1,INR,IMPS,Credit,Salary,Delhi,Delhi,India
5500,TXN006562,2018-06-04,21:53:10,House Rent Payment,NEFT House Rent Payment,45770.84,INR,NEFT,Debit,Rent,Lucknow,Uttar Pradesh,India
5501,TXN005490,2018-06-05,21:28:55,Bharat Gas,UPI/Paytm/Bharat Gas,8634.69,INR,UPI,Debit,Bills,Kochi,Kerala,India
5502,TXN005882,2018-06-06,12:28:48,Amazon Prime,UPI/Paytm/Amazon Prime,1514.13,INR,UPI,Debit,Entertainment,Kolkata,West Bengal,India
5503,TXN006173,2018-06-06,19:06:48,Jio Fiber,Auto Debit Jio Fiber,14062.72,INR,Auto Debit,Debit,Bills,Noida,Uttar Pradesh,India
5504,TXN005018,2018-06-06,21:27:38,BookMyShow,POS Purchase BookMyShow,1936.38,INR,Debit Card,Debit,Entertainment,Kolkata,West Bengal,India
5505,TXN006019,2018-06-07,13:49:24,Airtel,NEFT Airtel,7419.23,INR,NEFT,Debit,Bills,Indore,Madhya Pradesh,India
5506,TXN005418,2018-06-07,14:45:50,Interest Credit,Interest Credit Savings Account,655.16,INR,NEFT,Credit,Salary,Surat,Gujarat,India
5507,TXN005875,2018-06-08,04:08:16,BPCL,POS Purchase BPCL,4507.05,INR,Debit Card,Debit,Fuel,Nagpur,Maharashtra,India
5508,TXN006862,2018-06-08,08:51:31,EatClub,UPI/DR/872172887/EatClub,767.02,INR,UPI,Debit,Food,Delhi,Delhi,India
5509,TXN005248,2018-06-08,16:49:34,Local Hardware Store,UPI/Local Hardware Store,5798.73,INR,UPI,Debit,Miscellaneous,Nagpur,Maharashtra,India
5510,TXN005529,2018-06-09,10:26:07,BookMyShow,UPI/DR/600422869/BookMyShow,1604.52,INR,UPI,Debit,Entertainment,Nagpur,Maharashtra,India
5511,TXN006657,2018-06-09,23:46:27,EMI Personal Loan,Auto Debit EMI Personal Loan,22342.09,INR,Auto Debit,Debit,Bills,Indore,Madhya Pradesh,India
5512,TXN006180,2018-06-10,12:16:31,Adani Electricity,Net Banking Adani Electricity,15589.49,INR,Net Banking,Debit,Bills,Noida,Uttar Pradesh,India
5513,TXN006306,2018-06-10,14:48:32,Myntra,UPI/Paytm/Myntra,4781.87,INR,UPI,Debit,Shopping,Pune,Maharashtra,India
5514,TXN005126,2018-06-10,17:30:18,McDonald's India,UPI/DR/840206617/McDonald's India,2562.17,INR,UPI,Debit,Food,Kochi,Kerala,India
5515,TXN005531,2018-06-11,22:44:38,Spotify,UPI/DR/987325945/Spotify,811.26,INR,Credit Card,Debit,Subscription,Kochi,Kerala,India
5516,TXN006760,2018-06-12,02:01:27,BPCL,POS Purchase BPCL,963.75,INR,Credit Card,Debit,Fuel,Nagpur,Maharashtra,India
5517,TXN005482,2018-06-12,08:05:41,Income Tax Payment,NEFT Income Tax Payment,29671.17,INR,NEFT,Debit,Bills,Jaipur,Rajasthan,India
5518,TXN006555,2018-06-13,12:21:27,Tata Play,UPI/Paytm/Tata Play,719.7,INR,Credit Card,Debit,Subscription,Ahmedabad,Gujarat,India
5519,TXN006770,2018-06-14,21:36:40,Indian Oil,FASTag Recharge,1336.37,INR,UPI,Debit,Fuel,Noida,Uttar Pradesh,India
5520,TXN006512,2018-06-15,02:41:45,Jio Fiber,Auto Debit Jio Fiber,9274.23,INR,Auto Debit,Debit,Bills,Indore,Madhya Pradesh,India
5521,TXN006114,2018-06-15,13:36:08,KFC,UPI/KFC,1517.56,INR,UPI,Debit,Food,Surat,Gujarat,India
5522,TXN006887,2018-06-15,16:51:50,Myntra,POS Purchase Myntra,5915.14,INR,Debit Card,Debit,Shopping,Nagpur,Maharashtra,India
5523,TXN006507,2018-06-16,13:16:49,HP Gas,Auto Debit HP Gas,2600.62,INR,Auto Debit,Debit,Bills,Ahmedabad,Gujarat,India
5524,TXN005351,2018-06-16,20:16:45,Tata 1mg,POS Purchase Tata 1mg,2898.58,INR,Debit Card,Debit,Miscellaneous,Nagpur,Maharashtra,India
5525,TXN006178,2018-06-18,12:45:24,Faasos,UPI/Faasos,2062.04,INR,UPI,Debit,Food,Lucknow,Uttar Pradesh,India
5526,TXN005572,2018-06-18,13:10:03,HP Gas,Net Banking HP Gas,4661.64,INR,Net Banking,Debit,Bills,Noida,Uttar Pradesh,India
5527,TXN005251,2018-06-19,13:23:43,Flipkart,UPI/Flipkart,6564.52,INR,UPI,Debit,Shopping,Delhi,Delhi,India
5528,TXN006779,2018-06-19,19:31:27,Faasos,POS Purchase Faasos,712.47,INR,Debit Card,Debit,Food,Surat,Gujarat,India
5529,TXN005439,2018-06-20,08:36:41,Starbucks India,POS Purchase Starbucks India,2692.07,INR,Debit Card,Debit,Food,Chennai,Tamil Nadu,India
5530,TXN006190,2018-06-20,11:27:12,Netflix,POS Purchase Netflix,730.15,INR,Debit Card,Debit,Entertainment,Pune,Maharashtra,India
5531,TXN005567,2018-06-20,11:34:24,Airtel Digital TV,UPI/DR/506639535/Airtel Digital TV,760.16,INR,Credit Card,Debit,Subscription,Indore,Madhya Pradesh,India
5532,TXN005652,2018-06-20,23:03:54,DMart,UPI/Paytm/DMart,3680.25,INR,UPI,Debit,Groceries,Kolkata,West Bengal,India
5533,TXN006283,2018-06-20,23:44:28,Home Depot India,POS Purchase Home Depot India,2686.17,INR,Credit Card,Debit,Miscellaneous,Lucknow,Uttar Pradesh,India
5534,TXN006477,2018-06-21,09:52:20,Cafe Coffee Day,UPI/Paytm/Cafe Coffee Day,312.45,INR,UPI,Debit,Food,Delhi,Delhi,India
5535,TXN006142,2018-06-21,10:52:54,BEST,Net Banking BEST,4202.84,INR,Net Banking,Debit,Bills,Bengaluru,Karnataka,India
5536,TXN005100,2018-06-21,23:45:07,Nykaa,POS Purchase Nykaa,1720.03,INR,Debit Card,Debit,Shopping,Mumbai,Maharashtra,India
5537,TXN006537,2018-06-22,03:30:42,Nature's Basket,POS Purchase Nature's Basket,621.76,INR,Credit Card,Debit,Groceries,Bengaluru,Karnataka,India
5538,TXN006233,2018-06-24,03:00:45,Ajio,POS Purchase Ajio,13932.55,INR,Net Banking,Debit,Shopping,Indore,Madhya Pradesh,India
5539,TXN005570,2018-06-24,05:46:04,ATM,ATM Cash Withdrawal,4180.85,INR,Cash Withdrawal,Debit,Other,Noida,Uttar Pradesh,India
5540,TXN005649,2018-06-24,11:57:28,HDFC Ergo,Net Banking Insurance Premium HDFC Ergo,18171.0,INR,Net Banking,Debit,Insurance,Kolkata,West Bengal,India
5541,TXN006868,2018-06-24,16:12:30,EatClub,UPI/Paytm/EatClub,716.84,INR,UPI,Debit,Food,Noida,Uttar Pradesh,India
5542,TXN006448,2018-06-25,17:11:02,Spotify,Auto Debit Spotify,341.12,INR,Auto Debit,Debit,Subscription,Mumbai,Maharashtra,India
5543,TXN005407,2018-06-25,20:21:36,Swiggy,UPI/DR/792463878/Swiggy,761.51,INR,UPI,Debit,Food,Lucknow,Uttar Pradesh,India
5544,TXN006149,2018-06-26,00:47:52,Netflix,POS Purchase Netflix,1386.53,INR,Debit Card,Debit,Entertainment,Pune,Maharashtra,India
5545,TXN006249,2018-06-26,01:30:16,Adani Electricity,Auto Debit Adani Electricity,5624.76,INR,Auto Debit,Debit,Bills,Chennai,Tamil Nadu,India
5546,TXN005836,2018-06-26,10:26:19,Credit Card Bill Payment,Net Banking Credit Card Bill Payment,10176.84,INR,Net Banking,Debit,Bills,Pune,Maharashtra,India
5547,TXN005647,2018-06-26,11:51:43,Credit Card Bill Payment,NEFT Credit Card Bill Payment,2674.14,INR,NEFT,Debit,Bills,Lucknow,Uttar Pradesh,India
5548,TXN006707,2018-06-26,12:30:37,BEST,Net Banking BEST,681.85,INR,Net Banking,Debit,Bills,Ahmedabad,Gujarat,India
5549,TXN005163,2018-06-26,12:39:43,EMI Home Loan,Net Banking EMI Home Loan,19672.61,INR,Net Banking,Debit,Bills,Jaipur,Rajasthan,India
5550,TXN006056,2018-06-26,12:52:50,Swiggy,POS Purchase Swiggy,1410.31,INR,Debit Card,Debit,Food,Ahmedabad,Gujarat,India
5551,TXN006362,2018-06-26,15:17:38,Jio Fiber,Auto Debit Jio Fiber,13338.65,INR,Auto Debit,Debit,Bills,Nagpur,Maharashtra,India
5552,TXN005075,2018-06-26,21:40:39,Jio,Auto Debit Jio,2445.77,INR,Auto Debit,Debit,Bills,Chennai,Tamil Nadu,India
5553,TXN006773,2018-06-27,03:57:13,Jio,NEFT Jio,13759.86,INR,NEFT,Debit,Bills,Lucknow,Uttar Pradesh,India
5554,TXN005608,2018-06-27,07:16:38,Dish TV,UPI/Dish TV,693.39,INR,UPI,Debit,Subscription,Jaipur,Rajasthan,India
5555,TXN005719,2018-06-27,08:12:07,EMI Personal Loan,Auto Debit EMI Personal Loan,11951.98,INR,Auto Debit,Debit,Bills,Jaipur,Rajasthan,India
5556,TXN005456,2018-06-27,15:18:08,Indane Gas,Net Banking Indane Gas,2359.42,INR,Net Banking,Debit,Bills,Indore,Madhya Pradesh,India
5557,TXN005601,2018-06-27,21:03:15,Swiggy,UPI/Swiggy,904.09,INR,UPI,Debit,Food,Hyderabad,Telangana,India
5558,TXN005192,2018-06-28,04:00:22,Mobile Repair,UPI/Mobile Repair,2020.95,INR,UPI,Debit,Other,Hyderabad,Telangana,India
5559,TXN006882,2018-06-28,12:48:26,BEST,Net Banking BEST,9739.87,INR,Net Banking,Debit,Bills,Kolkata,West Bengal,India
5560,TXN006299,2018-06-28,16:02:51,BSNL,NEFT BSNL,5934.78,INR,NEFT,Debit,Bills,Mumbai,Maharashtra,India
5561,TXN005293,2018-06-28,16:14:07,Income Tax Payment,NEFT Income Tax Payment,3553.01,INR,NEFT,Debit,Bills,Mumbai,Maharashtra,India
5562,TXN006875,2018-06-28,18:21:29,BEST,Net Banking BEST,14743.22,INR,Net Banking,Debit,Bills,Delhi,Delhi,India
5563,TXN005932,2018-06-28,21:55:09,HP Gas,Net Banking HP Gas,11812.24,INR,Net Banking,Debit,Bills,Surat,Gujarat,India
5564,TXN005553,2018-06-29,01:14:38,Adani Electricity,Auto Debit Adani Electricity,11464.4,INR,Auto Debit,Debit,Bills,Pune,Maharashtra,India
5565,TXN006125,2018-06-29,11:00:18,Tata Power,Auto Debit Tata Power,306.47,INR,Auto Debit,Debit,Bills,Delhi,Delhi,India
5566,TXN005347,2018-06-29,12:50:31,HPCL,UPI/HPCL,3873.07,INR,UPI,Debit,Fuel,Ahmedabad,Gujarat,India
5567,TXN005379,2018-06-29,13:35:31,Jio,Net Banking Jio,6380.31,INR,Net Banking,Debit,Bills,Pune,Maharashtra,India
5568,TXN005954,2018-06-29,15:58:30,Swiggy,UPI/DR/822062338/Swiggy,1363.37,INR,UPI,Debit,Food,Delhi,Delhi,India
5569,TXN005781,2018-06-29,17:04:32,Jio Fiber,Net Banking Jio Fiber,11478.72,INR,Net Banking,Debit,Bills,Chennai,Tamil Nadu,India
5570,TXN006131,2018-06-30,18:48:58,Income Tax Payment,Net Banking Income Tax Payment,6325.86,INR,Net Banking,Debit,Bills,Bengaluru,Karnataka,India
5571,TXN006998,2018-06-30,22:14:18,BSNL,Auto Debit BSNL,11631.68,INR,Auto Debit,Debit,Bills,Bengaluru,Karnataka,India
5572,TXN005550,2018-06-30,23:44:22,Local Hardware Store,UPI/DR/965661638/Local Hardware Store,5551.58,INR,UPI,Debit,Miscellaneous,Indore,Madhya Pradesh,India
5573,TXN005919,2018-07-01,14:55:39,Zepto,POS Purchase Zepto,1698.48,INR,Credit Card,Debit,Groceries,Lucknow,Uttar Pradesh,India
5574,TXN006807,2018-07-01,15:03:13,House Rent Payment,Net Banking House Rent Payment,18194.25,INR,Net Banking,Debit,Rent,Kochi,Kerala,India
5575,TXN006381,2018-07-01,21:34:39,House Rent Payment,UPI House Rent Payment,16716.97,INR,UPI,Debit,Rent,Pune,Maharashtra,India
5576,TXN006984,2018-07-02,22:16:39,Jio,Auto Debit Jio,12118.25,INR,Auto Debit,Debit,Bills,Ahmedabad,Gujarat,India
5577,TXN005933,2018-07-03,01:26:19,Airtel,NEFT Airtel,15122.41,INR,NEFT,Debit,Bills,Surat,Gujarat,India
5578,TXN006431,2018-07-03,02:22:57,Ace Hardware India,UPI/DR/792944501/Ace Hardware India,1582.11,INR,UPI,Debit,Miscellaneous,Bengaluru,Karnataka,India
5579,TXN006033,2018-07-03,02:40:29,Mutual Fund SIP,UPI/DR/809182681/Mutual Fund SIP,7465.22,INR,UPI,Debit,Investment,Delhi,Delhi,India
5580,TXN006104,2018-07-03,03:10:17,Indian Oil,POS Purchase Indian Oil,4197.65,INR,Debit Card,Debit,Fuel,Kochi,Kerala,India
5581,TXN005402,2018-07-03,16:09:15,Social,UPI/Social,2423.4,INR,UPI,Debit,Food,Delhi,Delhi,India
5582,TXN006957,2018-07-04,00:10:07,Income Tax Payment,NEFT Income Tax Payment,15720.84,INR,NEFT,Debit,Bills,Surat,Gujarat,India
5583,TXN006933,2018-07-04,08:16:55,Airtel Digital TV,Auto Debit Airtel Digital TV,798.45,INR,Auto Debit,Debit,Subscription,Indore,Madhya Pradesh,India
5584,TXN006406,2018-07-04,19:44:29,Employer Salary Credit,NEFT Salary Credit,238163.14,INR,IMPS,Credit,Salary,Mumbai,Maharashtra,India
5585,TXN005839,2018-07-05,12:53:00,Nature's Basket,UPI/DR/977516280/Nature's Basket,573.37,INR,UPI,Debit,Groceries,Kolkata,West Bengal,India
5586,TXN006229,2018-07-06,12:53:56,Tata Play,Auto Debit Tata Play,456.84,INR,Auto Debit,Debit,Subscription,Mumbai,Maharashtra,India
5587,TXN006521,2018-07-07,08:57:55,Tailor,UPI/Tailor,42.45,INR,UPI,Debit,Other,Pune,Maharashtra,India
5588,TXN005447,2018-07-08,21:27:25,Myntra,POS Purchase Myntra,6436.47,INR,Credit Card,Debit,Shopping,Ahmedabad,Gujarat,India
5589,TXN006115,2018-07-08,22:02:42,Amazon India,POS Purchase Amazon India,14282.7,INR,Credit Card,Debit,Shopping,Bengaluru,Karnataka,India
5590,TXN006092,2018-07-09,13:40:29,Third Wave Coffee,POS Purchase Third Wave Coffee,2251.94,INR,Debit Card,Debit,Food,Indore,Madhya Pradesh,India
5591,TXN006625,2018-07-11,03:55:16,Airtel,Auto Debit Airtel,12728.27,INR,Auto Debit,Debit,Bills,Lucknow,Uttar Pradesh,India
5592,TXN005834,2018-07-12,08:34:01,The Beer Cafe,UPI/The Beer Cafe,1012.16,INR,UPI,Debit,Food,Chennai,Tamil Nadu,India
5593,TXN006146,2018-07-12,16:39:44,EatClub,POS Purchase EatClub,463.83,INR,Debit Card,Debit,Food,Nagpur,Maharashtra,India
5594,TXN006530,2018-07-12,20:52:20,Amazon India,POS Purchase Amazon India,10256.64,INR,Credit Card,Debit,Shopping,Kochi,Kerala,India
5595,TXN006237,2018-07-13,04:01:18,Local Store,UPI/DR/950901243/Local Store,711.32,INR,UPI,Debit,Other,Chennai,Tamil Nadu,India
5596,TXN006420,2018-07-13,09:50:09,EMI Home Loan,NEFT EMI Home Loan,19842.03,INR,NEFT,Debit,Bills,Delhi,Delhi,India
5597,TXN006627,2018-07-13,20:40:09,Jio,UPI/Paytm/Jio,12136.2,INR,UPI,Debit,Bills,Kolkata,West Bengal,India
5598,TXN005790,2018-07-14,06:15:47,Meesho,POS Purchase Meesho,8227.89,INR,Debit Card,Debit,Shopping,Hyderabad,Telangana,India
5599,TXN006418,2018-07-14,12:44:23,Dish TV,Auto Debit Dish TV,526.91,INR,Auto Debit,Debit,Subscription,Lucknow,Uttar Pradesh,India
5600,TXN005573,2018-07-14,17:46:59,Ajio,POS Purchase Ajio,14727.2,INR,Debit Card,Debit,Shopping,Pune,Maharashtra,India
5601,TXN006645,2018-07-14,17:55:32,HPCL,UPI/Paytm/HPCL,4042.33,INR,UPI,Debit,Fuel,Jaipur,Rajasthan,India
5602,TXN005171,2018-07-14,21:48:46,Nykaa,POS Purchase Nykaa,1156.91,INR,Debit Card,Debit,Shopping,Kolkata,West Bengal,India
5603,TXN006531,2018-07-14,23:20:43,Amazon India,Cashback Amazon India,1774.75,INR,Net Banking,Credit,Shopping,Indore,Madhya Pradesh,India
5604,TXN005276,2018-07-15,01:55:41,Credit Card Bill Payment,Auto Debit Credit Card Bill Payment,413.74,INR,Auto Debit,Debit,Bills,Nagpur,Maharashtra,India
5605,TXN006235,2018-07-15,08:18:47,ATM,ATM Cash Withdrawal,1104.96,INR,Cash Withdrawal,Debit,Other,Delhi,Delhi,India
5606,TXN006375,2018-07-16,20:19:51,Fruit Vendor,UPI/Paytm/Fruit Vendor,420.95,INR,UPI,Debit,Other,Kochi,Kerala,India
5607,TXN005706,2018-07-17,05:49:34,BPCL,FASTag Recharge,4858.59,INR,UPI,Debit,Fuel,Noida,Uttar Pradesh,India
5608,TXN005448,2018-07-17,18:27:24,Myntra,Refund Myntra,3841.56,INR,Net Banking,Credit,Shopping,Indore,Madhya Pradesh,India
5609,TXN006836,2018-07-18,14:40:06,McDonald's India,POS Purchase McDonald's India,1351.7,INR,Credit Card,Debit,Food,Noida,Uttar Pradesh,India
5610,TXN006817,2018-07-18,17:17:33,Social,UPI/DR/289671239/Social,866.25,INR,UPI,Debit,Food,Surat,Gujarat,India
5611,TXN006764,2018-07-18,19:49:51,Faasos,UPI/Faasos,2780.55,INR,UPI,Debit,Food,Jaipur,Rajasthan,India
5612,TXN006700,2018-07-19,03:04:23,Nykaa,POS Purchase Nykaa,10644.77,INR,Credit Card,Debit,Shopping,Pune,Maharashtra,India
5613,TXN005775,2018-07-19,16:33:44,Faasos,UPI/Paytm/Faasos,1824.52,INR,UPI,Debit,Food,Ahmedabad,Gujarat,India
5614,TXN006618,2018-07-23,04:25:26,DMart,UPI/DR/143224883/DMart,1809.46,INR,UPI,Debit,Groceries,Mumbai,Maharashtra,India
5615,TXN005321,2018-07-23,14:32:02,KFC,POS Purchase KFC,1972.37,INR,Debit Card,Debit,Food,Lucknow,Uttar Pradesh,India
5616,TXN005024,2018-07-23,17:49:59,BPCL,POS Purchase BPCL,1765.04,INR,Debit Card,Debit,Fuel,Kolkata,West Bengal,India
5617,TXN006735,2018-07-23,18:39:09,Reliance Fresh,UPI/Paytm/Reliance Fresh,1721.37,INR,UPI,Debit,Groceries,Jaipur,Rajasthan,India
5618,TXN005102,2018-07-23,22:53:40,Amazon India,POS Purchase Amazon India,633.36,INR,Credit Card,Debit,Shopping,Chennai,Tamil Nadu,India
5619,TXN006076,2018-07-24,07:04:30,Disney+ Hotstar,Auto Debit Disney+ Hotstar,532.2,INR,Auto Debit,Debit,Subscription,Ahmedabad,Gujarat,India
5620,TXN006132,2018-07-24,16:31:02,KFC,UPI/DR/410808710/KFC,1574.3,INR,UPI,Debit,Food,Kochi,Kerala,India
5621,TXN006205,2018-07-26,00:16:50,Zepto,UPI/Zepto,2188.36,INR,UPI,Debit,Groceries,Pune,Maharashtra,India
5622,TXN005929,2018-07-26,02:16:20,Jio Fiber,NEFT Jio Fiber,5727.09,INR,NEFT,Debit,Bills,Jaipur,Rajasthan,India
5623,TXN006474,2018-07-26,13:58:15,Third Wave Coffee,POS Purchase Third Wave Coffee,997.68,INR,Credit Card,Debit,Food,Hyderabad,Telangana,India
5624,TXN006079,2018-07-27,01:44:36,BSNL,Auto Debit BSNL,11721.37,INR,Auto Debit,Debit,Bills,Lucknow,Uttar Pradesh,India
5625,TXN006811,2018-07-27,02:17:27,Pet Shop,UPI/Pet Shop,708.11,INR,UPI,Debit,Other,Lucknow,Uttar Pradesh,India
5626,TXN005693,2018-07-27,05:47:32,Bharat Gas,Auto Debit Bharat Gas,8467.4,INR,Auto Debit,Debit,Bills,Nagpur,Maharashtra,India
5627,TXN005119,2018-07-27,15:07:52,Adani Electricity,Auto Debit Adani Electricity,10249.27,INR,Auto Debit,Debit,Bills,Kolkata,West Bengal,India
5628,TXN006666,2018-07-27,15:52:10,McDonald's India,UPI/Paytm/McDonald's India,2266.28,INR,UPI,Debit,Food,Ahmedabad,Gujarat,India
5629,TXN006275,2018-07-27,19:16:55,EMI Home Loan,Net Banking EMI Home Loan,9986.91,INR,Net Banking,Debit,Bills,Ahmedabad,Gujarat,India
5630,TXN005766,2018-07-28,15:11:23,Third Wave Coffee,UPI/Paytm/Third Wave Coffee,2480.19,INR,UPI,Debit,Food,Surat,Gujarat,India
5631,TXN005054,2018-07-28,15:16:57,Unknown Merchant,UPI/DR/642678844/Unknown Merchant,587.42,INR,UPI,Debit,Other,Kolkata,West Bengal,India
5632,TXN006916,2018-07-28,16:14:19,Home Depot India,POS Purchase Home Depot India,7994.76,INR,Credit Card,Debit,Miscellaneous,Ahmedabad,Gujarat,India
5633,TXN005391,2018-07-28,18:55:14,BigBasket,UPI/DR/149086585/BigBasket,3574.26,INR,UPI,Debit,Groceries,Nagpur,Maharashtra,India
5634,TXN006497,2018-07-28,19:15:19,Municipal Water Department,Auto Debit Municipal Water Department,1365.27,INR,Auto Debit,Debit,Bills,Indore,Madhya Pradesh,India
5635,TXN005541,2018-07-29,04:02:39,Airtel,Auto Debit Airtel,6364.02,INR,Auto Debit,Debit,Bills,Jaipur,Rajasthan,India
5636,TXN005047,2018-07-29,08:25:08,Mobile Repair,UPI/DR/356287095/Mobile Repair,1411.97,INR,UPI,Debit,Other,Delhi,Delhi,India
5637,TXN005454,2018-07-29,16:24:26,Bharat Gas,Net Banking Bharat Gas,4375.41,INR,Net Banking,Debit,Bills,Bengaluru,Karnataka,India
5638,TXN006641,2018-07-30,08:57:56,Airtel,Net Banking Airtel,6810.0,INR,Net Banking,Debit,Bills,Delhi,Delhi,India
5639,TXN005763,2018-07-30,13:26:23,Third Wave Coffee,POS Purchase Third Wave Coffee,2529.76,INR,Debit Card,Debit,Food,Hyderabad,Telangana,India
5640,TXN006189,2018-07-30,13:31:32,Interest Credit,Interest Credit Savings Account,392.61,INR,NEFT,Credit,Salary,Delhi,Delhi,India
5641,TXN006912,2018-07-30,23:52:22,Municipal Water Department,Net Banking Municipal Water Department,286.44,INR,Net Banking,Debit,Bills,Indore,Madhya Pradesh,India
5642,TXN005523,2018-07-31,01:09:45,Indane Gas,UPI/DR/628311983/Indane Gas,5715.2,INR,UPI,Debit,Bills,Jaipur,Rajasthan,India
5643,TXN006520,2018-07-31,06:11:12,Airtel,UPI/DR/708910536/Airtel,6958.91,INR,UPI,Debit,Bills,Delhi,Delhi,India
5644,TXN006453,2018-07-31,09:27:52,Nature's Basket,UPI/Nature's Basket,4751.33,INR,UPI,Debit,Groceries,Kolkata,West Bengal,India
5645,TXN005998,2018-07-31,11:53:26,Airtel,Auto Debit Airtel,4099.32,INR,Auto Debit,Debit,Bills,Indore,Madhya Pradesh,India
5646,TXN006399,2018-07-31,16:16:22,Indane Gas,Auto Debit Indane Gas,793.88,INR,Auto Debit,Debit,Bills,Delhi,Delhi,India
5647,TXN006037,2018-07-31,20:31:06,BEST,Auto Debit BEST,13942.99,INR,Auto Debit,Debit,Bills,Mumbai,Maharashtra,India
5648,TXN005791,2018-07-31,21:39:22,Burger King,UPI/Burger King,1073.05,INR,UPI,Debit,Food,Indore,Madhya Pradesh,India
5649,TXN005850,2018-07-31,23:29:17,Adani Electricity,Auto Debit Adani Electricity,14008.27,INR,Auto Debit,Debit,Bills,Ahmedabad,Gujarat,India
5650,TXN006861,2018-07-31,23:31:08,Indane Gas,Auto Debit Indane Gas,10974.76,INR,Auto Debit,Debit,Bills,Jaipur,Rajasthan,India
5651,TXN005190,2018-08-01,10:49:09,Stationery Shop,UPI/Stationery Shop,2012.63,INR,UPI,Debit,Other,Pune,Maharashtra,India
5652,TXN006426,2018-08-01,14:55:15,Tailor,UPI/Tailor,2417.78,INR,UPI,Debit,Other,Bengaluru,Karnataka,India
5653,TXN005816,2018-08-02,03:04:59,Mutual Fund SIP,UPI/Mutual Fund SIP,42645.54,INR,UPI,Debit,Investment,Delhi,Delhi,India
5654,TXN006069,2018-08-02,09:50:09,Local Wine & Beer Shop,UPI/Local Wine & Beer Shop,1993.19,INR,UPI,Debit,Food,Noida,Uttar Pradesh,India
5655,TXN006815,2018-08-02,13:32:21,SBI Mutual Fund,UPI/Paytm/SBI Mutual Fund,15938.03,INR,UPI,Debit,Investment,Surat,Gujarat,India
5656,TXN005958,2018-08-02,20:22:04,Swiggy,UPI/DR/958494527/Swiggy,1944.37,INR,UPI,Debit,Food,Surat,Gujarat,India
5657,TXN005405,2018-08-03,02:41:54,House Rent Payment,UPI House Rent Payment,21438.09,INR,UPI,Debit,Rent,Jaipur,Rajasthan,India
5658,TXN005305,2018-08-04,20:01:31,Flipkart,UPI/DR/763688866/Flipkart,5849.25,INR,UPI,Debit,Shopping,Jaipur,Rajasthan,India
5659,TXN005125,2018-08-05,05:15:11,Tata 1mg,UPI/Tata 1mg,953.9,INR,UPI,Debit,Miscellaneous,Mumbai,Maharashtra,India
5660,TXN005780,2018-08-05,14:59:25,HDFC Mutual Fund,SIP Investment HDFC Mutual Fund,6855.52,INR,Auto Debit,Debit,Investment,Lucknow,Uttar Pradesh,India
5661,TXN006944,2018-08-05,16:45:49,Reliance Fresh,POS Purchase Reliance Fresh,537.69,INR,Debit Card,Debit,Groceries,Jaipur,Rajasthan,India
5662,TXN006541,2018-08-05,20:59:38,Employer Salary Credit,NEFT Salary Credit,176264.99,INR,IMPS,Credit,Salary,Indore,Madhya Pradesh,India
5663,TXN006725,2018-08-06,03:17:29,Bajaj Allianz,Net Banking Insurance Premium Bajaj Allianz,38446.04,INR,Net Banking,Debit,Insurance,Kochi,Kerala,India
5664,TXN005208,2018-08-06,03:22:54,Pet Shop,UPI/DR/340781088/Pet Shop,1978.25,INR,UPI,Debit,Other,Bengaluru,Karnataka,India
5665,TXN006334,2018-08-06,19:10:35,Domino's India,UPI/Domino's India,986.58,INR,UPI,Debit,Food,Kochi,Kerala,India
5666,TXN006321,2018-08-07,12:33:21,Faasos,UPI/Paytm/Faasos,2340.45,INR,UPI,Debit,Food,Kochi,Kerala,India
5667,TXN005606,2018-08-08,07:43:13,Disney+ Hotstar,UPI/Paytm/Disney+ Hotstar,480.72,INR,Credit Card,Debit,Subscription,Kolkata,West Bengal,India
5668,TXN005449,2018-08-08,20:50:04,Swiggy,UPI/Paytm/Swiggy,962.29,INR,UPI,Debit,Food,Lucknow,Uttar Pradesh,India
5669,TXN005672,2018-08-09,06:45:21,Bajaj Allianz,Net Banking Insurance Premium Bajaj Allianz,10686.89,INR,Net Banking,Debit,Insurance,Delhi,Delhi,India
5670,TXN006945,2018-08-09,08:42:46,Starbucks India,UPI/Paytm/Starbucks India,2508.21,INR,UPI,Debit,Food,Indore,Madhya Pradesh,India
5671,TXN005532,2018-08-09,10:09:05,Zepto,POS Purchase Zepto,3183.03,INR,Debit Card,Debit,Groceries,Delhi,Delhi,India
5672,TXN006471,2018-08-10,21:34:13,Local Hardware Store,POS Purchase Local Hardware Store,7653.92,INR,Debit Card,Debit,Miscellaneous,Pune,Maharashtra,India
5673,TXN005186,2018-08-11,11:06:43,Naturals Salon,UPI/Naturals Salon,255.04,INR,UPI,Debit,Miscellaneous,Delhi,Delhi,India
5674,TXN006988,2018-08-13,14:20:15,Home Depot India,UPI/DR/550535651/Home Depot India,2778.2,INR,UPI,Debit,Miscellaneous,Jaipur,Rajasthan,India
5675,TXN005358,2018-08-13,14:47:38,BSNL,UPI/DR/264481748/BSNL,12885.41,INR,UPI,Debit,Bills,Ahmedabad,Gujarat,India
5676,TXN005080,2018-08-13,22:33:29,Ajio,POS Purchase Ajio,9686.18,INR,Credit Card,Debit,Shopping,Indore,Madhya Pradesh,India
5677,TXN006981,2018-08-14,08:30:09,Airtel,Net Banking Airtel,12944.73,INR,Net Banking,Debit,Bills,Indore,Madhya Pradesh,India
5678,TXN006122,2018-08-14,10:03:38,Reliance Fresh,UPI/Reliance Fresh,1221.66,INR,UPI,Debit,Groceries,Mumbai,Maharashtra,India
5679,TXN005716,2018-08-14,17:18:40,BPCL,POS Purchase BPCL,2151.16,INR,Debit Card,Debit,Fuel,Pune,Maharashtra,India
5680,TXN006656,2018-08-14,17:40:51,Local Wine & Beer Shop,UPI/Local Wine & Beer Shop,205.52,INR,UPI,Debit,Food,Lucknow,Uttar Pradesh,India
5681,TXN006376,2018-08-15,01:17:31,DMart,UPI/DR/489767404/DMart,3676.16,INR,UPI,Debit,Groceries,Pune,Maharashtra,India
5682,TXN005563,2018-08-15,15:09:21,Amazon Prime,UPI/Amazon Prime,645.56,INR,UPI,Debit,Subscription,Delhi,Delhi,India
5683,TXN005726,2018-08-15,20:27:17,Local Barbershop,POS Purchase Local Barbershop,1067.47,INR,Debit Card,Debit,Miscellaneous,Nagpur,Maharashtra,India
5684,TXN005918,2018-08-16,06:48:13,Nature's Basket,POS Purchase Nature's Basket,3074.63,INR,Debit Card,Debit,Groceries,Jaipur,Rajasthan,India
5685,TXN005883,2018-08-16,10:21:05,McDonald's India,UPI/DR/258927104/McDonald's India,968.24,INR,UPI,Debit,Food,Bengaluru,Karnataka,India
5686,TXN005081,2018-08-16,14:08:51,Ajio,Refund Ajio,5639.27,INR,Net Banking,Credit,Shopping,Ahmedabad,Gujarat,India
5687,TXN006150,2018-08-16,22:14:19,HPCL,POS Purchase HPCL,2001.02,INR,Debit Card,Debit,Fuel,Kochi,Kerala,India
5688,TXN005620,2018-08-16,23:55:19,BSNL,Auto Debit BSNL,6305.58,INR,Auto Debit,Debit,Bills,Indore,Madhya Pradesh,India
5689,TXN005517,2018-08-17,08:25:04,Cafe Coffee Day,POS Purchase Cafe Coffee Day,2320.9,INR,Debit Card,Debit,Food,Jaipur,Rajasthan,India
5690,TXN006409,2018-08-17,14:39:13,Zepto,POS Purchase Zepto,1262.0,INR,Debit Card,Debit,Groceries,Pune,Maharashtra,India
5691,TXN005515,2018-08-18,10:17:52,Nature's Basket,UPI/DR/873403266/Nature's Basket,4713.62,INR,UPI,Debit,Groceries,Kolkata,West Bengal,India
5692,TXN006230,2018-08-18,17:41:39,Rapido,UPI/Rapido,3134.37,INR,UPI,Debit,Miscellaneous,Surat,Gujarat,India
5693,TXN006100,2018-08-19,08:32:43,Dish TV,Auto Debit Dish TV,514.53,INR,Auto Debit,Debit,Subscription,Mumbai,Maharashtra,India
5694,TXN006443,2018-08-19,12:48:49,BigBasket,UPI/Paytm/BigBasket,2035.62,INR,UPI,Debit,Groceries,Ahmedabad,Gujarat,India
5695,TXN005336,2018-08-19,12:49:18,Faasos,POS Purchase Faasos,2327.52,INR,Credit Card,Debit,Food,Kochi,Kerala,India
5696,TXN005461,2018-08-19,14:36:47,BigBasket,UPI/BigBasket,1588.06,INR,UPI,Debit,Groceries,Delhi,Delhi,India
5697,TXN005300,2018-08-19,16:57:18,BSNL,Auto Debit BSNL,13805.22,INR,Auto Debit,Debit,Bills,Mumbai,Maharashtra,India
5698,TXN005382,2018-08-19,22:09:51,Flipkart,POS Purchase Flipkart,10562.25,INR,Credit Card,Debit,Shopping,Kolkata,West Bengal,India
5699,TXN006805,2018-08-20,09:45:05,EMI Home Loan,Auto Debit EMI Home Loan,3662.29,INR,Auto Debit,Debit,Bills,Kolkata,West Bengal,India
5700,TXN006163,2018-08-20,11:54:04,Local Wine & Beer Shop,UPI/DR/559520342/Local Wine & Beer Shop,2050.11,INR,UPI,Debit,Food,Indore,Madhya Pradesh,India
5701,TXN005631,2018-08-20,13:19:08,EatClub,POS Purchase EatClub,211.43,INR,Debit Card,Debit,Food,Ahmedabad,Gujarat,India
5702,TXN006798,2018-08-20,23:57:51,General Store,UPI/General Store,992.39,INR,UPI,Debit,Other,Noida,Uttar Pradesh,India
5703,TXN006111,2018-08-21,09:49:54,Myntra,POS Purchase Myntra,10688.19,INR,Debit Card,Debit,Shopping,Surat,Gujarat,India
5704,TXN005160,2018-08-21,14:06:48,Faasos,POS Purchase Faasos,2860.28,INR,Debit Card,Debit,Food,Lucknow,Uttar Pradesh,India
5705,TXN005905,2018-08-21,18:09:27,Disney+ Hotstar,Auto Debit Disney+ Hotstar,601.71,INR,Auto Debit,Debit,Subscription,Nagpur,Maharashtra,India
5706,TXN005116,2018-08-21,22:34:08,BigBasket,UPI/DR/115191689/BigBasket,3011.45,INR,UPI,Debit,Groceries,Lucknow,Uttar Pradesh,India
5707,TXN005711,2018-08-22,14:40:25,BPCL,POS Purchase BPCL,2636.72,INR,Credit Card,Debit,Fuel,Kolkata,West Bengal,India
5708,TXN006311,2018-08-22,14:57:29,Social,UPI/DR/543894981/Social,1173.02,INR,UPI,Debit,Food,Hyderabad,Telangana,India
5709,TXN006380,2018-08-22,23:50:17,Income Tax Payment,NEFT Income Tax Payment,15567.12,INR,NEFT,Debit,Bills,Kochi,Kerala,India
5710,TXN005013,2018-08-23,20:20:25,Zomato,POS Purchase Zomato,1426.75,INR,Debit Card,Debit,Food,Chennai,Tamil Nadu,India
5711,TXN005134,2018-08-23,21:55:36,McDonald's India,POS Purchase McDonald's India,959.78,INR,Credit Card,Debit,Food,Chennai,Tamil Nadu,India
5712,TXN005786,2018-08-24,14:22:33,EatClub,POS Purchase EatClub,315.52,INR,Debit Card,Debit,Food,Jaipur,Rajasthan,India
5713,TXN005914,2018-08-25,11:05:44,Bharat Gas,Net Banking Bharat Gas,2240.52,INR,Net Banking,Debit,Bills,Mumbai,Maharashtra,India
5714,TXN005738,2018-08-26,08:42:13,The Beer Cafe,UPI/DR/351275639/The Beer Cafe,1783.42,INR,UPI,Debit,Food,Delhi,Delhi,India
5715,TXN006292,2018-08-26,18:58:43,Bajaj Allianz,Insurance Premium Bajaj Allianz,38529.81,INR,Auto Debit,Debit,Insurance,Kolkata,West Bengal,India
5716,TXN005127,2018-08-26,21:29:04,Zomato,UPI/DR/854827139/Zomato,603.12,INR,UPI,Debit,Food,Kolkata,West Bengal,India
5717,TXN006986,2018-08-26,21:31:31,Airtel,NEFT Airtel,2150.52,INR,NEFT,Debit,Bills,Nagpur,Maharashtra,India
5718,TXN006797,2018-08-27,04:06:20,Jio Fiber,NEFT Jio Fiber,6106.95,INR,NEFT,Debit,Bills,Nagpur,Maharashtra,India
5719,TXN006623,2018-08-27,10:27:38,BSNL,Net Banking BSNL,3580.22,INR,Net Banking,Debit,Bills,Hyderabad,Telangana,India
5720,TXN006112,2018-08-27,14:10:39,Myntra,Cashback Myntra,3352.78,INR,Net Banking,Credit,Shopping,Chennai,Tamil Nadu,India
5721,TXN006485,2018-08-27,22:00:14,Jio,Net Banking Jio,4518.45,INR,Net Banking,Debit,Bills,Surat,Gujarat,India
5722,TXN005873,2018-08-28,00:49:52,Municipal Water Department,NEFT Municipal Water Department,14244.57,INR,NEFT,Debit,Bills,Ahmedabad,Gujarat,India
5723,TXN005017,2018-08-28,02:48:03,Jio Fiber,Net Banking Jio Fiber,1201.09,INR,Net Banking,Debit,Bills,Hyderabad,Telangana,India
5724,TXN006939,2018-08-28,11:53:52,BEST,Auto Debit BEST,9358.82,INR,Auto Debit,Debit,Bills,Chennai,Tamil Nadu,India
5725,TXN006532,2018-08-28,12:47:39,Disney+ Hotstar,POS Purchase Disney+ Hotstar,1701.05,INR,Debit Card,Debit,Entertainment,Kolkata,West Bengal,India
5726,TXN005062,2018-08-28,13:01:11,Indane Gas,UPI/Indane Gas,6845.18,INR,UPI,Debit,Bills,Indore,Madhya Pradesh,India
5727,TXN005153,2018-08-28,13:02:20,ATM,ATM Cash Withdrawal,2475.37,INR,Cash Withdrawal,Debit,Other,Indore,Madhya Pradesh,India
5728,TXN005128,2018-08-28,20:37:42,DMart,POS Purchase DMart,4699.93,INR,Credit Card,Debit,Groceries,Pune,Maharashtra,India
5729,TXN005009,2018-08-29,03:24:17,Indane Gas,UPI/Indane Gas,4929.83,INR,UPI,Debit,Bills,Chennai,Tamil Nadu,India
5730,TXN005644,2018-08-29,09:58:07,Barbeque Nation,UPI/Paytm/Barbeque Nation,1965.64,INR,UPI,Debit,Food,Noida,Uttar Pradesh,India
5731,TXN006985,2018-08-29,15:33:42,HP Gas,Net Banking HP Gas,13680.25,INR,Net Banking,Debit,Bills,Bengaluru,Karnataka,India
5732,TXN005045,2018-08-29,18:15:37,Netflix,Auto Debit Netflix,480.02,INR,Auto Debit,Debit,Subscription,Nagpur,Maharashtra,India
5733,TXN006241,2018-08-29,18:51:38,Barbeque Nation,UPI/DR/751089619/Barbeque Nation,157.14,INR,UPI,Debit,Food,Nagpur,Maharashtra,India
5734,TXN006768,2018-08-30,00:26:04,EMI Personal Loan,Auto Debit EMI Personal Loan,21592.66,INR,Auto Debit,Debit,Bills,Kolkata,West Bengal,India
5735,TXN005229,2018-08-30,04:16:12,HDFC Ergo,Insurance Premium HDFC Ergo,19993.79,INR,Auto Debit,Debit,Insurance,Jaipur,Rajasthan,India
5736,TXN005530,2018-08-30,08:54:07,Jio,Auto Debit Jio,6696.67,INR,Auto Debit,Debit,Bills,Ahmedabad,Gujarat,India
5737,TXN005355,2018-08-30,09:37:46,Nature's Basket,UPI/DR/453932473/Nature's Basket,4256.6,INR,UPI,Debit,Groceries,Bengaluru,Karnataka,India
5738,TXN005286,2018-08-30,11:23:24,Zepto,POS Purchase Zepto,1845.13,INR,Debit Card,Debit,Groceries,Ahmedabad,Gujarat,India
5739,TXN006496,2018-08-30,13:46:29,HDFC Ergo,Insurance Premium HDFC Ergo,30974.59,INR,Auto Debit,Debit,Insurance,Kochi,Kerala,India
5740,TXN005902,2018-08-30,16:17:51,Faasos,POS Purchase Faasos,1378.85,INR,Credit Card,Debit,Food,Jaipur,Rajasthan,India
5741,TXN006696,2018-08-30,16:24:08,Jio,UPI/DR/198716092/Jio,11179.41,INR,UPI,Debit,Bills,Lucknow,Uttar Pradesh,India
5742,TXN005752,2018-08-30,18:52:49,EMI Personal Loan,Net Banking EMI Personal Loan,5681.49,INR,Net Banking,Debit,Bills,Mumbai,Maharashtra,India
5743,TXN006208,2018-08-30,23:32:59,Meesho,POS Purchase Meesho,3419.03,INR,Credit Card,Debit,Shopping,Hyderabad,Telangana,India
5744,TXN005294,2018-08-31,00:23:35,Bharat Gas,NEFT Bharat Gas,4529.94,INR,NEFT,Debit,Bills,Kochi,Kerala,India
5745,TXN005217,2018-08-31,13:07:18,Adani Electricity,Auto Debit Adani Electricity,1509.54,INR,Auto Debit,Debit,Bills,Indore,Madhya Pradesh,India
5746,TXN005527,2018-08-31,14:44:53,KFC,UPI/DR/959870518/KFC,1220.55,INR,UPI,Debit,Food,Ahmedabad,Gujarat,India
5747,TXN006439,2018-08-31,17:48:29,Indane Gas,Net Banking Indane Gas,4323.17,INR,Net Banking,Debit,Bills,Bengaluru,Karnataka,India
5748,TXN005880,2018-08-31,20:24:03,EMI Personal Loan,UPI/Paytm/EMI Personal Loan,4585.86,INR,UPI,Debit,Bills,Noida,Uttar Pradesh,India
5749,TXN005096,2018-09-01,15:01:47,Employer Salary Credit,NEFT Salary Credit,168889.74,INR,IMPS,Credit,Salary,Pune,Maharashtra,India
5750,TXN005032,2018-09-01,17:08:46,Uber,UPI/DR/330035022/Uber,1300.1,INR,UPI,Debit,Miscellaneous,Lucknow,Uttar Pradesh,India
5751,TXN006637,2018-09-01,18:24:05,Flipkart,UPI/Flipkart,2768.91,INR,UPI,Debit,Shopping,Chennai,Tamil Nadu,India
5752,TXN006825,2018-09-02,02:10:11,BigBasket,UPI/Paytm/BigBasket,3410.99,INR,UPI,Debit,Groceries,Kolkata,West Bengal,India
5753,TXN006851,2018-09-02,06:19:19,ICICI Prudential MF,UPI/Paytm/ICICI Prudential MF,11127.45,INR,UPI,Debit,Investment,Surat,Gujarat,India
5754,TXN006820,2018-09-02,12:14:56,Burger King,UPI/Burger King,2784.88,INR,UPI,Debit,Food,Chennai,Tamil Nadu,India
5755,TXN006389,2018-09-02,15:15:21,HDFC Mutual Fund,SIP Investment HDFC Mutual Fund,2723.11,INR,Auto Debit,Debit,Investment,Surat,Gujarat,India
5756,TXN005580,2018-09-02,18:03:09,House Rent Payment,NEFT House Rent Payment,11654.9,INR,NEFT,Debit,Rent,Pune,Maharashtra,India
5757,TXN005846,2018-09-02,21:39:21,Mutual Fund SIP,UPI/Mutual Fund SIP,40791.53,INR,UPI,Debit,Investment,Mumbai,Maharashtra,India
5758,TXN005145,2018-09-03,09:35:00,Tata Power,Net Banking Tata Power,769.22,INR,Net Banking,Debit,Bills,Bengaluru,Karnataka,India
5759,TXN006216,2018-09-03,18:44:23,Zomato,UPI/DR/432074523/Zomato,2636.76,INR,UPI,Debit,Food,Noida,Uttar Pradesh,India
5760,TXN006804,2018-09-04,15:17:20,Reliance Fresh,UPI/Paytm/Reliance Fresh,3943.65,INR,UPI,Debit,Groceries,Nagpur,Maharashtra,India
5761,TXN006703,2018-09-04,18:02:36,Zepto,UPI/Paytm/Zepto,2188.87,INR,UPI,Debit,Groceries,Bengaluru,Karnataka,India
5762,TXN005271,2018-09-04,20:06:49,Naturals Salon,POS Purchase Naturals Salon,4685.53,INR,Debit Card,Debit,Miscellaneous,Hyderabad,Telangana,India
5763,TXN005840,2018-09-04,23:02:12,Mutual Fund SIP,UPI/Mutual Fund SIP,3360.14,INR,UPI,Debit,Investment,Pune,Maharashtra,India
5764,TXN006027,2018-09-05,06:33:21,Amazon India,UPI/Paytm/Amazon India,12069.76,INR,UPI,Debit,Shopping,Indore,Madhya Pradesh,India
5765,TXN006754,2018-09-05,08:01:09,Social,UPI/DR/135084096/Social,2307.27,INR,UPI,Debit,Food,Noida,Uttar Pradesh,India
5766,TXN006687,2018-09-06,01:47:08,General Store,UPI/General Store,1793.45,INR,UPI,Debit,Other,Hyderabad,Telangana,India
5767,TXN005432,2018-09-06,12:23:07,BPCL,POS Purchase BPCL,392.64,INR,Debit Card,Debit,Fuel,Ahmedabad,Gujarat,India
5768,TXN006856,2018-09-06,19:34:57,BigBasket,UPI/DR/236660341/BigBasket,1692.88,INR,UPI,Debit,Groceries,Bengaluru,Karnataka,India
5769,TXN005033,2018-09-06,20:26:12,The Beer Cafe,POS Purchase The Beer Cafe,1675.71,INR,Debit Card,Debit,Food,Delhi,Delhi,India
5770,TXN005424,2018-09-06,21:24:10,Reliance Fresh,UPI/Reliance Fresh,1029.63,INR,UPI,Debit,Groceries,Kochi,Kerala,India
5771,TXN006487,2018-09-07,01:08:23,Bajaj Allianz,Insurance Premium Bajaj Allianz,5240.12,INR,Auto Debit,Debit,Insurance,Noida,Uttar Pradesh,India
5772,TXN006538,2018-09-07,19:05:06,EatClub,UPI/Paytm/EatClub,2762.28,INR,UPI,Debit,Food,Kolkata,West Bengal,India
5773,TXN006914,2018-09-08,19:34:32,Faasos,UPI/DR/442372191/Faasos,2209.34,INR,UPI,Debit,Food,Noida,Uttar Pradesh,India
5774,TXN006255,2018-09-10,09:43:43,HPCL,UPI/DR/127876667/HPCL,536.06,INR,UPI,Debit,Fuel,Nagpur,Maharashtra,India
5775,TXN006085,2018-09-11,11:57:59,EatClub,UPI/Paytm/EatClub,2499.68,INR,UPI,Debit,Food,Delhi,Delhi,India
5776,TXN006864,2018-09-11,16:28:25,Zepto,UPI/DR/126474585/Zepto,1988.28,INR,UPI,Debit,Groceries,Indore,Madhya Pradesh,India
5777,TXN005098,2018-09-11,19:09:15,Tea Stall,UPI/Tea Stall,136.62,INR,UPI,Debit,Other,Kochi,Kerala,India
5778,TXN006664,2018-09-12,08:09:40,Blinkit,POS Purchase Blinkit,616.1,INR,Debit Card,Debit,Groceries,Hyderabad,Telangana,India
5779,TXN005036,2018-09-12,14:08:27,Misc Vendor,UPI/Paytm/Misc Vendor,512.81,INR,UPI,Debit,Other,Delhi,Delhi,India
5780,TXN006269,2018-09-12,17:04:58,Indian Oil,UPI/Indian Oil,4165.91,INR,UPI,Debit,Fuel,Noida,Uttar Pradesh,India
5781,TXN006492,2018-09-12,19:46:14,Zomato,POS Purchase Zomato,1258.74,INR,Debit Card,Debit,Food,Surat,Gujarat,India
5782,TXN006848,2018-09-12,20:24:27,Adani Electricity,NEFT Adani Electricity,13072.1,INR,NEFT,Debit,Bills,Mumbai,Maharashtra,India
5783,TXN006529,2018-09-12,21:42:55,BigBasket,UPI/Paytm/BigBasket,3743.85,INR,UPI,Debit,Groceries,Nagpur,Maharashtra,India
5784,TXN005876,2018-09-13,09:05:36,Nykaa,POS Purchase Nykaa,9402.04,INR,Credit Card,Debit,Shopping,Surat,Gujarat,India
5785,TXN006387,2018-09-13,10:19:04,HP Gas,Auto Debit HP Gas,4690.43,INR,Auto Debit,Debit,Bills,Jaipur,Rajasthan,India
5786,TXN006596,2018-09-13,14:45:29,Starbucks India,POS Purchase Starbucks India,2690.17,INR,Debit Card,Debit,Food,Noida,Uttar Pradesh,India
5787,TXN005686,2018-09-14,01:44:50,Myntra,POS Purchase Myntra,10748.27,INR,Credit Card,Debit,Shopping,Indore,Madhya Pradesh,India
5788,TXN005483,2018-09-14,20:10:03,BigBasket,UPI/Paytm/BigBasket,3535.49,INR,UPI,Debit,Groceries,Surat,Gujarat,India
5789,TXN006777,2018-09-14,21:54:56,HP Gas,Auto Debit HP Gas,7765.29,INR,Auto Debit,Debit,Bills,Surat,Gujarat,India
5790,TXN005403,2018-09-16,08:50:25,Bharat Gas,NEFT Bharat Gas,5385.92,INR,NEFT,Debit,Bills,Surat,Gujarat,India
5791,TXN005242,2018-09-16,19:55:09,Meesho,UPI/Paytm/Meesho,4522.03,INR,UPI,Debit,Shopping,Noida,Uttar Pradesh,India
5792,TXN005767,2018-09-17,17:22:49,The Beer Cafe,POS Purchase The Beer Cafe,2034.54,INR,Credit Card,Debit,Food,Indore,Madhya Pradesh,India
5793,TXN005366,2018-09-18,19:13:37,Third Wave Coffee,POS Purchase Third Wave Coffee,1678.17,INR,Debit Card,Debit,Food,Pune,Maharashtra,India
5794,TXN006261,2018-09-19,00:54:13,Nature's Basket,UPI/DR/195765217/Nature's Basket,1362.34,INR,UPI,Debit,Groceries,Mumbai,Maharashtra,India
5795,TXN006218,2018-09-19,09:13:55,Nature's Basket,UPI/Nature's Basket,4910.64,INR,UPI,Debit,Groceries,Jaipur,Rajasthan,India
5796,TXN005384,2018-09-19,09:59:28,EatClub,UPI/Paytm/EatClub,637.91,INR,UPI,Debit,Food,Noida,Uttar Pradesh,India
5797,TXN005896,2018-09-19,20:44:39,Zomato,UPI/DR/315495749/Zomato,2932.43,INR,UPI,Debit,Food,Chennai,Tamil Nadu,India
5798,TXN005512,2018-09-19,21:46:07,Myntra,UPI/Paytm/Myntra,3877.91,INR,UPI,Debit,Shopping,Kolkata,West Bengal,India
5799,TXN006577,2018-09-20,01:05:07,Reliance Fresh,POS Purchase Reliance Fresh,1058.41,INR,Credit Card,Debit,Groceries,Ahmedabad,Gujarat,India
5800,TXN005340,2018-09-20,06:52:34,Nykaa,UPI/Nykaa,4685.14,INR,UPI,Debit,Shopping,Chennai,Tamil Nadu,India
5801,TXN005263,2018-09-20,17:46:38,Tea Stall,UPI/Tea Stall,142.82,INR,UPI,Debit,Other,Delhi,Delhi,India
5802,TXN006016,2018-09-21,03:38:11,Disney+ Hotstar,Auto Debit Disney+ Hotstar,316.4,INR,Auto Debit,Debit,Subscription,Kolkata,West Bengal,India
5803,TXN006502,2018-09-21,14:19:29,HDFC Ergo,Net Banking Insurance Premium HDFC Ergo,14042.87,INR,Net Banking,Debit,Insurance,Nagpur,Maharashtra,India
5804,TXN006655,2018-09-21,17:13:52,BPCL,POS Purchase BPCL,2031.23,INR,Credit Card,Debit,Fuel,Indore,Madhya Pradesh,India
5805,TXN006036,2018-09-22,12:11:28,Zomato,POS Purchase Zomato,1884.37,INR,Credit Card,Debit,Food,Delhi,Delhi,India
5806,TXN006039,2018-09-23,01:04:04,Bajaj Allianz,Insurance Premium Bajaj Allianz,22052.53,INR,Auto Debit,Debit,Insurance,Nagpur,Maharashtra,India
5807,TXN006765,2018-09-24,08:05:59,Bajaj Allianz,Insurance Premium Bajaj Allianz,29420.5,INR,Auto Debit,Debit,Insurance,Indore,Madhya Pradesh,India
5808,TXN006955,2018-09-24,10:20:07,Reliance Fresh,POS Purchase Reliance Fresh,4085.53,INR,Debit Card,Debit,Groceries,Hyderabad,Telangana,India
5809,TXN006244,2018-09-24,14:08:05,Laundry,UPI/DR/464188244/Laundry,1653.18,INR,UPI,Debit,Other,Kolkata,West Bengal,India
5810,TXN006866,2018-09-24,21:28:54,Reliance Fresh,POS Purchase Reliance Fresh,1948.85,INR,Debit Card,Debit,Groceries,Noida,Uttar Pradesh,India
5811,TXN006511,2018-09-25,08:15:38,HPCL,UPI/HPCL,2218.31,INR,UPI,Debit,Fuel,Delhi,Delhi,India
5812,TXN006367,2018-09-25,08:15:42,Indian Oil,POS Purchase Indian Oil,4911.38,INR,Credit Card,Debit,Fuel,Chennai,Tamil Nadu,India
5813,TXN006992,2018-09-25,14:25:51,Barbeque Nation,POS Purchase Barbeque Nation,2324.9,INR,Debit Card,Debit,Food,Surat,Gujarat,India
5814,TXN006772,2018-09-26,00:34:01,Credit Card Bill Payment,Auto Debit Credit Card Bill Payment,4290.76,INR,Auto Debit,Debit,Bills,Jaipur,Rajasthan,India
5815,TXN005818,2018-09-26,02:41:59,Home Depot India,POS Purchase Home Depot India,3250.0,INR,Debit Card,Debit,Miscellaneous,Nagpur,Maharashtra,India
5816,TXN006436,2018-09-26,09:52:22,Indane Gas,NEFT Indane Gas,8675.16,INR,NEFT,Debit,Bills,Kolkata,West Bengal,India
5817,TXN006023,2018-09-26,12:59:51,The Beer Cafe,UPI/DR/112737840/The Beer Cafe,2345.11,INR,UPI,Debit,Food,Mumbai,Maharashtra,India
5818,TXN005935,2018-09-26,15:34:51,Bharat Gas,Net Banking Bharat Gas,4951.06,INR,Net Banking,Debit,Bills,Nagpur,Maharashtra,India
5819,TXN005037,2018-09-26,17:06:03,Airtel,Auto Debit Airtel,12899.23,INR,Auto Debit,Debit,Bills,Mumbai,Maharashtra,India
5820,TXN005614,2018-09-26,19:25:42,Airtel,NEFT Airtel,2138.52,INR,NEFT,Debit,Bills,Delhi,Delhi,India
5821,TXN005289,2018-09-26,22:28:13,Income Tax Payment,NEFT Income Tax Payment,7275.43,INR,NEFT,Debit,Bills,Indore,Madhya Pradesh,India
5822,TXN006993,2018-09-26,23:14:21,Adani Electricity,Auto Debit Adani Electricity,10980.11,INR,Auto Debit,Debit,Bills,Pune,Maharashtra,India
5823,TXN006930,2018-09-27,00:28:00,Tata Power,Auto Debit Tata Power,556.58,INR,Auto Debit,Debit,Bills,Kolkata,West Bengal,India
5824,TXN006731,2018-09-27,02:57:57,Jio,NEFT Jio,3468.59,INR,NEFT,Debit,Bills,Lucknow,Uttar Pradesh,India
5825,TXN005022,2018-09-27,05:32:58,DMart,POS Purchase DMart,461.63,INR,Credit Card,Debit,Groceries,Mumbai,Maharashtra,India
5826,TXN005798,2018-09-27,07:17:30,BSNL,Net Banking BSNL,7207.83,INR,Net Banking,Debit,Bills,Mumbai,Maharashtra,India
5827,TXN005646,2018-09-27,09:16:29,Indane Gas,Net Banking Indane Gas,1127.83,INR,Net Banking,Debit,Bills,Jaipur,Rajasthan,India
5828,TXN006200,2018-09-27,09:54:27,BSNL,Net Banking BSNL,1085.67,INR,Net Banking,Debit,Bills,Jaipur,Rajasthan,India
5829,TXN006413,2018-09-27,17:15:11,Municipal Water Department,Auto Debit Municipal Water Department,14852.89,INR,Auto Debit,Debit,Bills,Surat,Gujarat,India
5830,TXN005730,2018-09-27,18:04:46,Chaayos,POS Purchase Chaayos,1405.55,INR,Debit Card,Debit,Food,Surat,Gujarat,India
5831,TXN006958,2018-09-27,19:59:30,Social,POS Purchase Social,2069.45,INR,Debit Card,Debit,Food,Delhi,Delhi,India
5832,TXN005335,2018-09-28,07:17:35,DMart,UPI/DMart,2986.58,INR,UPI,Debit,Groceries,Kolkata,West Bengal,India
5833,TXN005084,2018-09-28,16:31:40,Adani Electricity,NEFT Adani Electricity,9398.43,INR,NEFT,Debit,Bills,Lucknow,Uttar Pradesh,India
5834,TXN005548,2018-09-28,23:03:48,BEST,Net Banking BEST,14041.69,INR,Net Banking,Debit,Bills,Nagpur,Maharashtra,India
5835,TXN005638,2018-09-29,06:44:43,HP Gas,Net Banking HP Gas,8625.27,INR,Net Banking,Debit,Bills,Indore,Madhya Pradesh,India
5836,TXN006838,2018-09-29,11:56:21,ATM,ATM Cash Withdrawal,1795.75,INR,Cash Withdrawal,Debit,Other,Indore,Madhya Pradesh,India
5837,TXN005578,2018-09-29,12:11:23,DMart,UPI/Paytm/DMart,4826.06,INR,UPI,Debit,Groceries,Kochi,Kerala,India
5838,TXN005040,2018-09-29,20:29:18,Third Wave Coffee,POS Purchase Third Wave Coffee,449.01,INR,Credit Card,Debit,Food,Delhi,Delhi,India
5839,TXN006609,2018-09-29,20:36:25,BigBasket,UPI/Paytm/BigBasket,655.79,INR,UPI,Debit,Groceries,Surat,Gujarat,India
5840,TXN005865,2018-09-30,05:35:47,Bharat Gas,Net Banking Bharat Gas,5248.37,INR,Net Banking,Debit,Bills,Hyderabad,Telangana,India
5841,TXN006970,2018-09-30,07:42:17,Income Tax Payment,NEFT Income Tax Payment,7935.66,INR,NEFT,Debit,Bills,Nagpur,Maharashtra,India
5842,TXN006525,2018-09-30,10:38:27,HP Gas,UPI/DR/912727686/HP Gas,13865.88,INR,UPI,Debit,Bills,Delhi,Delhi,India
5843,TXN006041,2018-09-30,10:57:25,Ajio,POS Purchase Ajio,2906.35,INR,Credit Card,Debit,Shopping,Lucknow,Uttar Pradesh,India
5844,TXN006835,2018-09-30,13:23:13,BSNL,Net Banking BSNL,3065.24,INR,Net Banking,Debit,Bills,Delhi,Delhi,India
5845,TXN006928,2018-09-30,18:25:02,Municipal Water Department,Auto Debit Municipal Water Department,10502.53,INR,Auto Debit,Debit,Bills,Kolkata,West Bengal,India
5846,TXN005211,2018-10-01,08:44:48,Netflix,Auto Debit Netflix,394.99,INR,Auto Debit,Debit,Subscription,Mumbai,Maharashtra,India
5847,TXN005150,2018-10-01,09:46:19,Reliance Fresh,POS Purchase Reliance Fresh,3295.92,INR,Debit Card,Debit,Groceries,Mumbai,Maharashtra,India
5848,TXN005813,2018-10-01,14:17:56,Faasos,POS Purchase Faasos,1401.26,INR,Debit Card,Debit,Food,Chennai,Tamil Nadu,India
5849,TXN006187,2018-10-01,15:37:01,Jio,Auto Debit Jio,11975.61,INR,Auto Debit,Debit,Bills,Pune,Maharashtra,India
5850,TXN006202,2018-10-01,20:10:16,Bajaj Allianz,Net Banking Insurance Premium Bajaj Allianz,28770.02,INR,Net Banking,Debit,Insurance,Kochi,Kerala,India
5851,TXN006302,2018-10-01,22:55:32,Tata 1mg,POS Purchase Tata 1mg,2566.01,INR,Credit Card,Debit,Miscellaneous,Lucknow,Uttar Pradesh,India
5852,TXN005745,2018-10-02,05:10:23,House Rent Payment,Net Banking House Rent Payment,9960.05,INR,Net Banking,Debit,Rent,Indore,Madhya Pradesh,India
5853,TXN006822,2018-10-02,05:50:13,EMI Personal Loan,Net Banking EMI Personal Loan,6310.39,INR,Net Banking,Debit,Bills,Indore,Madhya Pradesh,India
5854,TXN006753,2018-10-02,12:19:53,Faasos,POS Purchase Faasos,1059.34,INR,Credit Card,Debit,Food,Bengaluru,Karnataka,India
5855,TXN005345,2018-10-03,01:58:49,ICICI Prudential MF,UPI/Paytm/ICICI Prudential MF,16456.52,INR,UPI,Debit,Investment,Chennai,Tamil Nadu,India
5856,TXN005509,2018-10-03,09:49:57,KFC,POS Purchase KFC,1666.5,INR,Debit Card,Debit,Food,Bengaluru,Karnataka,India
5857,TXN006929,2018-10-03,19:00:07,Flipkart,UPI/Paytm/Flipkart,2863.78,INR,UPI,Debit,Shopping,Nagpur,Maharashtra,India
5858,TXN006358,2018-10-03,21:06:15,Ace Hardware India,UPI/Paytm/Ace Hardware India,3912.45,INR,UPI,Debit,Miscellaneous,Noida,Uttar Pradesh,India
5859,TXN006705,2018-10-04,06:20:48,House Rent Payment,UPI House Rent Payment,30940.78,INR,UPI,Debit,Rent,Mumbai,Maharashtra,India
5860,TXN006026,2018-10-04,08:41:37,Unknown Merchant,UPI/Unknown Merchant,1452.43,INR,UPI,Debit,Other,Noida,Uttar Pradesh,India
5861,TXN006686,2018-10-04,17:59:58,ICICI Prudential MF,SIP Investment ICICI Prudential MF,32650.69,INR,Auto Debit,Debit,Investment,Jaipur,Rajasthan,India
5862,TXN006778,2018-10-04,18:50:49,House Rent Payment,Net Banking House Rent Payment,9149.25,INR,Net Banking,Debit,Rent,Hyderabad,Telangana,India
5863,TXN005410,2018-10-05,21:02:11,House Rent Payment,UPI House Rent Payment,22081.97,INR,UPI,Debit,Rent,Jaipur,Rajasthan,India
5864,TXN006143,2018-10-05,22:23:06,Tata Power,Net Banking Tata Power,9599.57,INR,Net Banking,Debit,Bills,Surat,Gujarat,India
5865,TXN005132,2018-10-06,15:28:05,Airtel Digital TV,Auto Debit Airtel Digital TV,668.28,INR,Auto Debit,Debit,Subscription,Kochi,Kerala,India
5866,TXN005341,2018-10-06,23:37:15,Reliance Fresh,UPI/Paytm/Reliance Fresh,1025.5,INR,UPI,Debit,Groceries,Nagpur,Maharashtra,India
5867,TXN005277,2018-10-07,14:47:28,Barbeque Nation,UPI/DR/569172971/Barbeque Nation,1811.42,INR,UPI,Debit,Food,Hyderabad,Telangana,India
5868,TXN005912,2018-10-08,03:08:11,DMart,UPI/DMart,4927.95,INR,UPI,Debit,Groceries,Bengaluru,Karnataka,India
5869,TXN005679,2018-10-08,10:18:28,Meesho,POS Purchase Meesho,5215.26,INR,Credit Card,Debit,Shopping,Hyderabad,Telangana,India
5870,TXN006775,2018-10-08,11:45:35,Mobile Repair,UPI/Mobile Repair,397.08,INR,UPI,Debit,Other,Nagpur,Maharashtra,India
5871,TXN006730,2018-10-08,15:55:26,McDonald's India,UPI/DR/864726126/McDonald's India,2053.06,INR,UPI,Debit,Food,Noida,Uttar Pradesh,India
5872,TXN006570,2018-10-08,18:11:24,Street Food Vendor,UPI/Street Food Vendor,154.19,INR,UPI,Debit,Other,Jaipur,Rajasthan,India
5873,TXN005085,2018-10-09,08:21:20,HPCL,UPI/HPCL,377.96,INR,UPI,Debit,Fuel,Chennai,Tamil Nadu,India
5874,TXN005609,2018-10-09,14:16:13,Local Store,UPI/DR/474423649/Local Store,2115.06,INR,UPI,Debit,Other,Ahmedabad,Gujarat,India
5875,TXN006435,2018-10-09,19:08:54,Nykaa,POS Purchase Nykaa,10084.71,INR,Credit Card,Debit,Shopping,Kolkata,West Bengal,India
5876,TXN005874,2018-10-10,16:35:36,DMart,POS Purchase DMart,3294.85,INR,Credit Card,Debit,Groceries,Kochi,Kerala,India
5877,TXN006433,2018-10-11,03:07:04,Home Depot India,POS Purchase Home Depot India,8314.1,INR,Credit Card,Debit,Miscellaneous,Surat,Gujarat,India
5878,TXN005191,2018-10-11,10:08:34,Swiggy,POS Purchase Swiggy,625.96,INR,Credit Card,Debit,Food,Kolkata,West Bengal,India
5879,TXN006873,2018-10-11,13:32:54,Local Wine & Beer Shop,UPI/Local Wine & Beer Shop,1435.52,INR,UPI,Debit,Food,Lucknow,Uttar Pradesh,India
5880,TXN005493,2018-10-11,19:46:38,HPCL,UPI/Paytm/HPCL,4291.22,INR,UPI,Debit,Fuel,Nagpur,Maharashtra,India
5881,TXN005613,2018-10-11,20:19:12,Unknown Merchant,UPI/Paytm/Unknown Merchant,1214.18,INR,UPI,Debit,Other,Surat,Gujarat,India
5882,TXN006214,2018-10-12,04:23:30,Adani Electricity,NEFT Adani Electricity,12510.26,INR,NEFT,Debit,Bills,Indore,Madhya Pradesh,India
5883,TXN005662,2018-10-12,07:35:41,Tata Play,Auto Debit Tata Play,554.65,INR,Auto Debit,Debit,Subscription,Delhi,Delhi,India
5884,TXN005475,2018-10-12,11:29:31,Reliance Fresh,POS Purchase Reliance Fresh,3419.25,INR,Debit Card,Debit,Groceries,Jaipur,Rajasthan,India
5885,TXN005487,2018-10-12,11:56:19,Meesho,POS Purchase Meesho,19326.75,INR,Credit Card,Debit,Shopping,Bengaluru,Karnataka,India
5886,TXN005137,2018-10-12,13:40:52,Nature's Basket,UPI/Paytm/Nature's Basket,2657.13,INR,UPI,Debit,Groceries,Pune,Maharashtra,India
5887,TXN006015,2018-10-12,19:17:17,Disney+ Hotstar,Auto Debit Disney+ Hotstar,765.59,INR,Auto Debit,Debit,Subscription,Surat,Gujarat,India
5888,TXN006152,2018-10-13,01:04:19,Amazon India,POS Purchase Amazon India,45837.77,INR,Net Banking,Debit,Shopping,Jaipur,Rajasthan,India
5889,TXN005107,2018-10-13,14:36:39,HPCL,POS Purchase HPCL,1415.07,INR,Credit Card,Debit,Fuel,Hyderabad,Telangana,India
5890,TXN006246,2018-10-15,08:39:53,Amazon India,UPI/DR/403788949/Amazon India,1784.77,INR,UPI,Debit,Shopping,Hyderabad,Telangana,India
5891,TXN005729,2018-10-15,10:57:34,McDonald's India,POS Purchase McDonald's India,2114.77,INR,Credit Card,Debit,Food,Nagpur,Maharashtra,India
5892,TXN005959,2018-10-15,20:34:53,Flower Shop,UPI/DR/502911719/Flower Shop,313.47,INR,UPI,Debit,Other,Surat,Gujarat,India
5893,TXN006592,2018-10-16,03:57:03,Reliance Fresh,UPI/Paytm/Reliance Fresh,842.35,INR,UPI,Debit,Groceries,Surat,Gujarat,India
5894,TXN005952,2018-10-16,09:19:32,Street Vendor,UPI/Street Vendor,1302.83,INR,UPI,Debit,Other,Mumbai,Maharashtra,India
5895,TXN006844,2018-10-17,09:00:27,HPCL,FASTag Recharge,4678.31,INR,Net Banking,Debit,Fuel,Bengaluru,Karnataka,India
5896,TXN006557,2018-10-17,11:44:54,Faasos,POS Purchase Faasos,1006.38,INR,Debit Card,Debit,Food,Noida,Uttar Pradesh,India
5897,TXN005518,2018-10-17,12:20:05,Local Wine & Beer Shop,POS Purchase Local Wine & Beer Shop,1495.16,INR,Debit Card,Debit,Food,Kochi,Kerala,India
5898,TXN006123,2018-10-17,14:43:42,Meesho,POS Purchase Meesho,15472.79,INR,Debit Card,Debit,Shopping,Indore,Madhya Pradesh,India
5899,TXN005641,2018-10-17,15:12:38,Domino's India,UPI/Domino's India,2457.81,INR,UPI,Debit,Food,Noida,Uttar Pradesh,India
5900,TXN005389,2018-10-17,17:41:22,Myntra,POS Purchase Myntra,762.6,INR,Credit Card,Debit,Shopping,Kolkata,West Bengal,India
5901,TXN006030,2018-10-18,01:38:42,HPCL,FASTag Recharge,4028.33,INR,UPI,Debit,Fuel,Kochi,Kerala,India
5902,TXN005751,2018-10-18,06:28:38,Flipkart,POS Purchase Flipkart,10884.18,INR,Net Banking,Debit,Shopping,Jaipur,Rajasthan,India
5903,TXN005761,2018-10-18,13:16:12,Spotify,UPI/Paytm/Spotify,308.88,INR,UPI,Debit,Subscription,Ahmedabad,Gujarat,India
5904,TXN006746,2018-10-18,21:06:05,Social,POS Purchase Social,1662.28,INR,Debit Card,Debit,Food,Indore,Madhya Pradesh,India
5905,TXN006792,2018-10-19,08:58:29,Swiggy,UPI/Paytm/Swiggy,2527.8,INR,UPI,Debit,Food,Ahmedabad,Gujarat,India
5906,TXN006969,2018-10-19,15:28:14,Indian Oil,POS Purchase Indian Oil,1572.03,INR,Debit Card,Debit,Fuel,Chennai,Tamil Nadu,India
5907,TXN005872,2018-10-19,16:08:56,Credit Card Bill Payment,Net Banking Credit Card Bill Payment,13295.35,INR,Net Banking,Debit,Bills,Chennai,Tamil Nadu,India
5908,TXN005779,2018-10-19,18:22:22,Stationery Shop,UPI/Paytm/Stationery Shop,1737.24,INR,UPI,Debit,Other,Delhi,Delhi,India
5909,TXN006071,2018-10-19,19:51:56,Fruit Vendor,UPI/DR/458946122/Fruit Vendor,1975.35,INR,UPI,Debit,Other,Nagpur,Maharashtra,India
5910,TXN006470,2018-10-19,21:17:09,Flipkart,UPI/Flipkart,29443.81,INR,UPI,Debit,Shopping,Surat,Gujarat,India
5911,TXN006967,2018-10-20,10:09:02,Social,UPI/DR/913144918/Social,565.25,INR,UPI,Debit,Food,Delhi,Delhi,India
5912,TXN005170,2018-10-21,11:38:51,The Beer Cafe,POS Purchase The Beer Cafe,1885.95,INR,Debit Card,Debit,Food,Lucknow,Uttar Pradesh,India
5913,TXN005970,2018-10-21,14:42:07,Street Vendor,UPI/DR/929773829/Street Vendor,1156.3,INR,UPI,Debit,Other,Noida,Uttar Pradesh,India
5914,TXN005144,2018-10-22,15:07:01,KFC,UPI/Paytm/KFC,1814.05,INR,UPI,Debit,Food,Nagpur,Maharashtra,India
5915,TXN006135,2018-10-22,15:58:44,Tata Power,Auto Debit Tata Power,4469.79,INR,Auto Debit,Debit,Bills,Nagpur,Maharashtra,India
5916,TXN005338,2018-10-22,16:24:57,Burger King,UPI/Paytm/Burger King,1574.87,INR,UPI,Debit,Food,Ahmedabad,Gujarat,India
5917,TXN005892,2018-10-22,22:51:07,EMI Personal Loan,Auto Debit EMI Personal Loan,16530.29,INR,Auto Debit,Debit,Bills,Nagpur,Maharashtra,India
5918,TXN006823,2018-10-22,23:00:06,ICICI Lombard,Net Banking Insurance Premium ICICI Lombard,23442.3,INR,Net Banking,Debit,Insurance,Pune,Maharashtra,India
5919,TXN006161,2018-10-23,02:20:31,Fruit Vendor,UPI/Fruit Vendor,1637.68,INR,UPI,Debit,Other,Hyderabad,Telangana,India
5920,TXN005999,2018-10-23,21:08:08,Local Hardware Store,POS Purchase Local Hardware Store,4763.61,INR,Credit Card,Debit,Miscellaneous,Bengaluru,Karnataka,India
5921,TXN006842,2018-10-24,05:19:31,Reliance Fresh,UPI/Paytm/Reliance Fresh,4541.34,INR,UPI,Debit,Groceries,Surat,Gujarat,India
5922,TXN005306,2018-10-24,07:51:51,Reliance Fresh,UPI/DR/618558050/Reliance Fresh,3813.11,INR,UPI,Debit,Groceries,Jaipur,Rajasthan,India
5923,TXN005348,2018-10-24,09:36:38,Myntra,UPI/Myntra,7337.85,INR,UPI,Debit,Shopping,Surat,Gujarat,India
5924,TXN006894,2018-10-24,12:24:45,EatClub,POS Purchase EatClub,599.42,INR,Credit Card,Debit,Food,Bengaluru,Karnataka,India
5925,TXN005220,2018-10-24,15:47:27,Netflix,UPI/Netflix,1974.09,INR,UPI,Debit,Entertainment,Kochi,Kerala,India
5926,TXN005721,2018-10-25,08:06:12,Zepto,POS Purchase Zepto,3770.71,INR,Debit Card,Debit,Groceries,Hyderabad,Telangana,India
5927,TXN006287,2018-10-25,12:31:32,Indane Gas,Auto Debit Indane Gas,10896.94,INR,Auto Debit,Debit,Bills,Mumbai,Maharashtra,India
5928,TXN006991,2018-10-25,13:03:35,Zepto,UPI/Zepto,2316.59,INR,UPI,Debit,Groceries,Mumbai,Maharashtra,India
5929,TXN006708,2018-10-25,15:05:56,Zomato,UPI/Paytm/Zomato,359.04,INR,UPI,Debit,Food,Hyderabad,Telangana,India
5930,TXN006544,2018-10-25,23:07:36,HPCL,FASTag Recharge,2309.73,INR,UPI,Debit,Fuel,Bengaluru,Karnataka,India
5931,TXN005670,2018-10-26,01:57:10,Indian Oil,UPI/Indian Oil,4572.45,INR,UPI,Debit,Fuel,Chennai,Tamil Nadu,India
5932,TXN006450,2018-10-26,09:29:03,EatClub,POS Purchase EatClub,1080.54,INR,Debit Card,Debit,Food,Hyderabad,Telangana,India
5933,TXN006560,2018-10-26,11:13:51,The Beer Cafe,POS Purchase The Beer Cafe,2497.27,INR,Credit Card,Debit,Food,Kochi,Kerala,India
5934,TXN005066,2018-10-27,20:32:25,Bharat Gas,UPI/DR/477040284/Bharat Gas,5450.08,INR,UPI,Debit,Bills,Hyderabad,Telangana,India
5935,TXN006352,2018-10-28,02:09:19,BEST,Auto Debit BEST,309.24,INR,Auto Debit,Debit,Bills,Kolkata,West Bengal,India
5936,TXN005373,2018-10-28,03:02:51,Adani Electricity,UPI/Paytm/Adani Electricity,5046.44,INR,UPI,Debit,Bills,Lucknow,Uttar Pradesh,India
5937,TXN006294,2018-10-28,14:26:53,KFC,POS Purchase KFC,418.82,INR,Debit Card,Debit,Food,Pune,Maharashtra,India
5938,TXN005175,2018-10-28,15:51:18,Jio,Auto Debit Jio,10201.67,INR,Auto Debit,Debit,Bills,Ahmedabad,Gujarat,India
5939,TXN006106,2018-10-28,17:59:08,Zepto,UPI/Paytm/Zepto,2323.01,INR,UPI,Debit,Groceries,Indore,Madhya Pradesh,India
5940,TXN006585,2018-10-28,18:42:41,Jio,Net Banking Jio,15150.3,INR,Net Banking,Debit,Bills,Chennai,Tamil Nadu,India
5941,TXN006421,2018-10-28,18:56:31,BSNL,NEFT BSNL,6680.84,INR,NEFT,Debit,Bills,Surat,Gujarat,India
5942,TXN005701,2018-10-28,19:33:30,Tata Play,Auto Debit Tata Play,467.77,INR,Auto Debit,Debit,Subscription,Mumbai,Maharashtra,India
5943,TXN006432,2018-10-29,16:34:41,McDonald's India,POS Purchase McDonald's India,2708.18,INR,Debit Card,Debit,Food,Indore,Madhya Pradesh,India
5944,TXN005561,2018-10-29,23:00:44,Netflix,Auto Debit Netflix,708.0,INR,Auto Debit,Debit,Subscription,Nagpur,Maharashtra,India
5945,TXN005425,2018-10-30,05:27:17,Airtel,Auto Debit Airtel,13621.38,INR,Auto Debit,Debit,Bills,Lucknow,Uttar Pradesh,India
5946,TXN005393,2018-10-30,10:14:24,Jio Fiber,Auto Debit Jio Fiber,9170.76,INR,Auto Debit,Debit,Bills,Kolkata,West Bengal,India
5947,TXN005349,2018-10-30,14:41:34,Myntra,Cashback Myntra,3453.61,INR,UPI,Credit,Shopping,Kochi,Kerala,India
5948,TXN005542,2018-10-30,15:03:05,Bakery,UPI/Paytm/Bakery,1746.13,INR,UPI,Debit,Other,Bengaluru,Karnataka,India
5949,TXN006378,2018-10-31,05:35:12,HP Gas,Net Banking HP Gas,8996.11,INR,Net Banking,Debit,Bills,Chennai,Tamil Nadu,India
5950,TXN006787,2018-10-31,06:06:35,Jio,Auto Debit Jio,5493.68,INR,Auto Debit,Debit,Bills,Lucknow,Uttar Pradesh,India
5951,TXN005844,2018-10-31,07:00:02,Credit Card Bill Payment,Auto Debit Credit Card Bill Payment,10977.1,INR,Auto Debit,Debit,Bills,Ahmedabad,Gujarat,India
5952,TXN005012,2018-10-31,10:53:49,Airtel,Auto Debit Airtel,4741.24,INR,Auto Debit,Debit,Bills,Delhi,Delhi,India
5953,TXN005008,2018-10-31,11:36:12,HP Gas,NEFT HP Gas,3021.47,INR,NEFT,Debit,Bills,Bengaluru,Karnataka,India
5954,TXN005147,2018-10-31,13:53:30,EMI Personal Loan,Net Banking EMI Personal Loan,19939.86,INR,Net Banking,Debit,Bills,Delhi,Delhi,India
5955,TXN005209,2018-10-31,13:54:35,Jio,Auto Debit Jio,7894.52,INR,Auto Debit,Debit,Bills,Indore,Madhya Pradesh,India
5956,TXN006094,2018-10-31,19:34:36,Ace Hardware India,UPI/DR/849530830/Ace Hardware India,5656.87,INR,UPI,Debit,Miscellaneous,Jaipur,Rajasthan,India
5957,TXN006488,2018-10-31,20:02:15,Nature's Basket,UPI/DR/319457073/Nature's Basket,1143.01,INR,UPI,Debit,Groceries,Indore,Madhya Pradesh,India
5958,TXN005574,2018-11-01,01:25:36,Nykaa,POS Purchase Nykaa,4267.15,INR,Credit Card,Debit,Shopping,Kochi,Kerala,India
5959,TXN005939,2018-11-01,18:53:38,Myntra,UPI/Paytm/Myntra,20793.23,INR,UPI,Debit,Shopping,Lucknow,Uttar Pradesh,India
5960,TXN005446,2018-11-02,10:35:27,Ajio,POS Purchase Ajio,14867.05,INR,Debit Card,Debit,Shopping,Noida,Uttar Pradesh,India
5961,TXN005023,2018-11-02,21:40:32,Interest Credit,Interest Credit Savings Account,813.4,INR,NEFT,Credit,Salary,Nagpur,Maharashtra,India
5962,TXN006225,2018-11-03,03:10:15,ICICI Prudential MF,SIP Investment ICICI Prudential MF,20675.42,INR,Auto Debit,Debit,Investment,Kochi,Kerala,India
5963,TXN005052,2018-11-03,03:56:08,Reliance Fresh,POS Purchase Reliance Fresh,4565.56,INR,Credit Card,Debit,Groceries,Kolkata,West Bengal,India
5964,TXN005426,2018-11-03,11:16:15,Disney+ Hotstar,UPI/Disney+ Hotstar,840.0,INR,UPI,Debit,Entertainment,Ahmedabad,Gujarat,India
5965,TXN005585,2018-11-03,13:05:43,Myntra,POS Purchase Myntra,4195.62,INR,Credit Card,Debit,Shopping,Nagpur,Maharashtra,India
5966,TXN005869,2018-11-05,13:54:23,Employer Salary Credit,NEFT Salary Credit,240125.84,INR,IMPS,Credit,Salary,Delhi,Delhi,India
5967,TXN005908,2018-11-05,13:58:49,House Rent Payment,Net Banking House Rent Payment,17662.41,INR,Net Banking,Debit,Rent,Mumbai,Maharashtra,India
5968,TXN006067,2018-11-05,17:15:12,Zepto,UPI/Zepto,1734.96,INR,UPI,Debit,Groceries,Hyderabad,Telangana,India
5969,TXN005957,2018-11-05,21:20:35,House Rent Payment,UPI House Rent Payment,33323.0,INR,UPI,Debit,Rent,Kochi,Kerala,India
5970,TXN005167,2018-11-06,03:15:24,Nature's Basket,UPI/DR/618840705/Nature's Basket,759.82,INR,UPI,Debit,Groceries,Delhi,Delhi,India
5971,TXN005610,2018-11-06,12:37:06,Vegetable Market,UPI/Paytm/Vegetable Market,1573.03,INR,UPI,Debit,Other,Kolkata,West Bengal,India
5972,TXN006741,2018-11-06,16:52:55,Zepto,POS Purchase Zepto,1740.38,INR,Credit Card,Debit,Groceries,Noida,Uttar Pradesh,India
5973,TXN006133,2018-11-06,17:47:29,Disney+ Hotstar,UPI/DR/630536354/Disney+ Hotstar,494.98,INR,Credit Card,Debit,Subscription,Mumbai,Maharashtra,India
5974,TXN006337,2018-11-07,04:09:50,Fruit Vendor,UPI/Fruit Vendor,1195.05,INR,UPI,Debit,Other,Kochi,Kerala,India
5975,TXN005302,2018-11-07,09:32:41,KFC,POS Purchase KFC,2433.02,INR,Debit Card,Debit,Food,Indore,Madhya Pradesh,India
5976,TXN006903,2018-11-07,11:01:59,The Beer Cafe,POS Purchase The Beer Cafe,2218.32,INR,Debit Card,Debit,Food,Indore,Madhya Pradesh,India
5977,TXN006330,2018-11-07,11:43:33,Amazon India,POS Purchase Amazon India,48761.33,INR,Debit Card,Debit,Shopping,Delhi,Delhi,India
5978,TXN006559,2018-11-08,18:08:28,Zepto,UPI/Zepto,1977.36,INR,UPI,Debit,Groceries,Nagpur,Maharashtra,India
5979,TXN006635,2018-11-08,21:00:43,Amazon India,POS Purchase Amazon India,9984.92,INR,Credit Card,Debit,Shopping,Kochi,Kerala,India
5980,TXN006598,2018-11-09,09:19:26,EatClub,POS Purchase EatClub,168.09,INR,Debit Card,Debit,Food,Pune,Maharashtra,India
5981,TXN005718,2018-11-09,11:13:26,Ajio,UPI/Paytm/Ajio,49971.86,INR,UPI,Debit,Shopping,Noida,Uttar Pradesh,India
5982,TXN005889,2018-11-09,11:39:52,Jio Fiber,Auto Debit Jio Fiber,15274.97,INR,Auto Debit,Debit,Bills,Hyderabad,Telangana,India
5983,TXN006416,2018-11-09,13:42:10,Chaayos,UPI/DR/969180872/Chaayos,2109.46,INR,UPI,Debit,Food,Ahmedabad,Gujarat,India
5984,TXN006610,2018-11-09,18:32:52,Chaayos,POS Purchase Chaayos,2425.37,INR,Credit Card,Debit,Food,Lucknow,Uttar Pradesh,India
5985,TXN005124,2018-11-09,19:47:06,Bajaj Allianz,Insurance Premium Bajaj Allianz,48253.76,INR,Auto Debit,Debit,Insurance,Nagpur,Maharashtra,India
5986,TXN005484,2018-11-09,20:14:27,Third Wave Coffee,POS Purchase Third Wave Coffee,824.16,INR,Debit Card,Debit,Food,Lucknow,Uttar Pradesh,India
5987,TXN005281,2018-11-10,14:10:44,Faasos,UPI/Paytm/Faasos,1903.88,INR,UPI,Debit,Food,Ahmedabad,Gujarat,India
5988,TXN006591,2018-11-10,16:22:44,Netflix,UPI/DR/202585894/Netflix,591.62,INR,UPI,Debit,Subscription,Delhi,Delhi,India
5989,TXN006483,2018-11-10,20:48:56,Flipkart,POS Purchase Flipkart,11551.62,INR,Credit Card,Debit,Shopping,Surat,Gujarat,India
5990,TXN005026,2018-11-11,07:56:36,Income Tax Payment,Auto Debit Income Tax Payment,31455.05,INR,Auto Debit,Debit,Bills,Ahmedabad,Gujarat,India
5991,TXN006812,2018-11-11,17:41:06,Cafe Coffee Day,POS Purchase Cafe Coffee Day,2884.7,INR,Credit Card,Debit,Food,Pune,Maharashtra,India
5992,TXN006994,2018-11-12,07:36:56,Tata Power,Auto Debit Tata Power,9935.27,INR,Auto Debit,Debit,Bills,Surat,Gujarat,India
5993,TXN005059,2018-11-12,13:57:59,Interest Credit,Interest Credit Savings Account,1641.06,INR,NEFT,Credit,Salary,Lucknow,Uttar Pradesh,India
5994,TXN005577,2018-11-12,15:31:57,Adani Electricity,NEFT Adani Electricity,12050.66,INR,NEFT,Debit,Bills,Hyderabad,Telangana,India
5995,TXN006345,2018-11-13,20:35:05,DMart,UPI/DMart,990.72,INR,UPI,Debit,Groceries,Kochi,Kerala,India
5996,TXN005819,2018-11-13,23:18:28,Airtel Digital TV,Auto Debit Airtel Digital TV,757.51,INR,Auto Debit,Debit,Subscription,Jaipur,Rajasthan,India
5997,TXN006263,2018-11-14,19:08:22,Amazon India,POS Purchase Amazon India,5688.3,INR,Net Banking,Debit,Shopping,Surat,Gujarat,India
5998,TXN006402,2018-11-15,17:49:09,Netflix,POS Purchase Netflix,1225.58,INR,Debit Card,Debit,Entertainment,Delhi,Delhi,India
5999,TXN005444,2018-11-16,16:30:22,Apollo Pharmacy,UPI/Apollo Pharmacy,1091.27,INR,UPI,Debit,Miscellaneous,Hyderabad,Telangana,India
6000,TXN006809,2018-11-16,18:09:54,Barbeque Nation,POS Purchase Barbeque Nation,2553.47,INR,Debit Card,Debit,Food,Nagpur,Maharashtra,India
6001,TXN006028,2018-11-17,08:53:04,Cafe Coffee Day,UPI/Paytm/Cafe Coffee Day,2745.97,INR,UPI,Debit,Food,Jaipur,Rajasthan,India
6002,TXN005203,2018-11-17,12:23:09,Domino's India,UPI/Paytm/Domino's India,2846.48,INR,UPI,Debit,Food,Delhi,Delhi,India
6003,TXN005789,2018-11-18,08:11:47,Nature's Basket,UPI/Paytm/Nature's Basket,4436.37,INR,UPI,Debit,Groceries,Bengaluru,Karnataka,India
6004,TXN006316,2018-11-18,08:57:33,Municipal Water Department,UPI/Municipal Water Department,6635.28,INR,UPI,Debit,Bills,Mumbai,Maharashtra,India
6005,TXN006910,2018-11-18,11:18:08,Zomato,UPI/Paytm/Zomato,1762.92,INR,UPI,Debit,Food,Jaipur,Rajasthan,India
6006,TXN006160,2018-11-18,16:08:31,Zepto,UPI/Zepto,1912.89,INR,UPI,Debit,Groceries,Chennai,Tamil Nadu,India
6007,TXN005961,2018-11-19,12:26:05,Faasos,POS Purchase Faasos,1759.56,INR,Debit Card,Debit,Food,Pune,Maharashtra,India
6008,TXN005457,2018-11-19,19:03:55,Local Hardware Store,POS Purchase Local Hardware Store,8310.27,INR,Debit Card,Debit,Miscellaneous,Jaipur,Rajasthan,India
6009,TXN005275,2018-11-20,17:30:16,HPCL,POS Purchase HPCL,1300.93,INR,Credit Card,Debit,Fuel,Kochi,Kerala,India
6010,TXN006949,2018-11-21,12:58:15,Local Wine & Beer Shop,UPI/Paytm/Local Wine & Beer Shop,2618.36,INR,UPI,Debit,Food,Indore,Madhya Pradesh,India
6011,TXN006736,2018-11-21,15:55:20,BigBasket,UPI/DR/258362512/BigBasket,4077.88,INR,UPI,Debit,Groceries,Indore,Madhya Pradesh,India
6012,TXN005947,2018-11-21,19:22:59,BPCL,POS Purchase BPCL,4083.45,INR,Debit Card,Debit,Fuel,Mumbai,Maharashtra,India
6013,TXN005559,2018-11-21,19:56:59,The Beer Cafe,UPI/Paytm/The Beer Cafe,2064.62,INR,UPI,Debit,Food,Lucknow,Uttar Pradesh,India
6014,TXN005310,2018-11-23,03:17:28,Jio,Auto Debit Jio,7161.71,INR,Auto Debit,Debit,Bills,Nagpur,Maharashtra,India
6015,TXN005381,2018-11-23,09:24:11,Pet Shop,UPI/DR/260221190/Pet Shop,1805.69,INR,UPI,Debit,Other,Indore,Madhya Pradesh,India
6016,TXN006201,2018-11-23,09:40:13,Social,POS Purchase Social,892.69,INR,Credit Card,Debit,Food,Kolkata,West Bengal,India
6017,TXN006680,2018-11-23,13:38:50,Fruit Vendor,UPI/DR/844554951/Fruit Vendor,1116.89,INR,UPI,Debit,Other,Lucknow,Uttar Pradesh,India
6018,TXN006727,2018-11-24,20:24:03,Chaayos,UPI/Paytm/Chaayos,2410.29,INR,UPI,Debit,Food,Pune,Maharashtra,India
6019,TXN005597,2018-11-25,13:38:41,Amazon India,POS Purchase Amazon India,4462.26,INR,Credit Card,Debit,Shopping,Chennai,Tamil Nadu,India
6020,TXN005854,2018-11-25,17:52:24,Bakery,UPI/Paytm/Bakery,47.36,INR,UPI,Debit,Other,Noida,Uttar Pradesh,India
6021,TXN005074,2018-11-26,14:43:13,EMI Home Loan,Net Banking EMI Home Loan,22981.85,INR,Net Banking,Debit,Bills,Hyderabad,Telangana,India
6022,TXN006215,2018-11-26,19:02:53,Indane Gas,Net Banking Indane Gas,12567.95,INR,Net Banking,Debit,Bills,Surat,Gujarat,India
6023,TXN005297,2018-11-26,21:33:22,BEST,Auto Debit BEST,5865.6,INR,Auto Debit,Debit,Bills,Noida,Uttar Pradesh,India
6024,TXN005558,2018-11-27,05:46:27,Ajio,POS Purchase Ajio,12457.87,INR,Credit Card,Debit,Shopping,Delhi,Delhi,India
6025,TXN006679,2018-11-27,05:49:24,Zepto,POS Purchase Zepto,4956.19,INR,Credit Card,Debit,Groceries,Hyderabad,Telangana,India
6026,TXN006383,2018-11-27,09:43:33,Zomato,UPI/DR/394243484/Zomato,2553.27,INR,UPI,Debit,Food,Surat,Gujarat,India
6027,TXN006354,2018-11-27,10:16:24,Municipal Water Department,Auto Debit Municipal Water Department,15120.24,INR,Auto Debit,Debit,Bills,Kolkata,West Bengal,India
6028,TXN005232,2018-11-27,15:28:40,Jio Fiber,Auto Debit Jio Fiber,15306.44,INR,Auto Debit,Debit,Bills,Kochi,Kerala,India
6029,TXN006612,2018-11-28,11:56:46,Jio Fiber,Auto Debit Jio Fiber,13864.02,INR,Auto Debit,Debit,Bills,Chennai,Tamil Nadu,India
6030,TXN005469,2018-11-28,12:18:36,Cafe Coffee Day,POS Purchase Cafe Coffee Day,1607.37,INR,Credit Card,Debit,Food,Bengaluru,Karnataka,India
6031,TXN006879,2018-11-28,18:22:37,Flipkart,POS Purchase Flipkart,14581.69,INR,Debit Card,Debit,Shopping,Kochi,Kerala,India
6032,TXN006338,2018-11-28,23:31:00,Jio Fiber,Auto Debit Jio Fiber,15117.99,INR,Auto Debit,Debit,Bills,Jaipur,Rajasthan,India
6033,TXN006473,2018-11-29,00:03:49,BEST,Auto Debit BEST,8743.16,INR,Auto Debit,Debit,Bills,Indore,Madhya Pradesh,India
6034,TXN005981,2018-11-29,00:04:30,BSNL,Net Banking BSNL,4426.42,INR,Net Banking,Debit,Bills,Nagpur,Maharashtra,India
6035,TXN005920,2018-11-29,07:27:25,Nature's Basket,POS Purchase Nature's Basket,3537.76,INR,Credit Card,Debit,Groceries,Kolkata,West Bengal,India
6036,TXN006464,2018-11-29,08:13:32,EMI Home Loan,Net Banking EMI Home Loan,15159.56,INR,Net Banking,Debit,Bills,Mumbai,Maharashtra,India
6037,TXN005994,2018-11-29,11:05:37,BSNL,Net Banking BSNL,8999.93,INR,Net Banking,Debit,Bills,Pune,Maharashtra,India
6038,TXN005253,2018-11-29,11:43:36,Bharat Gas,UPI/Bharat Gas,598.03,INR,UPI,Debit,Bills,Pune,Maharashtra,India
6039,TXN005881,2018-11-30,10:32:44,Municipal Water Department,Net Banking Municipal Water Department,375.76,INR,Net Banking,Debit,Bills,Lucknow,Uttar Pradesh,India
6040,TXN006674,2018-11-30,11:56:06,Tata Power,NEFT Tata Power,12102.5,INR,NEFT,Debit,Bills,Kochi,Kerala,India
6041,TXN005598,2018-11-30,13:47:31,Amazon India,Cashback Amazon India,4264.93,INR,Net Banking,Credit,Shopping,Jaipur,Rajasthan,India
6042,TXN005821,2018-11-30,15:55:34,Starbucks India,POS Purchase Starbucks India,348.56,INR,Credit Card,Debit,Food,Kolkata,West Bengal,India
6043,TXN006342,2018-11-30,18:39:26,KFC,UPI/Paytm/KFC,763.75,INR,UPI,Debit,Food,Noida,Uttar Pradesh,India
6044,TXN006074,2018-11-30,21:57:20,Reliance Fresh,UPI/Paytm/Reliance Fresh,821.65,INR,UPI,Debit,Groceries,Jaipur,Rajasthan,India
6045,TXN005528,2018-12-01,02:12:08,BPCL,POS Purchase BPCL,1325.79,INR,Debit Card,Debit,Fuel,Delhi,Delhi,India
6046,TXN005241,2018-12-01,13:06:35,Employer Salary Credit,NEFT Salary Credit,129662.04,INR,NEFT,Credit,Salary,Ahmedabad,Gujarat,India
6047,TXN006899,2018-12-01,15:04:51,House Rent Payment,Net Banking House Rent Payment,44310.63,INR,Net Banking,Debit,Rent,Ahmedabad,Gujarat,India
6048,TXN005174,2018-12-01,17:56:23,Indian Oil,UPI/Indian Oil,1065.79,INR,UPI,Debit,Fuel,Hyderabad,Telangana,India
6049,TXN006228,2018-12-02,06:05:26,Tata Power,NEFT Tata Power,1890.32,INR,NEFT,Debit,Bills,Mumbai,Maharashtra,India
6050,TXN005056,2018-12-02,08:10:47,House Rent Payment,UPI House Rent Payment,39965.41,INR,UPI,Debit,Rent,Surat,Gujarat,India
6051,TXN005312,2018-12-02,10:12:48,EMI Personal Loan,UPI/Paytm/EMI Personal Loan,3441.57,INR,UPI,Debit,Bills,Delhi,Delhi,India
6052,TXN006774,2018-12-02,23:44:08,Tea Stall,UPI/Tea Stall,101.55,INR,UPI,Debit,Other,Kolkata,West Bengal,India
6053,TXN006408,2018-12-03,01:31:14,General Store,UPI/DR/947387796/General Store,1201.31,INR,UPI,Debit,Other,Lucknow,Uttar Pradesh,India
6054,TXN006489,2018-12-03,08:20:41,Bajaj Allianz,Insurance Premium Bajaj Allianz,7438.57,INR,Auto Debit,Debit,Insurance,Delhi,Delhi,India
6055,TXN005724,2018-12-03,09:44:37,Ola,POS Purchase Ola,2687.02,INR,Debit Card,Debit,Miscellaneous,Noida,Uttar Pradesh,India
6056,TXN005139,2018-12-04,12:52:48,HPCL,UPI/Paytm/HPCL,4040.23,INR,UPI,Debit,Fuel,Mumbai,Maharashtra,India
6057,TXN005429,2018-12-04,13:52:52,HP Gas,Auto Debit HP Gas,11348.29,INR,Auto Debit,Debit,Bills,Mumbai,Maharashtra,India
6058,TXN005202,2018-12-04,14:26:46,Employer Salary Credit,NEFT Salary Credit,49110.75,INR,IMPS,Credit,Salary,Nagpur,Maharashtra,India
6059,TXN005944,2018-12-04,16:13:44,Meesho,POS Purchase Meesho,1440.38,INR,Debit Card,Debit,Shopping,Pune,Maharashtra,India
6060,TXN006109,2018-12-04,17:42:44,Employer Salary Credit,NEFT Salary Credit,126948.02,INR,IMPS,Credit,Salary,Lucknow,Uttar Pradesh,India
6061,TXN005784,2018-12-04,18:29:57,Employer Salary Credit,NEFT Salary Credit,71346.11,INR,NEFT,Credit,Salary,Nagpur,Maharashtra,India
6062,TXN006210,2018-12-04,23:24:51,BigBasket,POS Purchase BigBasket,2852.22,INR,Debit Card,Debit,Groceries,Delhi,Delhi,India
6063,TXN005071,2018-12-05,03:46:57,DMart,UPI/Paytm/DMart,1714.13,INR,UPI,Debit,Groceries,Mumbai,Maharashtra,India
6064,TXN005415,2018-12-05,20:17:50,Mutual Fund SIP,UPI/DR/131810311/Mutual Fund SIP,25358.65,INR,UPI,Debit,Investment,Noida,Uttar Pradesh,India
6065,TXN005440,2018-12-06,00:06:16,Tata Power,UPI/DR/213757100/Tata Power,1519.99,INR,UPI,Debit,Bills,Bengaluru,Karnataka,India
6066,TXN006667,2018-12-06,01:34:44,Lakme Salon,UPI/Lakme Salon,7251.09,INR,UPI,Debit,Miscellaneous,Nagpur,Maharashtra,India
6067,TXN005621,2018-12-06,09:29:54,Nature's Basket,UPI/Paytm/Nature's Basket,3120.1,INR,UPI,Debit,Groceries,Nagpur,Maharashtra,India
6068,TXN006118,2018-12-06,09:30:57,Jio,Net Banking Jio,4152.71,INR,Net Banking,Debit,Bills,Pune,Maharashtra,India
6069,TXN006410,2018-12-06,12:11:52,Myntra,UPI/DR/320456760/Myntra,3198.97,INR,UPI,Debit,Shopping,Kolkata,West Bengal,India
6070,TXN005272,2018-12-07,10:52:41,Reliance Fresh,UPI/DR/686277792/Reliance Fresh,4420.27,INR,UPI,Debit,Groceries,Bengaluru,Karnataka,India
6071,TXN006390,2018-12-08,02:49:38,Tailor,UPI/Tailor,941.88,INR,UPI,Debit,Other,Kochi,Kerala,India
6072,TXN006681,2018-12-08,07:24:26,BPCL,POS Purchase BPCL,2129.38,INR,Debit Card,Debit,Fuel,Ahmedabad,Gujarat,India
6073,TXN005968,2018-12-08,09:33:49,McDonald's India,UPI/McDonald's India,2624.23,INR,UPI,Debit,Food,Kolkata,West Bengal,India
6074,TXN006859,2018-12-08,09:36:30,LIC,Insurance Premium LIC,22699.23,INR,Auto Debit,Debit,Insurance,Chennai,Tamil Nadu,India
6075,TXN006320,2018-12-09,23:56:08,Reliance Fresh,UPI/Paytm/Reliance Fresh,3484.45,INR,UPI,Debit,Groceries,Bengaluru,Karnataka,India
6076,TXN005956,2018-12-10,01:53:33,Stationery Shop,UPI/DR/897344195/Stationery Shop,2495.9,INR,UPI,Debit,Other,Hyderabad,Telangana,India
6077,TXN005510,2018-12-10,02:16:45,Tea Stall,UPI/DR/662484182/Tea Stall,61.44,INR,UPI,Debit,Other,Noida,Uttar Pradesh,India
6078,TXN005261,2018-12-10,04:02:18,Home Depot India,POS Purchase Home Depot India,8438.63,INR,Debit Card,Debit,Miscellaneous,Bengaluru,Karnataka,India
6079,TXN005522,2018-12-10,12:54:47,Tea Stall,UPI/Paytm/Tea Stall,51.04,INR,UPI,Debit,Other,Kolkata,West Bengal,India
6080,TXN005565,2018-12-10,22:04:22,HPCL,UPI/HPCL,3207.47,INR,UPI,Debit,Fuel,Kolkata,West Bengal,India
6081,TXN005108,2018-12-11,15:13:22,Third Wave Coffee,UPI/DR/295249057/Third Wave Coffee,2261.42,INR,UPI,Debit,Food,Jaipur,Rajasthan,India
6082,TXN006693,2018-12-12,09:07:09,BPCL,UPI/BPCL,3348.6,INR,UPI,Debit,Fuel,Pune,Maharashtra,India
6083,TXN006300,2018-12-12,11:07:35,McDonald's India,UPI/Paytm/McDonald's India,266.47,INR,UPI,Debit,Food,Indore,Madhya Pradesh,India
6084,TXN005811,2018-12-12,19:36:25,Airtel,Auto Debit Airtel,14793.24,INR,Auto Debit,Debit,Bills,Chennai,Tamil Nadu,India
6085,TXN006564,2018-12-13,20:46:25,DMart,UPI/DMart,4723.27,INR,UPI,Debit,Groceries,Lucknow,Uttar Pradesh,India
6086,TXN006120,2018-12-13,23:30:57,Income Tax Payment,Net Banking Income Tax Payment,12518.94,INR,Net Banking,Debit,Bills,Surat,Gujarat,India
6087,TXN005227,2018-12-14,05:04:32,HP Gas,Auto Debit HP Gas,10307.54,INR,Auto Debit,Debit,Bills,Indore,Madhya Pradesh,India
6088,TXN005278,2018-12-14,15:44:31,Third Wave Coffee,POS Purchase Third Wave Coffee,1373.3,INR,Credit Card,Debit,Food,Noida,Uttar Pradesh,India
6089,TXN005005,2018-12-15,06:48:21,Myntra,POS Purchase Myntra,10767.05,INR,Credit Card,Debit,Shopping,Nagpur,Maharashtra,India
6090,TXN005555,2018-12-15,10:03:01,Bharat Gas,Net Banking Bharat Gas,10838.32,INR,Net Banking,Debit,Bills,Indore,Madhya Pradesh,India
6091,TXN006440,2018-12-15,13:49:44,Meesho,UPI/DR/301698698/Meesho,4800.12,INR,UPI,Debit,Shopping,Noida,Uttar Pradesh,India
6092,TXN005782,2018-12-15,16:16:56,BigBasket,POS Purchase BigBasket,1588.56,INR,Credit Card,Debit,Groceries,Kochi,Kerala,India
6093,TXN006309,2018-12-16,09:17:23,The Beer Cafe,UPI/The Beer Cafe,2165.76,INR,UPI,Debit,Food,Jaipur,Rajasthan,India
6094,TXN006368,2018-12-16,10:01:58,BigBasket,UPI/Paytm/BigBasket,1519.85,INR,UPI,Debit,Groceries,Noida,Uttar Pradesh,India
6095,TXN005247,2018-12-16,15:12:14,Blinkit,POS Purchase Blinkit,1754.78,INR,Credit Card,Debit,Groceries,Ahmedabad,Gujarat,India
6096,TXN005634,2018-12-17,06:10:58,HPCL,POS Purchase HPCL,4062.76,INR,Credit Card,Debit,Fuel,Indore,Madhya Pradesh,India
6097,TXN006732,2018-12-17,09:10:12,IRCTC,POS Purchase IRCTC,582.47,INR,Credit Card,Debit,Miscellaneous,Pune,Maharashtra,India
6098,TXN005238,2018-12-18,02:32:41,Ajio,POS Purchase Ajio,8972.56,INR,Net Banking,Debit,Shopping,Pune,Maharashtra,India
6099,TXN005006,2018-12-18,11:54:22,Myntra,Cashback Myntra,1276.18,INR,Net Banking,Credit,Shopping,Indore,Madhya Pradesh,India
6100,TXN006542,2018-12-18,23:47:46,Local Services,UPI/Paytm/Local Services,1146.78,INR,UPI,Debit,Other,Nagpur,Maharashtra,India
6101,TXN005591,2018-12-19,08:24:41,ATM,ATM Cash Withdrawal,2506.56,INR,Cash Withdrawal,Debit,Other,Jaipur,Rajasthan,India
6102,TXN006405,2018-12-19,18:58:12,Social,UPI/Social,1130.67,INR,UPI,Debit,Food,Jaipur,Rajasthan,India
6103,TXN005380,2018-12-19,21:24:50,ATM,ATM Cash Withdrawal,1531.63,INR,Cash Withdrawal,Debit,Other,Noida,Uttar Pradesh,India
6104,TXN005309,2018-12-20,04:48:23,BigBasket,POS Purchase BigBasket,2800.93,INR,Credit Card,Debit,Groceries,Kochi,Kerala,India
6105,TXN005166,2018-12-20,13:44:16,Airtel Digital TV,UPI/DR/786055206/Airtel Digital TV,642.26,INR,Credit Card,Debit,Subscription,Pune,Maharashtra,India
6106,TXN005564,2018-12-22,05:40:56,Apollo Pharmacy,POS Purchase Apollo Pharmacy,10764.6,INR,Credit Card,Debit,Miscellaneous,Kolkata,West Bengal,India
6107,TXN005824,2018-12-22,17:14:51,ICICI Lombard,Net Banking Insurance Premium ICICI Lombard,32766.66,INR,Net Banking,Debit,Insurance,Bengaluru,Karnataka,India
6108,TXN006107,2018-12-22,18:01:18,The Beer Cafe,UPI/Paytm/The Beer Cafe,1365.03,INR,UPI,Debit,Food,Kochi,Kerala,India
6109,TXN006252,2018-12-24,05:47:32,BookMyShow,UPI/DR/293976787/BookMyShow,1116.29,INR,UPI,Debit,Entertainment,Indore,Madhya Pradesh,India
6110,TXN005259,2018-12-24,14:03:25,Local Wine & Beer Shop,POS Purchase Local Wine & Beer Shop,901.77,INR,Credit Card,Debit,Food,Pune,Maharashtra,India
6111,TXN006874,2018-12-24,16:24:32,Chaayos,POS Purchase Chaayos,2796.16,INR,Credit Card,Debit,Food,Lucknow,Uttar Pradesh,India
6112,TXN005065,2018-12-25,11:01:42,Local Wine & Beer Shop,UPI/Local Wine & Beer Shop,754.34,INR,UPI,Debit,Food,Chennai,Tamil Nadu,India
6113,TXN005097,2018-12-25,20:41:02,Zomato,UPI/Zomato,1119.63,INR,UPI,Debit,Food,Chennai,Tamil Nadu,India
6114,TXN005243,2018-12-25,20:44:42,Jio Fiber,Auto Debit Jio Fiber,7415.59,INR,Auto Debit,Debit,Bills,Ahmedabad,Gujarat,India
6115,TXN006327,2018-12-25,22:36:43,Bakery,UPI/Paytm/Bakery,1304.54,INR,UPI,Debit,Other,Hyderabad,Telangana,India
6116,TXN005212,2018-12-26,04:36:42,Municipal Water Department,Auto Debit Municipal Water Department,2416.1,INR,Auto Debit,Debit,Bills,Indore,Madhya Pradesh,India
6117,TXN005982,2018-12-26,09:49:22,Misc Vendor,UPI/Misc Vendor,1135.35,INR,UPI,Debit,Other,Bengaluru,Karnataka,India
6118,TXN005492,2018-12-26,10:50:08,IRCTC,POS Purchase IRCTC,2333.04,INR,Credit Card,Debit,Miscellaneous,Delhi,Delhi,India
6119,TXN006831,2018-12-26,12:42:31,The Beer Cafe,POS Purchase The Beer Cafe,1272.52,INR,Credit Card,Debit,Food,Noida,Uttar Pradesh,India
6120,TXN005282,2018-12-26,23:55:58,Airtel Digital TV,Auto Debit Airtel Digital TV,814.61,INR,Auto Debit,Debit,Subscription,Chennai,Tamil Nadu,India
6121,TXN006907,2018-12-27,11:14:05,Starbucks India,UPI/DR/162193817/Starbucks India,2745.88,INR,UPI,Debit,Food,Bengaluru,Karnataka,India
6122,TXN006743,2018-12-27,14:33:48,Starbucks India,POS Purchase Starbucks India,1433.53,INR,Debit Card,Debit,Food,Jaipur,Rajasthan,India
6123,TXN006222,2018-12-27,17:47:20,Local Services,UPI/Paytm/Local Services,978.62,INR,UPI,Debit,Other,Kochi,Kerala,India
6124,TXN006898,2018-12-27,17:52:46,HP Gas,Auto Debit HP Gas,14001.69,INR,Auto Debit,Debit,Bills,Delhi,Delhi,India
6125,TXN006997,2018-12-28,02:41:03,Meesho,UPI/Paytm/Meesho,12816.97,INR,UPI,Debit,Shopping,Lucknow,Uttar Pradesh,India
6126,TXN005682,2018-12-28,05:32:34,Indane Gas,UPI/Paytm/Indane Gas,1332.74,INR,UPI,Debit,Bills,Chennai,Tamil Nadu,India
6127,TXN006553,2018-12-28,06:54:46,HP Gas,NEFT HP Gas,2688.45,INR,NEFT,Debit,Bills,Pune,Maharashtra,India
6128,TXN006786,2018-12-28,10:57:14,Indane Gas,Net Banking Indane Gas,661.9,INR,Net Banking,Debit,Bills,Surat,Gujarat,India
6129,TXN005594,2018-12-28,15:58:17,Credit Card Bill Payment,Auto Debit Credit Card Bill Payment,12577.29,INR,Auto Debit,Debit,Bills,Nagpur,Maharashtra,India
6130,TXN006854,2018-12-29,00:58:35,Indian Oil,UPI/DR/595299904/Indian Oil,2801.77,INR,UPI,Debit,Fuel,Surat,Gujarat,India
6131,TXN006148,2018-12-29,04:52:28,Income Tax Payment,Net Banking Income Tax Payment,15481.31,INR,Net Banking,Debit,Bills,Indore,Madhya Pradesh,India
6132,TXN005352,2018-12-29,06:11:39,Airtel,Net Banking Airtel,11580.49,INR,Net Banking,Debit,Bills,Nagpur,Maharashtra,India
6133,TXN005095,2018-12-29,12:17:48,BSNL,NEFT BSNL,14173.7,INR,NEFT,Debit,Bills,Hyderabad,Telangana,India
6134,TXN006976,2018-12-29,19:50:14,Domino's India,POS Purchase Domino's India,1065.24,INR,Debit Card,Debit,Food,Noida,Uttar Pradesh,India
6135,TXN006670,2018-12-29,21:24:43,HP Gas,Auto Debit HP Gas,536.6,INR,Auto Debit,Debit,Bills,Bengaluru,Karnataka,India
6136,TXN005061,2018-12-29,21:26:39,Domino's India,POS Purchase Domino's India,432.29,INR,Debit Card,Debit,Food,Bengaluru,Karnataka,India
6137,TXN005222,2018-12-29,23:02:27,EMI Personal Loan,Auto Debit EMI Personal Loan,15284.89,INR,Auto Debit,Debit,Bills,Noida,Uttar Pradesh,India
6138,TXN006597,2018-12-30,08:27:33,Airtel,Net Banking Airtel,8103.17,INR,Net Banking,Debit,Bills,Pune,Maharashtra,India
6139,TXN006183,2018-12-30,11:22:26,Jio Fiber,Auto Debit Jio Fiber,8066.54,INR,Auto Debit,Debit,Bills,Noida,Uttar Pradesh,India
6140,TXN006962,2018-12-30,14:47:53,BEST,UPI/DR/777350700/BEST,14000.2,INR,UPI,Debit,Bills,Kolkata,West Bengal,India
6141,TXN005092,2018-12-30,14:58:08,Adani Electricity,Net Banking Adani Electricity,10475.49,INR,Net Banking,Debit,Bills,Surat,Gujarat,India
6142,TXN006159,2018-12-30,16:14:26,BEST,Auto Debit BEST,2104.5,INR,Auto Debit,Debit,Bills,Noida,Uttar Pradesh,India
6143,TXN005743,2018-12-30,19:00:32,Jio,NEFT Jio,10280.48,INR,NEFT,Debit,Bills,Kolkata,West Bengal,India
6144,TXN005533,2018-12-30,21:19:16,Indane Gas,Net Banking Indane Gas,15638.33,INR,Net Banking,Debit,Bills,Noida,Uttar Pradesh,India
6145,TXN006398,2018-12-31,03:00:38,Credit Card Bill Payment,Auto Debit Credit Card Bill Payment,8074.38,INR,Auto Debit,Debit,Bills,Pune,Maharashtra,India
6146,TXN006961,2018-12-31,03:46:02,Municipal Water Department,Net Banking Municipal Water Department,10187.41,INR,Net Banking,Debit,Bills,Noida,Uttar Pradesh,India
6147,TXN006653,2018-12-31,08:01:34,Tea Stall,UPI/DR/289768018/Tea Stall,118.91,INR,UPI,Debit,Other,Bengaluru,Karnataka,India
6148,TXN005416,2018-12-31,12:27:11,Amazon India,POS Purchase Amazon India,1472.61,INR,Debit Card,Debit,Shopping,Kolkata,West Bengal,India
6149,TXN005560,2019-01-01,05:24:19,Reliance Fresh,UPI/Paytm/Reliance Fresh,1555.03,INR,UPI,Debit,Groceries,Mumbai,Maharashtra,India
6150,TXN006784,2019-01-02,06:42:23,ICICI Prudential MF,SIP Investment ICICI Prudential MF,38587.72,INR,Auto Debit,Debit,Investment,Indore,Madhya Pradesh,India
6151,TXN005477,2019-01-02,17:25:13,Tata Power,NEFT Tata Power,673.11,INR,NEFT,Debit,Bills,Pune,Maharashtra,India
6152,TXN006763,2019-01-02,20:57:14,Tata Power,Auto Debit Tata Power,13059.01,INR,Auto Debit,Debit,Bills,Mumbai,Maharashtra,India
6153,TXN005168,2019-01-03,09:01:53,Reliance Fresh,UPI/Paytm/Reliance Fresh,2525.32,INR,UPI,Debit,Groceries,Pune,Maharashtra,India
6154,TXN006048,2019-01-03,14:47:12,DMart,UPI/Paytm/DMart,3638.14,INR,UPI,Debit,Groceries,Mumbai,Maharashtra,India
6155,TXN006363,2019-01-03,18:53:32,HDFC Mutual Fund,SIP Investment HDFC Mutual Fund,39760.57,INR,Auto Debit,Debit,Investment,Pune,Maharashtra,India
6156,TXN006636,2019-01-03,19:49:37,Employer Salary Credit,NEFT Salary Credit,156886.81,INR,IMPS,Credit,Salary,Lucknow,Uttar Pradesh,India
6157,TXN005654,2019-01-03,21:56:53,Bajaj Allianz,Insurance Premium Bajaj Allianz,33215.63,INR,Auto Debit,Debit,Insurance,Bengaluru,Karnataka,India
6158,TXN005420,2019-01-04,03:08:05,Nature's Basket,POS Purchase Nature's Basket,2954.75,INR,Debit Card,Debit,Groceries,Noida,Uttar Pradesh,India
6159,TXN005123,2019-01-04,09:55:37,House Rent Payment,NEFT House Rent Payment,24721.6,INR,NEFT,Debit,Rent,Hyderabad,Telangana,India
6160,TXN006642,2019-01-04,18:45:07,Employer Salary Credit,NEFT Salary Credit,141025.68,INR,IMPS,Credit,Salary,Nagpur,Maharashtra,India
6161,TXN005739,2019-01-05,01:41:20,Reliance Fresh,UPI/DR/149861842/Reliance Fresh,3157.15,INR,UPI,Debit,Groceries,Mumbai,Maharashtra,India
6162,TXN006310,2019-01-05,07:09:48,Indane Gas,Net Banking Indane Gas,14064.56,INR,Net Banking,Debit,Bills,Ahmedabad,Gujarat,India
6163,TXN006265,2019-01-05,10:27:40,Employer Salary Credit,NEFT Salary Credit,140146.77,INR,IMPS,Credit,Salary,Mumbai,Maharashtra,India
6164,TXN006278,2019-01-05,12:51:19,BPCL,UPI/Paytm/BPCL,594.64,INR,UPI,Debit,Fuel,Surat,Gujarat,India
6165,TXN006032,2019-01-05,20:11:57,Employer Salary Credit,NEFT Salary Credit,90145.28,INR,NEFT,Credit,Salary,Noida,Uttar Pradesh,India
6166,TXN006510,2019-01-06,21:01:44,Ajio,POS Purchase Ajio,10666.52,INR,Debit Card,Debit,Shopping,Noida,Uttar Pradesh,India
6167,TXN005814,2019-01-07,14:26:10,Amazon India,UPI/Paytm/Amazon India,7977.35,INR,UPI,Debit,Shopping,Mumbai,Maharashtra,India
6168,TXN006632,2019-01-08,13:15:20,Mobile Repair,UPI/DR/864059216/Mobile Repair,441.3,INR,UPI,Debit,Other,Surat,Gujarat,India
6169,TXN005980,2019-01-08,22:58:42,Income Tax Payment,Auto Debit Income Tax Payment,36437.67,INR,Auto Debit,Debit,Bills,Hyderabad,Telangana,India
6170,TXN005800,2019-01-09,05:36:08,Indian Oil,POS Purchase Indian Oil,4038.61,INR,Credit Card,Debit,Fuel,Pune,Maharashtra,India
6171,TXN006832,2019-01-09,11:19:45,Tata Play,Auto Debit Tata Play,776.79,INR,Auto Debit,Debit,Subscription,Delhi,Delhi,India
6172,TXN005010,2019-01-09,21:17:44,Nature's Basket,UPI/DR/324956459/Nature's Basket,2330.14,INR,UPI,Debit,Groceries,Jaipur,Rajasthan,India
6173,TXN006690,2019-01-10,00:36:53,HPCL,POS Purchase HPCL,2053.68,INR,Debit Card,Debit,Fuel,Hyderabad,Telangana,India
6174,TXN005317,2019-01-10,11:02:25,BigBasket,POS Purchase BigBasket,708.53,INR,Debit Card,Debit,Groceries,Kochi,Kerala,India
6175,TXN005799,2019-01-10,13:44:48,Unknown Merchant,UPI/DR/326057528/Unknown Merchant,881.98,INR,UPI,Debit,Other,Nagpur,Maharashtra,India
6176,TXN006097,2019-01-10,20:35:45,Adani Electricity,Auto Debit Adani Electricity,3920.72,INR,Auto Debit,Debit,Bills,Hyderabad,Telangana,India
6177,TXN005463,2019-01-11,23:28:34,Uber,UPI/Uber,785.96,INR,UPI,Debit,Miscellaneous,Indore,Madhya Pradesh,India
6178,TXN006430,2019-01-12,13:17:24,Social,POS Purchase Social,2164.07,INR,Debit Card,Debit,Food,Delhi,Delhi,India
6179,TXN006164,2019-01-12,15:43:06,The Beer Cafe,UPI/Paytm/The Beer Cafe,996.34,INR,UPI,Debit,Food,Delhi,Delhi,India
6180,TXN005519,2019-01-13,18:50:19,Flipkart,POS Purchase Flipkart,13168.32,INR,Credit Card,Debit,Shopping,Delhi,Delhi,India
6181,TXN006675,2019-01-13,22:51:04,Nykaa,POS Purchase Nykaa,11553.39,INR,Net Banking,Debit,Shopping,Surat,Gujarat,India
6182,TXN005579,2019-01-14,12:28:29,Third Wave Coffee,UPI/Third Wave Coffee,1934.16,INR,UPI,Debit,Food,Ahmedabad,Gujarat,India
6183,TXN006973,2019-01-14,13:46:28,Zepto,UPI/Paytm/Zepto,4370.68,INR,UPI,Debit,Groceries,Chennai,Tamil Nadu,India
6184,TXN006526,2019-01-15,07:23:42,Unknown Merchant,UPI/DR/438468976/Unknown Merchant,54.09,INR,UPI,Debit,Other,Surat,Gujarat,India
6185,TXN006373,2019-01-15,14:00:14,Disney+ Hotstar,POS Purchase Disney+ Hotstar,1926.21,INR,Credit Card,Debit,Entertainment,Bengaluru,Karnataka,India
6186,TXN005837,2019-01-16,01:21:05,EMI Home Loan,Net Banking EMI Home Loan,17304.42,INR,Net Banking,Debit,Bills,Jaipur,Rajasthan,India
6187,TXN005962,2019-01-16,09:13:33,Amazon India,POS Purchase Amazon India,3174.91,INR,Debit Card,Debit,Shopping,Lucknow,Uttar Pradesh,India
6188,TXN005240,2019-01-17,14:26:49,Starbucks India,POS Purchase Starbucks India,2847.48,INR,Credit Card,Debit,Food,Chennai,Tamil Nadu,India
6189,TXN005717,2019-01-18,00:35:55,Myntra,POS Purchase Myntra,2045.6,INR,Net Banking,Debit,Shopping,Noida,Uttar Pradesh,India
6190,TXN005270,2019-01-18,11:50:04,Kirana Shop,UPI/Kirana Shop,1310.01,INR,UPI,Debit,Other,Noida,Uttar Pradesh,India
6191,TXN005829,2019-01-18,13:25:15,Reliance Fresh,UPI/Paytm/Reliance Fresh,2173.72,INR,UPI,Debit,Groceries,Pune,Maharashtra,India
6192,TXN006607,2019-01-18,13:58:43,Cafe Coffee Day,POS Purchase Cafe Coffee Day,643.21,INR,Credit Card,Debit,Food,Kolkata,West Bengal,India
6193,TXN005404,2019-01-18,15:36:15,McDonald's India,POS Purchase McDonald's India,1660.47,INR,Credit Card,Debit,Food,Indore,Madhya Pradesh,India
6194,TXN006999,2019-01-18,16:46:15,Cafe Coffee Day,UPI/Cafe Coffee Day,1491.29,INR,UPI,Debit,Food,Ahmedabad,Gujarat,India
6195,TXN005557,2019-01-18,21:25:37,Zepto,POS Purchase Zepto,2558.76,INR,Debit Card,Debit,Groceries,Chennai,Tamil Nadu,India
6196,TXN006942,2019-01-19,00:10:23,BPCL,UPI/Paytm/BPCL,1576.01,INR,UPI,Debit,Fuel,Lucknow,Uttar Pradesh,India
6197,TXN005162,2019-01-19,07:33:26,Ajio,POS Purchase Ajio,6584.2,INR,Debit Card,Debit,Shopping,Noida,Uttar Pradesh,India
6198,TXN005963,2019-01-19,20:12:58,Domino's India,POS Purchase Domino's India,1077.39,INR,Debit Card,Debit,Food,Noida,Uttar Pradesh,India
6199,TXN005871,2019-01-20,14:28:25,HPCL,UPI/DR/486556226/HPCL,2356.73,INR,UPI,Debit,Fuel,Bengaluru,Karnataka,India
6200,TXN006566,2019-01-20,20:42:42,Cafe Coffee Day,POS Purchase Cafe Coffee Day,1706.39,INR,Debit Card,Debit,Food,Mumbai,Maharashtra,India
6201,TXN006503,2019-01-20,22:30:12,Indian Oil,UPI/DR/246733633/Indian Oil,3621.16,INR,UPI,Debit,Fuel,Lucknow,Uttar Pradesh,India
6202,TXN005694,2019-01-22,08:08:10,BookMyShow,UPI/DR/697643222/BookMyShow,221.82,INR,UPI,Debit,Entertainment,Pune,Maharashtra,India
6203,TXN006328,2019-01-22,09:20:33,KFC,UPI/KFC,1184.38,INR,UPI,Debit,Food,Kochi,Kerala,India
6204,TXN006188,2019-01-22,09:51:31,Barbeque Nation,UPI/DR/714758692/Barbeque Nation,947.29,INR,UPI,Debit,Food,Kolkata,West Bengal,India
6205,TXN005152,2019-01-22,22:15:36,Reliance Fresh,UPI/DR/302563940/Reliance Fresh,1817.9,INR,UPI,Debit,Groceries,Bengaluru,Karnataka,India
6206,TXN006590,2019-01-23,03:11:33,Blinkit,POS Purchase Blinkit,2236.2,INR,Credit Card,Debit,Groceries,Surat,Gujarat,India
6207,TXN006415,2019-01-24,03:21:59,Local Hardware Store,POS Purchase Local Hardware Store,7065.06,INR,Debit Card,Debit,Miscellaneous,Indore,Madhya Pradesh,India
6208,TXN005898,2019-01-25,03:57:20,Bakery,UPI/Paytm/Bakery,2033.19,INR,UPI,Debit,Other,Mumbai,Maharashtra,India
6209,TXN005685,2019-01-26,08:12:17,Swiggy,UPI/Paytm/Swiggy,830.8,INR,UPI,Debit,Food,Pune,Maharashtra,India
6210,TXN006466,2019-01-26,12:54:12,Airtel Digital TV,Auto Debit Airtel Digital TV,259.25,INR,Auto Debit,Debit,Subscription,Noida,Uttar Pradesh,India
6211,TXN006946,2019-01-26,20:05:04,Local Hardware Store,POS Purchase Local Hardware Store,1940.01,INR,Debit Card,Debit,Miscellaneous,Lucknow,Uttar Pradesh,India
6212,TXN005260,2019-01-27,00:20:59,Jio,Auto Debit Jio,13667.16,INR,Auto Debit,Debit,Bills,Hyderabad,Telangana,India
6213,TXN006312,2019-01-27,00:45:51,EMI Personal Loan,Auto Debit EMI Personal Loan,14348.96,INR,Auto Debit,Debit,Bills,Mumbai,Maharashtra,India
6214,TXN005599,2019-01-27,05:04:19,EMI Home Loan,Net Banking EMI Home Loan,23759.55,INR,Net Banking,Debit,Bills,Noida,Uttar Pradesh,India
6215,TXN005104,2019-01-27,10:00:54,BSNL,Net Banking BSNL,2693.84,INR,Net Banking,Debit,Bills,Noida,Uttar Pradesh,India
6216,TXN005975,2019-01-27,12:11:45,Tata Power,Auto Debit Tata Power,9699.8,INR,Auto Debit,Debit,Bills,Lucknow,Uttar Pradesh,India
6217,TXN006024,2019-01-27,16:43:02,Bajaj Allianz,Net Banking Insurance Premium Bajaj Allianz,11780.79,INR,Net Banking,Debit,Insurance,Bengaluru,Karnataka,India
6218,TXN006236,2019-01-27,17:13:52,The Beer Cafe,UPI/The Beer Cafe,1146.95,INR,UPI,Debit,Food,Pune,Maharashtra,India
6219,TXN005772,2019-01-27,23:24:59,BEST,Net Banking BEST,555.5,INR,Net Banking,Debit,Bills,Nagpur,Maharashtra,India
6220,TXN005356,2019-01-28,03:29:19,Jio Fiber,Auto Debit Jio Fiber,12584.42,INR,Auto Debit,Debit,Bills,Noida,Uttar Pradesh,India
6221,TXN006950,2019-01-28,23:07:44,BSNL,Net Banking BSNL,3478.24,INR,Net Banking,Debit,Bills,Delhi,Delhi,India
6222,TXN006920,2019-01-29,01:14:13,BPCL,UPI/DR/576762564/BPCL,3533.81,INR,UPI,Debit,Fuel,Nagpur,Maharashtra,India
6223,TXN006919,2019-01-29,02:03:17,Municipal Water Department,NEFT Municipal Water Department,9595.41,INR,NEFT,Debit,Bills,Pune,Maharashtra,India
6224,TXN006307,2019-01-29,03:54:12,EMI Personal Loan,NEFT EMI Personal Loan,19249.14,INR,NEFT,Debit,Bills,Jaipur,Rajasthan,India
6225,TXN006047,2019-01-29,12:57:06,Spotify,UPI/DR/847197907/Spotify,723.16,INR,UPI,Debit,Subscription,Pune,Maharashtra,India
6226,TXN005154,2019-01-30,04:31:02,Indane Gas,UPI/Paytm/Indane Gas,582.19,INR,UPI,Debit,Bills,Delhi,Delhi,India
6227,TXN005019,2019-01-30,08:35:55,Home Depot India,UPI/DR/668132202/Home Depot India,2612.97,INR,UPI,Debit,Miscellaneous,Surat,Gujarat,India
6228,TXN005069,2019-01-30,11:16:02,Domino's India,POS Purchase Domino's India,2908.9,INR,Credit Card,Debit,Food,Kochi,Kerala,India
6229,TXN005029,2019-01-30,14:07:15,Indane Gas,NEFT Indane Gas,3242.18,INR,NEFT,Debit,Bills,Hyderabad,Telangana,India
6230,TXN006499,2019-01-30,15:28:27,EMI Home Loan,Auto Debit EMI Home Loan,16720.27,INR,Auto Debit,Debit,Bills,Bengaluru,Karnataka,India
6231,TXN005687,2019-01-30,21:47:35,EMI Home Loan,Auto Debit EMI Home Loan,3806.77,INR,Auto Debit,Debit,Bills,Bengaluru,Karnataka,India
6232,TXN006329,2019-01-30,22:27:53,Jio Fiber,Auto Debit Jio Fiber,4860.59,INR,Auto Debit,Debit,Bills,Kochi,Kerala,India
6233,TXN006162,2019-01-30,23:19:43,Home Depot India,UPI/Paytm/Home Depot India,5863.78,INR,UPI,Debit,Miscellaneous,Kochi,Kerala,India
6234,TXN006884,2019-01-31,00:59:11,Indane Gas,Net Banking Indane Gas,5715.89,INR,Net Banking,Debit,Bills,Hyderabad,Telangana,India
6235,TXN005931,2019-01-31,05:24:35,BEST,Net Banking BEST,12050.08,INR,Net Banking,Debit,Bills,Mumbai,Maharashtra,India
6236,TXN006061,2019-01-31,07:59:37,HP Gas,Auto Debit HP Gas,10727.93,INR,Auto Debit,Debit,Bills,Delhi,Delhi,India
6237,TXN005807,2019-01-31,08:22:01,BSNL,Net Banking BSNL,13064.57,INR,Net Banking,Debit,Bills,Indore,Madhya Pradesh,India
6238,TXN005611,2019-01-31,19:18:19,Credit Card Bill Payment,Net Banking Credit Card Bill Payment,694.05,INR,Net Banking,Debit,Bills,Chennai,Tamil Nadu,India
6239,TXN006447,2019-01-31,20:57:19,BPCL,FASTag Recharge,3726.21,INR,Net Banking,Debit,Fuel,Pune,Maharashtra,India
6240,TXN005903,2019-02-01,17:17:14,Ajio,UPI/Ajio,14174.6,INR,UPI,Debit,Shopping,Nagpur,Maharashtra,India
6241,TXN005712,2019-02-03,00:41:46,Amazon India,UPI/Paytm/Amazon India,13099.12,INR,UPI,Debit,Shopping,Ahmedabad,Gujarat,India
6242,TXN006212,2019-02-03,21:37:03,Employer Salary Credit,NEFT Salary Credit,188574.21,INR,IMPS,Credit,Salary,Noida,Uttar Pradesh,India
6243,TXN006593,2019-02-03,23:43:50,Myntra,POS Purchase Myntra,2199.46,INR,Credit Card,Debit,Shopping,Hyderabad,Telangana,India
6244,TXN005830,2019-02-04,07:16:05,Airtel,NEFT Airtel,5916.49,INR,NEFT,Debit,Bills,Lucknow,Uttar Pradesh,India
6245,TXN005540,2019-02-04,12:43:27,House Rent Payment,Net Banking House Rent Payment,47459.69,INR,Net Banking,Debit,Rent,Jaipur,Rajasthan,India
6246,TXN006660,2019-02-05,11:04:09,Employer Salary Credit,NEFT Salary Credit,225266.29,INR,NEFT,Credit,Salary,Chennai,Tamil Nadu,India
6247,TXN006452,2019-02-05,15:47:04,Indian Oil,FASTag Recharge,3717.17,INR,Net Banking,Debit,Fuel,Nagpur,Maharashtra,India
6248,TXN006756,2019-02-05,20:25:53,Bharat Gas,Auto Debit Bharat Gas,9037.3,INR,Auto Debit,Debit,Bills,Lucknow,Uttar Pradesh,India
6249,TXN006273,2019-02-07,09:20:37,Blinkit,UPI/DR/856320718/Blinkit,1636.09,INR,UPI,Debit,Groceries,Hyderabad,Telangana,India
6250,TXN005526,2019-02-08,18:03:27,Airtel,Auto Debit Airtel,15584.6,INR,Auto Debit,Debit,Bills,Noida,Uttar Pradesh,India
6251,TXN006505,2019-02-09,15:19:41,HP Gas,UPI/DR/512357040/HP Gas,9504.05,INR,UPI,Debit,Bills,Bengaluru,Karnataka,India
6252,TXN005177,2019-02-11,17:23:05,Amazon Prime,POS Purchase Amazon Prime,1214.2,INR,Credit Card,Debit,Entertainment,Mumbai,Maharashtra,India
6253,TXN006517,2019-02-12,00:10:52,Bharat Gas,Net Banking Bharat Gas,6946.12,INR,Net Banking,Debit,Bills,Jaipur,Rajasthan,India
6254,TXN005412,2019-02-12,18:15:36,EMI Personal Loan,UPI/DR/274429624/EMI Personal Loan,6916.79,INR,UPI,Debit,Bills,Nagpur,Maharashtra,India
6255,TXN006783,2019-02-12,20:20:27,Starbucks India,UPI/Starbucks India,1831.52,INR,UPI,Debit,Food,Lucknow,Uttar Pradesh,India
6256,TXN005885,2019-02-13,04:30:35,HPCL,UPI/HPCL,1170.42,INR,UPI,Debit,Fuel,Kochi,Kerala,India
6257,TXN006456,2019-02-13,16:21:58,Local Services,UPI/Local Services,973.2,INR,UPI,Debit,Other,Kolkata,West Bengal,India
6258,TXN005788,2019-02-13,17:59:11,Local Services,UPI/DR/181635326/Local Services,599.61,INR,UPI,Debit,Other,Surat,Gujarat,India
6259,TXN006584,2019-02-14,14:44:09,Cafe Coffee Day,UPI/DR/826413906/Cafe Coffee Day,789.1,INR,UPI,Debit,Food,Indore,Madhya Pradesh,India
6260,TXN006621,2019-02-14,21:52:24,Barbeque Nation,UPI/Paytm/Barbeque Nation,1450.22,INR,UPI,Debit,Food,Noida,Uttar Pradesh,India
6261,TXN006697,2019-02-15,11:25:11,Chaayos,POS Purchase Chaayos,2035.14,INR,Debit Card,Debit,Food,Kochi,Kerala,India
6262,TXN005437,2019-02-15,13:34:02,Rapido,UPI/Paytm/Rapido,1438.37,INR,UPI,Debit,Miscellaneous,Noida,Uttar Pradesh,India
6263,TXN006232,2019-02-15,17:16:09,Zomato,POS Purchase Zomato,1582.98,INR,Debit Card,Debit,Food,Surat,Gujarat,India
6264,TXN006717,2019-02-15,21:08:28,Lakme Salon,UPI/Paytm/Lakme Salon,582.92,INR,UPI,Debit,Miscellaneous,Jaipur,Rajasthan,India
6265,TXN006166,2019-02-15,23:59:57,Kirana Shop,UPI/Kirana Shop,2059.61,INR,UPI,Debit,Other,Kochi,Kerala,India
6266,TXN005868,2019-02-16,05:34:38,Reliance Fresh,UPI/Paytm/Reliance Fresh,3989.58,INR,UPI,Debit,Groceries,Jaipur,Rajasthan,India
6267,TXN006613,2019-02-16,14:31:12,Cafe Coffee Day,UPI/Cafe Coffee Day,1673.02,INR,UPI,Debit,Food,Delhi,Delhi,India
6268,TXN005197,2019-02-16,15:45:58,Street Food Vendor,UPI/Street Food Vendor,236.18,INR,UPI,Debit,Other,Nagpur,Maharashtra,India
6269,TXN005663,2019-02-17,09:29:28,Third Wave Coffee,POS Purchase Third Wave Coffee,2200.39,INR,Debit Card,Debit,Food,Mumbai,Maharashtra,India
6270,TXN006262,2019-02-17,20:09:07,Myntra,POS Purchase Myntra,14695.23,INR,Credit Card,Debit,Shopping,Noida,Uttar Pradesh,India
6271,TXN006821,2019-02-19,03:14:46,Jio Fiber,Auto Debit Jio Fiber,1626.81,INR,Auto Debit,Debit,Bills,Ahmedabad,Gujarat,India
6272,TXN006699,2019-02-19,05:03:51,BSNL,NEFT BSNL,12332.43,INR,NEFT,Debit,Bills,Kochi,Kerala,India
6273,TXN006319,2019-02-19,09:05:02,EMI Home Loan,NEFT EMI Home Loan,24196.98,INR,NEFT,Debit,Bills,Jaipur,Rajasthan,India
6274,TXN005112,2019-02-19,12:42:37,EatClub,POS Purchase EatClub,878.19,INR,Debit Card,Debit,Food,Surat,Gujarat,India
6275,TXN006170,2019-02-19,16:17:09,Meesho,POS Purchase Meesho,10731.0,INR,Net Banking,Debit,Shopping,Mumbai,Maharashtra,India
6276,TXN006437,2019-02-20,00:30:41,Indian Oil,POS Purchase Indian Oil,1086.41,INR,Credit Card,Debit,Fuel,Delhi,Delhi,India
6277,TXN006203,2019-02-20,11:01:15,EatClub,UPI/EatClub,1784.26,INR,UPI,Debit,Food,Hyderabad,Telangana,India
6278,TXN005997,2019-02-20,17:13:42,BSNL,Auto Debit BSNL,2544.79,INR,Auto Debit,Debit,Bills,Pune,Maharashtra,India
6279,TXN005284,2019-02-20,21:10:01,DMart,UPI/Paytm/DMart,1513.75,INR,UPI,Debit,Groceries,Jaipur,Rajasthan,India
6280,TXN006052,2019-02-20,21:33:29,Ace Hardware India,UPI/Paytm/Ace Hardware India,2869.38,INR,UPI,Debit,Miscellaneous,Pune,Maharashtra,India
6281,TXN006089,2019-02-21,11:18:15,Credit Card Bill Payment,UPI/Credit Card Bill Payment,380.37,INR,UPI,Debit,Bills,Bengaluru,Karnataka,India
6282,TXN006737,2019-02-21,23:00:28,BEST,Auto Debit BEST,9239.52,INR,Auto Debit,Debit,Bills,Indore,Madhya Pradesh,India
6283,TXN006889,2019-02-22,13:11:43,Starbucks India,UPI/Starbucks India,1303.46,INR,UPI,Debit,Food,Delhi,Delhi,India
6284,TXN005146,2019-02-22,14:07:41,Uber,UPI/Uber,1311.85,INR,UPI,Debit,Miscellaneous,Noida,Uttar Pradesh,India
6285,TXN006630,2019-02-22,20:14:14,Nature's Basket,UPI/Paytm/Nature's Basket,959.53,INR,UPI,Debit,Groceries,Kolkata,West Bengal,India
6286,TXN005917,2019-02-23,00:59:17,Ace Hardware India,POS Purchase Ace Hardware India,6201.61,INR,Debit Card,Debit,Miscellaneous,Mumbai,Maharashtra,India
6287,TXN006956,2019-02-23,18:31:40,Local Services,UPI/Local Services,401.67,INR,UPI,Debit,Other,Kolkata,West Bengal,India
6288,TXN005624,2019-02-24,04:08:12,HP Gas,NEFT HP Gas,7677.62,INR,NEFT,Debit,Bills,Kochi,Kerala,India
6289,TXN005671,2019-02-24,06:12:07,Adani Electricity,Auto Debit Adani Electricity,3890.06,INR,Auto Debit,Debit,Bills,Noida,Uttar Pradesh,India
6290,TXN006793,2019-02-24,16:02:21,Municipal Water Department,NEFT Municipal Water Department,576.28,INR,NEFT,Debit,Bills,Kochi,Kerala,India
6291,TXN005607,2019-02-24,21:00:30,ICICI Lombard,Insurance Premium ICICI Lombard,10905.22,INR,Auto Debit,Debit,Insurance,Jaipur,Rajasthan,India
6292,TXN005748,2019-02-25,01:08:36,Airtel,Auto Debit Airtel,4627.88,INR,Auto Debit,Debit,Bills,Kochi,Kerala,India
6293,TXN005796,2019-02-25,03:44:33,Credit Card Bill Payment,Net Banking Credit Card Bill Payment,10943.49,INR,Net Banking,Debit,Bills,Noida,Uttar Pradesh,India
6294,TXN006005,2019-02-25,18:23:02,Netflix,POS Purchase Netflix,1722.3,INR,Credit Card,Debit,Entertainment,Bengaluru,Karnataka,India
6295,TXN005206,2019-02-25,20:27:55,Domino's India,UPI/Paytm/Domino's India,1060.58,INR,UPI,Debit,Food,Mumbai,Maharashtra,India
6296,TXN005419,2019-02-26,02:00:19,Tata Power,Auto Debit Tata Power,756.77,INR,Auto Debit,Debit,Bills,Jaipur,Rajasthan,India
6297,TXN005343,2019-02-26,03:43:49,Bharat Gas,Net Banking Bharat Gas,5434.32,INR,Net Banking,Debit,Bills,Surat,Gujarat,India
6298,TXN006145,2019-02-26,09:13:09,The Beer Cafe,UPI/The Beer Cafe,1427.22,INR,UPI,Debit,Food,Jaipur,Rajasthan,India
6299,TXN005856,2019-02-26,16:42:04,Jio Fiber,Auto Debit Jio Fiber,4237.23,INR,Auto Debit,Debit,Bills,Indore,Madhya Pradesh,India
6300,TXN006925,2019-02-26,17:29:27,EMI Home Loan,NEFT EMI Home Loan,19660.23,INR,NEFT,Debit,Bills,Surat,Gujarat,India
6301,TXN005536,2019-02-26,20:05:37,Airtel,Net Banking Airtel,2938.9,INR,Net Banking,Debit,Bills,Jaipur,Rajasthan,India
6302,TXN006029,2019-02-26,21:28:22,Zepto,UPI/Zepto,1042.39,INR,UPI,Debit,Groceries,Bengaluru,Karnataka,India
6303,TXN006343,2019-02-26,21:56:28,HP Gas,Net Banking HP Gas,2381.98,INR,Net Banking,Debit,Bills,Bengaluru,Karnataka,India
6304,TXN005431,2019-02-26,22:40:31,BSNL,Auto Debit BSNL,3789.23,INR,Auto Debit,Debit,Bills,Nagpur,Maharashtra,India
6305,TXN006078,2019-02-26,23:12:40,Jio Fiber,Auto Debit Jio Fiber,6774.11,INR,Auto Debit,Debit,Bills,Mumbai,Maharashtra,India
6306,TXN005063,2019-02-26,23:51:15,Apollo Pharmacy,POS Purchase Apollo Pharmacy,2596.12,INR,Debit Card,Debit,Miscellaneous,Indore,Madhya Pradesh,India
6307,TXN006515,2019-02-26,23:55:05,HP Gas,NEFT HP Gas,10669.99,INR,NEFT,Debit,Bills,Nagpur,Maharashtra,India
6308,TXN005916,2019-02-27,05:12:14,BSNL,Net Banking BSNL,8072.74,INR,Net Banking,Debit,Bills,Nagpur,Maharashtra,India
6309,TXN005888,2019-02-27,06:20:22,BEST,Auto Debit BEST,513.51,INR,Auto Debit,Debit,Bills,Ahmedabad,Gujarat,India
6310,TXN005435,2019-02-27,09:15:16,Indane Gas,Auto Debit Indane Gas,3977.81,INR,Auto Debit,Debit,Bills,Chennai,Tamil Nadu,India
6311,TXN005680,2019-02-27,16:19:53,Flower Shop,UPI/Paytm/Flower Shop,344.57,INR,UPI,Debit,Other,Lucknow,Uttar Pradesh,India
6312,TXN006751,2019-02-27,20:45:50,Nature's Basket,POS Purchase Nature's Basket,4239.68,INR,Credit Card,Debit,Groceries,Nagpur,Maharashtra,India
6313,TXN006908,2019-02-28,00:55:46,Jio Fiber,Net Banking Jio Fiber,13347.43,INR,Net Banking,Debit,Bills,Hyderabad,Telangana,India
6314,TXN005911,2019-02-28,09:28:47,Nykaa,POS Purchase Nykaa,3072.72,INR,Net Banking,Debit,Shopping,Pune,Maharashtra,India
6315,TXN006277,2019-02-28,09:39:52,Tata Power,Net Banking Tata Power,4492.21,INR,Net Banking,Debit,Bills,Jaipur,Rajasthan,India
6316,TXN005951,2019-02-28,20:13:00,General Store,UPI/DR/701741560/General Store,1775.05,INR,UPI,Debit,Other,Indore,Madhya Pradesh,India
6317,TXN006803,2019-02-28,21:07:33,Airtel,Net Banking Airtel,13076.9,INR,Net Banking,Debit,Bills,Surat,Gujarat,India
6318,TXN005087,2019-03-01,17:29:26,Meesho,POS Purchase Meesho,3028.31,INR,Debit Card,Debit,Shopping,Bengaluru,Karnataka,India
6319,TXN005673,2019-03-01,20:53:43,Spotify,Auto Debit Spotify,494.09,INR,Auto Debit,Debit,Subscription,Lucknow,Uttar Pradesh,India
6320,TXN006308,2019-03-02,08:15:53,Local Wine & Beer Shop,POS Purchase Local Wine & Beer Shop,1969.25,INR,Debit Card,Debit,Food,Nagpur,Maharashtra,India
6321,TXN005443,2019-03-02,09:07:53,Faasos,POS Purchase Faasos,2681.54,INR,Credit Card,Debit,Food,Noida,Uttar Pradesh,India
6322,TXN006519,2019-03-02,11:11:45,House Rent Payment,Net Banking House Rent Payment,24955.79,INR,Net Banking,Debit,Rent,Pune,Maharashtra,India
6323,TXN005866,2019-03-02,18:22:43,Stationery Shop,UPI/Paytm/Stationery Shop,1200.52,INR,UPI,Debit,Other,Noida,Uttar Pradesh,India
6324,TXN006286,2019-03-02,19:37:38,Social,POS Purchase Social,2886.76,INR,Debit Card,Debit,Food,Kolkata,West Bengal,India
6325,TXN005359,2019-03-02,21:52:13,Indian Oil,UPI/Paytm/Indian Oil,2758.41,INR,UPI,Debit,Fuel,Bengaluru,Karnataka,India
6326,TXN005862,2019-03-02,22:03:52,Indane Gas,NEFT Indane Gas,8729.14,INR,NEFT,Debit,Bills,Kochi,Kerala,India
6327,TXN006789,2019-03-03,21:20:12,Employer Salary Credit,NEFT Salary Credit,141643.43,INR,IMPS,Credit,Salary,Hyderabad,Telangana,India
6328,TXN005925,2019-03-04,05:27:18,HDFC Mutual Fund,UPI/DR/595367749/HDFC Mutual Fund,5409.32,INR,UPI,Debit,Investment,Noida,Uttar Pradesh,India
6329,TXN006147,2019-03-04,09:52:08,Domino's India,UPI/Domino's India,2274.89,INR,UPI,Debit,Food,Indore,Madhya Pradesh,India
6330,TXN005224,2019-03-04,12:01:20,HP Gas,Auto Debit HP Gas,7866.53,INR,Auto Debit,Debit,Bills,Jaipur,Rajasthan,India
6331,TXN006081,2019-03-05,10:14:56,Airtel Digital TV,Auto Debit Airtel Digital TV,353.84,INR,Auto Debit,Debit,Subscription,Hyderabad,Telangana,India
6332,TXN005246,2019-03-05,11:19:11,Mutual Fund SIP,UPI/Mutual Fund SIP,35059.0,INR,UPI,Debit,Investment,Kolkata,West Bengal,India
6333,TXN005331,2019-03-05,11:26:32,Barbeque Nation,UPI/Paytm/Barbeque Nation,2902.26,INR,UPI,Debit,Food,Kochi,Kerala,India
6334,TXN005239,2019-03-05,16:39:10,Employer Salary Credit,NEFT Salary Credit,38976.83,INR,IMPS,Credit,Salary,Pune,Maharashtra,India
6335,TXN005252,2019-03-05,23:50:28,House Rent Payment,NEFT House Rent Payment,42290.22,INR,NEFT,Debit,Rent,Kolkata,West Bengal,India
6336,TXN005589,2019-03-06,04:09:36,Jio Fiber,Auto Debit Jio Fiber,531.88,INR,Auto Debit,Debit,Bills,Noida,Uttar Pradesh,India
6337,TXN006586,2019-03-06,13:24:01,Flipkart,UPI/DR/945876699/Flipkart,8574.74,INR,UPI,Debit,Shopping,Chennai,Tamil Nadu,India
6338,TXN005265,2019-03-06,17:29:04,EatClub,POS Purchase EatClub,487.2,INR,Debit Card,Debit,Food,Chennai,Tamil Nadu,India
6339,TXN006315,2019-03-06,19:35:55,Faasos,UPI/Paytm/Faasos,171.55,INR,UPI,Debit,Food,Mumbai,Maharashtra,India
6340,TXN006733,2019-03-06,19:50:10,Starbucks India,UPI/Paytm/Starbucks India,2601.03,INR,UPI,Debit,Food,Lucknow,Uttar Pradesh,India
6341,TXN005184,2019-03-06,23:09:56,Indane Gas,Net Banking Indane Gas,10834.39,INR,Net Banking,Debit,Bills,Nagpur,Maharashtra,India
6342,TXN005090,2019-03-06,23:34:51,Income Tax Payment,Net Banking Income Tax Payment,6311.99,INR,Net Banking,Debit,Bills,Mumbai,Maharashtra,India
6343,TXN005369,2019-03-07,12:28:55,Myntra,POS Purchase Myntra,5356.13,INR,Credit Card,Debit,Shopping,Lucknow,Uttar Pradesh,India
6344,TXN006385,2019-03-07,14:12:21,Burger King,UPI/DR/105539736/Burger King,199.83,INR,UPI,Debit,Food,Pune,Maharashtra,India
6345,TXN006739,2019-03-07,19:24:13,Meesho,UPI/Meesho,4467.79,INR,UPI,Debit,Shopping,Lucknow,Uttar Pradesh,India
6346,TXN005498,2019-03-07,21:11:48,EMI Personal Loan,Auto Debit EMI Personal Loan,23140.74,INR,Auto Debit,Debit,Bills,Kolkata,West Bengal,India
6347,TXN006855,2019-03-08,04:39:58,Credit Card Bill Payment,Auto Debit Credit Card Bill Payment,2876.47,INR,Auto Debit,Debit,Bills,Indore,Madhya Pradesh,India
6348,TXN005194,2019-03-08,09:30:28,KFC,UPI/Paytm/KFC,2347.41,INR,UPI,Debit,Food,Ahmedabad,Gujarat,India
6349,TXN006620,2019-03-08,18:45:08,Domino's India,UPI/DR/958800276/Domino's India,313.48,INR,UPI,Debit,Food,Hyderabad,Telangana,India
6350,TXN006583,2019-03-09,08:16:24,Airtel,Auto Debit Airtel,1086.99,INR,Auto Debit,Debit,Bills,Chennai,Tamil Nadu,India
6351,TXN006960,2019-03-09,16:15:45,Third Wave Coffee,UPI/DR/848321488/Third Wave Coffee,2119.65,INR,UPI,Debit,Food,Delhi,Delhi,India
6352,TXN006289,2019-03-09,17:04:17,Ajio,POS Purchase Ajio,10705.93,INR,Debit Card,Debit,Shopping,Surat,Gujarat,India
6353,TXN005088,2019-03-09,18:44:01,Meesho,Cashback Meesho,2185.97,INR,Net Banking,Credit,Shopping,Pune,Maharashtra,India
6354,TXN006323,2019-03-09,23:03:53,ICICI Lombard,Insurance Premium ICICI Lombard,8026.41,INR,Auto Debit,Debit,Insurance,Nagpur,Maharashtra,India
6355,TXN006211,2019-03-10,03:11:13,Indane Gas,Auto Debit Indane Gas,15215.25,INR,Auto Debit,Debit,Bills,Lucknow,Uttar Pradesh,India
6356,TXN005264,2019-03-10,09:07:03,Uber,UPI/DR/355164255/Uber,925.93,INR,UPI,Debit,Miscellaneous,Chennai,Tamil Nadu,India
6357,TXN005367,2019-03-10,13:44:04,Interest Credit,Interest Credit Savings Account,1891.5,INR,NEFT,Credit,Salary,Noida,Uttar Pradesh,India
6358,TXN005436,2019-03-10,14:38:30,Flower Shop,UPI/Flower Shop,2142.13,INR,UPI,Debit,Other,Pune,Maharashtra,India
6359,TXN006240,2019-03-10,17:03:03,BPCL,UPI/BPCL,4193.81,INR,UPI,Debit,Fuel,Lucknow,Uttar Pradesh,India
6360,TXN005765,2019-03-10,19:17:43,Municipal Water Department,Net Banking Municipal Water Department,12354.61,INR,Net Banking,Debit,Bills,Mumbai,Maharashtra,India
6361,TXN006547,2019-03-10,21:59:50,IRCTC,UPI/DR/956328583/IRCTC,1079.95,INR,UPI,Debit,Miscellaneous,Delhi,Delhi,India
6362,TXN006695,2019-03-10,22:53:16,Ajio,UPI/DR/695020389/Ajio,9189.88,INR,UPI,Debit,Shopping,Hyderabad,Telangana,India
6363,TXN005129,2019-03-12,04:58:17,HPCL,POS Purchase HPCL,2979.29,INR,Debit Card,Debit,Fuel,Lucknow,Uttar Pradesh,India
6364,TXN006989,2019-03-12,10:42:07,BPCL,POS Purchase BPCL,3092.94,INR,Debit Card,Debit,Fuel,Mumbai,Maharashtra,India
6365,TXN005760,2019-03-12,15:49:14,Meesho,POS Purchase Meesho,12378.24,INR,Credit Card,Debit,Shopping,Ahmedabad,Gujarat,India
6366,TXN005648,2019-03-13,01:00:54,Tata Play,UPI/Tata Play,302.67,INR,UPI,Debit,Subscription,Pune,Maharashtra,India
6367,TXN006631,2019-03-13,01:19:07,Indian Oil,UPI/Paytm/Indian Oil,3216.23,INR,UPI,Debit,Fuel,Hyderabad,Telangana,India
6368,TXN006629,2019-03-13,02:55:03,Flower Shop,UPI/Flower Shop,2011.45,INR,UPI,Debit,Other,Lucknow,Uttar Pradesh,India
6369,TXN006661,2019-03-13,14:06:46,McDonald's India,UPI/Paytm/McDonald's India,2705.36,INR,UPI,Debit,Food,Delhi,Delhi,India
6370,TXN005764,2019-03-13,18:37:16,Interest Credit,Interest Credit Savings Account,1092.59,INR,NEFT,Credit,Salary,Mumbai,Maharashtra,India
6371,TXN005353,2019-03-14,02:25:42,Disney+ Hotstar,POS Purchase Disney+ Hotstar,484.46,INR,Debit Card,Debit,Entertainment,Pune,Maharashtra,India
6372,TXN005057,2019-03-14,03:04:56,Amazon India,POS Purchase Amazon India,13136.18,INR,Debit Card,Debit,Shopping,Noida,Uttar Pradesh,India
6373,TXN005867,2019-03-14,10:50:11,Local Wine & Beer Shop,POS Purchase Local Wine & Beer Shop,1249.72,INR,Credit Card,Debit,Food,Pune,Maharashtra,India
6374,TXN006906,2019-03-14,14:07:57,Apollo Pharmacy,UPI/Apollo Pharmacy,1350.77,INR,UPI,Debit,Miscellaneous,Mumbai,Maharashtra,India
6375,TXN006514,2019-03-14,16:42:56,Cafe Coffee Day,UPI/DR/637565427/Cafe Coffee Day,2529.59,INR,UPI,Debit,Food,Delhi,Delhi,India
6376,TXN006194,2019-03-14,18:52:19,The Beer Cafe,UPI/The Beer Cafe,1223.96,INR,UPI,Debit,Food,Nagpur,Maharashtra,India
6377,TXN006924,2019-03-14,19:48:03,Social,POS Purchase Social,576.49,INR,Debit Card,Debit,Food,Noida,Uttar Pradesh,India
6378,TXN006034,2019-03-14,21:49:49,Income Tax Payment,Net Banking Income Tax Payment,35971.61,INR,Net Banking,Debit,Bills,Bengaluru,Karnataka,India
6379,TXN005094,2019-03-15,01:16:24,Zepto,UPI/DR/295130056/Zepto,1436.71,INR,UPI,Debit,Groceries,Delhi,Delhi,India
6380,TXN006479,2019-03-15,09:22:20,Third Wave Coffee,UPI/Third Wave Coffee,2085.97,INR,UPI,Debit,Food,Pune,Maharashtra,India
6381,TXN006533,2019-03-15,15:42:54,Tata 1mg,POS Purchase Tata 1mg,12521.77,INR,Credit Card,Debit,Miscellaneous,Mumbai,Maharashtra,India
6382,TXN006626,2019-03-16,03:44:46,Bakery,UPI/Paytm/Bakery,1380.08,INR,UPI,Debit,Other,Lucknow,Uttar Pradesh,India
6383,TXN006781,2019-03-16,20:52:04,Nature's Basket,UPI/DR/501537013/Nature's Basket,3874.71,INR,UPI,Debit,Groceries,Chennai,Tamil Nadu,India
6384,TXN005870,2019-03-17,07:36:34,General Store,UPI/DR/753278884/General Store,802.21,INR,UPI,Debit,Other,Kochi,Kerala,India
6385,TXN006728,2019-03-17,11:03:13,Starbucks India,POS Purchase Starbucks India,976.43,INR,Credit Card,Debit,Food,Jaipur,Rajasthan,India
6386,TXN006968,2019-03-17,19:20:06,Street Vendor,UPI/Paytm/Street Vendor,913.98,INR,UPI,Debit,Other,Ahmedabad,Gujarat,India
6387,TXN005758,2019-03-18,22:33:27,Zepto,UPI/DR/146641502/Zepto,504.04,INR,UPI,Debit,Groceries,Surat,Gujarat,India
6388,TXN006710,2019-03-18,22:49:43,Disney+ Hotstar,Auto Debit Disney+ Hotstar,610.99,INR,Auto Debit,Debit,Subscription,Ahmedabad,Gujarat,India
6389,TXN006975,2019-03-19,02:55:08,Ajio,POS Purchase Ajio,6462.26,INR,Debit Card,Debit,Shopping,Noida,Uttar Pradesh,India
6390,TXN006867,2019-03-19,10:09:52,Domino's India,UPI/Domino's India,2431.62,INR,UPI,Debit,Food,Bengaluru,Karnataka,India
6391,TXN006366,2019-03-19,10:56:43,Netflix,UPI/Paytm/Netflix,1990.41,INR,UPI,Debit,Entertainment,Ahmedabad,Gujarat,India
6392,TXN006847,2019-03-19,12:14:02,Chaayos,UPI/Chaayos,1055.21,INR,UPI,Debit,Food,Bengaluru,Karnataka,India
6393,TXN006460,2019-03-19,21:11:44,Income Tax Payment,Net Banking Income Tax Payment,33050.87,INR,Net Banking,Debit,Bills,Hyderabad,Telangana,India
6394,TXN006500,2019-03-20,12:27:54,Flipkart,UPI/DR/121271982/Flipkart,4377.33,INR,UPI,Debit,Shopping,Surat,Gujarat,India
6395,TXN006195,2019-03-20,13:12:26,Faasos,POS Purchase Faasos,1672.01,INR,Debit Card,Debit,Food,Jaipur,Rajasthan,India
6396,TXN006979,2019-03-20,16:20:12,HPCL,POS Purchase HPCL,4169.38,INR,Debit Card,Debit,Fuel,Delhi,Delhi,India
6397,TXN006417,2019-03-21,02:07:09,ATM,ATM Cash Withdrawal,1182.18,INR,Cash Withdrawal,Debit,Other,Delhi,Delhi,India
6398,TXN006571,2019-03-21,04:06:20,Amazon India,POS Purchase Amazon India,2825.3,INR,Credit Card,Debit,Shopping,Nagpur,Maharashtra,India
6399,TXN005283,2019-03-22,01:04:42,BSNL,Auto Debit BSNL,14631.57,INR,Auto Debit,Debit,Bills,Noida,Uttar Pradesh,India
6400,TXN006291,2019-03-23,06:30:22,BPCL,POS Purchase BPCL,3432.01,INR,Debit Card,Debit,Fuel,Indore,Madhya Pradesh,India
6401,TXN006250,2019-03-23,15:02:28,Airtel,Auto Debit Airtel,12786.58,INR,Auto Debit,Debit,Bills,Hyderabad,Telangana,India
6402,TXN006281,2019-03-23,21:50:34,EatClub,POS Purchase EatClub,408.84,INR,Debit Card,Debit,Food,Lucknow,Uttar Pradesh,India
6403,TXN005505,2019-03-24,01:15:05,Ajio,UPI/Ajio,3835.13,INR,UPI,Debit,Shopping,Bengaluru,Karnataka,India
6404,TXN006001,2019-03-24,02:08:41,Netflix,UPI/Netflix,655.69,INR,Credit Card,Debit,Subscription,Kolkata,West Bengal,India
6405,TXN005715,2019-03-25,00:30:10,Indian Oil,POS Purchase Indian Oil,1313.67,INR,Debit Card,Debit,Fuel,Mumbai,Maharashtra,India
6406,TXN006165,2019-03-25,02:07:09,Kirana Shop,UPI/Paytm/Kirana Shop,1127.12,INR,UPI,Debit,Other,Delhi,Delhi,India
6407,TXN006469,2019-03-25,05:53:01,Bakery,UPI/DR/273265999/Bakery,641.16,INR,UPI,Debit,Other,Chennai,Tamil Nadu,India
6408,TXN006219,2019-03-26,13:50:02,Blinkit,UPI/Paytm/Blinkit,4358.67,INR,UPI,Debit,Groceries,Pune,Maharashtra,India
6409,TXN005131,2019-03-26,22:19:44,Jio Fiber,Auto Debit Jio Fiber,8267.24,INR,Auto Debit,Debit,Bills,Kolkata,West Bengal,India
6410,TXN006724,2019-03-28,02:20:21,Income Tax Payment,Auto Debit Income Tax Payment,7596.47,INR,Auto Debit,Debit,Bills,Mumbai,Maharashtra,India
6411,TXN006669,2019-03-28,07:01:14,Municipal Water Department,Auto Debit Municipal Water Department,6597.06,INR,Auto Debit,Debit,Bills,Indore,Madhya Pradesh,India
6412,TXN006816,2019-03-28,08:41:24,Zomato,UPI/Zomato,342.87,INR,UPI,Debit,Food,Mumbai,Maharashtra,India
6413,TXN005543,2019-03-28,16:15:40,Municipal Water Department,Net Banking Municipal Water Department,12905.02,INR,Net Banking,Debit,Bills,Hyderabad,Telangana,India
6414,TXN005825,2019-03-29,04:19:00,Home Depot India,UPI/DR/378965689/Home Depot India,1170.69,INR,UPI,Debit,Miscellaneous,Pune,Maharashtra,India
6415,TXN006729,2019-03-29,05:05:09,EMI Personal Loan,Auto Debit EMI Personal Loan,8642.19,INR,Auto Debit,Debit,Bills,Nagpur,Maharashtra,India
6416,TXN005143,2019-03-29,06:17:35,Nature's Basket,POS Purchase Nature's Basket,2850.43,INR,Debit Card,Debit,Groceries,Kolkata,West Bengal,India
6417,TXN005034,2019-03-29,14:55:46,BEST,Auto Debit BEST,12692.45,INR,Auto Debit,Debit,Bills,Delhi,Delhi,India
6418,TXN006853,2019-03-29,21:45:22,Pet Shop,UPI/Paytm/Pet Shop,100.46,INR,UPI,Debit,Other,Pune,Maharashtra,India
6419,TXN006572,2019-03-29,22:01:25,Amazon India,Refund Amazon India,1995.46,INR,Net Banking,Credit,Shopping,Kolkata,West Bengal,India
6420,TXN006501,2019-03-30,04:35:46,Flipkart,Cashback Flipkart,497.26,INR,UPI,Credit,Shopping,Nagpur,Maharashtra,India
6421,TXN006427,2019-03-30,11:16:35,HP Gas,Net Banking HP Gas,10523.24,INR,Net Banking,Debit,Bills,Pune,Maharashtra,India
6422,TXN005214,2019-03-30,11:19:46,Jio,Auto Debit Jio,1498.14,INR,Auto Debit,Debit,Bills,Ahmedabad,Gujarat,India
6423,TXN005691,2019-03-30,22:45:41,Disney+ Hotstar,UPI/Paytm/Disney+ Hotstar,293.29,INR,Credit Card,Debit,Subscription,Jaipur,Rajasthan,India
6424,TXN006127,2019-03-30,23:57:27,Indane Gas,Auto Debit Indane Gas,5469.5,INR,Auto Debit,Debit,Bills,Nagpur,Maharashtra,India
6425,TXN005161,2019-03-31,01:20:50,Misc Vendor,UPI/DR/131081879/Misc Vendor,1394.8,INR,UPI,Debit,Other,Pune,Maharashtra,India
6426,TXN006224,2019-03-31,04:00:25,DMart,POS Purchase DMart,4368.21,INR,Debit Card,Debit,Groceries,Nagpur,Maharashtra,India
6427,TXN006921,2019-03-31,09:02:34,HP Gas,Auto Debit HP Gas,14817.74,INR,Auto Debit,Debit,Bills,Ahmedabad,Gujarat,India
6428,TXN006913,2019-03-31,11:49:35,HDFC Ergo,Net Banking Insurance Premium HDFC Ergo,48355.87,INR,Net Banking,Debit,Insurance,Lucknow,Uttar Pradesh,India
6429,TXN005943,2019-03-31,15:08:07,EMI Personal Loan,Auto Debit EMI Personal Loan,13581.4,INR,Auto Debit,Debit,Bills,Bengaluru,Karnataka,India
6430,TXN005326,2019-03-31,23:55:44,Tata Power,Auto Debit Tata Power,3095.39,INR,Auto Debit,Debit,Bills,Noida,Uttar Pradesh,India
6431,TXN006951,2019-04-01,02:22:35,Bakery,UPI/DR/488566940/Bakery,147.21,INR,UPI,Debit,Other,Bengaluru,Karnataka,India
6432,TXN006568,2019-04-01,03:07:05,Netflix,Auto Debit Netflix,623.54,INR,Auto Debit,Debit,Subscription,Ahmedabad,Gujarat,India
6433,TXN005486,2019-04-01,03:55:27,BPCL,POS Purchase BPCL,1579.08,INR,Debit Card,Debit,Fuel,Hyderabad,Telangana,India
6434,TXN005602,2019-04-01,06:17:23,Mutual Fund SIP,UPI/Paytm/Mutual Fund SIP,20762.03,INR,UPI,Debit,Investment,Ahmedabad,Gujarat,India
6435,TXN005803,2019-04-01,13:31:08,ICICI Prudential MF,SIP Investment ICICI Prudential MF,46386.55,INR,Auto Debit,Debit,Investment,Nagpur,Maharashtra,India
6436,TXN006110,2019-04-01,18:08:57,Flipkart,POS Purchase Flipkart,9653.96,INR,Debit Card,Debit,Shopping,Kolkata,West Bengal,India
6437,TXN006040,2019-04-01,20:40:00,HDFC Mutual Fund,UPI/HDFC Mutual Fund,33562.04,INR,UPI,Debit,Investment,Hyderabad,Telangana,India
6438,TXN005976,2019-04-02,09:21:52,Jio Fiber,Net Banking Jio Fiber,11900.19,INR,Net Banking,Debit,Bills,Surat,Gujarat,India
6439,TXN005934,2019-04-02,09:57:08,Faasos,UPI/Faasos,1055.6,INR,UPI,Debit,Food,Bengaluru,Karnataka,India
6440,TXN005728,2019-04-02,16:06:11,Local Wine & Beer Shop,UPI/DR/622881542/Local Wine & Beer Shop,1169.21,INR,UPI,Debit,Food,Lucknow,Uttar Pradesh,India
6441,TXN006017,2019-04-03,12:50:44,KFC,UPI/KFC,2946.86,INR,UPI,Debit,Food,Bengaluru,Karnataka,India
6442,TXN005465,2019-04-03,13:55:52,Employer Salary Credit,NEFT Salary Credit,222120.88,INR,NEFT,Credit,Salary,Jaipur,Rajasthan,India
6443,TXN006677,2019-04-03,15:52:04,Nature's Basket,POS Purchase Nature's Basket,3235.69,INR,Debit Card,Debit,Groceries,Pune,Maharashtra,India
6444,TXN005520,2019-04-03,23:57:34,ICICI Prudential MF,UPI/ICICI Prudential MF,38529.53,INR,UPI,Debit,Investment,Bengaluru,Karnataka,India
6445,TXN005664,2019-04-04,10:07:31,Reliance Fresh,UPI/DR/580035742/Reliance Fresh,4405.09,INR,UPI,Debit,Groceries,Noida,Uttar Pradesh,India
6446,TXN006858,2019-04-05,02:03:17,Mutual Fund SIP,UPI/Mutual Fund SIP,13353.71,INR,UPI,Debit,Investment,Delhi,Delhi,India
6447,TXN006953,2019-04-05,11:36:52,EatClub,POS Purchase EatClub,1250.0,INR,Debit Card,Debit,Food,Surat,Gujarat,India
6448,TXN006738,2019-04-06,03:02:13,Blinkit,UPI/Paytm/Blinkit,977.17,INR,UPI,Debit,Groceries,Kolkata,West Bengal,India
6449,TXN006003,2019-04-06,07:11:27,HP Gas,Auto Debit HP Gas,7331.45,INR,Auto Debit,Debit,Bills,Pune,Maharashtra,India
6450,TXN006441,2019-04-06,18:55:08,Indian Oil,FASTag Recharge,3867.32,INR,UPI,Debit,Fuel,Mumbai,Maharashtra,India
6451,TXN005893,2019-04-06,23:34:13,Local Store,UPI/DR/324422284/Local Store,1616.88,INR,UPI,Debit,Other,Pune,Maharashtra,India
6452,TXN005319,2019-04-07,19:43:39,Pet Shop,UPI/DR/986171278/Pet Shop,1090.52,INR,UPI,Debit,Other,Nagpur,Maharashtra,India
6453,TXN006227,2019-04-08,04:16:11,BigBasket,UPI/Paytm/BigBasket,4793.42,INR,UPI,Debit,Groceries,Kochi,Kerala,India
6454,TXN005234,2019-04-08,09:04:41,Nature's Basket,UPI/DR/993027458/Nature's Basket,4966.93,INR,UPI,Debit,Groceries,Noida,Uttar Pradesh,India
6455,TXN005627,2019-04-08,18:48:10,Zepto,UPI/Zepto,3205.33,INR,UPI,Debit,Groceries,Chennai,Tamil Nadu,India
6456,TXN005669,2019-04-09,07:00:21,Fruit Vendor,UPI/Paytm/Fruit Vendor,346.29,INR,UPI,Debit,Other,Indore,Madhya Pradesh,India
6457,TXN005114,2019-04-10,09:46:12,Starbucks India,UPI/DR/347538338/Starbucks India,2679.74,INR,UPI,Debit,Food,Hyderabad,Telangana,India
6458,TXN006382,2019-04-10,13:41:43,Nykaa,POS Purchase Nykaa,3720.1,INR,Credit Card,Debit,Shopping,Chennai,Tamil Nadu,India
6459,TXN006234,2019-04-10,15:07:14,EMI Home Loan,NEFT EMI Home Loan,18129.88,INR,NEFT,Debit,Bills,Lucknow,Uttar Pradesh,India
6460,TXN006918,2019-04-10,15:53:02,Adani Electricity,UPI/Adani Electricity,15625.29,INR,UPI,Debit,Bills,Hyderabad,Telangana,India
6461,TXN005852,2019-04-10,16:24:46,Starbucks India,UPI/Paytm/Starbucks India,1306.21,INR,UPI,Debit,Food,Mumbai,Maharashtra,India
6462,TXN006965,2019-04-10,16:46:37,Indian Oil,POS Purchase Indian Oil,4182.5,INR,Debit Card,Debit,Fuel,Surat,Gujarat,India
6463,TXN005937,2019-04-10,17:38:00,The Beer Cafe,UPI/The Beer Cafe,1405.31,INR,UPI,Debit,Food,Nagpur,Maharashtra,India
6464,TXN006974,2019-04-10,19:45:58,KFC,UPI/KFC,1460.12,INR,UPI,Debit,Food,Pune,Maharashtra,India
6465,TXN006796,2019-04-11,20:58:07,Amazon India,POS Purchase Amazon India,4575.22,INR,Debit Card,Debit,Shopping,Jaipur,Rajasthan,India
6466,TXN005078,2019-04-12,18:12:45,Local Services,UPI/Paytm/Local Services,609.34,INR,UPI,Debit,Other,Indore,Madhya Pradesh,India
6467,TXN006826,2019-04-12,21:30:27,Unknown Merchant,UPI/Unknown Merchant,1889.59,INR,UPI,Debit,Other,Kolkata,West Bengal,India
6468,TXN005923,2019-04-13,01:56:15,Nature's Basket,POS Purchase Nature's Basket,343.86,INR,Debit Card,Debit,Groceries,Surat,Gujarat,India
6469,TXN006057,2019-04-13,02:52:52,Misc Vendor,UPI/Paytm/Misc Vendor,1634.85,INR,UPI,Debit,Other,Kolkata,West Bengal,India
6470,TXN005823,2019-04-13,13:33:40,BPCL,UPI/Paytm/BPCL,1926.67,INR,UPI,Debit,Fuel,Noida,Uttar Pradesh,India
6471,TXN005651,2019-04-13,15:51:26,Indian Oil,POS Purchase Indian Oil,2641.52,INR,Debit Card,Debit,Fuel,Jaipur,Rajasthan,India
6472,TXN006458,2019-04-13,22:50:19,Municipal Water Department,Auto Debit Municipal Water Department,11156.98,INR,Auto Debit,Debit,Bills,Surat,Gujarat,India
6473,TXN005048,2019-04-14,00:29:39,Local Store,UPI/Local Store,1244.61,INR,UPI,Debit,Other,Kochi,Kerala,India
6474,TXN006455,2019-04-15,00:09:28,Jio,Auto Debit Jio,12443.16,INR,Auto Debit,Debit,Bills,Surat,Gujarat,India
6475,TXN006117,2019-04-15,04:00:47,Blinkit,POS Purchase Blinkit,3280.29,INR,Credit Card,Debit,Groceries,Kochi,Kerala,India
6476,TXN005525,2019-04-15,18:06:32,Indane Gas,UPI/Indane Gas,843.19,INR,UPI,Debit,Bills,Ahmedabad,Gujarat,India
6477,TXN005480,2019-04-16,05:28:29,Meesho,POS Purchase Meesho,5346.54,INR,Credit Card,Debit,Shopping,Delhi,Delhi,India
6478,TXN005223,2019-04-16,21:20:36,Swiggy,POS Purchase Swiggy,2720.86,INR,Credit Card,Debit,Food,Kochi,Kerala,India
6479,TXN006457,2019-04-17,01:47:05,Jio Fiber,Net Banking Jio Fiber,13266.13,INR,Net Banking,Debit,Bills,Kochi,Kerala,India
6480,TXN005434,2019-04-18,06:28:51,Ajio,POS Purchase Ajio,3953.65,INR,Net Banking,Debit,Shopping,Bengaluru,Karnataka,India
6481,TXN005254,2019-04-18,20:24:32,Local Wine & Beer Shop,POS Purchase Local Wine & Beer Shop,2445.53,INR,Debit Card,Debit,Food,Bengaluru,Karnataka,India
6482,TXN006084,2019-04-19,00:46:27,Bajaj Allianz,Net Banking Insurance Premium Bajaj Allianz,36880.21,INR,Net Banking,Debit,Insurance,Jaipur,Rajasthan,India
6483,TXN005142,2019-04-19,16:23:39,Reliance Fresh,UPI/Reliance Fresh,468.93,INR,UPI,Debit,Groceries,Noida,Uttar Pradesh,India
6484,TXN006465,2019-04-19,19:43:47,Zomato,UPI/Paytm/Zomato,494.55,INR,UPI,Debit,Food,Jaipur,Rajasthan,India
6485,TXN006567,2019-04-20,20:24:17,Zepto,POS Purchase Zepto,1211.16,INR,Credit Card,Debit,Groceries,Kolkata,West Bengal,India
6486,TXN006468,2019-04-21,02:05:35,Tata Play,Auto Debit Tata Play,620.56,INR,Auto Debit,Debit,Subscription,Ahmedabad,Gujarat,India
6487,TXN005308,2019-04-21,10:55:45,Indian Oil,POS Purchase Indian Oil,4507.47,INR,Debit Card,Debit,Fuel,Hyderabad,Telangana,India
6488,TXN006204,2019-04-21,13:27:41,EMI Home Loan,Net Banking EMI Home Loan,16777.16,INR,Net Banking,Debit,Bills,Jaipur,Rajasthan,India
6489,TXN005273,2019-04-21,15:40:11,Cafe Coffee Day,POS Purchase Cafe Coffee Day,501.16,INR,Credit Card,Debit,Food,Kochi,Kerala,India
6490,TXN005481,2019-04-21,22:58:08,Meesho,Cashback Meesho,4244.2,INR,Net Banking,Credit,Shopping,Kolkata,West Bengal,India
6491,TXN005979,2019-04-22,07:09:55,Tata Power,Net Banking Tata Power,4586.01,INR,Net Banking,Debit,Bills,Jaipur,Rajasthan,India
6492,TXN006429,2019-04-22,15:29:27,Zomato,UPI/DR/557523905/Zomato,986.62,INR,UPI,Debit,Food,Kolkata,West Bengal,India
6493,TXN005165,2019-04-22,17:10:04,Municipal Water Department,UPI/Paytm/Municipal Water Department,821.92,INR,UPI,Debit,Bills,Noida,Uttar Pradesh,India
6494,TXN006776,2019-04-24,15:27:32,Faasos,POS Purchase Faasos,1125.4,INR,Debit Card,Debit,Food,Chennai,Tamil Nadu,India
6495,TXN006198,2019-04-24,17:51:39,PharmEasy,UPI/Paytm/PharmEasy,1377.28,INR,UPI,Debit,Miscellaneous,Mumbai,Maharashtra,India
6496,TXN005861,2019-04-25,01:23:35,BookMyShow,POS Purchase BookMyShow,1052.02,INR,Credit Card,Debit,Entertainment,Mumbai,Maharashtra,India
6497,TXN006808,2019-04-25,15:06:21,Ajio,UPI/Ajio,10338.25,INR,UPI,Debit,Shopping,Jaipur,Rajasthan,India
6498,TXN005274,2019-04-26,01:50:12,EMI Home Loan,Auto Debit EMI Home Loan,16646.81,INR,Auto Debit,Debit,Bills,Pune,Maharashtra,India
6499,TXN005307,2019-04-26,05:28:26,Tata Power,Net Banking Tata Power,4122.24,INR,Net Banking,Debit,Bills,Chennai,Tamil Nadu,India
6500,TXN005810,2019-04-26,09:29:40,Tata Power,Auto Debit Tata Power,5801.17,INR,Auto Debit,Debit,Bills,Nagpur,Maharashtra,India
6501,TXN006011,2019-04-26,11:51:18,Pet Shop,UPI/DR/552062605/Pet Shop,519.38,INR,UPI,Debit,Other,Mumbai,Maharashtra,India
6502,TXN006403,2019-04-26,13:00:33,KFC,UPI/DR/412527533/KFC,1783.18,INR,UPI,Debit,Food,Bengaluru,Karnataka,India
6503,TXN006722,2019-04-26,14:41:34,BEST,Auto Debit BEST,3473.05,INR,Auto Debit,Debit,Bills,Indore,Madhya Pradesh,India
6504,TXN006550,2019-04-27,04:47:42,EMI Personal Loan,Net Banking EMI Personal Loan,23396.43,INR,Net Banking,Debit,Bills,Kolkata,West Bengal,India
6505,TXN005316,2019-04-27,13:08:56,BPCL,FASTag Recharge,4009.1,INR,UPI,Debit,Fuel,Indore,Madhya Pradesh,India
6506,TXN005622,2019-04-27,17:37:39,Domino's India,UPI/Paytm/Domino's India,2113.38,INR,UPI,Debit,Food,Indore,Madhya Pradesh,India
6507,TXN006791,2019-04-27,18:24:15,HP Gas,Net Banking HP Gas,8779.03,INR,Net Banking,Debit,Bills,Indore,Madhya Pradesh,India
6508,TXN006238,2019-04-27,21:41:29,Municipal Water Department,Auto Debit Municipal Water Department,15112.66,INR,Auto Debit,Debit,Bills,Mumbai,Maharashtra,India
6509,TXN005445,2019-04-28,01:51:45,Adani Electricity,Auto Debit Adani Electricity,6106.02,INR,Auto Debit,Debit,Bills,Ahmedabad,Gujarat,India
6510,TXN006284,2019-04-28,07:12:18,Street Food Vendor,UPI/DR/728381921/Street Food Vendor,271.89,INR,UPI,Debit,Other,Mumbai,Maharashtra,India
6511,TXN005180,2019-04-28,10:58:39,Amazon Prime,UPI/Paytm/Amazon Prime,863.68,INR,UPI,Debit,Entertainment,Mumbai,Maharashtra,India
6512,TXN006715,2019-04-28,14:41:59,EMI Home Loan,NEFT EMI Home Loan,16697.87,INR,NEFT,Debit,Bills,Kochi,Kerala,India
6513,TXN005623,2019-04-29,03:55:43,Spotify,UPI/Paytm/Spotify,695.68,INR,Credit Card,Debit,Subscription,Nagpur,Maharashtra,India
6514,TXN005674,2019-04-29,16:08:31,Jio Fiber,Net Banking Jio Fiber,13761.12,INR,Net Banking,Debit,Bills,Lucknow,Uttar Pradesh,India
6515,TXN006295,2019-04-29,19:13:18,Fruit Vendor,UPI/Fruit Vendor,1617.49,INR,UPI,Debit,Other,Nagpur,Maharashtra,India
6516,TXN006002,2019-04-30,05:29:32,EMI Home Loan,UPI/Paytm/EMI Home Loan,14957.84,INR,UPI,Debit,Bills,Pune,Maharashtra,India
6517,TXN005099,2019-04-30,06:29:44,Dish TV,UPI/Paytm/Dish TV,695.69,INR,UPI,Debit,Subscription,Bengaluru,Karnataka,India
6518,TXN006274,2019-04-30,10:58:55,Indane Gas,NEFT Indane Gas,10001.17,INR,NEFT,Debit,Bills,Jaipur,Rajasthan,India
6519,TXN006556,2019-04-30,12:04:33,BPCL,POS Purchase BPCL,819.03,INR,Credit Card,Debit,Fuel,Nagpur,Maharashtra,India
6520,TXN006852,2019-04-30,13:06:08,BEST,Auto Debit BEST,9460.08,INR,Auto Debit,Debit,Bills,Nagpur,Maharashtra,India
6521,TXN006126,2019-04-30,23:56:28,BSNL,Auto Debit BSNL,759.45,INR,Auto Debit,Debit,Bills,Surat,Gujarat,India
6522,TXN006640,2019-05-01,11:34:46,Faasos,POS Purchase Faasos,810.07,INR,Credit Card,Debit,Food,Surat,Gujarat,India
6523,TXN005845,2019-05-02,04:23:49,Jio Fiber,Net Banking Jio Fiber,8128.38,INR,Net Banking,Debit,Bills,Hyderabad,Telangana,India
6524,TXN006158,2019-05-02,05:28:43,DMart,UPI/Paytm/DMart,3012.84,INR,UPI,Debit,Groceries,Delhi,Delhi,India
6525,TXN006454,2019-05-02,09:37:12,DMart,UPI/Paytm/DMart,2088.43,INR,UPI,Debit,Groceries,Indore,Madhya Pradesh,India
6526,TXN005661,2019-05-02,15:20:15,SBI Mutual Fund,SIP Investment SBI Mutual Fund,2485.4,INR,Auto Debit,Debit,Investment,Chennai,Tamil Nadu,India
6527,TXN006129,2019-05-02,16:21:04,BigBasket,POS Purchase BigBasket,1679.4,INR,Credit Card,Debit,Groceries,Lucknow,Uttar Pradesh,India
6528,TXN005111,2019-05-03,00:05:18,DMart,UPI/DR/581223755/DMart,740.27,INR,UPI,Debit,Groceries,Nagpur,Maharashtra,India
6529,TXN005806,2019-05-03,03:28:47,Bharat Gas,NEFT Bharat Gas,11960.91,INR,NEFT,Debit,Bills,Nagpur,Maharashtra,India
6530,TXN006022,2019-05-03,07:24:43,Amazon India,UPI/Paytm/Amazon India,12420.5,INR,UPI,Debit,Shopping,Noida,Uttar Pradesh,India
6531,TXN005626,2019-05-03,10:40:03,Mutual Fund SIP,SIP Investment Mutual Fund SIP,7553.53,INR,Auto Debit,Debit,Investment,Mumbai,Maharashtra,India
6532,TXN005617,2019-05-03,11:32:19,Jio,UPI/Paytm/Jio,9259.35,INR,UPI,Debit,Bills,Bengaluru,Karnataka,India
6533,TXN006814,2019-05-03,17:05:22,HPCL,UPI/DR/227051781/HPCL,3226.64,INR,UPI,Debit,Fuel,Kochi,Kerala,India
6534,TXN006594,2019-05-04,18:32:45,Third Wave Coffee,UPI/DR/110197828/Third Wave Coffee,526.53,INR,UPI,Debit,Food,Jaipur,Rajasthan,India
6535,TXN005089,2019-05-04,20:24:54,Third Wave Coffee,UPI/DR/420632895/Third Wave Coffee,2808.16,INR,UPI,Debit,Food,Delhi,Delhi,India
6536,TXN006332,2019-05-04,21:10:09,Employer Salary Credit,NEFT Salary Credit,202071.67,INR,IMPS,Credit,Salary,Bengaluru,Karnataka,India
6537,TXN005387,2019-05-06,00:13:59,Amazon Prime,UPI/DR/425545658/Amazon Prime,432.85,INR,UPI,Debit,Entertainment,Ahmedabad,Gujarat,India
6538,TXN005296,2019-05-06,13:52:36,HP Gas,Net Banking HP Gas,7370.08,INR,Net Banking,Debit,Bills,Indore,Madhya Pradesh,India
6539,TXN006911,2019-05-06,18:04:04,Third Wave Coffee,POS Purchase Third Wave Coffee,228.86,INR,Debit Card,Debit,Food,Noida,Uttar Pradesh,India
6540,TXN006257,2019-05-07,18:00:21,Local Wine & Beer Shop,UPI/DR/738021964/Local Wine & Beer Shop,783.87,INR,UPI,Debit,Food,Surat,Gujarat,India
6541,TXN005039,2019-05-08,05:24:00,Street Food Vendor,UPI/DR/162959284/Street Food Vendor,59.25,INR,UPI,Debit,Other,Bengaluru,Karnataka,India
6542,TXN005785,2019-05-09,14:40:50,Swiggy,UPI/Swiggy,767.41,INR,UPI,Debit,Food,Nagpur,Maharashtra,India
6543,TXN005747,2019-05-09,15:13:37,BSNL,Net Banking BSNL,7761.25,INR,Net Banking,Debit,Bills,Noida,Uttar Pradesh,India
6544,TXN005759,2019-05-09,18:51:47,Myntra,UPI/DR/476365632/Myntra,14295.35,INR,UPI,Debit,Shopping,Ahmedabad,Gujarat,India
6545,TXN005659,2019-05-09,20:24:09,Bakery,UPI/Paytm/Bakery,1075.22,INR,UPI,Debit,Other,Lucknow,Uttar Pradesh,India
6546,TXN006296,2019-05-10,06:10:38,Indane Gas,Auto Debit Indane Gas,5799.83,INR,Auto Debit,Debit,Bills,Ahmedabad,Gujarat,India
6547,TXN005737,2019-05-11,08:14:48,KFC,POS Purchase KFC,1208.68,INR,Credit Card,Debit,Food,Kochi,Kerala,India
6548,TXN006877,2019-05-11,15:38:42,BEST,Auto Debit BEST,7601.07,INR,Auto Debit,Debit,Bills,Surat,Gujarat,India
6549,TXN006018,2019-05-12,01:21:05,Bakery,UPI/Paytm/Bakery,87.38,INR,UPI,Debit,Other,Lucknow,Uttar Pradesh,India
6550,TXN006301,2019-05-14,11:49:02,Bakery,UPI/DR/942764719/Bakery,1052.93,INR,UPI,Debit,Other,Bengaluru,Karnataka,India
6551,TXN005159,2019-05-15,07:40:43,BPCL,FASTag Recharge,3402.93,INR,UPI,Debit,Fuel,Pune,Maharashtra,India
6552,TXN006569,2019-05-16,16:14:01,Home Depot India,POS Purchase Home Depot India,7257.3,INR,Debit Card,Debit,Miscellaneous,Pune,Maharashtra,India
6553,TXN005185,2019-05-17,08:02:44,HP Gas,Net Banking HP Gas,5159.51,INR,Net Banking,Debit,Bills,Lucknow,Uttar Pradesh,India
6554,TXN006264,2019-05-17,12:30:17,Nykaa,POS Purchase Nykaa,2282.35,INR,Debit Card,Debit,Shopping,Chennai,Tamil Nadu,India
6555,TXN005105,2019-05-17,14:45:09,Nature's Basket,UPI/DR/782454310/Nature's Basket,3551.91,INR,UPI,Debit,Groceries,Pune,Maharashtra,India
6556,TXN005290,2019-05-18,04:54:04,Flipkart,POS Purchase Flipkart,3137.26,INR,Credit Card,Debit,Shopping,Kolkata,West Bengal,India
6557,TXN005794,2019-05-18,08:25:14,Mobile Repair,UPI/Paytm/Mobile Repair,1173.71,INR,UPI,Debit,Other,Nagpur,Maharashtra,India
6558,TXN005395,2019-05-18,11:10:08,Street Food Vendor,UPI/Paytm/Street Food Vendor,282.94,INR,UPI,Debit,Other,Delhi,Delhi,India
6559,TXN006042,2019-05-18,12:54:46,Amazon Prime,Auto Debit Amazon Prime,448.67,INR,Auto Debit,Debit,Subscription,Hyderabad,Telangana,India
6560,TXN006175,2019-05-18,17:21:51,Municipal Water Department,Net Banking Municipal Water Department,10254.73,INR,Net Banking,Debit,Bills,Mumbai,Maharashtra,India
6561,TXN005118,2019-05-18,18:18:30,Flower Shop,UPI/Flower Shop,716.32,INR,UPI,Debit,Other,Chennai,Tamil Nadu,India
6562,TXN006494,2019-05-19,01:40:09,Zepto,UPI/Zepto,1562.11,INR,UPI,Debit,Groceries,Delhi,Delhi,India
6563,TXN006671,2019-05-19,11:06:18,Domino's India,UPI/Domino's India,2368.46,INR,UPI,Debit,Food,Chennai,Tamil Nadu,India
6564,TXN006220,2019-05-19,13:59:53,Nykaa,POS Purchase Nykaa,5942.28,INR,Debit Card,Debit,Shopping,Bengaluru,Karnataka,India
6565,TXN006463,2019-05-21,03:23:04,Street Vendor,UPI/Paytm/Street Vendor,2159.35,INR,UPI,Debit,Other,Noida,Uttar Pradesh,India
6566,TXN005645,2019-05-21,16:04:46,Reliance Fresh,UPI/Reliance Fresh,3738.47,INR,UPI,Debit,Groceries,Surat,Gujarat,India
6567,TXN005478,2019-05-22,09:21:35,HP Gas,Auto Debit HP Gas,9463.67,INR,Auto Debit,Debit,Bills,Nagpur,Maharashtra,India
6568,TXN005496,2019-05-22,15:40:38,Amazon Prime,UPI/Amazon Prime,221.98,INR,UPI,Debit,Entertainment,Nagpur,Maharashtra,India
6569,TXN006425,2019-05-22,18:25:40,Jio,Net Banking Jio,209.98,INR,Net Banking,Debit,Bills,Delhi,Delhi,India
6570,TXN005079,2019-05-22,20:44:00,Kirana Shop,UPI/Kirana Shop,932.1,INR,UPI,Debit,Other,Pune,Maharashtra,India
6571,TXN005774,2019-05-22,21:59:51,DMart,UPI/DMart,1390.15,INR,UPI,Debit,Groceries,Nagpur,Maharashtra,India
6572,TXN006267,2019-05-23,20:33:05,Meesho,POS Purchase Meesho,1540.75,INR,Debit Card,Debit,Shopping,Kochi,Kerala,India
6573,TXN006384,2019-05-23,23:14:03,Vegetable Market,UPI/Vegetable Market,256.59,INR,UPI,Debit,Other,Nagpur,Maharashtra,India
6574,TXN006982,2019-05-24,06:40:56,Adani Electricity,Auto Debit Adani Electricity,14059.86,INR,Auto Debit,Debit,Bills,Kochi,Kerala,India
6575,TXN005511,2019-05-24,11:03:31,Flipkart,POS Purchase Flipkart,13346.68,INR,Debit Card,Debit,Shopping,Hyderabad,Telangana,India
6576,TXN006209,2019-05-24,11:38:07,Burger King,POS Purchase Burger King,229.41,INR,Credit Card,Debit,Food,Chennai,Tamil Nadu,India
6577,TXN005948,2019-05-24,20:31:31,Airtel,Net Banking Airtel,13048.7,INR,Net Banking,Debit,Bills,Mumbai,Maharashtra,India
6578,TXN006070,2019-05-25,01:03:41,Disney+ Hotstar,UPI/Paytm/Disney+ Hotstar,1761.6,INR,UPI,Debit,Entertainment,Bengaluru,Karnataka,India
6579,TXN005314,2019-05-25,15:15:13,Faasos,UPI/DR/642716859/Faasos,460.2,INR,UPI,Debit,Food,Indore,Madhya Pradesh,India
6580,TXN006536,2019-05-25,21:35:55,Flower Shop,UPI/DR/993733419/Flower Shop,1850.04,INR,UPI,Debit,Other,Chennai,Tamil Nadu,India
6581,TXN006713,2019-05-26,09:10:04,Local Services,UPI/DR/282232921/Local Services,730.57,INR,UPI,Debit,Other,Jaipur,Rajasthan,India
6582,TXN006424,2019-05-26,13:45:23,Starbucks India,UPI/Starbucks India,989.53,INR,UPI,Debit,Food,Lucknow,Uttar Pradesh,India
6583,TXN005313,2019-05-26,15:31:56,Cafe Coffee Day,POS Purchase Cafe Coffee Day,723.7,INR,Credit Card,Debit,Food,Chennai,Tamil Nadu,India
6584,TXN006893,2019-05-26,17:21:01,Home Depot India,UPI/Paytm/Home Depot India,411.29,INR,UPI,Debit,Miscellaneous,Pune,Maharashtra,India
6585,TXN005266,2019-05-27,00:40:32,BookMyShow,POS Purchase BookMyShow,1271.03,INR,Debit Card,Debit,Entertainment,Delhi,Delhi,India
6586,TXN006063,2019-05-27,05:59:05,Airtel,Auto Debit Airtel,2913.23,INR,Auto Debit,Debit,Bills,Lucknow,Uttar Pradesh,India
6587,TXN005015,2019-05-27,14:09:16,DMart,UPI/Paytm/DMart,3084.35,INR,UPI,Debit,Groceries,Indore,Madhya Pradesh,India
6588,TXN006658,2019-05-27,14:11:52,BSNL,Net Banking BSNL,8875.33,INR,Net Banking,Debit,Bills,Hyderabad,Telangana,India
6589,TXN006742,2019-05-27,14:26:26,Home Depot India,POS Purchase Home Depot India,537.54,INR,Debit Card,Debit,Miscellaneous,Indore,Madhya Pradesh,India
6590,TXN005927,2019-05-27,18:57:44,Adani Electricity,Auto Debit Adani Electricity,8840.22,INR,Auto Debit,Debit,Bills,Delhi,Delhi,India
6591,TXN005394,2019-05-27,21:21:16,Flipkart,POS Purchase Flipkart,6649.89,INR,Debit Card,Debit,Shopping,Indore,Madhya Pradesh,India
6592,TXN005479,2019-05-29,01:02:06,Jio Fiber,NEFT Jio Fiber,7924.85,INR,NEFT,Debit,Bills,Pune,Maharashtra,India
6593,TXN005501,2019-05-29,13:44:25,ICICI Lombard,Net Banking Insurance Premium ICICI Lombard,47324.79,INR,Net Banking,Debit,Insurance,Mumbai,Maharashtra,India
6594,TXN006124,2019-05-29,16:03:58,Jio,Net Banking Jio,8239.85,INR,Net Banking,Debit,Bills,Delhi,Delhi,India
6595,TXN005337,2019-05-29,17:59:59,Indane Gas,Net Banking Indane Gas,5232.84,INR,Net Banking,Debit,Bills,Jaipur,Rajasthan,India
6596,TXN005357,2019-05-29,20:58:18,Airtel,Net Banking Airtel,2738.23,INR,Net Banking,Debit,Bills,Hyderabad,Telangana,India
6597,TXN006881,2019-05-29,23:50:15,Tata Power,NEFT Tata Power,6698.01,INR,NEFT,Debit,Bills,Pune,Maharashtra,India
6598,TXN005155,2019-05-30,03:55:54,HDFC Ergo,Net Banking Insurance Premium HDFC Ergo,42127.05,INR,Net Banking,Debit,Insurance,Chennai,Tamil Nadu,India
6599,TXN006347,2019-05-30,09:42:59,The Beer Cafe,POS Purchase The Beer Cafe,2053.45,INR,Credit Card,Debit,Food,Surat,Gujarat,India
6600,TXN005459,2019-05-30,14:31:10,Tata Power,Net Banking Tata Power,473.69,INR,Net Banking,Debit,Bills,Mumbai,Maharashtra,India
6601,TXN006643,2019-05-30,16:50:01,Income Tax Payment,Net Banking Income Tax Payment,28453.93,INR,Net Banking,Debit,Bills,Delhi,Delhi,India
6602,TXN005604,2019-05-31,11:10:53,Jio Fiber,Net Banking Jio Fiber,672.35,INR,Net Banking,Debit,Bills,Chennai,Tamil Nadu,India
6603,TXN006824,2019-05-31,19:30:47,Blinkit,POS Purchase Blinkit,1459.3,INR,Credit Card,Debit,Groceries,Ahmedabad,Gujarat,India
6604,TXN006272,2019-05-31,21:29:11,Local Services,UPI/Paytm/Local Services,693.1,INR,UPI,Debit,Other,Jaipur,Rajasthan,India
6605,TXN006356,2019-06-01,08:03:20,Reliance Fresh,UPI/Reliance Fresh,3494.22,INR,UPI,Debit,Groceries,Nagpur,Maharashtra,India
6606,TXN005678,2019-06-01,13:38:58,ICICI Lombard,Net Banking Insurance Premium ICICI Lombard,14390.4,INR,Net Banking,Debit,Insurance,Indore,Madhya Pradesh,India
6607,TXN006087,2019-06-01,16:25:30,Adani Electricity,Auto Debit Adani Electricity,11156.76,INR,Auto Debit,Debit,Bills,Mumbai,Maharashtra,India
6608,TXN005200,2019-06-02,09:50:44,Local Wine & Beer Shop,POS Purchase Local Wine & Beer Shop,2689.73,INR,Debit Card,Debit,Food,Lucknow,Uttar Pradesh,India
6609,TXN006983,2019-06-02,13:04:31,Mutual Fund SIP,SIP Investment Mutual Fund SIP,15056.34,INR,Auto Debit,Debit,Investment,Delhi,Delhi,India
6610,TXN005218,2019-06-03,07:25:38,SBI Mutual Fund,SIP Investment SBI Mutual Fund,19026.4,INR,Auto Debit,Debit,Investment,Lucknow,Uttar Pradesh,India
6611,TXN006719,2019-06-03,08:56:56,Bajaj Allianz,Net Banking Insurance Premium Bajaj Allianz,41214.75,INR,Net Banking,Debit,Insurance,Surat,Gujarat,India
6612,TXN005072,2019-06-04,14:44:18,Faasos,UPI/DR/450236225/Faasos,222.01,INR,UPI,Debit,Food,Indore,Madhya Pradesh,India
6613,TXN005731,2019-06-04,18:37:25,BEST,Net Banking BEST,6005.62,INR,Net Banking,Debit,Bills,Bengaluru,Karnataka,India
6614,TXN005372,2019-06-04,21:14:15,Employer Salary Credit,NEFT Salary Credit,203265.19,INR,IMPS,Credit,Salary,Chennai,Tamil Nadu,India
6615,TXN005044,2019-06-05,02:38:04,Tailor,UPI/Tailor,1601.14,INR,UPI,Debit,Other,Ahmedabad,Gujarat,India
6616,TXN005983,2019-06-05,03:20:35,Flower Shop,UPI/Paytm/Flower Shop,182.11,INR,UPI,Debit,Other,Noida,Uttar Pradesh,India
6617,TXN006155,2019-06-05,09:06:52,Employer Salary Credit,NEFT Salary Credit,43618.74,INR,NEFT,Credit,Salary,Chennai,Tamil Nadu,India
6618,TXN005676,2019-06-05,10:44:37,The Beer Cafe,POS Purchase The Beer Cafe,1820.14,INR,Debit Card,Debit,Food,Delhi,Delhi,India
6619,TXN005667,2019-06-05,20:42:29,House Rent Payment,Net Banking House Rent Payment,15994.19,INR,Net Banking,Debit,Rent,Jaipur,Rajasthan,India
6620,TXN006423,2019-06-05,20:48:32,HDFC Ergo,Net Banking Insurance Premium HDFC Ergo,12854.02,INR,Net Banking,Debit,Insurance,Jaipur,Rajasthan,India
6621,TXN006964,2019-06-06,00:37:37,Income Tax Payment,Auto Debit Income Tax Payment,11140.2,INR,Auto Debit,Debit,Bills,Ahmedabad,Gujarat,India
6622,TXN006508,2019-06-06,20:44:23,Netflix,POS Purchase Netflix,1512.33,INR,Debit Card,Debit,Entertainment,Noida,Uttar Pradesh,India
6623,TXN005364,2019-06-07,14:08:32,Local Services,UPI/Local Services,1266.75,INR,UPI,Debit,Other,Mumbai,Maharashtra,India
6624,TXN005503,2019-06-08,04:34:20,Home Depot India,POS Purchase Home Depot India,2734.38,INR,Credit Card,Debit,Miscellaneous,Kolkata,West Bengal,India
6625,TXN005753,2019-06-08,23:43:21,Airtel,Auto Debit Airtel,10804.95,INR,Auto Debit,Debit,Bills,Indore,Madhya Pradesh,India
6626,TXN006718,2019-06-09,13:23:05,Starbucks India,POS Purchase Starbucks India,308.61,INR,Debit Card,Debit,Food,Kochi,Kerala,India
6627,TXN006270,2019-06-10,03:29:42,Tailor,UPI/DR/543476209/Tailor,1390.2,INR,UPI,Debit,Other,Surat,Gujarat,India
6628,TXN005195,2019-06-10,11:39:02,Starbucks India,UPI/DR/640992677/Starbucks India,2791.0,INR,UPI,Debit,Food,Mumbai,Maharashtra,India
6629,TXN005390,2019-06-10,23:30:48,Tata Play,UPI/DR/205879779/Tata Play,802.41,INR,Credit Card,Debit,Subscription,Chennai,Tamil Nadu,India
6630,TXN005705,2019-06-11,01:18:57,Indian Oil,POS Purchase Indian Oil,1248.71,INR,Credit Card,Debit,Fuel,Bengaluru,Karnataka,India
6631,TXN005470,2019-06-11,03:08:48,Municipal Water Department,UPI/Paytm/Municipal Water Department,2779.19,INR,UPI,Debit,Bills,Kolkata,West Bengal,India
6632,TXN005141,2019-06-11,08:42:55,Third Wave Coffee,POS Purchase Third Wave Coffee,386.1,INR,Debit Card,Debit,Food,Delhi,Delhi,India
6633,TXN006606,2019-06-11,14:31:24,KFC,UPI/KFC,2390.94,INR,UPI,Debit,Food,Kolkata,West Bengal,India
6634,TXN006197,2019-06-13,18:31:13,Zepto,POS Purchase Zepto,3880.94,INR,Credit Card,Debit,Groceries,Indore,Madhya Pradesh,India
6635,TXN006008,2019-06-14,02:15:30,Nature's Basket,UPI/Paytm/Nature's Basket,592.68,INR,UPI,Debit,Groceries,Jaipur,Rajasthan,India
6636,TXN006758,2019-06-14,07:06:45,Amazon India,POS Purchase Amazon India,3832.49,INR,Credit Card,Debit,Shopping,Pune,Maharashtra,India
6637,TXN005508,2019-06-14,08:10:23,Pet Shop,UPI/Paytm/Pet Shop,182.08,INR,UPI,Debit,Other,Delhi,Delhi,India
6638,TXN006247,2019-06-14,10:47:31,BigBasket,UPI/BigBasket,664.95,INR,UPI,Debit,Groceries,Mumbai,Maharashtra,India
6639,TXN005804,2019-06-14,15:19:16,DMart,UPI/DR/943244821/DMart,4257.56,INR,UPI,Debit,Groceries,Chennai,Tamil Nadu,India
6640,TXN005926,2019-06-14,15:53:41,Zomato,POS Purchase Zomato,2415.4,INR,Credit Card,Debit,Food,Jaipur,Rajasthan,India
6641,TXN005831,2019-06-14,19:51:44,HP Gas,NEFT HP Gas,589.38,INR,NEFT,Debit,Bills,Jaipur,Rajasthan,India
6642,TXN006451,2019-06-15,05:20:55,ICICI Lombard,Insurance Premium ICICI Lombard,43113.79,INR,Auto Debit,Debit,Insurance,Hyderabad,Telangana,India
6643,TXN005778,2019-06-15,09:58:05,Chaayos,UPI/Paytm/Chaayos,1346.65,INR,UPI,Debit,Food,Kochi,Kerala,India
6644,TXN006331,2019-06-16,08:37:31,Uber,POS Purchase Uber,160.69,INR,Debit Card,Debit,Miscellaneous,Mumbai,Maharashtra,India
6645,TXN006818,2019-06-16,08:41:15,The Beer Cafe,UPI/Paytm/The Beer Cafe,2514.56,INR,UPI,Debit,Food,Delhi,Delhi,India
6646,TXN005588,2019-06-17,00:50:44,BSNL,Net Banking BSNL,12007.56,INR,Net Banking,Debit,Bills,Nagpur,Maharashtra,India
6647,TXN006548,2019-06-17,17:14:06,KFC,POS Purchase KFC,178.98,INR,Debit Card,Debit,Food,Lucknow,Uttar Pradesh,India
6648,TXN006174,2019-06-17,20:29:12,McDonald's India,POS Purchase McDonald's India,559.92,INR,Debit Card,Debit,Food,Lucknow,Uttar Pradesh,India
6649,TXN006493,2019-06-18,14:40:00,Jio Fiber,Auto Debit Jio Fiber,3387.94,INR,Auto Debit,Debit,Bills,Pune,Maharashtra,India
6650,TXN006490,2019-06-18,14:41:52,Zomato,POS Purchase Zomato,2236.68,INR,Debit Card,Debit,Food,Pune,Maharashtra,India
6651,TXN005699,2019-06-18,16:10:26,HDFC Ergo,Insurance Premium HDFC Ergo,2237.12,INR,Auto Debit,Debit,Insurance,Noida,Uttar Pradesh,India
6652,TXN005773,2019-06-18,19:03:49,Amazon India,POS Purchase Amazon India,9302.86,INR,Credit Card,Debit,Shopping,Lucknow,Uttar Pradesh,India
6653,TXN005196,2019-06-18,20:01:03,Netflix,Auto Debit Netflix,449.72,INR,Auto Debit,Debit,Subscription,Pune,Maharashtra,India
6654,TXN005740,2019-06-18,23:16:37,Misc Vendor,UPI/DR/996437267/Misc Vendor,2036.2,INR,UPI,Debit,Other,Delhi,Delhi,India
6655,TXN005658,2019-06-20,03:27:42,Amazon Prime,UPI/Paytm/Amazon Prime,658.75,INR,UPI,Debit,Subscription,Nagpur,Maharashtra,India
6656,TXN005826,2019-06-20,11:18:30,Spotify,UPI/Spotify,795.85,INR,Credit Card,Debit,Subscription,Nagpur,Maharashtra,India
6657,TXN005642,2019-06-20,13:18:10,Bharat Gas,UPI/DR/855309458/Bharat Gas,14136.3,INR,UPI,Debit,Bills,Kochi,Kerala,India
6658,TXN006580,2019-06-20,17:32:13,Adani Electricity,UPI/DR/750872368/Adani Electricity,5709.74,INR,UPI,Debit,Bills,Jaipur,Rajasthan,India
6659,TXN006472,2019-06-20,22:42:57,Adani Electricity,Net Banking Adani Electricity,10694.3,INR,Net Banking,Debit,Bills,Chennai,Tamil Nadu,India
6660,TXN005965,2019-06-21,03:52:33,Ola,UPI/DR/253861882/Ola,1013.9,INR,UPI,Debit,Miscellaneous,Pune,Maharashtra,India
6661,TXN006605,2019-06-21,05:04:23,Local Hardware Store,POS Purchase Local Hardware Store,4125.58,INR,Credit Card,Debit,Miscellaneous,Delhi,Delhi,India
6662,TXN005855,2019-06-21,20:35:09,Chaayos,POS Purchase Chaayos,1499.38,INR,Debit Card,Debit,Food,Ahmedabad,Gujarat,India
6663,TXN005922,2019-06-22,01:33:06,Stationery Shop,UPI/Paytm/Stationery Shop,416.98,INR,UPI,Debit,Other,Pune,Maharashtra,India
6664,TXN006648,2019-06-22,07:18:45,Flipkart,POS Purchase Flipkart,5205.42,INR,Credit Card,Debit,Shopping,Chennai,Tamil Nadu,India
6665,TXN006254,2019-06-23,05:26:58,Zepto,POS Purchase Zepto,4034.22,INR,Debit Card,Debit,Groceries,Kolkata,West Bengal,India
6666,TXN005820,2019-06-24,00:02:42,PharmEasy,POS Purchase PharmEasy,2391.09,INR,Debit Card,Debit,Miscellaneous,Lucknow,Uttar Pradesh,India
6667,TXN005249,2019-06-24,10:56:49,EMI Personal Loan,Auto Debit EMI Personal Loan,21095.82,INR,Auto Debit,Debit,Bills,Nagpur,Maharashtra,India
6668,TXN006007,2019-06-24,20:49:17,KFC,POS Purchase KFC,1986.9,INR,Credit Card,Debit,Food,Kochi,Kerala,India
6669,TXN006604,2019-06-25,01:38:28,Local Barbershop,POS Purchase Local Barbershop,6944.06,INR,Debit Card,Debit,Miscellaneous,Kolkata,West Bengal,India
6670,TXN006692,2019-06-25,09:30:26,DMart,POS Purchase DMart,3547.15,INR,Debit Card,Debit,Groceries,Hyderabad,Telangana,India
6671,TXN005497,2019-06-25,10:08:24,HPCL,FASTag Recharge,4648.67,INR,Net Banking,Debit,Fuel,Kolkata,West Bengal,India
6672,TXN005408,2019-06-25,11:13:57,Domino's India,POS Purchase Domino's India,520.82,INR,Credit Card,Debit,Food,Ahmedabad,Gujarat,India
6673,TXN005451,2019-06-25,12:39:25,Tata Power,UPI/DR/740992546/Tata Power,13725.55,INR,UPI,Debit,Bills,Bengaluru,Karnataka,India
6674,TXN006890,2019-06-25,15:32:22,BPCL,UPI/Paytm/BPCL,3393.35,INR,UPI,Debit,Fuel,Pune,Maharashtra,India
6675,TXN006614,2019-06-26,13:07:58,LIC,Insurance Premium LIC,5195.11,INR,Auto Debit,Debit,Insurance,Chennai,Tamil Nadu,India
6676,TXN005863,2019-06-26,21:19:04,Burger King,UPI/Burger King,2542.68,INR,UPI,Debit,Food,Mumbai,Maharashtra,India
6677,TXN005495,2019-06-27,09:41:03,Bharat Gas,Net Banking Bharat Gas,15583.76,INR,Net Banking,Debit,Bills,Delhi,Delhi,India
6678,TXN006573,2019-06-27,16:53:37,Jio,Net Banking Jio,11004.98,INR,Net Banking,Debit,Bills,Lucknow,Uttar Pradesh,India
6679,TXN005547,2019-06-27,18:14:10,Airtel Digital TV,Auto Debit Airtel Digital TV,335.19,INR,Auto Debit,Debit,Subscription,Lucknow,Uttar Pradesh,India
6680,TXN005630,2019-06-28,00:40:46,BigBasket,UPI/Paytm/BigBasket,712.97,INR,UPI,Debit,Groceries,Indore,Madhya Pradesh,India
6681,TXN005832,2019-06-28,02:11:08,Tata Power,Auto Debit Tata Power,15201.0,INR,Auto Debit,Debit,Bills,Mumbai,Maharashtra,India
6682,TXN006245,2019-06-28,10:02:08,Unknown Merchant,UPI/DR/225458204/Unknown Merchant,2117.89,INR,UPI,Debit,Other,Hyderabad,Telangana,India
6683,TXN006579,2019-06-28,14:08:36,Municipal Water Department,Net Banking Municipal Water Department,14074.55,INR,Net Banking,Debit,Bills,Bengaluru,Karnataka,India
6684,TXN005675,2019-06-28,16:59:27,Swiggy,POS Purchase Swiggy,1595.59,INR,Debit Card,Debit,Food,Kolkata,West Bengal,India
6685,TXN006324,2019-06-28,20:07:28,BSNL,Auto Debit BSNL,12193.0,INR,Auto Debit,Debit,Bills,Kochi,Kerala,India
6686,TXN005113,2019-06-28,23:35:21,BSNL,Auto Debit BSNL,15355.26,INR,Auto Debit,Debit,Bills,Jaipur,Rajasthan,India
6687,TXN005228,2019-06-28,23:52:41,Misc Vendor,UPI/DR/476990466/Misc Vendor,1466.75,INR,UPI,Debit,Other,Lucknow,Uttar Pradesh,India
6688,TXN005400,2019-06-29,00:33:46,Zepto,UPI/Zepto,3078.99,INR,UPI,Debit,Groceries,Pune,Maharashtra,India
6689,TXN005899,2019-06-29,06:32:29,Amazon India,POS Purchase Amazon India,2357.39,INR,Credit Card,Debit,Shopping,Hyderabad,Telangana,India
6690,TXN006102,2019-06-29,09:28:39,Ajio,UPI/Paytm/Ajio,2166.53,INR,UPI,Debit,Shopping,Surat,Gujarat,India
6691,TXN006646,2019-06-29,12:25:38,BEST,Net Banking BEST,10980.18,INR,Net Banking,Debit,Bills,Kolkata,West Bengal,India
6692,TXN006196,2019-06-29,17:11:56,HP Gas,Net Banking HP Gas,8818.81,INR,Net Banking,Debit,Bills,Mumbai,Maharashtra,India
6693,TXN005755,2019-06-29,19:06:11,Credit Card Bill Payment,NEFT Credit Card Bill Payment,9030.83,INR,NEFT,Debit,Bills,Ahmedabad,Gujarat,India
6694,TXN006025,2019-06-29,20:54:17,Zepto,UPI/DR/755503884/Zepto,1649.55,INR,UPI,Debit,Groceries,Pune,Maharashtra,India
6695,TXN006755,2019-06-30,05:36:27,EMI Home Loan,Auto Debit EMI Home Loan,23931.79,INR,Auto Debit,Debit,Bills,Ahmedabad,Gujarat,India
6696,TXN006602,2019-06-30,12:00:39,Airtel,Net Banking Airtel,342.56,INR,Net Banking,Debit,Bills,Ahmedabad,Gujarat,India
6697,TXN006896,2019-06-30,12:39:03,Jio Fiber,Net Banking Jio Fiber,8019.34,INR,Net Banking,Debit,Bills,Jaipur,Rajasthan,India
6698,TXN005441,2019-06-30,18:14:28,Bharat Gas,Net Banking Bharat Gas,600.61,INR,Net Banking,Debit,Bills,Kochi,Kerala,India
6699,TXN005334,2019-06-30,23:43:41,Indian Oil,POS Purchase Indian Oil,4668.07,INR,Debit Card,Debit,Fuel,Delhi,Delhi,India
6700,TXN006668,2019-07-01,01:06:34,HDFC Mutual Fund,SIP Investment HDFC Mutual Fund,12454.08,INR,Auto Debit,Debit,Investment,Lucknow,Uttar Pradesh,India
6701,TXN006371,2019-07-01,03:22:52,Mutual Fund SIP,UPI/Paytm/Mutual Fund SIP,9910.33,INR,UPI,Debit,Investment,Hyderabad,Telangana,India
6702,TXN005684,2019-07-01,08:33:06,Social,UPI/DR/967910655/Social,2498.21,INR,UPI,Debit,Food,Chennai,Tamil Nadu,India
6703,TXN006213,2019-07-01,10:34:27,Nature's Basket,UPI/Nature's Basket,4388.86,INR,UPI,Debit,Groceries,Indore,Madhya Pradesh,India
6704,TXN005977,2019-07-01,14:36:08,Myntra,POS Purchase Myntra,14370.91,INR,Credit Card,Debit,Shopping,Mumbai,Maharashtra,India
6705,TXN005093,2019-07-01,18:42:01,Rapido,UPI/DR/735540030/Rapido,1978.79,INR,UPI,Debit,Miscellaneous,Lucknow,Uttar Pradesh,India
6706,TXN005385,2019-07-02,08:17:24,Employer Salary Credit,NEFT Salary Credit,157900.42,INR,NEFT,Credit,Salary,Lucknow,Uttar Pradesh,India
6707,TXN006191,2019-07-02,12:16:03,Employer Salary Credit,NEFT Salary Credit,162222.58,INR,NEFT,Credit,Salary,Chennai,Tamil Nadu,India
6708,TXN006217,2019-07-02,14:24:00,BookMyShow,POS Purchase BookMyShow,424.42,INR,Credit Card,Debit,Entertainment,Pune,Maharashtra,India
6709,TXN006206,2019-07-02,23:31:50,HDFC Mutual Fund,SIP Investment HDFC Mutual Fund,44075.58,INR,Auto Debit,Debit,Investment,Lucknow,Uttar Pradesh,India
6710,TXN006995,2019-07-03,03:39:39,Laundry,UPI/Paytm/Laundry,562.41,INR,UPI,Debit,Other,Bengaluru,Karnataka,India
6711,TXN005401,2019-07-03,08:32:52,Burger King,POS Purchase Burger King,273.38,INR,Credit Card,Debit,Food,Pune,Maharashtra,India
6712,TXN006444,2019-07-03,18:01:36,House Rent Payment,NEFT House Rent Payment,40743.21,INR,NEFT,Debit,Rent,Lucknow,Uttar Pradesh,India
6713,TXN006113,2019-07-03,22:44:57,Blinkit,UPI/Blinkit,789.86,INR,UPI,Debit,Groceries,Delhi,Delhi,India
6714,TXN005438,2019-07-04,07:42:42,Indian Oil,UPI/Indian Oil,1263.43,INR,UPI,Debit,Fuel,Lucknow,Uttar Pradesh,India
6715,TXN005502,2019-07-04,08:05:19,Zepto,UPI/Zepto,4351.6,INR,UPI,Debit,Groceries,Kolkata,West Bengal,India
6716,TXN005450,2019-07-04,14:07:16,BookMyShow,UPI/DR/311606895/BookMyShow,1562.43,INR,UPI,Debit,Entertainment,Ahmedabad,Gujarat,India
6717,TXN005978,2019-07-04,14:19:43,Myntra,Cashback Myntra,2328.98,INR,Net Banking,Credit,Shopping,Kolkata,West Bengal,India
6718,TXN005396,2019-07-04,17:41:03,House Rent Payment,Net Banking House Rent Payment,25630.58,INR,Net Banking,Debit,Rent,Nagpur,Maharashtra,India
6719,TXN006053,2019-07-04,18:14:59,Tata Power,Auto Debit Tata Power,11286.59,INR,Auto Debit,Debit,Bills,Delhi,Delhi,India
6720,TXN006954,2019-07-05,18:42:08,Blinkit,UPI/DR/823814870/Blinkit,1058.43,INR,UPI,Debit,Groceries,Surat,Gujarat,India
6721,TXN006799,2019-07-05,22:55:03,ATM,ATM Cash Withdrawal,3977.47,INR,Cash Withdrawal,Debit,Other,Nagpur,Maharashtra,India
6722,TXN005809,2019-07-06,09:22:20,Jio Fiber,Auto Debit Jio Fiber,4912.47,INR,Auto Debit,Debit,Bills,Hyderabad,Telangana,India
6723,TXN006186,2019-07-06,21:27:36,Swiggy,UPI/DR/806272779/Swiggy,575.91,INR,UPI,Debit,Food,Nagpur,Maharashtra,India
6724,TXN006972,2019-07-07,00:31:53,Tailor,UPI/Tailor,1655.37,INR,UPI,Debit,Other,Pune,Maharashtra,India
6725,TXN005376,2019-07-07,04:32:18,Bakery,UPI/Bakery,2194.38,INR,UPI,Debit,Other,Surat,Gujarat,India
6726,TXN006608,2019-07-07,09:19:30,Dish TV,UPI/Dish TV,767.67,INR,Credit Card,Debit,Subscription,Surat,Gujarat,India
6727,TXN005974,2019-07-08,00:30:57,Unknown Merchant,UPI/Unknown Merchant,1918.47,INR,UPI,Debit,Other,Mumbai,Maharashtra,India
6728,TXN005038,2019-07-08,07:10:26,BPCL,POS Purchase BPCL,3726.33,INR,Credit Card,Debit,Fuel,Bengaluru,Karnataka,India
6729,TXN005413,2019-07-08,12:48:47,Bajaj Allianz,Net Banking Insurance Premium Bajaj Allianz,9135.81,INR,Net Banking,Debit,Insurance,Bengaluru,Karnataka,India
6730,TXN006038,2019-07-08,19:41:06,Flower Shop,UPI/Flower Shop,1272.91,INR,UPI,Debit,Other,Chennai,Tamil Nadu,India
6731,TXN006748,2019-07-12,09:40:28,Interest Credit,Interest Credit Savings Account,1145.83,INR,NEFT,Credit,Salary,Pune,Maharashtra,India
6732,TXN005987,2019-07-12,10:42:42,Barbeque Nation,POS Purchase Barbeque Nation,1114.26,INR,Debit Card,Debit,Food,Indore,Madhya Pradesh,India
6733,TXN006837,2019-07-12,14:56:33,Lakme Salon,POS Purchase Lakme Salon,1064.81,INR,Credit Card,Debit,Miscellaneous,Pune,Maharashtra,India
6734,TXN005187,2019-07-12,20:22:03,Naturals Salon,POS Purchase Naturals Salon,2422.22,INR,Credit Card,Debit,Miscellaneous,Hyderabad,Telangana,India
6735,TXN005002,2019-07-13,00:05:13,Misc Vendor,UPI/DR/134126396/Misc Vendor,1504.67,INR,UPI,Debit,Other,Surat,Gujarat,India
6736,TXN005280,2019-07-13,02:20:42,Blinkit,UPI/Blinkit,3983.17,INR,UPI,Debit,Groceries,Lucknow,Uttar Pradesh,India
6737,TXN006726,2019-07-13,15:09:40,LIC,Insurance Premium LIC,23107.54,INR,Auto Debit,Debit,Insurance,Indore,Madhya Pradesh,India
6738,TXN005058,2019-07-13,17:09:27,Flower Shop,UPI/DR/725464884/Flower Shop,482.69,INR,UPI,Debit,Other,Mumbai,Maharashtra,India
6739,TXN005692,2019-07-14,06:49:46,BSNL,Net Banking BSNL,4392.13,INR,Net Banking,Debit,Bills,Jaipur,Rajasthan,India
6740,TXN005894,2019-07-14,15:39:46,Blinkit,UPI/DR/689269569/Blinkit,497.17,INR,UPI,Debit,Groceries,Chennai,Tamil Nadu,India
6741,TXN006339,2019-07-15,13:30:36,BookMyShow,UPI/BookMyShow,1602.39,INR,UPI,Debit,Entertainment,Pune,Maharashtra,India
6742,TXN005938,2019-07-15,17:52:52,Bakery,UPI/Paytm/Bakery,2217.77,INR,UPI,Debit,Other,Kochi,Kerala,India
6743,TXN005822,2019-07-16,16:11:37,Burger King,UPI/Paytm/Burger King,614.71,INR,UPI,Debit,Food,Surat,Gujarat,India
6744,TXN005083,2019-07-16,19:55:30,Social,UPI/Social,652.05,INR,UPI,Debit,Food,Lucknow,Uttar Pradesh,India
6745,TXN005643,2019-07-16,22:59:30,Zepto,UPI/Zepto,4141.3,INR,UPI,Debit,Groceries,Noida,Uttar Pradesh,India
6746,TXN005462,2019-07-17,03:17:49,Nature's Basket,UPI/Paytm/Nature's Basket,3361.68,INR,UPI,Debit,Groceries,Delhi,Delhi,India
6747,TXN006652,2019-07-17,10:03:40,BPCL,FASTag Recharge,4130.22,INR,Net Banking,Debit,Fuel,Nagpur,Maharashtra,India
6748,TXN005298,2019-07-19,04:27:32,Blinkit,UPI/Blinkit,3544.86,INR,UPI,Debit,Groceries,Kochi,Kerala,India
6749,TXN005201,2019-07-19,11:27:28,Domino's India,POS Purchase Domino's India,147.15,INR,Debit Card,Debit,Food,Pune,Maharashtra,India
6750,TXN006901,2019-07-19,12:46:02,McDonald's India,UPI/McDonald's India,2278.39,INR,UPI,Debit,Food,Pune,Maharashtra,India
6751,TXN006750,2019-07-19,15:07:22,Vegetable Market,UPI/Vegetable Market,1241.57,INR,UPI,Debit,Other,Surat,Gujarat,India
6752,TXN005690,2019-07-20,08:12:39,PharmEasy,UPI/Paytm/PharmEasy,1797.53,INR,UPI,Debit,Miscellaneous,Lucknow,Uttar Pradesh,India
6753,TXN005681,2019-07-21,06:13:39,ICICI Lombard,Insurance Premium ICICI Lombard,23781.9,INR,Auto Debit,Debit,Insurance,Surat,Gujarat,India
6754,TXN006745,2019-07-21,13:24:18,Laundry,UPI/Paytm/Laundry,2158.26,INR,UPI,Debit,Other,Lucknow,Uttar Pradesh,India
6755,TXN005269,2019-07-22,15:02:40,EMI Home Loan,Auto Debit EMI Home Loan,14446.77,INR,Auto Debit,Debit,Bills,Pune,Maharashtra,India
6756,TXN005422,2019-07-22,20:20:55,Starbucks India,UPI/Paytm/Starbucks India,1623.1,INR,UPI,Debit,Food,Mumbai,Maharashtra,India
6757,TXN005256,2019-07-22,22:54:33,Amazon India,POS Purchase Amazon India,6022.92,INR,Net Banking,Debit,Shopping,Mumbai,Maharashtra,India
6758,TXN005236,2019-07-22,23:57:02,Reliance Fresh,POS Purchase Reliance Fresh,3258.17,INR,Credit Card,Debit,Groceries,Kochi,Kerala,India
6759,TXN005802,2019-07-23,10:51:47,EatClub,UPI/DR/310521278/EatClub,554.04,INR,UPI,Debit,Food,Jaipur,Rajasthan,India
6760,TXN006361,2019-07-23,21:29:53,Social,UPI/Social,717.2,INR,UPI,Debit,Food,Chennai,Tamil Nadu,India
6761,TXN005041,2019-07-24,06:18:13,Airtel Digital TV,UPI/DR/266211829/Airtel Digital TV,585.93,INR,UPI,Debit,Subscription,Kolkata,West Bengal,India
6762,TXN006886,2019-07-24,14:43:18,Rapido,UPI/DR/627317852/Rapido,2866.17,INR,UPI,Debit,Miscellaneous,Chennai,Tamil Nadu,India
6763,TXN006248,2019-07-24,18:40:51,KFC,POS Purchase KFC,1286.02,INR,Credit Card,Debit,Food,Chennai,Tamil Nadu,India
6764,TXN006298,2019-07-25,13:56:16,Chaayos,UPI/Chaayos,1431.43,INR,UPI,Debit,Food,Nagpur,Maharashtra,India
6765,TXN006806,2019-07-26,21:41:47,ICICI Lombard,Insurance Premium ICICI Lombard,34057.66,INR,Auto Debit,Debit,Insurance,Nagpur,Maharashtra,India
6766,TXN006891,2019-07-27,02:28:27,BSNL,NEFT BSNL,6348.7,INR,NEFT,Debit,Bills,Delhi,Delhi,India
6767,TXN006276,2019-07-27,03:00:10,Tata Power,Auto Debit Tata Power,8154.99,INR,Auto Debit,Debit,Bills,Jaipur,Rajasthan,India
6768,TXN005619,2019-07-27,10:43:57,Burger King,POS Purchase Burger King,149.4,INR,Debit Card,Debit,Food,Delhi,Delhi,India
6769,TXN006996,2019-07-27,12:05:49,BSNL,UPI/BSNL,2228.75,INR,UPI,Debit,Bills,Kolkata,West Bengal,India
6770,TXN005082,2019-07-27,14:39:52,Adani Electricity,Net Banking Adani Electricity,13208.53,INR,Net Banking,Debit,Bills,Delhi,Delhi,India
6771,TXN005295,2019-07-28,02:04:19,Jio Fiber,Net Banking Jio Fiber,1569.78,INR,Net Banking,Debit,Bills,Delhi,Delhi,India
6772,TXN005370,2019-07-28,11:07:11,HP Gas,Net Banking HP Gas,12565.06,INR,Net Banking,Debit,Bills,Surat,Gujarat,India
6773,TXN005618,2019-07-28,15:08:47,EMI Personal Loan,Auto Debit EMI Personal Loan,9827.96,INR,Auto Debit,Debit,Bills,Mumbai,Maharashtra,India
6774,TXN005344,2019-07-28,15:30:41,Airtel,Auto Debit Airtel,1174.95,INR,Auto Debit,Debit,Bills,Chennai,Tamil Nadu,India
6775,TXN005148,2019-07-28,19:32:47,Adani Electricity,Auto Debit Adani Electricity,9897.24,INR,Auto Debit,Debit,Bills,Kochi,Kerala,India
6776,TXN006578,2019-07-28,21:00:15,Jio,Auto Debit Jio,485.2,INR,Auto Debit,Debit,Bills,Mumbai,Maharashtra,India
6777,TXN005325,2019-07-29,00:23:21,Jio,Net Banking Jio,4021.24,INR,Net Banking,Debit,Bills,Mumbai,Maharashtra,India
6778,TXN006462,2019-07-29,02:44:46,Airtel,Net Banking Airtel,8056.26,INR,Net Banking,Debit,Bills,Nagpur,Maharashtra,India
6779,TXN006846,2019-07-29,02:45:17,Flipkart,POS Purchase Flipkart,13526.6,INR,Credit Card,Debit,Shopping,Mumbai,Maharashtra,India
6780,TXN006098,2019-07-29,04:21:15,Local Services,UPI/Local Services,105.98,INR,UPI,Debit,Other,Kolkata,West Bengal,India
6781,TXN005972,2019-07-29,08:09:45,Jio,Net Banking Jio,11534.85,INR,Net Banking,Debit,Bills,Surat,Gujarat,India
6782,TXN005333,2019-07-29,12:20:11,Airtel,UPI/DR/664226794/Airtel,2850.97,INR,UPI,Debit,Bills,Surat,Gujarat,India
6783,TXN005704,2019-07-29,16:52:49,BEST,Auto Debit BEST,4987.32,INR,Auto Debit,Debit,Bills,Ahmedabad,Gujarat,India
6784,TXN005688,2019-07-29,22:18:44,Bakery,UPI/Paytm/Bakery,1666.24,INR,UPI,Debit,Other,Ahmedabad,Gujarat,India
6785,TXN006251,2019-07-29,23:55:09,Netflix,UPI/DR/220786160/Netflix,282.86,INR,UPI,Debit,Entertainment,Kochi,Kerala,India
6786,TXN006478,2019-07-30,06:59:34,Unknown Merchant,UPI/Paytm/Unknown Merchant,728.68,INR,UPI,Debit,Other,Hyderabad,Telangana,India
6787,TXN006682,2019-07-30,07:24:05,Jio,Net Banking Jio,9491.32,INR,Net Banking,Debit,Bills,Surat,Gujarat,India
6788,TXN006543,2019-07-30,13:51:14,Amazon India,POS Purchase Amazon India,4101.56,INR,Net Banking,Debit,Shopping,Kochi,Kerala,India
6789,TXN005383,2019-07-30,16:08:24,Zepto,UPI/DR/698382096/Zepto,1483.46,INR,UPI,Debit,Groceries,Lucknow,Uttar Pradesh,India
6790,TXN006370,2019-07-30,17:05:50,Tata Power,NEFT Tata Power,9888.71,INR,NEFT,Debit,Bills,Indore,Madhya Pradesh,India
6791,TXN005421,2019-07-31,03:01:05,Airtel,Net Banking Airtel,12276.7,INR,Net Banking,Debit,Bills,Delhi,Delhi,India
6792,TXN006253,2019-07-31,17:13:37,Burger King,POS Purchase Burger King,336.9,INR,Credit Card,Debit,Food,Nagpur,Maharashtra,India
6793,TXN005016,2019-07-31,18:27:57,Airtel,Auto Debit Airtel,9658.02,INR,Auto Debit,Debit,Bills,Delhi,Delhi,India
6794,TXN005552,2019-07-31,21:51:56,KFC,POS Purchase KFC,1187.11,INR,Credit Card,Debit,Food,Nagpur,Maharashtra,India
6795,TXN005304,2019-08-01,09:02:41,Barbeque Nation,UPI/Barbeque Nation,1508.52,INR,UPI,Debit,Food,Lucknow,Uttar Pradesh,India
6796,TXN006850,2019-08-01,18:08:43,Blinkit,UPI/DR/963696719/Blinkit,857.93,INR,UPI,Debit,Groceries,Jaipur,Rajasthan,India
6797,TXN006259,2019-08-02,01:51:41,House Rent Payment,Net Banking House Rent Payment,23795.53,INR,Net Banking,Debit,Rent,Mumbai,Maharashtra,India
6798,TXN005909,2019-08-02,10:04:35,ATM,ATM Cash Withdrawal,4288.99,INR,Cash Withdrawal,Debit,Other,Jaipur,Rajasthan,India
6799,TXN006947,2019-08-02,18:40:35,Income Tax Payment,Net Banking Income Tax Payment,37355.14,INR,Net Banking,Debit,Bills,Lucknow,Uttar Pradesh,India
6800,TXN005801,2019-08-02,23:17:51,House Rent Payment,Net Banking House Rent Payment,16956.31,INR,Net Banking,Debit,Rent,Bengaluru,Karnataka,India
6801,TXN005725,2019-08-03,05:00:20,Flower Shop,UPI/DR/559891563/Flower Shop,1100.25,INR,UPI,Debit,Other,Indore,Madhya Pradesh,India
6802,TXN005193,2019-08-03,05:16:03,ICICI Prudential MF,SIP Investment ICICI Prudential MF,20924.58,INR,Auto Debit,Debit,Investment,Bengaluru,Karnataka,India
6803,TXN006199,2019-08-03,08:33:12,Social,POS Purchase Social,861.33,INR,Debit Card,Debit,Food,Bengaluru,Karnataka,India
6804,TXN005545,2019-08-03,12:17:11,Amazon India,POS Purchase Amazon India,8911.25,INR,Debit Card,Debit,Shopping,Kolkata,West Bengal,India
6805,TXN006130,2019-08-04,00:26:40,House Rent Payment,Net Banking House Rent Payment,23471.04,INR,Net Banking,Debit,Rent,Jaipur,Rajasthan,India
6806,TXN005409,2019-08-04,01:59:04,EMI Personal Loan,Net Banking EMI Personal Loan,12216.36,INR,Net Banking,Debit,Bills,Mumbai,Maharashtra,India
6807,TXN005328,2019-08-04,10:33:40,Employer Salary Credit,NEFT Salary Credit,46667.27,INR,NEFT,Credit,Salary,Surat,Gujarat,India
6808,TXN005720,2019-08-04,14:41:35,Dish TV,UPI/Paytm/Dish TV,697.45,INR,Credit Card,Debit,Subscription,Ahmedabad,Gujarat,India
6809,TXN006349,2019-08-04,17:38:20,House Rent Payment,Net Banking House Rent Payment,19197.62,INR,Net Banking,Debit,Rent,Mumbai,Maharashtra,India
6810,TXN006683,2019-08-04,18:49:44,House Rent Payment,UPI House Rent Payment,44820.94,INR,UPI,Debit,Rent,Bengaluru,Karnataka,India
6811,TXN006340,2019-08-04,23:53:38,HDFC Mutual Fund,UPI/DR/610271691/HDFC Mutual Fund,27451.88,INR,UPI,Debit,Investment,Jaipur,Rajasthan,India
6812,TXN005215,2019-08-05,05:48:39,Indian Oil,UPI/Indian Oil,641.99,INR,UPI,Debit,Fuel,Ahmedabad,Gujarat,India
6813,TXN005546,2019-08-05,08:03:51,Amazon India,Refund Amazon India,1624.86,INR,Net Banking,Credit,Shopping,Surat,Gujarat,India
6814,TXN006407,2019-08-05,13:39:19,Employer Salary Credit,NEFT Salary Credit,121657.37,INR,IMPS,Credit,Salary,Kolkata,West Bengal,India
6815,TXN006006,2019-08-05,15:44:05,HPCL,UPI/Paytm/HPCL,2472.79,INR,UPI,Debit,Fuel,Ahmedabad,Gujarat,India
6816,TXN005562,2019-08-05,19:20:58,Flipkart,POS Purchase Flipkart,12833.44,INR,Credit Card,Debit,Shopping,Jaipur,Rajasthan,India
6817,TXN005805,2019-08-05,22:10:03,Reliance Fresh,UPI/Reliance Fresh,3230.85,INR,UPI,Debit,Groceries,Ahmedabad,Gujarat,India
6818,TXN006271,2019-08-06,11:16:37,DMart,POS Purchase DMart,971.52,INR,Debit Card,Debit,Groceries,Noida,Uttar Pradesh,India
6819,TXN006179,2019-08-06,17:43:34,Amazon India,UPI/Paytm/Amazon India,5786.61,INR,UPI,Debit,Shopping,Bengaluru,Karnataka,India
6820,TXN005318,2019-08-07,09:04:24,Zepto,UPI/DR/694018597/Zepto,3058.15,INR,UPI,Debit,Groceries,Hyderabad,Telangana,India
6821,TXN005741,2019-08-07,12:23:37,Stationery Shop,UPI/Paytm/Stationery Shop,2389.7,INR,UPI,Debit,Other,Mumbai,Maharashtra,India
6822,TXN005960,2019-08-08,10:38:07,Cafe Coffee Day,POS Purchase Cafe Coffee Day,2529.59,INR,Debit Card,Debit,Food,Ahmedabad,Gujarat,India
6823,TXN005237,2019-08-09,04:03:28,Indian Oil,UPI/DR/638339044/Indian Oil,2436.34,INR,UPI,Debit,Fuel,Indore,Madhya Pradesh,India
6824,TXN005592,2019-08-09,08:11:17,The Beer Cafe,POS Purchase The Beer Cafe,2981.74,INR,Debit Card,Debit,Food,Bengaluru,Karnataka,India
6825,TXN005884,2019-08-09,16:25:16,The Beer Cafe,POS Purchase The Beer Cafe,2342.35,INR,Debit Card,Debit,Food,Kochi,Kerala,India
6826,TXN006762,2019-08-09,19:08:29,McDonald's India,UPI/Paytm/McDonald's India,744.57,INR,UPI,Debit,Food,Surat,Gujarat,India
6827,TXN005516,2019-08-09,21:57:03,Local Services,UPI/Paytm/Local Services,2494.88,INR,UPI,Debit,Other,Chennai,Tamil Nadu,India
6828,TXN006535,2019-08-09,22:32:02,Airtel,NEFT Airtel,9802.04,INR,NEFT,Debit,Bills,Jaipur,Rajasthan,India
6829,TXN006386,2019-08-09,23:14:44,Zepto,POS Purchase Zepto,3413.44,INR,Debit Card,Debit,Groceries,Lucknow,Uttar Pradesh,India
6830,TXN005583,2019-08-10,02:25:57,Indian Oil,POS Purchase Indian Oil,616.55,INR,Credit Card,Debit,Fuel,Ahmedabad,Gujarat,India
6831,TXN006516,2019-08-10,04:17:47,LIC,Net Banking Insurance Premium LIC,6890.87,INR,Net Banking,Debit,Insurance,Kochi,Kerala,India
6832,TXN005362,2019-08-10,13:54:33,Chaayos,UPI/Chaayos,1199.34,INR,UPI,Debit,Food,Surat,Gujarat,India
6833,TXN006325,2019-08-10,14:21:15,Lakme Salon,POS Purchase Lakme Salon,1067.46,INR,Debit Card,Debit,Miscellaneous,Kochi,Kerala,India
6834,TXN006552,2019-08-11,06:31:18,Ajio,POS Purchase Ajio,4273.43,INR,Debit Card,Debit,Shopping,Mumbai,Maharashtra,India
6835,TXN005973,2019-08-11,09:39:57,BigBasket,UPI/BigBasket,2353.2,INR,UPI,Debit,Groceries,Nagpur,Maharashtra,India
6836,TXN006086,2019-08-11,14:02:02,KFC,POS Purchase KFC,2624.29,INR,Credit Card,Debit,Food,Indore,Madhya Pradesh,India
6837,TXN006192,2019-08-11,19:47:05,Lakme Salon,UPI/Lakme Salon,8307.01,INR,UPI,Debit,Miscellaneous,Lucknow,Uttar Pradesh,India
6838,TXN006119,2019-08-11,20:36:46,Faasos,POS Purchase Faasos,1473.95,INR,Debit Card,Debit,Food,Chennai,Tamil Nadu,India
6839,TXN005988,2019-08-11,21:31:07,Interest Credit,Interest Credit Savings Account,114.38,INR,NEFT,Credit,Salary,Chennai,Tamil Nadu,India
6840,TXN005346,2019-08-11,23:54:59,Home Depot India,UPI/Paytm/Home Depot India,2194.14,INR,UPI,Debit,Miscellaneous,Hyderabad,Telangana,India
6841,TXN005783,2019-08-12,14:24:36,Jio,Auto Debit Jio,1522.33,INR,Auto Debit,Debit,Bills,Surat,Gujarat,India
6842,TXN006600,2019-08-13,09:35:59,Blinkit,UPI/Paytm/Blinkit,2935.19,INR,UPI,Debit,Groceries,Ahmedabad,Gujarat,India
6843,TXN005549,2019-08-13,12:22:59,Amazon Prime,POS Purchase Amazon Prime,1744.8,INR,Credit Card,Debit,Entertainment,Delhi,Delhi,India
6844,TXN006878,2019-08-13,16:49:42,Cafe Coffee Day,POS Purchase Cafe Coffee Day,579.34,INR,Debit Card,Debit,Food,Chennai,Tamil Nadu,India
6845,TXN005377,2019-08-13,20:43:52,EatClub,UPI/Paytm/EatClub,2476.29,INR,UPI,Debit,Food,Mumbai,Maharashtra,India
6846,TXN006714,2019-08-14,02:11:45,Mobile Repair,UPI/Mobile Repair,2493.15,INR,UPI,Debit,Other,Chennai,Tamil Nadu,India
6847,TXN006498,2019-08-14,06:17:55,Netflix,UPI/Paytm/Netflix,699.29,INR,UPI,Debit,Entertainment,Kochi,Kerala,India
6848,TXN006740,2019-08-14,11:52:23,Blinkit,POS Purchase Blinkit,686.68,INR,Credit Card,Debit,Groceries,Chennai,Tamil Nadu,India
6849,TXN006757,2019-08-15,12:46:11,Zepto,UPI/Paytm/Zepto,2601.23,INR,UPI,Debit,Groceries,Pune,Maharashtra,India
6850,TXN005473,2019-08-15,18:26:24,KFC,POS Purchase KFC,2182.54,INR,Debit Card,Debit,Food,Pune,Maharashtra,India
6851,TXN005568,2019-08-15,21:14:10,BEST,Net Banking BEST,13060.66,INR,Net Banking,Debit,Bills,Indore,Madhya Pradesh,India
6852,TXN006678,2019-08-15,23:17:09,Spotify,Auto Debit Spotify,560.44,INR,Auto Debit,Debit,Subscription,Pune,Maharashtra,India
6853,TXN006013,2019-08-16,18:18:51,The Beer Cafe,UPI/The Beer Cafe,2290.9,INR,UPI,Debit,Food,Jaipur,Rajasthan,India
6854,TXN006766,2019-08-17,03:29:59,Airtel,NEFT Airtel,6025.83,INR,NEFT,Debit,Bills,Hyderabad,Telangana,India
6855,TXN005042,2019-08-17,08:47:20,Zomato,POS Purchase Zomato,298.67,INR,Debit Card,Debit,Food,Lucknow,Uttar Pradesh,India
6856,TXN006144,2019-08-17,16:18:23,BPCL,FASTag Recharge,838.09,INR,UPI,Debit,Fuel,Mumbai,Maharashtra,India
6857,TXN005907,2019-08-18,06:55:08,Dish TV,Auto Debit Dish TV,742.41,INR,Auto Debit,Debit,Subscription,Indore,Madhya Pradesh,India
6858,TXN005722,2019-08-18,10:22:08,Netflix,Auto Debit Netflix,432.3,INR,Auto Debit,Debit,Subscription,Nagpur,Maharashtra,India
6859,TXN005476,2019-08-19,02:46:29,Netflix,UPI/Paytm/Netflix,1504.99,INR,UPI,Debit,Entertainment,Pune,Maharashtra,India
6860,TXN006169,2019-08-19,12:22:30,DMart,UPI/Paytm/DMart,2044.51,INR,UPI,Debit,Groceries,Kochi,Kerala,India
6861,TXN006137,2019-08-19,18:43:30,Starbucks India,UPI/DR/376930400/Starbucks India,2724.47,INR,UPI,Debit,Food,Indore,Madhya Pradesh,India
6862,TXN006139,2019-08-19,19:08:22,Cafe Coffee Day,UPI/DR/595042189/Cafe Coffee Day,2483.57,INR,UPI,Debit,Food,Bengaluru,Karnataka,India
6863,TXN006326,2019-08-19,20:42:34,EMI Home Loan,Net Banking EMI Home Loan,9452.79,INR,Net Banking,Debit,Bills,Lucknow,Uttar Pradesh,India
6864,TXN006689,2019-08-19,21:10:01,Domino's India,UPI/Paytm/Domino's India,2055.34,INR,UPI,Debit,Food,Pune,Maharashtra,India
6865,TXN006524,2019-08-20,16:50:00,HPCL,FASTag Recharge,729.54,INR,UPI,Debit,Fuel,Nagpur,Maharashtra,India
6866,TXN006091,2019-08-21,14:29:49,Amazon India,POS Purchase Amazon India,4809.95,INR,Credit Card,Debit,Shopping,Delhi,Delhi,India
6867,TXN006654,2019-08-21,23:44:24,Tata Power,Auto Debit Tata Power,1564.83,INR,Auto Debit,Debit,Bills,Kochi,Kerala,India
6868,TXN005179,2019-08-22,13:06:43,Burger King,UPI/Paytm/Burger King,1684.1,INR,UPI,Debit,Food,Hyderabad,Telangana,India
6869,TXN005713,2019-08-23,11:59:32,DMart,UPI/DMart,442.82,INR,UPI,Debit,Groceries,Bengaluru,Karnataka,India
6870,TXN005199,2019-08-23,19:33:18,Reliance Fresh,UPI/DR/508992977/Reliance Fresh,4184.35,INR,UPI,Debit,Groceries,Surat,Gujarat,India
6871,TXN005504,2019-08-24,20:43:41,IRCTC,POS Purchase IRCTC,206.57,INR,Debit Card,Debit,Miscellaneous,Hyderabad,Telangana,India
6872,TXN006256,2019-08-27,04:01:05,BEST,NEFT BEST,6467.39,INR,NEFT,Debit,Bills,Surat,Gujarat,India
6873,TXN006839,2019-08-27,06:02:37,Nature's Basket,UPI/DR/432133365/Nature's Basket,1709.73,INR,UPI,Debit,Groceries,Mumbai,Maharashtra,India
6874,TXN006513,2019-08-27,06:56:27,Income Tax Payment,Net Banking Income Tax Payment,38388.08,INR,Net Banking,Debit,Bills,Indore,Madhya Pradesh,India
6875,TXN006350,2019-08-27,10:27:11,Nature's Basket,UPI/Nature's Basket,4483.66,INR,UPI,Debit,Groceries,Lucknow,Uttar Pradesh,India
6876,TXN005754,2019-08-27,12:08:06,Income Tax Payment,Auto Debit Income Tax Payment,28943.76,INR,Auto Debit,Debit,Bills,Bengaluru,Karnataka,India
6877,TXN005859,2019-08-28,11:14:38,Jio,Auto Debit Jio,3947.09,INR,Auto Debit,Debit,Bills,Delhi,Delhi,India
6878,TXN005164,2019-08-28,20:16:29,Bharat Gas,Auto Debit Bharat Gas,1996.46,INR,Auto Debit,Debit,Bills,Chennai,Tamil Nadu,India
6879,TXN005616,2019-08-28,22:14:43,Indane Gas,Auto Debit Indane Gas,7850.47,INR,Auto Debit,Debit,Bills,Indore,Madhya Pradesh,India
6880,TXN005886,2019-08-28,23:33:15,Bharat Gas,Net Banking Bharat Gas,1720.89,INR,Net Banking,Debit,Bills,Surat,Gujarat,India
6881,TXN006412,2019-08-29,00:12:12,Municipal Water Department,Auto Debit Municipal Water Department,1296.29,INR,Auto Debit,Debit,Bills,Hyderabad,Telangana,India
6882,TXN005004,2019-08-29,00:48:51,HP Gas,NEFT HP Gas,13689.82,INR,NEFT,Debit,Bills,Bengaluru,Karnataka,India
6883,TXN005632,2019-08-29,01:19:18,BEST,Auto Debit BEST,6374.64,INR,Auto Debit,Debit,Bills,Chennai,Tamil Nadu,India
6884,TXN006923,2019-08-29,13:46:53,Burger King,UPI/Burger King,1686.52,INR,UPI,Debit,Food,Hyderabad,Telangana,India
6885,TXN005233,2019-08-29,16:04:19,Municipal Water Department,Auto Debit Municipal Water Department,14079.03,INR,Auto Debit,Debit,Bills,Delhi,Delhi,India
6886,TXN005303,2019-08-30,04:10:42,ATM,ATM Cash Withdrawal,1442.07,INR,Cash Withdrawal,Debit,Other,Lucknow,Uttar Pradesh,India
6887,TXN005986,2019-08-30,13:36:50,BSNL,NEFT BSNL,8486.91,INR,NEFT,Debit,Bills,Kochi,Kerala,India
6888,TXN006734,2019-08-30,17:50:57,Indane Gas,NEFT Indane Gas,1476.78,INR,NEFT,Debit,Bills,Indore,Madhya Pradesh,India
6889,TXN006193,2019-08-30,17:51:33,Domino's India,UPI/Domino's India,2878.3,INR,UPI,Debit,Food,Delhi,Delhi,India
6890,TXN006659,2019-08-30,20:18:01,EMI Personal Loan,UPI/EMI Personal Loan,10106.6,INR,UPI,Debit,Bills,Delhi,Delhi,India
6891,TXN005653,2019-08-30,21:28:11,Airtel,NEFT Airtel,15718.85,INR,NEFT,Debit,Bills,Nagpur,Maharashtra,India
6892,TXN005433,2019-08-30,21:49:35,Income Tax Payment,UPI/Income Tax Payment,8784.7,INR,UPI,Debit,Bills,Delhi,Delhi,India
6893,TXN005625,2019-08-30,22:11:49,BSNL,Auto Debit BSNL,3960.24,INR,Auto Debit,Debit,Bills,Noida,Uttar Pradesh,India
6894,TXN005442,2019-08-31,00:30:06,BSNL,Auto Debit BSNL,9276.03,INR,Auto Debit,Debit,Bills,Indore,Madhya Pradesh,India
6895,TXN006064,2019-08-31,15:44:08,Netflix,UPI/DR/844643743/Netflix,308.25,INR,Credit Card,Debit,Subscription,Kochi,Kerala,India
6896,TXN005231,2019-08-31,18:41:40,Tata Power,Auto Debit Tata Power,15202.68,INR,Auto Debit,Debit,Bills,Surat,Gujarat,India
6897,TXN005657,2019-08-31,21:55:21,Tata Power,Auto Debit Tata Power,7398.83,INR,Auto Debit,Debit,Bills,Mumbai,Maharashtra,India
6898,TXN006761,2019-08-31,22:34:58,Zepto,UPI/Paytm/Zepto,1170.77,INR,UPI,Debit,Groceries,Hyderabad,Telangana,India
6899,TXN006828,2019-09-01,00:31:55,Ace Hardware India,UPI/DR/726162060/Ace Hardware India,6404.82,INR,UPI,Debit,Miscellaneous,Noida,Uttar Pradesh,India
6900,TXN005746,2019-09-01,07:26:51,House Rent Payment,UPI House Rent Payment,21649.81,INR,UPI,Debit,Rent,Delhi,Delhi,India
6901,TXN005427,2019-09-01,14:06:08,Indane Gas,Net Banking Indane Gas,10226.31,INR,Net Banking,Debit,Bills,Ahmedabad,Gujarat,India
6902,TXN006634,2019-09-01,14:11:16,Employer Salary Credit,NEFT Salary Credit,196659.2,INR,IMPS,Credit,Salary,Pune,Maharashtra,India
6903,TXN005430,2019-09-01,22:12:30,BPCL,POS Purchase BPCL,427.35,INR,Debit Card,Debit,Fuel,Noida,Uttar Pradesh,India
6904,TXN005091,2019-09-02,07:17:27,House Rent Payment,NEFT House Rent Payment,42742.61,INR,NEFT,Debit,Rent,Noida,Uttar Pradesh,India
6905,TXN005941,2019-09-02,17:11:29,Jio Fiber,Net Banking Jio Fiber,9845.78,INR,Net Banking,Debit,Bills,Jaipur,Rajasthan,India
6906,TXN006082,2019-09-02,17:35:54,Employer Salary Credit,NEFT Salary Credit,195608.36,INR,NEFT,Credit,Salary,Noida,Uttar Pradesh,India
6907,TXN005878,2019-09-02,23:51:36,Misc Vendor,UPI/Misc Vendor,1290.31,INR,UPI,Debit,Other,Noida,Uttar Pradesh,India
6908,TXN005109,2019-09-03,00:33:12,Nykaa,UPI/DR/696776072/Nykaa,12813.74,INR,UPI,Debit,Shopping,Indore,Madhya Pradesh,India
6909,TXN005989,2019-09-03,09:25:04,BPCL,UPI/DR/289165396/BPCL,4827.95,INR,UPI,Debit,Fuel,Lucknow,Uttar Pradesh,India
6910,TXN005360,2019-09-03,09:33:28,EatClub,POS Purchase EatClub,2637.07,INR,Credit Card,Debit,Food,Nagpur,Maharashtra,India
6911,TXN005068,2019-09-03,10:27:38,Zepto,UPI/Paytm/Zepto,3604.19,INR,UPI,Debit,Groceries,Jaipur,Rajasthan,India
6912,TXN005633,2019-09-03,13:56:43,Adani Electricity,Net Banking Adani Electricity,9034.39,INR,Net Banking,Debit,Bills,Nagpur,Maharashtra,India
6913,TXN005250,2019-09-04,05:53:44,Amazon Prime,UPI/Amazon Prime,1492.31,INR,UPI,Debit,Entertainment,Lucknow,Uttar Pradesh,India
6914,TXN006611,2019-09-04,08:22:00,Employer Salary Credit,NEFT Salary Credit,73911.72,INR,IMPS,Credit,Salary,Ahmedabad,Gujarat,India
6915,TXN006702,2019-09-04,17:12:40,Amazon Prime,UPI/DR/301588378/Amazon Prime,1141.02,INR,UPI,Debit,Entertainment,Kochi,Kerala,India
6916,TXN005327,2019-09-04,20:49:37,Swiggy,UPI/Paytm/Swiggy,614.28,INR,UPI,Debit,Food,Kochi,Kerala,India
6917,TXN005323,2019-09-05,10:59:39,ICICI Prudential MF,SIP Investment ICICI Prudential MF,30485.85,INR,Auto Debit,Debit,Investment,Jaipur,Rajasthan,India
6918,TXN006987,2019-09-05,17:30:18,Bajaj Allianz,Net Banking Insurance Premium Bajaj Allianz,34344.27,INR,Net Banking,Debit,Insurance,Hyderabad,Telangana,India
6919,TXN005399,2019-09-05,21:31:01,House Rent Payment,NEFT House Rent Payment,42443.98,INR,NEFT,Debit,Rent,Lucknow,Uttar Pradesh,India
6920,TXN006396,2019-09-06,00:29:24,Amazon India,UPI/Paytm/Amazon India,3985.78,INR,UPI,Debit,Shopping,Nagpur,Maharashtra,India
6921,TXN006419,2019-09-06,11:58:02,Barbeque Nation,UPI/Paytm/Barbeque Nation,1338.11,INR,UPI,Debit,Food,Hyderabad,Telangana,India
6922,TXN006644,2019-09-06,12:02:36,Cafe Coffee Day,UPI/Cafe Coffee Day,2477.94,INR,UPI,Debit,Food,Ahmedabad,Gujarat,India
6923,TXN006031,2019-09-06,19:07:05,Chaayos,POS Purchase Chaayos,2579.53,INR,Debit Card,Debit,Food,Hyderabad,Telangana,India
6924,TXN006938,2019-09-07,02:32:28,Tailor,UPI/Tailor,779.95,INR,UPI,Debit,Other,Pune,Maharashtra,India
6925,TXN005756,2019-09-07,17:32:48,Adani Electricity,Auto Debit Adani Electricity,15198.07,INR,Auto Debit,Debit,Bills,Ahmedabad,Gujarat,India
6926,TXN005103,2019-09-07,18:50:02,Indane Gas,NEFT Indane Gas,10530.33,INR,NEFT,Debit,Bills,Pune,Maharashtra,India
6927,TXN006372,2019-09-08,22:00:07,Kirana Shop,UPI/Kirana Shop,2271.59,INR,UPI,Debit,Other,Ahmedabad,Gujarat,India
6928,TXN006153,2019-09-09,06:11:42,Ajio,POS Purchase Ajio,13168.63,INR,Credit Card,Debit,Shopping,Noida,Uttar Pradesh,India
6929,TXN005230,2019-09-09,09:11:49,Cafe Coffee Day,UPI/Paytm/Cafe Coffee Day,2612.35,INR,UPI,Debit,Food,Chennai,Tamil Nadu,India
6930,TXN006638,2019-09-09,20:52:12,Blinkit,UPI/Paytm/Blinkit,3667.07,INR,UPI,Debit,Groceries,Chennai,Tamil Nadu,India
6931,TXN006293,2019-09-09,22:42:29,Netflix,POS Purchase Netflix,1449.4,INR,Credit Card,Debit,Entertainment,Ahmedabad,Gujarat,India
6932,TXN005906,2019-09-12,10:13:41,Faasos,UPI/Paytm/Faasos,2461.03,INR,UPI,Debit,Food,Indore,Madhya Pradesh,India
6933,TXN006673,2019-09-12,13:33:21,Ajio,POS Purchase Ajio,3864.26,INR,Credit Card,Debit,Shopping,Chennai,Tamil Nadu,India
6934,TXN005110,2019-09-12,17:48:15,Nykaa,Cashback Nykaa,8865.21,INR,UPI,Credit,Shopping,Noida,Uttar Pradesh,India
6935,TXN005946,2019-09-12,22:18:27,DMart,POS Purchase DMart,3136.39,INR,Credit Card,Debit,Groceries,Jaipur,Rajasthan,India
6936,TXN006698,2019-09-12,22:29:30,Apollo Pharmacy,POS Purchase Apollo Pharmacy,592.21,INR,Debit Card,Debit,Miscellaneous,Chennai,Tamil Nadu,India
6937,TXN006377,2019-09-13,06:52:40,Income Tax Payment,Auto Debit Income Tax Payment,27330.82,INR,Auto Debit,Debit,Bills,Pune,Maharashtra,India
6938,TXN005122,2019-09-13,11:49:33,Social,UPI/Paytm/Social,160.42,INR,UPI,Debit,Food,Chennai,Tamil Nadu,India
6939,TXN005640,2019-09-13,16:46:39,BPCL,UPI/BPCL,4068.12,INR,UPI,Debit,Fuel,Pune,Maharashtra,India
6940,TXN006941,2019-09-14,10:26:57,BigBasket,POS Purchase BigBasket,1593.62,INR,Debit Card,Debit,Groceries,Kochi,Kerala,India
6941,TXN006446,2019-09-15,06:25:04,Reliance Fresh,UPI/DR/509437695/Reliance Fresh,4628.67,INR,UPI,Debit,Groceries,Jaipur,Rajasthan,India
6942,TXN005936,2019-09-15,06:37:42,Spotify,UPI/Spotify,847.43,INR,Credit Card,Debit,Subscription,Noida,Uttar Pradesh,India
6943,TXN005285,2019-09-15,14:02:08,Blinkit,POS Purchase Blinkit,4906.15,INR,Debit Card,Debit,Groceries,Bengaluru,Karnataka,India
6944,TXN006788,2019-09-15,21:04:36,BigBasket,POS Purchase BigBasket,3191.11,INR,Credit Card,Debit,Groceries,Pune,Maharashtra,India
6945,TXN005011,2019-09-16,16:46:15,McDonald's India,POS Purchase McDonald's India,1874.47,INR,Debit Card,Debit,Food,Surat,Gujarat,India
6946,TXN005949,2019-09-17,00:07:01,Blinkit,UPI/DR/307828574/Blinkit,662.17,INR,UPI,Debit,Groceries,Surat,Gujarat,India
6947,TXN005467,2019-09-17,06:52:13,Indian Oil,UPI/Indian Oil,1124.25,INR,UPI,Debit,Fuel,Kochi,Kerala,India
6948,TXN005489,2019-09-17,14:22:46,BookMyShow,POS Purchase BookMyShow,974.56,INR,Debit Card,Debit,Entertainment,Bengaluru,Karnataka,India
6949,TXN006066,2019-09-18,05:45:31,Myntra,UPI/Paytm/Myntra,10565.18,INR,UPI,Debit,Shopping,Bengaluru,Karnataka,India
6950,TXN005995,2019-09-19,12:54:08,Zepto,POS Purchase Zepto,4868.43,INR,Credit Card,Debit,Groceries,Mumbai,Maharashtra,India
6951,TXN006288,2019-09-19,15:14:45,Reliance Fresh,POS Purchase Reliance Fresh,2121.95,INR,Credit Card,Debit,Groceries,Pune,Maharashtra,India
6952,TXN005913,2019-09-19,19:36:39,BookMyShow,POS Purchase BookMyShow,228.91,INR,Debit Card,Debit,Entertainment,Indore,Madhya Pradesh,India
6953,TXN005051,2019-09-19,20:33:00,Flipkart,POS Purchase Flipkart,5058.16,INR,Net Banking,Debit,Shopping,Chennai,Tamil Nadu,India
6954,TXN005332,2019-09-19,23:03:45,Disney+ Hotstar,UPI/Paytm/Disney+ Hotstar,721.77,INR,Credit Card,Debit,Subscription,Indore,Madhya Pradesh,India
6955,TXN006010,2019-09-20,00:30:29,BigBasket,UPI/DR/674487589/BigBasket,544.2,INR,UPI,Debit,Groceries,Indore,Madhya Pradesh,India
6956,TXN006801,2019-09-20,12:17:44,BigBasket,POS Purchase BigBasket,4666.98,INR,Debit Card,Debit,Groceries,Surat,Gujarat,India
6957,TXN006459,2019-09-20,13:15:11,Bajaj Allianz,Insurance Premium Bajaj Allianz,23007.74,INR,Auto Debit,Debit,Insurance,Surat,Gujarat,India
6958,TXN006840,2019-09-20,14:36:50,Flipkart,POS Purchase Flipkart,6790.74,INR,Credit Card,Debit,Shopping,Kochi,Kerala,India
6959,TXN005210,2019-09-21,17:01:38,EMI Home Loan,Net Banking EMI Home Loan,12713.67,INR,Net Banking,Debit,Bills,Hyderabad,Telangana,India
6960,TXN005453,2019-09-22,04:20:07,Local Store,UPI/Paytm/Local Store,1074.53,INR,UPI,Debit,Other,Indore,Madhya Pradesh,India
6961,TXN005776,2019-09-22,11:15:41,Blinkit,UPI/Blinkit,4942.59,INR,UPI,Debit,Groceries,Indore,Madhya Pradesh,India
6962,TXN005697,2019-09-23,09:31:50,DMart,POS Purchase DMart,495.39,INR,Debit Card,Debit,Groceries,Kochi,Kerala,India
6963,TXN006486,2019-09-24,09:19:15,Swiggy,POS Purchase Swiggy,1357.62,INR,Debit Card,Debit,Food,Indore,Madhya Pradesh,India
6964,TXN006181,2019-09-24,20:18:20,Third Wave Coffee,POS Purchase Third Wave Coffee,2094.1,INR,Debit Card,Debit,Food,Noida,Uttar Pradesh,India
6965,TXN005225,2019-09-25,22:58:23,Airtel,Net Banking Airtel,7492.95,INR,Net Banking,Debit,Bills,Nagpur,Maharashtra,India
6966,TXN006346,2019-09-26,18:33:12,Local Barbershop,UPI/Local Barbershop,5389.94,INR,UPI,Debit,Miscellaneous,Ahmedabad,Gujarat,India
6967,TXN006318,2019-09-26,22:22:56,Reliance Fresh,POS Purchase Reliance Fresh,3097.12,INR,Debit Card,Debit,Groceries,Chennai,Tamil Nadu,India
6968,TXN006055,2019-09-26,22:41:08,Adani Electricity,Auto Debit Adani Electricity,2400.2,INR,Auto Debit,Debit,Bills,Chennai,Tamil Nadu,India
6969,TXN005506,2019-09-26,23:42:47,BEST,Auto Debit BEST,1386.62,INR,Auto Debit,Debit,Bills,Pune,Maharashtra,India
6970,TXN005329,2019-09-27,12:09:52,DMart,POS Purchase DMart,2228.87,INR,Debit Card,Debit,Groceries,Kolkata,West Bengal,India
6971,TXN006575,2019-09-27,14:51:20,BEST,Auto Debit BEST,218.06,INR,Auto Debit,Debit,Bills,Nagpur,Maharashtra,India
6972,TXN005985,2019-09-27,15:24:04,Jio Fiber,Net Banking Jio Fiber,14317.45,INR,Net Banking,Debit,Bills,Delhi,Delhi,India
6973,TXN006397,2019-09-27,20:43:50,HP Gas,Auto Debit HP Gas,14501.43,INR,Auto Debit,Debit,Bills,Chennai,Tamil Nadu,India
6974,TXN005324,2019-09-28,16:53:32,BSNL,Net Banking BSNL,1773.69,INR,Net Banking,Debit,Bills,Surat,Gujarat,India
6975,TXN006012,2019-09-28,18:16:03,Municipal Water Department,Net Banking Municipal Water Department,2754.61,INR,Net Banking,Debit,Bills,Noida,Uttar Pradesh,India
6976,TXN006780,2019-09-28,19:06:38,Income Tax Payment,NEFT Income Tax Payment,19786.62,INR,NEFT,Debit,Bills,Chennai,Tamil Nadu,India
6977,TXN006400,2019-09-29,04:51:02,HP Gas,Auto Debit HP Gas,2918.53,INR,Auto Debit,Debit,Bills,Hyderabad,Telangana,India
6978,TXN005703,2019-09-29,12:58:50,BPCL,FASTag Recharge,956.36,INR,Net Banking,Debit,Fuel,Kochi,Kerala,India
6979,TXN006711,2019-09-30,04:36:40,HP Gas,Auto Debit HP Gas,13640.26,INR,Auto Debit,Debit,Bills,Pune,Maharashtra,India
6980,TXN005993,2019-09-30,06:43:56,Jio,Auto Debit Jio,10384.93,INR,Auto Debit,Debit,Bills,Kolkata,West Bengal,India
6981,TXN006258,2019-09-30,13:46:46,Zomato,POS Purchase Zomato,2425.21,INR,Credit Card,Debit,Food,Delhi,Delhi,India
6982,TXN006709,2019-10-14,04:21:18,Meesho,POS Purchase Meesho,44286.7,INR,Debit Card,Debit,Shopping,Delhi,Delhi,India
6983,TXN005073,2019-10-15,00:19:18,Flipkart,POS Purchase Flipkart,26128.59,INR,Debit Card,Debit,Shopping,Mumbai,Maharashtra,India
6984,TXN006116,2019-10-15,00:25:59,Nykaa,POS Purchase Nykaa,37692.51,INR,Credit Card,Debit,Shopping,Noida,Uttar Pradesh,India
6985,TXN005115,2019-10-16,19:18:06,Nykaa,UPI/Paytm/Nykaa,40150.94,INR,UPI,Debit,Shopping,Hyderabad,Telangana,India
6986,TXN006058,2019-10-16,21:25:20,Ajio,UPI/Paytm/Ajio,18914.0,INR,UPI,Debit,Shopping,Ahmedabad,Gujarat,India
6987,TXN005996,2019-10-21,13:44:37,Nykaa,UPI/Nykaa,18776.31,INR,UPI,Debit,Shopping,Bengaluru,Karnataka,India
6988,TXN005897,2019-10-22,09:55:56,Nykaa,UPI/Nykaa,29956.29,INR,UPI,Debit,Shopping,Indore,Madhya Pradesh,India
6989,TXN005575,2019-10-23,19:30:12,Amazon India,UPI/Paytm/Amazon India,27919.3,INR,UPI,Debit,Shopping,Kolkata,West Bengal,India
6990,TXN006615,2019-10-25,13:57:11,Amazon India,POS Purchase Amazon India,5557.06,INR,Credit Card,Debit,Shopping,Noida,Uttar Pradesh,India
6991,TXN005576,2019-10-27,20:18:05,Amazon India,Refund Amazon India,22387.39,INR,UPI,Credit,Shopping,Delhi,Delhi,India
6992,TXN005636,2019-11-01,17:39:03,Meesho,UPI/DR/928123020/Meesho,35910.83,INR,UPI,Debit,Shopping,Delhi,Delhi,India
6993,TXN006207,2019-11-02,21:56:05,Ajio,UPI/Paytm/Ajio,29330.11,INR,UPI,Debit,Shopping,Noida,Uttar Pradesh,India
6994,TXN005847,2019-11-03,17:50:41,Meesho,POS Purchase Meesho,16700.17,INR,Credit Card,Debit,Shopping,Nagpur,Maharashtra,India
6995,TXN005028,2019-11-05,17:48:46,Myntra,POS Purchase Myntra,46249.96,INR,Net Banking,Debit,Shopping,Kolkata,West Bengal,India
6996,TXN005287,2019-11-06,04:33:23,Flipkart,UPI/Paytm/Flipkart,13526.99,INR,UPI,Debit,Shopping,Chennai,Tamil Nadu,India
6997,TXN006523,2019-11-08,00:03:17,Nykaa,UPI/Nykaa,13617.06,INR,UPI,Debit,Shopping,Indore,Madhya Pradesh,India
6998,TXN005106,2019-11-08,08:20:54,Amazon India,UPI/Paytm/Amazon India,12764.93,INR,UPI,Debit,Shopping,Kochi,Kerala,India
6999,TXN006482,2019-11-10,03:45:34,Nykaa,POS Purchase Nykaa,34231.0,INR,Net Banking,Debit,Shopping,Pune,Maharashtra,India
