merchant,amount,category
Credit Card Bill Payment,4361.84,Bills
Zepto,1226.03,Groceries
Ace Hardware India,523.73,Miscellaneous
Zepto,1290.29,Groceries
House Rent Payment,44800.94,Rent
Credit Card Bill Payment,2761.36,Bills
Swiggy,268.49,Food
McDonald's India,306.84,Food
BookMyShow,323.91,Entertainment
Ajio,491.31,Shopping
Cafe Coffee Day,144.85,Food
Credit Card Bill Payment,2801.01,Bills
BEST,5154.86,Bills
Ace Hardware India,524.73,Miscellaneous
Cafe Coffee Day,332.16,Food
HPCL,2855.13,Fuel
Airtel,478.83,Bills
House Rent Payment,42338.57,Rent
Indian Oil,3363.4,Fuel
Cafe Coffee Day,154.29,Food
Credit Card Bill Payment,4209.68,Bills
Spotify,153.74,Subscription
McDonald's India,376.36,Food
Bharat Gas,763.99,Bills
Myntra,1614.1,Shopping
HPCL,2943.71,Fuel
Credit Card Bill Payment,14999.79,Bills
Nykaa,1269.56,Shopping
Credit Card Bill Payment,2862.19,Bills
Ajio,545.07,Shopping
Credit Card Bill Payment,4310.62,Bills
Bharat Gas,766.94,Bills
Employer Salary Credit,46314.09,Salary
BPCL,2959.23,Fuel
Municipal Water Department,214.83,Bills
Chaayos,138.51,Food
EatClub,320.8,Food
Credit Card Bill Payment,4362.49,Bills
Credit Card Bill Payment,14256.14,Bills
Blinkit,1365.12,Groceries
BSNL,630.2,Bills
Bharat Gas,740.72,Bills
Spotify,152.69,Subscription
Bharat Gas,719.03,Bills
Credit Card Bill Payment,4425.22,Bills
Employer Salary Credit,43239.03,Salary
Airtel,486.59,Bills
Credit Card Bill Payment,15776.17,Bills
House Rent Payment,46734.63,Rent
Airtel,517.81,Bills
Spotify,162.04,Subscription
Ace Hardware India,520.99,Miscellaneous
HP Gas,716.67,Bills
Home Depot India,506.48,Miscellaneous
Local Hardware Store,530.22,Miscellaneous
Domino's India,327.31,Food
Burger King,675.94,Food
Burger King,339.7,Food
Cafe Coffee Day,624.65,Food
EatClub,324.49,Food
Cafe Coffee Day,649.89,Food
Airtel,590.54,Bills
Blinkit,1295.04,Groceries
BigBasket,1285.81,Groceries
Ace Hardware India,525.95,Miscellaneous
Adani Electricity,5504.99,Bills
Amazon Prime,313.18,Entertainment
Amazon India,1538.01,Shopping
Indian Oil,2846.64,Fuel
Faasos,383.34,Food
Credit Card Bill Payment,4438.24,Bills
BSNL,646.11,Bills
Flipkart,495.96,Shopping
Amazon India,1522.08,Shopping
McDonald's India,338.88,Food
Faasos,408.98,Food
Domino's India,674.01,Food
Local Hardware Store,504.17,Miscellaneous
Myntra,1327.84,Shopping
Amazon Prime,297.72,Entertainment
Zomato,645.12,Food
Credit Card Bill Payment,2794.01,Bills
Ace Hardware India,479.36,Miscellaneous
Adani Electricity,5361.8,Bills
Credit Card Bill Payment,1944.21,Bills
BigBasket,895.88,Groceries
Jio,647.96,Bills
Employer Salary Credit,46027.55,Salary
Adani Electricity,4954.67,Bills
Swiggy,213.06,Food
Jio,626.7,Bills
Credit Card Bill Payment,1740.69,Bills
Barbeque Nation,205.29,Food
Starbucks India,169.79,Food
House Rent Payment,46992.92,Rent
Starbucks India,168.54,Food
Local Wine & Beer Shop,940.6,Food
Nature's Basket,950.12,Groceries
Credit Card Bill Payment,5742.74,Bills
Credit Card Bill Payment,1804.15,Bills
Netflix,311.82,Entertainment
Reliance Fresh,1148.99,Groceries
Starbucks India,165.66,Food
Credit Card Bill Payment,1818.08,Bills
Airtel,616.18,Bills
Faasos,208.37,Food
Burger King,178.25,Food
Bharat Gas,1138.47,Bills
Jio Fiber,1260.98,Bills
Myntra,518.04,Shopping
Local Barbershop,1501.5,Miscellaneous
Indian Oil,3640.36,Fuel
Credit Card Bill Payment,1804.35,Bills
Tata Power,5319.18,Bills
Domino's India,330.9,Food
Local Wine & Beer Shop,979.73,Food
Credit Card Bill Payment,1784.99,Bills
Spotify,156.6,Subscription
EatClub,314.87,Food
Netflix,301.82,Entertainment
Municipal Water Department,226.88,Bills
Credit Card Bill Payment,1950.44,Bills
Faasos,621.07,Food
BEST,5087.95,Bills
Amazon India,506.73,Shopping
EatClub,994.63,Food
Cafe Coffee Day,315.98,Food
Domino's India,186.32,Food
Swiggy,303.22,Food
The Beer Cafe,881.02,Food
Employer Salary Credit,47492.08,Salary
Barbeque Nation,195.76,Food
Lakme Salon,1448.66,Miscellaneous
Credit Card Bill Payment,1837.5,Bills
HPCL,3443.57,Fuel
House Rent Payment,46175.24,Rent
Blinkit,921.26,Groceries
BigBasket,949.38,Groceries
Third Wave Coffee,118.22,Food
Credit Card Bill Payment,1798.21,Bills
Credit Card Bill Payment,1867.33,Bills
Credit Card Bill Payment,1911.32,Bills
Indian Oil,2958.98,Fuel
Zomato,800.13,Food
Credit Card Bill Payment,1933.82,Bills
Credit Card Bill Payment,1912.07,Bills
Credit Card Bill Payment,1854.11,Bills
Bharat Gas,1185.37,Bills
Naturals Salon,1580.72,Miscellaneous
Cafe Coffee Day,196.41,Food
Airtel,1403.43,Bills
Airtel,1254.24,Bills
Indian Oil,3175.63,Fuel
Domino's India,184.23,Food
House Rent Payment,43912.33,Rent
Spotify,153.2,Subscription
Credit Card Bill Payment,1870.76,Bills
Cafe Coffee Day,324.62,Food
Credit Card Bill Payment,1900.74,Bills
Burger King,177.5,Food
Tata Power,5404.62,Bills
Zomato,960.06,Food
Chaayos,120.79,Food
Credit Card Bill Payment,1921.76,Bills
HPCL,3638.47,Fuel
Credit Card Bill Payment,5873.21,Bills
Nature's Basket,522.85,Groceries
BigBasket,793.5,Groceries
DMart,1029.01,Groceries
Employer Salary Credit,44709.1,Salary
Domino's India,445.18,Food
Credit Card Bill Payment,5508.79,Bills
DMart,834.36,Groceries
BSNL,1314.17,Bills
DMart,481.0,Groceries
Credit Card Bill Payment,5928.55,Bills
Burger King,449.62,Food
Zepto,748.9,Groceries
McDonald's India,451.84,Food
Cafe Coffee Day,425.27,Food
Municipal Water Department,223.94,Bills
Spotify,167.2,Subscription
Swiggy,323.83,Food
Third Wave Coffee,148.04,Food
Blinkit,588.34,Groceries
Third Wave Coffee,150.52,Food
House Rent Payment,44629.34,Rent
Municipal Water Department,220.77,Bills
Social,1291.75,Food
Domino's India,461.61,Food
Cafe Coffee Day,262.5,Food
Starbucks India,151.45,Food
Credit Card Bill Payment,5483.01,Bills
Third Wave Coffee,143.33,Food
Credit Card Bill Payment,4628.44,Bills
BigBasket,582.43,Groceries
Third Wave Coffee,163.66,Food
Indian Oil,3283.62,Fuel
Zepto,1040.75,Groceries
Barbeque Nation,453.51,Food
Nature's Basket,708.95,Groceries
Ajio,1507.48,Shopping
Tata Power,5532.28,Bills
BPCL,3312.7,Fuel
BigBasket,533.4,Groceries
Zepto,665.45,Groceries
Zomato,185.72,Food
Credit Card Bill Payment,4608.84,Bills
Municipal Water Department,218.82,Bills
BSNL,1340.46,Bills
McDonald's India,330.51,Food
Burger King,288.3,Food
DMart,833.29,Groceries
Nature's Basket,589.21,Groceries
Spotify,167.16,Subscription
Burger King,201.62,Food
Barbeque Nation,405.17,Food
McDonald's India,457.13,Food
DMart,1050.66,Groceries
Meesho,598.72,Shopping
Municipal Water Department,226.65,Bills
Faasos,257.67,Food
EatClub,444.09,Food
Employer Salary Credit,42912.35,Salary
Airtel,608.7,Bills
Airtel,648.07,Bills
House Rent Payment,47664.75,Rent
Faasos,313.79,Food
Indane Gas,854.6,Bills
Adani Electricity,5313.58,Bills
DMart,443.8,Groceries
Burger King,186.78,Food
Local Wine & Beer Shop,1255.5,Food
Barbeque Nation,435.28,Food
Chaayos,157.6,Food
Nykaa,1476.96,Shopping
Zepto,580.86,Groceries
BookMyShow,321.6,Entertainment
Zepto,756.51,Groceries
Domino's India,310.46,Food
Ajio,629.02,Shopping
Flipkart,551.82,Shopping
Credit Card Bill Payment,4499.66,Bills
Credit Card Bill Payment,4345.66,Bills
DMart,808.0,Groceries
Nature's Basket,820.12,Groceries
BigBasket,669.71,Groceries
Cafe Coffee Day,275.29,Food
Credit Card Bill Payment,4444.05,Bills
Cafe Coffee Day,163.0,Food
Domino's India,464.71,Food
Myntra,607.3,Shopping
Nature's Basket,588.04,Groceries
Ajio,553.98,Shopping
Starbucks India,137.57,Food
Reliance Fresh,683.22,Groceries
Amazon India,1458.35,Shopping
BPCL,2807.98,Fuel
Employer Salary Credit,45807.43,Salary
Nature's Basket,616.73,Groceries
HPCL,2939.47,Fuel
Municipal Water Department,208.62,Bills
Credit Card Bill Payment,4218.9,Bills
DMart,488.23,Groceries
DMart,870.88,Groceries
Netflix,309.77,Entertainment
BPCL,3461.38,Fuel
Chaayos,232.12,Food
HP Gas,387.5,Bills
Nature's Basket,2125.78,Groceries
Faasos,314.79,Food
DMart,800.73,Groceries
BigBasket,2128.13,Groceries
Lakme Salon,1494.81,Miscellaneous
Myntra,1268.58,Shopping
Cafe Coffee Day,482.11,Food
Spotify,150.71,Subscription
Local Hardware Store,655.61,Miscellaneous
BookMyShow,324.97,Entertainment
Credit Card Bill Payment,8644.67,Bills
Ace Hardware India,559.09,Miscellaneous
Indian Oil,322.61,Fuel
BEST,5223.03,Bills
Netflix,328.02,Entertainment
Ace Hardware India,503.41,Miscellaneous
Barbeque Nation,328.13,Food
Credit Card Bill Payment,5456.25,Bills
Municipal Water Department,210.1,Bills
BookMyShow,150.71,Entertainment
Ace Hardware India,477.61,Miscellaneous
Reliance Fresh,1419.61,Groceries
Nature's Basket,834.26,Groceries
Municipal Water Department,214.43,Bills
Local Hardware Store,697.29,Miscellaneous
Indian Oil,3537.81,Fuel
Jio Fiber,1387.75,Bills
Credit Card Bill Payment,5363.4,Bills
BookMyShow,315.35,Entertainment
Zepto,767.31,Groceries
Credit Card Bill Payment,8224.91,Bills
Credit Card Bill Payment,5584.9,Bills
Credit Card Bill Payment,5400.26,Bills
Local Hardware Store,532.32,Miscellaneous
Zomato,463.33,Food
House Rent Payment,44519.57,Rent
Credit Card Bill Payment,6081.22,Bills
Ace Hardware India,559.98,Miscellaneous
Ace Hardware India,481.96,Miscellaneous
Cafe Coffee Day,314.07,Food
DMart,2068.94,Groceries
Employer Salary Credit,43093.36,Salary
BEST,5196.62,Bills
Airtel,1317.46,Bills
DMart,449.87,Groceries
Swiggy,296.67,Food
Indian Oil,342.99,Fuel
Jio,618.89,Bills
Cafe Coffee Day,312.95,Food
Local Hardware Store,647.81,Miscellaneous
Cafe Coffee Day,230.39,Food
Adani Electricity,5418.16,Bills
Zomato,622.16,Food
Nature's Basket,1500.01,Groceries
Local Hardware Store,699.36,Miscellaneous
BookMyShow,160.98,Entertainment
Credit Card Bill Payment,3056.79,Bills
HPCL,3534.48,Fuel
Credit Card Bill Payment,8465.93,Bills
Meesho,567.33,Shopping
Flipkart,1385.11,Shopping
Meesho,579.48,Shopping
Local Hardware Store,517.96,Miscellaneous
Spotify,158.9,Subscription
Domino's India,213.36,Food
Credit Card Bill Payment,6033.8,Bills
Blinkit,442.31,Groceries
Credit Card Bill Payment,5608.83,Bills
DMart,2061.38,Groceries
Local Hardware Store,529.11,Miscellaneous
Credit Card Bill Payment,5757.15,Bills
Indian Oil,349.09,Fuel
Blinkit,489.32,Groceries
McDonald's India,578.25,Food
LIC,8744.79,Insurance
Barbeque Nation,449.3,Food
HPCL,3472.43,Fuel
DMart,1365.94,Groceries
McDonald's India,316.28,Food
Credit Card Bill Payment,5428.52,Bills
Adani Electricity,5164.19,Bills
Municipal Water Department,221.81,Bills
Nature's Basket,473.51,Groceries
Home Depot India,513.3,Miscellaneous
Credit Card Bill Payment,8071.75,Bills
Credit Card Bill Payment,8217.65,Bills
Barbeque Nation,291.12,Food
Credit Card Bill Payment,5678.44,Bills
Domino's India,619.97,Food
Reliance Fresh,448.52,Groceries
BigBasket,838.24,Groceries
Employer Salary Credit,43146.0,Salary
House Rent Payment,45242.49,Rent
LIC,8241.9,Insurance
Nykaa,1407.73,Shopping
McDonald's India,414.3,Food
Credit Card Bill Payment,3005.93,Bills
Credit Card Bill Payment,3320.08,Bills
Credit Card Bill Payment,8301.91,Bills
Reliance Fresh,443.23,Groceries
Burger King,589.38,Food
BSNL,617.81,Bills
Nature's Basket,2120.77,Groceries
Reliance Fresh,477.39,Groceries
Blinkit,811.59,Groceries
BPCL,320.22,Fuel
BPCL,316.82,Fuel
Burger King,608.36,Food
Credit Card Bill Payment,5579.52,Bills
Zomato,318.78,Food
Local Hardware Store,512.5,Miscellaneous
Naturals Salon,1434.99,Miscellaneous
Ace Hardware India,509.27,Miscellaneous
Faasos,755.77,Food
HP Gas,379.5,Bills
House Rent Payment,42982.49,Rent
McDonald's India,318.64,Food
Local Wine & Beer Shop,1814.03,Food
Home Depot India,6894.47,Miscellaneous
Jio,1034.63,Bills
Local Hardware Store,507.2,Miscellaneous
HPCL,2977.68,Fuel
BigBasket,1711.45,Groceries
Faasos,153.63,Food
Zepto,971.0,Groceries
Credit Card Bill Payment,2569.92,Bills
Naturals Salon,1424.33,Miscellaneous
Netflix,157.74,Entertainment
Burger King,147.21,Food
HPCL,3939.03,Fuel
Credit Card Bill Payment,2543.0,Bills
Airtel,985.75,Bills
EatClub,333.23,Food
Amazon Prime,313.35,Entertainment
Municipal Water Department,215.14,Bills
Airtel,1267.07,Bills
HDFC Ergo,8182.16,Insurance
Nature's Basket,983.31,Groceries
BPCL,3169.63,Fuel
Flipkart,601.51,Shopping
Nykaa,3314.7,Shopping
Nykaa,3268.03,Shopping
Domino's India,158.56,Food
ICICI Lombard,8424.07,Insurance
Amazon Prime,558.23,Entertainment
BookMyShow,584.59,Entertainment
Local Wine & Beer Shop,1816.83,Food
Employer Salary Credit,47228.53,Salary
Jio Fiber,1353.35,Bills
Amazon India,389.21,Shopping
HP Gas,377.13,Bills
Spotify,166.69,Subscription
Indian Oil,3592.11,Fuel
EatClub,300.24,Food
BookMyShow,153.52,Entertainment
DMart,1785.69,Groceries
Credit Card Bill Payment,4400.29,Bills
Burger King,287.51,Food
Lakme Salon,1372.12,Miscellaneous
Credit Card Bill Payment,2273.11,Bills
Meesho,381.48,Shopping
Credit Card Bill Payment,2800.57,Bills
Burger King,718.91,Food
Reliance Fresh,1834.44,Groceries
House Rent Payment,47210.31,Rent
Credit Card Bill Payment,4698.91,Bills
DMart,1502.5,Groceries
Amazon India,3613.74,Shopping
Meesho,3530.74,Shopping
Myntra,1054.45,Shopping
Nature's Basket,984.51,Groceries
Meesho,3400.66,Shopping
Amazon Prime,301.09,Entertainment
Home Depot India,7428.3,Miscellaneous
Meesho,582.48,Shopping
Ajio,1486.13,Shopping
Credit Card Bill Payment,2664.18,Bills
House Rent Payment,45677.86,Rent
Credit Card Bill Payment,4800.68,Bills
Credit Card Bill Payment,2790.14,Bills
BSNL,1407.58,Bills
Netflix,155.91,Entertainment
McDonald's India,772.67,Food
Netflix,457.69,Entertainment
HPCL,3822.93,Fuel
EatClub,722.33,Food
Ace Hardware India,6964.98,Miscellaneous
Credit Card Bill Payment,4814.19,Bills
Local Barbershop,1450.9,Miscellaneous
Reliance Fresh,1030.24,Groceries
Municipal Water Department,216.09,Bills
DMart,1196.88,Groceries
Flipkart,1605.07,Shopping
Employer Salary Credit,42733.93,Salary
Airtel,971.65,Bills
Amazon Prime,561.13,Entertainment
Local Hardware Store,6908.66,Miscellaneous
Spotify,155.83,Subscription
The Beer Cafe,1707.52,Food
BEST,4981.77,Bills
Credit Card Bill Payment,2648.74,Bills
BigBasket,1219.07,Groceries
Nature's Basket,2223.97,Groceries
Spotify,150.19,Subscription
BookMyShow,491.08,Entertainment
Nature's Basket,1058.69,Groceries
Swiggy,333.49,Food
Credit Card Bill Payment,4559.95,Bills
BookMyShow,492.03,Entertainment
Burger King,274.02,Food
BEST,5177.4,Bills
HDFC Ergo,8179.32,Insurance
Credit Card Bill Payment,4755.63,Bills
Indane Gas,396.59,Bills
Bharat Gas,383.12,Bills
Nykaa,3526.48,Shopping
Reliance Fresh,1631.56,Groceries
Bajaj Allianz,8261.33,Insurance
Municipal Water Department,224.81,Bills
Faasos,189.4,Food
Reliance Fresh,484.11,Groceries
Municipal Water Department,203.93,Bills
Credit Card Bill Payment,2731.75,Bills
Starbucks India,145.62,Food
Credit Card Bill Payment,2296.35,Bills
BSNL,632.04,Bills
Credit Card Bill Payment,2624.81,Bills
Faasos,304.71,Food
Zomato,667.72,Food
Bharat Gas,423.41,Bills
Burger King,666.41,Food
Nature's Basket,647.43,Groceries
Starbucks India,165.53,Food
Burger King,238.84,Food
BigBasket,820.45,Groceries
BPCL,3749.88,Fuel
Tata Power,5337.38,Bills
Nature's Basket,618.41,Groceries
Credit Card Bill Payment,2327.76,Bills
Nykaa,560.76,Shopping
Blinkit,563.39,Groceries
Indian Oil,3577.34,Fuel
Blinkit,585.83,Groceries
Employer Salary Credit,44660.86,Salary
Credit Card Bill Payment,2388.37,Bills
Credit Card Bill Payment,6584.9,Bills
Nature's Basket,543.81,Groceries
DMart,1368.55,Groceries
Starbucks India,162.56,Food
Domino's India,236.06,Food
Zepto,528.34,Groceries
Amazon Prime,320.11,Entertainment
Swiggy,625.58,Food
BigBasket,546.94,Groceries
House Rent Payment,43665.4,Rent
Credit Card Bill Payment,2595.99,Bills
Meesho,2352.16,Shopping
Reliance Fresh,461.07,Groceries
Zomato,198.84,Food
McDonald's India,244.99,Food
BSNL,1406.8,Bills
McDonald's India,306.28,Food
Reliance Fresh,537.21,Groceries
Credit Card Bill Payment,1474.8,Bills
Airtel,1366.51,Bills
Credit Card Bill Payment,3868.48,Bills
Indian Oil,3607.41,Fuel
Credit Card Bill Payment,1474.52,Bills
Credit Card Bill Payment,2565.26,Bills
Faasos,221.27,Food
BigBasket,516.71,Groceries
DMart,533.71,Groceries
Municipal Water Department,210.18,Bills
Netflix,303.76,Entertainment
Credit Card Bill Payment,6462.93,Bills
Spotify,166.32,Subscription
Lakme Salon,1587.97,Miscellaneous
Municipal Water Department,223.52,Bills
Ajio,2344.12,Shopping
Blinkit,534.44,Groceries
Third Wave Coffee,162.9,Food
Municipal Water Department,213.46,Bills
Cafe Coffee Day,162.54,Food
DMart,1338.18,Groceries
Spotify,166.4,Subscription
Credit Card Bill Payment,6470.5,Bills
Bajaj Allianz,8911.0,Insurance
Airtel,614.82,Bills
Blinkit,824.96,Groceries
Credit Card Bill Payment,3994.65,Bills
BSNL,1315.74,Bills
LIC,8595.67,Insurance
Reliance Fresh,647.02,Groceries
Third Wave Coffee,149.36,Food
Blinkit,515.3,Groceries
Employer Salary Credit,47610.41,Salary
BigBasket,568.49,Groceries
DMart,1307.9,Groceries
House Rent Payment,42719.73,Rent
Ajio,2258.21,Shopping
Credit Card Bill Payment,1449.92,Bills
Credit Card Bill Payment,2447.57,Bills
Spotify,162.49,Subscription
House Rent Payment,43616.28,Rent
Credit Card Bill Payment,1446.77,Bills
McDonald's India,308.19,Food
BPCL,3596.67,Fuel
Cafe Coffee Day,154.33,Food
Credit Card Bill Payment,1541.45,Bills
DMart,681.03,Groceries
Local Barbershop,1501.24,Miscellaneous
Nature's Basket,516.16,Groceries
Nature's Basket,397.38,Groceries
Jio,638.69,Bills
Naturals Salon,1577.39,Miscellaneous
Credit Card Bill Payment,2701.22,Bills
Third Wave Coffee,146.91,Food
Credit Card Bill Payment,1546.73,Bills
Blinkit,464.83,Groceries
Amazon Prime,326.09,Entertainment
Reliance Fresh,658.16,Groceries
Municipal Water Department,217.41,Bills
Credit Card Bill Payment,1480.35,Bills
Indian Oil,3904.33,Fuel
Domino's India,295.94,Food
Credit Card Bill Payment,3750.81,Bills
Credit Card Bill Payment,3576.46,Bills
Myntra,2362.12,Shopping
Credit Card Bill Payment,2420.11,Bills
BigBasket,1247.24,Groceries
HPCL,3336.12,Fuel
Credit Card Bill Payment,1254.23,Bills
Naturals Salon,1520.48,Miscellaneous
Flipkart,6021.86,Shopping
Credit Card Bill Payment,2280.48,Bills
Zepto,1299.0,Groceries
Nature's Basket,1254.27,Groceries
Meesho,577.47,Shopping
Credit Card Bill Payment,1367.71,Bills
Spotify,162.6,Subscription
Credit Card Bill Payment,2388.61,Bills
HPCL,3354.94,Fuel
Credit Card Bill Payment,1295.05,Bills
BookMyShow,149.13,Entertainment
Credit Card Bill Payment,1325.37,Bills
Employer Salary Credit,43599.35,Salary
Bajaj Allianz,8748.91,Insurance
HPCL,3291.7,Fuel
Cafe Coffee Day,446.92,Food
Credit Card Bill Payment,2337.48,Bills
Bharat Gas,395.8,Bills
Myntra,577.49,Shopping
Burger King,434.5,Food
Credit Card Bill Payment,2523.03,Bills
HPCL,3201.0,Fuel
Indane Gas,382.12,Bills
Credit Card Bill Payment,2585.38,Bills
Faasos,426.95,Food
Amazon Prime,316.11,Entertainment
Municipal Water Department,221.04,Bills
Local Wine & Beer Shop,1668.35,Food
HPCL,3285.43,Fuel
Burger King,217.72,Food
Social,526.31,Food
Airtel,1267.1,Bills
Credit Card Bill Payment,2304.24,Bills
Toit Brewpub,484.79,Food
Amazon Prime,706.29,Entertainment
HPCL,3198.51,Fuel
House Rent Payment,42894.11,Rent
Jio Fiber,1350.83,Bills
Credit Card Bill Payment,1276.08,Bills
Nykaa,5852.59,Shopping
Municipal Water Department,215.41,Bills
House Rent Payment,42974.07,Rent
Credit Card Bill Payment,1314.96,Bills
Municipal Water Department,202.25,Bills
Blinkit,526.15,Groceries
Credit Card Bill Payment,1336.39,Bills
Tata Power,5134.2,Bills
Zepto,481.99,Groceries
Faasos,177.37,Food
BSNL,632.02,Bills
Amazon Prime,318.31,Entertainment
Spotify,150.52,Subscription
Burger King,330.62,Food
DMart,530.69,Groceries
Employer Salary Credit,47291.68,Salary
ICICI Lombard,8406.07,Insurance
Airtel,640.68,Bills
Credit Card Bill Payment,1644.51,Bills
Credit Card Bill Payment,1478.69,Bills
Faasos,359.66,Food
BigBasket,1004.08,Groceries
Spotify,160.79,Subscription
DMart,490.12,Groceries
Indane Gas,412.84,Bills
Netflix,713.08,Entertainment
Credit Card Bill Payment,1554.91,Bills
Swiggy,346.75,Food
Bajaj Allianz,8830.08,Insurance
Credit Card Bill Payment,1661.33,Bills
Domino's India,211.12,Food
BEST,5111.45,Bills
Jio,614.23,Bills
Reliance Fresh,465.69,Groceries
Local Wine & Beer Shop,1698.31,Food
House Rent Payment,43485.0,Rent
HPCL,3027.32,Fuel
Netflix,319.96,Entertainment
The Beer Cafe,1804.91,Food
Indian Oil,3270.59,Fuel
Credit Card Bill Payment,1281.97,Bills
BPCL,3373.49,Fuel
Zomato,415.08,Food
Burger King,169.77,Food
EatClub,419.26,Food
Indian Oil,3062.25,Fuel
Credit Card Bill Payment,1368.44,Bills
Local Barbershop,1566.84,Miscellaneous
Airtel,1340.07,Bills
DMart,995.31,Groceries
Ajio,5641.04,Shopping
Local Barbershop,1527.2,Miscellaneous
BookMyShow,311.18,Entertainment
Netflix,665.54,Entertainment
Burger King,163.72,Food
Credit Card Bill Payment,1189.92,Bills
Blinkit,478.22,Groceries
Zomato,449.09,Food
Credit Card Bill Payment,2662.02,Bills
BigBasket,614.88,Groceries
Employer Salary Credit,44682.35,Salary
Adani Electricity,5150.03,Bills
Airtel,630.89,Bills
BSNL,645.23,Bills
Indian Oil,3550.71,Fuel
BPCL,3961.15,Fuel
HP Gas,387.63,Bills
Credit Card Bill Payment,2664.95,Bills
Blinkit,486.47,Groceries
Ajio,593.55,Shopping
Domino's India,447.69,Food
Spotify,152.25,Subscription
Blinkit,604.65,Groceries
Spotify,160.86,Subscription
Netflix,321.81,Entertainment
Airtel,1380.94,Bills
Airtel,1343.81,Bills
Credit Card Bill Payment,1537.78,Bills
Credit Card Bill Payment,1139.35,Bills
Adani Electricity,5237.62,Bills
Meesho,619.83,Shopping
Credit Card Bill Payment,5803.34,Bills
Spotify,151.53,Subscription
HPCL,4080.38,Fuel
BPCL,4008.64,Fuel
Reliance Fresh,500.52,Groceries
House Rent Payment,43897.05,Rent
Amazon India,642.32,Shopping
Flipkart,625.75,Shopping
BPCL,3362.94,Fuel
Credit Card Bill Payment,1204.77,Bills
House Rent Payment,42678.72,Rent
Municipal Water Department,211.64,Bills
Amazon India,2186.98,Shopping
Tata Power,5394.61,Bills
Municipal Water Department,223.79,Bills
Credit Card Bill Payment,1136.72,Bills
Flipkart,605.15,Shopping
Amazon India,586.53,Shopping
Employer Salary Credit,46530.38,Salary
Bajaj Allianz,8319.52,Insurance
Jio Fiber,1404.45,Bills
House Rent Payment,42866.76,Rent
Myntra,2187.79,Shopping
Jio,593.41,Bills
Faasos,205.22,Food
Credit Card Bill Payment,1103.19,Bills
Credit Card Bill Payment,1577.81,Bills
Zomato,461.3,Food
Bharat Gas,401.43,Bills
Credit Card Bill Payment,1524.91,Bills
Indian Oil,3203.68,Fuel
HDFC Ergo,8758.84,Insurance
BPCL,3902.17,Fuel
Indian Oil,3791.73,Fuel
McDonald's India,200.18,Food
Credit Card Bill Payment,2699.98,Bills
Myntra,539.42,Shopping
BookMyShow,319.43,Entertainment
Credit Card Bill Payment,1085.47,Bills
DMart,493.8,Groceries
Nature's Basket,475.41,Groceries
Credit Card Bill Payment,1113.71,Bills
BookMyShow,319.18,Entertainment
Credit Card Bill Payment,1084.31,Bills
Credit Card Bill Payment,5857.63,Bills
DMart,636.02,Groceries
Indian Oil,3340.55,Fuel
Credit Card Bill Payment,2708.78,Bills
LIC,8877.3,Insurance
Credit Card Bill Payment,1882.66,Bills
Ajio,555.7,Shopping
Employer Salary Credit,43979.98,Salary
Credit Card Bill Payment,1853.94,Bills
Credit Card Bill Payment,1851.55,Bills
Bharat Gas,395.14,Bills
McDonald's India,201.34,Food
Indian Oil,3348.68,Fuel
Spotify,154.1,Subscription
Credit Card Bill Payment,5194.29,Bills
Spotify,160.49,Subscription
Bharat Gas,385.44,Bills
Nature's Basket,612.48,Groceries
Ajio,562.58,Shopping
Adani Electricity,5067.72,Bills
Jio Fiber,1362.57,Bills
Credit Card Bill Payment,1729.85,Bills
Meesho,1482.08,Shopping
Blinkit,501.63,Groceries
Cafe Coffee Day,308.31,Food
Local Wine & Beer Shop,2761.13,Food
Myntra,3301.54,Shopping
Blinkit,639.1,Groceries
Indian Oil,3499.64,Fuel
Airtel,1409.68,Bills
Amazon India,1540.32,Shopping
BSNL,585.96,Bills
Burger King,494.42,Food
Myntra,1518.29,Shopping
Credit Card Bill Payment,5446.96,Bills
Jio,639.49,Bills
DMart,1351.14,Groceries
Social,2864.35,Food
Burger King,508.71,Food
Ajio,1523.94,Shopping
The Beer Cafe,2965.51,Food
Indian Oil,3755.57,Fuel
BEST,5499.99,Bills
Credit Card Bill Payment,1704.5,Bills
House Rent Payment,46991.86,Rent
Blinkit,659.3,Groceries
Reliance Fresh,503.91,Groceries
Zepto,469.68,Groceries
Credit Card Bill Payment,1770.94,Bills
EatClub,313.36,Food
DMart,452.58,Groceries
Domino's India,309.01,Food
Zomato,513.67,Food
Local Hardware Store,583.2,Miscellaneous
BEST,5439.07,Bills
Toit Brewpub,1162.31,Food
DMart,439.51,Groceries
Flipkart,1511.81,Shopping
HDFC Ergo,8064.82,Insurance
House Rent Payment,42770.72,Rent
BPCL,3555.62,Fuel
Employer Salary Credit,43148.79,Salary
DMart,475.21,Groceries
Blinkit,1428.96,Groceries
Tata Power,5473.28,Bills
Credit Card Bill Payment,1762.92,Bills
Home Depot India,517.01,Miscellaneous
Blinkit,532.78,Groceries
ICICI Lombard,8514.92,Insurance
Starbucks India,181.24,Food
BookMyShow,296.94,Entertainment
Credit Card Bill Payment,2569.94,Bills
Home Depot India,504.33,Miscellaneous
BookMyShow,307.91,Entertainment
Credit Card Bill Payment,2629.97,Bills
Zepto,478.26,Groceries
Credit Card Bill Payment,5180.11,Bills
Local Hardware Store,555.63,Miscellaneous
Faasos,332.28,Food
BPCL,4012.65,Fuel
Indian Oil,3736.29,Fuel
Spotify,158.31,Subscription
Zepto,494.91,Groceries
Nature's Basket,495.85,Groceries
Chaayos,180.49,Food
Local Hardware Store,525.72,Miscellaneous
Naturals Salon,1512.92,Miscellaneous
House Rent Payment,47003.52,Rent
Local Barbershop,1524.34,Miscellaneous
Credit Card Bill Payment,1748.2,Bills
Bajaj Allianz,8247.96,Insurance
Airtel,624.64,Bills
Naturals Salon,1580.1,Miscellaneous
Netflix,327.1,Entertainment
Bharat Gas,392.78,Bills
Blinkit,596.99,Groceries
Chaayos,184.64,Food
Credit Card Bill Payment,1679.25,Bills
BPCL,3742.95,Fuel
Blinkit,448.63,Groceries
Credit Card Bill Payment,2655.6,Bills
Credit Card Bill Payment,5234.84,Bills
Employer Salary Credit,44069.77,Salary
Municipal Water Department,223.88,Bills
Zomato,315.68,Food
Ajio,547.54,Shopping
Toit Brewpub,2980.34,Food
Credit Card Bill Payment,2640.31,Bills
Credit Card Bill Payment,1868.9,Bills
HPCL,3574.52,Fuel
HPCL,3443.63,Fuel
Indane Gas,418.3,Bills
Airtel,1389.87,Bills
DMart,569.22,Groceries
Local Hardware Store,527.39,Miscellaneous
Toit Brewpub,824.08,Food
Cafe Coffee Day,139.87,Food
McDonald's India,366.54,Food
Municipal Water Department,202.81,Bills
Amazon India,767.69,Shopping
McDonald's India,326.55,Food
Nature's Basket,467.71,Groceries
Reliance Fresh,480.53,Groceries
House Rent Payment,37184.06,Rent
EatClub,351.64,Food
BigBasket,478.99,Groceries
Credit Card Bill Payment,3046.88,Bills
Cafe Coffee Day,183.51,Food
EatClub,155.91,Food
Ace Hardware India,561.84,Miscellaneous
Spotify,155.39,Subscription
Credit Card Bill Payment,2969.0,Bills
Flipkart,1002.09,Shopping
Swiggy,366.9,Food
HDFC Ergo,8691.83,Insurance
Social,878.19,Food
Local Hardware Store,493.77,Miscellaneous
Spotify,164.84,Subscription
Meesho,735.32,Shopping
House Rent Payment,33955.28,Rent
BSNL,606.97,Bills
Netflix,297.03,Entertainment
Cafe Coffee Day,348.96,Food
Employer Salary Credit,47321.64,Salary
Tata Power,5035.76,Bills
Credit Card Bill Payment,4020.55,Bills
McDonald's India,565.53,Food
HPCL,3223.32,Fuel
Zomato,340.08,Food
Indian Oil,3786.34,Fuel
House Rent Payment,36629.5,Rent
EatClub,147.01,Food
Blinkit,683.14,Groceries
Amazon India,1001.89,Shopping
Municipal Water Department,225.65,Bills
Credit Card Bill Payment,4124.8,Bills
Cafe Coffee Day,319.73,Food
BEST,5399.27,Bills
Airtel,1268.37,Bills
DMart,716.37,Groceries
Flipkart,553.34,Shopping
Airtel,590.1,Bills
Credit Card Bill Payment,1742.44,Bills
BigBasket,692.76,Groceries
Credit Card Bill Payment,1777.27,Bills
Home Depot India,527.35,Miscellaneous
BSNL,658.32,Bills
Credit Card Bill Payment,1634.35,Bills
Local Hardware Store,517.85,Miscellaneous
Bharat Gas,379.78,Bills
Netflix,329.26,Entertainment
Credit Card Bill Payment,1777.45,Bills
Nature's Basket,1469.11,Groceries
Blinkit,510.12,Groceries
HPCL,3455.11,Fuel
Credit Card Bill Payment,3188.09,Bills
BSNL,1344.73,Bills
Netflix,313.41,Entertainment
Municipal Water Department,206.8,Bills
Spotify,167.03,Subscription
Myntra,1086.21,Shopping
Credit Card Bill Payment,1789.78,Bills
Nature's Basket,504.71,Groceries
Credit Card Bill Payment,3081.25,Bills
Cafe Coffee Day,143.32,Food
BigBasket,474.49,Groceries
Tata Power,5121.78,Bills
Amazon India,777.85,Shopping
HPCL,3418.3,Fuel
Credit Card Bill Payment,1734.05,Bills
Blinkit,1080.06,Groceries
Home Depot India,549.54,Miscellaneous
Employer Salary Credit,43257.38,Salary
Reliance Fresh,1132.92,Groceries
Zomato,183.83,Food
Credit Card Bill Payment,3089.02,Bills
HDFC Ergo,7996.21,Insurance
EatClub,145.09,Food
Blinkit,1016.07,Groceries
Reliance Fresh,1029.87,Groceries
BSNL,1326.45,Bills
Local Hardware Store,539.81,Miscellaneous
BPCL,3108.81,Fuel
BigBasket,1125.77,Groceries
Myntra,979.0,Shopping
Credit Card Bill Payment,3116.17,Bills
Credit Card Bill Payment,1724.33,Bills
Indane Gas,404.08,Bills
Ace Hardware India,562.34,Miscellaneous
Jio Fiber,1267.7,Bills
HPCL,3626.73,Fuel
BEST,5293.45,Bills
Credit Card Bill Payment,4521.28,Bills
Burger King,359.66,Food
Nykaa,561.44,Shopping
BEST,5261.72,Bills
Ace Hardware India,504.7,Miscellaneous
Credit Card Bill Payment,4735.75,Bills
Home Depot India,481.31,Miscellaneous
McDonald's India,315.53,Food
McDonald's India,293.29,Food
Social,1112.88,Food
House Rent Payment,36944.2,Rent
Netflix,448.12,Entertainment
Local Hardware Store,523.61,Miscellaneous
DMart,470.81,Groceries
Social,1779.1,Food
Bharat Gas,405.79,Bills
Reliance Fresh,556.42,Groceries
BigBasket,506.3,Groceries
BookMyShow,469.9,Entertainment
Zepto,484.36,Groceries
Spotify,161.44,Subscription
Bajaj Allianz,8766.29,Insurance
Meesho,1773.92,Shopping
Bajaj Allianz,8837.97,Insurance
Home Depot India,551.33,Miscellaneous
Zomato,311.12,Food
DMart,571.26,Groceries
Indian Oil,3556.06,Fuel
HPCL,2822.94,Fuel
Social,1389.0,Food
Credit Card Bill Payment,4261.72,Bills
Adani Electricity,5187.31,Bills
Domino's India,318.78,Food
Spotify,153.32,Subscription
Employer Salary Credit,45909.56,Salary
Reliance Fresh,473.16,Groceries
Meesho,551.56,Shopping
Credit Card Bill Payment,2411.38,Bills
Zepto,1082.28,Groceries
BSNL,604.65,Bills
The Beer Cafe,1086.98,Food
Home Depot India,513.86,Miscellaneous
BigBasket,485.11,Groceries
BEST,5481.5,Bills
Credit Card Bill Payment,2594.12,Bills
House Rent Payment,35502.8,Rent
Zepto,509.7,Groceries
The Beer Cafe,1250.82,Food
BigBasket,548.31,Groceries
Ace Hardware India,500.83,Miscellaneous
BigBasket,540.44,Groceries
Domino's India,288.29,Food
Adani Electricity,5252.32,Bills
Credit Card Bill Payment,2431.4,Bills
Bajaj Allianz,8736.68,Insurance
Credit Card Bill Payment,5839.94,Bills
Ace Hardware India,476.97,Miscellaneous
Credit Card Bill Payment,4374.81,Bills
Cafe Coffee Day,306.03,Food
Blinkit,887.98,Groceries
Credit Card Bill Payment,3420.41,Bills
Ace Hardware India,509.82,Miscellaneous
Credit Card Bill Payment,5677.07,Bills
BookMyShow,298.35,Entertainment
DMart,594.13,Groceries
DMart,465.99,Groceries
Burger King,292.72,Food
Burger King,295.77,Food
Airtel,1387.53,Bills
DMart,494.16,Groceries
DMart,564.4,Groceries
Credit Card Bill Payment,4567.15,Bills
Credit Card Bill Payment,2647.46,Bills
Amazon India,1599.82,Shopping
Local Wine & Beer Shop,1666.96,Food
Jio,649.46,Bills
Social,1519.38,Food
Employer Salary Credit,45221.46,Salary
Adani Electricity,5240.42,Bills
Blinkit,449.27,Groceries
HPCL,2631.16,Fuel
Zomato,295.71,Food
Netflix,325.25,Entertainment
The Beer Cafe,1408.53,Food
Social,1397.04,Food
Credit Card Bill Payment,5802.38,Bills
Faasos,375.14,Food
Burger King,364.78,Food
Zepto,512.76,Groceries
Ace Hardware India,487.06,Miscellaneous
BigBasket,484.85,Groceries
Indian Oil,3316.39,Fuel
Ajio,578.96,Shopping
Toit Brewpub,1264.74,Food
Credit Card Bill Payment,4769.98,Bills
Credit Card Bill Payment,3568.44,Bills
Home Depot India,515.27,Miscellaneous
BigBasket,552.59,Groceries
HP Gas,406.09,Bills
BookMyShow,299.15,Entertainment
Burger King,368.75,Food
DMart,674.45,Groceries
McDonald's India,598.67,Food
Zepto,818.9,Groceries
Local Hardware Store,530.92,Miscellaneous
Home Depot India,555.83,Miscellaneous
Indian Oil,650.12,Fuel
Credit Card Bill Payment,2877.4,Bills
Local Wine & Beer Shop,934.48,Food
Amazon India,1359.49,Shopping
Indian Oil,1795.62,Fuel
Faasos,262.01,Food
BigBasket,464.78,Groceries
BEST,5304.78,Bills
Ajio,918.98,Shopping
BPCL,2727.12,Fuel
Credit Card Bill Payment,2744.91,Bills
McDonald's India,621.04,Food
Toit Brewpub,827.96,Food
Burger King,619.11,Food
Credit Card Bill Payment,2754.12,Bills
House Rent Payment,35440.28,Rent
Zomato,947.85,Food
Blinkit,816.89,Groceries
Employer Salary Credit,43192.48,Salary
Bharat Gas,633.9,Bills
Credit Card Bill Payment,2872.37,Bills
Spotify,165.24,Subscription
Local Hardware Store,483.6,Miscellaneous
EatClub,196.06,Food
Faasos,861.89,Food
Myntra,582.15,Shopping
Third Wave Coffee,143.62,Food
Bharat Gas,650.01,Bills
Credit Card Bill Payment,2714.52,Bills
Indian Oil,636.73,Fuel
HPCL,2810.58,Fuel
BookMyShow,304.97,Entertainment
Ace Hardware India,554.18,Miscellaneous
Myntra,1607.57,Shopping
Municipal Water Department,209.32,Bills
Local Wine & Beer Shop,769.63,Food
McDonald's India,580.56,Food
Local Hardware Store,481.0,Miscellaneous
Flipkart,1658.93,Shopping
Nature's Basket,1601.77,Groceries
Domino's India,618.37,Food
Nature's Basket,622.35,Groceries
Flipkart,926.04,Shopping
Toit Brewpub,776.35,Food
Faasos,197.09,Food
BPCL,2983.71,Fuel
Faasos,215.99,Food
Home Depot India,523.23,Miscellaneous
BSNL,1555.41,Bills
Indian Oil,2982.58,Fuel
Third Wave Coffee,142.07,Food
Adani Electricity,5132.18,Bills
Bajaj Allianz,8185.52,Insurance
BSNL,653.11,Bills
Indian Oil,604.07,Fuel
BPCL,3066.9,Fuel
Netflix,320.81,Entertainment
Indian Oil,2946.14,Fuel
Blinkit,613.09,Groceries
Blinkit,788.08,Groceries
Faasos,634.55,Food
McDonald's India,281.29,Food
Ace Hardware India,486.42,Miscellaneous
Credit Card Bill Payment,3976.73,Bills
Credit Card Bill Payment,3973.79,Bills
House Rent Payment,36912.26,Rent
BPCL,2993.91,Fuel
Amazon India,889.26,Shopping
Toit Brewpub,768.46,Food
BSNL,618.98,Bills
Nykaa,1344.6,Shopping
Starbucks India,140.09,Food
Ace Hardware India,498.72,Miscellaneous
Reliance Fresh,1537.58,Groceries
House Rent Payment,35938.24,Rent
Jio Fiber,1432.92,Bills
Barbeque Nation,605.92,Food
DMart,605.22,Groceries
Employer Salary Credit,43021.08,Salary
EatClub,619.81,Food
Reliance Fresh,808.4,Groceries
HPCL,1869.23,Fuel
Zepto,463.27,Groceries
Zepto,496.33,Groceries
McDonald's India,568.44,Food
BigBasket,504.3,Groceries
Credit Card Bill Payment,3807.92,Bills
Local Barbershop,1412.66,Miscellaneous
Starbucks India,150.41,Food
Spotify,155.98,Subscription
Municipal Water Department,210.37,Bills
Nykaa,844.18,Shopping
Home Depot India,512.04,Miscellaneous
BigBasket,497.52,Groceries
Myntra,599.38,Shopping
Credit Card Bill Payment,6169.13,Bills
Ace Hardware India,529.35,Miscellaneous
Adani Electricity,5500.8,Bills
Blinkit,850.11,Groceries
Reliance Fresh,794.56,Groceries
ICICI Lombard,8464.53,Insurance
EatClub,198.97,Food
Myntra,598.87,Shopping
Credit Card Bill Payment,6382.13,Bills
Burger King,215.22,Food
Local Barbershop,1501.86,Miscellaneous
Credit Card Bill Payment,2770.52,Bills
Nykaa,1568.88,Shopping
Credit Card Bill Payment,2681.27,Bills
Municipal Water Department,204.03,Bills
Ajio,1443.06,Shopping
Meesho,891.76,Shopping
Swiggy,190.89,Food
Credit Card Bill Payment,3643.83,Bills
McDonald's India,284.36,Food
Nature's Basket,1585.78,Groceries
BPCL,1901.01,Fuel
Myntra,561.28,Shopping
Starbucks India,140.53,Food
Blinkit,506.82,Groceries
Credit Card Bill Payment,3862.23,Bills
LIC,8417.29,Insurance
BPCL,2600.25,Fuel
Employer Salary Credit,47629.13,Salary
Indian Oil,2980.44,Fuel
Nykaa,557.1,Shopping
Myntra,341.83,Shopping
Credit Card Bill Payment,2653.0,Bills
HPCL,2767.37,Fuel
Credit Card Bill Payment,3992.9,Bills
Nykaa,323.45,Shopping
Reliance Fresh,807.49,Groceries
Municipal Water Department,217.17,Bills
Blinkit,487.95,Groceries
Credit Card Bill Payment,3974.1,Bills
House Rent Payment,8205.32,Rent
Municipal Water Department,206.86,Bills
Spotify,158.79,Subscription
Blinkit,1646.73,Groceries
Burger King,327.07,Food
Myntra,505.29,Shopping
Credit Card Bill Payment,2750.46,Bills
Bharat Gas,709.99,Bills
BSNL,1396.17,Bills
Local Barbershop,1487.7,Miscellaneous
Indian Oil,2917.53,Fuel
Credit Card Bill Payment,3769.36,Bills
Bharat Gas,716.92,Bills
Bajaj Allianz,8142.13,Insurance
BigBasket,464.29,Groceries
Jio,193.09,Bills
House Rent Payment,7683.66,Rent
Credit Card Bill Payment,12909.44,Bills
Credit Card Bill Payment,4184.85,Bills
Credit Card Bill Payment,2631.84,Bills
Adani Electricity,4940.38,Bills
Employer Salary Credit,46672.79,Salary
Airtel,189.02,Bills
Indian Oil,2864.57,Fuel
Credit Card Bill Payment,2774.32,Bills
Jio Fiber,1348.78,Bills
Adani Electricity,5128.33,Bills
BEST,5034.48,Bills
Zepto,834.96,Groceries
Credit Card Bill Payment,4107.1,Bills
Credit Card Bill Payment,12734.71,Bills
Amazon India,1297.35,Shopping
Adani Electricity,5528.32,Bills
Credit Card Bill Payment,2804.23,Bills
Credit Card Bill Payment,3913.21,Bills
Credit Card Bill Payment,4190.36,Bills
Meesho,538.24,Shopping
Ajio,549.88,Shopping
Myntra,562.61,Shopping
Blinkit,843.15,Groceries
Lakme Salon,1521.11,Miscellaneous
DMart,810.03,Groceries
Flipkart,551.16,Shopping
Credit Card Bill Payment,4185.17,Bills
Faasos,312.38,Food
Credit Card Bill Payment,2732.35,Bills
Spotify,149.74,Subscription
Credit Card Bill Payment,13167.99,Bills
Meesho,582.32,Shopping
Employer Salary Credit,47470.07,Salary
Chaayos,140.73,Food
Flipkart,592.08,Shopping
Local Hardware Store,570.94,Miscellaneous
Toit Brewpub,557.21,Food
DMart,1418.74,Groceries
HPCL,2377.18,Fuel
Jio,191.4,Bills
Zepto,1035.68,Groceries
Dish TV,302.93,Subscription
Credit Card Bill Payment,2863.97,Bills
Reliance Fresh,1383.29,Groceries
Credit Card Bill Payment,1734.88,Bills
Naturals Salon,1549.97,Miscellaneous
DMart,519.82,Groceries
Burger King,211.18,Food
Social,609.07,Food
Spotify,155.87,Subscription
BEST,5293.45,Bills
Myntra,1303.83,Shopping
Jio,206.2,Bills
BEST,5511.21,Bills
BPCL,3123.49,Fuel
Airtel,1384.93,Bills
Swiggy,330.42,Food
House Rent Payment,8241.22,Rent
Credit Card Bill Payment,2302.29,Bills
McDonald's India,203.16,Food
Airtel,1370.51,Bills
Municipal Water Department,215.37,Bills
Credit Card Bill Payment,1741.12,Bills
Blinkit,429.28,Groceries
Nature's Basket,478.12,Groceries
LIC,8033.57,Insurance
Credit Card Bill Payment,2611.84,Bills
Cafe Coffee Day,355.15,Food
Flipkart,1183.9,Shopping
Third Wave Coffee,139.64,Food
BigBasket,440.64,Groceries
McDonald's India,359.97,Food
McDonald's India,406.35,Food
Employer Salary Credit,45113.26,Salary
Credit Card Bill Payment,2230.95,Bills
Credit Card Bill Payment,2134.04,Bills
Indian Oil,2210.16,Fuel
Tata Power,5454.75,Bills
Amazon India,1252.66,Shopping
Credit Card Bill Payment,2129.89,Bills
Spotify,168.3,Subscription
Starbucks India,147.88,Food
Third Wave Coffee,148.91,Food
Adani Electricity,5241.98,Bills
Cafe Coffee Day,335.13,Food
Home Depot India,579.11,Miscellaneous
Reliance Fresh,1361.83,Groceries
Blinkit,1291.23,Groceries
Nature's Basket,998.98,Groceries
Dish TV,307.75,Subscription
House Rent Payment,7562.85,Rent
Credit Card Bill Payment,2861.49,Bills
EatClub,195.02,Food
Nature's Basket,473.8,Groceries
Meesho,603.44,Shopping
Nature's Basket,1073.64,Groceries
Credit Card Bill Payment,2884.01,Bills
Zepto,969.0,Groceries
Credit Card Bill Payment,4379.95,Bills
Credit Card Bill Payment,2842.66,Bills
Bharat Gas,1251.79,Bills
HDFC Ergo,8247.75,Insurance
Naturals Salon,1557.24,Miscellaneous
Indian Oil,2236.24,Fuel
Credit Card Bill Payment,2636.98,Bills
Credit Card Bill Payment,2276.12,Bills
Credit Card Bill Payment,1864.76,Bills
BEST,5207.05,Bills
HPCL,3056.39,Fuel
Tata Power,5176.8,Bills
Faasos,351.84,Food
Chaayos,146.35,Food
Cafe Coffee Day,334.14,Food
Employer Salary Credit,46079.52,Salary
Municipal Water Department,223.63,Bills
Barbeque Nation,196.47,Food
Tata Play,307.34,Subscription
Amazon India,941.25,Shopping
Credit Card Bill Payment,2677.34,Bills
HP Gas,824.94,Bills
Toit Brewpub,2971.52,Food
Amazon India,626.9,Shopping
Credit Card Bill Payment,6927.22,Bills
Flipkart,625.1,Shopping
Myntra,626.58,Shopping
Toit Brewpub,2927.52,Food
Credit Card Bill Payment,4387.47,Bills
BEST,5519.31,Bills
Flipkart,23465.16,Shopping
HPCL,3230.58,Fuel
Burger King,182.27,Food
Starbucks India,181.57,Food
BSNL,206.14,Bills
Spotify,160.61,Subscription
DMart,434.59,Groceries
Cafe Coffee Day,352.89,Food
Amazon India,23232.05,Shopping
Credit Card Bill Payment,2870.64,Bills
House Rent Payment,8351.13,Rent
LIC,8448.99,Insurance
Spotify,165.96,Subscription
Swiggy,181.57,Food
Jio Fiber,1295.71,Bills
Reliance Fresh,2205.68,Groceries
HPCL,3450.89,Fuel
DMart,474.05,Groceries
Credit Card Bill Payment,2794.2,Bills
Credit Card Bill Payment,2683.09,Bills
Municipal Water Department,207.92,Bills
Employer Salary Credit,44565.02,Salary
Reliance Fresh,2426.06,Groceries
Credit Card Bill Payment,2667.26,Bills
House Rent Payment,8252.31,Rent
Zomato,192.49,Food
DMart,2424.61,Groceries
BigBasket,463.89,Groceries
Jio Fiber,1319.01,Bills
Credit Card Bill Payment,6956.02,Bills
Airtel,197.52,Bills
Nykaa,562.87,Shopping
Credit Card Bill Payment,3796.41,Bills
BEST,5188.22,Bills
Cafe Coffee Day,365.1,Food
Municipal Water Department,212.27,Bills
Chaayos,191.9,Food
Spotify,150.5,Subscription
Swiggy,144.31,Food
HDFC Ergo,8675.42,Insurance
Credit Card Bill Payment,4130.01,Bills
Amazon India,570.7,Shopping
Amazon India,539.87,Shopping
Flipkart,569.72,Shopping
Credit Card Bill Payment,2787.0,Bills
Indian Oil,3373.49,Fuel
EatClub,193.66,Food
DMart,728.41,Groceries
Credit Card Bill Payment,6998.92,Bills
Bharat Gas,880.77,Bills
BPCL,3514.06,Fuel
Jio Fiber,1269.07,Bills
Credit Card Bill Payment,2728.77,Bills
HPCL,3294.51,Fuel
Airtel Digital TV,296.46,Subscription
Myntra,653.84,Shopping
House Rent Payment,7965.89,Rent
Reliance Fresh,697.43,Groceries
Credit Card Bill Payment,2734.38,Bills
Employer Salary Credit,44479.59,Salary
Airtel,190.83,Bills
Credit Card Bill Payment,2659.6,Bills
Domino's India,176.49,Food
Myntra,636.3,Shopping
Chaayos,193.51,Food
Burger King,184.08,Food
Municipal Water Department,225.02,Bills
Credit Card Bill Payment,3557.34,Bills
Flipkart,1205.33,Shopping
Nature's Basket,475.75,Groceries
Reliance Fresh,454.3,Groceries
Myntra,1182.78,Shopping
Credit Card Bill Payment,4645.18,Bills
Burger King,309.86,Food
Spotify,163.24,Subscription
Airtel,1335.95,Bills
Ace Hardware India,524.96,Miscellaneous
Blinkit,727.83,Groceries
Nature's Basket,448.69,Groceries
Flipkart,2661.76,Shopping
Blinkit,467.05,Groceries
Credit Card Bill Payment,3600.63,Bills
Dish TV,301.98,Subscription
Credit Card Bill Payment,3566.5,Bills
Amazon India,2964.03,Shopping
Local Barbershop,1535.77,Miscellaneous
HP Gas,421.85,Bills
ICICI Lombard,8600.84,Insurance
Credit Card Bill Payment,4823.08,Bills
Local Barbershop,1448.56,Miscellaneous
Blinkit,703.5,Groceries
LIC,8639.82,Insurance
Indian Oil,3783.73,Fuel
Faasos,623.73,Food
Credit Card Bill Payment,3810.92,Bills
Social,2562.65,Food
EatClub,287.99,Food
Ace Hardware India,505.76,Miscellaneous
Reliance Fresh,569.53,Groceries
Airtel,190.78,Bills
Tata Power,5246.0,Bills
Employer Salary Credit,45024.58,Salary
BSNL,1411.53,Bills
ICICI Lombard,8141.15,Insurance
House Rent Payment,8404.06,Rent
BigBasket,743.01,Groceries
Home Depot India,488.81,Miscellaneous
Social,2527.02,Food
Amazon India,1164.25,Shopping
Swiggy,691.86,Food
Credit Card Bill Payment,4788.63,Bills
Credit Card Bill Payment,3540.34,Bills
Faasos,243.58,Food
Credit Card Bill Payment,4667.24,Bills
Zepto,463.09,Groceries
Local Wine & Beer Shop,916.81,Food
BPCL,3776.72,Fuel
Flipkart,1179.34,Shopping
DMart,1228.11,Groceries
Jio Fiber,1302.67,Bills
Municipal Water Department,211.71,Bills
Toit Brewpub,957.01,Food
HPCL,3613.89,Fuel
House Rent Payment,7592.08,Rent
Lakme Salon,1559.99,Miscellaneous
HPCL,3896.18,Fuel
Local Wine & Beer Shop,2400.0,Food
DMart,755.97,Groceries
Airtel Digital TV,294.4,Subscription
Credit Card Bill Payment,2690.99,Bills
Meesho,1196.02,Shopping
Spotify,167.15,Subscription
Cafe Coffee Day,235.31,Food
Blinkit,609.69,Groceries
Meesho,956.14,Shopping
Myntra,939.75,Shopping
Credit Card Bill Payment,4354.13,Bills
Credit Card Bill Payment,4804.61,Bills
Nykaa,568.8,Shopping
Credit Card Bill Payment,4865.74,Bills
Credit Card Bill Payment,2718.47,Bills
Credit Card Bill Payment,2531.75,Bills
Flipkart,2975.04,Shopping
Cafe Coffee Day,676.95,Food
Cafe Coffee Day,277.8,Food
Employer Salary Credit,42783.69,Salary
Credit Card Bill Payment,2499.95,Bills
Credit Card Bill Payment,3735.87,Bills
DMart,678.62,Groceries
Jio,206.63,Bills
Municipal Water Department,207.68,Bills
Tata Play,285.83,Subscription
House Rent Payment,8103.93,Rent
BPCL,3628.34,Fuel
DMart,570.13,Groceries
Municipal Water Department,210.81,Bills
Nature's Basket,469.52,Groceries
Credit Card Bill Payment,3680.65,Bills
Credit Card Bill Payment,10541.12,Bills
Spotify,152.75,Subscription
HP Gas,419.7,Bills
Airtel,196.8,Bills
Municipal Water Department,213.7,Bills
Credit Card Bill Payment,3577.22,Bills
Tata Power,5111.07,Bills
Credit Card Bill Payment,3728.75,Bills
House Rent Payment,8084.36,Rent
Jio Fiber,1288.64,Bills
Flipkart,290.2,Shopping
Credit Card Bill Payment,5623.17,Bills
Credit Card Bill Payment,4017.31,Bills
Tata Power,5410.64,Bills
BEST,5216.66,Bills
Dish TV,779.14,Subscription
Credit Card Bill Payment,3824.97,Bills
Credit Card Bill Payment,5583.16,Bills
Credit Card Bill Payment,3669.23,Bills
Credit Card Bill Payment,5457.87,Bills
Nature's Basket,409.19,Groceries
Nykaa,1250.66,Shopping
Credit Card Bill Payment,3415.94,Bills
Home Depot India,494.32,Miscellaneous
Amazon India,23543.32,Shopping
Barbeque Nation,402.81,Food
Domino's India,398.22,Food
Credit Card Bill Payment,5714.58,Bills
House Rent Payment,7783.46,Rent
Cafe Coffee Day,180.93,Food
BPCL,3419.84,Fuel
Employer Salary Credit,43452.98,Salary
EatClub,932.22,Food
Domino's India,383.56,Food
Municipal Water Department,215.21,Bills
Spotify,154.11,Subscription
Airtel,195.45,Bills
Myntra,673.02,Shopping
Amazon India,288.14,Shopping
Flipkart,23730.95,Shopping
Myntra,308.96,Shopping
ICICI Lombard,8156.13,Insurance
Bharat Gas,379.16,Bills
HDFC Ergo,8444.78,Insurance
Credit Card Bill Payment,5764.07,Bills
Credit Card Bill Payment,3597.81,Bills
Ajio,644.02,Shopping
Barbeque Nation,413.96,Food
Myntra,578.93,Shopping
ICICI Lombard,8080.37,Insurance
Bharat Gas,383.03,Bills
Amazon India,1006.7,Shopping
Barbeque Nation,405.6,Food
House Rent Payment,8214.63,Rent
Jio,194.16,Bills
EatClub,422.08,Food
HPCL,3300.86,Fuel
Spotify,153.49,Subscription
Zomato,395.0,Food
Ajio,710.48,Shopping
Local Hardware Store,489.03,Miscellaneous
Cafe Coffee Day,188.33,Food
Credit Card Bill Payment,5437.47,Bills
Tata Play,833.67,Subscription
Ace Hardware India,515.52,Miscellaneous
Swiggy,396.33,Food
Municipal Water Department,218.41,Bills
HPCL,3317.35,Fuel
Employer Salary Credit,43478.43,Salary
Tata Play,828.21,Subscription
Spotify,158.95,Subscription
Credit Card Bill Payment,3653.56,Bills
Barbeque Nation,399.51,Food
BSNL,207.24,Bills
Airtel,1377.91,Bills
Municipal Water Department,223.5,Bills
Swiggy,433.75,Food
DMart,415.12,Groceries
Ace Hardware India,545.18,Miscellaneous
Amazon India,706.05,Shopping
Indian Oil,3415.45,Fuel
Bharat Gas,420.52,Bills
Flipkart,958.01,Shopping
DMart,410.9,Groceries
McDonald's India,975.18,Food
Indian Oil,3445.44,Fuel
Flipkart,671.11,Shopping
Airtel,1393.67,Bills
Credit Card Bill Payment,3528.95,Bills
Credit Card Bill Payment,5570.15,Bills
Home Depot India,539.62,Miscellaneous
Amazon India,996.69,Shopping
Domino's India,902.76,Food
Credit Card Bill Payment,1547.21,Bills
BSNL,194.97,Bills
Credit Card Bill Payment,1918.91,Bills
Reliance Fresh,842.48,Groceries
Barbeque Nation,309.76,Food
Credit Card Bill Payment,2420.56,Bills
Cafe Coffee Day,147.36,Food
House Rent Payment,8217.82,Rent
Credit Card Bill Payment,1982.53,Bills
Nature's Basket,604.94,Groceries
BPCL,3290.82,Fuel
Credit Card Bill Payment,1774.19,Bills
Spotify,154.03,Subscription
Local Wine & Beer Shop,997.22,Food
Tata Power,5023.96,Bills
Starbucks India,148.97,Food
Municipal Water Department,216.12,Bills
Credit Card Bill Payment,1884.67,Bills
The Beer Cafe,1027.42,Food
HPCL,3234.15,Fuel
Credit Card Bill Payment,1486.42,Bills
Credit Card Bill Payment,3390.54,Bills
Ace Hardware India,8441.15,Miscellaneous
Credit Card Bill Payment,3747.24,Bills
Naturals Salon,1517.87,Miscellaneous
BPCL,3269.48,Fuel
Employer Salary Credit,46265.66,Salary
Meesho,549.27,Shopping
Airtel,188.56,Bills
Nature's Basket,879.25,Groceries
Adani Electricity,4963.3,Bills
Home Depot India,8311.09,Miscellaneous
Jio Fiber,1402.24,Bills
Tata Play,824.41,Subscription
Credit Card Bill Payment,1476.41,Bills
Local Wine & Beer Shop,1020.72,Food
House Rent Payment,7658.91,Rent
Naturals Salon,1585.54,Miscellaneous
Burger King,312.06,Food
Naturals Salon,1534.72,Miscellaneous
Reliance Fresh,807.7,Groceries
Myntra,577.3,Shopping
Toit Brewpub,1000.34,Food
Third Wave Coffee,159.71,Food
Domino's India,313.98,Food
Credit Card Bill Payment,1803.02,Bills
Municipal Water Department,206.73,Bills
BPCL,2908.65,Fuel
BigBasket,811.61,Groceries
Cafe Coffee Day,154.93,Food
Jio Fiber,1326.07,Bills
Dish TV,833.46,Subscription
Indane Gas,420.78,Bills
HPCL,3951.02,Fuel
ICICI Lombard,8967.86,Insurance
Credit Card Bill Payment,1489.25,Bills
Home Depot India,8286.68,Miscellaneous
Credit Card Bill Payment,3352.5,Bills
Cafe Coffee Day,157.19,Food
Credit Card Bill Payment,3295.5,Bills
Spotify,155.62,Subscription
Spotify,159.92,Subscription
Credit Card Bill Payment,2650.73,Bills
Employer Salary Credit,43178.85,Salary
Bharat Gas,404.09,Bills
Tata Power,5427.54,Bills
Bajaj Allianz,8989.75,Insurance
Municipal Water Department,212.97,Bills
Reliance Fresh,452.86,Groceries
Airtel,208.94,Bills
Credit Card Bill Payment,2408.91,Bills
Toit Brewpub,1041.05,Food
Meesho,537.66,Shopping
Bajaj Allianz,8843.13,Insurance
House Rent Payment,8334.9,Rent
Credit Card Bill Payment,3223.81,Bills
HPCL,3009.19,Fuel
HPCL,3021.93,Fuel
HPCL,2724.63,Fuel
Airtel,1289.35,Bills
Credit Card Bill Payment,1502.87,Bills
Dish TV,827.88,Subscription
Zepto,454.09,Groceries
BigBasket,454.94,Groceries
Credit Card Bill Payment,5967.97,Bills
Credit Card Bill Payment,2504.6,Bills
Cafe Coffee Day,336.45,Food
Starbucks India,140.44,Food
BigBasket,488.21,Groceries
Jio,201.17,Bills
Meesho,2693.4,Shopping
Burger King,206.5,Food
Nature's Basket,2465.61,Groceries
Third Wave Coffee,226.02,Food
Cafe Coffee Day,313.23,Food
Credit Card Bill Payment,2539.75,Bills
HPCL,3368.81,Fuel
Employer Salary Credit,62918.91,Salary
Credit Card Bill Payment,2279.9,Bills
HPCL,3357.47,Fuel
Local Barbershop,1581.99,Miscellaneous
Swiggy,478.21,Food
Bharat Gas,381.3,Bills
ICICI Lombard,8358.0,Insurance
DMart,660.68,Groceries
Credit Card Bill Payment,2372.47,Bills
Bajaj Allianz,8425.93,Insurance
Bharat Gas,388.13,Bills
Barbeque Nation,343.18,Food
Swiggy,203.85,Food
Credit Card Bill Payment,1717.06,Bills
Home Depot India,530.73,Miscellaneous
Ace Hardware India,536.43,Miscellaneous
Local Hardware Store,709.38,Miscellaneous
Amazon India,2651.57,Shopping
Airtel Digital TV,800.26,Subscription
Bharat Gas,411.05,Bills
Cafe Coffee Day,355.32,Food
BSNL,1410.12,Bills
Toit Brewpub,1288.99,Food
Credit Card Bill Payment,1691.09,Bills
Faasos,332.1,Food
Credit Card Bill Payment,2595.06,Bills
EatClub,324.45,Food
Cafe Coffee Day,188.77,Food
Nykaa,585.72,Shopping
Credit Card Bill Payment,2313.05,Bills
Lakme Salon,1507.28,Miscellaneous
Reliance Fresh,2279.74,Groceries
Barbeque Nation,345.13,Food
ICICI Lombard,8993.8,Insurance
McDonald's India,349.96,Food
Credit Card Bill Payment,2813.54,Bills
BigBasket,732.58,Groceries
Nature's Basket,710.31,Groceries
Local Hardware Store,659.9,Miscellaneous
Faasos,329.79,Food
Credit Card Bill Payment,2729.35,Bills
Spotify,161.8,Subscription
Starbucks India,224.43,Food
Credit Card Bill Payment,2719.3,Bills
Burger King,506.16,Food
Nature's Basket,2488.31,Groceries
Municipal Water Department,209.41,Bills
Ace Hardware India,532.26,Miscellaneous
Nature's Basket,483.25,Groceries
Faasos,319.84,Food
Employer Salary Credit,65194.21,Salary
Bharat Gas,384.66,Bills
Third Wave Coffee,217.33,Food
Credit Card Bill Payment,2181.51,Bills
Local Hardware Store,692.36,Miscellaneous
Home Depot India,680.69,Miscellaneous
House Rent Payment,8033.08,Rent
Local Hardware Store,559.45,Miscellaneous
Naturals Salon,1526.97,Miscellaneous
Social,1273.6,Food
House Rent Payment,8314.94,Rent
Spotify,151.8,Subscription
Airtel Digital TV,844.91,Subscription
Reliance Fresh,486.1,Groceries
Blinkit,2330.56,Groceries
Social,1265.59,Food
Credit Card Bill Payment,2515.51,Bills
Reliance Fresh,651.86,Groceries
BEST,5083.78,Bills
Jio Fiber,1298.54,Bills
Credit Card Bill Payment,2307.5,Bills
Credit Card Bill Payment,2786.75,Bills
Burger King,345.83,Food
Zepto,2589.62,Groceries
Credit Card Bill Payment,2373.59,Bills
Chaayos,139.24,Food
Ajio,577.92,Shopping
EatClub,336.25,Food
Municipal Water Department,226.25,Bills
EatClub,318.1,Food
Indian Oil,3568.22,Fuel
Credit Card Bill Payment,2359.1,Bills
Reliance Fresh,662.98,Groceries
Reliance Fresh,976.44,Groceries
BigBasket,942.31,Groceries
Credit Card Bill Payment,1733.23,Bills
Jio Fiber,1260.72,Bills
Credit Card Bill Payment,2433.02,Bills
Flipkart,565.9,Shopping
BSNL,194.56,Bills
Municipal Water Department,223.08,Bills
Zepto,466.97,Groceries
Employer Salary Credit,64085.11,Salary
Credit Card Bill Payment,3144.96,Bills
BPCL,3326.2,Fuel
Zomato,343.06,Food
Credit Card Bill Payment,8122.37,Bills
Blinkit,463.69,Groceries
Spotify,166.92,Subscription
Ace Hardware India,529.16,Miscellaneous
Credit Card Bill Payment,1690.06,Bills
Local Hardware Store,619.17,Miscellaneous
Credit Card Bill Payment,3094.4,Bills
BPCL,3112.24,Fuel
Credit Card Bill Payment,3006.56,Bills
Jio,187.74,Bills
BSNL,1337.57,Bills
Social,1168.68,Food
Starbucks India,142.07,Food
Home Depot India,600.06,Miscellaneous
Ace Hardware India,597.31,Miscellaneous
Credit Card Bill Payment,1579.57,Bills
Burger King,476.85,Food
Starbucks India,143.5,Food
Credit Card Bill Payment,1721.41,Bills
Ace Hardware India,611.9,Miscellaneous
Credit Card Bill Payment,4001.14,Bills
Third Wave Coffee,137.34,Food
Reliance Fresh,626.82,Groceries
Chaayos,138.41,Food
HPCL,3403.18,Fuel
Credit Card Bill Payment,1742.7,Bills
Adani Electricity,5416.43,Bills
BSNL,191.42,Bills
Naturals Salon,192.12,Miscellaneous
Ace Hardware India,570.6,Miscellaneous
EatClub,436.46,Food
Airtel Digital TV,780.34,Subscription
Credit Card Bill Payment,1405.66,Bills
Starbucks India,139.43,Food
Domino's India,305.64,Food
House Rent Payment,7822.56,Rent
Credit Card Bill Payment,1759.74,Bills
Swiggy,148.84,Food
Chaayos,147.5,Food
Municipal Water Department,227.07,Bills
Employer Salary Credit,66323.7,Salary
Bharat Gas,407.33,Bills
Domino's India,347.16,Food
Ace Hardware India,541.21,Miscellaneous
Chaayos,138.43,Food
Cafe Coffee Day,143.24,Food
The Beer Cafe,1126.34,Food
Swiggy,490.45,Food
Dish TV,813.9,Subscription
EatClub,468.39,Food
Credit Card Bill Payment,8770.03,Bills
HPCL,3322.95,Fuel
Credit Card Bill Payment,8907.87,Bills
Credit Card Bill Payment,1563.41,Bills
BSNL,1325.42,Bills
Municipal Water Department,226.83,Bills
Credit Card Bill Payment,8359.8,Bills
Cafe Coffee Day,302.25,Food
HDFC Ergo,8456.97,Insurance
Bharat Gas,386.79,Bills
House Rent Payment,8106.69,Rent
Nature's Basket,639.31,Groceries
Zomato,332.28,Food
Cafe Coffee Day,152.71,Food
HDFC Ergo,8269.12,Insurance
DMart,597.19,Groceries
Amazon India,561.58,Shopping
Credit Card Bill Payment,3167.36,Bills
Amazon India,576.09,Shopping
Chaayos,140.52,Food
Third Wave Coffee,144.9,Food
Zepto,456.35,Groceries
Reliance Fresh,1007.38,Groceries
EatClub,146.86,Food
Third Wave Coffee,137.41,Food
Credit Card Bill Payment,1739.21,Bills
Spotify,150.05,Subscription
Home Depot India,548.96,Miscellaneous
Reliance Fresh,605.77,Groceries
HP Gas,376.96,Bills
Barbeque Nation,157.17,Food
Lakme Salon,196.57,Miscellaneous
Employer Salary Credit,67511.5,Salary
Bharat Gas,419.34,Bills
Municipal Water Department,220.75,Bills
Barbeque Nation,337.24,Food
Credit Card Bill Payment,3071.03,Bills
Starbucks India,144.84,Food
Indian Oil,3490.36,Fuel
House Rent Payment,7646.7,Rent
Third Wave Coffee,167.35,Food
DMart,1824.12,Groceries
Flipkart,1484.04,Shopping
Reliance Fresh,959.07,Groceries
Credit Card Bill Payment,9504.31,Bills
HPCL,3305.27,Fuel
HPCL,3144.55,Fuel
Airtel Digital TV,792.72,Subscription
Credit Card Bill Payment,3147.49,Bills
Credit Card Bill Payment,9935.19,Bills
Indane Gas,387.22,Bills
Bajaj Allianz,8076.08,Insurance
Credit Card Bill Payment,2039.07,Bills
Chaayos,152.48,Food
Swiggy,472.9,Food
Starbucks India,145.16,Food
Social,1219.38,Food
Credit Card Bill Payment,992.67,Bills
Credit Card Bill Payment,995.52,Bills
Amazon India,911.46,Shopping
Spotify,155.75,Subscription
Credit Card Bill Payment,10946.9,Bills
Third Wave Coffee,116.81,Food
Local Wine & Beer Shop,1224.64,Food
Credit Card Bill Payment,10130.0,Bills
Spotify,160.77,Subscription
Credit Card Bill Payment,1501.08,Bills
Flipkart,1501.37,Shopping
Credit Card Bill Payment,4138.51,Bills
Amazon India,593.85,Shopping
Airtel,189.72,Bills
Credit Card Bill Payment,3249.57,Bills
BPCL,282.59,Fuel
Local Wine & Beer Shop,2532.28,Food
The Beer Cafe,1199.09,Food
Credit Card Bill Payment,957.64,Bills
Swiggy,1218.11,Food
Social,888.8,Food
Employer Salary Credit,68118.93,Salary
Third Wave Coffee,158.06,Food
Credit Card Bill Payment,3315.8,Bills
Credit Card Bill Payment,1023.54,Bills
Credit Card Bill Payment,2067.55,Bills
Municipal Water Department,222.14,Bills
Amazon India,1490.46,Shopping
Credit Card Bill Payment,3272.83,Bills
Credit Card Bill Payment,9199.89,Bills
DMart,1327.69,Groceries
Indian Oil,2812.36,Fuel
HPCL,3135.32,Fuel
Swiggy,450.7,Food
Myntra,905.17,Shopping
Credit Card Bill Payment,9844.44,Bills
House Rent Payment,8163.2,Rent
BigBasket,919.77,Groceries
Airtel,192.49,Bills
Tata Power,5068.43,Bills
Dish TV,803.15,Subscription
Meesho,544.02,Shopping
Dish TV,778.22,Subscription
Local Wine & Beer Shop,1257.95,Food
ICICI Lombard,8073.43,Insurance
Tata Power,5409.28,Bills
Credit Card Bill Payment,9691.96,Bills
Credit Card Bill Payment,3261.73,Bills
Bharat Gas,406.28,Bills
BigBasket,1310.55,Groceries
Ace Hardware India,535.3,Miscellaneous
HPCL,2692.36,Fuel
DMart,1310.43,Groceries
Burger King,1148.04,Food
Credit Card Bill Payment,951.04,Bills
Nature's Basket,1266.06,Groceries
Chaayos,134.84,Food
Toit Brewpub,1208.26,Food
McDonald's India,1253.33,Food
Credit Card Bill Payment,1518.33,Bills
Spotify,163.21,Subscription
Starbucks India,144.95,Food
Home Depot India,509.16,Miscellaneous
Third Wave Coffee,118.72,Food
House Rent Payment,8259.41,Rent
Credit Card Bill Payment,9600.09,Bills
HPCL,297.14,Fuel
Cafe Coffee Day,133.25,Food
Indane Gas,407.47,Bills
Nature's Basket,1282.72,Groceries
Indian Oil,3054.74,Fuel
Employer Salary Credit,62150.48,Salary
Municipal Water Department,201.62,Bills
Jio,210.24,Bills
Credit Card Bill Payment,9024.34,Bills
Amazon India,922.46,Shopping
Airtel,1318.5,Bills
Credit Card Bill Payment,1015.24,Bills
Social,1289.31,Food
Airtel,1359.88,Bills
Municipal Water Department,225.44,Bills
Credit Card Bill Payment,9542.5,Bills
Credit Card Bill Payment,973.88,Bills
Credit Card Bill Payment,1440.81,Bills
Chaayos,142.2,Food
Tea Stall,34.47,Other
DMart,1722.01,Groceries
Swiggy,116.0,Food
BEST,3690.12,Bills
Tata Power,720.95,Bills
Domino's India,188.77,Food
Tailor,381.19,Other
Local Services,1301.4,Other
Misc Vendor,554.73,Other
Airtel,6710.98,Bills
Tata Power,1423.08,Bills
Tailor,2366.08,Other
Third Wave Coffee,559.61,Food
BookMyShow,220.19,Entertainment
Flower Shop,390.94,Other
Employer Salary Credit,43271.2,Salary
Domino's India,329.01,Food
Myntra,298.19,Shopping
Bharat Gas,5251.36,Bills
Local Wine & Beer Shop,564.79,Food
Jio,784.01,Bills
Credit Card Bill Payment,2904.21,Bills
Laundry,712.26,Other
Starbucks India,289.32,Food
Credit Card Bill Payment,592.19,Bills
Indian Oil,2138.69,Fuel
Street Vendor,127.88,Other
Bakery,367.77,Other
House Rent Payment,7953.52,Rent
Tata Power,1434.85,Bills
Municipal Water Department,798.3,Bills
Tata Power,1157.01,Bills
Airtel,4782.61,Bills
Tata Power,1305.89,Bills
Swiggy,1200.42,Food
Credit Card Bill Payment,1983.91,Bills
BigBasket,300.0,Groceries
Credit Card Bill Payment,559.29,Bills
Jio Fiber,2158.4,Bills
KFC India,264.37,Food
Swiggy,439.88,Food
Cafe Coffee Day,773.07,Food
Airtel,2098.83,Bills
Zomato,1813.41,Food
Faasos,819.32,Food
Credit Card Bill Payment,6805.12,Bills
Amazon Prime,313.7,Subscription
DMart,707.1,Groceries
Employer Salary Credit,50578.37,Salary
KFC India,1076.8,Food
EatClub,1739.38,Food
Bharat Gas,3765.97,Bills
Spotify,850.0,Subscription
Reliance Fresh,343.5,Groceries
Mobile Repair,690.66,Other
Indian Oil,2971.11,Fuel
Tea Stall,131.76,Other
Ajio,1143.09,Shopping
Reliance Fresh,941.07,Groceries
Credit Card Bill Payment,2513.01,Bills
Employer Salary Credit,45739.84,Salary
Blinkit,300.0,Groceries
Chaayos,1794.63,Food
Credit Card Bill Payment,833.71,Bills
Spotify,149.0,Subscription
BookMyShow,237.48,Entertainment
Mobile Repair,412.32,Other
Jio,7545.04,Bills
Indane Gas,187.0,Bills
Credit Card Bill Payment,712.64,Bills
Credit Card Bill Payment,489.1,Bills
BigBasket,1550.25,Groceries
Local Store,2272.87,Other
Netflix,175.31,Subscription
Credit Card Bill Payment,4670.64,Bills
Zomato,296.76,Food
McDonald's India,116.0,Food
HPCL,4507.02,Fuel
Indian Oil,4429.38,Fuel
Faasos,631.19,Food
Domino's India,991.3,Food
Street Vendor,272.74,Other
HP Gas,2421.9,Bills
Myntra,288.0,Shopping
Indian Oil,3583.44,Fuel
Bharat Gas,322.01,Bills
Employer Salary Credit,51984.61,Salary
Jio Fiber,2594.14,Bills
BigBasket,346.91,Groceries
House Rent Payment,7610.06,Rent
Employer Salary Credit,38749.41,Salary
Municipal Water Department,6837.82,Bills
Jio Fiber,5983.69,Bills
Zomato,117.59,Food
BookMyShow,243.93,Entertainment
BEST,779.77,Bills
BookMyShow,267.34,Entertainment
Laundry,2103.52,Other
KFC India,145.6,Food
Flower Shop,82.2,Other
Employer Salary Credit,38906.12,Salary
Nature's Basket,1240.28,Groceries
Unknown Merchant,328.67,Other
Zomato,167.19,Food
Blinkit,439.44,Groceries
HDFC Ergo,8142.45,Insurance
Laundry,996.01,Other
Employer Salary Credit,42260.69,Salary
BookMyShow,309.91,Entertainment
Lakme Salon,101.55,Miscellaneous
DMart,432.03,Groceries
Credit Card Bill Payment,187.0,Bills
Nature's Basket,386.4,Groceries
BSNL,3909.49,Bills
HPCL,2778.55,Fuel
IRCTC,746.78,Miscellaneous
Jio,4062.01,Bills
BEST,1987.08,Bills
Faasos,116.0,Food
Airtel,1797.25,Bills
Toit Brewpub,523.46,Food
BPCL,3058.43,Fuel
House Rent Payment,41465.79,Rent
Jio,3034.93,Bills
Airtel,632.42,Bills
Indane Gas,559.61,Bills
Employer Salary Credit,51917.28,Salary
Municipal Water Department,1204.76,Bills
Nykaa,6245.92,Shopping
Swiggy,272.38,Food
Unknown Merchant,108.34,Other
IRCTC,1391.19,Miscellaneous
DMart,698.71,Groceries
Flipkart,14508.05,Shopping
Mobile Repair,1079.95,Other
DMart,651.08,Groceries
House Rent Payment,7696.22,Rent
Myntra,2958.71,Shopping
DMart,491.94,Groceries
Amazon India,614.7,Shopping
Tata Power,1112.43,Bills
Credit Card Bill Payment,8736.47,Bills
Flower Shop,305.99,Other
Zomato,607.08,Food
Airtel,3196.67,Bills
Blinkit,471.6,Groceries
Ola,401.39,Miscellaneous
Jio Fiber,4260.32,Bills
Credit Card Bill Payment,2139.59,Bills
Indian Oil,2633.51,Fuel
Municipal Water Department,705.49,Bills
Amazon India,4570.0,Shopping
HP Gas,3015.27,Bills
Airtel,3757.07,Bills
Misc Vendor,1301.93,Other
Barbeque Nation,463.55,Food
Airtel,4383.04,Bills
Amazon India,288.0,Shopping
Faasos,116.0,Food
Ajio,288.0,Shopping
Credit Card Bill Payment,4641.64,Bills
Jio Fiber,937.52,Bills
Tailor,90.12,Other
Tata Power,3291.18,Bills
Myntra,417.21,Shopping
Airtel,279.28,Bills
Spotify,279.09,Subscription
Credit Card Bill Payment,1467.79,Bills
KFC India,210.57,Food
Tailor,1837.28,Other
Employer Salary Credit,39793.23,Salary
Credit Card Bill Payment,2613.51,Bills
Airtel,948.23,Bills
Credit Card Bill Payment,989.27,Bills
Jio,4677.29,Bills
DMart,672.68,Groceries
Credit Card Bill Payment,187.0,Bills
Bharat Gas,3114.36,Bills
Swiggy,668.07,Food
Airtel,2624.96,Bills
Nature's Basket,1679.85,Groceries
Unknown Merchant,1276.15,Other
Credit Card Bill Payment,352.44,Bills
Credit Card Bill Payment,1444.72,Bills
Credit Card Bill Payment,4920.74,Bills
Credit Card Bill Payment,3113.57,Bills
Bajaj Allianz,8462.13,Insurance
Disney+ Hotstar,149.0,Subscription
Tata Play,172.02,Subscription
BigBasket,841.0,Groceries
Lakme Salon,294.65,Miscellaneous
Employer Salary Credit,38622.51,Salary
Local Services,401.93,Other
DMart,1263.38,Groceries
Swiggy,1230.59,Food
House Rent Payment,7676.24,Rent
Myntra,288.0,Shopping
Nykaa,437.16,Shopping
BEST,1499.25,Bills
BPCL,4201.13,Fuel
Credit Card Bill Payment,5083.65,Bills
Spotify,406.41,Subscription
HPCL,4048.72,Fuel
Credit Card Bill Payment,1523.81,Bills
Municipal Water Department,1437.86,Bills
BigBasket,1456.69,Groceries
Indane Gas,1426.8,Bills
Starbucks India,458.29,Food
Flipkart,1358.66,Shopping
Credit Card Bill Payment,924.06,Bills
Indane Gas,2304.39,Bills
ICICI Lombard,8531.19,Insurance
Cafe Coffee Day,517.29,Food
Tata Play,517.22,Subscription
Blinkit,390.81,Groceries
Ajio,288.0,Shopping
Netflix,546.2,Subscription
Credit Card Bill Payment,3449.58,Bills
Chaayos,489.03,Food
DMart,1552.11,Groceries
DMart,843.17,Groceries
Chaayos,234.13,Food
HPCL,3218.87,Fuel
Nature's Basket,584.0,Groceries
Employer Salary Credit,51651.89,Salary
Fruit Vendor,140.08,Other
Flower Shop,284.75,Other
Credit Card Bill Payment,242.85,Bills
Nature's Basket,1402.3,Groceries
McDonald's India,129.79,Food
Employer Salary Credit,58513.32,Salary
BookMyShow,213.7,Entertainment
BSNL,1673.6,Bills
Third Wave Coffee,289.1,Food
Airtel,3735.78,Bills
KFC India,116.0,Food
HPCL,2525.27,Fuel
House Rent Payment,47173.03,Rent
Credit Card Bill Payment,1038.68,Bills
Kirana Shop,2186.59,Other
General Store,392.65,Other
Municipal Water Department,2802.27,Bills
Street Vendor,125.91,Other
Credit Card Bill Payment,14701.11,Bills
Bharat Gas,2967.41,Bills
Chaayos,116.0,Food
Swiggy,432.0,Food
Vegetable Market,351.28,Other
Zomato,116.0,Food
Credit Card Bill Payment,852.76,Bills
Tata Power,2609.63,Bills
Jio,5955.09,Bills
Domino's India,336.3,Food
EatClub,160.23,Food
Credit Card Bill Payment,1715.11,Bills
Third Wave Coffee,1373.15,Food
Zomato,116.0,Food
Zomato,794.97,Food
BigBasket,300.0,Groceries
BigBasket,717.97,Groceries
Bharat Gas,4120.65,Bills
Amazon Prime,149.0,Subscription
Bajaj Allianz,8637.27,Insurance
Credit Card Bill Payment,5484.88,Bills
HP Gas,3204.59,Bills
Jio,205.02,Bills
Dish TV,289.07,Subscription
Blinkit,753.67,Groceries
Burger King,116.0,Food
Employer Salary Credit,38309.59,Salary
Credit Card Bill Payment,1870.21,Bills
BSNL,1493.53,Bills
Domino's India,1304.01,Food
HPCL,2135.52,Fuel
KFC India,528.28,Food
Ace Hardware India,2095.27,Miscellaneous
McDonald's India,182.96,Food
Meesho,288.0,Shopping
DMart,1228.91,Groceries
Naturals Salon,639.89,Miscellaneous
ICICI Lombard,8303.95,Insurance
Airtel,1695.62,Bills
Myntra,288.0,Shopping
Tea Stall,104.8,Other
Local Wine & Beer Shop,660.84,Food
Tata Power,968.33,Bills
Indane Gas,1351.34,Bills
Swiggy,272.64,Food
Amazon Prime,149.0,Subscription
DMart,676.25,Groceries
Amazon India,1073.62,Shopping
Credit Card Bill Payment,321.92,Bills
Indane Gas,720.7,Bills
Nykaa,288.0,Shopping
Spotify,344.98,Subscription
Municipal Water Department,4832.44,Bills
Domino's India,264.98,Food
Tata Play,346.74,Subscription
Jio,1657.74,Bills
LIC,8419.12,Insurance
DMart,1092.72,Groceries
Vegetable Market,180.72,Other
ICICI Lombard,8682.66,Insurance
Credit Card Bill Payment,4031.43,Bills
BookMyShow,417.74,Entertainment
Tata Power,1196.89,Bills
Faasos,872.17,Food
Tata Power,271.79,Bills
BookMyShow,473.5,Entertainment
Social,116.0,Food
HDFC Ergo,8411.77,Insurance
Credit Card Bill Payment,626.75,Bills
Flipkart,288.0,Shopping
Starbucks India,229.56,Food
Chaayos,448.26,Food
General Store,1674.87,Other
Mobile Repair,2486.88,Other
Local Wine & Beer Shop,116.0,Food
Blinkit,1318.17,Groceries
Burger King,190.66,Food
BPCL,4261.96,Fuel
Jio Fiber,1856.68,Bills
Blinkit,1269.29,Groceries
Barbeque Nation,1049.71,Food
Zepto,1088.71,Groceries
Local Store,1495.47,Other
Credit Card Bill Payment,2989.49,Bills
Airtel,2817.89,Bills
DMart,305.82,Groceries
Kirana Shop,1464.76,Other
Starbucks India,1546.33,Food
Employer Salary Credit,42767.31,Salary
Reliance Fresh,559.27,Groceries
HP Gas,2759.86,Bills
Ola,931.49,Miscellaneous
Flower Shop,63.11,Other
BSNL,1583.3,Bills
Reliance Fresh,669.69,Groceries
Jio Fiber,1241.52,Bills
BSNL,2718.82,Bills
Nature's Basket,425.12,Groceries
Mobile Repair,2362.83,Other
Adani Electricity,7041.49,Bills
BEST,5082.06,Bills
HDFC Ergo,7990.0,Insurance
KFC India,1253.44,Food
BEST,1523.8,Bills
EatClub,233.15,Food
Burger King,229.98,Food
Domino's India,424.61,Food
BookMyShow,165.7,Entertainment
Spotify,335.12,Subscription
Netflix,183.32,Subscription
Jio,2279.01,Bills
Bharat Gas,3573.84,Bills
House Rent Payment,35206.41,Rent
Flipkart,288.0,Shopping
Airtel,2407.43,Bills
BigBasket,1023.42,Groceries
Uber,2918.13,Miscellaneous
Meesho,4411.32,Shopping
Reliance Fresh,635.91,Groceries
Airtel,4730.86,Bills
BigBasket,523.85,Groceries
Jio,1916.49,Bills
Zepto,300.0,Groceries
Indian Oil,3414.33,Fuel
Reliance Fresh,652.02,Groceries
Mobile Repair,809.89,Other
Disney+ Hotstar,371.79,Subscription
LIC,8420.62,Insurance
Municipal Water Department,1705.38,Bills
BookMyShow,209.49,Entertainment
Uber,431.87,Miscellaneous
Tata Power,3482.54,Bills
Blinkit,1504.26,Groceries
Zomato,626.41,Food
Flipkart,288.0,Shopping
Credit Card Bill Payment,2844.84,Bills
Local Wine & Beer Shop,726.27,Food
BigBasket,641.08,Groceries
Indian Oil,3138.36,Fuel
Employer Salary Credit,42835.65,Salary
Jio,2964.71,Bills
BPCL,3566.19,Fuel
Amazon India,288.0,Shopping
Chaayos,116.0,Food
Amazon India,1307.85,Shopping
Airtel,2688.47,Bills
Nature's Basket,300.0,Groceries
McDonald's India,116.0,Food
Indian Oil,3325.09,Fuel
Amazon India,288.0,Shopping
Credit Card Bill Payment,937.74,Bills
Credit Card Bill Payment,5887.05,Bills
Local Services,1756.65,Other
Bharat Gas,187.0,Bills
Blinkit,300.0,Groceries
BookMyShow,278.24,Entertainment
Social,116.0,Food
Swiggy,116.0,Food
Faasos,198.73,Food
HPCL,2851.31,Fuel
BEST,4525.56,Bills
Nykaa,971.3,Shopping
HPCL,3436.81,Fuel
Local Services,1571.19,Other
Cafe Coffee Day,373.41,Food
KFC India,116.0,Food
Credit Card Bill Payment,1288.29,Bills
Indane Gas,3814.04,Bills
Municipal Water Department,4390.38,Bills
Chaayos,116.0,Food
BookMyShow,371.33,Entertainment
Bakery,264.12,Other
Burger King,270.42,Food
Barbeque Nation,276.62,Food
BigBasket,306.21,Groceries
Jio,1097.85,Bills
McDonald's India,468.49,Food
Jio Fiber,4464.92,Bills
DMart,749.83,Groceries
BigBasket,1209.95,Groceries
Social,545.7,Food
Meesho,3737.46,Shopping
Amazon India,288.0,Shopping
DMart,841.93,Groceries
Flower Shop,230.22,Other
Credit Card Bill Payment,552.36,Bills
EatClub,452.47,Food
Bharat Gas,904.33,Bills
Airtel,860.04,Bills
Tata Power,2467.37,Bills
HDFC Ergo,8292.7,Insurance
Reliance Fresh,976.2,Groceries
Jio Fiber,1851.51,Bills
Misc Vendor,372.86,Other
Mobile Repair,2025.56,Other
Tata Power,913.15,Bills
House Rent Payment,8001.03,Rent
Amazon India,288.0,Shopping
Tata Power,1035.42,Bills
Unknown Merchant,1488.39,Other
DMart,300.0,Groceries
Indian Oil,4155.1,Fuel
Zepto,300.0,Groceries
HPCL,2979.29,Fuel
Reliance Fresh,734.79,Groceries
Ajio,339.91,Shopping
Mobile Repair,683.69,Other
DMart,443.56,Groceries
Credit Card Bill Payment,2477.96,Bills
Airtel,5385.57,Bills
Swiggy,176.51,Food
Credit Card Bill Payment,1412.91,Bills
Blinkit,1591.64,Groceries
Employer Salary Credit,47566.28,Salary
Myntra,288.0,Shopping
Zomato,286.65,Food
HP Gas,762.41,Bills
Credit Card Bill Payment,4004.28,Bills
BigBasket,479.91,Groceries
Credit Card Bill Payment,308.86,Bills
Ajio,288.0,Shopping
Adani Electricity,436.38,Bills
DMart,494.43,Groceries
Employer Salary Credit,37608.1,Salary
Social,116.0,Food
BEST,1187.67,Bills
Disney+ Hotstar,169.17,Subscription
Credit Card Bill Payment,2664.41,Bills
Local Wine & Beer Shop,456.44,Food
Employer Salary Credit,28930.95,Salary
Laundry,1970.07,Other
Credit Card Bill Payment,2674.21,Bills
Myntra,3640.8,Shopping
Zomato,116.0,Food
BigBasket,1001.36,Groceries
Credit Card Bill Payment,7603.84,Bills
Credit Card Bill Payment,361.05,Bills
Credit Card Bill Payment,2782.86,Bills
Jio,1292.2,Bills
Ajio,416.17,Shopping
Tata Power,1057.11,Bills
BPCL,3529.76,Fuel
Cafe Coffee Day,963.42,Food
Jio,2773.71,Bills
Indian Oil,1862.0,Fuel
Blinkit,678.63,Groceries
Bharat Gas,443.78,Bills
Nature's Basket,455.34,Groceries
Blinkit,729.45,Groceries
Credit Card Bill Payment,3834.63,Bills
Blinkit,863.63,Groceries
Domino's India,116.0,Food
BookMyShow,558.74,Entertainment
ICICI Lombard,8796.7,Insurance
Amazon India,288.0,Shopping
Netflix,788.37,Subscription
Burger King,260.52,Food
Credit Card Bill Payment,12588.12,Bills
HPCL,2960.66,Fuel
Burger King,422.28,Food
Lakme Salon,60.0,Miscellaneous
Zepto,560.08,Groceries
EatClub,116.0,Food
Credit Card Bill Payment,2856.68,Bills
Credit Card Bill Payment,3985.4,Bills
KFC India,145.6,Food
Faasos,116.0,Food
Amazon India,288.0,Shopping
Uber,478.76,Miscellaneous
Zepto,463.42,Groceries
DMart,658.51,Groceries
Domino's India,379.56,Food
Adani Electricity,2409.82,Bills
Swiggy,171.85,Food
Blinkit,1049.51,Groceries
Ajio,2373.78,Shopping
Employer Salary Credit,37667.92,Salary
Airtel,3343.58,Bills
Netflix,333.8,Subscription
Cafe Coffee Day,116.0,Food
BigBasket,300.0,Groceries
Credit Card Bill Payment,5456.62,Bills
BookMyShow,291.55,Entertainment
Domino's India,460.8,Food
Spotify,149.0,Subscription
General Store,223.32,Other
Vegetable Market,590.48,Other
Credit Card Bill Payment,952.61,Bills
Local Hardware Store,169.8,Miscellaneous
PharmEasy,658.76,Miscellaneous
The Beer Cafe,116.0,Food
KFC India,277.66,Food
Credit Card Bill Payment,5700.34,Bills
Domino's India,116.0,Food
Reliance Fresh,372.55,Groceries
Credit Card Bill Payment,2025.24,Bills
Flower Shop,393.57,Other
Jio Fiber,261.09,Bills
Domino's India,356.15,Food
Tea Stall,34.72,Other
Mobile Repair,379.85,Other
Local Services,1924.13,Other
House Rent Payment,8269.39,Rent
HPCL,3048.13,Fuel
Street Vendor,225.0,Other
Barbeque Nation,120.79,Food
Municipal Water Department,1970.2,Bills
Municipal Water Department,1219.46,Bills
Zomato,764.03,Food
BEST,287.93,Bills
BEST,1583.13,Bills
DMart,1030.99,Groceries
Blinkit,1732.03,Groceries
Faasos,247.48,Food
McDonald's India,769.31,Food
Tea Stall,145.32,Other
Unknown Merchant,278.19,Other
Municipal Water Department,12420.95,Bills
Flipkart,288.0,Shopping
Zomato,317.53,Food
Tata Power,1451.05,Bills
Social,337.96,Food
Credit Card Bill Payment,605.35,Bills
Zepto,596.13,Groceries
Swiggy,302.5,Food
KFC India,683.57,Food
Credit Card Bill Payment,2420.61,Bills
Swiggy,116.0,Food
BSNL,1207.76,Bills
Employer Salary Credit,49436.77,Salary
Credit Card Bill Payment,1950.66,Bills
DMart,591.84,Groceries
Laundry,2039.26,Other
Swiggy,423.36,Food
Nykaa,288.0,Shopping
Credit Card Bill Payment,2696.01,Bills
BPCL,2743.85,Fuel
Bharat Gas,794.3,Bills
BookMyShow,177.93,Entertainment
HPCL,3026.19,Fuel
Cafe Coffee Day,1396.41,Food
Credit Card Bill Payment,1801.64,Bills
Jio,394.47,Bills
Airtel,4043.87,Bills
Credit Card Bill Payment,2479.88,Bills
BEST,2199.04,Bills
Reliance Fresh,532.19,Groceries
Employer Salary Credit,62799.59,Salary
Employer Salary Credit,35678.35,Salary
Domino's India,953.34,Food
Myntra,1152.98,Shopping
Local Hardware Store,1341.12,Miscellaneous
BigBasket,1224.49,Groceries
EatClub,1035.4,Food
Airtel,570.23,Bills
BPCL,2530.05,Fuel
Apollo Pharmacy,951.2,Miscellaneous
Cafe Coffee Day,647.53,Food
Municipal Water Department,1619.85,Bills
Tata Power,502.32,Bills
BSNL,1223.96,Bills
Adani Electricity,2127.44,Bills
HPCL,2590.2,Fuel
BPCL,2722.19,Fuel
Credit Card Bill Payment,338.81,Bills
Swiggy,2018.47,Food
Third Wave Coffee,116.0,Food
House Rent Payment,8065.67,Rent
Tata Power,2652.14,Bills
Burger King,329.51,Food
Dish TV,850.0,Subscription
Credit Card Bill Payment,1961.32,Bills
The Beer Cafe,541.79,Food
Employer Salary Credit,48722.46,Salary
HPCL,2937.15,Fuel
Myntra,3335.07,Shopping
Nykaa,2624.75,Shopping
EatClub,192.72,Food
Airtel,4157.99,Bills
BPCL,5000.0,Fuel
Meesho,288.0,Shopping
Employer Salary Credit,45517.82,Salary
Lakme Salon,1286.53,Miscellaneous
Nature's Basket,1173.79,Groceries
Faasos,262.1,Food
Swiggy,143.26,Food
Employer Salary Credit,63990.66,Salary
Rapido,370.99,Miscellaneous
HPCL,2498.61,Fuel
Credit Card Bill Payment,661.27,Bills
Local Wine & Beer Shop,814.45,Food
Tata Power,393.94,Bills
Domino's India,369.5,Food
DMart,1166.98,Groceries
Employer Salary Credit,40246.74,Salary
Credit Card Bill Payment,1049.42,Bills
BEST,323.64,Bills
Street Vendor,231.48,Other
Zomato,116.0,Food
BSNL,3713.76,Bills
Barbeque Nation,116.0,Food
Local Wine & Beer Shop,617.25,Food
Amazon India,7434.08,Shopping
Flipkart,296.46,Shopping
Unknown Merchant,2486.18,Other
House Rent Payment,41600.71,Rent
Meesho,330.35,Shopping
Credit Card Bill Payment,2916.36,Bills
Zepto,681.64,Groceries
Lakme Salon,485.41,Miscellaneous
HPCL,2159.65,Fuel
Local Wine & Beer Shop,229.66,Food
EatClub,511.62,Food
HPCL,3497.7,Fuel
Zepto,1479.63,Groceries
Credit Card Bill Payment,2712.4,Bills
BSNL,2559.28,Bills
Domino's India,899.55,Food
Blinkit,823.98,Groceries
Jio,861.63,Bills
Indian Oil,2404.29,Fuel
Tata Power,2025.93,Bills
DMart,614.14,Groceries
General Store,906.27,Other
BigBasket,300.0,Groceries
Flipkart,2353.34,Shopping
Amazon Prime,149.0,Subscription
Flipkart,288.0,Shopping
House Rent Payment,46416.94,Rent
Ajio,288.0,Shopping
Zepto,1416.99,Groceries
Reliance Fresh,300.0,Groceries
Starbucks India,271.92,Food
Swiggy,484.57,Food
BookMyShow,310.07,Entertainment
Nature's Basket,1234.84,Groceries
Meesho,3897.07,Shopping
Credit Card Bill Payment,1937.56,Bills
Zomato,853.93,Food
Chaayos,1351.8,Food
DMart,449.75,Groceries
Tata Power,187.0,Bills
House Rent Payment,41317.41,Rent
Airtel Digital TV,463.29,Subscription
Flipkart,13480.45,Shopping
BEST,1336.42,Bills
Ola,1625.65,Miscellaneous
Flipkart,1391.55,Shopping
Nature's Basket,407.79,Groceries
KFC India,289.98,Food
Swiggy,817.46,Food
Disney+ Hotstar,354.61,Subscription
Faasos,131.42,Food
Credit Card Bill Payment,2107.6,Bills
Kirana Shop,684.4,Other
HPCL,3337.03,Fuel
Flower Shop,380.36,Other
Tailor,1214.62,Other
BigBasket,300.0,Groceries
Meesho,288.0,Shopping
Myntra,288.0,Shopping
Zomato,137.56,Food
Indian Oil,3097.93,Fuel
Misc Vendor,2067.24,Other
LIC,8380.51,Insurance
Indian Oil,3501.41,Fuel
Ace Hardware India,1372.08,Miscellaneous
Credit Card Bill Payment,5095.65,Bills
Chaayos,800.34,Food
Municipal Water Department,1365.34,Bills
Zomato,811.42,Food
House Rent Payment,35931.76,Rent
Credit Card Bill Payment,730.89,Bills
Myntra,288.0,Shopping
House Rent Payment,34723.26,Rent
Municipal Water Department,6907.28,Bills
Nature's Basket,526.17,Groceries
Zepto,2238.82,Groceries
Local Wine & Beer Shop,931.02,Food
BigBasket,658.14,Groceries
Swiggy,535.56,Food
Faasos,2304.44,Food
Starbucks India,1050.82,Food
BigBasket,675.16,Groceries
Fruit Vendor,167.54,Other
Employer Salary Credit,45843.78,Salary
HDFC Ergo,7998.52,Insurance
Third Wave Coffee,278.8,Food
House Rent Payment,36701.32,Rent
Netflix,202.56,Subscription
Airtel,940.37,Bills
Credit Card Bill Payment,858.03,Bills
Cafe Coffee Day,1130.63,Food
Credit Card Bill Payment,1420.08,Bills
Airtel,2746.01,Bills
Domino's India,116.0,Food
BEST,1100.32,Bills
Blinkit,2629.42,Groceries
Jio,250.6,Bills
HPCL,3439.84,Fuel
Airtel,2107.08,Bills
Bharat Gas,187.0,Bills
Local Wine & Beer Shop,116.0,Food
DMart,1261.11,Groceries
BEST,1570.57,Bills
Nature's Basket,629.93,Groceries
Naturals Salon,3768.86,Miscellaneous
Credit Card Bill Payment,187.0,Bills
Domino's India,564.62,Food
HPCL,4489.62,Fuel
ICICI Lombard,8953.06,Insurance
BEST,2867.93,Bills
Credit Card Bill Payment,6875.5,Bills
KFC India,130.03,Food
Credit Card Bill Payment,3370.65,Bills
EatClub,1019.6,Food
HP Gas,3987.61,Bills
Cafe Coffee Day,742.29,Food
Netflix,245.93,Subscription
McDonald's India,455.27,Food
Blinkit,962.59,Groceries
Jio,838.21,Bills
Credit Card Bill Payment,1154.94,Bills
Home Depot India,1439.87,Miscellaneous
Reliance Fresh,642.17,Groceries
Airtel,1188.37,Bills
HPCL,4577.46,Fuel
HP Gas,187.0,Bills
Indian Oil,3918.36,Fuel
Burger King,116.0,Food
Blinkit,301.11,Groceries
Bakery,150.62,Other
Rapido,881.0,Miscellaneous
BookMyShow,437.94,Entertainment
Bajaj Allianz,8075.36,Insurance
HPCL,2777.16,Fuel
Flipkart,288.0,Shopping
Tea Stall,147.88,Other
Indian Oil,3195.47,Fuel
EatClub,383.91,Food
Credit Card Bill Payment,12214.53,Bills
Cafe Coffee Day,759.47,Food
Zomato,116.0,Food
Faasos,353.87,Food
Municipal Water Department,1106.87,Bills
Zomato,116.0,Food
Credit Card Bill Payment,785.88,Bills
Jio Fiber,1315.09,Bills
Tea Stall,69.16,Other
Cafe Coffee Day,1398.82,Food
Starbucks India,145.02,Food
Ajio,4036.78,Shopping
Zepto,779.4,Groceries
Employer Salary Credit,41362.59,Salary
BSNL,3090.63,Bills
Misc Vendor,69.39,Other
DMart,397.61,Groceries
Naturals Salon,60.34,Miscellaneous
Jio,187.0,Bills
Municipal Water Department,1290.54,Bills
Jio,8783.69,Bills
House Rent Payment,43127.43,Rent
Tata Power,536.09,Bills
Amazon Prime,468.43,Subscription
Credit Card Bill Payment,12749.75,Bills
Tata Power,6331.71,Bills
Credit Card Bill Payment,587.17,Bills
Cafe Coffee Day,740.56,Food
Nykaa,288.0,Shopping
Indian Oil,2791.73,Fuel
HPCL,3259.65,Fuel
BPCL,3061.18,Fuel
Social,555.29,Food
BEST,1575.23,Bills
Faasos,116.0,Food
Chaayos,641.34,Food
HPCL,2391.37,Fuel
Spotify,627.48,Subscription
Third Wave Coffee,825.39,Food
BSNL,490.4,Bills
Swiggy,1111.53,Food
BigBasket,736.06,Groceries
Nykaa,288.0,Shopping
KFC India,497.59,Food
Lakme Salon,1086.31,Miscellaneous
Indian Oil,2941.09,Fuel
Tata Play,328.21,Subscription
Credit Card Bill Payment,376.19,Bills
Employer Salary Credit,55535.43,Salary
Airtel,1029.24,Bills
Airtel,1956.61,Bills
HPCL,2652.67,Fuel
Spotify,754.89,Subscription
Credit Card Bill Payment,1058.94,Bills
Misc Vendor,1752.62,Other
Municipal Water Department,1404.76,Bills
Bakery,339.67,Other
Starbucks India,116.0,Food
Cafe Coffee Day,684.17,Food
Municipal Water Department,9894.69,Bills
Misc Vendor,1768.51,Other
Employer Salary Credit,41585.43,Salary
Third Wave Coffee,187.09,Food
Credit Card Bill Payment,4119.21,Bills
Municipal Water Department,1233.33,Bills
Bharat Gas,3393.14,Bills
HPCL,3117.55,Fuel
Airtel,5941.61,Bills
Third Wave Coffee,817.22,Food
Misc Vendor,2411.64,Other
Credit Card Bill Payment,4408.55,Bills
Barbeque Nation,147.38,Food
BPCL,2407.53,Fuel
Burger King,1932.25,Food
House Rent Payment,37016.08,Rent
Employer Salary Credit,42818.28,Salary
Flower Shop,388.21,Other
Ace Hardware India,74.56,Miscellaneous
Reliance Fresh,677.86,Groceries
BigBasket,604.98,Groceries
KFC India,536.55,Food
KFC India,116.0,Food
Zepto,300.0,Groceries
Third Wave Coffee,116.0,Food
Indian Oil,2820.14,Fuel
Credit Card Bill Payment,5459.32,Bills
HPCL,2275.23,Fuel
Reliance Fresh,1823.21,Groceries
Zepto,1561.95,Groceries
Airtel,1357.61,Bills
Ajio,12498.14,Shopping
Starbucks India,956.71,Food
ICICI Lombard,8081.03,Insurance
Credit Card Bill Payment,981.71,Bills
McDonald's India,404.31,Food
Unknown Merchant,1008.58,Other
Credit Card Bill Payment,4206.6,Bills
Flipkart,288.0,Shopping
House Rent Payment,46267.12,Rent
Credit Card Bill Payment,529.13,Bills
IRCTC,503.25,Miscellaneous
Nature's Basket,613.49,Groceries
EatClub,547.34,Food
Adani Electricity,2768.35,Bills
Netflix,149.0,Subscription
Jio,920.0,Bills
Bharat Gas,1895.07,Bills
Zomato,427.85,Food
Zomato,501.28,Food
BookMyShow,223.08,Entertainment
Flipkart,288.0,Shopping
Indian Oil,2784.52,Fuel
Airtel,491.67,Bills
Indane Gas,1103.56,Bills
Nature's Basket,921.02,Groceries
McDonald's India,799.79,Food
Ola,1126.18,Miscellaneous
Local Services,2468.49,Other
Chaayos,116.0,Food
Burger King,198.81,Food
BigBasket,605.32,Groceries
Credit Card Bill Payment,1910.61,Bills
McDonald's India,460.43,Food
KFC India,230.27,Food
Blinkit,782.05,Groceries
DMart,516.94,Groceries
Credit Card Bill Payment,2553.24,Bills
Reliance Fresh,724.47,Groceries
Spotify,149.0,Subscription
Indane Gas,2533.4,Bills
Jio,1349.59,Bills
BEST,814.83,Bills
Bharat Gas,599.75,Bills
Jio Fiber,6735.91,Bills
BEST,453.36,Bills
Ola,353.46,Miscellaneous
Bakery,200.0,Other
Airtel,2358.51,Bills
Credit Card Bill Payment,2174.78,Bills
BigBasket,385.47,Groceries
Netflix,149.0,Subscription
ICICI Lombard,8656.61,Insurance
DMart,956.79,Groceries
Airtel,2775.24,Bills
Toit Brewpub,159.72,Food
BookMyShow,301.35,Entertainment
Indian Oil,3113.54,Fuel
Nature's Basket,648.18,Groceries
Credit Card Bill Payment,640.01,Bills
HPCL,2463.25,Fuel
Myntra,921.03,Shopping
House Rent Payment,42117.09,Rent
Toit Brewpub,2474.76,Food
Amazon India,3854.44,Shopping
Spotify,149.0,Subscription
BSNL,527.05,Bills
Municipal Water Department,2815.32,Bills
Swiggy,1489.87,Food
Municipal Water Department,11583.88,Bills
Cafe Coffee Day,379.17,Food
Burger King,116.0,Food
Indian Oil,1662.31,Fuel
Tea Stall,33.31,Other
Credit Card Bill Payment,481.36,Bills
Credit Card Bill Payment,2449.17,Bills
PharmEasy,4126.45,Miscellaneous
Nature's Basket,858.41,Groceries
Credit Card Bill Payment,770.88,Bills
Employer Salary Credit,52762.45,Salary
BPCL,2129.03,Fuel
Amazon India,2426.73,Shopping
Employer Salary Credit,40113.86,Salary
BookMyShow,243.45,Entertainment
Zomato,1852.79,Food
Fruit Vendor,179.05,Other
BEST,2729.42,Bills
Misc Vendor,931.62,Other
Zepto,722.61,Groceries
Indane Gas,5950.44,Bills
Local Wine & Beer Shop,368.13,Food
The Beer Cafe,729.52,Food
Bharat Gas,1695.08,Bills
Zepto,300.0,Groceries
Disney+ Hotstar,371.65,Subscription
Adani Electricity,187.44,Bills
Airtel,3244.95,Bills
Tata Power,2135.37,Bills
House Rent Payment,37725.87,Rent
Airtel,1462.29,Bills
Jio,6153.99,Bills
BEST,3254.55,Bills
BigBasket,1357.4,Groceries
Airtel,3091.75,Bills
Laundry,168.05,Other
Credit Card Bill Payment,2149.78,Bills
Indane Gas,2790.15,Bills
KFC India,143.06,Food
Domino's India,253.82,Food
Credit Card Bill Payment,5572.09,Bills
Credit Card Bill Payment,5256.29,Bills
House Rent Payment,47421.89,Rent
Credit Card Bill Payment,2000.2,Bills
Unknown Merchant,952.34,Other
Zomato,116.0,Food
Naturals Salon,1053.32,Miscellaneous
Street Vendor,164.41,Other
Barbeque Nation,259.51,Food
Burger King,152.15,Food
Nature's Basket,300.0,Groceries
Local Services,1715.8,Other
Zepto,1176.57,Groceries
BookMyShow,258.09,Entertainment
Jio,4214.62,Bills
McDonald's India,531.96,Food
Ola,2116.02,Miscellaneous
Airtel,1782.67,Bills
Flipkart,5876.53,Shopping
Uber,945.12,Miscellaneous
Toit Brewpub,762.85,Food
Credit Card Bill Payment,1941.2,Bills
Municipal Water Department,187.0,Bills
Credit Card Bill Payment,669.16,Bills
Rapido,73.33,Miscellaneous
Reliance Fresh,1078.97,Groceries
Employer Salary Credit,45802.36,Salary
Myntra,899.36,Shopping
Credit Card Bill Payment,1949.91,Bills
ICICI Lombard,8590.92,Insurance
General Store,1372.6,Other
Misc Vendor,1821.85,Other
Zomato,180.31,Food
DMart,682.66,Groceries
Swiggy,667.25,Food
Indian Oil,2935.64,Fuel
ICICI Lombard,8569.35,Insurance
BigBasket,724.7,Groceries
Municipal Water Department,1977.66,Bills
Flipkart,288.0,Shopping
Nature's Basket,300.0,Groceries
House Rent Payment,45435.29,Rent
Tailor,1305.49,Other
KFC India,541.52,Food
Jio,10344.12,Bills
Amazon India,288.0,Shopping
Jio Fiber,6443.89,Bills
Credit Card Bill Payment,2144.03,Bills
Vegetable Market,195.46,Other
Amazon India,2444.05,Shopping
Spotify,149.0,Subscription
Credit Card Bill Payment,6665.56,Bills
McDonald's India,1713.54,Food
Faasos,475.51,Food
Social,151.7,Food
Indian Oil,2593.68,Fuel
Credit Card Bill Payment,650.05,Bills
McDonald's India,491.94,Food
EatClub,150.48,Food
Credit Card Bill Payment,961.25,Bills
Employer Salary Credit,68241.2,Salary
House Rent Payment,8046.59,Rent
Starbucks India,523.5,Food
Credit Card Bill Payment,3233.7,Bills
Tata Power,5907.07,Bills
Swiggy,1896.2,Food
Credit Card Bill Payment,3759.27,Bills
DMart,1323.74,Groceries
Jio Fiber,5548.53,Bills
Myntra,288.0,Shopping
Tata Power,4162.8,Bills
Blinkit,1613.91,Groceries
Zomato,340.93,Food
Reliance Fresh,1407.88,Groceries
Credit Card Bill Payment,3836.07,Bills
Jio Fiber,6373.81,Bills
The Beer Cafe,237.73,Food
Tailor,754.47,Other
Credit Card Bill Payment,657.62,Bills
Local Wine & Beer Shop,776.0,Food
KFC India,651.28,Food
House Rent Payment,45894.24,Rent
Reliance Fresh,980.42,Groceries
Swiggy,218.29,Food
Zepto,1223.91,Groceries
Tata Power,378.06,Bills
Swiggy,269.42,Food
BPCL,2608.2,Fuel
General Store,1657.85,Other
KFC India,703.5,Food
McDonald's India,607.77,Food
HP Gas,3962.54,Bills
Ola,60.0,Miscellaneous
House Rent Payment,7881.55,Rent
Domino's India,124.8,Food
HPCL,3827.59,Fuel
Chaayos,161.91,Food
BookMyShow,540.12,Entertainment
Zepto,625.52,Groceries
BookMyShow,254.91,Entertainment
Blinkit,992.74,Groceries
Social,116.0,Food
General Store,1580.0,Other
BPCL,5000.0,Fuel
IRCTC,2250.69,Miscellaneous
Apollo Pharmacy,3519.91,Miscellaneous
BSNL,1090.93,Bills
Tata Power,1063.79,Bills
Third Wave Coffee,698.37,Food
ICICI Lombard,8336.57,Insurance
DMart,300.0,Groceries
House Rent Payment,8171.27,Rent
Employer Salary Credit,57328.47,Salary
Blinkit,630.33,Groceries
Tea Stall,105.08,Other
Credit Card Bill Payment,1512.87,Bills
BEST,609.5,Bills
Flipkart,5674.55,Shopping
Laundry,2231.92,Other
Cafe Coffee Day,116.0,Food
Airtel,8177.52,Bills
Reliance Fresh,382.48,Groceries
Zomato,454.58,Food
Credit Card Bill Payment,2884.37,Bills
DMart,2159.76,Groceries
Employer Salary Credit,53031.42,Salary
ICICI Lombard,8860.99,Insurance
Reliance Fresh,345.02,Groceries
Zomato,477.93,Food
Cafe Coffee Day,193.37,Food
Blinkit,1081.48,Groceries
Jio Fiber,5835.99,Bills
Local Wine & Beer Shop,309.52,Food
Credit Card Bill Payment,3397.04,Bills
Street Vendor,140.67,Other
Chaayos,1046.83,Food
Cafe Coffee Day,413.64,Food
Starbucks India,116.0,Food
BigBasket,1567.0,Groceries
HPCL,3594.37,Fuel
Credit Card Bill Payment,4256.79,Bills
Chaayos,149.79,Food
BigBasket,1527.84,Groceries
Cafe Coffee Day,1659.67,Food
Third Wave Coffee,1130.9,Food
Local Wine & Beer Shop,132.84,Food
Myntra,288.0,Shopping
Employer Salary Credit,46185.36,Salary
Blinkit,1267.39,Groceries
Swiggy,2990.0,Food
BigBasket,738.21,Groceries
BPCL,2292.74,Fuel
Flipkart,288.0,Shopping
HP Gas,581.58,Bills
Chaayos,172.07,Food
Mobile Repair,1363.66,Other
Jio Fiber,3377.94,Bills
Mobile Repair,1800.58,Other
Tata Power,2037.85,Bills
Adani Electricity,4755.64,Bills
Domino's India,116.0,Food
Jio,11004.5,Bills
Flower Shop,201.13,Other
Jio,555.28,Bills
Lakme Salon,378.72,Miscellaneous
Zomato,205.45,Food
Local Hardware Store,177.85,Miscellaneous
Cafe Coffee Day,196.86,Food
Meesho,288.0,Shopping
Apollo Pharmacy,1851.32,Miscellaneous
Mobile Repair,1654.32,Other
BigBasket,546.6,Groceries
Credit Card Bill Payment,2406.7,Bills
Dish TV,149.0,Subscription
Mobile Repair,2368.36,Other
Vegetable Market,415.92,Other
Zepto,769.16,Groceries
Credit Card Bill Payment,187.0,Bills
HPCL,2408.53,Fuel
Reliance Fresh,1221.7,Groceries
Local Store,2280.76,Other
HPCL,2326.44,Fuel
Naturals Salon,225.75,Miscellaneous
Reliance Fresh,802.45,Groceries
Burger King,213.6,Food
Swiggy,1379.34,Food
Flipkart,927.51,Shopping
Lakme Salon,973.62,Miscellaneous
PharmEasy,75.16,Miscellaneous
Credit Card Bill Payment,3020.37,Bills
Flower Shop,332.13,Other
EatClub,344.71,Food
Municipal Water Department,187.89,Bills
BPCL,3601.82,Fuel
Local Store,945.14,Other
Myntra,288.0,Shopping
Meesho,288.0,Shopping
Bharat Gas,2222.43,Bills
Adani Electricity,4136.68,Bills
Uber,182.77,Miscellaneous
McDonald's India,116.0,Food
Cafe Coffee Day,929.11,Food
Vegetable Market,248.78,Other
Employer Salary Credit,48254.84,Salary
BookMyShow,515.6,Entertainment
Social,214.21,Food
Jio Fiber,526.71,Bills
Third Wave Coffee,1364.58,Food
Myntra,3195.84,Shopping
Reliance Fresh,928.2,Groceries
EatClub,550.57,Food
Credit Card Bill Payment,487.41,Bills
McDonald's India,506.08,Food
Reliance Fresh,2141.69,Groceries
Indane Gas,1533.28,Bills
HPCL,2584.47,Fuel
Airtel,2538.45,Bills
Burger King,212.37,Food
Indian Oil,2886.57,Fuel
Laundry,1647.86,Other
Nature's Basket,457.85,Groceries
Meesho,288.0,Shopping
Zomato,195.19,Food
Chaayos,393.12,Food
Credit Card Bill Payment,2472.55,Bills
Local Services,1406.75,Other
KFC India,117.66,Food
Indian Oil,3273.45,Fuel
General Store,1248.8,Other
Zepto,580.59,Groceries
Bakery,296.46,Other
McDonald's India,340.31,Food
Credit Card Bill Payment,2382.42,Bills
BPCL,2280.3,Fuel
Credit Card Bill Payment,187.0,Bills
Credit Card Bill Payment,472.82,Bills
Airtel,982.15,Bills
Municipal Water Department,1459.41,Bills
Third Wave Coffee,1300.61,Food
BSNL,1503.48,Bills
Reliance Fresh,452.52,Groceries
Flipkart,1024.15,Shopping
Dish TV,688.43,Subscription
DMart,866.58,Groceries
Tata Power,1584.76,Bills
Dish TV,246.99,Subscription
Vegetable Market,564.03,Other
Credit Card Bill Payment,1097.45,Bills
Zomato,1902.19,Food
HPCL,3928.01,Fuel
Blinkit,482.74,Groceries
Nykaa,1021.45,Shopping
Cafe Coffee Day,289.48,Food
Municipal Water Department,4361.59,Bills
BookMyShow,205.24,Entertainment
Indian Oil,1763.48,Fuel
McDonald's India,396.6,Food
Indian Oil,3850.66,Fuel
Jio,2923.96,Bills
Credit Card Bill Payment,1525.27,Bills
Credit Card Bill Payment,1145.86,Bills
Flipkart,396.18,Shopping
Misc Vendor,731.22,Other
Home Depot India,1724.03,Miscellaneous
Spotify,249.62,Subscription
Credit Card Bill Payment,12197.62,Bills
Employer Salary Credit,44737.05,Salary
Myntra,942.73,Shopping
Amazon India,288.0,Shopping
HPCL,2011.51,Fuel
Employer Salary Credit,58887.48,Salary
Meesho,288.0,Shopping
Adani Electricity,3122.9,Bills
Rapido,78.1,Miscellaneous
Flower Shop,127.89,Other
Home Depot India,337.61,Miscellaneous
Tata Power,428.29,Bills
Indian Oil,4791.24,Fuel
Starbucks India,216.82,Food
Credit Card Bill Payment,4381.49,Bills
HDFC Ergo,8316.46,Insurance
DMart,1008.65,Groceries
HPCL,4914.92,Fuel
DMart,300.0,Groceries
Naturals Salon,1176.68,Miscellaneous
Credit Card Bill Payment,1218.96,Bills
Disney+ Hotstar,179.46,Subscription
Barbeque Nation,727.16,Food
McDonald's India,170.36,Food
Blinkit,821.77,Groceries
Municipal Water Department,1800.86,Bills
McDonald's India,701.41,Food
Burger King,129.56,Food
Nature's Basket,859.14,Groceries
Jio Fiber,316.15,Bills
DMart,803.19,Groceries
Bakery,328.26,Other
Bakery,401.64,Other
Credit Card Bill Payment,553.48,Bills
Bharat Gas,1908.86,Bills
DMart,862.89,Groceries
Airtel,1096.92,Bills
Adani Electricity,2074.43,Bills
Credit Card Bill Payment,1210.75,Bills
Reliance Fresh,922.53,Groceries
BookMyShow,546.43,Entertainment
Jio Fiber,2873.29,Bills
Swiggy,2335.29,Food
BSNL,3653.69,Bills
Municipal Water Department,659.86,Bills
BSNL,3200.47,Bills
Credit Card Bill Payment,3406.1,Bills
Zomato,239.98,Food
Tata 1mg,4110.68,Miscellaneous
Flower Shop,372.41,Other
Vegetable Market,311.39,Other
Municipal Water Department,3474.71,Bills
Ajio,288.0,Shopping
Credit Card Bill Payment,2729.29,Bills
Credit Card Bill Payment,187.0,Bills
Nature's Basket,574.41,Groceries
Street Vendor,246.47,Other
HP Gas,1705.74,Bills
Jio,1763.21,Bills
Credit Card Bill Payment,1238.2,Bills
Blinkit,979.76,Groceries
Third Wave Coffee,2123.36,Food
Zomato,396.47,Food
Barbeque Nation,1200.93,Food
Spotify,149.0,Subscription
Jio,2472.08,Bills
Domino's India,116.0,Food
Municipal Water Department,187.0,Bills
Flipkart,288.0,Shopping
HP Gas,1155.49,Bills
Domino's India,116.0,Food
Tata 1mg,586.63,Miscellaneous
Domino's India,116.0,Food
Credit Card Bill Payment,666.19,Bills
Toit Brewpub,249.9,Food
BPCL,2540.6,Fuel
BEST,2893.13,Bills
Blinkit,1496.16,Groceries
Third Wave Coffee,268.5,Food
EatClub,522.43,Food
Employer Salary Credit,50121.77,Salary
Naturals Salon,2875.04,Miscellaneous
Kirana Shop,2173.21,Other
McDonald's India,330.55,Food
Jio,2938.35,Bills
Barbeque Nation,159.38,Food
House Rent Payment,47390.24,Rent
Myntra,288.0,Shopping
Third Wave Coffee,528.1,Food
Reliance Fresh,596.89,Groceries
Zomato,225.15,Food
Burger King,2208.48,Food
Airtel,382.14,Bills
Nykaa,288.0,Shopping
Reliance Fresh,714.23,Groceries
Home Depot India,744.12,Miscellaneous
Meesho,288.0,Shopping
Indian Oil,3331.23,Fuel
Indian Oil,2187.64,Fuel
Airtel,1495.74,Bills
Credit Card Bill Payment,3757.84,Bills
Flipkart,288.0,Shopping
Reliance Fresh,1444.23,Groceries
Flipkart,368.12,Shopping
BookMyShow,318.83,Entertainment
HPCL,4075.15,Fuel
Domino's India,116.0,Food
HPCL,1673.94,Fuel
Burger King,1486.27,Food
Credit Card Bill Payment,3739.66,Bills
Indane Gas,2434.27,Bills
BookMyShow,149.0,Entertainment
Credit Card Bill Payment,1635.66,Bills
HP Gas,720.38,Bills
Burger King,365.39,Food
Nature's Basket,407.87,Groceries
Kirana Shop,45.82,Other
Credit Card Bill Payment,1227.02,Bills
Indian Oil,1595.46,Fuel
Unknown Merchant,855.88,Other
Jio Fiber,4846.03,Bills
Zepto,655.84,Groceries
Indian Oil,3707.69,Fuel
Social,1420.39,Food
Naturals Salon,88.18,Miscellaneous
Tea Stall,123.68,Other
Kirana Shop,2235.96,Other
Uber,81.73,Miscellaneous
Meesho,1842.74,Shopping
Municipal Water Department,3747.9,Bills
Indian Oil,3039.27,Fuel
Airtel,403.48,Bills
Ace Hardware India,409.67,Miscellaneous
HP Gas,4131.23,Bills
Amazon India,288.0,Shopping
BigBasket,975.6,Groceries
Domino's India,236.72,Food
BPCL,3585.23,Fuel
Credit Card Bill Payment,1917.57,Bills
Airtel,3168.78,Bills
Flipkart,288.0,Shopping
Spotify,225.39,Subscription
Airtel,3492.03,Bills
House Rent Payment,8423.9,Rent
Ajio,1620.18,Shopping
BSNL,2980.17,Bills
Bharat Gas,3003.78,Bills
House Rent Payment,8441.21,Rent
Blinkit,300.0,Groceries
Netflix,175.93,Subscription
HP Gas,1887.9,Bills
McDonald's India,116.0,Food
Bharat Gas,2537.97,Bills
Street Vendor,167.21,Other
Disney+ Hotstar,149.0,Subscription
Domino's India,205.3,Food
Reliance Fresh,614.49,Groceries
BEST,337.64,Bills
Misc Vendor,703.43,Other
DMart,864.98,Groceries
McDonald's India,490.45,Food
Swiggy,116.0,Food
Employer Salary Credit,48070.6,Salary
Credit Card Bill Payment,1697.05,Bills
Netflix,380.44,Subscription
BookMyShow,429.07,Entertainment
Credit Card Bill Payment,234.5,Bills
Credit Card Bill Payment,831.69,Bills
Local Hardware Store,150.66,Miscellaneous
Jio Fiber,1362.55,Bills
Jio,1523.77,Bills
Credit Card Bill Payment,319.41,Bills
Ajio,288.0,Shopping
The Beer Cafe,237.02,Food
Credit Card Bill Payment,997.5,Bills
Local Wine & Beer Shop,116.0,Food
Municipal Water Department,1601.11,Bills
Nature's Basket,1147.5,Groceries
BEST,787.9,Bills
Kirana Shop,1842.15,Other
Municipal Water Department,918.19,Bills
Municipal Water Department,1344.72,Bills
Employer Salary Credit,45805.96,Salary
General Store,1695.79,Other
Cafe Coffee Day,504.5,Food
Credit Card Bill Payment,213.6,Bills
KFC India,684.16,Food
Cafe Coffee Day,2053.09,Food
Credit Card Bill Payment,739.76,Bills
Domino's India,1345.3,Food
Municipal Water Department,591.32,Bills
Credit Card Bill Payment,187.0,Bills
Apollo Pharmacy,1260.27,Miscellaneous
Cafe Coffee Day,526.8,Food
Street Vendor,157.47,Other
IRCTC,1321.61,Miscellaneous
House Rent Payment,42775.53,Rent
BookMyShow,324.82,Entertainment
Myntra,5505.56,Shopping
Municipal Water Department,541.39,Bills
BookMyShow,263.45,Entertainment
Reliance Fresh,892.33,Groceries
Credit Card Bill Payment,2965.1,Bills
Vegetable Market,306.58,Other
House Rent Payment,33223.2,Rent
Spotify,440.41,Subscription
Mobile Repair,730.58,Other
House Rent Payment,35646.96,Rent
KFC India,541.01,Food
Bakery,318.03,Other
Tea Stall,57.16,Other
BPCL,2459.33,Fuel
BEST,3616.8,Bills
Bharat Gas,1840.46,Bills
Street Vendor,107.68,Other
Local Services,400.75,Other
Tea Stall,33.51,Other
Ajio,288.0,Shopping
BPCL,3666.89,Fuel
Domino's India,217.39,Food
Bharat Gas,537.83,Bills
BigBasket,1304.04,Groceries
Third Wave Coffee,116.0,Food
Jio,599.24,Bills
Reliance Fresh,880.71,Groceries
Flower Shop,330.97,Other
KFC India,139.34,Food
Indian Oil,3687.86,Fuel
Credit Card Bill Payment,644.11,Bills
Credit Card Bill Payment,804.79,Bills
Zepto,403.3,Groceries
Spotify,294.24,Subscription
Cafe Coffee Day,2137.1,Food
Nature's Basket,916.82,Groceries
Nature's Basket,1013.36,Groceries
BookMyShow,397.65,Entertainment
HDFC Ergo,7990.0,Insurance
Nature's Basket,500.52,Groceries
Bajaj Allianz,8042.74,Insurance
DMart,746.38,Groceries
Adani Electricity,2487.15,Bills
Zomato,434.43,Food
HPCL,2118.4,Fuel
Misc Vendor,910.47,Other
Amazon Prime,683.41,Subscription
Credit Card Bill Payment,2969.84,Bills
BigBasket,300.0,Groceries
Nature's Basket,414.11,Groceries
BookMyShow,362.25,Entertainment
Misc Vendor,1627.76,Other
Ace Hardware India,589.37,Miscellaneous
Amazon India,4699.21,Shopping
Chaayos,1194.1,Food
DMart,1316.85,Groceries
Credit Card Bill Payment,4056.12,Bills
Credit Card Bill Payment,2096.43,Bills
Credit Card Bill Payment,676.18,Bills
BookMyShow,527.42,Entertainment
Cafe Coffee Day,139.18,Food
Naturals Salon,426.38,Miscellaneous
Reliance Fresh,673.77,Groceries
Domino's India,2990.0,Food
BPCL,2020.3,Fuel
Ace Hardware India,1477.67,Miscellaneous
Indian Oil,2129.05,Fuel
BPCL,2925.49,Fuel
Local Hardware Store,5398.69,Miscellaneous
Spotify,850.0,Subscription
Municipal Water Department,1855.72,Bills
Tata Power,1479.86,Bills
Starbucks India,116.0,Food
Swiggy,116.0,Food
Tata Power,1846.37,Bills
Bakery,44.92,Other
Credit Card Bill Payment,4103.21,Bills
Burger King,116.0,Food
Domino's India,194.67,Food
Swiggy,116.0,Food
Swiggy,116.0,Food
BSNL,2183.78,Bills
HPCL,2437.52,Fuel
Reliance Fresh,1477.89,Groceries
Kirana Shop,934.51,Other
Airtel,1309.1,Bills
Laundry,1381.67,Other
Airtel,2166.55,Bills
Jio,2426.95,Bills
HDFC Ergo,8577.76,Insurance
Spotify,243.74,Subscription
Burger King,1176.78,Food
Airtel,2116.97,Bills
Tata Power,3938.0,Bills
Lakme Salon,789.58,Miscellaneous
Blinkit,836.34,Groceries
IRCTC,336.88,Miscellaneous
Amazon India,5588.54,Shopping
Disney+ Hotstar,309.9,Subscription
HPCL,2751.95,Fuel
Jio Fiber,1344.71,Bills
LIC,8133.63,Insurance
Blinkit,578.17,Groceries
BookMyShow,253.31,Entertainment
Meesho,288.0,Shopping
Rapido,751.46,Miscellaneous
Airtel,4787.86,Bills
Adani Electricity,2954.19,Bills
Misc Vendor,1847.06,Other
Third Wave Coffee,1194.96,Food
Credit Card Bill Payment,2435.51,Bills
Zepto,714.09,Groceries
Airtel,3994.74,Bills
Local Store,143.57,Other
Blinkit,300.0,Groceries
BEST,1201.81,Bills
Adani Electricity,3002.16,Bills
Nykaa,6192.83,Shopping
Indian Oil,3048.29,Fuel
Zepto,2058.92,Groceries
House Rent Payment,8298.96,Rent
Credit Card Bill Payment,1527.21,Bills
Credit Card Bill Payment,8910.56,Bills
HPCL,2527.04,Fuel
BPCL,3381.51,Fuel
Amazon India,493.23,Shopping
Reliance Fresh,300.0,Groceries
Domino's India,720.99,Food
Nature's Basket,1658.96,Groceries
Credit Card Bill Payment,3223.38,Bills
Credit Card Bill Payment,2288.68,Bills
BookMyShow,310.27,Entertainment
Tata Power,910.52,Bills
Swiggy,504.34,Food
KFC India,116.0,Food
Bakery,480.08,Other
McDonald's India,1781.11,Food
Flipkart,340.03,Shopping
Amazon India,288.0,Shopping
HDFC Ergo,8182.07,Insurance
Zepto,1185.81,Groceries
Credit Card Bill Payment,1258.47,Bills
Flower Shop,209.63,Other
Indian Oil,3105.63,Fuel
Bharat Gas,1943.03,Bills
BigBasket,1083.32,Groceries
Reliance Fresh,983.7,Groceries
Street Vendor,229.69,Other
Zepto,812.88,Groceries
Tea Stall,49.78,Other
House Rent Payment,7542.54,Rent
Jio,741.34,Bills
Burger King,240.51,Food
Airtel,1408.91,Bills
DMart,810.77,Groceries
BSNL,1106.25,Bills
McDonald's India,116.0,Food
Chaayos,517.83,Food
Bajaj Allianz,7990.0,Insurance
Rapido,2812.02,Miscellaneous
Social,116.0,Food
Blinkit,300.0,Groceries
Rapido,4321.59,Miscellaneous
Blinkit,857.23,Groceries
Swiggy,341.85,Food
EatClub,2611.07,Food
Cafe Coffee Day,185.54,Food
Employer Salary Credit,53993.7,Salary
Local Wine & Beer Shop,116.0,Food
Local Wine & Beer Shop,442.87,Food
Credit Card Bill Payment,782.2,Bills
Social,234.97,Food
Jio,7454.14,Bills
Tata Play,149.0,Subscription
BookMyShow,363.13,Entertainment
DMart,1031.74,Groceries
Adani Electricity,6668.1,Bills
HP Gas,5861.25,Bills
Tata Play,152.37,Subscription
Swiggy,116.0,Food
House Rent Payment,42382.94,Rent
Faasos,352.93,Food
Unknown Merchant,694.54,Other
Credit Card Bill Payment,626.15,Bills
Jio,1500.38,Bills
DMart,1234.5,Groceries
Zepto,1550.31,Groceries
Uber,65.52,Miscellaneous
Credit Card Bill Payment,4893.16,Bills
Credit Card Bill Payment,4224.36,Bills
Vegetable Market,334.89,Other
Credit Card Bill Payment,1922.02,Bills
Domino's India,342.63,Food
Indian Oil,1974.23,Fuel
Local Wine & Beer Shop,547.77,Food
Jio Fiber,258.05,Bills
House Rent Payment,7601.0,Rent
BPCL,3036.7,Fuel
Credit Card Bill Payment,187.0,Bills
Adani Electricity,1435.57,Bills
Jio,230.35,Bills
Credit Card Bill Payment,4353.92,Bills
Zomato,605.95,Food
Uber,566.93,Miscellaneous
Credit Card Bill Payment,2319.46,Bills
Cafe Coffee Day,954.26,Food
Vegetable Market,476.73,Other
Local Services,1993.85,Other
Domino's India,116.0,Food
Ajio,288.0,Shopping
Starbucks India,864.58,Food
Jio Fiber,957.51,Bills
Credit Card Bill Payment,1920.7,Bills
The Beer Cafe,116.0,Food
Burger King,1103.26,Food
Apollo Pharmacy,470.26,Miscellaneous
Domino's India,992.92,Food
Indane Gas,1048.49,Bills
Airtel,2215.6,Bills
Bakery,439.17,Other
Bharat Gas,3557.66,Bills
KFC India,431.23,Food
DMart,1299.9,Groceries
General Store,90.46,Other
Ajio,3838.33,Shopping
Blinkit,643.47,Groceries
Credit Card Bill Payment,3037.99,Bills
Credit Card Bill Payment,4211.91,Bills
Zepto,1077.92,Groceries
Employer Salary Credit,48563.74,Salary
Airtel,4028.97,Bills
BEST,13326.76,Bills
BigBasket,1208.95,Groceries
Indian Oil,3464.06,Fuel
Jio,6143.15,Bills
Misc Vendor,1541.36,Other
House Rent Payment,36214.95,Rent
Nature's Basket,662.23,Groceries
HP Gas,2888.39,Bills
DMart,320.31,Groceries
KFC India,378.12,Food
Employer Salary Credit,42163.19,Salary
Zepto,1260.85,Groceries
Nature's Basket,300.0,Groceries
Myntra,288.0,Shopping
BookMyShow,237.41,Entertainment
Credit Card Bill Payment,15356.53,Bills
Jio,270.5,Bills
Reliance Fresh,300.0,Groceries
Domino's India,1240.91,Food
Local Store,207.78,Other
Burger King,550.95,Food
General Store,1162.32,Other
McDonald's India,116.0,Food
Local Services,1104.34,Other
Credit Card Bill Payment,9335.72,Bills
Disney+ Hotstar,349.22,Subscription
Laundry,1853.7,Other
Credit Card Bill Payment,2743.92,Bills
Credit Card Bill Payment,1542.39,Bills
Swiggy,311.96,Food
Nature's Basket,590.39,Groceries
Blinkit,814.29,Groceries
Nature's Basket,400.82,Groceries
Local Store,678.52,Other
Airtel,2088.89,Bills
Zomato,336.54,Food
BigBasket,1491.49,Groceries
Vegetable Market,404.52,Other
HPCL,3629.57,Fuel
BSNL,6213.83,Bills
Amazon India,9766.42,Shopping
Home Depot India,736.02,Miscellaneous
House Rent Payment,37323.22,Rent
Swiggy,1389.15,Food
BPCL,1925.59,Fuel
Burger King,270.24,Food
EatClub,484.37,Food
HPCL,3543.1,Fuel
Jio,3854.75,Bills
BPCL,4777.55,Fuel
Blinkit,770.03,Groceries
BookMyShow,258.06,Entertainment
Indian Oil,3077.33,Fuel
Jio,2679.42,Bills
Flipkart,288.0,Shopping
Tea Stall,104.07,Other
KFC India,633.44,Food
Local Wine & Beer Shop,116.0,Food
Myntra,611.95,Shopping
Airtel,1183.54,Bills
McDonald's India,116.0,Food
Local Store,2150.23,Other
Local Wine & Beer Shop,452.15,Food
Nature's Basket,1147.49,Groceries
Jio Fiber,375.29,Bills
House Rent Payment,8295.41,Rent
Flipkart,288.0,Shopping
BigBasket,810.62,Groceries
The Beer Cafe,1425.26,Food
Credit Card Bill Payment,2459.75,Bills
Credit Card Bill Payment,5312.32,Bills
Bharat Gas,187.0,Bills
Myntra,288.0,Shopping
Amazon India,288.0,Shopping
McDonald's India,390.15,Food
BEST,1681.41,Bills
Uber,1064.92,Miscellaneous
Third Wave Coffee,116.0,Food
Credit Card Bill Payment,1865.54,Bills
Reliance Fresh,447.6,Groceries
Tata Power,1981.89,Bills
Blinkit,1484.68,Groceries
Swiggy,483.02,Food
Nature's Basket,349.21,Groceries
Cafe Coffee Day,1274.53,Food
Swiggy,551.79,Food
Zepto,300.0,Groceries
Reliance Fresh,2928.96,Groceries
Zomato,324.23,Food
HP Gas,427.33,Bills
Cafe Coffee Day,1171.22,Food
Reliance Fresh,300.0,Groceries
Domino's India,152.9,Food
Airtel,1105.61,Bills
Street Vendor,61.72,Other
Credit Card Bill Payment,7286.14,Bills
Chaayos,728.78,Food
Unknown Merchant,451.42,Other
Zepto,1085.95,Groceries
BPCL,2784.02,Fuel
Local Hardware Store,96.86,Miscellaneous
BigBasket,926.74,Groceries
Local Store,2433.13,Other
Credit Card Bill Payment,2941.95,Bills
Bakery,355.49,Other
Jio,9054.4,Bills
Jio,318.0,Bills
Indian Oil,2499.92,Fuel
Credit Card Bill Payment,3527.9,Bills
BEST,1210.5,Bills
Tailor,1328.54,Other
Spotify,343.94,Subscription
Fruit Vendor,358.14,Other
DMart,1213.3,Groceries
Jio Fiber,2315.5,Bills
Barbeque Nation,687.91,Food
Flower Shop,371.02,Other
Blinkit,1652.68,Groceries
Flipkart,485.28,Shopping
HDFC Ergo,8337.12,Insurance
Local Wine & Beer Shop,116.0,Food
Indian Oil,2364.91,Fuel
Nature's Basket,300.0,Groceries
HP Gas,403.59,Bills
DMart,951.37,Groceries
Ola,372.22,Miscellaneous
BigBasket,567.66,Groceries
Myntra,411.52,Shopping
Zomato,399.09,Food
House Rent Payment,36295.24,Rent
Jio Fiber,1831.51,Bills
EatClub,685.65,Food
BigBasket,721.38,Groceries
Credit Card Bill Payment,1981.5,Bills
Credit Card Bill Payment,5290.63,Bills
Domino's India,225.85,Food
BEST,3514.28,Bills
Local Wine & Beer Shop,1613.93,Food
Amazon India,3517.35,Shopping
General Store,593.0,Other
Flipkart,288.0,Shopping
Municipal Water Department,718.0,Bills
Credit Card Bill Payment,2503.66,Bills
Credit Card Bill Payment,3507.04,Bills
Credit Card Bill Payment,6221.93,Bills
Employer Salary Credit,55998.36,Salary
Amazon Prime,149.0,Subscription
Naturals Salon,4640.69,Miscellaneous
Employer Salary Credit,62172.08,Salary
Airtel,1060.74,Bills
Chaayos,116.0,Food
Jio,2724.38,Bills
HPCL,2424.69,Fuel
Rapido,3475.39,Miscellaneous
Zepto,1932.15,Groceries
Home Depot India,453.14,Miscellaneous
Third Wave Coffee,908.73,Food
Bharat Gas,1662.79,Bills
BigBasket,1407.74,Groceries
BookMyShow,547.9,Entertainment
Kirana Shop,2273.6,Other
Credit Card Bill Payment,187.0,Bills
House Rent Payment,7715.14,Rent
Local Wine & Beer Shop,263.8,Food
Myntra,288.0,Shopping
Myntra,288.0,Shopping
BigBasket,1330.86,Groceries
Airtel,2385.84,Bills
Flipkart,405.6,Shopping
Tata Play,333.18,Subscription
Zomato,746.46,Food
HDFC Ergo,8829.58,Insurance
Ajio,288.0,Shopping
Local Services,902.64,Other
BEST,2170.57,Bills
DMart,683.58,Groceries
HPCL,2587.4,Fuel
Faasos,1094.2,Food
Cafe Coffee Day,116.0,Food
DMart,853.73,Groceries
House Rent Payment,8178.67,Rent
McDonald's India,116.0,Food
Nykaa,288.0,Shopping
BEST,327.75,Bills
Adani Electricity,1550.28,Bills
McDonald's India,534.01,Food
Credit Card Bill Payment,6614.26,Bills
BEST,7639.04,Bills
Credit Card Bill Payment,5381.68,Bills
BEST,1114.28,Bills
Blinkit,1190.69,Groceries
LIC,8405.16,Insurance
Reliance Fresh,677.75,Groceries
BookMyShow,326.07,Entertainment
BPCL,1757.97,Fuel
BEST,1648.91,Bills
HP Gas,3410.97,Bills
Zepto,300.0,Groceries
Zepto,699.19,Groceries
Domino's India,156.26,Food
The Beer Cafe,394.12,Food
DMart,1101.76,Groceries
Credit Card Bill Payment,341.39,Bills
Ola,60.0,Miscellaneous
Indian Oil,2947.67,Fuel
Credit Card Bill Payment,656.96,Bills
Indane Gas,1399.12,Bills
Starbucks India,354.1,Food
McDonald's India,116.0,Food
House Rent Payment,7870.76,Rent
Rapido,1400.09,Miscellaneous
Indian Oil,4110.45,Fuel
HDFC Ergo,8629.73,Insurance
Reliance Fresh,300.0,Groceries
Bakery,356.79,Other
Local Store,2303.89,Other
Indian Oil,4380.55,Fuel
Reliance Fresh,1268.01,Groceries
Cafe Coffee Day,566.42,Food
Spotify,149.0,Subscription
House Rent Payment,7807.94,Rent
Myntra,1052.31,Shopping
Credit Card Bill Payment,2149.2,Bills
Municipal Water Department,527.24,Bills
Rapido,277.54,Miscellaneous
McDonald's India,549.8,Food
McDonald's India,1330.85,Food
Amazon India,288.0,Shopping
BookMyShow,383.96,Entertainment
Ajio,1765.9,Shopping
Swiggy,817.66,Food
Barbeque Nation,579.29,Food
EatClub,359.85,Food
Jio Fiber,2711.69,Bills
Blinkit,503.83,Groceries
Indian Oil,2476.33,Fuel
Credit Card Bill Payment,874.81,Bills
Fruit Vendor,132.27,Other
BookMyShow,263.12,Entertainment
Local Services,2037.32,Other
Swiggy,513.11,Food
Flipkart,3206.47,Shopping
Amazon India,697.32,Shopping
Street Vendor,58.19,Other
Credit Card Bill Payment,9824.77,Bills
Toit Brewpub,1343.09,Food
Credit Card Bill Payment,3252.37,Bills
Credit Card Bill Payment,2214.49,Bills
Zepto,894.72,Groceries
General Store,809.51,Other
BigBasket,395.39,Groceries
Burger King,173.45,Food
Ola,3049.47,Miscellaneous
Zepto,942.02,Groceries
Swiggy,388.27,Food
BigBasket,889.23,Groceries
HP Gas,5131.85,Bills
Toit Brewpub,586.43,Food
Flipkart,288.0,Shopping
Starbucks India,284.72,Food
Amazon India,802.39,Shopping
Employer Salary Credit,44019.33,Salary
HDFC Ergo,8317.03,Insurance
Zomato,116.0,Food
Fruit Vendor,51.68,Other
Flipkart,11805.73,Shopping
Credit Card Bill Payment,751.22,Bills
Naturals Salon,273.07,Miscellaneous
House Rent Payment,7969.53,Rent
Credit Card Bill Payment,2174.05,Bills
Bharat Gas,1424.23,Bills
DMart,795.92,Groceries
Chaayos,1127.29,Food
HPCL,3998.7,Fuel
McDonald's India,384.47,Food
The Beer Cafe,190.58,Food
Disney+ Hotstar,243.36,Subscription
Airtel,4571.52,Bills
Flipkart,1338.16,Shopping
Adani Electricity,4769.81,Bills
Amazon India,614.11,Shopping
Street Vendor,39.35,Other
Credit Card Bill Payment,2200.54,Bills
Zepto,2040.49,Groceries
Zomato,1523.28,Food
Indian Oil,2918.02,Fuel
Bharat Gas,1336.99,Bills
PharmEasy,1229.34,Miscellaneous
McDonald's India,203.22,Food
Myntra,824.5,Shopping
McDonald's India,421.6,Food
BookMyShow,200.42,Entertainment
Airtel,983.11,Bills
Reliance Fresh,974.66,Groceries
Dish TV,226.62,Subscription
Cafe Coffee Day,1891.1,Food
Myntra,288.0,Shopping
EatClub,309.47,Food
Meesho,803.32,Shopping
Lakme Salon,1371.98,Miscellaneous
Reliance Fresh,753.39,Groceries
Tata Power,4164.36,Bills
Zomato,266.71,Food
Ola,159.54,Miscellaneous
Vegetable Market,418.43,Other
Credit Card Bill Payment,3490.54,Bills
Bharat Gas,195.94,Bills
BigBasket,537.14,Groceries
Adani Electricity,2307.1,Bills
Employer Salary Credit,43972.5,Salary
Jio Fiber,4064.7,Bills
Zomato,454.2,Food
BigBasket,753.31,Groceries
Myntra,313.71,Shopping
Credit Card Bill Payment,469.82,Bills
Tata Power,1234.52,Bills
Credit Card Bill Payment,4265.19,Bills
Chaayos,116.0,Food
Blinkit,1729.48,Groceries
Zepto,300.0,Groceries
Zomato,656.59,Food
Reliance Fresh,998.68,Groceries
Flipkart,288.0,Shopping
Employer Salary Credit,41103.99,Salary
Burger King,116.0,Food
Dish TV,290.46,Subscription
DMart,1691.59,Groceries
BSNL,1175.72,Bills
Indian Oil,3020.39,Fuel
Indane Gas,3114.95,Bills
Jio,1108.76,Bills
Jio,1454.08,Bills
Jio,4412.37,Bills
McDonald's India,713.51,Food
Amazon India,334.33,Shopping
Social,116.0,Food
Credit Card Bill Payment,3771.2,Bills
Blinkit,1089.31,Groceries
Credit Card Bill Payment,2406.76,Bills
Jio Fiber,12175.1,Bills
BPCL,2104.04,Fuel
Employer Salary Credit,38433.18,Salary
DMart,300.0,Groceries
Credit Card Bill Payment,7116.05,Bills
Jio Fiber,5659.7,Bills
Nykaa,957.32,Shopping
Nykaa,1626.39,Shopping
Tailor,2299.56,Other
House Rent Payment,7570.9,Rent
Ajio,288.0,Shopping
Credit Card Bill Payment,187.0,Bills
Jio,1742.82,Bills
Social,971.45,Food
Amazon India,288.0,Shopping
Local Hardware Store,278.22,Miscellaneous
Apollo Pharmacy,60.0,Miscellaneous
BookMyShow,361.03,Entertainment
Blinkit,595.83,Groceries
Myntra,288.0,Shopping
Credit Card Bill Payment,629.07,Bills
DMart,999.54,Groceries
Zomato,696.24,Food
Zepto,1635.68,Groceries
Flipkart,288.0,Shopping
BPCL,3465.44,Fuel
House Rent Payment,8441.52,Rent
Adani Electricity,1615.87,Bills
Credit Card Bill Payment,4094.41,Bills
Nykaa,288.0,Shopping
Credit Card Bill Payment,196.07,Bills
HPCL,2785.17,Fuel
Nykaa,615.71,Shopping
General Store,1952.61,Other
Flipkart,692.67,Shopping
BookMyShow,267.12,Entertainment
Faasos,795.19,Food
Domino's India,322.89,Food
Misc Vendor,711.56,Other
HP Gas,3077.87,Bills
Credit Card Bill Payment,3279.33,Bills
Amazon India,288.0,Shopping
McDonald's India,116.0,Food
Chaayos,899.51,Food
Credit Card Bill Payment,187.0,Bills
BEST,1516.07,Bills
Swiggy,499.87,Food
Uber,283.34,Miscellaneous
Ola,60.0,Miscellaneous
Jio,432.92,Bills
BigBasket,981.2,Groceries
Zomato,116.0,Food
Indian Oil,2501.16,Fuel
Ola,884.8,Miscellaneous
Jio,2704.05,Bills
DMart,300.0,Groceries
Blinkit,975.51,Groceries
Meesho,1152.69,Shopping
Credit Card Bill Payment,1167.86,Bills
IRCTC,2875.28,Miscellaneous
KFC India,148.05,Food
Social,450.74,Food
DMart,1185.57,Groceries
House Rent Payment,46257.98,Rent
Local Wine & Beer Shop,328.54,Food
Local Barbershop,812.93,Miscellaneous
DMart,2114.55,Groceries
Employer Salary Credit,48418.28,Salary
BookMyShow,164.36,Entertainment
Kirana Shop,869.43,Other
BookMyShow,149.0,Entertainment
Bajaj Allianz,7990.0,Insurance
Local Services,335.01,Other
BSNL,920.64,Bills
Zepto,440.27,Groceries
Zepto,741.23,Groceries
Credit Card Bill Payment,3188.69,Bills
BSNL,2642.16,Bills
Domino's India,1501.08,Food
Employer Salary Credit,56002.56,Salary
Naturals Salon,328.43,Miscellaneous
Indian Oil,4057.51,Fuel
Vegetable Market,542.68,Other
Credit Card Bill Payment,1405.74,Bills
Credit Card Bill Payment,7531.63,Bills
Zomato,345.65,Food
Jio Fiber,3720.62,Bills
Indian Oil,3883.96,Fuel
Employer Salary Credit,43706.26,Salary
Credit Card Bill Payment,2890.79,Bills
Reliance Fresh,1309.79,Groceries
Adani Electricity,4495.9,Bills
Chaayos,785.09,Food
Nature's Basket,745.14,Groceries
Jio,187.0,Bills
DMart,951.75,Groceries
Nature's Basket,1490.71,Groceries
Indian Oil,4295.38,Fuel
Swiggy,189.85,Food
Tata Power,1225.18,Bills
HDFC Ergo,8771.0,Insurance
Bharat Gas,2078.99,Bills
Domino's India,1175.3,Food
Indian Oil,2668.35,Fuel
Tailor,1483.92,Other
Employer Salary Credit,50014.14,Salary
Credit Card Bill Payment,6893.07,Bills
Jio,4869.69,Bills
BEST,4889.78,Bills
Spotify,149.0,Subscription
Domino's India,227.75,Food
DMart,975.04,Groceries
McDonald's India,116.0,Food
Toit Brewpub,153.16,Food
Credit Card Bill Payment,1891.52,Bills
Adani Electricity,3897.25,Bills
Barbeque Nation,169.0,Food
Tailor,2320.53,Other
Tailor,839.36,Other
Jio Fiber,977.34,Bills
Swiggy,168.79,Food
Local Barbershop,4937.58,Miscellaneous
BookMyShow,520.83,Entertainment
Toit Brewpub,116.0,Food
Blinkit,1029.93,Groceries
DMart,1126.24,Groceries
Credit Card Bill Payment,580.17,Bills
Chaayos,455.52,Food
Amazon India,288.0,Shopping
Third Wave Coffee,382.96,Food
Adani Electricity,1976.96,Bills
BookMyShow,181.74,Entertainment
HP Gas,515.05,Bills
Credit Card Bill Payment,495.87,Bills
Adani Electricity,6157.99,Bills
The Beer Cafe,116.0,Food
Employer Salary Credit,52336.86,Salary
Zomato,502.47,Food
BSNL,2578.79,Bills
Amazon India,288.0,Shopping
Vegetable Market,330.51,Other
Jio,965.61,Bills
Municipal Water Department,1809.71,Bills
Ajio,288.0,Shopping
BSNL,4443.37,Bills
EatClub,116.0,Food
Municipal Water Department,3520.66,Bills
Credit Card Bill Payment,2095.05,Bills
Municipal Water Department,13683.17,Bills
Tata Power,2552.03,Bills
Faasos,839.28,Food
Credit Card Bill Payment,1477.78,Bills
Credit Card Bill Payment,4412.58,Bills
PharmEasy,130.43,Miscellaneous
Zomato,308.71,Food
Credit Card Bill Payment,881.87,Bills
LIC,8612.36,Insurance
BookMyShow,466.34,Entertainment
Credit Card Bill Payment,401.24,Bills
Unknown Merchant,2228.36,Other
Jio,1427.12,Bills
Adani Electricity,1208.7,Bills
Nature's Basket,673.68,Groceries
Starbucks India,116.0,Food
Apollo Pharmacy,3485.28,Miscellaneous
Starbucks India,116.0,Food
HPCL,2970.72,Fuel
Chaayos,116.38,Food
Third Wave Coffee,1410.15,Food
Meesho,288.0,Shopping
Starbucks India,538.39,Food
McDonald's India,116.0,Food
Burger King,1053.47,Food
Jio,1459.27,Bills
Nature's Basket,388.74,Groceries
BookMyShow,477.96,Entertainment
Zomato,116.0,Food
BigBasket,742.11,Groceries
Netflix,149.0,Subscription
Amazon India,288.0,Shopping
Adani Electricity,1678.84,Bills
House Rent Payment,34802.44,Rent
Myntra,1587.67,Shopping
Airtel,506.27,Bills
Credit Card Bill Payment,2416.51,Bills
Reliance Fresh,790.82,Groceries
Nature's Basket,954.11,Groceries
ICICI Lombard,8670.81,Insurance
DMart,956.49,Groceries
Local Store,541.72,Other
Amazon Prime,149.0,Subscription
Reliance Fresh,471.64,Groceries
Burger King,505.67,Food
BPCL,3208.3,Fuel
Credit Card Bill Payment,2612.71,Bills
Credit Card Bill Payment,839.91,Bills
BSNL,6485.93,Bills
Jio Fiber,538.96,Bills
Credit Card Bill Payment,910.08,Bills
Credit Card Bill Payment,1240.25,Bills
Misc Vendor,1925.63,Other
Chaayos,626.4,Food
HPCL,3187.85,Fuel
Credit Card Bill Payment,2700.86,Bills
Mobile Repair,2237.96,Other
Tata 1mg,60.0,Miscellaneous
BigBasket,1680.8,Groceries
McDonald's India,151.83,Food
KFC India,882.1,Food
Employer Salary Credit,51185.37,Salary
BigBasket,867.72,Groceries
Cafe Coffee Day,232.9,Food
McDonald's India,988.18,Food
BPCL,1827.58,Fuel
Ajio,1007.05,Shopping
HP Gas,3766.41,Bills
Nature's Basket,320.61,Groceries
Tata Power,5170.3,Bills
Zepto,472.58,Groceries
Reliance Fresh,450.36,Groceries
Zepto,796.09,Groceries
BSNL,4915.58,Bills
Municipal Water Department,2046.63,Bills
Local Services,2046.49,Other
Employer Salary Credit,52963.61,Salary
Ace Hardware India,269.59,Miscellaneous
Cafe Coffee Day,539.18,Food
Tata 1mg,1074.59,Miscellaneous
House Rent Payment,8043.07,Rent
McDonald's India,116.0,Food
Credit Card Bill Payment,1379.13,Bills
House Rent Payment,42343.13,Rent
Swiggy,1810.81,Food
Bharat Gas,8793.4,Bills
KFC India,116.0,Food
BSNL,8857.85,Bills
Cafe Coffee Day,376.11,Food
Indian Oil,2012.33,Fuel
Jio,2836.16,Bills
Credit Card Bill Payment,2209.24,Bills
BookMyShow,292.8,Entertainment
BEST,3972.57,Bills
BookMyShow,554.2,Entertainment
Nature's Basket,370.42,Groceries
Zepto,300.0,Groceries
Spotify,674.41,Subscription
HDFC Ergo,8536.28,Insurance
HPCL,3266.91,Fuel
Reliance Fresh,353.98,Groceries
Tata Power,5519.43,Bills
Laundry,627.63,Other
BigBasket,1669.6,Groceries
Reliance Fresh,425.91,Groceries
Adani Electricity,385.96,Bills
Tata Power,1132.82,Bills
Myntra,1909.72,Shopping
Reliance Fresh,1081.68,Groceries
Flower Shop,45.21,Other
Starbucks India,487.19,Food
McDonald's India,501.26,Food
Credit Card Bill Payment,1960.69,Bills
Zomato,890.92,Food
Amazon India,288.0,Shopping
Flipkart,288.0,Shopping
Adani Electricity,6021.68,Bills
Laundry,89.28,Other
BigBasket,636.29,Groceries
ICICI Lombard,8351.92,Insurance
Indian Oil,4526.25,Fuel
Lakme Salon,3379.76,Miscellaneous
Myntra,288.0,Shopping
Laundry,1504.6,Other
Credit Card Bill Payment,4345.72,Bills
Credit Card Bill Payment,1926.23,Bills
Misc Vendor,1426.96,Other
Indian Oil,2316.95,Fuel
PharmEasy,262.69,Miscellaneous
Netflix,461.3,Subscription
House Rent Payment,34377.77,Rent
EatClub,116.0,Food
BSNL,4887.51,Bills
Reliance Fresh,300.0,Groceries
BSNL,2594.44,Bills
Vegetable Market,499.85,Other
BEST,2128.66,Bills
Starbucks India,116.0,Food
Indian Oil,1702.15,Fuel
HPCL,2740.09,Fuel
Spotify,850.0,Subscription
Flipkart,426.74,Shopping
BEST,10254.46,Bills
Airtel,6443.68,Bills
Jio,3109.44,Bills
Chaayos,427.25,Food
Myntra,288.0,Shopping
Ace Hardware India,141.87,Miscellaneous
PharmEasy,395.01,Miscellaneous
BookMyShow,343.17,Entertainment
Jio,1476.19,Bills
IRCTC,60.0,Miscellaneous
Domino's India,382.2,Food
Credit Card Bill Payment,1130.02,Bills
Meesho,288.0,Shopping
Street Vendor,248.37,Other
Tailor,2353.08,Other
Bharat Gas,2385.52,Bills
Blinkit,908.62,Groceries
House Rent Payment,43761.7,Rent
Bakery,239.49,Other
Vegetable Market,476.64,Other
Reliance Fresh,928.74,Groceries
DMart,928.02,Groceries
Jio Fiber,12768.3,Bills
Credit Card Bill Payment,2043.99,Bills
Municipal Water Department,3317.0,Bills
Myntra,14738.39,Shopping
BPCL,1788.73,Fuel
Credit Card Bill Payment,6776.91,Bills
Credit Card Bill Payment,5975.77,Bills
Credit Card Bill Payment,517.04,Bills
Credit Card Bill Payment,367.43,Bills
Myntra,288.0,Shopping
Local Store,1570.22,Other
Reliance Fresh,610.66,Groceries
Domino's India,116.0,Food
BPCL,4463.25,Fuel
Tata Power,1575.94,Bills
Credit Card Bill Payment,2036.41,Bills
Credit Card Bill Payment,2251.07,Bills
Airtel,305.14,Bills
DMart,1261.94,Groceries
Airtel,204.0,Bills
Fruit Vendor,102.3,Other
Street Vendor,235.18,Other
Amazon India,288.0,Shopping
Tata Power,380.95,Bills
Bharat Gas,2581.5,Bills
PharmEasy,60.0,Miscellaneous
BEST,1252.05,Bills
Indian Oil,3695.52,Fuel
PharmEasy,2026.71,Miscellaneous
Flipkart,288.0,Shopping
Zepto,1012.97,Groceries
Cafe Coffee Day,451.13,Food
Credit Card Bill Payment,2942.96,Bills
EatClub,1816.26,Food
Bharat Gas,2640.71,Bills
BigBasket,449.83,Groceries
Municipal Water Department,2324.76,Bills
Amazon Prime,305.04,Subscription
IRCTC,60.0,Miscellaneous
Spotify,149.0,Subscription
Nature's Basket,300.0,Groceries
Tata 1mg,2655.63,Miscellaneous
BookMyShow,271.09,Entertainment
Meesho,2003.45,Shopping
Jio,13960.69,Bills
Jio Fiber,546.94,Bills
Zomato,866.68,Food
Credit Card Bill Payment,1966.52,Bills
Nykaa,11751.02,Shopping
Rapido,3377.64,Miscellaneous
Airtel,696.75,Bills
DMart,300.0,Groceries
HPCL,3704.43,Fuel
Netflix,294.67,Subscription
House Rent Payment,7920.8,Rent
Local Barbershop,650.05,Miscellaneous
Indane Gas,1580.03,Bills
HPCL,2785.38,Fuel
BSNL,9754.07,Bills
Adani Electricity,1221.47,Bills
BookMyShow,252.07,Entertainment
House Rent Payment,8289.52,Rent
BSNL,534.97,Bills
Tata 1mg,60.0,Miscellaneous
KFC India,791.4,Food
Nature's Basket,300.0,Groceries
Credit Card Bill Payment,2139.49,Bills
Spotify,196.53,Subscription
Netflix,530.94,Subscription
Jio,762.82,Bills
Jio Fiber,2441.18,Bills
McDonald's India,225.81,Food
Swiggy,485.25,Food
Tata 1mg,889.47,Miscellaneous
Swiggy,893.09,Food
Credit Card Bill Payment,486.44,Bills
ICICI Lombard,8473.54,Insurance
Flipkart,288.0,Shopping
Myntra,2165.0,Shopping
Employer Salary Credit,33983.8,Salary
Credit Card Bill Payment,3122.66,Bills
Nature's Basket,300.0,Groceries
Chaayos,582.73,Food
Unknown Merchant,720.14,Other
Municipal Water Department,2082.75,Bills
Barbeque Nation,602.39,Food
Zepto,1414.28,Groceries
Tata Play,182.41,Subscription
Indian Oil,1793.82,Fuel
Credit Card Bill Payment,8265.34,Bills
Flower Shop,245.95,Other
Local Wine & Beer Shop,440.37,Food
Adani Electricity,2629.92,Bills
Blinkit,955.27,Groceries
Nature's Basket,1037.04,Groceries
Flower Shop,37.96,Other
Cafe Coffee Day,116.0,Food
Zepto,943.63,Groceries
Flower Shop,72.83,Other
Rapido,60.0,Miscellaneous
Burger King,293.47,Food
Cafe Coffee Day,959.68,Food
Domino's India,1354.39,Food
Blinkit,902.76,Groceries
Adani Electricity,4332.87,Bills
Municipal Water Department,841.11,Bills
Zomato,134.92,Food
Amazon India,539.44,Shopping
Credit Card Bill Payment,2975.46,Bills
Credit Card Bill Payment,2624.31,Bills
House Rent Payment,47647.26,Rent
Employer Salary Credit,45507.89,Salary
Chaayos,316.76,Food
Zomato,140.43,Food
PharmEasy,3115.38,Miscellaneous
Swiggy,347.57,Food
Nykaa,288.0,Shopping
Credit Card Bill Payment,1497.07,Bills
Airtel,1275.54,Bills
Mobile Repair,2452.73,Other
Barbeque Nation,620.15,Food
Third Wave Coffee,163.09,Food
BookMyShow,154.0,Entertainment
Uber,1498.7,Miscellaneous
Flipkart,1941.68,Shopping
Netflix,319.22,Subscription
BSNL,1839.87,Bills
Airtel,5789.19,Bills
BigBasket,1293.2,Groceries
Nature's Basket,690.02,Groceries
Cafe Coffee Day,1247.46,Food
Adani Electricity,1840.01,Bills
BigBasket,300.0,Groceries
Blinkit,525.77,Groceries
BPCL,3788.65,Fuel
Nykaa,1504.3,Shopping
HP Gas,2546.74,Bills
Swiggy,182.49,Food
Vegetable Market,572.38,Other
Zepto,1186.25,Groceries
Zomato,678.24,Food
Airtel,5915.83,Bills
Zepto,561.27,Groceries
Airtel,5317.58,Bills
EatClub,388.45,Food
BSNL,3169.36,Bills
PharmEasy,3342.03,Miscellaneous
Airtel,187.0,Bills
Airtel,2875.69,Bills
Indane Gas,4504.05,Bills
Swiggy,116.0,Food
Spotify,149.0,Subscription
Adani Electricity,8769.27,Bills
Local Services,1645.44,Other
Jio,719.84,Bills
Jio Fiber,1410.16,Bills
Swiggy,1207.05,Food
Indian Oil,2711.16,Fuel
Airtel,8486.41,Bills
Myntra,288.0,Shopping
Municipal Water Department,278.37,Bills
Employer Salary Credit,51158.94,Salary
Indian Oil,3191.42,Fuel
Netflix,149.0,Subscription
Third Wave Coffee,1118.87,Food
Credit Card Bill Payment,7707.07,Bills
Tata Power,2457.95,Bills
Tata Power,1914.55,Bills
Vegetable Market,535.7,Other
Zomato,116.0,Food
Reliance Fresh,350.63,Groceries
BPCL,3008.67,Fuel
Tata Power,1620.18,Bills
Jio,2897.56,Bills
McDonald's India,406.52,Food
BEST,2684.03,Bills
Tea Stall,141.69,Other
Credit Card Bill Payment,5402.58,Bills
Airtel,463.29,Bills
Faasos,446.89,Food
Naturals Salon,129.83,Miscellaneous
Street Vendor,99.29,Other
Burger King,116.0,Food
Zomato,845.15,Food
Starbucks India,931.94,Food
IRCTC,592.35,Miscellaneous
LIC,8349.36,Insurance
HDFC Ergo,8348.61,Insurance
Burger King,638.15,Food
Reliance Fresh,492.46,Groceries
McDonald's India,116.0,Food
Mobile Repair,344.63,Other
Amazon India,947.34,Shopping
Flipkart,2131.07,Shopping
The Beer Cafe,227.76,Food
EatClub,220.13,Food
Credit Card Bill Payment,305.24,Bills
Indian Oil,4246.81,Fuel
Nykaa,3682.91,Shopping
Local Services,810.01,Other
Jio,842.17,Bills
Municipal Water Department,430.1,Bills
BSNL,5268.34,Bills
Credit Card Bill Payment,613.57,Bills
Zomato,983.7,Food
Employer Salary Credit,49657.84,Salary
DMart,1265.11,Groceries
Credit Card Bill Payment,10162.95,Bills
Nykaa,288.0,Shopping
Credit Card Bill Payment,7669.15,Bills
Netflix,389.59,Subscription
Bajaj Allianz,8821.05,Insurance
Ola,4341.65,Miscellaneous
Third Wave Coffee,853.9,Food
Local Wine & Beer Shop,116.0,Food
Airtel,3710.16,Bills
Municipal Water Department,2813.39,Bills
Tata Power,3904.71,Bills
Jio,10671.02,Bills
BookMyShow,269.08,Entertainment
Tata Play,149.0,Subscription
Myntra,2711.98,Shopping
Airtel,2955.95,Bills
Nykaa,374.67,Shopping
Ace Hardware India,502.65,Miscellaneous
Credit Card Bill Payment,2501.87,Bills
Ola,60.0,Miscellaneous
Reliance Fresh,638.97,Groceries
Municipal Water Department,2992.01,Bills
BPCL,3564.98,Fuel
Credit Card Bill Payment,1441.76,Bills
Ace Hardware India,60.0,Miscellaneous
Ace Hardware India,60.0,Miscellaneous
Employer Salary Credit,35672.4,Salary
Reliance Fresh,398.64,Groceries
LIC,8277.49,Insurance
Indian Oil,3582.74,Fuel
Credit Card Bill Payment,1042.89,Bills
General Store,30.74,Other
Airtel,2742.33,Bills
Myntra,288.0,Shopping
Faasos,209.25,Food
Jio,1831.59,Bills
HP Gas,2041.04,Bills
BookMyShow,262.8,Entertainment
Indane Gas,563.36,Bills
Airtel,1750.41,Bills
Credit Card Bill Payment,3356.46,Bills
Credit Card Bill Payment,2563.37,Bills
Amazon Prime,498.32,Subscription
Burger King,1628.67,Food
Credit Card Bill Payment,2362.53,Bills
Cafe Coffee Day,136.81,Food
Zepto,2009.78,Groceries
Tata Power,690.03,Bills
McDonald's India,318.78,Food
Amazon India,288.0,Shopping
Credit Card Bill Payment,2890.58,Bills
BSNL,1268.51,Bills
Employer Salary Credit,52599.6,Salary
Amazon Prime,149.0,Subscription
Credit Card Bill Payment,6359.62,Bills
Credit Card Bill Payment,207.06,Bills
Swiggy,1216.43,Food
Faasos,116.0,Food
Mobile Repair,1437.8,Other
Indian Oil,2005.49,Fuel
Indane Gas,7419.9,Bills
House Rent Payment,7775.62,Rent
LIC,8547.9,Insurance
Credit Card Bill Payment,212.11,Bills
Credit Card Bill Payment,187.0,Bills
House Rent Payment,7798.14,Rent
Dish TV,149.0,Subscription
Zomato,116.0,Food
Tata Power,187.0,Bills
Burger King,983.91,Food
BPCL,3701.95,Fuel
Ace Hardware India,1481.26,Miscellaneous
Credit Card Bill Payment,3119.58,Bills
Tata Power,469.96,Bills
Local Services,542.99,Other
Myntra,288.0,Shopping
Third Wave Coffee,464.88,Food
BookMyShow,202.95,Entertainment
Indian Oil,3389.76,Fuel
Disney+ Hotstar,612.62,Subscription
Employer Salary Credit,37104.74,Salary
Bajaj Allianz,8258.18,Insurance
Municipal Water Department,617.49,Bills
BigBasket,384.44,Groceries
Municipal Water Department,4052.04,Bills
House Rent Payment,8078.93,Rent
House Rent Payment,8458.82,Rent
Domino's India,1103.95,Food
KFC India,173.53,Food
Chaayos,116.0,Food
Domino's India,269.91,Food
Nature's Basket,341.19,Groceries
Swiggy,119.24,Food
Municipal Water Department,2001.62,Bills
LIC,8427.55,Insurance
Laundry,1268.98,Other
BookMyShow,248.13,Entertainment
Jio Fiber,2854.83,Bills
Credit Card Bill Payment,5126.57,Bills
Third Wave Coffee,868.78,Food
Netflix,149.0,Subscription
Blinkit,517.68,Groceries
Myntra,1181.94,Shopping
BigBasket,461.49,Groceries
Faasos,1546.33,Food
Amazon India,3404.51,Shopping
BEST,1454.83,Bills
Tata Play,502.62,Subscription
Credit Card Bill Payment,1832.31,Bills
HDFC Ergo,8646.26,Insurance
Nykaa,861.29,Shopping
Myntra,288.0,Shopping
BSNL,3620.57,Bills
Jio,2426.05,Bills
Tata Play,310.81,Subscription
Blinkit,312.73,Groceries
Fruit Vendor,101.56,Other
Blinkit,601.22,Groceries
Indian Oil,2662.2,Fuel
Tata Power,989.69,Bills
Adani Electricity,187.0,Bills
Adani Electricity,4892.57,Bills
Bakery,330.08,Other
Flipkart,288.0,Shopping
Cafe Coffee Day,561.25,Food
Fruit Vendor,239.89,Other
Airtel,1195.92,Bills
Vegetable Market,239.93,Other
Indian Oil,2329.72,Fuel
Jio,1431.16,Bills
Airtel,1730.89,Bills
BPCL,2161.67,Fuel
Zepto,300.0,Groceries
Employer Salary Credit,54192.35,Salary
Zepto,563.89,Groceries
BPCL,2341.86,Fuel
HPCL,3653.03,Fuel
Local Wine & Beer Shop,725.29,Food
Uber,60.0,Miscellaneous
Swiggy,348.8,Food
Zepto,645.81,Groceries
DMart,1086.93,Groceries
Blinkit,1542.36,Groceries
Jio,1155.69,Bills
Credit Card Bill Payment,3829.87,Bills
Amazon Prime,177.41,Subscription
Credit Card Bill Payment,10638.34,Bills
Burger King,131.92,Food
Employer Salary Credit,42295.15,Salary
Tata Play,149.0,Subscription
DMart,850.19,Groceries
General Store,1722.34,Other
Vegetable Market,103.21,Other
BEST,7450.46,Bills
Naturals Salon,3582.41,Miscellaneous
BookMyShow,276.84,Entertainment
Cafe Coffee Day,116.0,Food
Flipkart,492.29,Shopping
Nature's Basket,300.0,Groceries
Unknown Merchant,1864.74,Other
Nature's Basket,730.24,Groceries
Zepto,409.0,Groceries
Street Vendor,43.15,Other
Amazon India,288.0,Shopping
Amazon India,288.0,Shopping
Indian Oil,2876.18,Fuel
Ajio,11499.28,Shopping
Local Services,1154.96,Other
BSNL,967.53,Bills
BEST,9833.53,Bills
DMart,1182.65,Groceries
Bakery,124.14,Other
Credit Card Bill Payment,1183.07,Bills
Third Wave Coffee,223.32,Food
Jio,1805.42,Bills
McDonald's India,681.11,Food
Indane Gas,2053.87,Bills
Toit Brewpub,298.02,Food
Adani Electricity,1900.8,Bills
BigBasket,1322.48,Groceries
House Rent Payment,7665.2,Rent
Municipal Water Department,2174.94,Bills
Indane Gas,187.0,Bills
Indane Gas,5899.79,Bills
Meesho,288.0,Shopping
Kirana Shop,2444.8,Other
McDonald's India,717.23,Food
Credit Card Bill Payment,423.65,Bills
Blinkit,731.59,Groceries
Zomato,116.0,Food
Third Wave Coffee,150.09,Food
Jio,1066.93,Bills
Employer Salary Credit,55679.65,Salary
Starbucks India,213.12,Food
Flower Shop,61.47,Other
BookMyShow,206.27,Entertainment
Jio Fiber,1193.52,Bills
Bajaj Allianz,8838.68,Insurance
Jio Fiber,827.34,Bills
Indian Oil,3750.96,Fuel
Swiggy,116.0,Food
Local Wine & Beer Shop,531.83,Food
KFC India,628.11,Food
Credit Card Bill Payment,5278.61,Bills
Kirana Shop,1226.06,Other
Reliance Fresh,584.61,Groceries
Credit Card Bill Payment,1079.61,Bills
McDonald's India,768.66,Food
DMart,749.02,Groceries
Swiggy,378.2,Food
Disney+ Hotstar,705.04,Subscription
Ace Hardware India,1906.78,Miscellaneous
Zomato,935.57,Food
Third Wave Coffee,116.0,Food
Blinkit,874.45,Groceries
Airtel,2144.1,Bills
Airtel,683.87,Bills
Municipal Water Department,3410.59,Bills
Zepto,879.26,Groceries
Burger King,700.41,Food
Zomato,470.88,Food
Jio Fiber,2094.44,Bills
Credit Card Bill Payment,3283.63,Bills
Blinkit,300.0,Groceries
Third Wave Coffee,416.09,Food
KFC India,984.25,Food
Bajaj Allianz,7990.0,Insurance
Municipal Water Department,1728.35,Bills
House Rent Payment,40188.34,Rent
Zepto,714.11,Groceries
Nykaa,2173.54,Shopping
Fruit Vendor,64.29,Other
Airtel,1679.89,Bills
Mobile Repair,45.64,Other
General Store,416.93,Other
Jio,2662.23,Bills
Indian Oil,4681.64,Fuel
Bakery,57.52,Other
Employer Salary Credit,51961.53,Salary
Indian Oil,3208.1,Fuel
Dish TV,178.16,Subscription
Reliance Fresh,300.0,Groceries
HP Gas,2496.57,Bills
Credit Card Bill Payment,2378.38,Bills
Nature's Basket,467.82,Groceries
Reliance Fresh,410.23,Groceries
Unknown Merchant,2387.89,Other
HPCL,2988.95,Fuel
DMart,1437.46,Groceries
DMart,307.58,Groceries
Apollo Pharmacy,6102.61,Miscellaneous
Zomato,262.03,Food
Myntra,2462.54,Shopping
BigBasket,600.91,Groceries
Jio Fiber,1421.33,Bills
BSNL,4776.79,Bills
EatClub,930.99,Food
Airtel,819.6,Bills
BookMyShow,183.32,Entertainment
Flower Shop,102.23,Other
Bakery,220.97,Other
Municipal Water Department,4143.82,Bills
Local Wine & Beer Shop,123.75,Food
Municipal Water Department,187.0,Bills
Tata Power,1789.8,Bills
Municipal Water Department,251.19,Bills
Meesho,1015.07,Shopping
Municipal Water Department,1409.62,Bills
BigBasket,300.0,Groceries
Employer Salary Credit,46862.71,Salary
PharmEasy,60.0,Miscellaneous
Credit Card Bill Payment,1171.71,Bills
Employer Salary Credit,41048.69,Salary
Disney+ Hotstar,592.51,Subscription
LIC,8330.25,Insurance
HPCL,2698.27,Fuel
DMart,1168.27,Groceries
Meesho,288.0,Shopping
Flower Shop,287.16,Other
Indian Oil,3094.71,Fuel
BookMyShow,180.12,Entertainment
Municipal Water Department,2825.33,Bills
Toit Brewpub,1110.03,Food
Bakery,375.93,Other
Credit Card Bill Payment,1615.3,Bills
Swiggy,2781.67,Food
McDonald's India,559.41,Food
Indian Oil,4154.02,Fuel
Reliance Fresh,786.16,Groceries
Swiggy,116.0,Food
HPCL,4135.57,Fuel
Blinkit,300.0,Groceries
Jio Fiber,3973.05,Bills
Credit Card Bill Payment,1942.47,Bills
Nature's Basket,1616.32,Groceries
Spotify,281.68,Subscription
Credit Card Bill Payment,941.33,Bills
Uber,1329.1,Miscellaneous
KFC India,116.0,Food
Credit Card Bill Payment,1270.28,Bills
Credit Card Bill Payment,187.0,Bills
Employer Salary Credit,59365.71,Salary
Employer Salary Credit,35534.17,Salary
HDFC Ergo,8139.61,Insurance
Bharat Gas,3535.28,Bills
IRCTC,99.15,Miscellaneous
DMart,960.5,Groceries
House Rent Payment,44273.13,Rent
Credit Card Bill Payment,4226.3,Bills
Credit Card Bill Payment,3993.82,Bills
Laundry,1381.0,Other
Reliance Fresh,660.09,Groceries
Tata Power,794.88,Bills
Credit Card Bill Payment,4819.09,Bills
Credit Card Bill Payment,2782.8,Bills
Swiggy,116.0,Food
BSNL,1447.24,Bills
Zepto,914.42,Groceries
Apollo Pharmacy,695.28,Miscellaneous
McDonald's India,116.0,Food
Unknown Merchant,806.54,Other
DMart,548.91,Groceries
Unknown Merchant,2153.41,Other
Credit Card Bill Payment,2191.16,Bills
Misc Vendor,500.94,Other
Indian Oil,2386.93,Fuel
HDFC Ergo,8480.02,Insurance
Employer Salary Credit,43056.95,Salary
Credit Card Bill Payment,3455.68,Bills
Domino's India,116.0,Food
Cafe Coffee Day,302.22,Food
BigBasket,735.36,Groceries
BigBasket,692.95,Groceries
Spotify,149.0,Subscription
Credit Card Bill Payment,3981.79,Bills
Burger King,116.0,Food
Reliance Fresh,676.56,Groceries
Blinkit,457.96,Groceries
McDonald's India,1251.11,Food
Street Vendor,32.02,Other
BigBasket,330.15,Groceries
Zepto,1058.89,Groceries
Local Services,1906.78,Other
Dish TV,149.0,Subscription
Amazon Prime,765.11,Subscription
Flipkart,1164.91,Shopping
Third Wave Coffee,821.31,Food
Spotify,768.56,Subscription
Swiggy,262.21,Food
Jio,633.28,Bills
Indian Oil,4773.25,Fuel
Zomato,116.0,Food
Myntra,4505.92,Shopping
Nature's Basket,379.37,Groceries
Flower Shop,172.36,Other
Vegetable Market,229.58,Other
Mobile Repair,441.33,Other
Domino's India,121.35,Food
Nature's Basket,566.59,Groceries
Adani Electricity,3680.32,Bills
Bakery,80.02,Other
Municipal Water Department,4326.89,Bills
Third Wave Coffee,265.62,Food
Ace Hardware India,3263.04,Miscellaneous
Myntra,488.24,Shopping
Bharat Gas,2113.78,Bills
Tata Power,2537.25,Bills
Credit Card Bill Payment,2405.65,Bills
BSNL,4178.27,Bills
Bharat Gas,1703.89,Bills
Jio Fiber,2012.72,Bills
Credit Card Bill Payment,9262.51,Bills
Tata Power,2022.25,Bills
Bajaj Allianz,8358.89,Insurance
Nature's Basket,427.94,Groceries
Nature's Basket,371.56,Groceries
Swiggy,405.95,Food
Barbeque Nation,238.86,Food
Blinkit,1271.12,Groceries
Mobile Repair,2485.92,Other
HPCL,3811.46,Fuel
House Rent Payment,37950.45,Rent
House Rent Payment,42005.78,Rent
Starbucks India,823.13,Food
Swiggy,747.98,Food
HPCL,2259.97,Fuel
Adani Electricity,11840.36,Bills
Bharat Gas,2098.14,Bills
Airtel,1196.77,Bills
Amazon India,288.0,Shopping
Flipkart,705.36,Shopping
BookMyShow,216.75,Entertainment
Indian Oil,3458.62,Fuel
Credit Card Bill Payment,1268.88,Bills
Zepto,1087.22,Groceries
House Rent Payment,7867.17,Rent
Local Store,388.33,Other
Credit Card Bill Payment,187.0,Bills
Chaayos,646.93,Food
Reliance Fresh,758.42,Groceries
Faasos,514.99,Food
Zomato,918.86,Food
Burger King,369.42,Food
DMart,300.0,Groceries
Swiggy,1038.88,Food
LIC,8492.32,Insurance
BPCL,2798.2,Fuel
McDonald's India,119.09,Food
BigBasket,300.0,Groceries
Kirana Shop,1758.04,Other
BookMyShow,608.28,Entertainment
BEST,6283.15,Bills
Credit Card Bill Payment,11001.92,Bills
Mobile Repair,930.82,Other
Credit Card Bill Payment,1198.03,Bills
Zepto,1243.4,Groceries
BigBasket,812.21,Groceries
Blinkit,1262.95,Groceries
Jio Fiber,1371.46,Bills
PharmEasy,97.92,Miscellaneous
Domino's India,749.27,Food
Swiggy,178.32,Food
Bharat Gas,4641.25,Bills
Jio Fiber,1157.52,Bills
Myntra,288.0,Shopping
DMart,670.33,Groceries
DMart,636.77,Groceries
Jio Fiber,2362.36,Bills
Nature's Basket,1415.95,Groceries
Jio,1744.3,Bills
BigBasket,520.08,Groceries
Adani Electricity,2091.87,Bills
Zomato,308.61,Food
Tailor,1993.51,Other
Credit Card Bill Payment,3827.17,Bills
Rapido,3288.47,Miscellaneous
Cafe Coffee Day,806.18,Food
BPCL,3083.55,Fuel
Myntra,288.0,Shopping
Adani Electricity,1917.24,Bills
Zepto,804.04,Groceries
Faasos,116.0,Food
Zepto,562.29,Groceries
Amazon India,288.0,Shopping
Zomato,184.06,Food
Credit Card Bill Payment,8771.99,Bills
HP Gas,3453.36,Bills
Fruit Vendor,257.07,Other
Airtel,2931.56,Bills
Cafe Coffee Day,228.27,Food
Toit Brewpub,1366.25,Food
Airtel,894.77,Bills
Tata 1mg,227.7,Miscellaneous
Employer Salary Credit,44524.99,Salary
Apollo Pharmacy,870.5,Miscellaneous
Vegetable Market,216.8,Other
Credit Card Bill Payment,1417.91,Bills
Zepto,754.06,Groceries
Employer Salary Credit,42608.88,Salary
Zomato,374.04,Food
Credit Card Bill Payment,4758.52,Bills
Local Services,1792.17,Other
Credit Card Bill Payment,4572.7,Bills
Zepto,724.16,Groceries
DMart,520.69,Groceries
Third Wave Coffee,116.0,Food
Jio,2558.76,Bills
Reliance Fresh,2869.54,Groceries
Naturals Salon,4808.72,Miscellaneous
House Rent Payment,20861.36,Rent
Income Tax Payment,39289.29,Bills
House Rent Payment,27481.17,Rent
Bajaj Allianz,14085.55,Insurance
Myntra,4337.21,Shopping
KFC,1821.89,Food
House Rent Payment,10110.06,Rent
Income Tax Payment,13211.55,Bills
ICICI Prudential MF,41358.08,Investment
Myntra,5037.16,Shopping
BookMyShow,628.96,Entertainment
Tailor,2088.68,Other
Jio Fiber,7236.33,Bills
Faasos,188.96,Food
Barbeque Nation,539.78,Food
Credit Card Bill Payment,9711.58,Bills
Reliance Fresh,1079.14,Groceries
Street Vendor,1348.43,Other
Zomato,2451.99,Food
Third Wave Coffee,2587.05,Food
BPCL,2574.75,Fuel
Reliance Fresh,3149.39,Groceries
Street Vendor,783.33,Other
Local Store,453.6,Other
Reliance Fresh,2597.58,Groceries
Reliance Fresh,617.78,Groceries
Third Wave Coffee,1560.56,Food
BigBasket,1106.89,Groceries
BPCL,4393.55,Fuel
Municipal Water Department,8197.48,Bills
Amazon India,10485.16,Shopping
Starbucks India,2573.36,Food
Amazon Prime,512.88,Subscription
BEST,6126.27,Bills
Zomato,1182.37,Food
Third Wave Coffee,1267.79,Food
LIC,40473.78,Insurance
Home Depot India,2146.94,Miscellaneous
Reliance Fresh,968.04,Groceries
Third Wave Coffee,1964.81,Food
Cafe Coffee Day,278.63,Food
BigBasket,353.12,Groceries
Local Wine & Beer Shop,1536.37,Food
BigBasket,3271.64,Groceries
HP Gas,5988.71,Bills
IRCTC,1927.81,Miscellaneous
HDFC Ergo,40338.28,Insurance
Local Hardware Store,6208.42,Miscellaneous
Income Tax Payment,5973.58,Bills
Credit Card Bill Payment,14781.61,Bills
Indian Oil,1337.62,Fuel
Blinkit,680.92,Groceries
DMart,4893.35,Groceries
Amazon India,8142.1,Shopping
BigBasket,4550.49,Groceries
BPCL,1576.68,Fuel
Rapido,2850.59,Miscellaneous
Blinkit,2224.24,Groceries
PharmEasy,639.69,Miscellaneous
Laundry,1312.81,Other
Indian Oil,592.36,Fuel
Indian Oil,2286.82,Fuel
Domino's India,2848.35,Food
Ace Hardware India,1287.28,Miscellaneous
Jio Fiber,15758.74,Bills
Adani Electricity,8540.02,Bills
Tata Power,11784.38,Bills
DMart,1262.94,Groceries
Jio,13750.97,Bills
Apollo Pharmacy,666.2,Miscellaneous
Municipal Water Department,14826.14,Bills
Indane Gas,11736.95,Bills
HPCL,4966.24,Fuel
Municipal Water Department,7816.65,Bills
Jio,5568.2,Bills
Reliance Fresh,708.84,Groceries
Naturals Salon,6788.36,Miscellaneous
Domino's India,2758.73,Food
Netflix,747.25,Entertainment
Nature's Basket,2613.93,Groceries
BEST,564.13,Bills
Nature's Basket,2830.16,Groceries
EatClub,1328.33,Food
EMI Home Loan,14813.44,Bills
Municipal Water Department,2004.41,Bills
EMI Home Loan,7898.87,Bills
Bharat Gas,5258.57,Bills
Bharat Gas,2618.8,Bills
Tata Power,6950.31,Bills
Amazon India,3936.5,Shopping
EMI Personal Loan,17292.23,Bills
Flipkart,5438.76,Shopping
Zomato,564.94,Food
House Rent Payment,20226.82,Rent
Jio,7816.14,Bills
Employer Salary Credit,160155.48,Salary
Nature's Basket,4325.5,Groceries
Dish TV,220.9,Subscription
ICICI Prudential MF,6045.93,Investment
EMI Personal Loan,12012.76,Bills
DMart,1925.65,Groceries
Flipkart,9632.4,Shopping
Starbucks India,2398.52,Food
KFC,1470.14,Food
Reliance Fresh,3963.73,Groceries
Zepto,3483.96,Groceries
Ola,3413.44,Miscellaneous
Home Depot India,903.44,Miscellaneous
EMI Home Loan,16275.87,Bills
Third Wave Coffee,949.59,Food
Zepto,1973.65,Groceries
Fruit Vendor,995.12,Other
Tata 1mg,2698.66,Miscellaneous
Swiggy,2783.31,Food
BPCL,3601.68,Fuel
Misc Vendor,1836.35,Other
Chaayos,2772.71,Food
BSNL,7733.28,Bills
Amazon Prime,789.18,Subscription
BEST,10753.43,Bills
Barbeque Nation,198.35,Food
Disney+ Hotstar,595.04,Subscription
BPCL,2921.58,Fuel
PharmEasy,2488.51,Miscellaneous
Indian Oil,1523.35,Fuel
Municipal Water Department,10746.88,Bills
ICICI Lombard,41957.25,Insurance
BigBasket,1217.64,Groceries
Tata Play,318.63,Subscription
DMart,4267.6,Groceries
Adani Electricity,9071.01,Bills
McDonald's India,2115.21,Food
Blinkit,536.14,Groceries
Flipkart,13223.34,Shopping
Jio Fiber,10434.48,Bills
Blinkit,2803.17,Groceries
Bajaj Allianz,44421.72,Insurance
Zomato,1050.58,Food
BPCL,3836.16,Fuel
Third Wave Coffee,2731.18,Food
Income Tax Payment,27240.34,Bills
Zepto,1436.9,Groceries
Jio Fiber,11674.12,Bills
Bharat Gas,294.22,Bills
Amazon Prime,1669.04,Entertainment
Netflix,1664.49,Entertainment
HP Gas,1268.27,Bills
Income Tax Payment,6421.92,Bills
HP Gas,6572.7,Bills
Income Tax Payment,30499.16,Bills
BigBasket,795.73,Groceries
Indane Gas,3653.39,Bills
The Beer Cafe,2923.32,Food
Credit Card Bill Payment,7756.86,Bills
EMI Home Loan,24067.76,Bills
Indane Gas,5651.26,Bills
Domino's India,2044.72,Food
Nykaa,9657.62,Shopping
Municipal Water Department,4914.76,Bills
HP Gas,6096.7,Bills
HP Gas,3529.38,Bills
Adani Electricity,5411.17,Bills
EMI Home Loan,9094.28,Bills
Vegetable Market,642.48,Other
Indane Gas,727.51,Bills
ICICI Lombard,20441.92,Insurance
DMart,1985.32,Groceries
Blinkit,1763.15,Groceries
BEST,3163.35,Bills
PharmEasy,14131.51,Miscellaneous
BSNL,2404.53,Bills
Adani Electricity,5276.21,Bills
Adani Electricity,7782.98,Bills
Blinkit,2716.25,Groceries
Jio,11511.81,Bills
Airtel,13822.72,Bills
Netflix,291.05,Subscription
House Rent Payment,45695.16,Rent
Amazon India,6991.26,Shopping
Employer Salary Credit,177208.79,Salary
ATM,3214.18,Other
McDonald's India,895.86,Food
House Rent Payment,18777.66,Rent
House Rent Payment,9992.57,Rent
Employer Salary Credit,105918.84,Salary
Barbeque Nation,260.7,Food
BookMyShow,1373.95,Entertainment
House Rent Payment,12266.41,Rent
House Rent Payment,24343.91,Rent
Employer Salary Credit,100003.05,Salary
ICICI Lombard,32438.82,Insurance
Street Vendor,1512.77,Other
IRCTC,1650.69,Miscellaneous
Chaayos,2221.78,Food
HDFC Ergo,45456.83,Insurance
DMart,1978.47,Groceries
Laundry,1257.26,Other
BigBasket,3437.52,Groceries
Dish TV,791.56,Subscription
Faasos,2222.64,Food
Municipal Water Department,669.57,Bills
Nature's Basket,3573.22,Groceries
EatClub,2830.35,Food
Adani Electricity,4469.36,Bills
Tata Power,14367.17,Bills
Mobile Repair,515.19,Other
Disney+ Hotstar,1210.43,Entertainment
BEST,6898.52,Bills
Nature's Basket,3659.34,Groceries
Tata Play,539.49,Subscription
The Beer Cafe,2274.2,Food
Jio,14838.04,Bills
Cafe Coffee Day,675.35,Food
Kirana Shop,1553.18,Other
EMI Home Loan,15314.63,Bills
Swiggy,798.51,Food
Amazon Prime,812.66,Subscription
DMart,457.98,Groceries
Indane Gas,14262.23,Bills
Tata Power,10984.35,Bills
Social,2914.7,Food
HPCL,3892.55,Fuel
Zepto,839.41,Groceries
Adani Electricity,11059.08,Bills
Jio Fiber,15567.58,Bills
Zomato,1443.8,Food
Nykaa,2705.51,Shopping
Tata Power,14753.88,Bills
Tata Power,2625.7,Bills
DMart,4297.7,Groceries
Local Wine & Beer Shop,1743.85,Food
Street Food Vendor,85.53,Other
BigBasket,1770.06,Groceries
Reliance Fresh,2377.9,Groceries
Starbucks India,2462.91,Food
EatClub,1348.79,Food
Tata Power,3238.98,Bills
DMart,4090.1,Groceries
Myntra,646.9,Shopping
KFC,361.29,Food
Indian Oil,495.86,Fuel
Indian Oil,1437.08,Fuel
Zepto,1735.96,Groceries
Unknown Merchant,484.78,Other
Myntra,13438.39,Shopping
Reliance Fresh,1364.53,Groceries
Ace Hardware India,5979.02,Miscellaneous
Blinkit,556.78,Groceries
Myntra,3585.32,Shopping
HP Gas,6715.57,Bills
ICICI Lombard,42421.71,Insurance
Jio,15539.69,Bills
Jio Fiber,3093.39,Bills
Income Tax Payment,3194.31,Bills
Jio,10672.19,Bills
Jio,13211.3,Bills
EMI Personal Loan,24781.18,Bills
HP Gas,664.84,Bills
Myntra,6038.12,Shopping
Adani Electricity,14256.9,Bills
BookMyShow,1805.33,Entertainment
Netflix,1842.41,Entertainment
Income Tax Payment,7706.42,Bills
Kirana Shop,540.57,Other
Flipkart,5693.36,Shopping
Income Tax Payment,22191.48,Bills
HP Gas,13147.28,Bills
Indane Gas,8748.89,Bills
BookMyShow,1422.28,Entertainment
Dish TV,662.29,Subscription
Jio Fiber,4878.72,Bills
Chaayos,893.11,Food
Local Barbershop,210.91,Miscellaneous
Jio Fiber,11305.77,Bills
Adani Electricity,11853.56,Bills
Credit Card Bill Payment,11023.61,Bills
BEST,14847.81,Bills
Apollo Pharmacy,2839.38,Miscellaneous
HP Gas,14210.47,Bills
EatClub,1632.55,Food
EMI Home Loan,5455.05,Bills
Tata Power,2631.55,Bills
Jio,3795.47,Bills
LIC,37983.29,Insurance
Municipal Water Department,10107.86,Bills
Local Wine & Beer Shop,2693.37,Food
Meesho,11829.17,Shopping
Indian Oil,2930.35,Fuel
ICICI Prudential MF,48875.36,Investment
House Rent Payment,14993.98,Rent
Netflix,513.51,Entertainment
Tata 1mg,2969.41,Miscellaneous
DMart,1715.95,Groceries
House Rent Payment,35207.19,Rent
Nykaa,5843.63,Shopping
Employer Salary Credit,103650.59,Salary
Interest Credit,284.25,Salary
EMI Personal Loan,24324.66,Bills
Employer Salary Credit,98319.03,Salary
Unknown Merchant,191.23,Other
Chaayos,1901.59,Food
House Rent Payment,32283.24,Rent
Street Food Vendor,208.99,Other
Employer Salary Credit,122159.85,Salary
Swiggy,1818.41,Food
House Rent Payment,29378.56,Rent
Income Tax Payment,8126.41,Bills
ATM,760.29,Other
Disney+ Hotstar,1332.01,Entertainment
BigBasket,4932.56,Groceries
Zomato,2235.58,Food
Uber,1815.54,Miscellaneous
Social,1799.78,Food
Zepto,4088.16,Groceries
Burger King,967.59,Food
Indian Oil,4923.29,Fuel
PharmEasy,12191.82,Miscellaneous
Reliance Fresh,4845.07,Groceries
Local Wine & Beer Shop,2283.76,Food
BEST,704.39,Bills
Zomato,1134.62,Food
Indian Oil,4174.45,Fuel
Bharat Gas,7798.19,Bills
Airtel Digital TV,286.85,Subscription
KFC,1914.72,Food
DMart,753.71,Groceries
Adani Electricity,10795.3,Bills
ATM,3095.86,Other
Credit Card Bill Payment,15571.58,Bills
Blinkit,1311.45,Groceries
Bharat Gas,3339.94,Bills
Indian Oil,2222.08,Fuel
EatClub,2034.66,Food
Cafe Coffee Day,1801.91,Food
Reliance Fresh,2309.44,Groceries
Social,700.06,Food
Disney+ Hotstar,1075.24,Entertainment
Bharat Gas,2320.91,Bills
Blinkit,2365.7,Groceries
Social,2611.04,Food
Zepto,4436.74,Groceries
Domino's India,1520.36,Food
Nature's Basket,4252.27,Groceries
Misc Vendor,931.13,Other
HPCL,4972.45,Fuel
Airtel,14194.56,Bills
BigBasket,2195.08,Groceries
Mobile Repair,413.34,Other
Amazon India,9392.73,Shopping
Zepto,2938.98,Groceries
Burger King,2426.16,Food
Reliance Fresh,4703.07,Groceries
Income Tax Payment,12205.36,Bills
ATM,3689.45,Other
EatClub,1439.07,Food
Stationery Shop,2396.13,Other
BigBasket,4839.36,Groceries
Barbeque Nation,466.74,Food
Airtel,11349.5,Bills
Tata Power,2196.11,Bills
Tata Power,9134.3,Bills
Jio Fiber,1837.47,Bills
Reliance Fresh,4504.4,Groceries
BEST,2039.25,Bills
ATM,3502.46,Other
Reliance Fresh,4978.56,Groceries
Indane Gas,9318.66,Bills
Flipkart,4166.44,Shopping
Jio Fiber,12497.61,Bills
Credit Card Bill Payment,10853.51,Bills
Jio,6198.08,Bills
BEST,4610.78,Bills
Municipal Water Department,8149.04,Bills
Indane Gas,8289.76,Bills
Tata Power,13959.33,Bills
Municipal Water Department,6584.46,Bills
HP Gas,2789.63,Bills
Adani Electricity,7462.28,Bills
Nature's Basket,1716.48,Groceries
Adani Electricity,5397.44,Bills
Ajio,9207.49,Shopping
Employer Salary Credit,79766.06,Salary
House Rent Payment,35917.83,Rent
Jio Fiber,13812.9,Bills
Myntra,7835.39,Shopping
BSNL,3744.96,Bills
Employer Salary Credit,94651.28,Salary
Reliance Fresh,2049.21,Groceries
Stationery Shop,1945.59,Other
BPCL,3157.15,Fuel
HPCL,1897.41,Fuel
SBI Mutual Fund,27993.87,Investment
Blinkit,3975.21,Groceries
Ace Hardware India,6938.25,Miscellaneous
General Store,1777.69,Other
Nature's Basket,3680.96,Groceries
Chaayos,2367.2,Food
Third Wave Coffee,1032.42,Food
HPCL,2060.4,Fuel
HDFC Ergo,24320.46,Insurance
Laundry,1394.48,Other
Municipal Water Department,5930.75,Bills
Jio,2019.51,Bills
Income Tax Payment,25860.21,Bills
Reliance Fresh,2334.24,Groceries
Home Depot India,92.01,Miscellaneous
Chaayos,2003.52,Food
HPCL,1269.38,Fuel
Flipkart,8235.19,Shopping
The Beer Cafe,261.49,Food
Spotify,347.02,Subscription
Starbucks India,1982.15,Food
Pet Shop,1155.83,Other
Tata Power,15376.84,Bills
Nykaa,10396.72,Shopping
Airtel,6283.57,Bills
Tailor,360.03,Other
Laundry,953.12,Other
Amazon India,5646.41,Shopping
Third Wave Coffee,1793.43,Food
BookMyShow,1786.87,Entertainment
Indane Gas,10791.08,Bills
Meesho,7002.46,Shopping
Uber,2694.69,Miscellaneous
EatClub,404.11,Food
DMart,1704.01,Groceries
ATM,3890.43,Other
BSNL,15707.89,Bills
Zomato,2088.5,Food
Indian Oil,1327.96,Fuel
EMI Home Loan,6010.01,Bills
BigBasket,2084.99,Groceries
Cafe Coffee Day,2423.9,Food
BigBasket,327.07,Groceries
The Beer Cafe,2787.47,Food
Street Food Vendor,252.62,Other
Local Services,2124.09,Other
Blinkit,3156.44,Groceries
Stationery Shop,1547.64,Other
Bharat Gas,471.06,Bills
Third Wave Coffee,1951.12,Food
PharmEasy,1466.73,Miscellaneous
Cafe Coffee Day,306.16,Food
HDFC Ergo,5629.04,Insurance
Reliance Fresh,3277.35,Groceries
General Store,1438.68,Other
EMI Personal Loan,4375.58,Bills
LIC,17904.66,Insurance
HPCL,3657.34,Fuel
Ajio,7933.98,Shopping
BPCL,2798.39,Fuel
Indian Oil,2322.44,Fuel
Cafe Coffee Day,2981.9,Food
Reliance Fresh,420.52,Groceries
Blinkit,1439.61,Groceries
Airtel,13456.46,Bills
Ajio,1273.55,Shopping
Indane Gas,9912.34,Bills
Local Barbershop,2400.61,Miscellaneous
Income Tax Payment,9503.88,Bills
Jio,10530.67,Bills
Third Wave Coffee,1413.29,Food
Jio,2770.87,Bills
BEST,15742.03,Bills
Starbucks India,2494.39,Food
Reliance Fresh,3866.25,Groceries
Jio,8215.42,Bills
Jio Fiber,10658.14,Bills
Spotify,300.93,Subscription
EMI Personal Loan,9351.26,Bills
Indian Oil,1106.96,Fuel
HP Gas,11048.44,Bills
BEST,11740.33,Bills
HP Gas,1977.19,Bills
Local Services,318.98,Other
Local Wine & Beer Shop,2326.75,Food
EMI Personal Loan,20176.75,Bills
EMI Home Loan,16160.96,Bills
Uber,1682.93,Miscellaneous
Bharat Gas,10664.92,Bills
BSNL,13382.34,Bills
Reliance Fresh,2200.16,Groceries
Indane Gas,7202.96,Bills
Spotify,549.81,Subscription
Disney+ Hotstar,831.42,Subscription
BigBasket,927.36,Groceries
EMI Personal Loan,16629.58,Bills
ATM,4785.0,Other
SBI Mutual Fund,7945.64,Investment
Employer Salary Credit,82756.63,Salary
Street Food Vendor,293.72,Other
Employer Salary Credit,148020.81,Salary
Indian Oil,3211.6,Fuel
Disney+ Hotstar,458.78,Entertainment
Interest Credit,1155.43,Salary
EatClub,1326.98,Food
PharmEasy,461.52,Miscellaneous
Employer Salary Credit,47528.1,Salary
House Rent Payment,45770.84,Rent
Bharat Gas,8634.69,Bills
Amazon Prime,1514.13,Entertainment
Jio Fiber,14062.72,Bills
BookMyShow,1936.38,Entertainment
Airtel,7419.23,Bills
Interest Credit,655.16,Salary
BPCL,4507.05,Fuel
EatClub,767.02,Food
Local Hardware Store,5798.73,Miscellaneous
BookMyShow,1604.52,Entertainment
EMI Personal Loan,22342.09,Bills
Adani Electricity,15589.49,Bills
Myntra,4781.87,Shopping
McDonald's India,2562.17,Food
Spotify,811.26,Subscription
BPCL,963.75,Fuel
Income Tax Payment,29671.17,Bills
Tata Play,719.7,Subscription
Indian Oil,1336.37,Fuel
Jio Fiber,9274.23,Bills
KFC,1517.56,Food
Myntra,5915.14,Shopping
HP Gas,2600.62,Bills
Tata 1mg,2898.58,Miscellaneous
Faasos,2062.04,Food
HP Gas,4661.64,Bills
Flipkart,6564.52,Shopping
Faasos,712.47,Food
Starbucks India,2692.07,Food
Netflix,730.15,Entertainment
Airtel Digital TV,760.16,Subscription
DMart,3680.25,Groceries
Home Depot India,2686.17,Miscellaneous
Cafe Coffee Day,312.45,Food
BEST,4202.84,Bills
Nykaa,1720.03,Shopping
Nature's Basket,621.76,Groceries
Ajio,13932.55,Shopping
ATM,4180.85,Other
HDFC Ergo,18171.0,Insurance
EatClub,716.84,Food
Spotify,341.12,Subscription
Swiggy,761.51,Food
Netflix,1386.53,Entertainment
Adani Electricity,5624.76,Bills
Credit Card Bill Payment,10176.84,Bills
Credit Card Bill Payment,2674.14,Bills
BEST,681.85,Bills
EMI Home Loan,19672.61,Bills
Swiggy,1410.31,Food
Jio Fiber,13338.65,Bills
Jio,2445.77,Bills
Jio,13759.86,Bills
Dish TV,693.39,Subscription
EMI Personal Loan,11951.98,Bills
Indane Gas,2359.42,Bills
Swiggy,904.09,Food
Mobile Repair,2020.95,Other
BEST,9739.87,Bills
BSNL,5934.78,Bills
Income Tax Payment,3553.01,Bills
BEST,14743.22,Bills
HP Gas,11812.24,Bills
Adani Electricity,11464.4,Bills
Tata Power,306.47,Bills
HPCL,3873.07,Fuel
Jio,6380.31,Bills
Swiggy,1363.37,Food
Jio Fiber,11478.72,Bills
Income Tax Payment,6325.86,Bills
BSNL,11631.68,Bills
Local Hardware Store,5551.58,Miscellaneous
Zepto,1698.48,Groceries
House Rent Payment,18194.25,Rent
House Rent Payment,16716.97,Rent
Jio,12118.25,Bills
Airtel,15122.41,Bills
Ace Hardware India,1582.11,Miscellaneous
Mutual Fund SIP,7465.22,Investment
Indian Oil,4197.65,Fuel
Social,2423.4,Food
Income Tax Payment,15720.84,Bills
Airtel Digital TV,798.45,Subscription
Employer Salary Credit,238163.14,Salary
Nature's Basket,573.37,Groceries
Tata Play,456.84,Subscription
Tailor,42.45,Other
Myntra,6436.47,Shopping
Amazon India,14282.7,Shopping
Third Wave Coffee,2251.94,Food
Airtel,12728.27,Bills
The Beer Cafe,1012.16,Food
EatClub,463.83,Food
Amazon India,10256.64,Shopping
Local Store,711.32,Other
EMI Home Loan,19842.03,Bills
Jio,12136.2,Bills
Meesho,8227.89,Shopping
Dish TV,526.91,Subscription
Ajio,14727.2,Shopping
HPCL,4042.33,Fuel
Nykaa,1156.91,Shopping
Amazon India,1774.75,Shopping
Credit Card Bill Payment,413.74,Bills
ATM,1104.96,Other
Fruit Vendor,420.95,Other
BPCL,4858.59,Fuel
Myntra,3841.56,Shopping
McDonald's India,1351.7,Food
Social,866.25,Food
Faasos,2780.55,Food
Nykaa,10644.77,Shopping
Faasos,1824.52,Food
DMart,1809.46,Groceries
KFC,1972.37,Food
BPCL,1765.04,Fuel
Reliance Fresh,1721.37,Groceries
Amazon India,633.36,Shopping
Disney+ Hotstar,532.2,Subscription
KFC,1574.3,Food
Zepto,2188.36,Groceries
Jio Fiber,5727.09,Bills
Third Wave Coffee,997.68,Food
BSNL,11721.37,Bills
Pet Shop,708.11,Other
Bharat Gas,8467.4,Bills
Adani Electricity,10249.27,Bills
McDonald's India,2266.28,Food
EMI Home Loan,9986.91,Bills
Third Wave Coffee,2480.19,Food
Unknown Merchant,587.42,Other
Home Depot India,7994.76,Miscellaneous
BigBasket,3574.26,Groceries
Municipal Water Department,1365.27,Bills
Airtel,6364.02,Bills
Mobile Repair,1411.97,Other
Bharat Gas,4375.41,Bills
Airtel,6810.0,Bills
Third Wave Coffee,2529.76,Food
Interest Credit,392.61,Salary
Municipal Water Department,286.44,Bills
Indane Gas,5715.2,Bills
Airtel,6958.91,Bills
Nature's Basket,4751.33,Groceries
Airtel,4099.32,Bills
Indane Gas,793.88,Bills
BEST,13942.99,Bills
Burger King,1073.05,Food
Adani Electricity,14008.27,Bills
Indane Gas,10974.76,Bills
Stationery Shop,2012.63,Other
Tailor,2417.78,Other
Mutual Fund SIP,42645.54,Investment
Local Wine & Beer Shop,1993.19,Food
SBI Mutual Fund,15938.03,Investment
Swiggy,1944.37,Food
House Rent Payment,21438.09,Rent
Flipkart,5849.25,Shopping
Tata 1mg,953.9,Miscellaneous
HDFC Mutual Fund,6855.52,Investment
Reliance Fresh,537.69,Groceries
Employer Salary Credit,176264.99,Salary
Bajaj Allianz,38446.04,Insurance
Pet Shop,1978.25,Other
Domino's India,986.58,Food
Faasos,2340.45,Food
Disney+ Hotstar,480.72,Subscription
Swiggy,962.29,Food
Bajaj Allianz,10686.89,Insurance
Starbucks India,2508.21,Food
Zepto,3183.03,Groceries
Local Hardware Store,7653.92,Miscellaneous
Naturals Salon,255.04,Miscellaneous
Home Depot India,2778.2,Miscellaneous
BSNL,12885.41,Bills
Ajio,9686.18,Shopping
Airtel,12944.73,Bills
Reliance Fresh,1221.66,Groceries
BPCL,2151.16,Fuel
Local Wine & Beer Shop,205.52,Food
DMart,3676.16,Groceries
Amazon Prime,645.56,Subscription
Local Barbershop,1067.47,Miscellaneous
Nature's Basket,3074.63,Groceries
McDonald's India,968.24,Food
Ajio,5639.27,Shopping
HPCL,2001.02,Fuel
BSNL,6305.58,Bills
Cafe Coffee Day,2320.9,Food
Zepto,1262.0,Groceries
Nature's Basket,4713.62,Groceries
Rapido,3134.37,Miscellaneous
Dish TV,514.53,Subscription
BigBasket,2035.62,Groceries
Faasos,2327.52,Food
BigBasket,1588.06,Groceries
BSNL,13805.22,Bills
Flipkart,10562.25,Shopping
EMI Home Loan,3662.29,Bills
Local Wine & Beer Shop,2050.11,Food
EatClub,211.43,Food
General Store,992.39,Other
Myntra,10688.19,Shopping
Faasos,2860.28,Food
Disney+ Hotstar,601.71,Subscription
BigBasket,3011.45,Groceries
BPCL,2636.72,Fuel
Social,1173.02,Food
Income Tax Payment,15567.12,Bills
Zomato,1426.75,Food
McDonald's India,959.78,Food
EatClub,315.52,Food
Bharat Gas,2240.52,Bills
The Beer Cafe,1783.42,Food
Bajaj Allianz,38529.81,Insurance
Zomato,603.12,Food
Airtel,2150.52,Bills
Jio Fiber,6106.95,Bills
BSNL,3580.22,Bills
Myntra,3352.78,Shopping
Jio,4518.45,Bills
Municipal Water Department,14244.57,Bills
Jio Fiber,1201.09,Bills
BEST,9358.82,Bills
Disney+ Hotstar,1701.05,Entertainment
Indane Gas,6845.18,Bills
ATM,2475.37,Other
DMart,4699.93,Groceries
Indane Gas,4929.83,Bills
Barbeque Nation,1965.64,Food
HP Gas,13680.25,Bills
Netflix,480.02,Subscription
Barbeque Nation,157.14,Food
EMI Personal Loan,21592.66,Bills
HDFC Ergo,19993.79,Insurance
Jio,6696.67,Bills
Nature's Basket,4256.6,Groceries
Zepto,1845.13,Groceries
HDFC Ergo,30974.59,Insurance
Faasos,1378.85,Food
Jio,11179.41,Bills
EMI Personal Loan,5681.49,Bills
Meesho,3419.03,Shopping
Bharat Gas,4529.94,Bills
Adani Electricity,1509.54,Bills
KFC,1220.55,Food
Indane Gas,4323.17,Bills
EMI Personal Loan,4585.86,Bills
Employer Salary Credit,168889.74,Salary
Uber,1300.1,Miscellaneous
Flipkart,2768.91,Shopping
BigBasket,3410.99,Groceries
ICICI Prudential MF,11127.45,Investment
Burger King,2784.88,Food
HDFC Mutual Fund,2723.11,Investment
House Rent Payment,11654.9,Rent
Mutual Fund SIP,40791.53,Investment
Tata Power,769.22,Bills
Zomato,2636.76,Food
Reliance Fresh,3943.65,Groceries
Zepto,2188.87,Groceries
Naturals Salon,4685.53,Miscellaneous
Mutual Fund SIP,3360.14,Investment
Amazon India,12069.76,Shopping
Social,2307.27,Food
General Store,1793.45,Other
BPCL,392.64,Fuel
BigBasket,1692.88,Groceries
The Beer Cafe,1675.71,Food
Reliance Fresh,1029.63,Groceries
Bajaj Allianz,5240.12,Insurance
EatClub,2762.28,Food
Faasos,2209.34,Food
HPCL,536.06,Fuel
EatClub,2499.68,Food
Zepto,1988.28,Groceries
Tea Stall,136.62,Other
Blinkit,616.1,Groceries
Misc Vendor,512.81,Other
Indian Oil,4165.91,Fuel
Zomato,1258.74,Food
Adani Electricity,13072.1,Bills
BigBasket,3743.85,Groceries
Nykaa,9402.04,Shopping
HP Gas,4690.43,Bills
Starbucks India,2690.17,Food
Myntra,10748.27,Shopping
BigBasket,3535.49,Groceries
HP Gas,7765.29,Bills
Bharat Gas,5385.92,Bills
Meesho,4522.03,Shopping
The Beer Cafe,2034.54,Food
Third Wave Coffee,1678.17,Food
Nature's Basket,1362.34,Groceries
Nature's Basket,4910.64,Groceries
EatClub,637.91,Food
Zomato,2932.43,Food
Myntra,3877.91,Shopping
Reliance Fresh,1058.41,Groceries
Nykaa,4685.14,Shopping
Tea Stall,142.82,Other
Disney+ Hotstar,316.4,Subscription
HDFC Ergo,14042.87,Insurance
BPCL,2031.23,Fuel
Zomato,1884.37,Food
Bajaj Allianz,22052.53,Insurance
Bajaj Allianz,29420.5,Insurance
Reliance Fresh,4085.53,Groceries
Laundry,1653.18,Other
Reliance Fresh,1948.85,Groceries
HPCL,2218.31,Fuel
Indian Oil,4911.38,Fuel
Barbeque Nation,2324.9,Food
Credit Card Bill Payment,4290.76,Bills
Home Depot India,3250.0,Miscellaneous
Indane Gas,8675.16,Bills
The Beer Cafe,2345.11,Food
Bharat Gas,4951.06,Bills
Airtel,12899.23,Bills
Airtel,2138.52,Bills
Income Tax Payment,7275.43,Bills
Adani Electricity,10980.11,Bills
Tata Power,556.58,Bills
Jio,3468.59,Bills
DMart,461.63,Groceries
BSNL,7207.83,Bills
Indane Gas,1127.83,Bills
BSNL,1085.67,Bills
Municipal Water Department,14852.89,Bills
Chaayos,1405.55,Food
Social,2069.45,Food
DMart,2986.58,Groceries
Adani Electricity,9398.43,Bills
BEST,14041.69,Bills
HP Gas,8625.27,Bills
ATM,1795.75,Other
DMart,4826.06,Groceries
Third Wave Coffee,449.01,Food
BigBasket,655.79,Groceries
Bharat Gas,5248.37,Bills
Income Tax Payment,7935.66,Bills
HP Gas,13865.88,Bills
Ajio,2906.35,Shopping
BSNL,3065.24,Bills
Municipal Water Department,10502.53,Bills
Netflix,394.99,Subscription
Reliance Fresh,3295.92,Groceries
Faasos,1401.26,Food
Jio,11975.61,Bills
Bajaj Allianz,28770.02,Insurance
Tata 1mg,2566.01,Miscellaneous
House Rent Payment,9960.05,Rent
EMI Personal Loan,6310.39,Bills
Faasos,1059.34,Food
ICICI Prudential MF,16456.52,Investment
KFC,1666.5,Food
Flipkart,2863.78,Shopping
Ace Hardware India,3912.45,Miscellaneous
House Rent Payment,30940.78,Rent
Unknown Merchant,1452.43,Other
ICICI Prudential MF,32650.69,Investment
House Rent Payment,9149.25,Rent
House Rent Payment,22081.97,Rent
Tata Power,9599.57,Bills
Airtel Digital TV,668.28,Subscription
Reliance Fresh,1025.5,Groceries
Barbeque Nation,1811.42,Food
DMart,4927.95,Groceries
Meesho,5215.26,Shopping
Mobile Repair,397.08,Other
McDonald's India,2053.06,Food
Street Food Vendor,154.19,Other
HPCL,377.96,Fuel
Local Store,2115.06,Other
Nykaa,10084.71,Shopping
DMart,3294.85,Groceries
Home Depot India,8314.1,Miscellaneous
Swiggy,625.96,Food
Local Wine & Beer Shop,1435.52,Food
HPCL,4291.22,Fuel
Unknown Merchant,1214.18,Other
Adani Electricity,12510.26,Bills
Tata Play,554.65,Subscription
Reliance Fresh,3419.25,Groceries
Meesho,19326.75,Shopping
Nature's Basket,2657.13,Groceries
Disney+ Hotstar,765.59,Subscription
Amazon India,45837.77,Shopping
HPCL,1415.07,Fuel
Amazon India,1784.77,Shopping
McDonald's India,2114.77,Food
Flower Shop,313.47,Other
Reliance Fresh,842.35,Groceries
Street Vendor,1302.83,Other
HPCL,4678.31,Fuel
Faasos,1006.38,Food
Local Wine & Beer Shop,1495.16,Food
Meesho,15472.79,Shopping
Domino's India,2457.81,Food
Myntra,762.6,Shopping
HPCL,4028.33,Fuel
Flipkart,10884.18,Shopping
Spotify,308.88,Subscription
Social,1662.28,Food
Swiggy,2527.8,Food
Indian Oil,1572.03,Fuel
Credit Card Bill Payment,13295.35,Bills
Stationery Shop,1737.24,Other
Fruit Vendor,1975.35,Other
Flipkart,29443.81,Shopping
Social,565.25,Food
The Beer Cafe,1885.95,Food
Street Vendor,1156.3,Other
KFC,1814.05,Food
Tata Power,4469.79,Bills
Burger King,1574.87,Food
EMI Personal Loan,16530.29,Bills
ICICI Lombard,23442.3,Insurance
Fruit Vendor,1637.68,Other
Local Hardware Store,4763.61,Miscellaneous
Reliance Fresh,4541.34,Groceries
Reliance Fresh,3813.11,Groceries
Myntra,7337.85,Shopping
EatClub,599.42,Food
Netflix,1974.09,Entertainment
Zepto,3770.71,Groceries
Indane Gas,10896.94,Bills
Zepto,2316.59,Groceries
Zomato,359.04,Food
HPCL,2309.73,Fuel
Indian Oil,4572.45,Fuel
EatClub,1080.54,Food
The Beer Cafe,2497.27,Food
Bharat Gas,5450.08,Bills
BEST,309.24,Bills
Adani Electricity,5046.44,Bills
KFC,418.82,Food
Jio,10201.67,Bills
Zepto,2323.01,Groceries
Jio,15150.3,Bills
BSNL,6680.84,Bills
Tata Play,467.77,Subscription
McDonald's India,2708.18,Food
Netflix,708.0,Subscription
Airtel,13621.38,Bills
Jio Fiber,9170.76,Bills
Myntra,3453.61,Shopping
Bakery,1746.13,Other
HP Gas,8996.11,Bills
Jio,5493.68,Bills
Credit Card Bill Payment,10977.1,Bills
Airtel,4741.24,Bills
HP Gas,3021.47,Bills
EMI Personal Loan,19939.86,Bills
Jio,7894.52,Bills
Ace Hardware India,5656.87,Miscellaneous
Nature's Basket,1143.01,Groceries
Nykaa,4267.15,Shopping
Myntra,20793.23,Shopping
Ajio,14867.05,Shopping
Interest Credit,813.4,Salary
ICICI Prudential MF,20675.42,Investment
Reliance Fresh,4565.56,Groceries
Disney+ Hotstar,840.0,Entertainment
Myntra,4195.62,Shopping
Employer Salary Credit,240125.84,Salary
House Rent Payment,17662.41,Rent
Zepto,1734.96,Groceries
House Rent Payment,33323.0,Rent
Nature's Basket,759.82,Groceries
Vegetable Market,1573.03,Other
Zepto,1740.38,Groceries
Disney+ Hotstar,494.98,Subscription
Fruit Vendor,1195.05,Other
KFC,2433.02,Food
The Beer Cafe,2218.32,Food
Amazon India,48761.33,Shopping
Zepto,1977.36,Groceries
Amazon India,9984.92,Shopping
EatClub,168.09,Food
Ajio,49971.86,Shopping
Jio Fiber,15274.97,Bills
Chaayos,2109.46,Food
Chaayos,2425.37,Food
Bajaj Allianz,48253.76,Insurance
Third Wave Coffee,824.16,Food
Faasos,1903.88,Food
Netflix,591.62,Subscription
Flipkart,11551.62,Shopping
Income Tax Payment,31455.05,Bills
Cafe Coffee Day,2884.7,Food
Tata Power,9935.27,Bills
Interest Credit,1641.06,Salary
Adani Electricity,12050.66,Bills
DMart,990.72,Groceries
Airtel Digital TV,757.51,Subscription
Amazon India,5688.3,Shopping
Netflix,1225.58,Entertainment
Apollo Pharmacy,1091.27,Miscellaneous
Barbeque Nation,2553.47,Food
Cafe Coffee Day,2745.97,Food
Domino's India,2846.48,Food
Nature's Basket,4436.37,Groceries
Municipal Water Department,6635.28,Bills
Zomato,1762.92,Food
Zepto,1912.89,Groceries
Faasos,1759.56,Food
Local Hardware Store,8310.27,Miscellaneous
HPCL,1300.93,Fuel
Local Wine & Beer Shop,2618.36,Food
BigBasket,4077.88,Groceries
BPCL,4083.45,Fuel
The Beer Cafe,2064.62,Food
Jio,7161.71,Bills
Pet Shop,1805.69,Other
Social,892.69,Food
Fruit Vendor,1116.89,Other
Chaayos,2410.29,Food
Amazon India,4462.26,Shopping
Bakery,47.36,Other
EMI Home Loan,22981.85,Bills
Indane Gas,12567.95,Bills
BEST,5865.6,Bills
Ajio,12457.87,Shopping
Zepto,4956.19,Groceries
Zomato,2553.27,Food
Municipal Water Department,15120.24,Bills
Jio Fiber,15306.44,Bills
Jio Fiber,13864.02,Bills
Cafe Coffee Day,1607.37,Food
Flipkart,14581.69,Shopping
Jio Fiber,15117.99,Bills
BEST,8743.16,Bills
BSNL,4426.42,Bills
Nature's Basket,3537.76,Groceries
EMI Home Loan,15159.56,Bills
BSNL,8999.93,Bills
Bharat Gas,598.03,Bills
Municipal Water Department,375.76,Bills
Tata Power,12102.5,Bills
Amazon India,4264.93,Shopping
Starbucks India,348.56,Food
KFC,763.75,Food
Reliance Fresh,821.65,Groceries
BPCL,1325.79,Fuel
Employer Salary Credit,129662.04,Salary
House Rent Payment,44310.63,Rent
Indian Oil,1065.79,Fuel
Tata Power,1890.32,Bills
House Rent Payment,39965.41,Rent
EMI Personal Loan,3441.57,Bills
Tea Stall,101.55,Other
General Store,1201.31,Other
Bajaj Allianz,7438.57,Insurance
Ola,2687.02,Miscellaneous
HPCL,4040.23,Fuel
HP Gas,11348.29,Bills
Employer Salary Credit,49110.75,Salary
Meesho,1440.38,Shopping
Employer Salary Credit,126948.02,Salary
Employer Salary Credit,71346.11,Salary
BigBasket,2852.22,Groceries
DMart,1714.13,Groceries
Mutual Fund SIP,25358.65,Investment
Tata Power,1519.99,Bills
Lakme Salon,7251.09,Miscellaneous
Nature's Basket,3120.1,Groceries
Jio,4152.71,Bills
Myntra,3198.97,Shopping
Reliance Fresh,4420.27,Groceries
Tailor,941.88,Other
BPCL,2129.38,Fuel
McDonald's India,2624.23,Food
LIC,22699.23,Insurance
Reliance Fresh,3484.45,Groceries
Stationery Shop,2495.9,Other
Tea Stall,61.44,Other
Home Depot India,8438.63,Miscellaneous
Tea Stall,51.04,Other
HPCL,3207.47,Fuel
Third Wave Coffee,2261.42,Food
BPCL,3348.6,Fuel
McDonald's India,266.47,Food
Airtel,14793.24,Bills
DMart,4723.27,Groceries
Income Tax Payment,12518.94,Bills
HP Gas,10307.54,Bills
Third Wave Coffee,1373.3,Food
Myntra,10767.05,Shopping
Bharat Gas,10838.32,Bills
Meesho,4800.12,Shopping
BigBasket,1588.56,Groceries
The Beer Cafe,2165.76,Food
BigBasket,1519.85,Groceries
Blinkit,1754.78,Groceries
HPCL,4062.76,Fuel
IRCTC,582.47,Miscellaneous
Ajio,8972.56,Shopping
Myntra,1276.18,Shopping
Local Services,1146.78,Other
ATM,2506.56,Other
Social,1130.67,Food
ATM,1531.63,Other
BigBasket,2800.93,Groceries
Airtel Digital TV,642.26,Subscription
Apollo Pharmacy,10764.6,Miscellaneous
ICICI Lombard,32766.66,Insurance
The Beer Cafe,1365.03,Food
BookMyShow,1116.29,Entertainment
Local Wine & Beer Shop,901.77,Food
Chaayos,2796.16,Food
Local Wine & Beer Shop,754.34,Food
Zomato,1119.63,Food
Jio Fiber,7415.59,Bills
Bakery,1304.54,Other
Municipal Water Department,2416.1,Bills
Misc Vendor,1135.35,Other
IRCTC,2333.04,Miscellaneous
The Beer Cafe,1272.52,Food
Airtel Digital TV,814.61,Subscription
Starbucks India,2745.88,Food
Starbucks India,1433.53,Food
Local Services,978.62,Other
HP Gas,14001.69,Bills
Meesho,12816.97,Shopping
Indane Gas,1332.74,Bills
HP Gas,2688.45,Bills
Indane Gas,661.9,Bills
Credit Card Bill Payment,12577.29,Bills
Indian Oil,2801.77,Fuel
Income Tax Payment,15481.31,Bills
Airtel,11580.49,Bills
BSNL,14173.7,Bills
Domino's India,1065.24,Food
HP Gas,536.6,Bills
Domino's India,432.29,Food
EMI Personal Loan,15284.89,Bills
Airtel,8103.17,Bills
Jio Fiber,8066.54,Bills
BEST,14000.2,Bills
Adani Electricity,10475.49,Bills
BEST,2104.5,Bills
Jio,10280.48,Bills
Indane Gas,15638.33,Bills
Credit Card Bill Payment,8074.38,Bills
Municipal Water Department,10187.41,Bills
Tea Stall,118.91,Other
Amazon India,1472.61,Shopping
Reliance Fresh,1555.03,Groceries
ICICI Prudential MF,38587.72,Investment
Tata Power,673.11,Bills
Tata Power,13059.01,Bills
Reliance Fresh,2525.32,Groceries
DMart,3638.14,Groceries
HDFC Mutual Fund,39760.57,Investment
Employer Salary Credit,156886.81,Salary
Bajaj Allianz,33215.63,Insurance
Nature's Basket,2954.75,Groceries
House Rent Payment,24721.6,Rent
Employer Salary Credit,141025.68,Salary
Reliance Fresh,3157.15,Groceries
Indane Gas,14064.56,Bills
Employer Salary Credit,140146.77,Salary
BPCL,594.64,Fuel
Employer Salary Credit,90145.28,Salary
Ajio,10666.52,Shopping
Amazon India,7977.35,Shopping
Mobile Repair,441.3,Other
Income Tax Payment,36437.67,Bills
Indian Oil,4038.61,Fuel
Tata Play,776.79,Subscription
Nature's Basket,2330.14,Groceries
HPCL,2053.68,Fuel
BigBasket,708.53,Groceries
Unknown Merchant,881.98,Other
Adani Electricity,3920.72,Bills
Uber,785.96,Miscellaneous
Social,2164.07,Food
The Beer Cafe,996.34,Food
Flipkart,13168.32,Shopping
Nykaa,11553.39,Shopping
Third Wave Coffee,1934.16,Food
Zepto,4370.68,Groceries
Unknown Merchant,54.09,Other
Disney+ Hotstar,1926.21,Entertainment
EMI Home Loan,17304.42,Bills
Amazon India,3174.91,Shopping
Starbucks India,2847.48,Food
Myntra,2045.6,Shopping
Kirana Shop,1310.01,Other
Reliance Fresh,2173.72,Groceries
Cafe Coffee Day,643.21,Food
McDonald's India,1660.47,Food
Cafe Coffee Day,1491.29,Food
Zepto,2558.76,Groceries
BPCL,1576.01,Fuel
Ajio,6584.2,Shopping
Domino's India,1077.39,Food
HPCL,2356.73,Fuel
Cafe Coffee Day,1706.39,Food
Indian Oil,3621.16,Fuel
BookMyShow,221.82,Entertainment
KFC,1184.38,Food
Barbeque Nation,947.29,Food
Reliance Fresh,1817.9,Groceries
Blinkit,2236.2,Groceries
Local Hardware Store,7065.06,Miscellaneous
Bakery,2033.19,Other
Swiggy,830.8,Food
Airtel Digital TV,259.25,Subscription
Local Hardware Store,1940.01,Miscellaneous
Jio,13667.16,Bills
EMI Personal Loan,14348.96,Bills
EMI Home Loan,23759.55,Bills
BSNL,2693.84,Bills
Tata Power,9699.8,Bills
Bajaj Allianz,11780.79,Insurance
The Beer Cafe,1146.95,Food
BEST,555.5,Bills
Jio Fiber,12584.42,Bills
BSNL,3478.24,Bills
BPCL,3533.81,Fuel
Municipal Water Department,9595.41,Bills
EMI Personal Loan,19249.14,Bills
Spotify,723.16,Subscription
Indane Gas,582.19,Bills
Home Depot India,2612.97,Miscellaneous
Domino's India,2908.9,Food
Indane Gas,3242.18,Bills
EMI Home Loan,16720.27,Bills
EMI Home Loan,3806.77,Bills
Jio Fiber,4860.59,Bills
Home Depot India,5863.78,Miscellaneous
Indane Gas,5715.89,Bills
BEST,12050.08,Bills
HP Gas,10727.93,Bills
BSNL,13064.57,Bills
Credit Card Bill Payment,694.05,Bills
BPCL,3726.21,Fuel
Ajio,14174.6,Shopping
Amazon India,13099.12,Shopping
Employer Salary Credit,188574.21,Salary
Myntra,2199.46,Shopping
Airtel,5916.49,Bills
House Rent Payment,47459.69,Rent
Employer Salary Credit,225266.29,Salary
Indian Oil,3717.17,Fuel
Bharat Gas,9037.3,Bills
Blinkit,1636.09,Groceries
Airtel,15584.6,Bills
HP Gas,9504.05,Bills
Amazon Prime,1214.2,Entertainment
Bharat Gas,6946.12,Bills
EMI Personal Loan,6916.79,Bills
Starbucks India,1831.52,Food
HPCL,1170.42,Fuel
Local Services,973.2,Other
Local Services,599.61,Other
Cafe Coffee Day,789.1,Food
Barbeque Nation,1450.22,Food
Chaayos,2035.14,Food
Rapido,1438.37,Miscellaneous
Zomato,1582.98,Food
Lakme Salon,582.92,Miscellaneous
Kirana Shop,2059.61,Other
Reliance Fresh,3989.58,Groceries
Cafe Coffee Day,1673.02,Food
Street Food Vendor,236.18,Other
Third Wave Coffee,2200.39,Food
Myntra,14695.23,Shopping
Jio Fiber,1626.81,Bills
BSNL,12332.43,Bills
EMI Home Loan,24196.98,Bills
EatClub,878.19,Food
Meesho,10731.0,Shopping
Indian Oil,1086.41,Fuel
EatClub,1784.26,Food
BSNL,2544.79,Bills
DMart,1513.75,Groceries
Ace Hardware India,2869.38,Miscellaneous
Credit Card Bill Payment,380.37,Bills
BEST,9239.52,Bills
Starbucks India,1303.46,Food
Uber,1311.85,Miscellaneous
Nature's Basket,959.53,Groceries
Ace Hardware India,6201.61,Miscellaneous
Local Services,401.67,Other
HP Gas,7677.62,Bills
Adani Electricity,3890.06,Bills
Municipal Water Department,576.28,Bills
ICICI Lombard,10905.22,Insurance
Airtel,4627.88,Bills
Credit Card Bill Payment,10943.49,Bills
Netflix,1722.3,Entertainment
Domino's India,1060.58,Food
Tata Power,756.77,Bills
Bharat Gas,5434.32,Bills
The Beer Cafe,1427.22,Food
Jio Fiber,4237.23,Bills
EMI Home Loan,19660.23,Bills
Airtel,2938.9,Bills
Zepto,1042.39,Groceries
HP Gas,2381.98,Bills
BSNL,3789.23,Bills
Jio Fiber,6774.11,Bills
Apollo Pharmacy,2596.12,Miscellaneous
HP Gas,10669.99,Bills
BSNL,8072.74,Bills
BEST,513.51,Bills
Indane Gas,3977.81,Bills
Flower Shop,344.57,Other
Nature's Basket,4239.68,Groceries
Jio Fiber,13347.43,Bills
Nykaa,3072.72,Shopping
Tata Power,4492.21,Bills
General Store,1775.05,Other
Airtel,13076.9,Bills
Meesho,3028.31,Shopping
Spotify,494.09,Subscription
Local Wine & Beer Shop,1969.25,Food
Faasos,2681.54,Food
House Rent Payment,24955.79,Rent
Stationery Shop,1200.52,Other
Social,2886.76,Food
Indian Oil,2758.41,Fuel
Indane Gas,8729.14,Bills
Employer Salary Credit,141643.43,Salary
HDFC Mutual Fund,5409.32,Investment
Domino's India,2274.89,Food
HP Gas,7866.53,Bills
Airtel Digital TV,353.84,Subscription
Mutual Fund SIP,35059.0,Investment
Barbeque Nation,2902.26,Food
Employer Salary Credit,38976.83,Salary
House Rent Payment,42290.22,Rent
Jio Fiber,531.88,Bills
Flipkart,8574.74,Shopping
EatClub,487.2,Food
Faasos,171.55,Food
Starbucks India,2601.03,Food
Indane Gas,10834.39,Bills
Income Tax Payment,6311.99,Bills
Myntra,5356.13,Shopping
Burger King,199.83,Food
Meesho,4467.79,Shopping
EMI Personal Loan,23140.74,Bills
Credit Card Bill Payment,2876.47,Bills
KFC,2347.41,Food
Domino's India,313.48,Food
Airtel,1086.99,Bills
Third Wave Coffee,2119.65,Food
Ajio,10705.93,Shopping
Meesho,2185.97,Shopping
ICICI Lombard,8026.41,Insurance
Indane Gas,15215.25,Bills
Uber,925.93,Miscellaneous
Interest Credit,1891.5,Salary
Flower Shop,2142.13,Other
BPCL,4193.81,Fuel
Municipal Water Department,12354.61,Bills
IRCTC,1079.95,Miscellaneous
Ajio,9189.88,Shopping
HPCL,2979.29,Fuel
BPCL,3092.94,Fuel
Meesho,12378.24,Shopping
Tata Play,302.67,Subscription
Indian Oil,3216.23,Fuel
Flower Shop,2011.45,Other
McDonald's India,2705.36,Food
Interest Credit,1092.59,Salary
Disney+ Hotstar,484.46,Entertainment
Amazon India,13136.18,Shopping
Local Wine & Beer Shop,1249.72,Food
Apollo Pharmacy,1350.77,Miscellaneous
Cafe Coffee Day,2529.59,Food
The Beer Cafe,1223.96,Food
Social,576.49,Food
Income Tax Payment,35971.61,Bills
Zepto,1436.71,Groceries
Third Wave Coffee,2085.97,Food
Tata 1mg,12521.77,Miscellaneous
Bakery,1380.08,Other
Nature's Basket,3874.71,Groceries
General Store,802.21,Other
Starbucks India,976.43,Food
Street Vendor,913.98,Other
Zepto,504.04,Groceries
Disney+ Hotstar,610.99,Subscription
Ajio,6462.26,Shopping
Domino's India,2431.62,Food
Netflix,1990.41,Entertainment
Chaayos,1055.21,Food
Income Tax Payment,33050.87,Bills
Flipkart,4377.33,Shopping
Faasos,1672.01,Food
HPCL,4169.38,Fuel
ATM,1182.18,Other
Amazon India,2825.3,Shopping
BSNL,14631.57,Bills
BPCL,3432.01,Fuel
Airtel,12786.58,Bills
EatClub,408.84,Food
Ajio,3835.13,Shopping
Netflix,655.69,Subscription
Indian Oil,1313.67,Fuel
Kirana Shop,1127.12,Other
Bakery,641.16,Other
Blinkit,4358.67,Groceries
Jio Fiber,8267.24,Bills
Income Tax Payment,7596.47,Bills
Municipal Water Department,6597.06,Bills
Zomato,342.87,Food
Municipal Water Department,12905.02,Bills
Home Depot India,1170.69,Miscellaneous
EMI Personal Loan,8642.19,Bills
Nature's Basket,2850.43,Groceries
BEST,12692.45,Bills
Pet Shop,100.46,Other
Amazon India,1995.46,Shopping
Flipkart,497.26,Shopping
HP Gas,10523.24,Bills
Jio,1498.14,Bills
Disney+ Hotstar,293.29,Subscription
Indane Gas,5469.5,Bills
Misc Vendor,1394.8,Other
DMart,4368.21,Groceries
HP Gas,14817.74,Bills
HDFC Ergo,48355.87,Insurance
EMI Personal Loan,13581.4,Bills
Tata Power,3095.39,Bills
Bakery,147.21,Other
Netflix,623.54,Subscription
BPCL,1579.08,Fuel
Mutual Fund SIP,20762.03,Investment
ICICI Prudential MF,46386.55,Investment
Flipkart,9653.96,Shopping
HDFC Mutual Fund,33562.04,Investment
Jio Fiber,11900.19,Bills
Faasos,1055.6,Food
Local Wine & Beer Shop,1169.21,Food
KFC,2946.86,Food
Employer Salary Credit,222120.88,Salary
Nature's Basket,3235.69,Groceries
ICICI Prudential MF,38529.53,Investment
Reliance Fresh,4405.09,Groceries
Mutual Fund SIP,13353.71,Investment
EatClub,1250.0,Food
Blinkit,977.17,Groceries
HP Gas,7331.45,Bills
Indian Oil,3867.32,Fuel
Local Store,1616.88,Other
Pet Shop,1090.52,Other
BigBasket,4793.42,Groceries
Nature's Basket,4966.93,Groceries
Zepto,3205.33,Groceries
Fruit Vendor,346.29,Other
Starbucks India,2679.74,Food
Nykaa,3720.1,Shopping
EMI Home Loan,18129.88,Bills
Adani Electricity,15625.29,Bills
Starbucks India,1306.21,Food
Indian Oil,4182.5,Fuel
The Beer Cafe,1405.31,Food
KFC,1460.12,Food
Amazon India,4575.22,Shopping
Local Services,609.34,Other
Unknown Merchant,1889.59,Other
Nature's Basket,343.86,Groceries
Misc Vendor,1634.85,Other
BPCL,1926.67,Fuel
Indian Oil,2641.52,Fuel
Municipal Water Department,11156.98,Bills
Local Store,1244.61,Other
Jio,12443.16,Bills
Blinkit,3280.29,Groceries
Indane Gas,843.19,Bills
Meesho,5346.54,Shopping
Swiggy,2720.86,Food
Jio Fiber,13266.13,Bills
Ajio,3953.65,Shopping
Local Wine & Beer Shop,2445.53,Food
Bajaj Allianz,36880.21,Insurance
Reliance Fresh,468.93,Groceries
Zomato,494.55,Food
Zepto,1211.16,Groceries
Tata Play,620.56,Subscription
Indian Oil,4507.47,Fuel
EMI Home Loan,16777.16,Bills
Cafe Coffee Day,501.16,Food
Meesho,4244.2,Shopping
Tata Power,4586.01,Bills
Zomato,986.62,Food
Municipal Water Department,821.92,Bills
Faasos,1125.4,Food
PharmEasy,1377.28,Miscellaneous
BookMyShow,1052.02,Entertainment
Ajio,10338.25,Shopping
EMI Home Loan,16646.81,Bills
Tata Power,4122.24,Bills
Tata Power,5801.17,Bills
Pet Shop,519.38,Other
KFC,1783.18,Food
BEST,3473.05,Bills
EMI Personal Loan,23396.43,Bills
BPCL,4009.1,Fuel
Domino's India,2113.38,Food
HP Gas,8779.03,Bills
Municipal Water Department,15112.66,Bills
Adani Electricity,6106.02,Bills
Street Food Vendor,271.89,Other
Amazon Prime,863.68,Entertainment
EMI Home Loan,16697.87,Bills
Spotify,695.68,Subscription
Jio Fiber,13761.12,Bills
Fruit Vendor,1617.49,Other
EMI Home Loan,14957.84,Bills
Dish TV,695.69,Subscription
Indane Gas,10001.17,Bills
BPCL,819.03,Fuel
BEST,9460.08,Bills
BSNL,759.45,Bills
Faasos,810.07,Food
Jio Fiber,8128.38,Bills
DMart,3012.84,Groceries
DMart,2088.43,Groceries
SBI Mutual Fund,2485.4,Investment
BigBasket,1679.4,Groceries
DMart,740.27,Groceries
Bharat Gas,11960.91,Bills
Amazon India,12420.5,Shopping
Mutual Fund SIP,7553.53,Investment
Jio,9259.35,Bills
HPCL,3226.64,Fuel
Third Wave Coffee,526.53,Food
Third Wave Coffee,2808.16,Food
Employer Salary Credit,202071.67,Salary
Amazon Prime,432.85,Entertainment
HP Gas,7370.08,Bills
Third Wave Coffee,228.86,Food
Local Wine & Beer Shop,783.87,Food
Street Food Vendor,59.25,Other
Swiggy,767.41,Food
BSNL,7761.25,Bills
Myntra,14295.35,Shopping
Bakery,1075.22,Other
Indane Gas,5799.83,Bills
KFC,1208.68,Food
BEST,7601.07,Bills
Bakery,87.38,Other
Bakery,1052.93,Other
BPCL,3402.93,Fuel
Home Depot India,7257.3,Miscellaneous
HP Gas,5159.51,Bills
Nykaa,2282.35,Shopping
Nature's Basket,3551.91,Groceries
Flipkart,3137.26,Shopping
Mobile Repair,1173.71,Other
Street Food Vendor,282.94,Other
Amazon Prime,448.67,Subscription
Municipal Water Department,10254.73,Bills
Flower Shop,716.32,Other
Zepto,1562.11,Groceries
Domino's India,2368.46,Food
Nykaa,5942.28,Shopping
Street Vendor,2159.35,Other
Reliance Fresh,3738.47,Groceries
HP Gas,9463.67,Bills
Amazon Prime,221.98,Entertainment
Jio,209.98,Bills
Kirana Shop,932.1,Other
DMart,1390.15,Groceries
Meesho,1540.75,Shopping
Vegetable Market,256.59,Other
Adani Electricity,14059.86,Bills
Flipkart,13346.68,Shopping
Burger King,229.41,Food
Airtel,13048.7,Bills
Disney+ Hotstar,1761.6,Entertainment
Faasos,460.2,Food
Flower Shop,1850.04,Other
Local Services,730.57,Other
Starbucks India,989.53,Food
Cafe Coffee Day,723.7,Food
Home Depot India,411.29,Miscellaneous
BookMyShow,1271.03,Entertainment
Airtel,2913.23,Bills
DMart,3084.35,Groceries
BSNL,8875.33,Bills
Home Depot India,537.54,Miscellaneous
Adani Electricity,8840.22,Bills
Flipkart,6649.89,Shopping
Jio Fiber,7924.85,Bills
ICICI Lombard,47324.79,Insurance
Jio,8239.85,Bills
Indane Gas,5232.84,Bills
Airtel,2738.23,Bills
Tata Power,6698.01,Bills
HDFC Ergo,42127.05,Insurance
The Beer Cafe,2053.45,Food
Tata Power,473.69,Bills
Income Tax Payment,28453.93,Bills
Jio Fiber,672.35,Bills
Blinkit,1459.3,Groceries
Local Services,693.1,Other
Reliance Fresh,3494.22,Groceries
ICICI Lombard,14390.4,Insurance
Adani Electricity,11156.76,Bills
Local Wine & Beer Shop,2689.73,Food
Mutual Fund SIP,15056.34,Investment
SBI Mutual Fund,19026.4,Investment
Bajaj Allianz,41214.75,Insurance
Faasos,222.01,Food
BEST,6005.62,Bills
Employer Salary Credit,203265.19,Salary
Tailor,1601.14,Other
Flower Shop,182.11,Other
Employer Salary Credit,43618.74,Salary
The Beer Cafe,1820.14,Food
House Rent Payment,15994.19,Rent
HDFC Ergo,12854.02,Insurance
Income Tax Payment,11140.2,Bills
Netflix,1512.33,Entertainment
Local Services,1266.75,Other
Home Depot India,2734.38,Miscellaneous
Airtel,10804.95,Bills
Starbucks India,308.61,Food
Tailor,1390.2,Other
Starbucks India,2791.0,Food
Tata Play,802.41,Subscription
Indian Oil,1248.71,Fuel
Municipal Water Department,2779.19,Bills
Third Wave Coffee,386.1,Food
KFC,2390.94,Food
Zepto,3880.94,Groceries
Nature's Basket,592.68,Groceries
Amazon India,3832.49,Shopping
Pet Shop,182.08,Other
BigBasket,664.95,Groceries
DMart,4257.56,Groceries
Zomato,2415.4,Food
HP Gas,589.38,Bills
ICICI Lombard,43113.79,Insurance
Chaayos,1346.65,Food
Uber,160.69,Miscellaneous
The Beer Cafe,2514.56,Food
BSNL,12007.56,Bills
KFC,178.98,Food
McDonald's India,559.92,Food
Jio Fiber,3387.94,Bills
Zomato,2236.68,Food
HDFC Ergo,2237.12,Insurance
Amazon India,9302.86,Shopping
Netflix,449.72,Subscription
Misc Vendor,2036.2,Other
Amazon Prime,658.75,Subscription
Spotify,795.85,Subscription
Bharat Gas,14136.3,Bills
Adani Electricity,5709.74,Bills
Adani Electricity,10694.3,Bills
Ola,1013.9,Miscellaneous
Local Hardware Store,4125.58,Miscellaneous
Chaayos,1499.38,Food
Stationery Shop,416.98,Other
Flipkart,5205.42,Shopping
Zepto,4034.22,Groceries
PharmEasy,2391.09,Miscellaneous
EMI Personal Loan,21095.82,Bills
KFC,1986.9,Food
Local Barbershop,6944.06,Miscellaneous
DMart,3547.15,Groceries
HPCL,4648.67,Fuel
Domino's India,520.82,Food
Tata Power,13725.55,Bills
BPCL,3393.35,Fuel
LIC,5195.11,Insurance
Burger King,2542.68,Food
Bharat Gas,15583.76,Bills
Jio,11004.98,Bills
Airtel Digital TV,335.19,Subscription
BigBasket,712.97,Groceries
Tata Power,15201.0,Bills
Unknown Merchant,2117.89,Other
Municipal Water Department,14074.55,Bills
Swiggy,1595.59,Food
BSNL,12193.0,Bills
BSNL,15355.26,Bills
Misc Vendor,1466.75,Other
Zepto,3078.99,Groceries
Amazon India,2357.39,Shopping
Ajio,2166.53,Shopping
BEST,10980.18,Bills
HP Gas,8818.81,Bills
Credit Card Bill Payment,9030.83,Bills
Zepto,1649.55,Groceries
EMI Home Loan,23931.79,Bills
Airtel,342.56,Bills
Jio Fiber,8019.34,Bills
Bharat Gas,600.61,Bills
Indian Oil,4668.07,Fuel
HDFC Mutual Fund,12454.08,Investment
Mutual Fund SIP,9910.33,Investment
Social,2498.21,Food
Nature's Basket,4388.86,Groceries
Myntra,14370.91,Shopping
Rapido,1978.79,Miscellaneous
Employer Salary Credit,157900.42,Salary
Employer Salary Credit,162222.58,Salary
BookMyShow,424.42,Entertainment
HDFC Mutual Fund,44075.58,Investment
Laundry,562.41,Other
Burger King,273.38,Food
House Rent Payment,40743.21,Rent
Blinkit,789.86,Groceries
Indian Oil,1263.43,Fuel
Zepto,4351.6,Groceries
BookMyShow,1562.43,Entertainment
Myntra,2328.98,Shopping
House Rent Payment,25630.58,Rent
Tata Power,11286.59,Bills
Blinkit,1058.43,Groceries
ATM,3977.47,Other
Jio Fiber,4912.47,Bills
Swiggy,575.91,Food
Tailor,1655.37,Other
Bakery,2194.38,Other
Dish TV,767.67,Subscription
Unknown Merchant,1918.47,Other
BPCL,3726.33,Fuel
Bajaj Allianz,9135.81,Insurance
Flower Shop,1272.91,Other
Interest Credit,1145.83,Salary
Barbeque Nation,1114.26,Food
Lakme Salon,1064.81,Miscellaneous
Naturals Salon,2422.22,Miscellaneous
Misc Vendor,1504.67,Other
Blinkit,3983.17,Groceries
LIC,23107.54,Insurance
Flower Shop,482.69,Other
BSNL,4392.13,Bills
Blinkit,497.17,Groceries
BookMyShow,1602.39,Entertainment
Bakery,2217.77,Other
Burger King,614.71,Food
Social,652.05,Food
Zepto,4141.3,Groceries
Nature's Basket,3361.68,Groceries
BPCL,4130.22,Fuel
Blinkit,3544.86,Groceries
Domino's India,147.15,Food
McDonald's India,2278.39,Food
Vegetable Market,1241.57,Other
PharmEasy,1797.53,Miscellaneous
ICICI Lombard,23781.9,Insurance
Laundry,2158.26,Other
EMI Home Loan,14446.77,Bills
Starbucks India,1623.1,Food
Amazon India,6022.92,Shopping
Reliance Fresh,3258.17,Groceries
EatClub,554.04,Food
Social,717.2,Food
Airtel Digital TV,585.93,Subscription
Rapido,2866.17,Miscellaneous
KFC,1286.02,Food
Chaayos,1431.43,Food
ICICI Lombard,34057.66,Insurance
BSNL,6348.7,Bills
Tata Power,8154.99,Bills
Burger King,149.4,Food
BSNL,2228.75,Bills
Adani Electricity,13208.53,Bills
Jio Fiber,1569.78,Bills
HP Gas,12565.06,Bills
EMI Personal Loan,9827.96,Bills
Airtel,1174.95,Bills
Adani Electricity,9897.24,Bills
Jio,485.2,Bills
Jio,4021.24,Bills
Airtel,8056.26,Bills
Flipkart,13526.6,Shopping
Local Services,105.98,Other
Jio,11534.85,Bills
Airtel,2850.97,Bills
BEST,4987.32,Bills
Bakery,1666.24,Other
Netflix,282.86,Entertainment
Unknown Merchant,728.68,Other
Jio,9491.32,Bills
Amazon India,4101.56,Shopping
Zepto,1483.46,Groceries
Tata Power,9888.71,Bills
Airtel,12276.7,Bills
Burger King,336.9,Food
Airtel,9658.02,Bills
KFC,1187.11,Food
Barbeque Nation,1508.52,Food
Blinkit,857.93,Groceries
House Rent Payment,23795.53,Rent
ATM,4288.99,Other
Income Tax Payment,37355.14,Bills
House Rent Payment,16956.31,Rent
Flower Shop,1100.25,Other
ICICI Prudential MF,20924.58,Investment
Social,861.33,Food
Amazon India,8911.25,Shopping
House Rent Payment,23471.04,Rent
EMI Personal Loan,12216.36,Bills
Employer Salary Credit,46667.27,Salary
Dish TV,697.45,Subscription
House Rent Payment,19197.62,Rent
House Rent Payment,44820.94,Rent
HDFC Mutual Fund,27451.88,Investment
Indian Oil,641.99,Fuel
Amazon India,1624.86,Shopping
Employer Salary Credit,121657.37,Salary
HPCL,2472.79,Fuel
Flipkart,12833.44,Shopping
Reliance Fresh,3230.85,Groceries
DMart,971.52,Groceries
Amazon India,5786.61,Shopping
Zepto,3058.15,Groceries
Stationery Shop,2389.7,Other
Cafe Coffee Day,2529.59,Food
Indian Oil,2436.34,Fuel
The Beer Cafe,2981.74,Food
The Beer Cafe,2342.35,Food
McDonald's India,744.57,Food
Local Services,2494.88,Other
Airtel,9802.04,Bills
Zepto,3413.44,Groceries
Indian Oil,616.55,Fuel
LIC,6890.87,Insurance
Chaayos,1199.34,Food
Lakme Salon,1067.46,Miscellaneous
Ajio,4273.43,Shopping
BigBasket,2353.2,Groceries
KFC,2624.29,Food
Lakme Salon,8307.01,Miscellaneous
Faasos,1473.95,Food
Interest Credit,114.38,Salary
Home Depot India,2194.14,Miscellaneous
Jio,1522.33,Bills
Blinkit,2935.19,Groceries
Amazon Prime,1744.8,Entertainment
Cafe Coffee Day,579.34,Food
EatClub,2476.29,Food
Mobile Repair,2493.15,Other
Netflix,699.29,Entertainment
Blinkit,686.68,Groceries
Zepto,2601.23,Groceries
KFC,2182.54,Food
BEST,13060.66,Bills
Spotify,560.44,Subscription
The Beer Cafe,2290.9,Food
Airtel,6025.83,Bills
Zomato,298.67,Food
BPCL,838.09,Fuel
Dish TV,742.41,Subscription
Netflix,432.3,Subscription
Netflix,1504.99,Entertainment
DMart,2044.51,Groceries
Starbucks India,2724.47,Food
Cafe Coffee Day,2483.57,Food
EMI Home Loan,9452.79,Bills
Domino's India,2055.34,Food
HPCL,729.54,Fuel
Amazon India,4809.95,Shopping
Tata Power,1564.83,Bills
Burger King,1684.1,Food
DMart,442.82,Groceries
Reliance Fresh,4184.35,Groceries
IRCTC,206.57,Miscellaneous
BEST,6467.39,Bills
Nature's Basket,1709.73,Groceries
Income Tax Payment,38388.08,Bills
Nature's Basket,4483.66,Groceries
Income Tax Payment,28943.76,Bills
Jio,3947.09,Bills
Bharat Gas,1996.46,Bills
Indane Gas,7850.47,Bills
Bharat Gas,1720.89,Bills
Municipal Water Department,1296.29,Bills
HP Gas,13689.82,Bills
BEST,6374.64,Bills
Burger King,1686.52,Food
Municipal Water Department,14079.03,Bills
ATM,1442.07,Other
BSNL,8486.91,Bills
Indane Gas,1476.78,Bills
Domino's India,2878.3,Food
EMI Personal Loan,10106.6,Bills
Airtel,15718.85,Bills
Income Tax Payment,8784.7,Bills
BSNL,3960.24,Bills
BSNL,9276.03,Bills
Netflix,308.25,Subscription
Tata Power,15202.68,Bills
Tata Power,7398.83,Bills
Zepto,1170.77,Groceries
Ace Hardware India,6404.82,Miscellaneous
House Rent Payment,21649.81,Rent
Indane Gas,10226.31,Bills
Employer Salary Credit,196659.2,Salary
BPCL,427.35,Fuel
House Rent Payment,42742.61,Rent
Jio Fiber,9845.78,Bills
Employer Salary Credit,195608.36,Salary
Misc Vendor,1290.31,Other
Nykaa,12813.74,Shopping
BPCL,4827.95,Fuel
EatClub,2637.07,Food
Zepto,3604.19,Groceries
Adani Electricity,9034.39,Bills
Amazon Prime,1492.31,Entertainment
Employer Salary Credit,73911.72,Salary
Amazon Prime,1141.02,Entertainment
Swiggy,614.28,Food
ICICI Prudential MF,30485.85,Investment
Bajaj Allianz,34344.27,Insurance
House Rent Payment,42443.98,Rent
Amazon India,3985.78,Shopping
Barbeque Nation,1338.11,Food
Cafe Coffee Day,2477.94,Food
Chaayos,2579.53,Food
Tailor,779.95,Other
Adani Electricity,15198.07,Bills
Indane Gas,10530.33,Bills
Kirana Shop,2271.59,Other
Ajio,13168.63,Shopping
Cafe Coffee Day,2612.35,Food
Blinkit,3667.07,Groceries
Netflix,1449.4,Entertainment
Faasos,2461.03,Food
Ajio,3864.26,Shopping
Nykaa,8865.21,Shopping
DMart,3136.39,Groceries
Apollo Pharmacy,592.21,Miscellaneous
Income Tax Payment,27330.82,Bills
Social,160.42,Food
BPCL,4068.12,Fuel
BigBasket,1593.62,Groceries
Reliance Fresh,4628.67,Groceries
Spotify,847.43,Subscription
Blinkit,4906.15,Groceries
BigBasket,3191.11,Groceries
McDonald's India,1874.47,Food
Blinkit,662.17,Groceries
Indian Oil,1124.25,Fuel
BookMyShow,974.56,Entertainment
Myntra,10565.18,Shopping
Zepto,4868.43,Groceries
Reliance Fresh,2121.95,Groceries
BookMyShow,228.91,Entertainment
Flipkart,5058.16,Shopping
Disney+ Hotstar,721.77,Subscription
BigBasket,544.2,Groceries
BigBasket,4666.98,Groceries
Bajaj Allianz,23007.74,Insurance
Flipkart,6790.74,Shopping
EMI Home Loan,12713.67,Bills
Local Store,1074.53,Other
Blinkit,4942.59,Groceries
DMart,495.39,Groceries
Swiggy,1357.62,Food
Third Wave Coffee,2094.1,Food
Airtel,7492.95,Bills
Local Barbershop,5389.94,Miscellaneous
Reliance Fresh,3097.12,Groceries
Adani Electricity,2400.2,Bills
BEST,1386.62,Bills
DMart,2228.87,Groceries
BEST,218.06,Bills
Jio Fiber,14317.45,Bills
HP Gas,14501.43,Bills
BSNL,1773.69,Bills
Municipal Water Department,2754.61,Bills
Income Tax Payment,19786.62,Bills
HP Gas,2918.53,Bills
BPCL,956.36,Fuel
HP Gas,13640.26,Bills
Jio,10384.93,Bills
Zomato,2425.21,Food
Meesho,44286.7,Shopping
Flipkart,26128.59,Shopping
Nykaa,37692.51,Shopping
Nykaa,40150.94,Shopping
Ajio,18914.0,Shopping
Nykaa,18776.31,Shopping
Nykaa,29956.29,Shopping
Amazon India,27919.3,Shopping
Amazon India,5557.06,Shopping
Amazon India,22387.39,Shopping
Meesho,35910.83,Shopping
Ajio,29330.11,Shopping
Meesho,16700.17,Shopping
Myntra,46249.96,Shopping
Flipkart,13526.99,Shopping
Nykaa,13617.06,Shopping
Amazon India,12764.93,Shopping
Nykaa,34231.0,Shopping
