user_id,month,category,monthly_category_spending,total_expense,monthly_income,percentage_of_income,percentage_of_expenses
U0001,2018-01,Bills,33728.479999999996,84852.15,,,39.74970581181502
U0001,2018-01,Entertainment,541.6500000000001,84852.15,,,0.6383456400338708
U0001,2018-01,Food,925.1400000000001,84852.15,,,1.0902964745147885
U0001,2018-01,Groceries,4282.15,84852.15,,,5.04660164768954
U0001,2018-01,Insurance,40338.28,84852.15,,,47.5394907494978
U0001,2018-01,Miscellaneous,3374.32,84852.15,,,3.976705363387964
U0001,2018-01,Other,1348.43,84852.15,,,1.589152425719325
U0001,2018-01,Subscription,313.7,84852.15,,,0.36970188734168785
U0001,2018-02,Bills,55885.58,58713.68,,,95.18323498033168
U0001,2018-02,Entertainment,213.7,58713.68,,,0.3639696915608083
U0001,2018-02,Food,828.0,58713.68,,,1.410233526496721
U0001,2018-02,Groceries,1231.81,58713.68,,,2.0979948795578816
U0001,2018-02,Miscellaneous,401.39,58713.68,,,0.683639656039274
U0001,2018-02,Subscription,153.2,58713.68,,,0.26092726601364447
U0001,2018-03,Bills,15484.71,47682.07,,,32.4749114289711
U0001,2018-03,Entertainment,321.6,47682.07,,,0.6744673626795146
U0001,2018-03,Food,2138.4900000000002,47682.07,,,4.484893378160806
U0001,2018-03,Fuel,3436.81,47682.07,,,7.207761743565245
U0001,2018-03,Groceries,2397.96,47682.07,,,5.029060189710724
U0001,2018-03,Insurance,8303.95,47682.07,,,17.41524644378904
U0001,2018-03,Other,2535.96,47682.07,,,5.31847715503962
U0001,2018-03,Rent,12266.41,47682.07,,,25.725414186087136
U0001,2018-03,Shopping,629.02,47682.07,,,1.3191960835592917
U0001,2018-03,Subscription,167.16,47682.07,,,0.3505720284375238
U0001,2018-04,Bills,47241.92,53968.78,28930.95,163.29197623997828,87.53564560844251
U0001,2018-04,Entertainment,160.98,53968.78,28930.95,0.5564283233008249,0.2982835632007987
U0001,2018-04,Food,1310.26,53968.78,28930.95,4.528921449174673,2.4278110418653154
U0001,2018-04,Fuel,342.99,53968.78,28930.95,1.1855469661383398,0.6355340995293947
U0001,2018-04,Groceries,2687.7200000000003,53968.78,28930.95,9.290120096298256,4.980138517120454
U0001,2018-04,Miscellaneous,1581.3500000000001,53968.78,28930.95,5.465945639531367,2.9301199693600637
U0001,2018-04,Other,643.56,53968.78,28930.95,2.2244689510714304,1.1924672004814634
U0001,2018-05,Bills,16618.64,61198.59,,,27.155266158909868
U0001,2018-05,Entertainment,301.09,61198.59,,,0.4919884592112334
U0001,2018-05,Food,3105.23,61198.59,,,5.0740221302484265
U0001,2018-05,Fuel,6314.3,61198.59,,,10.317721372338807
U0001,2018-05,Groceries,7105.360000000001,61198.59,,,11.610332852439903
U0001,2018-05,Insurance,8182.16,61198.59,,,13.36985051452983
U0001,2018-05,Miscellaneous,4247.35,61198.59,,,6.94027427756097
U0001,2018-05,Shopping,15168.63,61198.59,,,24.7859141852778
U0001,2018-05,Subscription,155.83,61198.59,,,0.2546300494831662
U0001,2018-06,Bills,22564.43,95349.07,,,23.665076125021457
U0001,2018-06,Food,1120.58,95349.07,,,1.1752395697199773
U0001,2018-06,Fuel,14685.75,95349.07,,,15.402090445140157
U0001,2018-06,Groceries,4043.0,95349.07,,,4.240209159879588
U0001,2018-06,Insurance,8261.33,95349.07,,,8.664300553744257
U0001,2018-06,Other,1008.58,95349.07,,,1.0577764418677602
U0001,2018-06,Rent,43665.4,95349.07,,,45.7953077046268
U0001,2018-07,Bills,14314.02,43837.990000000005,,,32.65209011635798
U0001,2018-07,Entertainment,316.11,43837.990000000005,,,0.7210868928981461
U0001,2018-07,Food,596.63,43837.990000000005,,,1.3609884942261266
U0001,2018-07,Fuel,9760.8,43837.990000000005,,,22.26561938629029
U0001,2018-07,Groceries,1829.69,43837.990000000005,,,4.17375431674673
U0001,2018-07,Shopping,16709.43,43837.990000000005,,,38.116323307706395
U0001,2018-07,Subscription,311.31,43837.990000000005,,,0.7101374857743249
U0001,2018-08,Bills,48544.79,59606.98,,,81.4414519910252
U0001,2018-08,Food,1335.37,59606.98,,,2.240291321586834
U0001,2018-08,Fuel,4008.64,59606.98,,,6.725118434116273
U0001,2018-08,Miscellaneous,60.0,59606.98,,,0.10065935231075288
U0001,2018-08,Other,4396.030000000001,59606.98,,,7.37502554231065
U0001,2018-08,Shopping,1262.15,59606.98,,,2.117453358650279
U0001,2018-09,Bills,13144.06,46068.97,,,28.531265187825987
U0001,2018-09,Food,8275.74,46068.97,,,17.963805138252493
U0001,2018-09,Fuel,10742.2,46068.97,,,23.317647431666046
U0001,2018-09,Groceries,3443.5,46068.97,,,7.474662446327756
U0001,2018-09,Miscellaneous,6147.84,46068.97,,,13.34486097692221
U0001,2018-09,Other,607.8499999999999,46068.97,,,1.3194347518514087
U0001,2018-09,Shopping,3707.7799999999997,46068.97,,,8.048324067154095
U0001,2018-10,Bills,2898.24,53558.63,47321.64,6.124555277458684,5.411340805394014
U0001,2018-10,Food,2176.3999999999996,53558.63,47321.64,4.599164356941136,4.063584150677491
U0001,2018-10,Fuel,4678.31,53558.63,47321.64,9.886195829223164,8.73493216686088
U0001,2018-10,Groceries,6384.87,53558.63,47321.64,13.492495188247913,11.921272071372998
U0001,2018-10,Miscellaneous,1089.23,53558.63,47321.64,2.3017587725192956,2.033715201453062
U0001,2018-10,Rent,33955.28,53558.63,47321.64,71.75423336976486,63.39833561836813
U0001,2018-10,Shopping,2376.3,53558.63,47321.64,5.021592658242614,4.436819985873425
U0001,2018-11,Bills,14502.61,46496.68,,,31.190635546451922
U0001,2018-11,Food,5805.719999999999,46496.68,,,12.486310850581159
U0001,2018-11,Fuel,5947.549999999999,46496.68,,,12.791343381936086
U0001,2018-11,Groceries,9081.24,46496.68,,,19.53094285441455
U0001,2018-11,Insurance,8736.68,46496.68,,,18.789900698286417
U0001,2018-11,Miscellaneous,1010.6700000000001,46496.68,,,2.173639064122428
U0001,2018-11,Other,707.3299999999999,46496.68,,,1.5212483988104095
U0001,2018-11,Shopping,551.56,46496.68,,,1.1862352322789496
U0001,2018-11,Subscription,153.32,46496.68,,,0.3297439731180807
U0001,2018-12,Bills,18054.41,95111.19,,,18.98242467579262
U0001,2018-12,Food,532.74,95111.19,,,0.5601233671873941
U0001,2018-12,Fuel,7975.07,95111.19,,,8.384996549827628
U0001,2018-12,Groceries,9400.45,95111.19,,,9.883642503053531
U0001,2018-12,Insurance,40952.18,95111.19,,,43.05716288482985
U0001,2018-12,Miscellaneous,2506.09,95111.19,,,2.634905524786306
U0001,2018-12,Other,451.42,95111.19,,,0.4746234381043913
U0001,2018-12,Rent,8295.41,95111.19,,,8.721802345234035
U0001,2018-12,Shopping,6943.42,95111.19,,,7.3003187111842465
U0001,2019-01,Bills,54784.85,80305.23,,,68.22077466187444
U0001,2019-01,Food,116.0,80305.23,,,0.1444488733797288
U0001,2019-01,Fuel,11847.23,80305.23,,,14.752750225607972
U0001,2019-01,Groceries,1817.9,80305.23,,,2.2637379906638713
U0001,2019-01,Rent,7683.66,80305.23,,,9.568069227869717
U0001,2019-01,Shopping,4055.59,80305.23,,,5.0502190206042625
U0001,2019-02,Bills,19737.809999999998,40000.07,45113.26,43.75168187801102,49.344438647232366
U0001,2019-02,Entertainment,1722.3,40000.07,45113.26,3.8177245448455728,4.305742464950686
U0001,2019-02,Food,609.07,40000.07,45113.26,1.3500908602038513,1.5226723353234135
U0001,2019-02,Fuel,2377.18,40000.07,45113.26,5.269359829017011,5.942939599855699
U0001,2019-02,Groceries,3356.14,40000.07,45113.26,7.439364834197307,8.390335316913195
U0001,2019-02,Other,2299.56,40000.07,45113.26,5.097303985568765,5.748889939442606
U0001,2019-02,Rent,7807.94,40000.07,45113.26,17.307416932405236,19.51981584032228
U0001,2019-02,Shopping,1765.9,40000.07,45113.26,3.914370187390581,4.4147422742010205
U0001,2019-02,Subscription,324.17,40000.07,45113.26,0.7185692188948438,0.8104235817587321
U0001,2019-03,Bills,18003.57,81567.36,,,22.0720273403479
U0001,2019-03,Food,4292.24,81567.36,,,5.26220292038384
U0001,2019-03,Fuel,6052.92,81567.36,,,7.420762422616105
U0001,2019-03,Groceries,2424.61,81567.36,,,2.9725247942314184
U0001,2019-03,Rent,46257.98,81567.36,,,56.71138553460601
U0001,2019-03,Shopping,4224.93,81567.36,,,5.179682166984441
U0001,2019-03,Subscription,311.11,81567.36,,,0.3814148208302929
U0001,2019-04,Bills,10962.970000000001,85626.19,,,12.8032906754347
U0001,2019-04,Food,6408.64,85626.19,,,7.484439048379941
U0001,2019-04,Fuel,5441.469999999999,85626.19,,,6.35491314047723
U0001,2019-04,Groceries,1504.66,85626.19,,,1.757242731458681
U0001,2019-04,Insurance,8141.15,85626.19,,,9.507780271433306
U0001,2019-04,Investment,38529.53,85626.19,,,44.99736587602461
U0001,2019-04,Miscellaneous,1448.56,85626.19,,,1.6917253938310228
U0001,2019-04,Other,147.21,85626.19,,,0.17192169825610598
U0001,2019-04,Rent,8404.06,85626.19,,,9.814824179377828
U0001,2019-04,Shopping,4474.7,85626.19,,,5.225854379366873
U0001,2019-04,Subscription,163.24,85626.19,,,0.19064260595969526
U0001,2019-05,Bills,22564.87,48475.25,43478.43,51.89899911289345,46.54925967375104
U0001,2019-05,Food,794.51,48475.25,43478.43,1.827365891546682,1.6390013460477253
U0001,2019-05,Groceries,409.19,48475.25,43478.43,0.9411333389913114,0.8441214846751692
U0001,2019-05,Miscellaneous,489.03,48475.25,43478.43,1.12476462466561,1.0088240906441945
U0001,2019-05,Other,1360.5500000000002,48475.25,43478.43,3.1292528272065026,2.8066900119132963
U0001,2019-05,Shopping,21923.85,48475.25,43478.43,50.42465884807707,45.22689413669862
U0001,2019-05,Subscription,933.25,48475.25,43478.43,2.1464666502447307,1.925209256269952
U0001,2019-06,Bills,37527.35,72473.77,,,51.78059593146595
U0001,2019-06,Food,2936.36,72473.77,,,4.051617571433085
U0001,2019-06,Fuel,4270.639999999999,72473.77,,,5.89266985835013
U0001,2019-06,Groceries,1264.47,72473.77,,,1.7447277822031335
U0001,2019-06,Miscellaneous,16727.83,72473.77,,,23.081219591584652
U0001,2019-06,Rent,8217.82,72473.77,,,11.339026519525614
U0001,2019-06,Shopping,549.27,72473.77,,,0.7578879917520503
U0001,2019-06,Subscription,980.03,72473.77,,,1.3522547536853677
U0001,2019-07,Bills,4214.53,35536.95,62918.91,6.6983518945258265,11.85957151640757
U0001,2019-07,Food,4529.95,35536.95,62918.91,7.199663821258187,12.747154722056903
U0001,2019-07,Groceries,4339.58,35536.95,62918.91,6.897099774932528,12.21145877741337
U0001,2019-07,Insurance,17561.739999999998,35536.95,62918.91,27.911704128377295,49.418253395409565
U0001,2019-07,Miscellaneous,2810.7799999999997,35536.95,62918.91,4.467305616069953,7.909457620870672
U0001,2019-07,Other,562.41,35536.95,62918.91,0.893864817429291,1.5826062731888924
U0001,2019-07,Shopping,565.9,35536.95,62918.91,0.8994116395214092,1.5924270372105653
U0001,2019-07,Subscription,952.06,35536.95,62918.91,1.513153994562207,2.6790706574424648
U0001,2019-08,Bills,32441.59,62564.95,131596.61,24.652299173968085,51.85265871706123
U0001,2019-08,Food,5427.37,62564.95,131596.61,4.124247577502187,8.674777171563312
U0001,2019-08,Groceries,1202.96,62564.95,131596.61,0.9141268912626246,1.9227378907838975
U0001,2019-08,Miscellaneous,600.06,62564.95,131596.61,0.4559843904793596,0.9590993040032797
U0001,2019-08,Rent,16956.31,62564.95,131596.61,12.885065960285758,27.101931672605833
U0001,2019-08,Shopping,5786.61,62564.95,131596.61,4.397233332986313,9.24896447611642
U0001,2019-08,Subscription,150.05,62564.95,131596.61,0.11402269404964158,0.23983076786603363
U0001,2019-09,Bills,58328.37,76046.53,87133.87,66.94109879430353,76.70089614871317
U0001,2019-09,Entertainment,974.56,76046.53,87133.87,1.1184628893448667,1.2815311888655538
U0001,2019-09,Food,3055.92,76046.53,87133.87,3.507155139557098,4.018487102567336
U0001,2019-09,Fuel,6503.82,76046.53,87133.87,7.464169788395718,8.5524217870296
U0001,2019-09,Groceries,4906.15,76046.53,87133.87,5.630588885814436,6.451510673794057
U0001,2019-09,Other,80.02,76046.53,87133.87,0.09183570062938785,0.10522505103125679
U0001,2019-09,Shopping,2034.48,76046.53,87133.87,2.33488998021091,2.6753094454145376
U0001,2019-09,Subscription,163.21,76046.53,87133.87,0.18730948137618586,0.21461860258449664
U0001,2019-10,Shopping,18776.31,18776.31,,,100.0
U0002,2018-01,Bills,23852.89,75496.15,,,31.594842915830807
U0002,2018-01,Food,2304.42,75496.15,,,3.0523675710615708
U0002,2018-01,Fuel,2959.23,75496.15,,,3.9197098130169556
U0002,2018-01,Groceries,1226.03,75496.15,,,1.6239636060911715
U0002,2018-01,Miscellaneous,1277.0,75496.15,,,1.6914769826010996
U0002,2018-01,Rent,42338.57,75496.15,,,56.08043588977717
U0002,2018-01,Shopping,1538.01,75496.15,,,2.037203221621235
U0002,2018-02,Bills,9915.49,74593.77,,,13.292651651739815
U0002,2018-02,Food,2123.98,74593.77,,,2.8473959688590615
U0002,2018-02,Fuel,10257.67,74593.77,,,13.751376287858891
U0002,2018-02,Groceries,7071.53,74593.77,,,9.480054433500277
U0002,2018-02,Rent,43912.33,74593.77,,,58.86862937749358
U0002,2018-02,Shopping,1312.77,74593.77,,,1.759892280548362
U0002,2018-03,Bills,9942.02,71161.41,87621.45,11.346559546777645,13.971083484714539
U0002,2018-03,Food,3742.73,71161.41,87621.45,4.271476904342487,5.259493874559259
U0002,2018-03,Fuel,2939.47,71161.41,87621.45,3.354737909495905,4.130707921610884
U0002,2018-03,Groceries,6032.62,71161.41,87621.45,6.884866662215702,8.477375588819838
U0002,2018-03,Rent,47664.75,71161.41,87621.45,54.39849488909394,66.98117701715016
U0002,2018-03,Shopping,839.82,71161.41,87621.45,0.9584639377686629,1.180162113145313
U0002,2018-04,Bills,39840.53,56081.490000000005,,,71.04042706425952
U0002,2018-04,Entertainment,791.0300000000001,56081.490000000005,,,1.4105010405394007
U0002,2018-04,Food,5672.22,56081.490000000005,,,10.114246251303237
U0002,2018-04,Fuel,3529.76,56081.490000000005,,,6.293983986516763
U0002,2018-04,Groceries,2484.19,56081.490000000005,,,4.429607701221918
U0002,2018-04,Miscellaneous,1788.7,56081.490000000005,,,3.189465900424543
U0002,2018-04,Shopping,1975.06,56081.490000000005,,,3.52176805573461
U0002,2018-05,Bills,22528.22,114014.72,,,19.759045147854593
U0002,2018-05,Entertainment,715.97,114014.72,,,0.6279627753328693
U0002,2018-05,Food,3615.37,114014.72,,,3.1709677487257784
U0002,2018-05,Fuel,8737.51,114014.72,,,7.663492924422391
U0002,2018-05,Groceries,1379.6799999999998,114014.72,,,1.2100893638996788
U0002,2018-05,Miscellaneous,14393.279999999999,114014.72,,,12.624054157217593
U0002,2018-05,Rent,45677.86,114014.72,,,40.063125182432586
U0002,2018-05,Shopping,16002.0,114014.72,,,14.035029862810697
U0002,2018-05,Subscription,964.8299999999999,114014.72,,,0.8462328373038147
U0002,2018-06,Bills,36373.55,59825.86,44660.86,81.44390860364086,60.79904242078593
U0002,2018-06,Entertainment,320.11,59825.86,44660.86,0.7167573575609606,0.5350696170518903
U0002,2018-06,Food,317.23,59825.86,44660.86,0.7103087580489942,0.5302556453012126
U0002,2018-06,Fuel,2791.73,59825.86,44660.86,6.250954415118741,4.666426859555383
U0002,2018-06,Groceries,3263.4700000000003,59825.86,44660.86,7.3072260587906275,5.454948746244518
U0002,2018-06,Other,1768.51,59825.86,44660.86,3.9598655287873994,2.9560962433302254
U0002,2018-06,Shopping,14842.259999999998,59825.86,44660.86,33.233260622388364,24.80910429035203
U0002,2018-06,Subscription,149.0,59825.86,44660.86,0.3336254608621509,0.24905617737881244
U0002,2018-07,Bills,10512.119999999999,18777.64,43599.35,24.110726421380132,55.98211489835783
U0002,2018-07,Entertainment,243.45,18777.64,43599.35,0.5583798841037767,1.2964888026397354
U0002,2018-07,Food,1444.79,18777.64,43599.35,3.3137879349118737,7.694204383511454
U0002,2018-07,Groceries,1726.69,18777.64,43599.35,3.9603572071601985,9.195458002177057
U0002,2018-07,Miscellaneous,4094.0699999999997,18777.64,43599.35,9.390208798984387,21.802899618908445
U0002,2018-07,Other,179.05,18777.64,43599.35,0.4106712600073167,0.9535277063571355
U0002,2018-07,Shopping,577.47,18777.64,43599.35,1.3244922229345164,3.075306588048339
U0002,2018-08,Bills,10329.4,80880.03,44682.35,23.117405418470604,12.771261336080117
U0002,2018-08,Food,1046.83,80880.03,44682.35,2.342826641839563,1.294299717742439
U0002,2018-08,Fuel,7907.97,80880.03,44682.35,17.698196267653785,9.777407352593713
U0002,2018-08,Groceries,4892.620000000001,80880.03,44682.35,10.94978218468814,6.049231188465189
U0002,2018-08,Insurance,8758.84,80880.03,44682.35,19.60246047936154,10.829422293735549
U0002,2018-08,Miscellaneous,1851.32,80880.03,44682.35,4.143291478626348,2.288970466504525
U0002,2018-08,Rent,42866.76,80880.03,44682.35,95.93667298161355,53.00042544494605
U0002,2018-08,Shopping,2773.51,80880.03,44682.35,6.207171287991792,3.4291653947210463
U0002,2018-08,Subscription,452.78,80880.03,44682.35,1.013330767070219,0.5598168052113729
U0002,2018-09,Bills,3966.4500000000003,39306.36,44737.05,8.866141151461708,10.09111502565997
U0002,2018-09,Entertainment,327.1,39306.36,44737.05,0.7311613081327445,0.8321808480866709
U0002,2018-09,Food,5204.8,39306.36,44737.05,11.634204758695532,13.241622984168465
U0002,2018-09,Fuel,9266.72,39306.36,44737.05,20.713748447874856,23.575624911591913
U0002,2018-09,Groceries,6119.59,39306.36,44737.05,13.679019962201352,15.568956270690034
U0002,2018-09,Insurance,8514.92,39306.36,44737.05,19.03326213954653,21.66295734328999
U0002,2018-09,Miscellaneous,1081.35,39306.36,44737.05,2.417124061599949,2.751081504367232
U0002,2018-09,Other,3153.13,39306.36,44737.05,7.048140188054421,8.021933346155686
U0002,2018-09,Shopping,1511.81,39306.36,44737.05,3.379324296081212,3.846222341626139
U0002,2018-09,Subscription,160.49,39306.36,44737.05,0.35874068585210694,0.40830542436389433
U0002,2018-10,Bills,16093.9,99583.8,,,16.16116275940464
U0002,2018-10,Entertainment,329.26,99583.8,,,0.3306361074793289
U0002,2018-10,Food,4576.01,99583.8,,,4.595134951668846
U0002,2018-10,Fuel,8641.86,99583.8,,,8.677977743367897
U0002,2018-10,Groceries,4927.95,99583.8,,,4.948545847818621
U0002,2018-10,Miscellaneous,5281.46,99583.8,,,5.303533305617982
U0002,2018-10,Other,1746.13,99583.8,,,1.7534277663636053
U0002,2018-10,Rent,37184.06,99583.8,,,37.33946686107579
U0002,2018-10,Shopping,20647.78,99583.8,,,20.734075221070093
U0002,2018-10,Subscription,155.39,99583.8,,,0.1560394361331863
U0002,2018-11,Bills,34479.38,83505.9,,,41.28975317911669
U0002,2018-11,Entertainment,795.15,83505.9,,,0.9522081673270991
U0002,2018-11,Food,4023.98,83505.9,,,4.818797234686412
U0002,2018-11,Fuel,2925.49,83505.9,,,3.503333297407728
U0002,2018-11,Groceries,3287.28,83505.9,,,3.9365841216009887
U0002,2018-11,Miscellaneous,509.82,83505.9,,,0.6105197357312477
U0002,2018-11,Other,540.6,83505.9,,,0.6473794067245549
U0002,2018-11,Rent,36944.2,83505.9,,,44.241424857405285
U0002,2018-12,Bills,20086.11,61675.1,43192.48,46.50372009201602,32.56761642867219
U0002,2018-12,Food,8969.560000000001,61675.1,43192.48,20.766485277066753,14.543243545612414
U0002,2018-12,Fuel,5283.88,61675.1,43192.48,12.233333209855047,8.567282420296035
U0002,2018-12,Groceries,5689.42,61675.1,43192.48,13.172246650342837,9.2248249293475
U0002,2018-12,Insurance,8464.53,61675.1,43192.48,19.597230814252853,13.724387962078701
U0002,2018-12,Miscellaneous,9466.699999999999,61675.1,43192.48,21.91747267116868,15.34930628405953
U0002,2018-12,Other,1254.26,61675.1,43192.48,2.90388512074324,2.0336570187968888
U0002,2018-12,Shopping,2460.6400000000003,61675.1,43192.48,5.696917611584238,3.9896814111367482
U0002,2019-01,Bills,23372.48,75393.8,,,31.000533200342733
U0002,2019-01,Entertainment,1926.21,75393.8,,,2.5548652541720935
U0002,2019-01,Food,755.45,75393.8,,,1.0020054699458045
U0002,2019-01,Groceries,683.58,75393.8,,,0.9066793290694991
U0002,2019-01,Insurance,44996.42,75393.8,,,59.681857128835524
U0002,2019-01,Miscellaneous,1487.7,75393.8,,,1.9732391788184174
U0002,2019-01,Shopping,2171.96,75393.8,,,2.880820438815924
U0002,2019-02,Bills,25906.26,43441.05,43972.5,58.914685314685315,59.63543698874682
U0002,2019-02,Food,659.46,43441.05,43972.5,1.4997100460515096,1.518057229279679
U0002,2019-02,Fuel,2210.16,43441.05,43972.5,5.026232304281084,5.087722327153694
U0002,2019-02,Groceries,2848.25,43441.05,43972.5,6.4773437944169645,6.556586454517098
U0002,2019-02,Insurance,8033.57,43441.05,43972.5,18.269532093922336,18.49303826680064
U0002,2019-02,Miscellaneous,3492.8900000000003,43441.05,43972.5,7.943350957985105,8.040528486305003
U0002,2019-02,Subscription,290.46,43441.05,43972.5,0.6605492068906702,0.6686302471970635
U0002,2019-03,Bills,44992.840000000004,119527.45999999999,46079.52,97.64172890689835,37.642262288515134
U0002,2019-03,Food,3000.0899999999997,119527.45999999999,46079.52,6.510679798747904,2.5099587994256716
U0002,2019-03,Fuel,3450.89,119527.45999999999,46079.52,7.488988600575701,2.887110627131205
U0002,2019-03,Groceries,463.89,119527.45999999999,46079.52,1.0067162157939145,0.38810328605660993
U0002,2019-03,Insurance,8675.42,119527.45999999999,46079.52,18.82706243467814,7.258097846302432
U0002,2019-03,Miscellaneous,278.22,119527.45999999999,46079.52,0.6037823310659487,0.232766596060855
U0002,2019-03,Rent,7570.9,119527.45999999999,46079.52,16.43007566051035,6.3340256707538165
U0002,2019-03,Shopping,51095.21,119527.45999999999,46079.52,110.88485730754141,42.747674885754286
U0002,2019-04,Bills,7982.92,49120.94,,,16.251561961151396
U0002,2019-04,Food,5009.38,49120.94,,,10.198054027467714
U0002,2019-04,Fuel,3896.18,49120.94,,,7.931810751178621
U0002,2019-04,Groceries,1154.37,49120.94,,,2.35005681894524
U0002,2019-04,Insurance,8600.84,49120.94,,,17.509518343907914
U0002,2019-04,Miscellaneous,2549.54,49120.94,,,5.1903322697000505
U0002,2019-04,Rent,8103.93,49120.94,,,16.497913109968987
U0002,2019-04,Shopping,10960.94,49120.94,,,22.31419024147339
U0002,2019-04,Subscription,862.84,49120.94,,,1.756562476206685
U0002,2019-05,Bills,35709.58,83278.0,202071.67,17.671739932668444,42.8799682989505
U0002,2019-05,Entertainment,1761.6,83278.0,202071.67,0.8717699022332026,2.115324575518144
U0002,2019-05,Food,975.18,83278.0,202071.67,0.4825911519412889,1.1709935397103677
U0002,2019-05,Groceries,1261.94,83278.0,202071.67,0.6245011980155358,1.5153341818967796
U0002,2019-05,Insurance,16629.670000000002,83278.0,202071.67,8.229590026152604,19.96886332524797
U0002,2019-05,Miscellaneous,515.52,83278.0,202071.67,0.2551174046317329,0.6190350392660726
U0002,2019-05,Shopping,26271.02,83278.0,202071.67,13.000842720802968,31.54617065731646
U0002,2019-05,Subscription,153.49,83278.0,202071.67,0.07595819839564844,0.18431038209371023
U0002,2019-06,Bills,32423.699999999997,51137.39,95165.73,34.07077316592853,63.40507405638027
U0002,2019-06,Food,1659.58,51137.39,95165.73,1.7438840641478819,3.24533575139443
U0002,2019-06,Groceries,2058.99,51137.39,95165.73,2.163583466443225,4.026388519241986
U0002,2019-06,Insurance,8843.13,51137.39,95165.73,9.292347150597173,17.29288491258549
U0002,2019-06,Miscellaneous,4341.65,51137.39,95165.73,4.562199018491215,8.490167370685128
U0002,2019-06,Subscription,1810.3400000000001,51137.39,95165.73,1.9023024359714364,3.540149389712694
U0002,2019-07,Bills,29199.77,46760.71,54192.35,53.88171946778466,62.44509546583018
U0002,2019-07,Food,1671.69,46760.71,54192.35,3.084734284451588,3.57498848926802
U0002,2019-07,Fuel,3726.33,46760.71,54192.35,6.876118123683509,7.968933748011953
U0002,2019-07,Groceries,1196.4099999999999,46760.71,54192.35,2.2077101288281464,2.558579628068094
U0002,2019-07,Rent,8314.94,46760.71,54192.35,15.34338333731606,17.78189424412076
U0002,2019-07,Shopping,2651.57,46760.71,54192.35,4.89288617304841,5.670508424700994
U0002,2019-08,Bills,47936.34,141062.36,,,33.982374887248454
U0002,2019-08,Food,5030.57,141062.36,,,3.5662029190494193
U0002,2019-08,Fuel,3322.95,141062.36,,,2.355660290952172
U0002,2019-08,Groceries,442.82,141062.36,,,0.3139179012743017
U0002,2019-08,Insurance,8456.97,141062.36,,,5.9951995698923515
U0002,2019-08,Investment,20924.58,141062.36,,,14.833567225161982
U0002,2019-08,Miscellaneous,2020.5,141062.36,,,1.4323452407857067
U0002,2019-08,Rent,52927.630000000005,141062.36,,,37.520731965635626
U0002,2019-09,Bills,18736.97,69389.8,,,27.002484515015173
U0002,2019-09,Food,2211.12,69389.8,,,3.186520209022075
U0002,2019-09,Fuel,5867.1,69389.8,,,8.455277288592848
U0002,2019-09,Groceries,2641.0600000000004,69389.8,,,3.8061213607763684
U0002,2019-09,Insurance,8073.43,69389.8,,,11.634894465757215
U0002,2019-09,Rent,16422.61,69389.8,,,23.667181631882496
U0002,2019-09,Shopping,13894.18,69389.8,,,20.02337519347224
U0002,2019-09,Subscription,1543.33,69389.8,,,2.2241453354815834
U0003,2018-01,Bills,24130.04,38022.119999999995,,,63.46316302194618
U0003,2018-01,Groceries,7103.719999999999,38022.119999999995,,,18.683124454922556
U0003,2018-01,Miscellaneous,6788.36,38022.119999999995,,,17.853712523131275
U0003,2018-02,Bills,17130.97,79631.93,,,21.512689696206035
U0003,2018-02,Entertainment,311.82,79631.93,,,0.39157659496636593
U0003,2018-02,Food,129.79,79631.93,,,0.16298738458304352
U0003,2018-02,Groceries,3963.73,79631.93,,,4.977563648149681
U0003,2018-02,Insurance,50419.38,79631.93,,,63.31553184758928
U0003,2018-02,Rent,7676.24,79631.93,,,9.639650828505602
U0003,2018-03,Bills,26691.6,39344.36,45807.43,58.269149786399275,67.84098152822921
U0003,2018-03,Entertainment,1373.95,39344.36,45807.43,2.999404245119187,3.492114244582959
U0003,2018-03,Food,1212.12,39344.36,45807.43,2.6461209458814867,3.080797349353249
U0003,2018-03,Groceries,1040.27,39344.36,45807.43,2.270963465970477,2.6440130173676737
U0003,2018-03,Insurance,8419.12,39344.36,45807.43,18.37937644613549,21.39854352695024
U0003,2018-03,Shopping,607.3,39344.36,45807.43,1.3257674573753646,1.5435503335166718
U0003,2018-04,Bills,24706.47,35033.32,,,70.52277660238882
U0003,2018-04,Entertainment,328.02,35033.32,,,0.9363086341802603
U0003,2018-04,Food,1547.09,35033.32,,,4.416053060343696
U0003,2018-04,Groceries,1743.51,35033.32,,,4.976719306077757
U0003,2018-04,Miscellaneous,655.61,35033.32,,,1.8713898654195493
U0003,2018-04,Other,208.99,35033.32,,,0.5965463735666503
U0003,2018-04,Shopping,5843.63,35033.32,,,16.680206158023275
U0003,2018-05,Bills,11707.96,107032.57,,,10.938689036430684
U0003,2018-05,Food,10883.07,107032.57,,,10.167998395254827
U0003,2018-05,Groceries,971.0,107032.57,,,0.9072004904675277
U0003,2018-05,Investment,27993.87,107032.57,,,26.154534082476015
U0003,2018-05,Miscellaneous,1625.65,107032.57,,,1.5188367428718192
U0003,2018-05,Rent,46416.94,107032.57,,,43.36711713079486
U0003,2018-05,Shopping,7434.08,107032.57,,,6.945624121704262
U0003,2018-06,Bills,31656.39,64329.53,,,49.20973307282052
U0003,2018-06,Food,391.9,64329.53,,,0.6092070002687723
U0003,2018-06,Fuel,2820.14,64329.53,,,4.383896478024944
U0003,2018-06,Groceries,516.16,64329.53,,,0.8023686788944362
U0003,2018-06,Insurance,8911.0,64329.53,,,13.852114262299134
U0003,2018-06,Miscellaneous,5551.58,64329.53,,,8.629909156805592
U0003,2018-06,Shopping,13932.55,64329.53,,,21.658093880057883
U0003,2018-06,Subscription,549.81,64329.53,,,0.8546774708287158
U0003,2018-07,Bills,9632.85,15614.06,,,61.69343527564259
U0003,2018-07,Food,3324.99,15614.06,,,21.29484579923479
U0003,2018-07,Fuel,1662.31,15614.06,,,10.646238070047124
U0003,2018-07,Other,195.46,15614.06,,,1.2518204746235126
U0003,2018-07,Subscription,798.45,15614.06,,,5.113660380451978
U0003,2018-08,Bills,20440.23,29822.45,176264.99,11.596307355192884,68.53974103401967
U0003,2018-08,Food,2508.21,29822.45,176264.99,1.4229768486640486,8.410476000462738
U0003,2018-08,Groceries,546.6,29822.45,176264.99,0.31010128557009536,1.8328474018734209
U0003,2018-08,Miscellaneous,3519.91,29822.45,176264.99,1.996942217510125,11.802886751423843
U0003,2018-08,Other,2807.5,29822.45,176264.99,1.592772336696017,9.414048812220324
U0003,2018-09,Bills,24536.920000000002,46315.340000000004,,,52.97795503606364
U0003,2018-09,Food,3909.99,46315.340000000004,,,8.442105790435738
U0003,2018-09,Groceries,2851.17,46315.340000000004,,,6.155994968405716
U0003,2018-09,Miscellaneous,4110.68,46315.340000000004,,,8.875417950078743
U0003,2018-09,Shopping,10748.27,46315.340000000004,,,23.206717256097008
U0003,2018-09,Subscription,158.31,46315.340000000004,,,0.34180899891914857
U0003,2018-10,Bills,11123.95,43228.55,,,25.73287792442726
U0003,2018-10,Food,2708.18,43228.55,,,6.26479490984546
U0003,2018-10,Fuel,3418.3,43228.55,,,7.907505572127679
U0003,2018-10,Rent,9960.05,43228.55,,,23.040444335977032
U0003,2018-10,Shopping,15472.79,43228.55,,,35.792988661428616
U0003,2018-10,Subscription,545.28,43228.55,,,1.2613885961939504
U0003,2018-11,Bills,18502.43,33027.25,,,56.021709346070296
U0003,2018-11,Food,5051.38,33027.25,,,15.294582503841525
U0003,2018-11,Fuel,6104.41,33027.25,,,18.482949685486986
U0003,2018-11,Groceries,1563.3400000000001,33027.25,,,4.733485228107094
U0003,2018-11,Other,1805.69,33027.25,,,5.4672732364941075
U0003,2018-12,Bills,23951.14,31060.73,,,77.11067962665398
U0003,2018-12,Entertainment,258.06,31060.73,,,0.8308240018827632
U0003,2018-12,Food,266.40999999999997,31060.73,,,0.8577068214430247
U0003,2018-12,Fuel,5963.77,31060.73,,,19.200353629808443
U0003,2018-12,Miscellaneous,621.35,31060.73,,,2.0004359202117916
U0003,2019-01,Food,1660.47,20373.100000000002,,,8.150306040808712
U0003,2019-01,Fuel,2499.92,20373.100000000002,,,12.270690272957967
U0003,2019-01,Insurance,8417.29,20373.100000000002,,,41.31570551364299
U0003,2019-01,Miscellaneous,7437.280000000001,20373.100000000002,,,36.50539191384718
U0003,2019-01,Other,358.14,20373.100000000002,,,1.7579062587431464
U0003,2019-02,Bills,5659.7,16919.07,,,33.45160224527707
U0003,2019-02,Food,1243.3,16919.07,,,7.348512654655368
U0003,2019-02,Fuel,2476.33,16919.07,,,14.636324573395582
U0003,2019-02,Groceries,2566.62,16919.07,,,15.169982747278663
U0003,2019-02,Miscellaneous,2596.12,16919.07,,,15.34434221266299
U0003,2019-02,Other,2089.0,16919.07,,,12.347014345351132
U0003,2019-02,Shopping,288.0,16919.07,,,1.7022212213791892
U0003,2019-03,Bills,11043.42,19657.07,,,56.18039718025118
U0003,2019-03,Food,2451.38,19657.07,,,12.470729360988186
U0003,2019-03,Fuel,3432.01,19657.07,,,17.459417909179752
U0003,2019-03,Groceries,2114.55,19657.07,,,10.757198300662306
U0003,2019-03,Shopping,615.71,19657.07,,,3.1322572489185823
U0003,2019-04,Bills,26784.629999999997,43879.56,,,61.04124562780483
U0003,2019-04,Food,116.0,43879.56,,,0.26435998902450253
U0003,2019-04,Fuel,7217.4,43879.56,,,16.448205041253832
U0003,2019-04,Groceries,1669.6,43879.56,,,3.804960669614736
U0003,2019-04,Other,499.85,43879.56,,,1.1391408664991172
U0003,2019-04,Rent,7592.08,43879.56,,,17.302087805802977
U0003,2019-05,Bills,12200.83,19948.27,,,61.16234640898684
U0003,2019-05,Food,460.2,19948.27,,,2.306966970068081
U0003,2019-05,Fuel,3317.35,19948.27,,,16.629762881693498
U0003,2019-05,Groceries,3084.35,19948.27,,,15.461741795153165
U0003,2019-05,Miscellaneous,597.54,19948.27,,,2.9954477255421144
U0003,2019-05,Shopping,288.0,19948.27,,,1.4437342185562958
U0003,2019-06,Bills,20986.31,41163.68,,,50.98258950608886
U0003,2019-06,Entertainment,269.08,41163.68,,,0.6536830526328063
U0003,2019-06,Food,853.9,41163.68,,,2.074401511235147
U0003,2019-06,Fuel,3951.02,41163.68,,,9.598315796838378
U0003,2019-06,Groceries,712.97,41163.68,,,1.732036591480645
U0003,2019-06,Insurance,14390.4,41163.68,,,34.958973541724156
U0003,2019-07,Bills,9888.71,20738.949999999997,,,47.681825743347666
U0003,2019-07,Entertainment,202.95,20738.949999999997,,,0.9785934196282841
U0003,2019-07,Food,173.53,20738.949999999997,,,0.83673474308005
U0003,2019-07,Fuel,3701.95,20738.949999999997,,,17.850228675993723
U0003,2019-07,Groceries,6668.599999999999,20738.949999999997,,,32.154954807258804
U0003,2019-07,Other,103.21,20738.949999999997,,,0.49766261069147677
U0003,2019-08,Bills,22795.24,30883.91,,,73.80943669373471
U0003,2019-08,Food,6284.33,30883.91,,,20.34823310908496
U0003,2019-08,Other,1804.3400000000001,30883.91,,,5.8423301971803445
U0003,2019-09,Bills,992.67,26349.760000000002,,,3.7672828898631328
U0003,2019-09,Food,2645.09,26349.760000000002,,,10.038383651312193
U0003,2019-09,Fuel,3305.27,26349.760000000002,,,12.543833416319542
U0003,2019-09,Groceries,544.2,26349.760000000002,,,2.0652939533415107
U0003,2019-09,Other,5327.02,26349.760000000002,,,20.216578822729314
U0003,2019-09,Shopping,12813.74,26349.760000000002,,,48.62943723206586
U0003,2019-09,Subscription,721.77,26349.760000000002,,,2.739190034368434
U0003,2019-10,Shopping,29956.29,29956.29,,,100.0
U0004,2018-01,Bills,5983.69,16260.179999999998,,,36.79965412437009
U0004,2018-01,Entertainment,747.25,16260.179999999998,,,4.595582582726637
U0004,2018-01,Food,1161.85,16260.179999999998,,,7.145369854454256
U0004,2018-01,Fuel,2574.75,16260.179999999998,,,15.834695556875754
U0004,2018-01,Miscellaneous,101.55,16260.179999999998,,,0.6245318317509401
U0004,2018-01,Other,653.9300000000001,16260.179999999998,,,4.02166519681824
U0004,2018-01,Shopping,5037.16,16260.179999999998,,,30.978500853004086
U0004,2018-02,Bills,22326.989999999998,36229.33,,,61.626836598965525
U0004,2018-02,Fuel,4201.13,36229.33,,,11.595936220736073
U0004,2018-02,Groceries,1716.99,36229.33,,,4.739226477552855
U0004,2018-02,Rent,7696.22,36229.33,,,21.243064666114446
U0004,2018-02,Shopping,288.0,36229.33,,,0.7949360366310942
U0004,2018-03,Bills,11993.939999999999,30210.71,,,39.700953734619276
U0004,2018-03,Entertainment,2115.1,30210.71,,,7.001159522566666
U0004,2018-03,Food,515.4100000000001,30210.71,,,1.7060506025843156
U0004,2018-03,Fuel,1437.08,30210.71,,,4.756856095073568
U0004,2018-03,Groceries,3573.22,30210.71,,,11.827659793497073
U0004,2018-03,Insurance,8637.27,30210.71,,,28.59009271877424
U0004,2018-03,Miscellaneous,1650.69,30210.71,,,5.463923224578304
U0004,2018-03,Shopping,288.0,30210.71,,,0.9533043083065575
U0004,2018-04,Bills,3586.29,102846.79,141258.69,2.53881017868706,3.4870218117648593
U0004,2018-04,Food,316.28,102846.79,141258.69,0.22390126936615365,0.3075253977299632
U0004,2018-04,Fuel,2852.6600000000003,102846.79,141258.69,2.019458059536019,2.773698624915761
U0004,2018-04,Groceries,1719.61,102846.79,141258.69,1.217348115008004,1.672011348142222
U0004,2018-04,Other,590.48,102846.79,141258.69,0.4180132209919262,0.5741355661173285
U0004,2018-04,Rent,89615.03,102846.79,141258.69,63.44036604048926,87.13449393996643
U0004,2018-04,Shopping,4166.44,102846.79,141258.69,2.9495105752431936,4.051113311363436
U0004,2018-05,Bills,13107.98,74811.37,42733.93,30.673471875860702,17.521374090596122
U0004,2018-05,Food,116.0,74811.37,42733.93,0.27144706793875495,0.1550566444646048
U0004,2018-05,Fuel,3157.15,74811.37,42733.93,7.387923366748623,4.220147285098508
U0004,2018-05,Other,6917.17,74811.37,42733.93,16.186599266671706,9.246148011993364
U0004,2018-05,Rent,47210.31,74811.37,42733.93,110.47500194810071,63.10579528218773
U0004,2018-05,Shopping,3839.4700000000003,74811.37,42733.93,8.984593740851825,5.132201161401002
U0004,2018-05,Subscription,463.29,74811.37,42733.93,1.0841268284943604,0.619277524258679
U0004,2018-06,Bills,14000.42,17505.29,,,79.97822372551383
U0004,2018-06,Food,1119.27,17505.29,,,6.393895788073205
U0004,2018-06,Groceries,1625.44,17505.29,,,9.285421721091167
U0004,2018-06,Subscription,760.16,17505.29,,,4.342458765321797
U0004,2018-07,Bills,6096.61,56433.56,,,10.803163932950536
U0004,2018-07,Food,2269.2200000000003,56433.56,,,4.021047050726554
U0004,2018-07,Fuel,3062.25,56433.56,,,5.426292440172125
U0004,2018-07,Miscellaneous,1520.48,56433.56,,,2.6942833306989673
U0004,2018-07,Rent,43485.0,56433.56,,,77.05521324545182
U0004,2018-08,Bills,9959.45,30223.47,,,32.95270198954653
U0004,2018-08,Food,2166.11,30223.47,,,7.1669798338840645
U0004,2018-08,Insurance,8336.57,30223.47,,,27.583100153622333
U0004,2018-08,Miscellaneous,75.16,30223.47,,,0.24868090924040154
U0004,2018-08,Shopping,9686.18,30223.47,,,32.048537113706665
U0004,2018-09,Bills,25210.7,71757.25,,,35.1333140553742
U0004,2018-09,Food,590.21,71757.25,,,0.8225092238066537
U0004,2018-09,Fuel,2031.23,71757.25,,,2.8306965498259755
U0004,2018-09,Groceries,639.1,71757.25,,,0.890641712161489
U0004,2018-09,Insurance,29420.5,71757.25,,,41.00003832365371
U0004,2018-09,Other,1795.75,71757.25,,,2.502534587097471
U0004,2018-09,Shopping,12069.76,71757.25,,,16.820265548080506
U0004,2018-10,Bills,21785.75,36008.97,,,60.500897415282914
U0004,2018-10,Food,1662.28,36008.97,,,4.616294217801842
U0004,2018-10,Groceries,3970.7300000000005,36008.97,,,11.027057980275472
U0004,2018-10,Rent,8441.21,36008.97,,,23.44196459937621
U0004,2018-10,Subscription,149.0,36008.97,,,0.41378578726356235
U0004,2018-11,Bills,1855.72,18419.48,,,10.074768668822356
U0004,2018-11,Food,5551.9400000000005,18419.48,,,30.141676095090634
U0004,2018-11,Fuel,3105.63,18419.48,,,16.860573696977333
U0004,2018-11,Groceries,7906.1900000000005,18419.48,,,42.922981539109685
U0004,2018-12,Bills,27820.010000000002,42003.409999999996,,,66.2327415797908
U0004,2018-12,Entertainment,1116.29,42003.409999999996,,,2.657617560098097
U0004,2018-12,Food,1262.5700000000002,42003.409999999996,,,3.0058749991964944
U0004,2018-12,Miscellaneous,512.04,42003.409999999996,,,1.2190438823895489
U0004,2018-12,Other,1370.1,42003.409999999996,,,3.2618780237128364
U0004,2018-12,Shopping,9766.42,42003.409999999996,,,23.25149315257976
U0004,2018-12,Subscription,155.98,42003.409999999996,,,0.3713508022324854
U0004,2019-01,Bills,20454.7,63053.350000000006,,,32.440306502350786
U0004,2019-01,Groceries,951.37,63053.350000000006,,,1.508833392674616
U0004,2019-01,Investment,38587.72,63053.350000000006,,,61.19852474134998
U0004,2019-01,Miscellaneous,785.96,63053.350000000006,,,1.2464999877088212
U0004,2019-01,Other,2273.6,63053.350000000006,,,3.6058353759157913
U0004,2019-02,Bills,20790.8,25616.629999999997,,,81.16133933308168
U0004,2019-02,Food,566.42,25616.629999999997,,,2.21114174659196
U0004,2019-02,Groceries,2241.0,25616.629999999997,,,8.748223322115361
U0004,2019-02,Other,1775.05,25616.629999999997,,,6.929287732227072
U0004,2019-02,Subscription,243.36,25616.629999999997,,,0.9500078659839333
U0004,2019-03,Bills,9964.23,13370.95,,,74.52148127096429
U0004,2019-03,Food,911.19,13370.95,,,6.814699030360595
U0004,2019-03,Groceries,440.27,13370.95,,,3.292735370336438
U0004,2019-03,Miscellaneous,283.34,13370.95,,,2.1190715693350133
U0004,2019-03,Other,1483.92,13370.95,,,11.09808951495593
U0004,2019-03,Shopping,288.0,13370.95,,,2.1539232440477303
U0004,2019-04,Bills,3669.8500000000004,19362.57,52963.61,6.929002762462757,18.953320762688016
U0004,2019-04,Food,2113.38,19362.57,52963.61,3.990249154089006,10.914770095085519
U0004,2019-04,Fuel,3187.85,19362.57,52963.61,6.018943950384046,16.463981795805
U0004,2019-04,Groceries,823.5,19362.57,52963.61,1.5548411447029387,4.253051118730624
U0004,2019-04,Insurance,8612.36,19362.57,52963.61,16.260900644801215,44.47942602660701
U0004,2019-04,Other,955.6300000000001,19362.57,52963.61,1.8043143207194527,4.935450201083844
U0004,2019-05,Bills,12917.35,23321.97,,,55.387044919447206
U0004,2019-05,Food,116.0,23321.97,,,0.49738508367860856
U0004,2019-05,Groceries,2388.43,23321.97,,,10.241115994918095
U0004,2019-05,Miscellaneous,889.47,23321.97,,,3.813871641203552
U0004,2019-05,Other,72.83,23321.97,,,0.3122806521061471
U0004,2019-05,Shopping,6937.89,23321.97,,,29.748301708646395
U0004,2019-06,Bills,7005.92,68563.78,,,10.218106411285959
U0004,2019-06,Food,404.5,68563.78,,,0.5899616386377764
U0004,2019-06,Groceries,3880.94,68563.78,,,5.660335529925567
U0004,2019-06,Insurance,8277.49,68563.78,,,12.072686190872206
U0004,2019-06,Other,810.01,68563.78,,,1.1813963582521267
U0004,2019-06,Rent,47647.26,68563.78,,,69.49333890284346
U0004,2019-06,Shopping,537.66,68563.78,,,0.7841749681829093
U0004,2019-07,Bills,4052.04,29626.81,,,13.676936531472675
U0004,2019-07,Entertainment,276.84,29626.81,,,0.9344239221164883
U0004,2019-07,Food,2190.3900000000003,29626.81,,,7.393269812038489
U0004,2019-07,Insurance,23107.54,29626.81,,,77.99536973437235
U0004,2019-08,Bills,52184.89,63410.64,66323.7,78.68211514134465,82.29674073625499
U0004,2019-08,Fuel,2436.34,63410.64,66323.7,3.6734078466671796,3.8421627663748548
U0004,2019-08,Other,57.52,63410.64,66323.7,0.08672616274423774,0.09071032873978248
U0004,2019-08,Rent,7822.56,63410.64,66323.7,11.794516892151675,12.336352385025604
U0004,2019-08,Subscription,909.3299999999999,63410.64,66323.7,1.3710483582791673,1.4340337836047703
U0004,2019-09,Bills,3981.79,13945.05,,,28.553429353067937
U0004,2019-09,Entertainment,837.1899999999999,13945.05,,,6.003492278622163
U0004,2019-09,Food,3655.1099999999997,13945.05,,,26.21080598491938
U0004,2019-09,Groceries,5321.96,13945.05,,,38.1637928870818
U0004,2019-09,Subscription,149.0,13945.05,,,1.068479496308726
U0004,2019-11,Shopping,13617.06,13617.06,,,100.0
U0005,2018-01,Bills,1062.73,5131.06,,,20.711704793941212
U0005,2018-01,Food,2289.41,5131.06,,,44.618655794319295
U0005,2018-01,Groceries,1240.28,5131.06,,,24.172003445681785
U0005,2018-01,Miscellaneous,504.17,5131.06,,,9.825844952115157
U0005,2018-01,Other,34.47,5131.06,,,0.6717910139425382
U0005,2018-02,Bills,5434.91,7017.42,160155.48,3.3935210958750828,77.44883447192844
U0005,2018-02,Food,1145.35,7017.42,160155.48,0.7151488041495676,16.321525574926397
U0005,2018-02,Shopping,437.16,7017.42,160155.48,0.2729597513616143,6.229639953145173
U0005,2018-03,Food,1816.21,94000.54000000001,,,1.9321271984182216
U0005,2018-03,Groceries,3960.81,94000.54000000001,,,4.2136034537673925
U0005,2018-03,Insurance,87878.54000000001,94000.54000000001,,,93.48727145610015
U0005,2018-03,Subscription,344.98,94000.54000000001,,,0.3669978917142391
U0005,2018-04,Bills,17564.53,61851.48,,,28.397913841350274
U0005,2018-04,Food,880.03,61851.48,,,1.4228115479209227
U0005,2018-04,Fuel,3537.81,61851.48,,,5.719846962433235
U0005,2018-04,Groceries,4373.92,61851.48,,,7.0716497002173595
U0005,2018-04,Rent,35207.19,61851.48,,,56.92214640619756
U0005,2018-04,Shopping,288.0,61851.48,,,0.465631541880647
U0005,2018-05,Bills,12887.18,68791.87,,,18.733580000078497
U0005,2018-05,Food,2787.47,68791.87,,,4.052034055768509
U0005,2018-05,Groceries,7389.3099999999995,68791.87,,,10.74154547623142
U0005,2018-05,Insurance,8424.07,68791.87,,,12.245734852098074
U0005,2018-05,Miscellaneous,1372.08,68791.87,,,1.9945380173558303
U0005,2018-05,Rent,35931.76,68791.87,,,52.232567598467675
U0005,2018-06,Bills,5033.74,17887.260000000002,,,28.141481702619625
U0005,2018-06,Entertainment,1604.52,17887.260000000002,,,8.970183247741687
U0005,2018-06,Food,2579.04,17887.260000000002,,,14.418306660718297
U0005,2018-06,Fuel,4507.05,17887.260000000002,,,25.19698377504436
U0005,2018-06,Groceries,1362.17,17887.260000000002,,,7.615308325590392
U0005,2018-06,Other,150.62,17887.260000000002,,,0.8420518290671685
U0005,2018-06,Shopping,2650.12,17887.260000000002,,,14.81568445921846
U0005,2018-07,Bills,9635.97,39106.35,,,24.64042284692895
U0005,2018-07,Food,1538.85,39106.35,,,3.935038682976039
U0005,2018-07,Fuel,8776.0,39106.35,,,22.441368217693547
U0005,2018-07,Groceries,3574.26,39106.35,,,9.139845574951384
U0005,2018-07,Insurance,8656.61,39106.35,,,22.136072530420254
U0005,2018-07,Miscellaneous,5653.65,39106.35,,,14.45711502096207
U0005,2018-07,Shopping,899.36,39106.35,,,2.2997799590092147
U0005,2018-07,Subscription,371.65,39106.35,,,0.9503571670585468
U0005,2018-08,Bills,5780.389999999999,9168.029999999999,,,63.049422831295274
U0005,2018-08,Fuel,2292.74,9168.029999999999,,,25.007989720801525
U0005,2018-08,Groceries,614.88,9168.029999999999,,,6.706784336438691
U0005,2018-08,Subscription,480.02,9168.029999999999,,,5.235803111464513
U0005,2018-09,Bills,1495.74,38304.18,48254.84,3.09966834414952,3.904900196271008
U0005,2018-09,Food,563.48,38304.18,48254.84,1.167717062164127,1.471066604219174
U0005,2018-09,Fuel,536.06,38304.18,48254.84,1.1108937466169195,1.3994817275816893
U0005,2018-09,Groceries,8610.03,38304.18,48254.84,17.842831931470503,22.478042866339916
U0005,2018-09,Insurance,22052.53,38304.18,48254.84,45.700141167186544,57.572123982291224
U0005,2018-09,Miscellaneous,3250.0,38304.18,48254.84,6.735075693961477,8.484713678768218
U0005,2018-09,Other,1248.8,38304.18,48254.84,2.587926931267413,3.260218597552539
U0005,2018-09,Shopping,547.54,38304.18,48254.84,1.1346841062989743,1.4294523469762308
U0005,2018-10,Bills,4469.79,17179.31,,,26.018448936540523
U0005,2018-10,Food,3928.8199999999997,17179.31,,,22.869486609182786
U0005,2018-10,Fuel,3786.34,17179.31,,,22.04011686150375
U0005,2018-10,Groceries,1025.5,17179.31,,,5.969389923110997
U0005,2018-10,Other,397.08,17179.31,,,2.3113850323441394
U0005,2018-10,Shopping,2863.78,17179.31,,,16.66993610337086
U0005,2018-10,Subscription,708.0,17179.31,,,4.121236533946939
U0005,2018-11,Bills,15204.93,78691.94,45909.56,33.11931109773215,19.32209321564572
U0005,2018-11,Food,2553.47,78691.94,45909.56,5.561957030300443,3.244893949748856
U0005,2018-11,Groceries,494.16,78691.94,45909.56,1.0763771205822927,0.6279677435833962
U0005,2018-11,Insurance,56243.76,78691.94,45909.56,122.50990861162687,71.47334275911867
U0005,2018-11,Shopping,4195.62,78691.94,45909.56,9.138880877969644,5.331702331903369
U0005,2018-12,Bills,32221.629999999997,56301.75,71346.11,45.1624202076329,57.23024595150239
U0005,2018-12,Food,947.85,56301.75,71346.11,1.3285237275024526,1.6835178302628249
U0005,2018-12,Fuel,3629.57,56301.75,71346.11,5.087271050937465,6.446637981945499
U0005,2018-12,Miscellaneous,7251.09,56301.75,71346.11,10.163259076072963,12.878978006900319
U0005,2018-12,Other,1196.56,56301.75,71346.11,1.6771201681493215,2.125262536244433
U0005,2018-12,Shopping,11055.05,56301.75,71346.11,15.494958309570064,19.635357693144528
U0005,2019-01,Fuel,5958.5,8841.2,141025.68,4.22511701414948,67.39469755236846
U0005,2019-01,Groceries,2000.72,8841.2,141025.68,1.4186919715614916,22.629507306700447
U0005,2019-01,Other,881.98,8841.2,141025.68,0.6254038271611242,9.975795140931094
U0005,2019-02,Bills,24510.15,45305.86,47470.07,51.6328499199601,54.09929311572499
U0005,2019-02,Food,440.15999999999997,45305.86,47470.07,0.9272368884225365,0.9715299521960293
U0005,2019-02,Fuel,3717.17,45305.86,47470.07,7.830555126630317,8.20461194203134
U0005,2019-02,Groceries,4239.68,45305.86,47470.07,8.931269745336378,9.357906460665353
U0005,2019-02,Other,592.97,45305.86,47470.07,1.249144987567956,1.3088152393531434
U0005,2019-02,Shopping,11805.73,45305.86,47470.07,24.869839037524063,26.057843290029147
U0005,2019-03,Bills,25205.02,51649.84,,,48.799802671218345
U0005,2019-03,Fuel,3230.58,51649.84,,,6.2547725220445995
U0005,2019-03,Groceries,5978.0,51649.84,,,11.574092001059443
U0005,2019-03,Insurance,8026.41,51649.84,,,15.540048139548931
U0005,2019-03,Rent,8351.13,51649.84,,,16.168743213918958
U0005,2019-03,Shopping,858.7,51649.84,,,1.6625414522097264
U0005,2019-04,Bills,24595.739999999998,33773.95,,,72.82458818112775
U0005,2019-04,Food,2362.3199999999997,33773.95,,,6.994503159979806
U0005,2019-04,Fuel,3789.75,33773.95,,,11.22092618719457
U0005,2019-04,Groceries,954.11,33773.95,,,2.824987897477198
U0005,2019-04,Other,1090.52,33773.95,,,3.228879062117401
U0005,2019-04,Subscription,981.51,33773.95,,,2.9061155121032636
U0005,2019-05,Entertainment,474.04999999999995,6181.14,,,7.66929724937471
U0005,2019-05,Food,2121.8,6181.14,,,34.32700116806932
U0005,2019-05,Groceries,740.27,6181.14,,,11.976269749593115
U0005,2019-05,Miscellaneous,60.0,6181.14,,,0.9706947262155523
U0005,2019-05,Other,2307.94,6181.14,,,37.3384197736987
U0005,2019-05,Subscription,477.08000000000004,6181.14,,,7.718317333048597
U0005,2019-06,Bills,26960.379999999997,31255.039999999997,,,86.25930409943484
U0005,2019-06,Groceries,3494.22,31255.039999999997,,,11.179700937832747
U0005,2019-06,Other,141.69,31255.039999999997,,,0.45333488614956186
U0005,2019-06,Subscription,658.75,31255.039999999997,,,2.107660076582849
U0005,2019-07,Bills,27025.57,98391.43000000001,,,27.46740239470043
U0005,2019-07,Food,2105.04,98391.43000000001,,,2.139454625265635
U0005,2019-07,Groceries,461.49,98391.43000000001,,,0.4690347523153185
U0005,2019-07,Insurance,34057.66,98391.43000000001,,,34.61445778356916
U0005,2019-07,Rent,33663.66,98391.43000000001,,,34.214016403664424
U0005,2019-07,Shopping,1078.01,98391.43000000001,,,1.09563404048503
U0005,2019-08,Bills,19283.15,26073.71,,,73.95629544088663
U0005,2019-08,Fuel,3841.7799999999997,26073.71,,,14.734305167925854
U0005,2019-08,Groceries,2660.7799999999997,26073.71,,,10.204838513583221
U0005,2019-08,Shopping,288.0,26073.71,,,1.1045608776042997
U0005,2019-09,Bills,16943.91,27586.239999999998,,,61.42160004407995
U0005,2019-09,Food,2887.9100000000003,27586.239999999998,,,10.468661187606578
U0005,2019-09,Groceries,1282.72,27586.239999999998,,,4.649854420174696
U0005,2019-09,Other,2485.92,27586.239999999998,,,9.011449186260979
U0005,2019-09,Shopping,3985.78,27586.239999999998,,,14.448435161877807
U0006,2018-01,Bills,11627.72,15684.83,,,74.13354177252798
U0006,2018-01,Food,408.98,15684.83,,,2.607487617015932
U0006,2018-01,Fuel,2855.13,15684.83,,,18.203130030736705
U0006,2018-01,Shopping,491.31,15684.83,,,3.1323897039368616
U0006,2018-01,Subscription,301.69,15684.83,,,1.9234508757825237
U0006,2018-02,Bills,8027.5,12987.2,,,61.8108599236171
U0006,2018-02,Groceries,1217.64,12987.2,,,9.375692990020944
U0006,2018-02,Miscellaneous,3413.44,12987.2,,,26.283109523222866
U0006,2018-02,Subscription,328.62,12987.2,,,2.5303375631390908
U0006,2018-03,Bills,26373.71,32264.559999999998,,,81.74204142253916
U0006,2018-03,Food,3061.64,32264.559999999998,,,9.489173260072352
U0006,2018-03,Groceries,523.85,32264.559999999998,,,1.6236080702789688
U0006,2018-03,Other,2305.36,32264.559999999998,,,7.1451772471095225
U0006,2018-04,Bills,17609.82,28503.0,284.25,6195.187335092349,61.782338701189346
U0006,2018-04,Entertainment,558.74,28503.0,284.25,196.56640281442392,1.960284882293092
U0006,2018-04,Food,1274.56,28503.0,284.25,448.39401934916447,4.471669648808898
U0006,2018-04,Fuel,2743.85,28503.0,284.25,965.2946350043974,9.626530540644843
U0006,2018-04,Groceries,2120.77,28503.0,284.25,746.0932277924362,7.440515033505244
U0006,2018-04,Miscellaneous,169.8,28503.0,284.25,59.73614775725594,0.5957267656036207
U0006,2018-04,Shopping,4025.46,28503.0,284.25,1416.168865435356,14.122934427954952
U0006,2018-05,Bills,12703.56,21219.82,,,59.8664833160696
U0006,2018-05,Food,2347.98,21219.82,,,11.06503259688348
U0006,2018-05,Fuel,2322.44,21219.82,,,10.944673423242987
U0006,2018-05,Groceries,1910.29,21219.82,,,9.002385505626345
U0006,2018-05,Miscellaneous,1682.93,21219.82,,,7.930934381158747
U0006,2018-05,Other,252.62,21219.82,,,1.1904907770188438
U0006,2018-06,Bills,19670.36,39715.28,148020.81,13.288915254551034,49.52844346055221
U0006,2018-06,Food,1249.16,39715.28,148020.81,0.8439083666681733,3.1452881611309302
U0006,2018-06,Fuel,963.75,39715.28,148020.81,0.6510908837750584,2.4266478796070428
U0006,2018-06,Groceries,397.61,39715.28,148020.81,0.26861763558786095,1.001151194200318
U0006,2018-06,Miscellaneous,9050.769999999999,39715.28,148020.81,6.114525383289011,22.789138084888233
U0006,2018-06,Other,2468.49,39715.28,148020.81,1.6676641615459338,6.215466691913036
U0006,2018-06,Shopping,5915.14,39715.28,148020.81,3.996154324516938,14.893864527708228
U0006,2018-07,Bills,14343.779999999999,157371.88,,,9.114576250852439
U0006,2018-07,Food,1251.19,157371.88,,,0.795053093348062
U0006,2018-07,Fuel,3373.49,157371.88,,,2.143642180547122
U0006,2018-07,Groceries,526.15,157371.88,,,0.334335460693486
U0006,2018-07,Rent,135433.22,157371.88,,,86.0593518994626
U0006,2018-07,Shopping,2444.05,157371.88,,,1.553041115096293
U0006,2018-08,Bills,6106.95,16263.91,,,37.5490887492614
U0006,2018-08,Food,606.23,16263.91,,,3.7274554519792598
U0006,2018-08,Miscellaneous,1067.47,16263.91,,,6.563427859598338
U0006,2018-08,Rent,7881.55,16263.91,,,48.460364082191795
U0006,2018-08,Subscription,601.71,16263.91,,,3.699663856969204
U0006,2018-09,Bills,30417.16,49559.75,,,61.37472444877143
U0006,2018-09,Food,1055.53,49559.75,,,2.12981300349578
U0006,2018-09,Fuel,3273.45,49559.75,,,6.605057531565434
U0006,2018-09,Groceries,482.74,49559.75,,,0.9740565680819617
U0006,2018-09,Insurance,14042.87,49559.75,,,28.3352317152528
U0006,2018-09,Shopping,288.0,49559.75,,,0.581116732832591
U0006,2018-10,Bills,19903.370000000003,28075.93,,,70.8912224813212
U0006,2018-10,Food,143.32,28075.93,,,0.5104728498753203
U0006,2018-10,Fuel,5886.68,28075.93,,,20.96699913413376
U0006,2018-10,Other,2142.56,28075.93,,,7.631305534669733
U0006,2018-11,Bills,4787.86,9721.09,813.4,588.6230636833046,49.252295781645884
U0006,2018-11,Food,293.29,9721.09,813.4,36.057290386033934,3.01704849970528
U0006,2018-11,Groceries,2277.3599999999997,9721.09,813.4,279.98032948119004,23.42700252749434
U0006,2018-11,Miscellaneous,500.83,9721.09,813.4,61.57241209736907,5.151994272247248
U0006,2018-11,Other,1861.75,9721.09,813.4,228.8849274649619,19.15165891890724
U0006,2018-12,Bills,17585.69,58722.43,49110.75,35.80822935915253,29.94714285495338
U0006,2018-12,Food,660.77,58722.43,49110.75,1.3454691691737553,1.125242943795071
U0006,2018-12,Groceries,4552.09,58722.43,49110.75,9.269029693091635,7.75187607188599
U0006,2018-12,Miscellaneous,483.6,58722.43,49110.75,0.9847131228906095,0.8235354020601668
U0006,2018-12,Rent,35440.28,58722.43,49110.75,72.16399668097107,60.3522027273054
U0006,2019-01,Bills,6598.3099999999995,8582.17,,,76.88393494885327
U0006,2019-01,Food,685.65,8582.17,,,7.98923815305453
U0006,2019-01,Shopping,1139.42,8582.17,,,13.276595546347835
U0006,2019-01,Subscription,158.79,8582.17,,,1.8502313517443723
U0006,2019-02,Bills,25659.52,47673.0,,,53.8240093973528
U0006,2019-02,Food,1668.8899999999999,47673.0,,,3.500702703836553
U0006,2019-02,Fuel,4380.55,47673.0,,,9.188744152874794
U0006,2019-02,Groceries,753.31,47673.0,,,1.5801606779518802
U0006,2019-02,Other,809.51,47673.0,,,1.6980471126213998
U0006,2019-02,Shopping,14174.6,47673.0,,,29.732972542109792
U0006,2019-02,Subscription,226.62,47673.0,,,0.4753634132527846
U0006,2019-03,Bills,18156.57,29770.41,,,60.988646108669656
U0006,2019-03,Food,3874.65,29770.41,,,13.015104595469126
U0006,2019-03,Fuel,3883.96,29770.41,,,13.046377258492578
U0006,2019-03,Groceries,1029.93,29770.41,,,3.45957613617011
U0006,2019-03,Shopping,2825.3,29770.41,,,9.49029590119854
U0006,2019-04,Bills,17969.7,81429.56,,,22.067784720929353
U0006,2019-04,Food,3497.76,81429.56,,,4.295442588661906
U0006,2019-04,Fuel,10626.93,81429.56,,,13.05045735234232
U0006,2019-04,Groceries,703.5,81429.56,,,0.8639368799241947
U0006,2019-04,Investment,46386.55,81429.56,,,56.96524701840462
U0006,2019-04,Other,2245.12,81429.56,,,2.7571314397376088
U0006,2019-05,Bills,29689.92,48947.65,43452.98,68.32654515294462,60.656476868654565
U0006,2019-05,Groceries,1390.15,48947.65,43452.98,3.1992052098613257,2.8400750597832585
U0006,2019-05,Miscellaneous,120.0,48947.65,43452.98,0.2761605763287121,0.24515987999423872
U0006,2019-05,Other,1173.71,48947.65,43452.98,2.701103583689772,2.3978883562336497
U0006,2019-05,Rent,15867.82,48947.65,43452.98,36.51721930233553,32.41794039141818
U0006,2019-05,Shopping,706.05,48947.65,43452.98,1.6248597909740596,1.442459443916102
U0006,2019-06,Bills,21302.55,36337.38,,,58.62434220629006
U0006,2019-06,Food,1027.42,36337.38,,,2.827446557787051
U0006,2019-06,Fuel,2724.63,36337.38,,,7.49814653670683
U0006,2019-06,Groceries,842.48,36337.38,,,2.3184940686422637
U0006,2019-06,Insurance,8967.86,36337.38,,,24.679434785887153
U0006,2019-06,Other,99.29,36337.38,,,0.27324479640524446
U0006,2019-06,Shopping,577.3,36337.38,,,1.58872213681889
U0006,2019-06,Subscription,795.85,36337.38,,,2.190168911462522
U0006,2019-07,Bills,9718.66,36816.6,,,26.397494608410337
U0006,2019-07,Food,1905.1399999999999,36816.6,,,5.174676640428502
U0006,2019-07,Fuel,7006.4,36816.6,,,19.030546003704853
U0006,2019-07,Insurance,8427.55,36816.6,,,22.890625424400948
U0006,2019-07,Miscellaneous,5632.38,36816.6,,,15.298479490229951
U0006,2019-07,Other,3977.47,36816.6,,,10.803469087313875
U0006,2019-07,Subscription,149.0,36816.6,,,0.4047087455115356
U0006,2019-08,Bills,1132.75,6360.22,,,17.809918524830902
U0006,2019-08,Food,475.65,6360.22,,,7.478514894138881
U0006,2019-08,Fuel,3490.36,6360.22,,,54.877975919071986
U0006,2019-08,Groceries,300.0,6360.22,,,4.716817971705381
U0006,2019-08,Miscellaneous,529.16,6360.22,,,8.319837993025397
U0006,2019-08,Subscription,432.3,6360.22,,,6.796934697227454
U0006,2019-09,Bills,29536.8,31737.48,,,93.06599011641757
U0006,2019-09,Food,1071.8,31737.48,,,3.377079717734363
U0006,2019-09,Groceries,1128.88,31737.48,,,3.556930165848077
U0006,2019-11,Shopping,16700.17,16700.17,,,100.0
U0007,2018-01,Bills,2618.8,54449.9,,,4.809558878896013
U0007,2018-01,Food,116.0,54449.9,,,0.21303987702456753
U0007,2018-01,Other,449.96999999999997,54449.9,,,0.8263927022822813
U0007,2018-01,Rent,44800.94,54449.9,,,82.27919610504335
U0007,2018-01,Shopping,5951.3099999999995,54449.9,,,10.929882332198956
U0007,2018-01,Subscription,512.88,54449.9,,,0.9419301045548292
U0007,2018-02,Bills,7195.92,104124.94,,,6.91085152125898
U0007,2018-02,Food,234.13,104124.94,,,0.22485487146499195
U0007,2018-02,Insurance,8531.19,104124.94,,,8.193224409060884
U0007,2018-02,Miscellaneous,14131.51,104124.94,,,13.57168609172788
U0007,2018-02,Other,3673.63,104124.94,,,3.528098071413054
U0007,2018-02,Rent,67399.85,104124.94,,,64.72978519843565
U0007,2018-02,Shopping,2958.71,104124.94,,,2.8414998366385613
U0007,2018-03,Bills,21619.75,25206.3,,,85.77121592617719
U0007,2018-03,Food,567.8399999999999,25206.3,,,2.2527701407981335
U0007,2018-03,Groceries,1659.33,25206.3,,,6.58299710786589
U0007,2018-03,Miscellaneous,431.87,25206.3,,,1.713341505893368
U0007,2018-03,Other,85.53,25206.3,,,0.3393199319217815
U0007,2018-03,Shopping,841.98,25206.3,,,3.34035538734364
U0007,2018-04,Bills,32900.05,44534.19,35678.35,92.21292464477759,73.87593666798476
U0007,2018-04,Groceries,2089.03,44534.19,35678.35,5.855175477565528,4.6908453931687095
U0007,2018-04,Miscellaneous,647.81,44534.19,35678.35,1.815694952260965,1.454635191523636
U0007,2018-04,Rent,8269.39,44534.19,35678.35,23.177613314517068,18.56863232496201
U0007,2018-04,Shopping,627.9100000000001,44534.19,35678.35,1.7599188303270754,1.4099504223608874
U0007,2018-05,Bills,11057.74,25689.59,47228.53,23.41326312718181,43.043660875864504
U0007,2018-05,Food,1032.42,25689.59,47228.53,2.1860091770800403,4.018826302794245
U0007,2018-05,Groceries,2714.4700000000003,25689.59,47228.53,5.747521678104317,10.566420094676483
U0007,2018-05,Insurance,8380.51,25689.59,47228.53,17.744592092957372,32.62220222276805
U0007,2018-05,Other,2504.4500000000003,25689.59,47228.53,5.302832842775332,9.748890503896716
U0007,2018-06,Bills,34939.380000000005,47229.56,,,73.97778001742978
U0007,2018-06,Entertainment,1188.9299999999998,47229.56,,,2.5173429521680912
U0007,2018-06,Food,116.0,47229.56,,,0.2456088940909041
U0007,2018-06,Fuel,2652.67,47229.56,,,5.61654607834585
U0007,2018-06,Miscellaneous,1126.18,47229.56,,,2.3844812443732275
U0007,2018-06,Shopping,7040.08,47229.56,,,14.90608847509907
U0007,2018-06,Subscription,166.32,47229.56,,,0.3521523384930963
U0007,2018-07,Bills,5008.7300000000005,11390.220000000001,,,43.97395309309214
U0007,2018-07,Food,651.28,11390.220000000001,,,5.717887801991532
U0007,2018-07,Groceries,3267.33,11390.220000000001,,,28.685398526103974
U0007,2018-07,Other,2300.28,11390.220000000001,,,20.195220109883742
U0007,2018-07,Subscription,162.6,11390.220000000001,,,1.4275404689286069
U0007,2018-08,Bills,1851.55,7184.219999999999,,,25.772456856833454
U0007,2018-08,Food,338.4,7184.219999999999,,,4.71032345891412
U0007,2018-08,Fuel,2151.16,7184.219999999999,,,29.94284696181353
U0007,2018-08,Groceries,2048.4700000000003,7184.219999999999,,,28.513464231329227
U0007,2018-08,Miscellaneous,378.72,7184.219999999999,,,5.271553488061335
U0007,2018-08,Other,415.92,7184.219999999999,,,5.789355003048349
U0007,2018-09,Bills,11595.400000000001,69808.64,,,16.6102648611977
U0007,2018-09,Food,180.49,69808.64,,,0.25854965803659835
U0007,2018-09,Investment,3360.14,69808.64,,,4.8133583464740175
U0007,2018-09,Rent,54425.62,69808.64,,,77.96401706149841
U0007,2018-09,Subscription,246.99,69808.64,,,0.35381007279328175
U0007,2018-10,Bills,5918.68,11136.74,,,53.14553451009901
U0007,2018-10,Food,1905.09,11136.74,,,17.106352487352673
U0007,2018-10,Groceries,3312.9700000000003,11136.74,,,29.748113002548326
U0007,2018-11,Bills,8999.93,23351.96,,,38.54036235074058
U0007,2018-11,Food,8309.619999999999,23351.96,,,35.58425074383478
U0007,2018-11,Groceries,916.82,23351.96,,,3.9260944263350916
U0007,2018-11,Miscellaneous,426.38,23351.96,,,1.8258852790087
U0007,2018-11,Shopping,4699.21,23351.96,,,20.12340720008085
U0007,2018-12,Bills,14568.36,30502.399999999998,,,47.76135648342426
U0007,2018-12,Food,1755.85,30502.399999999998,,,5.756432280738565
U0007,2018-12,Fuel,3348.6,30502.399999999998,,,10.978152538816618
U0007,2018-12,Groceries,662.23,30502.399999999998,,,2.171075062945867
U0007,2018-12,Other,1194.8,30502.399999999998,,,3.9170688208141
U0007,2018-12,Shopping,8972.56,30502.399999999998,,,29.415914813260596
U0007,2019-01,Bills,8312.15,73831.52,,,11.258267471670635
U0007,2019-01,Fuel,4038.61,73831.52,,,5.470035020273184
U0007,2019-01,Groceries,1101.76,73831.52,,,1.492262383328963
U0007,2019-01,Insurance,8142.13,73831.52,,,11.027986420975756
U0007,2019-01,Investment,39760.57,73831.52,,,53.85311043305081
U0007,2019-01,Miscellaneous,3475.39,73831.52,,,4.707190099838118
U0007,2019-01,Rent,7715.14,73831.52,,,10.449656190201692
U0007,2019-01,Shopping,562.61,73831.52,,,0.7620187150420308
U0007,2019-01,Subscription,723.16,73831.52,,,0.9794732656188033
U0007,2019-02,Bills,13231.01,18064.0,,,73.24518379096546
U0007,2019-02,Food,695.6,18064.0,,,3.850752878653676
U0007,2019-02,Groceries,1268.01,18064.0,,,7.01954162976085
U0007,2019-02,Miscellaneous,2869.38,18064.0,,,15.884521700620018
U0007,2019-03,Bills,8441.539999999999,16802.52,139544.41,6.049357333625903,50.23972594587002
U0007,2019-03,Entertainment,484.46,16802.52,139544.41,0.3471726312791748,2.8832579874923523
U0007,2019-03,Food,3869.66,16802.52,139544.41,2.7730670114266847,23.030235940799354
U0007,2019-03,Fuel,2501.16,16802.52,139544.41,1.7923756315283428,14.88562429921226
U0007,2019-03,Miscellaneous,1170.69,16802.52,139544.41,0.8389372243574644,6.967347754979611
U0007,2019-03,Other,335.01,16802.52,139544.41,0.2400741097404045,1.9938080716463957
U0007,2019-04,Bills,20128.14,27712.39,,,72.63227747588714
U0007,2019-04,Food,151.83,27712.39,,,0.5478776821486707
U0007,2019-04,Groceries,4547.93,27712.39,,,16.411179259529764
U0007,2019-04,Miscellaneous,262.69,27712.39,,,0.9479153548286524
U0007,2019-04,Other,1947.39,27712.39,,,7.0271456197029565
U0007,2019-04,Subscription,674.41,27712.39,,,2.4336046079028186
U0007,2019-05,Bills,8621.6,18610.96,,,46.325391059891594
U0007,2019-05,Food,1382.28,18610.96,,,7.427236424128577
U0007,2019-05,Fuel,3402.93,18610.96,,,18.284548459617344
U0007,2019-05,Groceries,3551.91,18610.96,,,19.08504451140618
U0007,2019-05,Other,1652.24,18610.96,,,8.877779544956306
U0007,2019-06,Bills,10657.24,22004.19,,,48.432775757707965
U0007,2019-06,Food,3443.7299999999996,22004.19,,,15.650337503902664
U0007,2019-06,Fuel,3393.35,22004.19,,,15.421381109688657
U0007,2019-06,Groceries,3078.99,22004.19,,,13.992744109190113
U0007,2019-06,Miscellaneous,1013.9,22004.19,,,4.6077587950294925
U0007,2019-06,Other,416.98,22004.19,,,1.8950027244811103
U0007,2019-07,Bills,21746.39,52244.26,,,41.624457883028676
U0007,2019-07,Entertainment,2026.8100000000002,52244.26,,,3.8794883878152358
U0007,2019-07,Food,2610.49,52244.26,,,4.996702030041194
U0007,2019-07,Insurance,8358.0,52244.26,,,15.997929724719997
U0007,2019-07,Miscellaneous,1064.81,52244.26,,,2.038137778198026
U0007,2019-07,Rent,15573.76,52244.26,,,29.809514002112387
U0007,2019-07,Shopping,864.0,52244.26,,,1.6537701940844793
U0007,2019-08,Bills,4819.09,24022.88,35534.17,13.561847652555272,20.060417402076684
U0007,2019-08,Entertainment,1504.99,24022.88,35534.17,4.235331794720406,6.264819205690575
U0007,2019-08,Food,2619.0,24022.88,35534.17,7.370370547560279,10.902106658319068
U0007,2019-08,Fuel,2698.27,24022.88,35534.17,7.593451598841342,11.232083746828025
U0007,2019-08,Groceries,4391.53,24022.88,35534.17,12.358611443576702,18.280614147845718
U0007,2019-08,Insurance,7990.0,24022.88,35534.17,22.485399264989166,33.25995883923992
U0007,2019-09,Bills,28717.44,38278.03,,,75.02329665345891
U0007,2019-09,Food,1657.06,38278.03,,,4.3290106622519495
U0007,2019-09,Fuel,2669.52,38278.03,,,6.974026615267295
U0007,2019-09,Groceries,4454.06,38278.03,,,11.636074270279845
U0007,2019-09,Other,779.95,38278.03,,,2.0375917987419943
U0007,2019-11,Shopping,34231.0,34231.0,,,100.0
U0008,2018-01,Bills,23321.63,41729.54,,,55.8875798774681
U0008,2018-01,Entertainment,237.48,41729.54,,,0.5690932610328319
U0008,2018-01,Food,2587.05,41729.54,,,6.199565104240306
U0008,2018-01,Groceries,1106.89,41729.54,,,2.652533433150713
U0008,2018-01,Insurance,14085.55,41729.54,,,33.75438598172901
U0008,2018-01,Other,390.94,41729.54,,,0.9368423423790437
U0008,2018-02,Bills,21955.170000000002,36451.79,,,60.23070471985052
U0008,2018-02,Food,4443.24,36451.79,,,12.189360248152422
U0008,2018-02,Groceries,2659.03,36451.79,,,7.294648630423911
U0008,2018-02,Miscellaneous,1580.72,36451.79,,,4.336467427251172
U0008,2018-02,Other,374.87,36451.79,,,1.0283994283956974
U0008,2018-02,Shopping,5438.76,36451.79,,,14.920419545926277
U0008,2018-03,Bills,13191.35,23025.73,,,57.2896060190057
U0008,2018-03,Food,1044.87,23025.73,,,4.537836585419876
U0008,2018-03,Groceries,1369.99,23025.73,,,5.94982222062015
U0008,2018-03,Other,3008.2000000000003,23025.73,,,13.064515218410014
U0008,2018-03,Shopping,4411.32,23025.73,,,19.158219956544265
U0008,2018-04,Bills,20960.72,39784.39,,,52.685789577268885
U0008,2018-04,Fuel,4174.45,39784.39,,,10.492683185540862
U0008,2018-04,Groceries,2032.03,39784.39,,,5.107606274722322
U0008,2018-04,Insurance,8796.7,39784.39,,,22.1109334590778
U0008,2018-04,Miscellaneous,1358.12,39784.39,,,3.4137007001992488
U0008,2018-04,Other,1077.26,39784.39,,,2.7077454247758985
U0008,2018-04,Shopping,1385.11,39784.39,,,3.481541378415001
U0008,2018-05,Bills,2270.11,13170.16,,,17.23676857380624
U0008,2018-05,Entertainment,463.59000000000003,13170.16,,,3.5200027941953627
U0008,2018-05,Food,2143.8399999999997,13170.16,,,16.278010289928137
U0008,2018-05,Fuel,3497.7,13170.16,,,26.55776391478919
U0008,2018-05,Groceries,327.07,13170.16,,,2.4834170579552564
U0008,2018-05,Miscellaneous,2400.61,13170.16,,,18.227644918512762
U0008,2018-05,Other,2067.24,13170.16,,,15.696392450813049
U0008,2018-06,Bills,25940.65,30408.699999999997,,,85.30667210370717
U0008,2018-06,Entertainment,1386.53,30408.699999999997,,,4.559649047805398
U0008,2018-06,Food,825.39,30408.699999999997,,,2.7143218881438536
U0008,2018-06,Miscellaneous,1501.24,30408.699999999997,,,4.936876617546952
U0008,2018-06,Subscription,754.89,30408.699999999997,,,2.482480342796634
U0008,2018-07,Bills,2735.09,47115.62,,,5.805059977986069
U0008,2018-07,Groceries,481.99,47115.62,,,1.022994072878591
U0008,2018-07,Other,1372.6,47115.62,,,2.9132589149840324
U0008,2018-07,Rent,16716.97,47115.62,,,35.4807386594934
U0008,2018-07,Shopping,25659.97,47115.62,,,54.46170505662453
U0008,2018-07,Subscription,149.0,47115.62,,,0.3162433180333825
U0008,2018-08,Entertainment,254.91,20451.620000000003,43979.98,0.5796046291971938,1.2464049302695825
U0008,2018-08,Food,196.86,20451.620000000003,43979.98,0.4476127547124851,0.9625643347568553
U0008,2018-08,Groceries,8376.09,20451.620000000003,43979.98,19.045233763180427,40.95563089867697
U0008,2018-08,Miscellaneous,7653.92,20451.620000000003,43979.98,17.403191179259288,37.424516982028806
U0008,2018-08,Other,3376.29,20451.620000000003,43979.98,7.676879343737763,16.50866777301749
U0008,2018-08,Shopping,593.55,20451.620000000003,43979.98,1.34959133678551,2.9022150812502865
U0008,2018-09,Bills,2630.73,8177.71,168889.74,1.5576612291545953,32.16951933976627
U0008,2018-09,Entertainment,307.91,8177.71,168889.74,0.18231421281126967,3.765235010779302
U0008,2018-09,Food,1678.17,8177.71,168889.74,0.9936482820093159,20.52127062466143
U0008,2018-09,Fuel,2584.47,8177.71,168889.74,1.530270577715378,31.60383530352629
U0008,2018-09,Shopping,288.0,8177.71,168889.74,0.1705254564309235,3.521768319003731
U0008,2018-09,Subscription,688.43,8177.71,168889.74,0.40762097212062737,8.41837140226298
U0008,2018-10,Bills,16100.41,40914.670000000006,,,39.35119114977586
U0008,2018-10,Entertainment,462.41,40914.670000000006,,,1.130181423924475
U0008,2018-10,Food,684.16,40914.670000000006,,,1.6721630652281927
U0008,2018-10,Insurance,23442.3,40914.670000000006,,,57.295586155283665
U0008,2018-10,Subscription,225.39,40914.670000000006,,,0.5508782057878017
U0008,2018-11,Bills,3995.83,41790.219999999994,,,9.561639062919507
U0008,2018-11,Food,1334.14,41790.219999999994,,,3.192469434236049
U0008,2018-11,Fuel,2822.94,41790.219999999994,,,6.755025458109578
U0008,2018-11,Groceries,414.11,41790.219999999994,,,0.9909256280536454
U0008,2018-11,Rent,33223.2,41790.219999999994,,,79.49994041668123
U0008,2018-12,Bills,17399.6,61433.22,,,28.322786922124543
U0008,2018-12,Food,116.0,61433.22,,,0.18882292023761738
U0008,2018-12,Groceries,992.6800000000001,61433.22,,,1.615868417771362
U0008,2018-12,Miscellaneous,4904.06,61433.22,,,7.982749398452499
U0008,2018-12,Rent,35938.24,61433.22,,,58.49968469827888
U0008,2018-12,Shopping,1440.38,61433.22,,,2.3446272228608565
U0008,2018-12,Subscription,642.26,61433.22,,,1.0454604202742424
U0008,2019-01,Bills,12723.380000000001,23574.05,,,53.97197341992573
U0008,2019-01,Entertainment,221.82,23574.05,,,0.9409499004201655
U0008,2019-01,Food,2203.6000000000004,23574.05,,,9.347566497907659
U0008,2019-01,Fuel,3726.21,23574.05,,,15.806405772448942
U0008,2019-01,Groceries,4699.04,23574.05,,,19.93310440929751
U0008,2019-02,Bills,2544.79,9815.869999999999,,,25.92526184637735
U0008,2019-02,Food,116.0,9815.869999999999,,,1.1817597421318742
U0008,2019-02,Groceries,894.72,9815.869999999999,,,9.115035142070955
U0008,2019-02,Other,2303.89,9815.869999999999,,,23.47107286465693
U0008,2019-02,Shopping,3648.72,9815.869999999999,,,37.171641433719074
U0008,2019-02,Subscription,307.75,9815.869999999999,,,3.1352289710438304
U0008,2019-03,Bills,10523.24,63075.76,,,16.683492993187873
U0008,2019-03,Entertainment,164.36,63075.76,,,0.26057553646598947
U0008,2019-03,Food,1814.65,63075.76,,,2.876937194256558
U0008,2019-03,Fuel,7431.0,63075.76,,,11.781070889990069
U0008,2019-03,Groceries,5994.35,63075.76,,,9.503413038542858
U0008,2019-03,Other,3637.3900000000003,63075.76,,,5.766700234765305
U0008,2019-03,Rent,33208.1,63075.76,,,52.647958581870434
U0008,2019-03,Subscription,302.67,63075.76,,,0.47985153092091165
U0008,2019-04,Bills,33154.29,35291.16,,,93.94502759331232
U0008,2019-04,Food,1693.02,35291.16,,,4.797292013070694
U0008,2019-04,Miscellaneous,141.87,35291.16,,,0.40199868749001166
U0008,2019-04,Subscription,301.98,35291.16,,,0.8556817061269734
U0008,2019-05,Bills,12339.810000000001,26859.47,,,45.942120227986635
U0008,2019-05,Food,1684.49,26859.47,,,6.2714938157752185
U0008,2019-05,Groceries,955.27,26859.47,,,3.5565482118597274
U0008,2019-05,Miscellaneous,11046.23,26859.47,,,41.12601626167604
U0008,2019-05,Subscription,833.67,26859.47,,,3.1038214827023762
U0008,2019-06,Bills,13550.890000000001,33762.77,,,40.13559906370242
U0008,2019-06,Food,1247.46,33762.77,,,3.6947797825830055
U0008,2019-06,Groceries,1649.55,33762.77,,,4.885706948807814
U0008,2019-06,Insurance,8821.05,33762.77,,,26.1265589286661
U0008,2019-06,Shopping,7890.07,33762.77,,,23.36914299389535
U0008,2019-06,Subscription,603.75,33762.77,,,1.788212282345317
U0008,2019-07,Bills,2017.5300000000002,35384.25,1145.83,176.07585767522235,5.70177409440641
U0008,2019-07,Food,1992.2800000000002,35384.25,1145.83,173.87221490098884,5.630414661890531
U0008,2019-07,Insurance,17640.059999999998,35384.25,1145.83,1539.5006240018151,49.85285826321032
U0008,2019-07,Miscellaneous,559.45,35384.25,1145.83,48.824869308710724,1.581070674099352
U0008,2019-07,Other,4405.3,35384.25,1145.83,384.463663894295,12.449889428206053
U0008,2019-07,Rent,8458.82,35384.25,1145.83,738.226438476912,23.90560772094929
U0008,2019-07,Subscription,310.81,35384.25,1145.83,27.125315273644436,0.8783851572380368
U0008,2019-08,Food,4867.41,13745.619999999999,51961.53,9.367333871808624,35.41062534829277
U0008,2019-08,Insurance,8139.61,13745.619999999999,51961.53,15.664685008312881,59.216026632483654
U0008,2019-08,Subscription,738.6,13745.619999999999,51961.53,1.4214362048230682,5.373348019223579
U0008,2019-09,Bills,26284.370000000003,42054.37,196659.2,13.365441332009894,62.50092439858213
U0008,2019-09,Food,1099.9099999999999,42054.37,196659.2,0.5592975055324133,2.6154475741760006
U0008,2019-09,Fuel,4068.12,42054.37,196659.2,2.0686141304347823,9.673477453116048
U0008,2019-09,Groceries,2121.95,42054.37,196659.2,1.078998592488935,5.045730087027816
U0008,2019-09,Insurance,8480.02,42054.37,196659.2,4.312038287555324,20.164420487098013
U0009,2018-01,Bills,9506.43,26780.86,42260.69,22.494734468367646,35.49710502201946
U0009,2018-01,Food,2210.38,26780.86,42260.69,5.230345268853869,8.25358110232457
U0009,2018-01,Fuel,2138.69,26780.86,42260.69,5.060707716793076,7.985889922877757
U0009,2018-01,Groceries,4228.53,26780.86,42260.69,10.005823378652833,15.789373455520098
U0009,2018-01,Other,554.73,26780.86,42260.69,1.3126382934116787,2.0713673870069895
U0009,2018-01,Shopping,8142.1,26780.86,42260.69,19.266367870472536,30.40268311025113
U0009,2018-02,Bills,13084.71,15794.119999999999,39793.23,32.88174898091961,82.84545134518416
U0009,2018-02,Miscellaneous,2488.51,15794.119999999999,39793.23,6.253601429187829,15.755926889247393
U0009,2018-02,Subscription,220.9,15794.119999999999,39793.23,0.5551195517428467,1.398621765568452
U0009,2018-03,Bills,26838.32,35872.43,,,74.81600772515272
U0009,2018-03,Entertainment,209.49,35872.43,,,0.5839860862506387
U0009,2018-03,Food,4547.25,35872.43,,,12.676169414784558
U0009,2018-03,Groceries,2812.61,35872.43,,,7.840589555823232
U0009,2018-03,Other,1464.76,35872.43,,,4.083247217988856
U0009,2018-04,Bills,14133.0,18246.53,161118.62,8.771798070266492,77.45582310718805
U0009,2018-04,Food,3036.21,18246.53,161118.62,1.8844563092707722,16.6399309896183
U0009,2018-04,Groceries,789.3199999999999,18246.53,161118.62,0.4898999259055223,4.325863602558952
U0009,2018-04,Shopping,288.0,18246.53,161118.62,0.17875028969339485,1.578382300634696
U0009,2018-05,Bills,1250.72,15078.69,,,8.294619758082433
U0009,2018-05,Food,7029.15,15078.69,,,46.616450102760915
U0009,2018-05,Fuel,2937.15,15078.69,,,19.47881414101623
U0009,2018-05,Groceries,1166.98,15078.69,,,7.739266474740179
U0009,2018-05,Miscellaneous,2694.69,15078.69,,,17.870849523400242
U0009,2018-06,Bills,6912.610000000001,21637.4,41362.59,16.712227159856287,31.947507556360744
U0009,2018-06,Food,1585.9099999999999,21637.4,41362.59,3.834165123605654,7.3294850582787205
U0009,2018-06,Groceries,863.39,21637.4,41362.59,2.0873692870780096,3.9902668527641953
U0009,2018-06,Investment,7945.64,21637.4,41362.59,19.209725503166027,36.72178727573553
U0009,2018-06,Other,4180.85,21637.4,41362.59,10.107805144697178,19.32233077911394
U0009,2018-06,Subscription,149.0,21637.4,41362.59,0.3602288928232009,0.6886224777468641
U0009,2018-07,Bills,11205.65,17211.25,,,65.10654368508969
U0009,2018-07,Food,5932.27,17211.25,,,34.46739777761639
U0009,2018-07,Miscellaneous,73.33,17211.25,,,0.4260585372939212
U0009,2018-08,Bills,4585.86,25748.6,,,17.810133366474293
U0009,2018-08,Food,5618.5,25748.6,,,21.820603838655305
U0009,2018-08,Insurance,8877.3,25748.6,,,34.476825924516284
U0009,2018-08,Other,992.39,25748.6,,,3.854151293662568
U0009,2018-08,Shopping,5674.55,25748.6,,,22.03828557669155
U0009,2018-09,Entertainment,546.43,15794.83,,,3.4595497387436267
U0009,2018-09,Food,6185.92,15794.83,,,39.164207528666026
U0009,2018-09,Groceries,1049.57,15794.83,,,6.645022453549673
U0009,2018-09,Insurance,5240.12,15794.83,,,33.176172203182944
U0009,2018-09,Miscellaneous,2772.79,15794.83,,,17.555048075857734
U0009,2018-10,Food,6679.96,12149.84,,,54.9798186642787
U0009,2018-10,Fuel,3455.11,12149.84,,,28.43749382707921
U0009,2018-10,Miscellaneous,562.34,12149.84,,,4.6283737069788575
U0009,2018-10,Other,1452.43,12149.84,,,11.954313801663233
U0009,2018-11,Bills,2166.55,60890.97,,,3.558080943693293
U0009,2018-11,Food,3106.0,60890.97,,,5.100920547003931
U0009,2018-11,Fuel,2129.05,60890.97,,,3.496495457372415
U0009,2018-11,Groceries,1740.38,60890.97,,,2.85819063155013
U0009,2018-11,Miscellaneous,589.37,60890.97,,,0.967910348611625
U0009,2018-11,Other,47.36,60890.97,,,0.07777836352418101
U0009,2018-11,Shopping,51112.26,60890.97,,,83.94062370824442
U0009,2018-12,Bills,49215.52,61395.86,42163.19,116.7262723717062,80.16097502339734
U0009,2018-12,Food,746.38,61395.86,42163.19,1.7702171016946298,1.2156845754746328
U0009,2018-12,Groceries,605.22,61395.86,42163.19,1.4354226992786836,0.9857667927446575
U0009,2018-12,Miscellaneous,736.02,61395.86,42163.19,1.7456459058244882,1.1988104735400726
U0009,2018-12,Other,2211.67,61395.86,42163.19,5.245499688235164,3.602311295908226
U0009,2018-12,Shopping,7366.59,61395.86,42163.19,17.471614458014205,11.998512603292795
U0009,2018-12,Subscription,514.46,61395.86,42163.19,1.2201638443391025,0.8379392356422729
U0009,2019-01,Bills,31365.68,42713.42,,,73.43284616403932
U0009,2019-01,Food,1309.39,42713.42,,,3.0655236691419234
U0009,2019-01,Fuel,2784.02,42713.42,,,6.517904677265365
U0009,2019-01,Groceries,4601.48,42713.42,,,10.772913992838784
U0009,2019-01,Miscellaneous,60.0,42713.42,,,0.14047107443047174
U0009,2019-01,Shopping,2333.6,42713.42,,,5.463388321515814
U0009,2019-01,Subscription,259.25,42713.42,,,0.60695210076833
U0009,2019-02,Bills,26997.91,46096.74,232593.53999999998,11.607334408341694,58.567937776077
U0009,2019-02,Food,1653.38,46096.74,232593.53999999998,0.7108451937229212,3.5867612330069334
U0009,2019-02,Miscellaneous,2750.22,46096.74,232593.53999999998,1.182414610483163,5.966191969323644
U0009,2019-02,Shopping,14695.23,46096.74,232593.53999999998,6.31798716335802,31.879109021592416
U0009,2019-03,Bills,2580.51,16183.22,1891.5,136.42664551942906,15.94559055614396
U0009,2019-03,Food,959.45,16183.22,1891.5,50.72429288924134,5.928671797083647
U0009,2019-03,Fuel,4295.38,16183.22,1891.5,227.08855405762623,26.542183817559177
U0009,2019-03,Miscellaneous,60.0,16183.22,1891.5,3.1720856463124503,0.37075439869197846
U0009,2019-03,Other,1200.52,16183.22,1891.5,63.46920433518372,7.418301178628234
U0009,2019-03,Shopping,7087.360000000001,16183.22,1891.5,374.6952154374835,43.79449825189302
U0009,2019-04,Bills,1035.62,15581.130000000001,,,6.646629609020654
U0009,2019-04,Fuel,3628.34,15581.130000000001,,,23.28675776403894
U0009,2019-04,Groceries,10583.960000000001,15581.130000000001,,,67.92806426748253
U0009,2019-04,Other,45.21,15581.130000000001,,,0.29015867270217244
U0009,2019-04,Shopping,288.0,15581.130000000001,,,1.8483896867557101
U0009,2019-05,Bills,11935.27,21528.16,,,55.440269860498994
U0009,2019-05,Food,134.92,21528.16,,,0.6267140340837303
U0009,2019-05,Fuel,3415.45,21528.16,,,15.865034447904511
U0009,2019-05,Groceries,1012.97,21528.16,,,4.705325489962914
U0009,2019-05,Other,2353.08,21528.16,,,10.930242064347349
U0009,2019-05,Shopping,2676.4700000000003,21528.16,,,12.432414103202504
U0009,2019-06,Bills,305.24,13174.21,,,2.316951073347093
U0009,2019-06,Entertainment,1512.33,13174.21,,,11.479473911528661
U0009,2019-06,Food,405.4,13174.21,,,3.077224364876528
U0009,2019-06,Insurance,2237.12,13174.21,,,16.981056169591955
U0009,2019-06,Miscellaneous,60.0,13174.21,,,0.45543527847210574
U0009,2019-06,Rent,8334.9,13174.21,,,63.26679170895256
U0009,2019-06,Subscription,319.22,13174.21,,,2.4230674932310934
U0009,2019-07,Bills,3255.2400000000002,11470.640000000001,65194.21,4.993142795963016,28.378887315790575
U0009,2019-07,Food,481.88,11470.640000000001,65194.21,0.7391453934329445,4.200986169908566
U0009,2019-07,Fuel,2341.86,11470.640000000001,65194.21,3.5921288102118276,20.416123250315586
U0009,2019-07,Groceries,4525.74,11470.640000000001,65194.21,6.9419354878293635,39.454991177475705
U0009,2019-07,Shopping,865.92,11470.640000000001,65194.21,1.3282161099889085,7.549012086509557
U0009,2019-08,Bills,15175.19,60950.07,,,24.897740068223058
U0009,2019-08,Entertainment,206.27,60950.07,,,0.3384245497995326
U0009,2019-08,Fuel,4135.57,60950.07,,,6.785176784866695
U0009,2019-08,Groceries,1244.7,60950.07,,,2.0421633642094257
U0009,2019-08,Rent,40188.34,60950.07,,,65.93649523290128
U0009,2019-09,Bills,5772.38,33150.42,,,17.412690397286067
U0009,2019-09,Food,3692.78,33150.42,,,11.139466709622384
U0009,2019-09,Fuel,3225.5499999999997,33150.42,,,9.73004263596057
U0009,2019-09,Groceries,2850.93,33150.42,,,8.599981538695438
U0009,2019-09,Other,3443.72,33150.42,,,10.388164011195032
U0009,2019-09,Shopping,13168.63,33150.42,,,39.723870768454816
U0009,2019-09,Subscription,996.43,33150.42,,,3.005783938785693
U0009,2019-10,Shopping,5557.06,5557.06,,,100.0
U0010,2018-01,Bills,13724.03,39918.43,,,34.380184791836754
U0010,2018-01,Entertainment,628.96,39918.43,,,1.5756130689508583
U0010,2018-01,Food,2451.99,39918.43,,,6.14250109535871
U0010,2018-01,Fuel,8813.970000000001,39918.43,,,22.079951541180353
U0010,2018-01,Groceries,4189.42,39918.43,,,10.494951830520389
U0010,2018-01,Rent,10110.06,39918.43,,,25.326797672152935
U0010,2018-02,Bills,7137.639999999999,16214.8,,,44.01929101808225
U0010,2018-02,Food,2899.31,16214.8,,,17.88063990921874
U0010,2018-02,Fuel,6177.85,16214.8,,,38.10006907269902
U0010,2018-03,Bills,12260.02,73966.84000000001,38309.59,32.002482929209116,16.575021996343224
U0010,2018-03,Entertainment,165.7,73966.84000000001,38309.59,0.43252877412679175,0.2240193037853178
U0010,2018-03,Fuel,495.86,73966.84000000001,38309.59,1.2943495349336813,0.670381484459793
U0010,2018-03,Groceries,4090.1,73966.84000000001,38309.59,10.676438980422397,5.529640038698421
U0010,2018-03,Insurance,8420.62,73966.84000000001,38309.59,21.98044928175948,11.384317621247575
U0010,2018-03,Miscellaneous,2839.38,73966.84000000001,38309.59,7.4116689841890775,3.838720161629184
U0010,2018-03,Rent,45695.16,73966.84000000001,38309.59,119.27864537312982,61.77789939383648
U0010,2018-04,Bills,13555.28,72230.16,,,18.766786616560175
U0010,2018-04,Food,742.4300000000001,72230.16,,,1.0278670295067878
U0010,2018-04,Groceries,5300.37,72230.16,,,7.338167325117374
U0010,2018-04,Investment,48875.36,72230.16,,,67.66613835550136
U0010,2018-04,Other,3468.7200000000003,72230.16,,,4.802315265534508
U0010,2018-04,Shopping,288.0,72230.16,,,0.3987254077797972
U0010,2018-05,Bills,6225.150000000001,18114.53,94651.28,6.576931659033032,34.36550658504527
U0010,2018-05,Entertainment,2348.0,18114.53,94651.28,2.480684888783332,12.961970307813672
U0010,2018-05,Food,785.0899999999999,18114.53,94651.28,0.8294552382175919,4.334034611993797
U0010,2018-05,Groceries,3831.6,18114.53,94651.28,4.048122751219001,21.15208067777635
U0010,2018-05,Miscellaneous,3768.86,18114.53,94651.28,3.9818373296166736,20.805728881731962
U0010,2018-05,Other,1155.83,18114.53,94651.28,1.2211456622667964,6.38067893563896
U0010,2018-06,Bills,46528.38,51615.54,,,90.14413101170693
U0010,2018-06,Food,2188.84,51615.54,,,4.240660855238558
U0010,2018-06,Fuel,1336.37,51615.54,,,2.5890846051402345
U0010,2018-06,Groceries,1561.95,51615.54,,,3.026123527914268
U0010,2018-07,Bills,6719.05,27333.12,,,24.58208210405545
U0010,2018-07,Food,1713.54,27333.12,,,6.269097710030907
U0010,2018-07,Fuel,7794.23,27333.12,,,28.5156981713028
U0010,2018-07,Groceries,2357.39,27333.12,,,8.624664875433174
U0010,2018-07,Insurance,8748.91,27333.12,,,32.00845713917767
U0010,2018-08,Bills,1063.79,6597.150000000001,46185.36,2.303305636244905,16.12499336834845
U0010,2018-08,Food,477.93,6597.150000000001,46185.36,1.0348084328020828,7.244491939701233
U0010,2018-08,Fuel,3902.17,6597.150000000001,46185.36,8.448932735394939,59.149329634766524
U0010,2018-08,Miscellaneous,225.75,6597.150000000001,46185.36,0.4887912533322248,3.4219321979945887
U0010,2018-08,Shopping,927.51,6597.150000000001,46185.36,2.0082337779763977,14.059252859189195
U0010,2018-09,Bills,3122.9,25698.95,,,12.151858344407067
U0010,2018-09,Food,7209.4400000000005,25698.95,,,28.053441872138745
U0010,2018-09,Fuel,7497.139999999999,25698.95,,,29.172942863424378
U0010,2018-09,Groceries,3019.18,25698.95,,,11.748262088528907
U0010,2018-09,Other,328.26,25698.95,,,1.2773284511624015
U0010,2018-09,Shopping,4522.03,25698.95,,,17.596166380338495
U0010,2018-10,Bills,5074.35,11884.8,,,42.69613287560582
U0010,2018-10,Food,1006.38,11884.8,,,8.467790791599354
U0010,2018-10,Miscellaneous,3912.45,11884.8,,,32.91977988691438
U0010,2018-10,Other,1156.3,11884.8,,,9.729233979536888
U0010,2018-10,Shopping,735.32,11884.8,,,6.187062466343566
U0010,2018-11,Bills,12594.42,31087.440000000002,,,40.512888806540516
U0010,2018-11,Entertainment,825.77,31087.440000000002,,,2.656281765240238
U0010,2018-11,Food,763.75,31087.440000000002,,,2.4567799728765056
U0010,2018-11,Miscellaneous,1991.5300000000002,31087.440000000002,,,6.406220647309653
U0010,2018-11,Other,44.92,31087.440000000002,,,0.14449565483680868
U0010,2018-11,Shopping,14867.05,31087.440000000002,,,47.823333153196266
U0010,2018-12,Bills,17792.71,56044.95,43021.08,41.35812025174635,31.74721362049569
U0010,2018-12,Food,5540.65,56044.95,43021.08,12.878918892784652,9.886082510556259
U0010,2018-12,Groceries,1819.85,56044.95,43021.08,4.230135552152572,3.247125744603216
U0010,2018-12,Investment,25358.65,56044.95,43021.08,58.944708036153436,45.24698478631885
U0010,2018-12,Miscellaneous,3157.2799999999997,56044.95,43021.08,7.3389138533946605,5.633478127824184
U0010,2018-12,Other,1531.63,56044.95,43021.08,3.5601849140002995,2.732859963297318
U0010,2018-12,Shopping,844.18,56044.95,43021.08,1.9622473447900424,1.5062552469044936
U0010,2019-01,Bills,27269.670000000002,47233.020000000004,90145.28,30.250801816800614,57.73433500546863
U0010,2019-01,Groceries,1402.62,47233.020000000004,90145.28,1.5559550095135317,2.9695750980987445
U0010,2019-01,Other,1310.01,47233.020000000004,90145.28,1.453220845284412,2.7735046372220107
U0010,2019-01,Shopping,17250.72,47233.020000000004,90145.28,19.13657598046176,36.52258525921061
U0010,2019-02,Bills,6104.549999999999,18989.76,,,32.14653581719832
U0010,2019-02,Food,3658.5499999999997,18989.76,,,19.26590962708323
U0010,2019-02,Fuel,3998.7,18989.76,,,21.057138162883575
U0010,2019-02,Groceries,3009.49,18989.76,,,15.847962270191934
U0010,2019-02,Shopping,2218.4700000000003,18989.76,,,11.682454122642943
U0010,2019-03,Bills,23103.5,57870.62,,,39.922675789545714
U0010,2019-03,Food,2681.54,57870.62,,,4.633681132153068
U0010,2019-03,Fuel,3514.06,57870.62,,,6.0722694866583415
U0010,2019-03,Groceries,1577.0300000000002,57870.62,,,2.7250960850255277
U0010,2019-03,Insurance,8448.99,57870.62,,,14.599791742338338
U0010,2019-03,Investment,5409.32,57870.62,,,9.34726463963925
U0010,2019-03,Shopping,13136.18,57870.62,,,22.699221124639756
U0010,2019-04,Bills,3014.8999999999996,48227.09,,,6.251465721858813
U0010,2019-04,Food,654.39,48227.09,,,1.3568929827613485
U0010,2019-04,Fuel,1926.67,48227.09,,,3.9949953439031884
U0010,2019-04,Rent,42343.13,48227.09,,,87.79947121006057
U0010,2019-04,Shopping,288.0,48227.09,,,0.5971747414160797
U0010,2019-05,Bills,13583.16,29525.12,,,46.00543537164286
U0010,2019-05,Food,228.86,29525.12,,,0.775136561680359
U0010,2019-05,Other,2159.35,29525.12,,,7.313602789760042
U0010,2019-05,Shopping,12420.5,29525.12,,,42.06756822664904
U0010,2019-05,Subscription,1133.25,29525.12,,,3.8382570502677043
U0010,2019-06,Bills,2560.9300000000003,10916.54,,,23.459172961396195
U0010,2019-06,Food,638.15,10916.54,,,5.845716683124872
U0010,2019-06,Fuel,6300.01,10916.54,,,57.71068488733609
U0010,2019-06,Other,182.11,10916.54,,,1.6682025623503418
U0010,2019-06,Shopping,1235.3400000000001,10916.54,,,11.316222905792495
U0010,2019-07,Bills,12307.84,24688.31,,,49.85290609199252
U0010,2019-07,Fuel,5897.94,24688.31,,,23.889606052419136
U0010,2019-07,Groceries,5240.59,24688.31,,,21.227009868233186
U0010,2019-07,Miscellaneous,60.0,24688.31,,,0.2430300008384535
U0010,2019-07,Shopping,1181.94,24688.31,,,4.787447986516695
U0010,2019-08,Bills,7026.16,13065.27,,,53.77738079656983
U0010,2019-08,Food,123.75,13065.27,,,0.9471675671455699
U0010,2019-08,Fuel,2988.95,13065.27,,,22.87706262480607
U0010,2019-08,Groceries,2221.37,13065.27,,,17.00209792832448
U0010,2019-08,Subscription,705.04,13065.27,,,5.396291083154041
U0010,2019-09,Bills,15392.529999999999,74821.02,195608.36,7.869055289865933,20.572467469703028
U0010,2019-09,Food,1040.21,74821.02,195608.36,0.5317819749626244,1.390264393615591
U0010,2019-09,Fuel,6542.17,74821.02,195608.36,3.3445247432164966,8.743759440863009
U0010,2019-09,Groceries,1058.89,74821.02,195608.36,0.5413316690554536,1.4152306397319898
U0010,2019-09,Miscellaneous,6404.82,74821.02,195608.36,3.2743079079033226,8.560188032721285
U0010,2019-09,Rent,42742.61,74821.02,195608.36,21.851116179288045,57.12647328250804
U0010,2019-09,Shopping,1484.04,74821.02,195608.36,0.7586792302742071,1.9834533129861098
U0010,2019-09,Subscription,155.75,74821.02,195608.36,0.07962338623972923,0.20816342787093786
U0010,2019-10,Shopping,37692.51,37692.51,,,100.0
U0010,2019-11,Shopping,29330.11,29330.11,,,100.0
U0011,2018-01,Bills,49269.07,76264.57,50578.37,97.4113440191924,64.60282933477498
U0011,2018-01,Food,5421.71,76264.57,50578.37,10.71942413328069,7.109080927093668
U0011,2018-01,Fuel,5817.75,76264.57,50578.37,11.502446599208318,7.628378420018627
U0011,2018-01,Groceries,4242.08,76264.57,50578.37,8.387142567069677,5.5623207473667
U0011,2018-01,Other,2417.35,76264.57,50578.37,4.779414599561037,3.1696894114790126
U0011,2018-01,Rent,7953.52,76264.57,50578.37,15.725141003950899,10.428853135866365
U0011,2018-01,Shopping,1143.09,76264.57,50578.37,2.2600372451702175,1.4988480234006432
U0011,2018-02,Bills,19640.25,33901.17,,,57.933841221409175
U0011,2018-02,Entertainment,1669.04,33901.17,,,4.923251911364711
U0011,2018-02,Food,3699.21,33901.17,,,10.911747293677475
U0011,2018-02,Fuel,3836.16,33901.17,,,11.315715652291647
U0011,2018-02,Groceries,3249.98,33901.17,,,9.58663078589913
U0011,2018-02,Other,1121.03,33901.17,,,3.306759029260642
U0011,2018-02,Subscription,685.5,33901.17,,,2.0220541060972232
U0011,2018-03,Bills,18171.239999999998,36264.31,,,50.10777814330398
U0011,2018-03,Food,6826.08,36264.31,,,18.823134922462334
U0011,2018-03,Fuel,6743.860000000001,36264.31,,,18.59641063072757
U0011,2018-03,Groceries,3743.69,36264.31,,,10.323345460040464
U0011,2018-03,Other,180.72,36264.31,,,0.4983412065471534
U0011,2018-03,Shopping,598.72,36264.31,,,1.6509896369185022
U0011,2018-04,Bills,26407.23,46295.37,,,57.04075807148749
U0011,2018-04,Entertainment,177.93,46295.37,,,0.384336489804488
U0011,2018-04,Food,1947.51,46295.37,,,4.206705767769002
U0011,2018-04,Groceries,5686.27,46295.37,,,12.282588950039711
U0011,2018-04,Insurance,8241.9,46295.37,,,17.80286019962687
U0011,2018-04,Miscellaneous,529.11,46295.37,,,1.1429004671525467
U0011,2018-04,Other,3156.42,46295.37,,,6.8180036146163205
U0011,2018-04,Subscription,149.0,46295.37,,,0.32184643950356157
U0011,2018-05,Bills,32658.78,92991.6,,,35.120139883602384
U0011,2018-05,Food,3687.58,92991.6,,,3.965497958955432
U0011,2018-05,Fuel,2159.65,92991.6,,,2.3224140675071725
U0011,2018-05,Groceries,2200.16,92991.6,,,2.3659771420214297
U0011,2018-05,Rent,41600.71,92991.6,,,44.73598690634423
U0011,2018-05,Shopping,10684.72,92991.6,,,11.489984041569343
U0011,2018-06,Bills,25598.28,51532.95,,,49.673616588997916
U0011,2018-06,Food,1383.0,51532.95,,,2.6837198336210135
U0011,2018-06,Fuel,11268.43,51532.95,,,21.866456315813476
U0011,2018-06,Groceries,2685.21,51532.95,,,5.210666185421172
U0011,2018-06,Insurance,8075.36,51532.95,,,15.670284740151692
U0011,2018-06,Miscellaneous,461.52,51532.95,,,0.8955823410070644
U0011,2018-06,Shopping,1720.03,51532.95,,,3.337728579481672
U0011,2018-06,Subscription,341.12,51532.95,,,0.6619454155060015
U0011,2018-07,Bills,33511.72,83264.43,238163.14,14.07090954544855,40.24734211235218
U0011,2018-07,Food,1507.21,83264.43,238163.14,0.6328477194245927,1.8101487033538814
U0011,2018-07,Groceries,2534.16,83264.43,238163.14,1.0640437474917401,3.0435084945636453
U0011,2018-07,Miscellaneous,2116.02,83264.43,238163.14,0.8884750175866843,2.541325269385739
U0011,2018-07,Other,164.41,83264.43,238163.14,0.0690325127557522,0.19745526391041168
U0011,2018-07,Rent,42974.07,83264.43,238163.14,18.043963478143592,51.611558501031
U0011,2018-07,Subscription,456.84,83264.43,238163.14,0.19181809578090042,0.5486616554031536
U0011,2018-08,Bills,24047.32,40220.729999999996,,,59.78837281173167
U0011,2018-08,Food,1738.67,40220.729999999996,,,4.322820595250261
U0011,2018-08,Fuel,9112.02,40220.729999999996,,,22.65503385940534
U0011,2018-08,Groceries,2621.15,40220.729999999996,,,6.516913044591682
U0011,2018-08,Miscellaneous,953.9,40220.729999999996,,,2.371662573006507
U0011,2018-08,Other,945.14,40220.729999999996,,,2.3498827594625955
U0011,2018-08,Shopping,288.0,40220.729999999996,,,0.7160486644573583
U0011,2018-08,Subscription,514.53,40220.729999999996,,,1.279265692094599
U0011,2018-09,Bills,41932.47,108044.86,,,38.810240487145805
U0011,2018-09,Food,4665.93,108044.86,,,4.318511773720656
U0011,2018-09,Fuel,13556.82,108044.86,,,12.547399293219502
U0011,2018-09,Groceries,5508.59,108044.86,,,5.098428560136965
U0011,2018-09,Investment,40791.53,108044.86,,,37.75425318705582
U0011,2018-09,Miscellaneous,182.77,108044.86,,,0.1691612169241554
U0011,2018-09,Other,1406.75,108044.86,,,1.302005481797098
U0011,2018-10,Bills,18705.85,69315.69,,,26.98645862141746
U0011,2018-10,Entertainment,297.03,69315.69,,,0.42851769923952276
U0011,2018-10,Food,1420.39,69315.69,,,2.049160875409305
U0011,2018-10,Fuel,5259.17,69315.69,,,7.587272088036634
U0011,2018-10,Groceries,5612.51,69315.69,,,8.097026805907868
U0011,2018-10,Miscellaneous,1486.56,69315.69,,,2.1446226676817326
U0011,2018-10,Other,3584.61,69315.69,,,5.1714265558057635
U0011,2018-10,Rent,30940.78,69315.69,,,44.63748395204606
U0011,2018-10,Shopping,979.0,69315.69,,,1.4123786403915188
U0011,2018-10,Subscription,1029.79,69315.69,,,1.485652094064129
U0011,2018-11,Bills,28816.649999999998,54656.71,,,52.72298680253531
U0011,2018-11,Fuel,4083.45,54656.71,,,7.471086349690642
U0011,2018-11,Groceries,1013.36,54656.71,,,1.8540450019768846
U0011,2018-11,Other,1857.45,54656.71,,,3.398393353716314
U0011,2018-11,Rent,17662.41,54656.71,,,32.31517228168326
U0011,2018-11,Shopping,288.0,54656.71,,,0.5269252393713416
U0011,2018-11,Subscription,935.3900000000001,54656.71,,,1.7113909710262474
U0011,2018-12,Bills,20721.55,38509.03,,,53.8095869981664
U0011,2018-12,Entertainment,320.81,38509.03,,,0.833077332771041
U0011,2018-12,Food,612.51,38509.03,,,1.5905620058464212
U0011,2018-12,Fuel,11047.39,38509.03,,,28.687790889565385
U0011,2018-12,Groceries,3014.03,38509.03,,,7.826813607094232
U0011,2018-12,Other,694.54,38509.03,,,1.8035769792176015
U0011,2018-12,Shopping,2098.2,38509.03,,,5.448592187338917
U0011,2019-01,Bills,54682.69,83234.66,140146.77,39.018159319690355,65.69701852569591
U0011,2019-01,Food,5663.42,83234.66,140146.77,4.041063522191771,6.804160670566804
U0011,2019-01,Fuel,2917.53,83234.66,140146.77,2.0817675641044033,3.5051864211375405
U0011,2019-01,Groceries,9193.47,83234.66,140146.77,6.55988718113161,11.045242450681002
U0011,2019-01,Other,2388.6800000000003,83234.66,140146.77,1.7044131662827482,2.8698140894670563
U0011,2019-01,Shopping,8388.87,83234.66,140146.77,5.985774770264061,10.078577842451692
U0011,2019-02,Bills,15211.65,61608.06,,,24.69100633910563
U0011,2019-02,Entertainment,1214.2,61608.06,,,1.970846022419794
U0011,2019-02,Food,3857.9,61608.06,,,6.262005328523573
U0011,2019-02,Fuel,2236.24,61608.06,,,3.6297848041311473
U0011,2019-02,Groceries,1811.0500000000002,61608.06,,,2.93963160015102
U0011,2019-02,Miscellaneous,6361.15,61608.06,,,10.325191216863509
U0011,2019-02,Other,418.43,61608.06,,,0.6791806137054146
U0011,2019-02,Rent,16210.75,61608.06,,,26.312709733109596
U0011,2019-02,Shopping,14286.689999999999,61608.06,,,23.189644341990316
U0011,2019-03,Bills,36729.26,75640.0,51106.729999999996,71.86775596873446,48.55798519301957
U0011,2019-03,Food,842.96,75640.0,51106.729999999996,1.649410948421079,1.1144368059227923
U0011,2019-03,Fuel,4406.610000000001,75640.0,51106.729999999996,8.62236734770548,5.8257667900581716
U0011,2019-03,Groceries,975.04,75640.0,51106.729999999996,1.9078504924889539,1.289053410893707
U0011,2019-03,Insurance,16761.0,75640.0,51106.729999999996,32.79607206330752,22.15891062929667
U0011,2019-03,Miscellaneous,15085.77,75640.0,51106.729999999996,29.518167176808223,19.944169751454258
U0011,2019-03,Other,839.36,75640.0,51106.729999999996,1.642366866359871,1.1096774193548387
U0011,2019-04,Bills,22983.309999999998,61494.14,42783.69,53.71979368773473,37.374797013178814
U0011,2019-04,Entertainment,1915.6999999999998,61494.14,42783.69,4.477640895397288,3.1152561853861194
U0011,2019-04,Food,2145.49,61494.14,42783.69,5.014738092950841,3.488934067538793
U0011,2019-04,Fuel,7644.04,61494.14,42783.69,17.866715096336943,12.430517769660653
U0011,2019-04,Groceries,454.3,61494.14,42783.69,1.0618532436075523,0.7387695803209867
U0011,2019-04,Insurance,17310.629999999997,61494.14,42783.69,40.460815792186224,28.150048118406072
U0011,2019-04,Miscellaneous,5026.63,61494.14,42783.69,11.748939841327385,8.17416098509549
U0011,2019-04,Other,2716.9,61494.14,42783.69,6.350317141882806,4.418144558164403
U0011,2019-04,Shopping,1002.74,61494.14,42783.69,2.343743608837854,1.6306269182722128
U0011,2019-04,Subscription,294.4,61494.14,42783.69,0.6881126896721623,0.47874480397644387
U0011,2019-05,Bills,50948.42,120934.78,,,42.12884002435031
U0011,2019-05,Food,293.47,120934.78,,,0.2426679901348479
U0011,2019-05,Fuel,1793.82,120934.78,,,1.4832953762350252
U0011,2019-05,Groceries,943.63,120934.78,,,0.7802800815447797
U0011,2019-05,Insurance,47324.79,120934.78,,,39.13248942942634
U0011,2019-05,Investment,7553.53,120934.78,,,6.245953397360131
U0011,2019-05,Other,37.96,120934.78,,,0.03138881965965457
U0011,2019-05,Shopping,12039.16,120934.78,,,9.955084881288906
U0011,2019-06,Bills,52446.24,67690.57,,,77.47938893113175
U0011,2019-06,Food,5643.4400000000005,67690.57,,,8.337114017506426
U0011,2019-06,Fuel,3788.65,67690.57,,,5.597012996049523
U0011,2019-06,Groceries,1190.72,67690.57,,,1.7590633377736364
U0011,2019-06,Miscellaneous,753.04,67690.57,,,1.112474012259019
U0011,2019-06,Other,3719.48,67690.57,,,5.494827418353841
U0011,2019-06,Subscription,149.0,67690.57,,,0.22011928692578595
U0011,2019-07,Bills,24577.53,81464.13,37104.74,66.2382488059477,30.169756922463908
U0011,2019-07,Entertainment,262.8,81464.13,37104.74,0.7082653051874235,0.322595969538986
U0011,2019-07,Food,2946.81,81464.13,37104.74,7.941869421534824,3.6173098515874407
U0011,2019-07,Fuel,3357.47,81464.13,37104.74,9.048628288461257,4.1214090176866796
U0011,2019-07,Groceries,2465.61,81464.13,37104.74,6.645000072766984,3.0266204279110327
U0011,2019-07,Insurance,8258.18,81464.13,37104.74,22.256401742742305,10.13719780718213
U0011,2019-07,Miscellaneous,3034.25,81464.13,37104.74,8.17752664484376,3.724645435972863
U0011,2019-07,Other,2641.05,81464.13,37104.74,7.117823760522242,3.24197901579505
U0011,2019-07,Shopping,33920.43,81464.13,37104.74,91.41805063180608,41.638485551861905
U0011,2019-08,Bills,30810.16,96681.83,41048.69,75.05759623510518,31.867580495735343
U0011,2019-08,Entertainment,180.12,96681.83,41048.69,0.4387959761931501,0.18630181079526525
U0011,2019-08,Food,3926.87,96681.83,41048.69,9.566371058369949,4.061642192747075
U0011,2019-08,Fuel,838.09,96681.83,41048.69,2.041697311168761,0.8668536787108808
U0011,2019-08,Groceries,1709.73,96681.83,41048.69,4.165126828651535,1.7684088106317393
U0011,2019-08,Insurance,8838.68,96681.83,41048.69,21.532185314561804,9.14202803153395
U0011,2019-08,Other,2829.92,96681.83,41048.69,6.894056789632019,2.9270443060500617
U0011,2019-08,Rent,42993.149999999994,96681.83,41048.69,104.73695993708931,44.46869696198344
U0011,2019-08,Shopping,4273.43,96681.83,41048.69,10.410636734083353,4.420096309720244
U0011,2019-08,Subscription,281.68,96681.83,41048.69,0.6862094746507136,0.291347402091996
U0011,2019-09,Bills,8633.27,28630.38,,,30.154227781817777
U0011,2019-09,Food,3210.08,28630.38,,,11.212145979201113
U0011,2019-09,Fuel,5404.52,28630.38,,,18.876871351340778
U0011,2019-09,Groceries,9688.72,28630.38,,,33.84069649093026
U0011,2019-09,Miscellaneous,97.92,28630.38,,,0.34201432184972747
U0011,2019-09,Subscription,1595.87,28630.38,,,5.574044074860341
U0011,2019-10,Shopping,26128.59,26128.59,,,100.0
U0012,2018-01,Bills,70761.06,83875.70999999999,,,84.36418600808267
U0012,2018-01,Entertainment,267.34,83875.70999999999,,,0.3187335165329748
U0012,2018-01,Food,6738.1900000000005,83875.70999999999,,,8.033541534253482
U0012,2018-01,Groceries,2869.54,83875.70999999999,,,3.4211811739060094
U0012,2018-01,Miscellaneous,506.48,83875.70999999999,,,0.6038458571617458
U0012,2018-01,Other,2272.87,83875.70999999999,,,2.7098071658648255
U0012,2018-01,Shopping,298.19,83875.70999999999,,,0.35551412917994973
U0012,2018-01,Subscription,162.04,83875.70999999999,,,0.19319061501834084
U0012,2018-02,Bills,23540.02,145953.78,58513.32,40.23019032247701,16.12840722590398
U0012,2018-02,Food,730.3499999999999,145953.78,58513.32,1.248177338083021,0.5003981397398546
U0012,2018-02,Groceries,7375.889999999999,145953.78,58513.32,12.605488801524164,5.0535792906494095
U0012,2018-02,Miscellaneous,4200.16,145953.78,58513.32,7.178126279623169,2.877732937098306
U0012,2018-02,Other,1442.01,145953.78,58513.32,2.4644132310386766,0.9879908557352882
U0012,2018-02,Rent,87641.03,145953.78,58513.32,149.77962282775957,60.04711217482686
U0012,2018-02,Shopping,21024.32,145953.78,58513.32,35.93082737400646,14.404779376046307
U0012,2018-03,Bills,52555.8,100092.8,177208.79,29.657558183202987,52.507073435851524
U0012,2018-03,Entertainment,844.8299999999999,100092.8,177208.79,0.47674271688215913,0.8440467246395343
U0012,2018-03,Food,4286.3099999999995,100092.8,177208.79,2.418790851176174,4.282335992199238
U0012,2018-03,Groceries,1048.9,100092.8,177208.79,0.5919006613610984,1.0479275232584162
U0012,2018-03,Miscellaneous,2918.13,100092.8,177208.79,1.6467185403162,2.9154244860769207
U0012,2018-03,Other,4767.36,100092.8,177208.79,2.6902502974034186,4.7629399916877135
U0012,2018-03,Rent,18777.66,100092.8,177208.79,10.596347957683138,18.760250487547555
U0012,2018-03,Shopping,14409.689999999999,100092.8,177208.79,8.131475870920397,14.39633020556923
U0012,2018-03,Subscription,484.12,100092.8,177208.79,0.2731918659339641,0.4836711531698583
U0012,2018-04,Bills,9849.19,82206.63,,,11.981016616299684
U0012,2018-04,Entertainment,513.51,82206.63,,,0.6246576462263445
U0012,2018-04,Food,3153.95,82206.63,,,3.836612691701387
U0012,2018-04,Fuel,7949.48,82206.63,,,9.670120281052757
U0012,2018-04,Groceries,12459.38,82206.63,,,15.156174143131762
U0012,2018-04,Miscellaneous,60.0,82206.63,,,0.07298681383727808
U0012,2018-04,Other,4108.71,82206.63,,,4.998027531356048
U0012,2018-04,Rent,32283.24,82206.63,,,39.27084713240283
U0012,2018-04,Shopping,11829.17,82206.63,,,14.389557143991913
U0012,2018-05,Bills,29931.93,53301.33,79766.06,37.52464394004167,56.156065899293694
U0012,2018-05,Food,2998.69,53301.33,79766.06,3.759355796187,5.6259196534120255
U0012,2018-05,Fuel,5150.889999999999,53301.33,79766.06,6.457495832187273,9.663717584533067
U0012,2018-05,Groceries,14025.55,53301.33,79766.06,17.583355627694285,26.313696112273373
U0012,2018-05,Other,906.27,53301.33,79766.06,1.1361599156332907,1.7002765221805909
U0012,2018-05,Shopping,288.0,53301.33,79766.06,0.3610558174742491,0.5403242283072487
U0012,2018-06,Bills,21580.829999999998,90726.34999999999,47528.1,45.406464807135144,23.786727891070235
U0012,2018-06,Food,4057.63,90726.34999999999,47528.1,8.537328443594422,4.472383161011107
U0012,2018-06,Fuel,3061.18,90726.34999999999,47528.1,6.440779244278648,3.374080407731602
U0012,2018-06,Groceries,2559.27,90726.34999999999,47528.1,5.38475133657773,2.8208673665368442
U0012,2018-06,Insurance,8081.03,90726.34999999999,47528.1,17.00263633513648,8.907037481393223
U0012,2018-06,Other,69.16,90726.34999999999,47528.1,0.14551391703013586,0.07622923219108893
U0012,2018-06,Rent,43127.43,90726.34999999999,47528.1,90.74090906221794,47.535726941511484
U0012,2018-06,Shopping,6564.52,90726.34999999999,47528.1,13.81187129298247,7.235516473439086
U0012,2018-06,Subscription,1625.3,90726.34999999999,47528.1,3.419661210946787,1.7914310451153388
U0012,2018-07,Bills,35846.49,76423.96,392.61,9130.304882708031,46.904779600533644
U0012,2018-07,Entertainment,258.09,76423.96,392.61,65.73699090700694,0.337708226582344
U0012,2018-07,Food,2949.71,76423.96,392.61,751.3079137057131,3.85966652343061
U0012,2018-07,Groceries,1148.35,76423.96,392.61,292.49127633020044,1.5026046805216582
U0012,2018-07,Insurance,8830.08,76423.96,392.61,2249.0715977687782,11.554072832656145
U0012,2018-07,Investment,7465.22,76423.96,392.61,1901.4339930210642,9.768166946596327
U0012,2018-07,Miscellaneous,1053.32,76423.96,392.61,268.28659483966277,1.3782588601794514
U0012,2018-07,Other,4372.09,76423.96,392.61,1113.596189602914,5.720836763758381
U0012,2018-07,Rent,8046.59,76423.96,392.61,2049.512238608288,10.528883873591475
U0012,2018-07,Shopping,6454.0199999999995,76423.96,392.61,1643.8756017421865,8.445021692149947
U0012,2018-08,Bills,8287.85,84101.36,46530.38,17.811696358379194,9.85459688166755
U0012,2018-08,Food,1984.76,84101.36,46530.38,4.265514272610712,2.3599618365267814
U0012,2018-08,Fuel,3791.73,84101.36,46530.38,8.148934094241225,4.5085240000875135
U0012,2018-08,Groceries,5116.110000000001,84101.36,46530.38,10.995203563779194,6.083266667744732
U0012,2018-08,Insurance,19006.41,84101.36,46530.38,40.847313088782,22.599408618362414
U0012,2018-08,Investment,42645.54,84101.36,46530.38,91.65096008242357,50.707313175434976
U0012,2018-08,Miscellaneous,255.04,84101.36,46530.38,0.5481150164688103,0.30325312218494443
U0012,2018-08,Other,2368.36,84101.36,46530.38,5.0899218961891135,2.816078122874589
U0012,2018-08,Subscription,645.56,84101.36,46530.38,1.3873946441013376,0.7675975751165023
U0012,2018-09,Bills,42832.95,107582.37999999999,43148.79,99.26802118900669,39.81409409235974
U0012,2018-09,Entertainment,296.94,107582.37999999999,43148.79,0.6881768874631247,0.27601174095609343
U0012,2018-09,Food,9628.75,107582.37999999999,43148.79,22.315225988955888,8.95011803977566
U0012,2018-09,Fuel,2218.31,107582.37999999999,43148.79,5.141071163293339,2.0619640502468903
U0012,2018-09,Groceries,574.41,107582.37999999999,43148.79,1.3312308410038842,0.5339257227809981
U0012,2018-09,Other,2828.84,107582.37999999999,43148.79,6.556012347043799,2.6294640442050086
U0012,2018-09,Rent,47390.24,107582.37999999999,43148.79,109.82982373317999,44.05018740057619
U0012,2018-09,Shopping,1811.94,107582.37999999999,43148.79,4.1992834561525365,1.684234909099427
U0012,2018-10,Bills,28063.48,38308.490000000005,48070.6,58.379716500314125,73.25655487856608
U0012,2018-10,Food,1259.56,38308.490000000005,48070.6,2.6202294125723413,3.2879395663989883
U0012,2018-10,Fuel,3707.69,38308.490000000005,48070.6,7.713009615024569,9.678507296946446
U0012,2018-10,Groceries,1590.1799999999998,38308.490000000005,48070.6,3.308009469405416,4.150985851961274
U0012,2018-10,Miscellaneous,539.81,38308.490000000005,48070.6,1.1229524907115782,1.409113227903266
U0012,2018-10,Other,2593.12,38308.490000000005,48070.6,5.394399071365866,6.769047801153216
U0012,2018-10,Subscription,554.65,38308.490000000005,48070.6,1.1538237508997182,1.4478513770707222
U0012,2018-11,Bills,17586.809999999998,97563.11,240125.84,7.323997284090708,18.026085884306063
U0012,2018-11,Entertainment,1927.0099999999998,97563.11,240125.84,0.8025000558040732,1.9751420388300454
U0012,2018-11,Food,6522.69,97563.11,240125.84,2.7163632202181986,6.685610985545663
U0012,2018-11,Groceries,1836.98,97563.11,240125.84,0.765007214550504,1.8828633076579868
U0012,2018-11,Miscellaneous,751.46,97563.11,240125.84,0.3129442462335582,0.7702296493008475
U0012,2018-11,Other,934.51,97563.11,240125.84,0.38917510918441767,0.9578517945973636
U0012,2018-11,Shopping,67412.03,97563.11,240125.84,28.073625895488796,69.0958191062175
U0012,2018-11,Subscription,591.62,97563.11,240125.84,0.24637914853311912,0.6063972335445231
U0012,2018-12,Bills,45684.54,116111.65,,,39.345354234480354
U0012,2018-12,Food,1210.69,116111.65,,,1.0426946822304222
U0012,2018-12,Fuel,1325.79,116111.65,,,1.14182340876217
U0012,2018-12,Groceries,5339.33,116111.65,,,4.598444686644278
U0012,2018-12,Insurance,15428.57,116111.65,,,13.287701966167909
U0012,2018-12,Miscellaneous,2333.04,116111.65,,,2.0093074209177115
U0012,2018-12,Other,334.89,116111.65,,,0.28842067096626395
U0012,2018-12,Rent,44454.8,116111.65,,,38.28625292983091
U0012,2019-01,Bills,21709.23,44630.53,,,48.642106647624395
U0012,2019-01,Entertainment,326.07,44630.53,,,0.7305985387132978
U0012,2019-01,Food,3694.42,44630.53,,,8.277786528638579
U0012,2019-01,Groceries,3587.36,44630.53,,,8.037905890877836
U0012,2019-01,Shopping,14203.48,44630.53,,,31.82458285841553
U0012,2019-01,Subscription,1109.97,44630.53,,,2.4870195357303624
U0012,2019-02,Bills,7884.76,17435.29,38433.18,20.515502490296143,45.22299313633441
U0012,2019-02,Food,3921.96,17435.29,38433.18,10.204620070470359,22.494377782073023
U0012,2019-02,Fuel,1086.41,17435.29,38433.18,2.826750219471821,6.23109796280991
U0012,2019-02,Groceries,4483.97,17435.29,38433.18,11.666924256592871,25.717782726871764
U0012,2019-02,Other,58.19,17435.29,38433.18,0.15140563440235755,0.33374839191088873
U0012,2019-03,Bills,19419.73,40706.7,,,47.70647092493373
U0012,2019-03,Entertainment,361.03,40706.7,,,0.8869055953933873
U0012,2019-03,Food,9820.86,40706.7,,,24.125905563457618
U0012,2019-03,Fuel,4169.38,40706.7,,,10.242490793898794
U0012,2019-03,Groceries,2612.5299999999997,40706.7,,,6.4179361137110105
U0012,2019-03,Miscellaneous,1079.95,40706.7,,,2.6530030682909698
U0012,2019-03,Other,2309.3,40706.7,,,5.673021885832063
U0012,2019-03,Shopping,626.58,40706.7,,,1.539255208602024
U0012,2019-03,Subscription,307.34,40706.7,,,0.7550108458804079
U0012,2019-04,Bills,5761.05,30053.19,52336.86,11.007634007848388,19.169512454418317
U0012,2019-04,Food,4451.16,30053.19,52336.86,8.504828145975896,14.810940203020046
U0012,2019-04,Groceries,1140.73,30053.19,52336.86,2.17959197399309,3.7957035509375214
U0012,2019-04,Investment,13353.71,30053.19,52336.86,25.514923898758923,44.43358591883258
U0012,2019-04,Shopping,5346.54,30053.19,52336.86,10.215630054993746,17.79025787279154
U0012,2019-05,Bills,45743.979999999996,56804.5,,,80.52879613410909
U0012,2019-05,Entertainment,1271.03,56804.5,,,2.237551602425864
U0012,2019-05,Food,2808.16,56804.5,,,4.943552007323363
U0012,2019-05,Groceries,4574.95,56804.5,,,8.053851367409273
U0012,2019-05,Miscellaneous,494.32,56804.5,,,0.8702127472295328
U0012,2019-05,Other,282.94,56804.5,,,0.498094341117341
U0012,2019-05,Shopping,1629.12,56804.5,,,2.8679418003855326
U0012,2019-06,Bills,22809.870000000003,65154.98,51158.94,44.58628345309735,35.008636331405526
U0012,2019-06,Food,5340.950000000001,65154.98,51158.94,10.43991529144271,8.19730126538294
U0012,2019-06,Fuel,11626.04,65154.98,51158.94,22.725334027640134,17.843670583583943
U0012,2019-06,Groceries,2578.1,65154.98,51158.94,5.039392919399815,3.9568732888875107
U0012,2019-06,Investment,15056.34,65154.98,51158.94,29.43051595674187,23.108502220398194
U0012,2019-06,Miscellaneous,4125.58,65154.98,51158.94,8.06424058043423,6.331948839520784
U0012,2019-06,Other,2790.66,65154.98,51158.94,5.454882372465105,4.28311082284117
U0012,2019-06,Shopping,827.44,65154.98,51158.94,1.6173908216237476,1.2699566479799396
U0012,2019-07,Bills,57851.740000000005,96754.63,,,59.79221872896419
U0012,2019-07,Food,2800.14,96754.63,,,2.894063054140148
U0012,2019-07,Fuel,2161.67,96754.63,,,2.2341773205065225
U0012,2019-07,Groceries,5316.65,96754.63,,,5.494982514015091
U0012,2019-07,Insurance,8547.9,96754.63,,,8.834615976517092
U0012,2019-07,Rent,8078.93,96754.63,,,8.349915657782992
U0012,2019-07,Shopping,11499.28,96754.63,,,11.884991963692073
U0012,2019-07,Subscription,498.32,96754.63,,,0.5150347843818947
U0012,2019-08,Bills,48824.47,70000.22,,,69.74902364592569
U0012,2019-08,Entertainment,1744.8,70000.22,,,2.4925635948001306
U0012,2019-08,Food,7472.76,70000.22,,,10.675337877509527
U0012,2019-08,Groceries,1899.81,70000.22,,,2.7140057559819097
U0012,2019-08,Miscellaneous,196.57,70000.22,,,0.2808134031578758
U0012,2019-08,Other,5051.860000000001,70000.22,,,7.216920175393734
U0012,2019-08,Shopping,4809.95,70000.22,,,6.871335547231137
U0012,2019-09,Bills,27649.77,75191.13,111175.87999999999,24.870295607284604,36.77264858235273
U0012,2019-09,Food,3178.65,75191.13,111175.87999999999,2.859118362724001,4.227426825477952
U0012,2019-09,Groceries,4452.86,75191.13,111175.87999999999,4.005239265927106,5.922054901954525
U0012,2019-09,Miscellaneous,4668.129999999999,75191.13,111175.87999999999,4.1988693950522356,6.208351969175086
U0012,2019-09,Other,930.82,75191.13,111175.87999999999,0.8372499502589951,1.237938570679813
U0012,2019-09,Rent,29516.980000000003,75191.13,111175.87999999999,26.54980558732704,39.25593351237041
U0012,2019-09,Shopping,4793.92,75191.13,111175.87999999999,4.3120144405423195,6.375645637989481
U0012,2019-10,Shopping,44286.7,44286.7,,,100.0
U0012,2019-11,Shopping,35910.83,35910.83,,,100.0
U0013,2018-01,Bills,4569.389999999999,13157.289999999999,,,34.728960143008166
U0013,2018-01,Food,1182.37,13157.289999999999,,,8.98642501609374
U0013,2018-01,Groceries,3053.37,13157.289999999999,,,23.20667857894749
U0013,2018-01,Miscellaneous,4220.4,13157.289999999999,,,32.07651423659431
U0013,2018-01,Other,131.76,13157.289999999999,,,1.0014220253562853
U0013,2018-02,Bills,73184.93000000001,138806.25,,,52.72452068981044
U0013,2018-02,Food,3190.96,138806.25,,,2.298859021117565
U0013,2018-02,Fuel,4048.62,138806.25,,,2.9167418614075373
U0013,2018-02,Groceries,2646.33,138806.25,,,1.906491962717817
U0013,2018-02,Investment,6045.93,138806.25,,,4.355661218424963
U0013,2018-02,Miscellaneous,2294.63,138806.25,,,1.6531172047368186
U0013,2018-02,Other,401.93,138806.25,,,0.28956188932414784
U0013,2018-02,Rent,46992.92,138806.25,,,33.85504615246071
U0013,2018-03,Bills,72756.1,93446.94,42835.65,169.8494128138595,77.85819417949908
U0013,2018-03,Entertainment,2120.65,93446.94,42835.65,4.950666092378661,2.2693626993029414
U0013,2018-03,Food,3536.56,93446.94,42835.65,8.25611377439119,3.7845648022289438
U0013,2018-03,Fuel,6849.8099999999995,93446.94,42835.65,15.990909441084703,7.330159767671364
U0013,2018-03,Groceries,2368.12,93446.94,42835.65,5.528385818821472,2.5341867802198768
U0013,2018-03,Miscellaneous,2095.27,93446.94,42835.65,4.891416378647224,2.242202901454023
U0013,2018-03,Other,3246.06,93446.94,42835.65,7.577940337079045,3.4736931995847056
U0013,2018-03,Subscription,474.37,93446.94,42835.65,1.1074187038132957,0.5076356700390617
U0013,2018-04,Bills,16891.739999999998,39566.61,43146.0,39.15018773466833,42.69190612994137
U0013,2018-04,Entertainment,1623.56,39566.61,43146.0,3.7629444212673246,4.103358867489533
U0013,2018-04,Food,2636.02,39566.61,43146.0,6.109535066981875,6.6622336358864205
U0013,2018-04,Fuel,7115.76,39566.61,43146.0,16.492282019190654,17.984254905841063
U0013,2018-04,Groceries,9732.46,39566.61,43146.0,22.5570388912066,24.59765949117197
U0013,2018-04,Miscellaneous,1341.12,39566.61,43146.0,3.1083298567654007,3.389524652225702
U0013,2018-04,Other,225.95,39566.61,43146.0,0.5236870161776294,0.5710623174439255
U0013,2018-05,Bills,33328.45,61507.41,,,54.18607286504178
U0013,2018-05,Entertainment,949.72,61507.41,,,1.544074120500278
U0013,2018-05,Food,1561.51,61507.41,,,2.5387347638276427
U0013,2018-05,Fuel,1106.96,61507.41,,,1.7997181152644859
U0013,2018-05,Groceries,5021.59,61507.41,,,8.164203304935128
U0013,2018-05,Other,4742.37,61507.41,,,7.710241741604791
U0013,2018-05,Shopping,14796.810000000001,61507.41,,,24.056955088825884
U0013,2018-06,Bills,41411.22,55102.12,47610.41,86.97933918233429,75.15358755706677
U0013,2018-06,Food,4854.26,55102.12,47610.41,10.195795415330386,8.809570303284158
U0013,2018-06,Fuel,3918.36,55102.12,47610.41,8.23004884856064,7.111087558881582
U0013,2018-06,Groceries,1762.62,55102.12,47610.41,3.7021735372579223,3.1988242920599057
U0013,2018-06,Miscellaneous,1587.97,55102.12,47610.41,3.3353419976849596,2.881867340131378
U0013,2018-06,Shopping,288.0,55102.12,47610.41,0.6049097245749406,0.522665915576388
U0013,2018-06,Subscription,1279.69,55102.12,47610.41,2.6878365466712006,2.3223970329998194
U0013,2018-07,Bills,17145.989999999998,62866.79,,,27.273525497325373
U0013,2018-07,Entertainment,1132.98,62866.79,,,1.802191586368574
U0013,2018-07,Food,3064.17,62866.79,,,4.8740678504501345
U0013,2018-07,Fuel,7552.59,62866.79,,,12.013640270164899
U0013,2018-07,Groceries,4344.75,62866.79,,,6.911041584913115
U0013,2018-07,Other,1175.42,62866.79,,,1.869699407270516
U0013,2018-07,Rent,18194.25,62866.79,,,28.940955948283666
U0013,2018-07,Shopping,10256.64,62866.79,,,16.31487785522372
U0013,2018-08,Bills,29992.9,121151.05,57328.47,52.31763554827121,24.756615811418886
U0013,2018-08,Entertainment,319.18,121151.05,57328.47,0.5567565295218938,0.26345623913288413
U0013,2018-08,Food,9368.55,121151.05,57328.47,16.341880395552156,7.732949900145314
U0013,2018-08,Fuel,9165.85,121151.05,57328.47,15.988303891591734,7.565638102187311
U0013,2018-08,Groceries,1910.32,121151.05,57328.47,3.332236147240629,1.576808455230062
U0013,2018-08,Insurance,69420.63,121151.05,57328.47,121.09276595032104,57.300890087209325
U0013,2018-08,Miscellaneous,973.62,121151.05,57328.47,1.6983184794570654,0.8036414046762286
U0013,2018-09,Bills,7247.450000000001,63788.68,58887.48,12.307285012026325,11.361655390893809
U0013,2018-09,Food,129.56,63788.68,58887.48,0.22001281087253183,0.20310813768210914
U0013,2018-09,Fuel,2187.64,63788.68,58887.48,3.7149492557671,3.4295113176820715
U0013,2018-09,Groceries,7083.89,63788.68,58887.48,12.029534970761187,11.10524625999472
U0013,2018-09,Other,136.62,63788.68,58887.48,0.23200177694817303,0.21417593215598754
U0013,2018-09,Rent,47003.52,63788.68,58887.48,79.8192077501024,73.6863029615913
U0013,2018-10,Bills,11112.07,101694.7,,,10.92689196192132
U0013,2018-10,Entertainment,2237.54,101694.7,,,2.200252323867419
U0013,2018-10,Food,4965.42,101694.7,,,4.8826733349918925
U0013,2018-10,Fuel,4028.33,101694.7,,,3.9611995512057163
U0013,2018-10,Groceries,5991.54,101694.7,,,5.891693470751179
U0013,2018-10,Insurance,28770.02,101694.7,,,28.29057954839338
U0013,2018-10,Rent,42775.53,101694.7,,,42.06269353270131
U0013,2018-10,Shopping,1145.97,101694.7,,,1.1268728852142738
U0013,2018-10,Subscription,668.28,101694.7,,,0.6571433909535108
U0013,2018-11,Bills,34328.47,140994.72,45221.46,75.91190111951272,24.34734435445526
U0013,2018-11,Entertainment,362.25,140994.72,45221.46,0.8010577279017529,0.25692451462012195
U0013,2018-11,Food,2276.44,140994.72,45221.46,5.033981653843109,1.614556913904294
U0013,2018-11,Fuel,1300.93,140994.72,45221.46,2.8767978742835814,0.9226799414900076
U0013,2018-11,Groceries,2327.9700000000003,140994.72,45221.46,5.147931977428416,1.651104381781105
U0013,2018-11,Investment,20675.42,140994.72,45221.46,45.720372584166896,14.663967558501481
U0013,2018-11,Miscellaneous,6431.33,140994.72,45221.46,14.221853960486902,4.561397760143074
U0013,2018-11,Other,3772.6899999999996,140994.72,45221.46,8.342698356046,2.6757668655961013
U0013,2018-11,Rent,33323.0,140994.72,45221.46,73.68846560902722,23.634218359382537
U0013,2018-11,Shopping,36196.22,140994.72,45221.46,80.04213043983985,25.67203935012602
U0013,2018-12,Bills,9913.039999999999,31506.35,,,31.4636255865881
U0013,2018-12,Entertainment,237.41,31506.35,,,0.7535306374746679
U0013,2018-12,Food,6271.17,31506.35,,,19.90446370334869
U0013,2018-12,Fuel,2946.14,31506.35,,,9.350940365989713
U0013,2018-12,Groceries,8324.13,31506.35,,,26.420483489836172
U0013,2018-12,Miscellaneous,530.92,31506.35,,,1.6851206185419763
U0013,2018-12,Other,1920.5,31506.35,,,6.095596601954845
U0013,2018-12,Shopping,1214.04,31506.35,,,3.8533184580251283
U0013,2018-12,Subscription,149.0,31506.35,,,0.47292053824070385
U0013,2019-01,Bills,15436.970000000001,31961.78,,,48.29821743344708
U0013,2019-01,Food,4093.28,31961.78,,,12.806796117112377
U0013,2019-01,Groceries,2815.46,31961.78,,,8.808833550571965
U0013,2019-01,Miscellaneous,7384.889999999999,31961.78,,,23.105377735532876
U0013,2019-01,Other,2231.18,31961.78,,,6.980775163335709
U0013,2019-02,Bills,42206.45,58204.46,,,72.51411661580572
U0013,2019-02,Food,2386.98,58204.46,,,4.101025935125933
U0013,2019-02,Fuel,1170.42,58204.46,,,2.010876829713737
U0013,2019-02,Groceries,2063.97,58204.46,,,3.5460684627947754
U0013,2019-02,Insurance,8317.03,58204.46,,,14.289334528659833
U0013,2019-02,Other,2059.61,58204.46,,,3.538577627899993
U0013,2019-03,Bills,18542.28,40180.25,,,46.1477467163594
U0013,2019-03,Entertainment,149.0,40180.25,,,0.37082895203489274
U0013,2019-03,Food,6260.1,40180.25,,,15.580042433782767
U0013,2019-03,Fuel,3465.44,40180.25,,,8.62473478885771
U0013,2019-03,Groceries,1126.24,40180.25,,,2.802969120401192
U0013,2019-03,Miscellaneous,7812.860000000001,40180.25,,,19.444528095270687
U0013,2019-03,Other,1671.6399999999999,40180.25,,,4.160352411943678
U0013,2019-03,Shopping,1152.69,40180.25,,,2.868797481349668
U0013,2019-04,Bills,52704.71,74238.71,,,70.99356925787099
U0013,2019-04,Entertainment,466.34,74238.71,,,0.6281628546616718
U0013,2019-04,Food,4162.38,74238.71,,,5.6067515181769725
U0013,2019-04,Groceries,10825.74,74238.71,,,14.582338513155735
U0013,2019-04,Miscellaneous,525.44,74238.71,,,0.7077709189720566
U0013,2019-04,Other,2749.21,74238.71,,,3.703202816967051
U0013,2019-04,Shopping,2343.59,74238.71,,,3.1568301766019373
U0013,2019-04,Subscription,461.3,74238.71,,,0.621373943593578
U0013,2019-05,Bills,17872.97,28679.73,,,62.319171066115345
U0013,2019-05,Food,1389.6100000000001,28679.73,,,4.84526876647723
U0013,2019-05,Fuel,6646.48,28679.73,,,23.17483463059101
U0013,2019-05,Groceries,300.0,28679.73,,,1.0460349522118932
U0013,2019-05,Miscellaneous,539.62,28679.73,,,1.8815379363752727
U0013,2019-05,Other,102.3,28679.73,,,0.3566979187042556
U0013,2019-05,Shopping,1828.75,28679.73,,,6.376454729524999
U0013,2019-06,Bills,31987.09,38440.32,,,83.21234058405341
U0013,2019-06,Food,3642.1600000000003,38440.32,,,9.474843081431166
U0013,2019-06,Groceries,1293.2,38440.32,,,3.3641759485873166
U0013,2019-06,Miscellaneous,1517.87,38440.32,,,3.9486403859281087
U0013,2019-07,Bills,23178.86,46847.17,,,49.47760985348742
U0013,2019-07,Entertainment,282.86,46847.17,,,0.6037931426807639
U0013,2019-07,Food,540.1,46847.17,,,1.152897816452947
U0013,2019-07,Groceries,10249.880000000001,46847.17,,,21.879400612673084
U0013,2019-07,Other,3940.1099999999997,46847.17,,,8.410561406377376
U0013,2019-07,Shopping,8655.36,46847.17,,,18.47573716832842
U0013,2019-08,Bills,24570.65,51924.77,,,47.31970887882604
U0013,2019-08,Entertainment,699.29,51924.77,,,1.3467368271443476
U0013,2019-08,Food,4547.74,51924.77,,,8.758324784105929
U0013,2019-08,Fuel,7077.16,51924.77,,,13.629641498652765
U0013,2019-08,Groceries,3826.5,51924.77,,,7.369315261290517
U0013,2019-08,Insurance,6890.87,51924.77,,,13.270872456440348
U0013,2019-08,Miscellaneous,1616.42,51924.77,,,3.1130036782059896
U0013,2019-08,Other,2387.89,51924.77,,,4.598749305967075
U0013,2019-08,Subscription,308.25,51924.77,,,0.5936473093669938
U0013,2019-09,Bills,10363.49,27387.03,,,37.84086846949085
U0013,2019-09,Entertainment,1141.02,27387.03,,,4.166278709301447
U0013,2019-09,Food,846.28,27387.03,,,3.0900758497726843
U0013,2019-09,Fuel,2080.61,27387.03,,,7.597063281414597
U0013,2019-09,Groceries,4113.0,27387.03,,,15.018057817879486
U0013,2019-09,Miscellaneous,227.7,27387.03,,,0.8314154546878578
U0013,2019-09,Other,1824.19,27387.03,,,6.660780668805636
U0013,2019-09,Shopping,6790.74,27387.03,,,24.795459748647446
U0013,2019-11,Shopping,12764.93,12764.93,,,100.0
U0014,2018-01,Bills,39858.0,63040.09,,,63.226432576476334
U0014,2018-01,Food,2431.0,63040.09,,,3.8562762204178327
U0014,2018-01,Groceries,9421.45,63040.09,,,14.945172191219907
U0014,2018-01,Insurance,8142.45,63040.09,,,12.91630452938757
U0014,2018-01,Other,2025.07,63040.09,,,3.2123526473391775
U0014,2018-01,Shopping,833.07,63040.09,,,1.321492402691684
U0014,2018-01,Subscription,329.05,63040.09,,,0.521969432467498
U0014,2018-02,Bills,33016.0,70881.54,,,46.57912342197983
U0014,2018-02,Food,5299.94,70881.54,,,7.4771795308059055
U0014,2018-02,Groceries,4539.5599999999995,70881.54,,,6.404431957883533
U0014,2018-02,Miscellaneous,294.65,70881.54,,,0.41569356421996473
U0014,2018-02,Shopping,27731.39,70881.54,,,39.123571525110776
U0014,2018-03,Bills,49867.31,123572.2,,,40.35479662901526
U0014,2018-03,Food,4838.469999999999,123572.2,,,3.9155004119049424
U0014,2018-03,Fuel,3325.09,123572.2,,,2.690807479352152
U0014,2018-03,Groceries,6492.879999999999,123572.2,,,5.254320955684206
U0014,2018-03,Rent,44629.34,123572.2,,,36.1160034376664
U0014,2018-03,Shopping,13317.380000000001,123572.2,,,10.777003241829473
U0014,2018-03,Subscription,1101.73,123572.2,,,0.8915678445475601
U0014,2018-04,Bills,41531.44,97746.21,,,42.48905405130286
U0014,2018-04,Food,724.36,97746.21,,,0.7410619808174659
U0014,2018-04,Fuel,316.82,97746.21,,,0.3241250990703373
U0014,2018-04,Groceries,5762.09,97746.21,,,5.894949788846033
U0014,2018-04,Other,3738.95,97746.21,,,3.825161098317776
U0014,2018-04,Rent,44519.57,97746.21,,,45.54608306552244
U0014,2018-04,Shopping,1152.98,97746.21,,,1.1795649161230906
U0014,2018-05,Bills,18695.48,86523.09000000001,48722.46,38.371379441842635,21.607503846661043
U0014,2018-05,Entertainment,155.91,86523.09000000001,48722.46,0.3199961578294692,0.1801946740459685
U0014,2018-05,Food,1989.87,86523.09000000001,48722.46,4.084091813098107,2.29981384159997
U0014,2018-05,Fuel,4067.77,86523.09000000001,48722.46,8.348860053453787,4.701369310781665
U0014,2018-05,Miscellaneous,6908.66,86523.09000000001,48722.46,14.179620651338212,7.984758750525437
U0014,2018-05,Rent,34723.26,86523.09000000001,48722.46,71.26746063314538,40.13178447510369
U0014,2018-05,Shopping,19982.14,86523.09000000001,48722.46,41.012173851648704,23.094575101282206
U0014,2018-06,Bills,35967.41,101371.0,82756.63,43.46166585082066,35.48096595673319
U0014,2018-06,Entertainment,764.03,101371.0,82756.63,0.923225124077672,0.7536968166438133
U0014,2018-06,Food,3632.9300000000003,101371.0,82756.63,4.389896011956988,3.5837961547188053
U0014,2018-06,Fuel,3195.47,101371.0,82756.63,3.861285796678767,3.1522526166260563
U0014,2018-06,Groceries,2754.07,101371.0,82756.63,3.3279146335465812,2.716822365370767
U0014,2018-06,Insurance,8953.06,101371.0,82756.63,10.818541064323185,8.831973641376726
U0014,2018-06,Miscellaneous,503.25,101371.0,82756.63,0.6081083775402647,0.4964437561038167
U0014,2018-06,Other,1822.01,101371.0,82756.63,2.201648375483632,1.7973680835741979
U0014,2018-06,Rent,43616.28,101371.0,82756.63,52.70427275736095,43.02638821753756
U0014,2018-06,Subscription,162.49,101371.0,82756.63,0.19634680629213633,0.1602923913150704
U0014,2018-07,Bills,11529.8,72793.98,68241.2,16.895658341295288,15.838947121726275
U0014,2018-07,Entertainment,301.35,72793.98,68241.2,0.44159539984642715,0.4139765403677612
U0014,2018-07,Food,3839.58,72793.98,68241.2,5.626483707789429,5.274584519214364
U0014,2018-07,Groceries,1937.21,72793.98,68241.2,2.838768954824945,2.6612228099081823
U0014,2018-07,Insurance,8406.07,72793.98,68241.2,12.318174358012461,11.547754361006227
U0014,2018-07,Other,711.32,72793.98,68241.2,1.0423615059524158,0.977168716424078
U0014,2018-07,Rent,45435.29,72793.98,68241.2,66.580438210348,62.41627398309586
U0014,2018-07,Shopping,633.36,72793.98,68241.2,0.9281196696423861,0.8700719482572598
U0014,2018-08,Bills,26389.27,40759.07,,,64.74453416135354
U0014,2018-08,Food,2847.83,40759.07,,,6.986984737384833
U0014,2018-08,Fuel,6950.5,40759.07,,,17.052646196294468
U0014,2018-08,Groceries,2377.73,40759.07,,,5.833621817180814
U0014,2018-08,Other,1654.32,40759.07,,,4.058777592324849
U0014,2018-08,Shopping,539.42,40759.07,,,1.3234354954615009
U0014,2018-09,Bills,385.44,32363.15,,,1.1909841903522989
U0014,2018-09,Entertainment,205.24,32363.15,,,0.6341780698108807
U0014,2018-09,Food,8052.6,32363.15,,,24.882003142462956
U0014,2018-09,Fuel,7191.68,32363.15,,,22.221817097532224
U0014,2018-09,Groceries,469.68,32363.15,,,1.451280236936145
U0014,2018-09,Insurance,8316.46,32363.15,,,25.697313147823987
U0014,2018-09,Shopping,7742.05,32363.15,,,23.922424115081505
U0014,2018-10,Bills,48814.41,85616.32,89063.34,54.80864517319921,57.01530969796412
U0014,2018-10,Food,2395.45,85616.32,89063.34,2.689602702975208,2.7978894678024
U0014,2018-10,Fuel,6522.44,85616.32,89063.34,7.323372332544456,7.618220451427951
U0014,2018-10,Groceries,1852.1,85616.32,89063.34,2.079531263929693,2.163255790484804
U0014,2018-10,Investment,16456.52,85616.32,89063.34,18.477321870030924,19.221241931444847
U0014,2018-10,Miscellaneous,575.5,85616.32,89063.34,0.646169344199308,0.6721849292284461
U0014,2018-10,Rent,8423.9,85616.32,89063.34,9.458324828150392,9.839128801611654
U0014,2018-10,Shopping,576.0,85616.32,89063.34,0.6467307424132084,0.6727689300357689
U0014,2018-11,Bills,18396.59,30315.29,,,60.684195994826375
U0014,2018-11,Food,1408.78,30315.29,,,4.647093925210678
U0014,2018-11,Fuel,3048.29,30315.29,,,10.055288931756879
U0014,2018-11,Groceries,1912.89,30315.29,,,6.309984169704464
U0014,2018-11,Miscellaneous,336.88,30315.29,,,1.1112544197993817
U0014,2018-11,Other,461.59999999999997,30315.29,,,1.5226639758352962
U0014,2018-11,Shopping,4750.26,30315.29,,,15.669518582866928
U0014,2018-12,Bills,30456.13,67269.48,53993.7,56.40682153658668,45.27481110304406
U0014,2018-12,Food,2766.32,67269.48,53993.7,5.123412546278548,4.112295798926943
U0014,2018-12,Fuel,5977.62,67269.48,53993.7,11.070958278465822,8.886080284848346
U0014,2018-12,Groceries,3204.8,67269.48,53993.7,5.935507290665393,4.7641218573415465
U0014,2018-12,Insurance,22699.23,67269.48,53993.7,42.04051583795888,33.743727467493436
U0014,2018-12,Miscellaneous,554.18,67269.48,53993.7,1.0263790034763314,0.8238208471360265
U0014,2018-12,Other,508.59,67269.48,53993.7,0.9419432267097828,0.7560486568351651
U0014,2018-12,Shopping,288.0,67269.48,53993.7,0.5333955628156618,0.4281287739997396
U0014,2018-12,Subscription,814.61,67269.48,53993.7,1.5087130535599524,1.2109652103747495
U0014,2019-01,Bills,3547.63,20069.1,46672.79,7.601066917148086,17.6770757034446
U0014,2019-01,Food,2847.48,20069.1,46672.79,6.10094232635332,14.188379150036626
U0014,2019-01,Fuel,2980.44,20069.1,46672.79,6.385819232147896,14.850890174447287
U0014,2019-01,Groceries,7436.26,20069.1,46672.79,15.932752252436591,37.05328091444061
U0014,2019-01,Miscellaneous,453.14,20069.1,46672.79,0.9708868914843102,2.2578989590963223
U0014,2019-01,Other,2804.15,20069.1,46672.79,6.0081045080013435,13.972475098534565
U0014,2019-02,Bills,19125.49,26156.19,225266.29,8.490169567759118,73.12032065832219
U0014,2019-02,Food,1289.42,26156.19,225266.29,0.5723981160252606,4.929693506584866
U0014,2019-02,Groceries,1695.1399999999999,26156.19,225266.29,0.7525049575770968,6.48083684970938
U0014,2019-02,Miscellaneous,3049.47,26156.19,225266.29,1.3537178598715325,11.658693410622877
U0014,2019-02,Other,39.35,26156.19,225266.29,0.017468215062271412,0.15044240005903003
U0014,2019-02,Shopping,957.32,26156.19,225266.29,0.4249725957665481,3.660013174701668
U0014,2019-03,Bills,5803.66,23750.46,48418.28,11.98650592296959,24.43598987135407
U0014,2019-03,Food,487.2,23750.46,48418.28,1.0062315307359122,2.0513286900548455
U0014,2019-03,Groceries,4850.22,23750.46,48418.28,10.017332296810213,20.421583413542308
U0014,2019-03,Miscellaneous,925.93,23750.46,48418.28,1.9123562423117881,3.898577122295736
U0014,2019-03,Other,641.16,23750.46,48418.28,1.3242106080596006,2.6995687662470536
U0014,2019-03,Shopping,10745.83,23750.46,48418.28,22.193745833185318,45.24472368114134
U0014,2019-03,Subscription,296.46,23750.46,48418.28,0.6122894080500174,1.2482284553646539
U0014,2019-04,Bills,24738.09,40260.21,,,61.445506618072784
U0014,2019-04,Food,2158.21,40260.21,,,5.360652614579011
U0014,2019-04,Fuel,1702.15,40260.21,,,4.227871638026727
U0014,2019-04,Groceries,4411.15,40260.21,,,10.956599580578441
U0014,2019-04,Other,2046.49,40260.21,,,5.083157787800909
U0014,2019-04,Shopping,5204.12,40260.21,,,12.926211760942131
U0014,2019-05,Bills,10257.220000000001,71242.19,,,14.397676433023749
U0014,2019-05,Food,5253.83,71242.19,,,7.374604851423011
U0014,2019-05,Groceries,2541.68,71242.19,,,3.5676612411830684
U0014,2019-05,Insurance,42127.05,71242.19,,,59.13216592583692
U0014,2019-05,Investment,2485.4,71242.19,,,3.4886631081947366
U0014,2019-05,Miscellaneous,3200.81,71242.19,,,4.492857392508568
U0014,2019-05,Other,2805.85,71242.19,,,3.938466798957191
U0014,2019-05,Shopping,2570.35,71242.19,,,3.6079042488727535
U0014,2019-06,Bills,32024.199999999997,69277.05,293149.59,10.924183792991146,46.226275512597596
U0014,2019-06,Food,1197.17,69277.05,293149.59,0.4083819458863988,1.728090327171841
U0014,2019-06,Fuel,3008.67,69277.05,293149.59,1.026325842720776,4.342953402317217
U0014,2019-06,Groceries,5006.83,69277.05,293149.59,1.7079437156981865,7.227256356903188
U0014,2019-06,Insurance,13544.470000000001,69277.05,293149.59,4.620327116950769,19.551164490982224
U0014,2019-06,Miscellaneous,4710.1,69277.05,293149.59,1.6067223563232682,6.798932691273661
U0014,2019-06,Other,1676.18,69277.05,293149.59,0.5717831636742183,2.4195314321265124
U0014,2019-06,Shopping,7147.1,69277.05,293149.59,2.4380385454402305,10.316692180166449
U0014,2019-06,Subscription,962.3299999999999,69277.05,293149.59,0.3282726747119107,1.3891036064613027
U0014,2019-07,Bills,5643.62,20867.1,162222.58,3.478936162894216,27.04554058781527
U0014,2019-07,Food,6122.22,20867.1,162222.58,3.773962909479063,29.339103181563324
U0014,2019-07,Fuel,2662.2,20867.1,162222.58,1.6410785724157513,12.757882024814183
U0014,2019-07,Groceries,1648.3600000000001,20867.1,162222.58,1.0161100877572038,7.8993247744056445
U0014,2019-07,Miscellaneous,2866.17,20867.1,162222.58,1.7668132266174044,13.73535373866038
U0014,2019-07,Other,1272.91,20867.1,162222.58,0.7846688173742521,6.1000809887334615
U0014,2019-07,Subscription,651.62,20867.1,162222.58,0.40168267574094807,3.1227147040077443
U0014,2019-08,Bills,19423.59,41450.85,59480.09,32.655616358347814,46.859328578304186
U0014,2019-08,Food,2415.25,41450.85,59480.09,4.060602463782419,5.826780391716937
U0014,2019-08,Groceries,2771.31,41450.85,59480.09,4.659222943341209,6.685773633110056
U0014,2019-08,Miscellaneous,8649.75,41450.85,59480.09,14.542261116282775,20.867485226479072
U0014,2019-08,Other,5135.9,41450.85,59480.09,8.634654049783718,12.390336989470661
U0014,2019-08,Shopping,2462.54,41450.85,59480.09,4.1401080596885445,5.940867316351776
U0014,2019-08,Subscription,592.51,41450.85,59480.09,0.9961484590894197,1.4294278645673129
U0014,2019-09,Bills,67191.98,95107.26,,,70.64863397389432
U0014,2019-09,Food,2772.77,95107.26,,,2.9154136077519213
U0014,2019-09,Groceries,6764.1900000000005,95107.26,,,7.112169985761341
U0014,2019-09,Insurance,8358.89,95107.26,,,8.788908438745896
U0014,2019-09,Miscellaneous,592.21,95107.26,,,0.6226759134896748
U0014,2019-09,Other,216.8,95107.26,,,0.22795315520602744
U0014,2019-09,Shopping,9210.42,95107.26,,,9.684244925150825
U0014,2019-11,Shopping,13526.99,13526.99,,,100.0
U0015,2018-01,Bills,21085.800000000003,39186.69,89553.12,23.54557831150942,53.80857633038158
U0015,2018-01,Entertainment,220.19,39186.69,89553.12,0.2458764139094205,0.5618999716485367
U0015,2018-01,Food,2182.4399999999996,39186.69,89553.12,2.437034019585247,5.5693399978411025
U0015,2018-01,Groceries,2597.58,39186.69,89553.12,2.9006024580718126,6.628730316339553
U0015,2018-01,Shopping,12250.679999999998,39186.69,89553.12,13.679791390852714,31.262349537559814
U0015,2018-01,Subscription,850.0,39186.69,89553.12,0.9491573269585694,2.1691038462294214
U0015,2018-02,Bills,19793.28,23114.06,51651.89,38.32053386623413,85.63307354917309
U0015,2018-02,Food,447.36,23114.06,51651.89,0.8661057707665683,1.9354453523093735
U0015,2018-02,Groceries,1685.13,23114.06,51651.89,3.262475003334825,7.290497645156238
U0015,2018-02,Other,1188.29,23114.06,51651.89,2.3005740932229197,5.1409834533612875
U0015,2018-03,Bills,58273.03,89595.15,105918.84,55.01668069627651,65.04038444045241
U0015,2018-03,Food,4792.54,89595.15,105918.84,4.524728556317271,5.34910650855543
U0015,2018-03,Fuel,3461.38,89595.15,105918.84,3.2679549738271305,3.8633564428431675
U0015,2018-03,Groceries,4225.51,89595.15,105918.84,3.989384702475972,4.716226268944245
U0015,2018-03,Insurance,8682.66,89595.15,105918.84,8.197465153508102,9.690993318276716
U0015,2018-03,Miscellaneous,6910.51,89595.15,105918.84,6.5243444886669835,7.7130402705950045
U0015,2018-03,Other,1742.04,89595.15,105918.84,1.6446932387099404,1.9443463178531426
U0015,2018-03,Shopping,1507.48,89595.15,105918.84,1.4232406623788556,1.6825464324798831
U0015,2018-04,Bills,47628.28,106282.21,122159.85,38.98848926222486,44.8130312683562
U0015,2018-04,Food,3437.8499999999995,106282.21,122159.85,2.8142225125522007,3.2346429378914867
U0015,2018-04,Fuel,3048.13,106282.21,122159.85,2.4951978903052026,2.8679588051471643
U0015,2018-04,Groceries,6403.69,106282.21,122159.85,5.24205784470102,6.025175803175338
U0015,2018-04,Insurance,17037.49,106282.21,122159.85,13.946881892864146,16.030425035384567
U0015,2018-04,Miscellaneous,4973.49,106282.21,122159.85,4.071296747663,4.679513156529206
U0015,2018-04,Other,1970.07,106282.21,122159.85,1.612698443883158,1.853621598572329
U0015,2018-04,Rent,8001.03,106282.21,122159.85,6.54963967293673,7.528099011113901
U0015,2018-04,Shopping,13613.01,106282.21,122159.85,11.14360405648828,12.808361813326991
U0015,2018-04,Subscription,169.17,106282.21,122159.85,0.13848248831346796,0.15917057050281508
U0015,2018-05,Bills,47985.24,113721.0,40246.74,119.22764427628177,42.195583929089615
U0015,2018-05,Food,2951.21,113721.0,40246.74,7.332792668424822,2.595131945726823
U0015,2018-05,Fuel,13117.369999999999,113721.0,40246.74,32.59237891068941,11.53469455949209
U0015,2018-05,Groceries,12567.66,113721.0,40246.74,31.22652915490795,11.051309784472526
U0015,2018-05,Miscellaneous,599.21,113721.0,40246.74,1.4888410837747357,0.5269123556774914
U0015,2018-05,Rent,35917.83,113721.0,40246.74,89.24407293609372,31.58416651278128
U0015,2018-05,Shopping,582.48,113721.0,40246.74,1.447272499586302,0.5122009127601763
U0015,2018-06,Bills,64339.4,117745.77,42818.28,150.26152381646344,54.642642364137586
U0015,2018-06,Food,1890.53,117745.77,42818.28,4.415240406667433,1.605603326556869
U0015,2018-06,Fuel,5192.05,117745.77,42818.28,12.125778989721212,4.4095426952492645
U0015,2018-06,Groceries,1426.42,117745.77,42818.28,3.331334187174263,1.2114405468663545
U0015,2018-06,Miscellaneous,74.56,117745.77,42818.28,0.17413123553771895,0.0633228692631591
U0015,2018-06,Other,875.76,117745.77,42818.28,2.0452946732096664,0.7437719418710328
U0015,2018-06,Rent,42719.73,117745.77,42818.28,99.76984129208367,36.28132883244978
U0015,2018-06,Shopping,288.0,117745.77,42818.28,0.6726099226778843,0.24459477397786775
U0015,2018-06,Subscription,939.3199999999999,117745.77,42818.28,2.193735946422883,0.7977526496280927
U0015,2018-07,Bills,41486.67,67645.84,85916.22,48.28735482077773,61.32922586222597
U0015,2018-07,Entertainment,319.96,67645.84,85916.22,0.3724093075789414,0.47299286992370854
U0015,2018-07,Food,5437.06,67645.84,85916.22,6.328327759298535,8.03753785894299
U0015,2018-07,Fuel,6171.360000000001,67645.84,85916.22,7.182997576010678,9.123044373460365
U0015,2018-07,Groceries,3803.6899999999996,67645.84,85916.22,4.427208273362119,5.622947397800071
U0015,2018-07,Other,931.62,67645.84,85916.22,1.0843354141976915,1.3772022048953787
U0015,2018-07,Shopping,9495.48,67645.84,85916.22,11.052022540097784,14.03704943275152
U0015,2018-08,Bills,5593.15,160331.2,,,3.488497560050695
U0015,2018-08,Entertainment,319.43,160331.2,,,0.19923134112387356
U0015,2018-08,Food,4015.27,160331.2,,,2.504359725368487
U0015,2018-08,Fuel,5000.0,160331.2,,,3.11854461265181
U0015,2018-08,Groceries,5679.84,160331.2,,,3.542566886544852
U0015,2018-08,Insurance,19993.79,160331.2,,,12.470305218198328
U0015,2018-08,Miscellaneous,2956.0499999999997,160331.2,,,1.8437147604458768
U0015,2018-08,Other,2622.5600000000004,160331.2,,,1.6357140718712266
U0015,2018-08,Rent,108013.86,160331.2,,,67.36920823894538
U0015,2018-08,Shopping,6137.25,160331.2,,,3.8278575847994647
U0015,2018-09,Bills,20646.100000000002,41791.270000000004,,,49.40290161079096
U0015,2018-09,Food,1999.1200000000001,41791.270000000004,,,4.783582791334171
U0015,2018-09,Groceries,7052.33,41791.270000000004,,,16.875127269403393
U0015,2018-09,Insurance,8247.96,41791.270000000004,,,19.7360836366064
U0015,2018-09,Miscellaneous,1580.1,41791.270000000004,,,3.7809331948993172
U0015,2018-09,Other,127.89,41791.270000000004,,,0.30602085076620067
U0015,2018-09,Shopping,1888.15,41791.270000000004,,,4.518048865229509
U0015,2018-09,Subscription,249.62,41791.270000000004,,,0.5973017809700446
U0015,2018-10,Bills,7981.06,135509.06,,,5.889687375884683
U0015,2018-10,Groceries,7232.360000000001,135509.06,,,5.337178193103842
U0015,2018-10,Investment,32650.69,135509.06,,,24.094839119982087
U0015,2018-10,Miscellaneous,7066.66,135509.06,,,5.2148985462669435
U0015,2018-10,Other,154.19,135509.06,,,0.11378574982366493
U0015,2018-10,Rent,22081.97,135509.06,,,16.295567248418667
U0015,2018-10,Shopping,58342.13,135509.06,,,43.05404376652011
U0015,2018-11,Bills,29392.129999999997,141055.98,,,20.83720945400542
U0015,2018-11,Food,6122.849999999999,141055.98,,,4.340723448945588
U0015,2018-11,Fuel,11365.05,141055.98,,,8.05712030074868
U0015,2018-11,Groceries,4288.28,141055.98,,,3.040126338493412
U0015,2018-11,Insurance,8042.74,141055.98,,,5.701807183219031
U0015,2018-11,Miscellaneous,8310.27,141055.98,,,5.891469471907536
U0015,2018-11,Other,943.98,141055.98,,,0.669223665668056
U0015,2018-11,Rent,71149.76000000001,141055.98,,,50.440796625566676
U0015,2018-11,Subscription,1440.92,141055.98,,,1.0215235114455978
U0015,2018-12,Bills,11709.06,37960.82,,,30.84511873031194
U0015,2018-12,Food,8701.0,37960.82,,,22.921001179637322
U0015,2018-12,Fuel,6400.549999999999,37960.82,,,16.860937145193382
U0015,2018-12,Groceries,4805.32,37960.82,,,12.65863066182448
U0015,2018-12,Other,2506.56,37960.82,,,6.603018586005255
U0015,2018-12,Shopping,3838.33,37960.82,,,10.11129369702762
U0015,2019-01,Bills,44315.82,101417.37,55998.36,79.13771046152065,43.69647921258459
U0015,2019-01,Food,263.8,101417.37,55998.36,0.4710852246387216,0.2601132330684576
U0015,2019-01,Groceries,3737.6299999999997,101417.37,55998.36,6.674534754232088,3.6853943264354023
U0015,2019-01,Miscellaneous,96.86,101417.37,55998.36,0.17296935124528648,0.09550632204325551
U0015,2019-01,Rent,52371.32,101417.37,55998.36,93.52295317220005,51.63939865527966
U0015,2019-01,Shopping,288.0,101417.37,55998.36,0.5143007759512958,0.2839750232134791
U0015,2019-01,Subscription,343.94,101417.37,55998.36,0.6141965586135023,0.3391332273751528
U0015,2019-02,Bills,44059.71,126537.09,,,34.81960111458229
U0015,2019-02,Entertainment,263.12,126537.09,,,0.20793903194707575
U0015,2019-02,Food,2629.66,126537.09,,,2.07817328500284
U0015,2019-02,Fuel,5160.43,126537.09,,,4.078195570958681
U0015,2019-02,Groceries,5503.33,126537.09,,,4.349183310600868
U0015,2019-02,Insurance,10905.22,126537.09,,,8.618200402743573
U0015,2019-02,Miscellaneous,2391.37,126537.09,,,1.8898569581456315
U0015,2019-02,Rent,55022.54,126537.09,,,43.483329670375696
U0015,2019-02,Shopping,601.71,126537.09,,,0.47552065564333745
U0015,2019-03,Bills,15462.869999999999,19982.2,,,77.3832210667494
U0015,2019-03,Food,4077.04,19982.2,,,20.403358989500656
U0015,2019-03,Subscription,442.29,19982.2,,,2.2134199437499373
U0015,2019-04,Bills,48819.55,107892.88,273306.25,17.862580895972926,45.24816651478763
U0015,2019-04,Entertainment,292.8,107892.88,273306.25,0.10713256648905761,0.27138028014452853
U0015,2019-04,Food,1492.33,107892.88,273306.25,0.5460284936769649,1.3831589257789763
U0015,2019-04,Fuel,2641.52,107892.88,273306.25,0.9665055226508724,2.448280183085297
U0015,2019-04,Insurance,36880.21,107892.88,273306.25,13.494096823618193,34.182246316902464
U0015,2019-04,Miscellaneous,60.0,107892.88,273306.25,0.021953394772347867,0.0556107131443706
U0015,2019-04,Shopping,17706.47,107892.88,273306.25,6.478618765578907,16.41115706615673
U0015,2019-05,Bills,14349.8,72982.56,,,19.66195759644496
U0015,2019-05,Food,929.3399999999999,72982.56,,,1.273372707123455
U0015,2019-05,Groceries,1414.28,72982.56,,,1.9378328192379108
U0015,2019-05,Insurance,8080.37,72982.56,,,11.071645061505105
U0015,2019-05,Miscellaneous,2026.71,72982.56,,,2.776978500069058
U0015,2019-05,Other,1423.67,72982.56,,,1.95069890669771
U0015,2019-05,Rent,43761.7,72982.56,,,59.961859381200114
U0015,2019-05,Shopping,996.69,72982.56,,,1.3656550277216915
U0015,2019-06,Bills,52471.96,100446.39,,,52.23877134857708
U0015,2019-06,Entertainment,154.0,100446.39,,,0.1533156144287515
U0015,2019-06,Food,5283.58,100446.39,,,5.260099442100408
U0015,2019-06,Groceries,2233.02,100446.39,,,2.2230963203356535
U0015,2019-06,Insurance,21843.77,100446.39,,,21.74669492850863
U0015,2019-06,Miscellaneous,1585.54,100446.39,,,1.5784937616971602
U0015,2019-06,Other,880.33,100446.39,,,0.8764177587666417
U0015,2019-06,Rent,15994.19,100446.39,,,15.923110825585669
U0015,2019-07,Bills,34710.08,39032.3,52599.6,65.98924706651762,88.92655569874181
U0015,2019-07,Food,1657.99,39032.3,52599.6,3.1520962136594193,4.247738411520715
U0015,2019-07,Groceries,1700.33,39032.3,52599.6,3.232591122365949,4.356212675143406
U0015,2019-07,Miscellaneous,532.26,39032.3,52599.6,1.0119088358086372,1.3636398572464343
U0015,2019-07,Other,431.64,39032.3,52599.6,0.8206146054342618,1.1058533573476323
U0015,2019-08,Bills,16742.93,96884.35,,,17.28135658648688
U0015,2019-08,Food,2969.0200000000004,96884.35,,,3.0644990651224893
U0015,2019-08,Groceries,857.93,96884.35,,,0.8855196943572412
U0015,2019-08,Insurance,8269.12,96884.35,,,8.535042037233053
U0015,2019-08,Investment,27451.88,96884.35,,,28.334689761555914
U0015,2019-08,Other,4288.99,96884.35,,,4.426917247212785
U0015,2019-08,Rent,23471.04,96884.35,,,24.225832139039998
U0015,2019-08,Shopping,12833.44,96884.35,,,13.246143468991638
U0015,2019-09,Bills,12068.740000000002,62110.14,,,19.431191106637343
U0015,2019-09,Food,232.0,62110.14,,,0.3735299904331241
U0015,2019-09,Groceries,14187.939999999999,62110.14,,,22.84319436407646
U0015,2019-09,Investment,30485.85,62110.14,,,49.08353128812783
U0015,2019-09,Miscellaneous,3798.34,62110.14,,,6.1154909649213485
U0015,2019-09,Other,172.36,62110.14,,,0.27750702220281587
U0015,2019-09,Shopping,1164.91,62110.14,,,1.8755552636010804
U0016,2018-01,Bills,12184.38,60902.0,,,20.006535089159634
U0016,2018-01,Food,5273.3099999999995,60902.0,,,8.658681159896226
U0016,2018-01,Fuel,8822.93,60902.0,,,14.487094019900827
U0016,2018-01,Groceries,2959.12,60902.0,,,4.858822370365505
U0016,2018-01,Miscellaneous,520.99,60902.0,,,0.8554563068536337
U0016,2018-01,Other,3660.1,60902.0,,,6.009819053561459
U0016,2018-01,Rent,27481.17,60902.0,,,45.12359200026271
U0016,2018-02,Bills,31194.0,48545.770000000004,,,64.25688582135992
U0016,2018-02,Food,6475.56,48545.770000000004,,,13.339081860273305
U0016,2018-02,Groceries,7873.1,48545.770000000004,,,16.217890868761582
U0016,2018-02,Other,1276.15,48545.770000000004,,,2.6287563262463443
U0016,2018-02,Shopping,614.7,48545.770000000004,,,1.2662277269471676
U0016,2018-02,Subscription,1112.26,48545.770000000004,,,2.291157396411675
U0016,2018-03,Bills,43822.5,123387.93,,,35.51603467211096
U0016,2018-03,Entertainment,1422.28,123387.93,,,1.1526897322939125
U0016,2018-03,Food,3060.37,123387.93,,,2.480283120075035
U0016,2018-03,Groceries,1893.08,123387.93,,,1.5342505543289364
U0016,2018-03,Insurance,37983.29,123387.93,,,30.783634995740673
U0016,2018-03,Rent,35206.41,123387.93,,,28.53310692545049
U0016,2018-04,Bills,16907.52,40017.34,140096.41,12.0684891211702,42.2504844150061
U0016,2018-04,Food,6647.6,40017.34,140096.41,4.74501809147001,16.611798785226604
U0016,2018-04,Fuel,1862.0,40017.34,140096.41,1.3290847352905044,4.652982931899023
U0016,2018-04,Groceries,6978.87,40017.34,140096.41,4.981476684520324,17.439614926929178
U0016,2018-04,Miscellaneous,3732.49,40017.34,140096.41,2.6642295830421348,9.327181666747466
U0016,2018-04,Shopping,2949.78,40017.34,140096.41,2.1055357521295512,7.371254561147744
U0016,2018-04,Subscription,939.08,40017.34,140096.41,0.6703098244987149,2.346682713043896
U0016,2018-05,Bills,13496.109999999999,41582.0,63990.66,21.090749806299854,32.45661584339377
U0016,2018-05,Entertainment,584.59,41582.0,63990.66,0.9135551969615565,1.4058727333942571
U0016,2018-05,Food,817.46,41582.0,63990.66,1.2774676804396141,1.9658987061709394
U0016,2018-05,Fuel,3501.41,41582.0,63990.66,5.471751658757699,8.420494444711654
U0016,2018-05,Groceries,2424.12,41582.0,63990.66,3.7882403463255416,5.82973401952768
U0016,2018-05,Insurance,5629.04,41582.0,63990.66,8.796658762388136,13.537203597710548
U0016,2018-05,Miscellaneous,951.2,41582.0,63990.66,1.4864669312677818,2.287528257419076
U0016,2018-05,Other,1866.6200000000001,41582.0,63990.66,2.917019452526353,4.4890096676446545
U0016,2018-05,Shopping,11461.45,41582.0,63990.66,17.911129530465853,27.563489009667645
U0016,2018-05,Subscription,850.0,41582.0,63990.66,1.3283188515323956,2.044153720359771
U0016,2018-06,Bills,8889.52,62888.61000000001,,,14.135341836939947
U0016,2018-06,Entertainment,223.08,62888.61000000001,,,0.35472242111886393
U0016,2018-06,Food,1326.37,62888.61000000001,,,2.1090782575731915
U0016,2018-06,Groceries,1461.0700000000002,62888.61000000001,,,2.3232664865704615
U0016,2018-06,Miscellaneous,60.34,62888.61000000001,,,0.0959474219576486
U0016,2018-06,Other,2020.95,62888.61000000001,,,3.2135389858354317
U0016,2018-06,Rent,46267.12,62888.61000000001,,,73.56995169713562
U0016,2018-06,Shopping,2640.16,62888.61000000001,,,4.198152892868835
U0016,2018-07,Bills,22567.93,79688.79000000001,,,28.32008115570584
U0016,2018-07,Food,4240.1900000000005,79688.79000000001,,,5.320936608524236
U0016,2018-07,Fuel,3336.12,79688.79000000001,,,4.186435758404664
U0016,2018-07,Groceries,2352.71,79688.79000000001,,,2.952372598454563
U0016,2018-07,Other,168.05,79688.79000000001,,,0.2108828606884356
U0016,2018-07,Rent,37725.87,79688.79000000001,,,47.34150185992283
U0016,2018-07,Shopping,9148.92,79688.79000000001,,,11.48081179297615
U0016,2018-07,Subscription,149.0,79688.79000000001,,,0.1869773653232782
U0016,2018-08,Bills,10753.84,35300.97,,,30.463298883855032
U0016,2018-08,Entertainment,861.9300000000001,35300.97,,,2.441660951526261
U0016,2018-08,Food,3371.8599999999997,35300.97,,,9.551748861291912
U0016,2018-08,Fuel,3550.71,35300.97,,,10.058392163161523
U0016,2018-08,Insurance,8860.99,35300.97,,,25.101264922748577
U0016,2018-08,Miscellaneous,2250.69,35300.97,,,6.375717154514452
U0016,2018-08,Other,2231.92,35300.97,,,6.322545811064114
U0016,2018-08,Shopping,3419.03,35300.97,,,9.685371251838122
U0016,2018-09,Bills,18417.199999999997,44070.12,,,41.79067359017855
U0016,2018-09,Food,332.82,44070.12,,,0.7552055678541378
U0016,2018-09,Fuel,6461.09,44070.12,,,14.660931261362572
U0016,2018-09,Groceries,6637.3,44070.12,,,15.0607713344098
U0016,2018-09,Miscellaneous,5202.54,44070.12,,,11.80514144277347
U0016,2018-09,Other,1793.45,44070.12,,,4.06953736454541
U0016,2018-09,Shopping,5071.62,44070.12,,,11.508069413017253
U0016,2018-09,Subscription,154.1,44070.12,,,0.3496700258587905
U0016,2018-10,Bills,14878.59,51873.65,,,28.68236570975823
U0016,2018-10,Entertainment,324.82,51873.65,,,0.6261753317917671
U0016,2018-10,Food,4104.35,51873.65,,,7.912205908009174
U0016,2018-10,Fuel,1415.07,51873.65,,,2.7279167747016064
U0016,2018-10,Groceries,3770.71,51873.65,,,7.269027724094988
U0016,2018-10,Miscellaneous,1260.27,51873.65,,,2.4294993701040895
U0016,2018-10,Other,2622.26,51873.65,,,5.055090590309338
U0016,2018-10,Rent,9149.25,51873.65,,,17.63756743548989
U0016,2018-10,Shopping,14348.33,51873.65,,,27.66015115574092
U0016,2018-11,Bills,64817.24,107107.88,,,60.51584626639982
U0016,2018-11,Food,657.01,107107.88,,,0.6134095829363815
U0016,2018-11,Fuel,5401.81,107107.88,,,5.043335747099094
U0016,2018-11,Groceries,7974.849999999999,107107.88,,,7.445623982101036
U0016,2018-11,Insurance,25526.120000000003,107107.88,,,23.83215875433255
U0016,2018-11,Miscellaneous,1880.85,107107.88,,,1.7560332629121218
U0016,2018-11,Subscription,850.0,107107.88,,,0.7935924042189987
U0016,2018-12,Bills,23679.34,83927.95,,,28.213890604977248
U0016,2018-12,Food,4331.82,83927.95,,,5.161355662803631
U0016,2018-12,Fuel,9613.19,83927.95,,,11.454098426090475
U0016,2018-12,Groceries,2495.35,83927.95,,,2.9732049930922893
U0016,2018-12,Other,6332.66,83927.95,,,7.5453528889958585
U0016,2018-12,Rent,37323.22,83927.95,,,44.470548845765926
U0016,2018-12,Subscription,152.37,83927.95,,,0.1815485782745796
U0016,2019-01,Bills,85467.28,122116.63,,,69.9882399309578
U0016,2019-01,Food,555.3499999999999,122116.63,,,0.45477016521009456
U0016,2019-01,Fuel,2053.68,122116.63,,,1.6817365497229984
U0016,2019-01,Insurance,8337.12,122116.63,,,6.827178247549086
U0016,2019-01,Rent,24721.6,122116.63,,,20.244253383015888
U0016,2019-01,Shopping,981.6,122116.63,,,0.8038217235441233
U0016,2019-02,Bills,29641.03,58726.67,,,50.472860116195925
U0016,2019-02,Food,3575.96,58726.67,,,6.089158469227014
U0016,2019-02,Fuel,3123.49,58726.67,,,5.318690809473788
U0016,2019-02,Groceries,1636.09,58726.67,,,2.785940357251654
U0016,2019-02,Insurance,16877.48,58726.67,,,28.739037987340332
U0016,2019-02,Miscellaneous,1673.1599999999999,58726.67,,,2.8490632961140143
U0016,2019-02,Shopping,2199.46,58726.67,,,3.7452489643972666
U0016,2019-03,Bills,67862.3,96358.45000000001,141643.43,47.91065847529957,70.42693194006337
U0016,2019-03,Entertainment,787.95,96358.45000000001,141643.43,0.5562912448533618,0.817727973000811
U0016,2019-03,Food,894.12,96358.45000000001,141643.43,0.6312470687839176,0.9279103181921253
U0016,2019-03,Fuel,5884.58,96358.45000000001,141643.43,4.154502612652066,6.1069683042846785
U0016,2019-03,Groceries,2426.06,96358.45000000001,141643.43,1.7127938796737696,2.5177449408951675
U0016,2019-03,Rent,7965.89,96358.45000000001,141643.43,5.623903628992888,8.266934555298471
U0016,2019-03,Shopping,10017.75,96358.45000000001,141643.43,7.072512999720495,10.396337840635667
U0016,2019-03,Subscription,519.8,96358.45000000001,141643.43,0.36697784005936596,0.5394441276296992
U0016,2019-04,Bills,59266.89,182521.69,,,32.47114904535455
U0016,2019-04,Entertainment,477.96,182521.69,,,0.26186476796264596
U0016,2019-04,Food,5861.94,182521.69,,,3.211640216568233
U0016,2019-04,Fuel,8098.88,182521.69,,,4.437215105777292
U0016,2019-04,Groceries,2212.95,182521.69,,,1.2124312458426172
U0016,2019-04,Investment,33562.04,182521.69,,,18.387973506052894
U0016,2019-04,Miscellaneous,505.76,182521.69,,,0.2770958344731522
U0016,2019-04,Other,89.28,182521.69,,,0.04891473446251785
U0016,2019-04,Rent,69180.20999999999,182521.69,,,37.902459702186626
U0016,2019-04,Shopping,2964.03,182521.69,,,1.6239330240696328
U0016,2019-04,Subscription,301.75,182521.69,,,0.16532281724982933
U0016,2019-05,Bills,28571.690000000002,46192.29,,,61.85380720462225
U0016,2019-05,Entertainment,271.09,46192.29,,,0.5868728309421334
U0016,2019-05,Food,2195.71,46192.29,,,4.753412311881485
U0016,2019-05,Groceries,1358.45,46192.29,,,2.940858745041651
U0016,2019-05,Shopping,13346.68,46192.29,,,28.893739626244987
U0016,2019-05,Subscription,448.67,46192.29,,,0.9713092812675015
U0016,2019-06,Bills,10855.76,75732.98000000001,43178.85,25.141382876107173,14.334257017220237
U0016,2019-06,Food,628.8199999999999,75732.98000000001,43178.85,1.4563148393252714,0.8303119724062091
U0016,2019-06,Fuel,3564.98,75732.98000000001,43178.85,8.256310670617676,4.707301891461289
U0016,2019-06,Groceries,3547.15,75732.98000000001,43178.85,8.215017305926398,4.683758647817634
U0016,2019-06,Insurance,43113.79,75732.98000000001,43178.85,99.84932437987581,56.928685494747455
U0016,2019-06,Miscellaneous,1498.7,75732.98000000001,43178.85,3.4709122637587617,1.978926486188712
U0016,2019-06,Other,2117.89,75732.98000000001,43178.85,4.904924517443146,2.796522730255695
U0016,2019-06,Rent,7658.91,75732.98000000001,43178.85,17.737642387418838,10.113044541493018
U0016,2019-06,Shopping,2357.39,75732.98000000001,43178.85,5.459594222634461,3.112765402866756
U0016,2019-06,Subscription,389.59,75732.98000000001,43178.85,0.9022704402734208,0.5144258155429774
U0016,2019-07,Bills,18962.72,42920.73,,,44.18079562020497
U0016,2019-07,Entertainment,248.13,42920.73,,,0.5781122548474827
U0016,2019-07,Food,1028.92,42920.73,,,2.3972565238289283
U0016,2019-07,Fuel,6758.57,42920.73,,,15.746633386710801
U0016,2019-07,Groceries,2333.23,42920.73,,,5.436137735774764
U0016,2019-07,Investment,9910.33,42920.73,,,23.089844930410084
U0016,2019-07,Miscellaneous,2422.22,42920.73,,,5.643473445116147
U0016,2019-07,Other,968.6099999999999,42920.73,,,2.2567416723806883
U0016,2019-07,Shopping,288.0,42920.73,,,0.6710044307261316
U0016,2019-08,Bills,21077.61,37414.16,,,56.335916668983074
U0016,2019-08,Food,5045.719999999999,37414.16,,,13.486123970175996
U0016,2019-08,Fuel,3403.18,37414.16,,,9.09596794368763
U0016,2019-08,Groceries,5265.97,37414.16,,,14.074804833250298
U0016,2019-08,Miscellaneous,2400.71,37414.16,,,6.416581315737142
U0016,2019-08,Other,220.97,37414.16,,,0.5906052681658495
U0016,2019-09,Bills,22017.75,73839.14,,,29.818535264630658
U0016,2019-09,Food,5940.88,73839.14,,,8.0457058411027
U0016,2019-09,Groceries,2114.59,73839.14,,,2.863779291037247
U0016,2019-09,Insurance,42836.59,73839.14,,,58.01339235532807
U0016,2019-09,Subscription,929.3299999999999,73839.14,,,1.2585872479013163
U0016,2019-10,Shopping,40150.94,40150.94,,,100.0
U0017,2018-01,Bills,32623.06,107714.28,84645.95999999999,38.54059898428703,30.286662084173056
U0017,2018-01,Entertainment,309.91,107714.28,84645.95999999999,0.3661249751317134,0.2877148693747941
U0017,2018-01,Food,144.85,107714.28,84645.95999999999,0.17112452856580515,0.13447613445496734
U0017,2018-01,Fuel,5099.38,107714.28,84645.95999999999,6.024363123768696,4.734172664942847
U0017,2018-01,Miscellaneous,639.69,107714.28,84645.95999999999,0.7557241952244385,0.5938766893303283
U0017,2018-01,Other,1301.4,107714.28,84645.95999999999,1.5374626266864955,1.2081963505674458
U0017,2018-01,Rent,67595.98999999999,107714.28,84645.95999999999,79.85731392260186,62.75490120715656
U0017,2018-02,Bills,46253.57,53362.58,51917.28,89.09089613323349,86.677911750144
U0017,2018-02,Food,3587.11,53362.58,51917.28,6.909279530822879,6.722144993739058
U0017,2018-02,Groceries,1263.38,53362.58,51917.28,2.4334479772438007,2.367539200690821
U0017,2018-02,Miscellaneous,1448.66,53362.58,51917.28,2.790323375954981,2.7147487996270048
U0017,2018-02,Other,392.65,53362.58,51917.28,0.7562992514245738,0.7358152473137543
U0017,2018-02,Shopping,417.21,53362.58,51917.28,0.8036052736198814,0.7818400084853467
U0017,2018-03,Bills,18931.93,53356.02,142770.36,13.26040643169913,35.48227547706894
U0017,2018-03,Food,3472.02,53356.02,142770.36,2.431891325342319,6.507269470249093
U0017,2018-03,Fuel,6397.48,53356.02,142770.36,4.480958092421985,11.990174679445731
U0017,2018-03,Groceries,3659.34,53356.02,142770.36,2.5630950289681977,6.858345131439715
U0017,2018-03,Insurance,8411.77,53356.02,142770.36,5.891818161696868,15.765362558901508
U0017,2018-03,Other,1512.77,53356.02,142770.36,1.0595826752835813,2.835237710758786
U0017,2018-03,Shopping,10282.72,53356.02,142770.36,7.202279240593076,19.271902214595464
U0017,2018-03,Subscription,687.99,53356.02,142770.36,0.4818857359468731,1.2894327575407614
U0017,2018-04,Bills,36826.479999999996,51445.56,,,71.58339806195131
U0017,2018-04,Food,393.66,51445.56,,,0.7651972298484068
U0017,2018-04,Fuel,3299.51,51445.56,,,6.413595264586489
U0017,2018-04,Groceries,2242.38,51445.56,,,4.358743495065464
U0017,2018-04,Miscellaneous,990.11,51445.56,,,1.9245781365777728
U0017,2018-04,Other,7693.42,51445.56,,,14.954487811970557
U0017,2018-05,Bills,18619.03,46039.96,,,40.44102123459707
U0017,2018-05,Food,1534.14,46039.96,,,3.3321922955623773
U0017,2018-05,Fuel,5000.0,46039.96,,,10.860131068749842
U0017,2018-05,Groceries,1030.24,46039.96,,,2.237708286453768
U0017,2018-05,Miscellaneous,8666.41,46039.96,,,18.823669699104865
U0017,2018-05,Shopping,10987.58,46039.96,,,23.865311785674876
U0017,2018-05,Subscription,202.56,46039.96,,,0.4399656298571936
U0017,2018-06,Bills,30157.15,91196.92,97120.86,31.051156260354368,33.068167214419084
U0017,2018-06,Food,3861.0699999999997,91196.92,97120.86,3.9755311062937455,4.233772368628238
U0017,2018-06,Fuel,2777.16,91196.92,97120.86,2.8594886824519468,3.0452344223905805
U0017,2018-06,Groceries,2093.02,91196.92,97120.86,2.155067407763893,2.2950555786313838
U0017,2018-06,Miscellaneous,4126.04,91196.92,97120.86,4.248356120405029,4.52431946166603
U0017,2018-06,Other,2411.64,91196.92,97120.86,2.483132871764109,2.644431412815257
U0017,2018-06,Rent,45770.84,91196.92,97120.86,47.12771283120845,50.18901954144942
U0017,2018-07,Bills,30766.13,55606.090000000004,,,55.32870590253693
U0017,2018-07,Food,2910.95,55606.090000000004,,,5.234948186430658
U0017,2018-07,Groceries,3245.7200000000003,55606.090000000004,,,5.836986560285034
U0017,2018-07,Insurance,17160.27,55606.090000000004,,,30.860414749535526
U0017,2018-07,Other,708.11,55606.090000000004,,,1.2734396538220902
U0017,2018-07,Shopping,288.0,55606.090000000004,,,0.517928881530782
U0017,2018-07,Subscription,526.91,55606.090000000004,,,0.9475760658589732
U0017,2018-08,Bills,16516.63,33217.32,53031.42,31.144989140400163,49.72294574035473
U0017,2018-08,Food,4557.7300000000005,33217.32,53031.42,8.594395548902897,13.720944374802063
U0017,2018-08,Groceries,3486.8599999999997,33217.32,53031.42,6.575083224247059,10.497114156108921
U0017,2018-08,Investment,6855.52,33217.32,53031.42,12.927279714554126,20.638389852041044
U0017,2018-08,Other,1800.58,33217.32,53031.42,3.395307913685887,5.420605876693243
U0017,2018-09,Bills,19436.7,34518.7,44069.77,44.10438266412555,56.30774044213717
U0017,2018-09,Entertainment,515.6,34518.7,44069.77,1.169962992772597,1.4936831340693597
U0017,2018-09,Food,2172.91,34518.7,44069.77,4.9306134341068715,6.294877848818177
U0017,2018-09,Groceries,1838.9,34518.7,44069.77,4.172701604750831,5.327257399612384
U0017,2018-09,Miscellaneous,4026.47,34518.7,44069.77,9.136580472282928,11.664604982227026
U0017,2018-09,Other,246.47,34518.7,44069.77,0.5592722630501589,0.7140187782274536
U0017,2018-09,Shopping,6102.1900000000005,34518.7,44069.77,13.84665724372966,17.677925298461417
U0017,2018-09,Subscription,179.46,34518.7,44069.77,0.4072179183145272,0.5198921164470273
U0017,2018-10,Bills,34328.35,46143.0,,,74.39557462670395
U0017,2018-10,Food,3437.4700000000003,46143.0,,,7.449602323212622
U0017,2018-10,Groceries,2273.23,46143.0,,,4.92648939167371
U0017,2018-10,Miscellaneous,2566.01,46143.0,,,5.560995167197625
U0017,2018-10,Other,3537.94,46143.0,,,7.667338491212101
U0017,2018-11,Bills,12064.42,50175.8,1641.06,735.1602013332847,24.04430024035491
U0017,2018-11,Food,8411.31,50175.8,1641.06,512.5534715366897,16.76367890497012
U0017,2018-11,Fuel,3556.06,50175.8,1641.06,216.6928692430502,7.087201399878028
U0017,2018-11,Groceries,3225.39,50175.8,1641.06,196.54308800409493,6.428178524308531
U0017,2018-11,Miscellaneous,515.27,50175.8,1641.06,31.39860821664047,1.0269293165231046
U0017,2018-11,Other,1116.89,50175.8,1641.06,68.05905938844407,2.225953547327596
U0017,2018-11,Shopping,21286.46,50175.8,1641.06,1297.116497873326,42.423758066637696
U0017,2018-12,Bills,2679.42,78940.73000000001,126948.02,2.110643395619719,3.3942174084278167
U0017,2018-12,Entertainment,668.1,78940.73000000001,126948.02,0.5262783933140509,0.8463311651665748
U0017,2018-12,Food,4385.39,78940.73000000001,126948.02,3.4544768795921352,5.555294459526786
U0017,2018-12,Fuel,650.12,78940.73000000001,126948.02,0.5121151160923975,0.8235545832930603
U0017,2018-12,Groceries,7247.68,78940.73000000001,126948.02,5.709171360057447,9.18116668036893
U0017,2018-12,Miscellaneous,3876.94,78940.73000000001,126948.02,3.0539586202289724,4.911203633409521
U0017,2018-12,Other,3671.89,78940.73000000001,126948.02,2.892435817431418,4.6514517917429945
U0017,2018-12,Rent,42382.94,78940.73000000001,126948.02,33.386058325289355,53.68957191047004
U0017,2018-12,Shopping,13378.25,78940.73000000001,126948.02,10.538368381011377,16.947208367594268
U0017,2019-01,Bills,10760.539999999999,36864.659999999996,219058.89,4.912167682398097,29.189310304231746
U0017,2019-01,Food,510.12,36864.659999999996,219058.89,0.23286888744848472,1.3837642880742695
U0017,2019-01,Fuel,10732.24,36864.659999999996,219058.89,4.899248781914306,29.11254301545166
U0017,2019-01,Groceries,1341.68,36864.659999999996,219058.89,0.6124745724768349,3.6394747706882424
U0017,2019-01,Insurance,8405.16,36864.659999999996,219058.89,3.836940833581326,22.800047525190795
U0017,2019-01,Miscellaneous,1940.01,36864.659999999996,219058.89,0.8856111705852248,5.262519714002517
U0017,2019-01,Shopping,3174.91,36864.659999999996,219058.89,1.4493408598938848,8.612340382360777
U0017,2019-02,Bills,27390.4,45112.07,,,60.71634487178266
U0017,2019-02,Food,3664.27,45112.07,,,8.12259335472746
U0017,2019-02,Fuel,10048.86,45112.07,,,22.275324541746812
U0017,2019-02,Other,344.57,45112.07,,,0.7638088875105931
U0017,2019-02,Shopping,3514.97,45112.07,,,7.791639798395418
U0017,2019-02,Subscription,149.0,45112.07,,,0.3302885458370675
U0017,2019-03,Bills,37290.47,115985.79000000001,,,32.15089538123592
U0017,2019-03,Food,3465.3900000000003,115985.79000000001,,,2.987771174382655
U0017,2019-03,Fuel,7173.1,115985.79000000001,,,6.184464493452172
U0017,2019-03,Groceries,4830.49,115985.79000000001,,,4.164725696139156
U0017,2019-03,Insurance,48355.87,115985.79000000001,,,41.691201999831186
U0017,2019-03,Miscellaneous,872.93,115985.79000000001,,,0.7526180577810436
U0017,2019-03,Other,3391.5299999999997,115985.79000000001,,,2.92409095976326
U0017,2019-03,Shopping,10111.92,115985.79000000001,,,8.718240398241887
U0017,2019-03,Subscription,494.09,115985.79000000001,,,0.42599183917271244
U0017,2019-04,Bills,53594.880000000005,64687.4,45024.58,119.03471392737035,82.85211648636366
U0017,2019-04,Food,4853.63,64687.4,45024.58,10.779956192817346,7.5032077344274155
U0017,2019-04,Fuel,3266.91,64687.4,45024.58,7.255836700753232,5.050303459406313
U0017,2019-04,Groceries,1854.26,64687.4,45024.58,4.118328255366291,2.86649332018291
U0017,2019-04,Other,541.72,64687.4,45024.58,1.2031650267476122,0.8374428404913475
U0017,2019-04,Shopping,576.0,64687.4,45024.58,1.2793012172462241,0.8904361591283618
U0017,2019-05,Bills,21036.489999999998,67071.4,33983.8,61.90152366715904,31.36432219992426
U0017,2019-05,Food,989.53,67071.4,33983.8,2.9117697255751267,1.4753382216563244
U0017,2019-05,Fuel,6480.9,67071.4,33983.8,19.07055714781749,9.662687822231234
U0017,2019-05,Groceries,2705.1800000000003,67071.4,33983.8,7.960204568058899,4.033283933241292
U0017,2019-05,Miscellaneous,60.0,67071.4,33983.8,0.1765547113624727,0.08945690711689334
U0017,2019-05,Other,1639.2399999999998,67071.4,33983.8,4.8235924175636615,2.444022340371604
U0017,2019-05,Rent,7920.8,67071.4,33983.8,23.30757596266456,11.809504498191481
U0017,2019-05,Shopping,25708.32,67071.4,33983.8,75.6487502869014,38.32977990618953
U0017,2019-05,Subscription,530.94,67071.4,33983.8,1.562332640846521,0.7916041710773893
U0017,2019-06,Bills,19156.57,67032.69,,,28.577952041011628
U0017,2019-06,Food,4895.5,67032.69,,,7.303153133195162
U0017,2019-06,Fuel,6816.889999999999,67032.69,,,10.169500880838884
U0017,2019-06,Groceries,492.46,67032.69,,,0.7346564788016114
U0017,2019-06,Investment,19026.4,67032.69,,,28.383763205683678
U0017,2019-06,Miscellaneous,2391.09,67032.69,,,3.5670506434994627
U0017,2019-06,Other,1466.75,67032.69,,,2.1881115020149124
U0017,2019-06,Shopping,12302.84,67032.69,,,18.353492900255084
U0017,2019-06,Subscription,484.19,67032.69,,,0.7223192146995742
U0017,2019-07,Bills,7131.5,123044.65000000001,157900.42,4.5164541044286,5.79586353409108
U0017,2019-07,Food,1037.96,123044.65000000001,157900.42,0.6573510064127758,0.8435636982184922
U0017,2019-07,Fuel,1263.43,123044.65000000001,157900.42,0.8001435335004174,1.0268061228180176
U0017,2019-07,Groceries,8268.18,123044.65000000001,157900.42,5.236325527189858,6.719658270392088
U0017,2019-07,Investment,56529.66,123044.65000000001,157900.42,35.80082940881348,45.94239570757445
U0017,2019-07,Miscellaneous,5788.3099999999995,123044.65000000001,157900.42,3.6657977223873117,4.704235413729893
U0017,2019-07,Other,2282.4,123044.65000000001,157900.42,1.4454679727894326,1.8549363991039025
U0017,2019-07,Rent,40743.21,123044.65000000001,157900.42,25.80310426026732,33.11254085407207
U0017,2019-08,Bills,57142.05,131015.76,,,43.61463842212571
U0017,2019-08,Entertainment,183.32,131015.76,,,0.13992209792165464
U0017,2019-08,Food,2217.77,131015.76,,,1.692750551536701
U0017,2019-08,Fuel,4154.02,131015.76,,,3.1706261903148145
U0017,2019-08,Groceries,9796.96,131015.76,,,7.47769581308386
U0017,2019-08,Miscellaneous,9636.11,131015.76,,,7.354924323608092
U0017,2019-08,Other,1442.07,131015.76,,,1.1006843756812157
U0017,2019-08,Rent,44273.13,131015.76,,,33.79221705846686
U0017,2019-08,Shopping,576.09,131015.76,,,0.43971045926077906
U0017,2019-08,Subscription,1594.24,131015.76,,,1.21683070800032
U0017,2019-09,Bills,20994.620000000003,118707.69,62150.48,33.78030225993428,17.68598142209658
U0017,2019-09,Entertainment,1492.31,118707.69,62150.48,2.401123852945303,1.2571300140706974
U0017,2019-09,Food,5114.72,118707.69,62150.48,8.229574413584578,4.308667787234341
U0017,2019-09,Fuel,4827.95,118707.69,62150.48,7.768162047984182,4.067091188447859
U0017,2019-09,Groceries,427.94,118707.69,62150.48,0.6885546177599915,0.3604989702015093
U0017,2019-09,Other,806.54,118707.69,62150.48,1.2977212726273393,0.6794336575835989
U0017,2019-09,Rent,84449.76000000001,118707.69,62150.48,135.8794976321985,71.14093450896063
U0017,2019-09,Shopping,593.85,118707.69,62150.48,0.9555034812281418,0.5002624514047911
U0018,2018-01,Bills,5643.29,37122.61,51984.61,10.855693637020648,15.201759790057864
U0018,2018-01,Entertainment,323.91,37122.61,51984.61,0.6230882563127819,0.872541020149176
U0018,2018-01,Food,2668.08,37122.61,51984.61,5.1324420823778425,7.187210166526545
U0018,2018-01,Fuel,4116.17,37122.61,51984.61,7.918054978194508,11.08804041526175
U0018,2018-01,Groceries,707.1,37122.61,51984.61,1.360210262229533,1.9047690881648678
U0018,2018-01,Miscellaneous,12208.070000000002,37122.61,51984.61,23.484008055461032,32.885807328741166
U0018,2018-01,Other,996.01,37122.61,51984.61,1.9159708998490128,2.683027944425244
U0018,2018-01,Rent,7610.06,37122.61,51984.61,14.639063368947081,20.49979783210286
U0018,2018-01,Shopping,2849.92,37122.61,51984.61,5.48223791618327,7.677046414570528
U0018,2018-02,Bills,49144.33,74393.94,47492.08,103.47900113029374,66.05958764920906
U0018,2018-02,Food,515.13,74393.94,47492.08,1.0846650641538547,0.6924354322408519
U0018,2018-02,Fuel,13630.41,74393.94,47492.08,28.700385411630734,18.321935899617632
U0018,2018-02,Other,657.27,74393.94,47492.08,1.3839570724213384,0.8834993818044857
U0018,2018-02,Shopping,9657.62,74393.94,47492.08,20.335222209682122,12.981729425810759
U0018,2018-02,Subscription,789.18,74393.94,47492.08,1.661708646999668,1.060812211317212
U0018,2018-03,Bills,28608.46,45849.9,,,62.39590489837491
U0018,2018-03,Food,349.15,45849.9,,,0.7615065681713591
U0018,2018-03,Fuel,9259.04,45849.9,,,20.19424251743188
U0018,2018-03,Groceries,833.4,45849.9,,,1.81767026754693
U0018,2018-03,Other,2486.88,45849.9,,,5.423959485189717
U0018,2018-03,Shopping,3773.48,45849.9,,,8.230072475621538
U0018,2018-03,Subscription,539.49,45849.9,,,1.176643787663659
U0018,2018-04,Bills,58956.07,93868.94,,,62.8067921082309
U0018,2018-04,Food,4454.0,93868.94,,,4.744913493217245
U0018,2018-04,Fuel,7543.62,93868.94,,,8.03633235871205
U0018,2018-04,Groceries,8740.35,93868.94,,,9.311226908496037
U0018,2018-04,Miscellaneous,13183.88,93868.94,,,14.044986552527384
U0018,2018-04,Shopping,704.1700000000001,93868.94,,,0.7501629399458437
U0018,2018-04,Subscription,286.85,93868.94,,,0.30558563887053586
U0018,2018-05,Bills,53469.439999999995,179598.0,45517.82,117.46924611064414,29.771734651833537
U0018,2018-05,Food,4792.01,179598.0,45517.82,10.527766927326484,2.6681867281372846
U0018,2018-05,Fuel,2498.61,179598.0,45517.82,5.489300673889918,1.3912237330037083
U0018,2018-05,Groceries,823.98,179598.0,45517.82,1.8102360789686325,0.4587913005712758
U0018,2018-05,Insurance,32318.98,179598.0,45517.82,71.00291709928112,17.99517812002361
U0018,2018-05,Miscellaneous,370.99,179598.0,45517.82,0.8150434269479513,0.20656688827269792
U0018,2018-05,Rent,84299.9,179598.0,45517.82,185.20197144766598,46.93810621499125
U0018,2018-05,Shopping,669.48,179598.0,45517.82,1.4708085756303795,0.37276584371763605
U0018,2018-05,Subscription,354.61,179598.0,45517.82,0.7790575207687891,0.19744651944899164
U0018,2018-06,Bills,34574.06,57104.45,1810.5900000000001,1909.5466118778959,60.54529900909649
U0018,2018-06,Food,5615.18,57104.45,1810.5900000000001,310.1298471768871,9.833174122156855
U0018,2018-06,Fuel,6471.25,57104.45,1810.5900000000001,357.4111201321116,11.332304224977213
U0018,2018-06,Groceries,1622.18,57104.45,1810.5900000000001,89.59399974593917,2.8407243218348133
U0018,2018-06,Other,4785.0,57104.45,1810.5900000000001,264.27849485526815,8.379381992121456
U0018,2018-06,Shopping,4036.78,57104.45,1810.5900000000001,222.9538437746812,7.069116329813177
U0018,2018-07,Bills,46826.130000000005,107345.55,47291.68,99.0155773700575,43.62186415738706
U0018,2018-07,Entertainment,1730.55,107345.55,47291.68,3.659311743630169,1.612130172140345
U0018,2018-07,Food,4177.98,107345.55,47291.68,8.834492663402948,3.8920849536846185
U0018,2018-07,Fuel,3201.0,107345.55,47291.68,6.7686324528965764,2.9819587304736896
U0018,2018-07,Groceries,490.12,107345.55,47291.68,1.036376800316673,0.45658157231482815
U0018,2018-07,Other,1715.8,107345.55,47291.68,3.6281223251108865,1.5983895000770874
U0018,2018-07,Rent,42894.11,107345.55,47291.68,90.70117618997676,39.95890840374845
U0018,2018-07,Shopping,6309.86,107345.55,47291.68,13.342431480547951,5.878082510173919
U0018,2018-08,Bills,11461.55,50845.56,,,22.541889596653082
U0018,2018-08,Food,2991.06,50845.56,,,5.882637540032994
U0018,2018-08,Fuel,2326.44,50845.56,,,4.57550275776292
U0018,2018-08,Groceries,1959.91,50845.56,,,3.8546335215896925
U0018,2018-08,Investment,15938.03,50845.56,,,31.34596216464132
U0018,2018-08,Miscellaneous,3134.37,50845.56,,,6.164491058806314
U0018,2018-08,Other,1580.0,50845.56,,,3.107449303341334
U0018,2018-08,Shopping,11293.34,50845.56,,,22.21106425025115
U0018,2018-08,Subscription,160.86,50845.56,,,0.3163698069211943
U0018,2018-09,Bills,40106.03,89412.44,,,44.855089515508126
U0018,2018-09,Food,8268.77,89412.44,,,9.24789660141251
U0018,2018-09,Fuel,10481.26,89412.44,,,11.722373307338442
U0018,2018-09,Groceries,5514.68,89412.44,,,6.167687628253966
U0018,2018-09,Investment,13850.560000000001,89412.44,,,15.490640899633206
U0018,2018-09,Other,248.78,89412.44,,,0.2782386880393824
U0018,2018-09,Shopping,10942.36,89412.44,,,12.238073359814363
U0018,2018-10,Bills,21907.82,85341.46,,,25.67078182163745
U0018,2018-10,Entertainment,318.83,85341.46,,,0.3735933273229682
U0018,2018-10,Food,862.55,85341.46,,,1.0107045274360198
U0018,2018-10,Groceries,6579.05,85341.46,,,7.709090048377424
U0018,2018-10,Insurance,7996.21,85341.46,,,9.369666279437919
U0018,2018-10,Miscellaneous,8314.1,85341.46,,,9.742158149157513
U0018,2018-10,Other,1527.65,85341.46,,,1.7900443699932014
U0018,2018-10,Shopping,37069.66,85341.46,,,43.43687112922605
U0018,2018-10,Subscription,765.59,85341.46,,,0.8970903474114457
U0018,2018-11,Bills,22503.22,57501.68,,,39.134891363174084
U0018,2018-11,Entertainment,299.15,57501.68,,,0.5202456693439218
U0018,2018-11,Food,4468.36,57501.68,,,7.770833826072559
U0018,2018-11,Fuel,2118.4,57501.68,,,3.6840662742375527
U0018,2018-11,Groceries,578.17,57501.68,,,1.0054836658685449
U0018,2018-11,Other,107.68,57501.68,,,0.18726409384908407
U0018,2018-11,Rent,8298.96,57501.68,,,14.432552231517409
U0018,2018-11,Shopping,19127.74,57501.68,,,33.26466287593684
U0018,2018-12,Bills,34999.35,85206.78,,,41.075780589291135
U0018,2018-12,Food,2658.4700000000003,85206.78,,,3.120021669637088
U0018,2018-12,Fuel,2801.77,85206.78,,,3.2882007746331925
U0018,2018-12,Groceries,4137.91,85206.78,,,4.8563154246645635
U0018,2018-12,Other,61.72,85206.78,,,0.07243555031653584
U0018,2018-12,Rent,39965.41,85206.78,,,46.90402571250786
U0018,2018-12,Shopping,582.15,85206.78,,,0.6832202789496329
U0018,2019-01,Bills,2024.6,29026.45,,,6.97501761324585
U0018,2019-01,Food,354.1,29026.45,,,1.2199218299171963
U0018,2019-01,Fuel,594.64,29026.45,,,2.0486142811125716
U0018,2019-01,Groceries,2913.95,29026.45,,,10.03894723605539
U0018,2019-01,Miscellaneous,2612.97,29026.45,,,9.002030906294085
U0018,2019-01,Other,495.39,29026.45,,,1.706684765102174
U0018,2019-01,Rent,8178.67,29026.45,,,28.176611332078156
U0018,2019-01,Shopping,11553.39,29026.45,,,39.802972805837435
U0018,2019-01,Subscription,298.74,29026.45,,,1.0291992303571398
U0018,2019-02,Bills,48197.72,56215.05,41103.99,117.25800828581363,85.73810749968203
U0018,2019-02,Food,5638.92,56215.05,41103.99,13.71866818768689,10.030979248439696
U0018,2019-02,Groceries,440.64,56215.05,41103.99,1.0720127170136038,0.7838470302881524
U0018,2019-02,Other,599.61,56215.05,41103.99,1.458763492303302,1.0666360698780841
U0018,2019-02,Shopping,1338.16,56215.05,41103.99,3.2555476974376454,2.3804301517120416
U0018,2019-03,Food,933.1400000000001,20649.96,88185.85,1.0581516195625489,4.518846525610704
U0018,2019-03,Groceries,3709.2599999999998,20649.96,88185.85,4.206185005871123,17.96255295409773
U0018,2019-03,Shopping,16007.56,20649.96,88185.85,18.152073150057518,77.51860052029157
U0018,2019-04,Bills,38225.32,59749.92,,,63.975516619938574
U0018,2019-04,Entertainment,524.9100000000001,59749.92,,,0.878511636500936
U0018,2019-04,Food,1752.47,59749.92,,,2.9330081111405675
U0018,2019-04,Fuel,4182.5,59749.92,,,7.0000093723974866
U0018,2019-04,Groceries,815.5,59749.92,,,1.3648553839067903
U0018,2019-04,Insurance,8536.28,59749.92,,,14.286680216475606
U0018,2019-04,Miscellaneous,2634.58,59749.92,,,4.409344815859168
U0018,2019-04,Other,2228.36,59749.92,,,3.7294777967903556
U0018,2019-04,Subscription,850.0,59749.92,,,1.4225960469905232
U0018,2019-05,Bills,31016.350000000002,52188.770000000004,,,59.43108067118654
U0018,2019-05,Food,4607.07,52188.770000000004,,,8.827703737796464
U0018,2019-05,Fuel,4463.25,52188.770000000004,,,8.55212721050908
U0018,2019-05,Groceries,3738.47,52188.770000000004,,,7.16336100659203
U0018,2019-05,Rent,8214.63,52188.770000000004,,,15.740225339665983
U0018,2019-05,Subscription,149.0,52188.770000000004,,,0.28550203424989706
U0018,2019-06,Bills,5971.03,57358.369999999995,,,10.410041289527578
U0018,2019-06,Food,1388.79,57358.369999999995,,,2.421250813089703
U0018,2019-06,Fuel,3269.48,57358.369999999995,,,5.700092244601791
U0018,2019-06,Groceries,1265.11,57358.369999999995,,,2.205624044058435
U0018,2019-06,Insurance,41214.75,57358.369999999995,,,71.8548138658752
U0018,2019-06,Miscellaneous,692.48,57358.369999999995,,,1.20728674821129
U0018,2019-06,Other,1390.2,57358.369999999995,,,2.423709041941046
U0018,2019-06,Shopping,2166.53,57358.369999999995,,,3.777181952694961
U0018,2019-07,Bills,42914.78,82109.73,42295.15,101.4650143101514,52.265157856444056
U0018,2019-07,Food,1833.18,82109.73,42295.15,4.334255818929593,2.23259776886369
U0018,2019-07,Fuel,2005.49,82109.73,42295.15,4.741654776020418,2.44245109562533
U0018,2019-07,Groceries,1541.68,82109.73,42295.15,3.645051501176849,1.8775850316399774
U0018,2019-07,Insurance,23781.9,82109.73,42295.15,56.2284328108542,28.963558886382895
U0018,2019-07,Other,7960.32,82109.73,42295.15,18.820881354008673,9.694734107638645
U0018,2019-07,Subscription,2072.38,82109.73,42295.15,4.899805296824813,2.523915253405413
U0018,2019-08,Bills,29891.08,45882.39,102346.92,29.205646833339006,65.14717302215513
U0018,2019-08,Food,2536.76,45882.39,102346.92,2.478589487597673,5.52883143184128
U0018,2019-08,Fuel,3208.1,45882.39,102346.92,3.134534971838918,6.992007173122411
U0018,2019-08,Groceries,6496.26,45882.39,102346.92,6.347294085645176,14.158503948900659
U0018,2019-08,Shopping,3750.19,45882.39,102346.92,3.6641942913377363,8.17348442398053
U0018,2019-09,Bills,14560.64,53655.37,,,27.137339654912452
U0018,2019-09,Entertainment,216.75,53655.37,,,0.4039670213810844
U0018,2019-09,Food,5492.15,53655.37,,,10.235974516623404
U0018,2019-09,Groceries,8029.98,53655.37,,,14.965845916261502
U0018,2019-09,Insurance,23007.74,53655.37,,,42.880591448721724
U0018,2019-09,Other,2348.11,53655.37,,,4.376281442099831
U0019,2018-01,Bills,14791.78,105873.4,38749.41,38.172916697312296,13.971195786665962
U0019,2018-01,Entertainment,313.18,105873.4,38749.41,0.8082187573952739,0.29580612316219185
U0019,2018-01,Food,2488.48,105873.4,38749.41,6.4219816508173935,2.3504298530131273
U0019,2018-01,Fuel,1576.68,105873.4,38749.41,4.068913565393641,1.489212587864374
U0019,2018-01,Groceries,1722.01,105873.4,38749.41,4.4439644371359455,1.6264803057236286
U0019,2018-01,Insurance,40473.78,105873.4,38749.41,104.45005485244808,38.22846909610913
U0019,2018-01,Investment,41358.08,105873.4,38749.41,106.73215411537878,39.063711942754274
U0019,2018-01,Other,3149.41,105873.4,38749.41,8.127633427192826,2.97469430470732
U0019,2018-02,Bills,17243.239999999998,94470.58,,,18.252497232471736
U0019,2018-02,Entertainment,1664.49,94470.58,,,1.7619136031556066
U0019,2018-02,Food,1095.73,94470.58,,,1.159863737472555
U0019,2018-02,Fuel,6273.870000000001,94470.58,,,6.6410833933696605
U0019,2018-02,Groceries,1143.02,94470.58,,,1.2099216496818375
U0019,2018-02,Insurance,64863.64,94470.58,,,68.66014795293943
U0019,2018-02,Other,2186.59,94470.58,,,2.314572430909178
U0019,2018-03,Bills,21613.74,70923.39,,,30.474770030028175
U0019,2018-03,Entertainment,1628.17,70923.39,,,2.295674247945565
U0019,2018-03,Food,966.7,70923.39,,,1.3630200135667514
U0019,2018-03,Groceries,12067.85,70923.39,,,17.015331613449387
U0019,2018-03,Insurance,7990.0,70923.39,,,11.26567695086205
U0019,2018-03,Other,63.11,70923.39,,,0.08898333821888661
U0019,2018-03,Rent,24343.91,70923.39,,,34.32423351450065
U0019,2018-03,Shopping,1458.35,70923.39,,,2.0562327886470175
U0019,2018-03,Subscription,791.56,70923.39,,,1.1160775027815224
U0019,2018-04,Bills,8941.54,27445.65,37667.92,23.737811909975388,32.57907901616468
U0019,2018-04,Entertainment,1075.24,27445.65,37667.92,2.8545244866188524,3.9177064489272433
U0019,2018-04,Food,4400.6,27445.65,37667.92,11.682620118127044,16.03387057694024
U0019,2018-04,Fuel,6464.83,27445.65,37667.92,17.162694409460357,23.555026024160476
U0019,2018-04,Groceries,6563.44,27445.65,37667.92,17.424482158823743,23.914317933807357
U0019,2018-05,Bills,36961.94,80846.87,,,45.71845514860378
U0019,2018-05,Entertainment,491.08,80846.87,,,0.6074199285637156
U0019,2018-05,Food,3706.5299999999997,80846.87,,,4.584630178014313
U0019,2018-05,Fuel,7378.870000000001,80846.87,,,9.126970530831931
U0019,2018-05,Groceries,2728.5499999999997,80846.87,,,3.3749605890741345
U0019,2018-05,Miscellaneous,8404.98,80846.87,,,10.396172418301413
U0019,2018-05,Other,3700.1,80846.87,,,4.57667687073105
U0019,2018-05,Rent,8065.67,80846.87,,,9.976477753560529
U0019,2018-05,Shopping,9260.15,80846.87,,,11.453937548850067
U0019,2018-05,Subscription,149.0,80846.87,,,0.18429903346907556
U0019,2018-06,Bills,24786.56,105490.53,,,23.49647878345099
U0019,2018-06,Entertainment,3450.51,105490.53,,,3.270919200045729
U0019,2018-06,Food,1932.25,105490.53,,,1.8316810049205365
U0019,2018-06,Fuel,12273.77,105490.53,,,11.634949601637228
U0019,2018-06,Groceries,4908.25,105490.53,,,4.652787316548699
U0019,2018-06,Insurance,18171.0,105490.53,,,17.225242872511874
U0019,2018-06,Miscellaneous,2458.3900000000003,105490.53,,,2.3304366752162498
U0019,2018-06,Other,493.72,105490.53,,,0.4680230538229356
U0019,2018-06,Rent,37016.08,105490.53,,,35.08948149184577
U0019,2018-07,Bills,26600.09,50960.42,,,52.197548607330944
U0019,2018-07,Food,3817.45,50960.42,,,7.491009689480581
U0019,2018-07,Fuel,7472.26,50960.42,,,14.662869733020253
U0019,2018-07,Groceries,5324.7,50960.42,,,10.44869724386102
U0019,2018-07,Other,587.42,50960.42,,,1.1526985060170227
U0019,2018-07,Shopping,7009.5,50960.42,,,13.754792444803243
U0019,2018-07,Subscription,149.0,50960.42,,,0.2923837754869367
U0019,2018-08,Bills,39188.81,106518.20999999999,,,36.790714000920595
U0019,2018-08,Entertainment,1701.05,106518.20999999999,,,1.596956989795454
U0019,2018-08,Food,1385.69,106518.20999999999,,,1.3008949361803959
U0019,2018-08,Fuel,5244.92,106518.20999999999,,,4.923965582974029
U0019,2018-08,Groceries,6585.66,106518.20999999999,,,6.182661161880208
U0019,2018-08,Insurance,38529.81,106518.20999999999,,,36.17204044266234
U0019,2018-08,Other,1657.85,106518.20999999999,,,1.5564005440947608
U0019,2018-08,Shopping,11743.7,106518.20999999999,,,11.0250632262784
U0019,2018-08,Subscription,480.72,106518.20999999999,,,0.45130311521382127
U0019,2018-09,Bills,39036.09,106663.03,50121.77,77.88250494745098,36.59758212381553
U0019,2018-09,Food,2987.4300000000003,106663.03,50121.77,5.960344177789413,2.8008111151539574
U0019,2018-09,Fuel,3736.29,106663.03,50121.77,7.454425492156402,3.502891301700317
U0019,2018-09,Groceries,6893.42,106663.03,50121.77,13.753345103335338,6.462801591141748
U0019,2018-09,Other,1653.18,106663.03,50121.77,3.298327253806081,1.5499090922131127
U0019,2018-09,Rent,46991.86,106663.03,50121.77,93.75538812775368,44.056370796891855
U0019,2018-09,Shopping,4899.36,106663.03,50121.77,9.77491417402059,4.593306603046997
U0019,2018-09,Subscription,465.4,106663.03,50121.77,0.9285386370034417,0.43632737603647676
U0019,2018-10,Bills,19199.34,39447.04,,,48.671180397819455
U0019,2018-10,Food,1270.33,39447.04,,,3.2203430219352325
U0019,2018-10,Fuel,7114.42,39447.04,,,18.035370968265298
U0019,2018-10,Groceries,864.98,39447.04,,,2.192762752287624
U0019,2018-10,Miscellaneous,150.66,39447.04,,,0.3819297975209293
U0019,2018-10,Shopping,10847.31,39447.04,,,27.498413062171455
U0019,2018-11,Bills,21346.92,56651.23,,,37.68130012358072
U0019,2018-11,Entertainment,397.65,56651.23,,,0.7019265071561552
U0019,2018-11,Food,1241.25,56651.23,,,2.1910380410098775
U0019,2018-11,Fuel,3687.86,56651.23,,,6.50976157093147
U0019,2018-11,Groceries,10733.5,56651.23,,,18.94663187365923
U0019,2018-11,Insurance,16971.6,56651.23,,,29.95804327637723
U0019,2018-11,Other,1573.03,56651.23,,,2.776691697603035
U0019,2018-11,Subscription,699.4200000000001,56651.23,,,1.234606909682279
U0019,2018-12,Bills,42728.25,121555.34,,,35.1512734858049
U0019,2018-12,Food,8042.62,121555.34,,,6.6164267238280114
U0019,2018-12,Fuel,6284.799999999999,121555.34,,,5.170319954680724
U0019,2018-12,Groceries,1901.77,121555.34,,,1.5645301966988865
U0019,2018-12,Miscellaneous,13230.61,121555.34,,,10.884433378245664
U0019,2018-12,Other,591.76,121555.34,,,0.4868235323927357
U0019,2018-12,Rent,43815.95,121555.34,,,36.046092257238556
U0019,2018-12,Shopping,4959.58,121555.34,,,4.080100471110525
U0019,2019-01,Bills,15406.32,28359.17,47629.13,32.34642329179643,54.32570840401888
U0019,2019-01,Food,2684.7,28359.17,47629.13,5.636676546474815,9.466779175836246
U0019,2019-01,Fuel,2864.57,28359.17,47629.13,6.014323587266868,10.101036102255462
U0019,2019-01,Groceries,2257.6,28359.17,47629.13,4.739956409029516,7.960740741001941
U0019,2019-01,Miscellaneous,4640.69,28359.17,47629.13,9.743386032875259,16.363983854252435
U0019,2019-01,Shopping,505.29,28359.17,47629.13,1.060884378950445,1.781751722635042
U0019,2019-02,Bills,2636.98,14084.32,,,18.722806638872164
U0019,2019-02,Entertainment,383.96,14084.32,,,2.7261522033012597
U0019,2019-02,Food,695.29,14084.32,,,4.936624558374135
U0019,2019-02,Groceries,2602.15,14084.32,,,18.475510354777512
U0019,2019-02,Miscellaneous,1834.78,14084.32,,,13.02711100003408
U0019,2019-02,Other,1507.14,14084.32,,,10.700836107103504
U0019,2019-02,Shopping,4424.0199999999995,14084.32,,,31.410959137537343
U0019,2019-03,Bills,38939.61,138488.62,,,28.117552185876356
U0019,2019-03,Food,3147.07,138488.62,,,2.272439424986689
U0019,2019-03,Fuel,2785.17,138488.62,,,2.0111183142701545
U0019,2019-03,Groceries,3595.5699999999997,138488.62,,,2.5962927495414423
U0019,2019-03,Investment,35059.0,138488.62,,,25.31543747060228
U0019,2019-03,Other,3574.77,138488.62,,,2.5812734649244105
U0019,2019-03,Rent,50731.740000000005,138488.62,,,36.63242510467647
U0019,2019-03,Subscription,655.69,138488.62,,,0.4734612851222
U0019,2019-04,Bills,40030.189999999995,76405.35,,,52.391867846950504
U0019,2019-04,Entertainment,554.2,76405.35,,,0.7253418772376541
U0019,2019-04,Food,1102.62,76405.35,,,1.4431188391912344
U0019,2019-04,Groceries,3568.9900000000002,76405.35,,,4.6711257784958775
U0019,2019-04,Insurance,8351.92,76405.35,,,10.931066999889405
U0019,2019-04,Other,4951.4,76405.35,,,6.4804362521734395
U0019,2019-04,Rent,8043.07,76405.35,,,10.526841379563079
U0019,2019-04,Shopping,9653.96,76405.35,,,12.635188504469907
U0019,2019-04,Subscription,149.0,76405.35,,,0.19501252202888933
U0019,2019-05,Bills,2833.92,23777.08,,,11.918704904050454
U0019,2019-05,Food,3693.25,23777.08,,,15.532815635898098
U0019,2019-05,Fuel,3300.86,23777.08,,,13.882528889165533
U0019,2019-05,Groceries,1228.74,23777.08,,,5.167749782563712
U0019,2019-05,Miscellaneous,650.05,23777.08,,,2.733935369692157
U0019,2019-05,Rent,8289.52,23777.08,,,34.86349038654031
U0019,2019-05,Shopping,3425.26,23777.08,,,14.405721812770956
U0019,2019-05,Subscription,355.48,23777.08,,,1.4950532193187724
U0019,2019-06,Bills,16410.1,61346.17,35672.4,46.00223141700586,26.749999225705533
U0019,2019-06,Food,4304.55,61346.17,35672.4,12.06689205099741,7.016819468925281
U0019,2019-06,Fuel,7840.09,61346.17,35672.4,21.978027831040244,12.780080647251491
U0019,2019-06,Groceries,4034.22,61346.17,35672.4,11.309079288189187,6.5761562620779745
U0019,2019-06,Insurance,8348.61,61346.17,35672.4,23.403555690113365,13.609015852171375
U0019,2019-06,Miscellaneous,17989.53,61346.17,35672.4,50.42982810239849,29.324617983486174
U0019,2019-06,Shopping,2419.07,61346.17,35672.4,6.781349166302239,3.9433105603821725
U0019,2019-07,Bills,3797.69,15721.34,,,24.156274210722493
U0019,2019-07,Food,2309.78,15721.34,,,14.69200462555991
U0019,2019-07,Groceries,5438.530000000001,15721.34,,,34.59329802675853
U0019,2019-07,Other,105.98,15721.34,,,0.6741155652126346
U0019,2019-07,Shopping,2693.4,15721.34,,,17.13212741407539
U0019,2019-07,Subscription,1375.96,15721.34,,,8.752180157671038
U0019,2019-08,Bills,4553.32,30508.09,168520.08,2.701945073845206,14.92495924851408
U0019,2019-08,Food,116.0,30508.09,168520.08,0.06883452701897602,0.380227015194986
U0019,2019-08,Groceries,300.0,30508.09,168520.08,0.17802032849735178,0.9833457289525499
U0019,2019-08,Insurance,8330.25,30508.09,168520.08,4.9431794715502155,27.305052528689934
U0019,2019-08,Miscellaneous,570.6,30508.09,168520.08,0.3385946648019631,1.87032357646775
U0019,2019-08,Other,61.47,30508.09,168520.08,0.036476365309107375,0.20148753986237747
U0019,2019-08,Rent,7665.2,30508.09,168520.08,4.548538073326336,25.12513893855695
U0019,2019-08,Shopping,8911.25,30508.09,168520.08,5.287945507740087,29.209465423761372
U0019,2019-09,Bills,34315.56,100471.8,,,34.15441944903943
U0019,2019-09,Fuel,8205.710000000001,100471.8,,,8.167177257698182
U0019,2019-09,Groceries,2748.95,100471.8,,,2.7360413568782485
U0019,2019-09,Insurance,8076.08,100471.8,,,8.038155980085953
U0019,2019-09,Miscellaneous,695.28,100471.8,,,0.6920150728861233
U0019,2019-09,Other,257.07,100471.8,,,0.25586283912500823
U0019,2019-09,Rent,45597.149999999994,100471.8,,,45.383032851008934
U0019,2019-09,Shopping,576.0,100471.8,,,0.5732951932781138
U0019,2019-10,Shopping,27919.3,27919.3,,,100.0
U0019,2019-11,Shopping,46249.96,46249.96,,,100.0
U0020,2018-01,Bills,37115.96,51608.76,43271.2,85.77520383072344,71.91794571309211
U0020,2018-01,Food,3888.34,51608.76,43271.2,8.985976815988463,7.534263563007521
U0020,2018-01,Fuel,8329.64,51608.76,43271.2,19.249847473608312,16.139973136343517
U0020,2018-01,Miscellaneous,2146.94,51608.76,43271.2,4.961591081365897,4.160030196424018
U0020,2018-01,Other,127.88,51608.76,43271.2,0.29553143892473516,0.2477873911328232
U0020,2018-02,Bills,9758.11,18898.89,84650.06,11.527587812696176,51.633244068831566
U0020,2018-02,Entertainment,301.82,18898.89,84650.06,0.3565502493441824,1.5970250104635775
U0020,2018-02,Food,2401.77,18898.89,84650.06,2.837292731983888,12.708524151418418
U0020,2018-02,Groceries,3422.2200000000003,18898.89,84650.06,4.042785084854046,18.10804761549488
U0020,2018-02,Other,642.48,18898.89,84650.06,0.758983514010504,3.3995647363416586
U0020,2018-02,Shopping,1358.66,18898.89,84650.06,1.6050313490622452,7.189099465629993
U0020,2018-02,Subscription,1013.83,18898.89,84650.06,1.1976719213193705,5.364494951819922
U0020,2018-03,Bills,23908.84,77359.76,,,30.90604210767976
U0020,2018-03,Food,4479.389999999999,77359.76,,,5.790335957608969
U0020,2018-03,Fuel,3414.33,77359.76,,,4.413573671893502
U0020,2018-03,Groceries,1265.98,77359.76,,,1.6364838774060315
U0020,2018-03,Insurance,32438.82,77359.76,,,41.93242067969187
U0020,2018-03,Miscellaneous,850.8,77359.76,,,1.0997965867525958
U0020,2018-03,Rent,9992.57,77359.76,,,12.917012669118932
U0020,2018-03,Subscription,1009.03,77359.76,,,1.304334449848345
U0020,2018-04,Bills,3159.46,26407.98,,,11.964035113628531
U0020,2018-04,Food,6697.0199999999995,26407.98,,,25.35983441368859
U0020,2018-04,Fuel,3472.43,26407.98,,,13.149169304127009
U0020,2018-04,Groceries,10006.810000000001,26407.98,,,37.89312927380285
U0020,2018-04,Other,1310.98,26407.98,,,4.964332750933619
U0020,2018-04,Shopping,1268.58,26407.98,,,4.803775222489565
U0020,2018-04,Subscription,492.70000000000005,26407.98,,,1.8657239213298407
U0020,2018-05,Bills,31075.440000000002,100947.19,45843.78,67.7855098336132,30.783858371887323
U0020,2018-05,Entertainment,313.35,100947.19,45843.78,0.6835169351218421,0.31040982913937476
U0020,2018-05,Food,2251.47,100947.19,45843.78,4.9111787902306485,2.230344400869405
U0020,2018-05,Fuel,3337.03,100947.19,45843.78,7.279133614200226,3.3057185643305176
U0020,2018-05,Insurance,26083.98,100947.19,45843.78,56.8975333185876,25.83923336548546
U0020,2018-05,Other,1184.6,100947.19,45843.78,2.583992855737463,1.1734848686724217
U0020,2018-05,Rent,36701.32,100947.19,45843.78,80.05736001699685,36.3569505996155
U0020,2018-06,Bills,6404.73,24980.07,,,25.639359697550884
U0020,2018-06,Entertainment,303.76,24980.07,,,1.216009402695829
U0020,2018-06,Food,2335.75,24980.07,,,9.35045418207395
U0020,2018-06,Fuel,3873.07,24980.07,,,15.50464029924656
U0020,2018-06,Groceries,484.11,24980.07,,,1.9379849616113967
U0020,2018-06,Insurance,8595.67,24980.07,,,34.41011174107999
U0020,2018-06,Miscellaneous,1086.31,24980.07,,,4.348706789052232
U0020,2018-06,Shopping,848.76,24980.07,,,3.397748685251883
U0020,2018-06,Subscription,1047.91,24980.07,,,4.1949842414372736
U0020,2018-07,Bills,52041.97,73021.8,52762.45,98.63448342523898,71.26908676586991
U0020,2018-07,Food,4308.52,73021.8,52762.45,8.165883123319711,5.900320178357696
U0020,2018-07,Groceries,1707.88,73021.8,52762.45,3.236923228546059,2.3388631888011524
U0020,2018-07,Miscellaneous,7994.76,73021.8,52762.45,15.152366882129243,10.94845648833636
U0020,2018-07,Shopping,6436.47,73021.8,52762.45,12.198959676815615,8.814449931390351
U0020,2018-07,Subscription,532.2,73021.8,52762.45,1.00867188691958,0.7288234472445215
U0020,2018-08,Bills,39221.26,64565.47,,,60.74649499182768
U0020,2018-08,Food,2572.71,64565.47,,,3.9846530970811487
U0020,2018-08,Fuel,3594.37,64565.47,,,5.567015929722187
U0020,2018-08,Groceries,8136.99,64565.47,,,12.602696147027196
U0020,2018-08,Other,105.08,64565.47,,,0.1627495315994757
U0020,2018-08,Rent,8171.27,64565.47,,,12.655789541995125
U0020,2018-08,Shopping,2763.79,64565.47,,,4.280600760747192
U0020,2018-09,Bills,11380.52,29602.88,,,38.44396220908236
U0020,2018-09,Food,3779.97,29602.88,,,12.768926536877492
U0020,2018-09,Fuel,2156.12,29602.88,,,7.28348052621907
U0020,2018-09,Groceries,3657.42,29602.88,,,12.354946545741495
U0020,2018-09,Insurance,8064.82,29602.88,,,27.24336280794301
U0020,2018-09,Other,564.03,29602.88,,,1.9053213741365704
U0020,2018-10,Bills,28335.65,84275.97,,,33.622454894319226
U0020,2018-10,Entertainment,429.07,84275.97,,,0.5091249617180318
U0020,2018-10,Food,5440.66,84275.97,,,6.455766691264425
U0020,2018-10,Groceries,1147.5,84275.97,,,1.361598092552361
U0020,2018-10,Insurance,8691.83,84275.97,,,10.313533027267441
U0020,2018-10,Other,2115.06,84275.97,,,2.5096833652582107
U0020,2018-10,Rent,36629.5,84275.97,,,43.463753665487324
U0020,2018-10,Shopping,1001.89,84275.97,,,1.1888204905858692
U0020,2018-10,Subscription,484.81,84275.97,,,0.5752648115471113
U0020,2018-11,Bills,48999.799999999996,57703.049999999996,,,84.91717508866515
U0020,2018-11,Entertainment,1150.27,57703.049999999996,,,1.9934301566381676
U0020,2018-11,Food,4230.73,57703.049999999996,,,7.33190013352847
U0020,2018-11,Groceries,1633.4899999999998,57703.049999999996,,,2.8308555613611412
U0020,2018-11,Miscellaneous,981.6700000000001,57703.049999999996,,,1.7012445615959646
U0020,2018-11,Other,57.16,57703.049999999996,,,0.0990588885682819
U0020,2018-11,Shopping,340.03,57703.049999999996,,,0.5892756102147113
U0020,2018-11,Subscription,309.9,57703.049999999996,,,0.5370599994281064
U0020,2018-12,Bills,21362.27,75974.06999999999,178225.78,11.986071824177175,28.117843364189916
U0020,2018-12,Food,2521.04,75974.06999999999,178225.78,1.414520390933343,3.3182900429054287
U0020,2018-12,Fuel,2129.38,75974.06999999999,178225.78,1.1947654261914298,2.802772051043205
U0020,2018-12,Groceries,4109.39,75974.06999999999,178225.78,2.3057214281794702,5.40893754935072
U0020,2018-12,Other,1541.36,75974.06999999999,178225.78,0.8648356034688135,2.0287974568165166
U0020,2018-12,Rent,44310.63,75974.06999999999,178225.78,24.862076631113634,58.323359535694216
U0020,2019-01,Bills,30887.21,47309.41,,,65.28766687219307
U0020,2019-01,Entertainment,547.9,47309.41,,,1.1581205514928214
U0020,2019-01,Food,3425.45,47309.41,,,7.2405257220497985
U0020,2019-01,Groceries,2396.44,47309.41,,,5.065461606898078
U0020,2019-01,Insurance,8829.58,47309.41,,,18.66347519446977
U0020,2019-01,Other,593.0,47309.41,,,1.2534504234992572
U0020,2019-01,Shopping,629.8299999999999,47309.41,,,1.331299629397196
U0020,2019-02,Bills,6053.389999999999,21954.440000000002,,,27.572509250976108
U0020,2019-02,Entertainment,200.42,21954.440000000002,,,0.9128905132629208
U0020,2019-02,Food,116.0,21954.440000000002,,,0.5283669271454885
U0020,2019-02,Groceries,998.68,21954.440000000002,,,4.548874851738417
U0020,2019-02,Shopping,14283.02,21954.440000000002,,,65.05754644618582
U0020,2019-02,Subscription,302.93,21954.440000000002,,,1.3798120106912313
U0020,2019-03,Bills,31661.989999999998,55094.49,,,57.46852362187217
U0020,2019-03,Entertainment,1990.41,55094.49,,,3.612720618704339
U0020,2019-03,Food,4196.17,55094.49,,,7.616315170537018
U0020,2019-03,Groceries,697.43,55094.49,,,1.265879764019959
U0020,2019-03,Other,2866.59,55094.49,,,5.203042990324441
U0020,2019-03,Shopping,13070.91,55094.49,,,23.72453216283516
U0020,2019-03,Subscription,610.99,55094.49,,,1.1089856717069166
U0020,2019-04,Bills,30894.960000000003,68618.51,,,45.024236171843434
U0020,2019-04,Food,2516.0,68618.51,,,3.6666491300962383
U0020,2019-04,Fuel,2740.09,68618.51,,,3.9932228199067574
U0020,2019-04,Groceries,3731.04,68618.51,,,5.43736668138087
U0020,2019-04,Investment,20762.03,68618.51,,,30.257185706888713
U0020,2019-04,Miscellaneous,3485.28,68618.51,,,5.07921259147131
U0020,2019-04,Other,2237.96,68618.51,,,3.2614523399007065
U0020,2019-04,Shopping,1007.05,68618.51,,,1.4676069183081941
U0020,2019-04,Subscription,1244.1,68618.51,,,1.8130676402037877
U0020,2019-05,Bills,7277.49,44534.24,,,16.341336463808524
U0020,2019-05,Entertainment,432.85,44534.24,,,0.9719487746956051
U0020,2019-05,Food,1642.13,44534.24,,,3.6873425930250523
U0020,2019-05,Fuel,8938.6,44534.24,,,20.071297949622586
U0020,2019-05,Groceries,2496.34,44534.24,,,5.605439769489724
U0020,2019-05,Insurance,8444.78,44534.24,,,18.962443279597903
U0020,2019-05,Shopping,15302.050000000001,44534.24,,,34.36019116976062
U0020,2019-06,Bills,61034.11,73090.27,,,83.5051095036316
U0020,2019-06,Food,2400.0400000000004,73090.27,,,3.283665527572959
U0020,2019-06,Fuel,2908.65,73090.27,,,3.979531064805206
U0020,2019-06,Groceries,300.0,73090.27,,,0.410451350090785
U0020,2019-06,Miscellaneous,3342.03,73090.27,,,4.572469085146354
U0020,2019-06,Other,1601.14,73090.27,,,2.1906335822811984
U0020,2019-06,Shopping,1504.3,73090.27,,,2.0581398864718925
U0020,2019-07,Bills,6388.0599999999995,15149.32,,,42.16730519917725
U0020,2019-07,Entertainment,1562.43,15149.32,,,10.313532224548695
U0020,2019-07,Food,684.71,15149.32,,,4.519740820050009
U0020,2019-07,Fuel,3653.03,15149.32,,,24.1134915626576
U0020,2019-07,Groceries,651.86,15149.32,,,4.302899404065661
U0020,2019-07,Other,2209.23,15149.32,,,14.583030789500784
U0020,2019-08,Bills,7477.42,32446.329999999998,,,23.04550314319062
U0020,2019-08,Food,3326.04,32446.329999999998,,,10.250897405037797
U0020,2019-08,Fuel,11507.68,32446.329999999998,,,35.46681550733165
U0020,2019-08,Groceries,9089.74,32446.329999999998,,,28.01469380358272
U0020,2019-08,Miscellaneous,60.0,32446.329999999998,,,0.18492075991337079
U0020,2019-08,Shopping,288.0,32446.329999999998,,,0.8876196475841798
U0020,2019-08,Subscription,697.45,32446.329999999998,,,2.1495497333596747
U0020,2019-09,Bills,42351.97,58049.77,73911.72,57.300750138137765,72.95803239185962
U0020,2019-09,Entertainment,1449.4,58049.77,73911.72,1.9609880543978682,2.496822984828364
U0020,2019-09,Food,3343.21,58049.77,73911.72,4.523247463325167,5.7592131717317745
U0020,2019-09,Groceries,520.69,58049.77,73911.72,0.7044755554328868,0.8969716848145997
U0020,2019-09,Miscellaneous,5389.94,58049.77,73911.72,7.29240234160428,9.285032481610177
U0020,2019-09,Other,2889.5,58049.77,73911.72,3.909393530552394,4.977625234346321
U0020,2019-09,Shopping,2105.06,58049.77,73911.72,2.848073350207518,3.626302050809159
U0020,2019-10,Shopping,18914.0,18914.0,,,100.0
